inference_status,q,k,cell,schedule,seed,phase,phase_step,global_step,rho_y
exploratory_post_hoc_boundary_specific,0.75,4,responsive,high_high,37,boundary,0,64,0.0
exploratory_post_hoc_boundary_specific,0.75,4,responsive,high_high,37,phase_b,1,65,0.0
exploratory_post_hoc_boundary_specific,0.75,4,responsive,high_high,37,phase_b,2,66,0.0
exploratory_post_hoc_boundary_specific,0.75,4,responsive,high_high,37,phase_b,4,68,0.0
exploratory_post_hoc_boundary_specific,0.75,4,responsive,high_high,37,phase_b,8,72,0.0
exploratory_post_hoc_boundary_specific,0.75,4,responsive,high_high,37,phase_b,16,80,0.0
exploratory_post_hoc_boundary_specific,0.75,4,responsive,high_high,37,phase_b,32,96,0.0024
exploratory_post_hoc_boundary_specific,0.75,4,responsive,high_high,37,phase_b,64,128,0.0
exploratory_post_hoc_boundary_specific,0.75,4,responsive,high_high,37,phase_b,128,192,0.0
exploratory_post_hoc_boundary_specific,0.75,4,responsive,high_high,37,phase_b,256,320,0.0
exploratory_post_hoc_boundary_specific,0.75,4,responsive,high_high,37,phase_b,512,576,0.245
exploratory_post_hoc_boundary_specific,0.75,4,responsive,high_high,37,phase_b,1024,1088,0.245
exploratory_post_hoc_boundary_specific,0.75,4,responsive,high_high,37,phase_b,1984,2048,0.245
exploratory_post_hoc_boundary_specific,0.9,3,negative_control,delayed_critic_reset,37,boundary,0,64,0.0
exploratory_post_hoc_boundary_specific,0.9,3,negative_control,delayed_critic_reset,37,phase_b,1,65,0.0
exploratory_post_hoc_boundary_specific,0.9,3,negative_control,delayed_critic_reset,37,phase_b,2,66,0.0
exploratory_post_hoc_boundary_specific,0.9,3,negative_control,delayed_critic_reset,37,phase_b,4,68,0.0
exploratory_post_hoc_boundary_specific,0.9,3,negative_control,delayed_critic_reset,37,phase_b,8,72,0.0
exploratory_post_hoc_boundary_specific,0.9,3,negative_control,delayed_critic_reset,37,phase_b,16,80,0.0
exploratory_post_hoc_boundary_specific,0.9,3,negative_control,delayed_critic_reset,37,phase_b,32,96,0.0
exploratory_post_hoc_boundary_specific,0.9,3,negative_control,delayed_critic_reset,37,phase_b,64,128,0.0
exploratory_post_hoc_boundary_specific,0.9,3,negative_control,delayed_critic_reset,37,phase_b,128,192,0.0
exploratory_post_hoc_boundary_specific,0.9,3,negative_control,delayed_critic_reset,37,phase_b,256,320,0.0
exploratory_post_hoc_boundary_specific,0.9,3,negative_control,delayed_critic_reset,37,phase_b,512,576,0.0
exploratory_post_hoc_boundary_specific,0.9,3,negative_control,delayed_critic_reset,37,phase_b,1024,1088,0.2587
exploratory_post_hoc_boundary_specific,0.9,3,negative_control,delayed_critic_reset,37,phase_b,1984,2048,0.2587
exploratory_post_hoc_boundary_specific,0.75,4,responsive,delayed_carry,37,boundary,0,64,0.0
exploratory_post_hoc_boundary_specific,0.75,4,responsive,delayed_carry,37,phase_b,1,65,0.0
exploratory_post_hoc_boundary_specific,0.75,4,responsive,delayed_carry,37,phase_b,2,66,0.0
exploratory_post_hoc_boundary_specific,0.75,4,responsive,delayed_carry,37,phase_b,4,68,0.0
exploratory_post_hoc_boundary_specific,0.75,4,responsive,delayed_carry,37,phase_b,8,72,0.0
exploratory_post_hoc_boundary_specific,0.75,4,responsive,delayed_carry,37,phase_b,16,80,0.0
exploratory_post_hoc_boundary_specific,0.75,4,responsive,delayed_carry,37,phase_b,32,96,0.0
exploratory_post_hoc_boundary_specific,0.75,4,responsive,delayed_carry,37,phase_b,64,128,0.0
exploratory_post_hoc_boundary_specific,0.75,4,responsive,delayed_carry,37,phase_b,128,192,0.0
exploratory_post_hoc_boundary_specific,0.75,4,responsive,delayed_carry,37,phase_b,256,320,0.0
exploratory_post_hoc_boundary_specific,0.75,4,responsive,delayed_carry,37,phase_b,512,576,0.0
exploratory_post_hoc_boundary_specific,0.75,4,responsive,delayed_carry,37,phase_b,1024,1088,0.0613
exploratory_post_hoc_boundary_specific,0.75,4,responsive,delayed_carry,37,phase_b,1984,2048,0.0613
exploratory_post_hoc_boundary_specific,0.9,3,negative_control,early_only,67,boundary,0,64,0.0
exploratory_post_hoc_boundary_specific,0.9,3,negative_control,early_only,67,phase_b,1,65,0.0
exploratory_post_hoc_boundary_specific,0.9,3,negative_control,early_only,67,phase_b,2,66,0.0
exploratory_post_hoc_boundary_specific,0.9,3,negative_control,early_only,67,phase_b,4,68,0.0
exploratory_post_hoc_boundary_specific,0.9,3,negative_control,early_only,67,phase_b,8,72,0.0
exploratory_post_hoc_boundary_specific,0.9,3,negative_control,early_only,67,phase_b,16,80,0.0
exploratory_post_hoc_boundary_specific,0.9,3,negative_control,early_only,67,phase_b,32,96,0.0
exploratory_post_hoc_boundary_specific,0.9,3,negative_control,early_only,67,phase_b,64,128,0.0
exploratory_post_hoc_boundary_specific,0.9,3,negative_control,early_only,67,phase_b,128,192,0.0
exploratory_post_hoc_boundary_specific,0.9,3,negative_control,early_only,67,phase_b,256,320,0.0
exploratory_post_hoc_boundary_specific,0.9,3,negative_control,early_only,67,phase_b,512,576,0.0
exploratory_post_hoc_boundary_specific,0.9,3,negative_control,early_only,67,phase_b,1024,1088,0.0
exploratory_post_hoc_boundary_specific,0.9,3,negative_control,early_only,67,phase_b,1984,2048,0.0
exploratory_post_hoc_boundary_specific,0.75,4,responsive,zero_zero,97,boundary,0,64,0.0
exploratory_post_hoc_boundary_specific,0.75,4,responsive,zero_zero,97,phase_b,1,65,0.0
exploratory_post_hoc_boundary_specific,0.75,4,responsive,zero_zero,97,phase_b,2,66,0.0
exploratory_post_hoc_boundary_specific,0.75,4,responsive,zero_zero,97,phase_b,4,68,0.0
exploratory_post_hoc_boundary_specific,0.75,4,responsive,zero_zero,97,phase_b,8,72,0.0
exploratory_post_hoc_boundary_specific,0.75,4,responsive,zero_zero,97,phase_b,16,80,0.0
exploratory_post_hoc_boundary_specific,0.75,4,responsive,zero_zero,97,phase_b,32,96,0.0
exploratory_post_hoc_boundary_specific,0.75,4,responsive,zero_zero,97,phase_b,64,128,0.0
exploratory_post_hoc_boundary_specific,0.75,4,responsive,zero_zero,97,phase_b,128,192,0.0
exploratory_post_hoc_boundary_specific,0.75,4,responsive,zero_zero,97,phase_b,256,320,0.0
exploratory_post_hoc_boundary_specific,0.75,4,responsive,zero_zero,97,phase_b,512,576,0.0
exploratory_post_hoc_boundary_specific,0.75,4,responsive,zero_zero,97,phase_b,1024,1088,0.0
exploratory_post_hoc_boundary_specific,0.75,4,responsive,zero_zero,97,phase_b,1984,2048,0.0
exploratory_post_hoc_boundary_specific,0.9,3,negative_control,delayed_actor_reset,53,boundary,0,64,0.0
exploratory_post_hoc_boundary_specific,0.9,3,negative_control,delayed_actor_reset,53,phase_b,1,65,0.0
exploratory_post_hoc_boundary_specific,0.9,3,negative_control,delayed_actor_reset,53,phase_b,2,66,0.0
exploratory_post_hoc_boundary_specific,0.9,3,negative_control,delayed_actor_reset,53,phase_b,4,68,0.0
exploratory_post_hoc_boundary_specific,0.9,3,negative_control,delayed_actor_reset,53,phase_b,8,72,0.0
exploratory_post_hoc_boundary_specific,0.9,3,negative_control,delayed_actor_reset,53,phase_b,16,80,0.0
exploratory_post_hoc_boundary_specific,0.9,3,negative_control,delayed_actor_reset,53,phase_b,32,96,0.0
exploratory_post_hoc_boundary_specific,0.9,3,negative_control,delayed_actor_reset,53,phase_b,64,128,0.0
exploratory_post_hoc_boundary_specific,0.9,3,negative_control,delayed_actor_reset,53,phase_b,128,192,0.0
exploratory_post_hoc_boundary_specific,0.9,3,negative_control,delayed_actor_reset,53,phase_b,256,320,0.0
exploratory_post_hoc_boundary_specific,0.9,3,negative_control,delayed_actor_reset,53,phase_b,512,576,0.0
exploratory_post_hoc_boundary_specific,0.9,3,negative_control,delayed_actor_reset,53,phase_b,1024,1088,0.0
exploratory_post_hoc_boundary_specific,0.9,3,negative_control,delayed_actor_reset,53,phase_b,1984,2048,0.0
exploratory_post_hoc_boundary_specific,0.9,3,negative_control,high_high,11,boundary,0,64,0.0
exploratory_post_hoc_boundary_specific,0.9,3,negative_control,high_high,11,phase_b,1,65,0.0
exploratory_post_hoc_boundary_specific,0.9,3,negative_control,high_high,11,phase_b,2,66,0.0
exploratory_post_hoc_boundary_specific,0.9,3,negative_control,high_high,11,phase_b,4,68,0.0
exploratory_post_hoc_boundary_specific,0.9,3,negative_control,high_high,11,phase_b,8,72,0.0
exploratory_post_hoc_boundary_specific,0.9,3,negative_control,high_high,11,phase_b,16,80,0.0
exploratory_post_hoc_boundary_specific,0.9,3,negative_control,high_high,11,phase_b,32,96,0.0
exploratory_post_hoc_boundary_specific,0.9,3,negative_control,high_high,11,phase_b,64,128,0.0
exploratory_post_hoc_boundary_specific,0.9,3,negative_control,high_high,11,phase_b,128,192,0.0
exploratory_post_hoc_boundary_specific,0.9,3,negative_control,high_high,11,phase_b,256,320,0.0
exploratory_post_hoc_boundary_specific,0.9,3,negative_control,high_high,11,phase_b,512,576,0.0
exploratory_post_hoc_boundary_specific,0.9,3,negative_control,high_high,11,phase_b,1024,1088,0.0
exploratory_post_hoc_boundary_specific,0.9,3,negative_control,high_high,11,phase_b,1984,2048,0.0
exploratory_post_hoc_boundary_specific,0.9,3,negative_control,early_only,11,boundary,0,64,0.0
exploratory_post_hoc_boundary_specific,0.9,3,negative_control,early_only,11,phase_b,1,65,0.0
exploratory_post_hoc_boundary_specific,0.9,3,negative_control,early_only,11,phase_b,2,66,0.0
exploratory_post_hoc_boundary_specific,0.9,3,negative_control,early_only,11,phase_b,4,68,0.0
exploratory_post_hoc_boundary_specific,0.9,3,negative_control,early_only,11,phase_b,8,72,0.0
exploratory_post_hoc_boundary_specific,0.9,3,negative_control,early_only,11,phase_b,16,80,0.0
exploratory_post_hoc_boundary_specific,0.9,3,negative_control,early_only,11,phase_b,32,96,0.0
exploratory_post_hoc_boundary_specific,0.9,3,negative_control,early_only,11,phase_b,64,128,0.0
exploratory_post_hoc_boundary_specific,0.9,3,negative_control,early_only,11,phase_b,128,192,0.0
exploratory_post_hoc_boundary_specific,0.9,3,negative_control,early_only,11,phase_b,256,320,0.0
exploratory_post_hoc_boundary_specific,0.9,3,negative_control,early_only,11,phase_b,512,576,0.0
exploratory_post_hoc_boundary_specific,0.9,3,negative_control,early_only,11,phase_b,1024,1088,0.0
exploratory_post_hoc_boundary_specific,0.9,3,negative_control,early_only,11,phase_b,1984,2048,0.0
exploratory_post_hoc_boundary_specific,0.9,3,negative_control,delayed_critic_reset,53,boundary,0,64,0.0
exploratory_post_hoc_boundary_specific,0.9,3,negative_control,delayed_critic_reset,53,phase_b,1,65,0.0
exploratory_post_hoc_boundary_specific,0.9,3,negative_control,delayed_critic_reset,53,phase_b,2,66,0.0
exploratory_post_hoc_boundary_specific,0.9,3,negative_control,delayed_critic_reset,53,phase_b,4,68,0.0
exploratory_post_hoc_boundary_specific,0.9,3,negative_control,delayed_critic_reset,53,phase_b,8,72,0.0
exploratory_post_hoc_boundary_specific,0.9,3,negative_control,delayed_critic_reset,53,phase_b,16,80,0.0
exploratory_post_hoc_boundary_specific,0.9,3,negative_control,delayed_critic_reset,53,phase_b,32,96,0.0
exploratory_post_hoc_boundary_specific,0.9,3,negative_control,delayed_critic_reset,53,phase_b,64,128,0.0
exploratory_post_hoc_boundary_specific,0.9,3,negative_control,delayed_critic_reset,53,phase_b,128,192,0.0
exploratory_post_hoc_boundary_specific,0.9,3,negative_control,delayed_critic_reset,53,phase_b,256,320,0.0
exploratory_post_hoc_boundary_specific,0.9,3,negative_control,delayed_critic_reset,53,phase_b,512,576,0.0
exploratory_post_hoc_boundary_specific,0.9,3,negative_control,delayed_critic_reset,53,phase_b,1024,1088,0.0
exploratory_post_hoc_boundary_specific,0.9,3,negative_control,delayed_critic_reset,53,phase_b,1984,2048,0.0
exploratory_post_hoc_boundary_specific,0.9,3,negative_control,delayed_carry,37,boundary,0,64,0.0
exploratory_post_hoc_boundary_specific,0.9,3,negative_control,delayed_carry,37,phase_b,1,65,0.0
exploratory_post_hoc_boundary_specific,0.9,3,negative_control,delayed_carry,37,phase_b,2,66,0.0
exploratory_post_hoc_boundary_specific,0.9,3,negative_control,delayed_carry,37,phase_b,4,68,0.0
exploratory_post_hoc_boundary_specific,0.9,3,negative_control,delayed_carry,37,phase_b,8,72,0.0
exploratory_post_hoc_boundary_specific,0.9,3,negative_control,delayed_carry,37,phase_b,16,80,0.0
exploratory_post_hoc_boundary_specific,0.9,3,negative_control,delayed_carry,37,phase_b,32,96,0.0
exploratory_post_hoc_boundary_specific,0.9,3,negative_control,delayed_carry,37,phase_b,64,128,0.0
exploratory_post_hoc_boundary_specific,0.9,3,negative_control,delayed_carry,37,phase_b,128,192,0.0
exploratory_post_hoc_boundary_specific,0.9,3,negative_control,delayed_carry,37,phase_b,256,320,0.2587
exploratory_post_hoc_boundary_specific,0.9,3,negative_control,delayed_carry,37,phase_b,512,576,0.2587
exploratory_post_hoc_boundary_specific,0.9,3,negative_control,delayed_carry,37,phase_b,1024,1088,0.2583
exploratory_post_hoc_boundary_specific,0.9,3,negative_control,delayed_carry,37,phase_b,1984,2048,0.2587
exploratory_post_hoc_boundary_specific,0.75,4,responsive,early_only,37,boundary,0,64,0.0
exploratory_post_hoc_boundary_specific,0.75,4,responsive,early_only,37,phase_b,1,65,0.0
exploratory_post_hoc_boundary_specific,0.75,4,responsive,early_only,37,phase_b,2,66,0.0
exploratory_post_hoc_boundary_specific,0.75,4,responsive,early_only,37,phase_b,4,68,0.0
exploratory_post_hoc_boundary_specific,0.75,4,responsive,early_only,37,phase_b,8,72,0.0
exploratory_post_hoc_boundary_specific,0.75,4,responsive,early_only,37,phase_b,16,80,0.0
exploratory_post_hoc_boundary_specific,0.75,4,responsive,early_only,37,phase_b,32,96,0.0
exploratory_post_hoc_boundary_specific,0.75,4,responsive,early_only,37,phase_b,64,128,0.0
exploratory_post_hoc_boundary_specific,0.75,4,responsive,early_only,37,phase_b,128,192,0.0
exploratory_post_hoc_boundary_specific,0.75,4,responsive,early_only,37,phase_b,256,320,0.0
exploratory_post_hoc_boundary_specific,0.75,4,responsive,early_only,37,phase_b,512,576,0.0
exploratory_post_hoc_boundary_specific,0.75,4,responsive,early_only,37,phase_b,1024,1088,0.0
exploratory_post_hoc_boundary_specific,0.75,4,responsive,early_only,37,phase_b,1984,2048,0.0
exploratory_post_hoc_boundary_specific,0.9,3,negative_control,delayed_actor_reset,67,boundary,0,64,0.0
exploratory_post_hoc_boundary_specific,0.9,3,negative_control,delayed_actor_reset,67,phase_b,1,65,0.0
exploratory_post_hoc_boundary_specific,0.9,3,negative_control,delayed_actor_reset,67,phase_b,2,66,0.0
exploratory_post_hoc_boundary_specific,0.9,3,negative_control,delayed_actor_reset,67,phase_b,4,68,0.0
exploratory_post_hoc_boundary_specific,0.9,3,negative_control,delayed_actor_reset,67,phase_b,8,72,0.0
exploratory_post_hoc_boundary_specific,0.9,3,negative_control,delayed_actor_reset,67,phase_b,16,80,0.0
exploratory_post_hoc_boundary_specific,0.9,3,negative_control,delayed_actor_reset,67,phase_b,32,96,0.0
exploratory_post_hoc_boundary_specific,0.9,3,negative_control,delayed_actor_reset,67,phase_b,64,128,0.0
exploratory_post_hoc_boundary_specific,0.9,3,negative_control,delayed_actor_reset,67,phase_b,128,192,0.0
exploratory_post_hoc_boundary_specific,0.9,3,negative_control,delayed_actor_reset,67,phase_b,256,320,0.0
exploratory_post_hoc_boundary_specific,0.9,3,negative_control,delayed_actor_reset,67,phase_b,512,576,0.0
exploratory_post_hoc_boundary_specific,0.9,3,negative_control,delayed_actor_reset,67,phase_b,1024,1088,0.0
exploratory_post_hoc_boundary_specific,0.9,3,negative_control,delayed_actor_reset,67,phase_b,1984,2048,0.0
exploratory_post_hoc_boundary_specific,0.75,4,responsive,delayed_carry,83,boundary,0,64,0.0
exploratory_post_hoc_boundary_specific,0.75,4,responsive,delayed_carry,83,phase_b,1,65,0.0
exploratory_post_hoc_boundary_specific,0.75,4,responsive,delayed_carry,83,phase_b,2,66,0.0
exploratory_post_hoc_boundary_specific,0.75,4,responsive,delayed_carry,83,phase_b,4,68,0.0
exploratory_post_hoc_boundary_specific,0.75,4,responsive,delayed_carry,83,phase_b,8,72,0.0
exploratory_post_hoc_boundary_specific,0.75,4,responsive,delayed_carry,83,phase_b,16,80,0.0
exploratory_post_hoc_boundary_specific,0.75,4,responsive,delayed_carry,83,phase_b,32,96,0.0
exploratory_post_hoc_boundary_specific,0.75,4,responsive,delayed_carry,83,phase_b,64,128,0.0
exploratory_post_hoc_boundary_specific,0.75,4,responsive,delayed_carry,83,phase_b,128,192,0.0814
exploratory_post_hoc_boundary_specific,0.75,4,responsive,delayed_carry,83,phase_b,256,320,0.119
exploratory_post_hoc_boundary_specific,0.75,4,responsive,delayed_carry,83,phase_b,512,576,0.1224
exploratory_post_hoc_boundary_specific,0.75,4,responsive,delayed_carry,83,phase_b,1024,1088,0.1223
exploratory_post_hoc_boundary_specific,0.75,4,responsive,delayed_carry,83,phase_b,1984,2048,0.1224
exploratory_post_hoc_boundary_specific,0.9,3,negative_control,high_high,37,boundary,0,64,0.0
exploratory_post_hoc_boundary_specific,0.9,3,negative_control,high_high,37,phase_b,1,65,0.0
exploratory_post_hoc_boundary_specific,0.9,3,negative_control,high_high,37,phase_b,2,66,0.0
exploratory_post_hoc_boundary_specific,0.9,3,negative_control,high_high,37,phase_b,4,68,0.0
exploratory_post_hoc_boundary_specific,0.9,3,negative_control,high_high,37,phase_b,8,72,0.0
exploratory_post_hoc_boundary_specific,0.9,3,negative_control,high_high,37,phase_b,16,80,0.0
exploratory_post_hoc_boundary_specific,0.9,3,negative_control,high_high,37,phase_b,32,96,0.0
exploratory_post_hoc_boundary_specific,0.9,3,negative_control,high_high,37,phase_b,64,128,0.0
exploratory_post_hoc_boundary_specific,0.9,3,negative_control,high_high,37,phase_b,128,192,0.0
exploratory_post_hoc_boundary_specific,0.9,3,negative_control,high_high,37,phase_b,256,320,0.0
exploratory_post_hoc_boundary_specific,0.9,3,negative_control,high_high,37,phase_b,512,576,0.0
exploratory_post_hoc_boundary_specific,0.9,3,negative_control,high_high,37,phase_b,1024,1088,0.2587
exploratory_post_hoc_boundary_specific,0.9,3,negative_control,high_high,37,phase_b,1984,2048,0.2587
exploratory_post_hoc_boundary_specific,0.9,3,negative_control,delayed_carry,101,boundary,0,64,0.0
exploratory_post_hoc_boundary_specific,0.9,3,negative_control,delayed_carry,101,phase_b,1,65,0.0
exploratory_post_hoc_boundary_specific,0.9,3,negative_control,delayed_carry,101,phase_b,2,66,0.0
exploratory_post_hoc_boundary_specific,0.9,3,negative_control,delayed_carry,101,phase_b,4,68,0.0
exploratory_post_hoc_boundary_specific,0.9,3,negative_control,delayed_carry,101,phase_b,8,72,0.0
exploratory_post_hoc_boundary_specific,0.9,3,negative_control,delayed_carry,101,phase_b,16,80,0.0
exploratory_post_hoc_boundary_specific,0.9,3,negative_control,delayed_carry,101,phase_b,32,96,0.0
exploratory_post_hoc_boundary_specific,0.9,3,negative_control,delayed_carry,101,phase_b,64,128,0.0
exploratory_post_hoc_boundary_specific,0.9,3,negative_control,delayed_carry,101,phase_b,128,192,0.0
exploratory_post_hoc_boundary_specific,0.9,3,negative_control,delayed_carry,101,phase_b,256,320,0.22
exploratory_post_hoc_boundary_specific,0.9,3,negative_control,delayed_carry,101,phase_b,512,576,0.2458
exploratory_post_hoc_boundary_specific,0.9,3,negative_control,delayed_carry,101,phase_b,1024,1088,0.2448
exploratory_post_hoc_boundary_specific,0.9,3,negative_control,delayed_carry,101,phase_b,1984,2048,0.2458
exploratory_post_hoc_boundary_specific,0.75,4,responsive,delayed_critic_reset,53,boundary,0,64,0.0
exploratory_post_hoc_boundary_specific,0.75,4,responsive,delayed_critic_reset,53,phase_b,1,65,0.0
exploratory_post_hoc_boundary_specific,0.75,4,responsive,delayed_critic_reset,53,phase_b,2,66,0.0
exploratory_post_hoc_boundary_specific,0.75,4,responsive,delayed_critic_reset,53,phase_b,4,68,0.0
exploratory_post_hoc_boundary_specific,0.75,4,responsive,delayed_critic_reset,53,phase_b,8,72,0.0
exploratory_post_hoc_boundary_specific,0.75,4,responsive,delayed_critic_reset,53,phase_b,16,80,0.0
exploratory_post_hoc_boundary_specific,0.75,4,responsive,delayed_critic_reset,53,phase_b,32,96,0.0
exploratory_post_hoc_boundary_specific,0.75,4,responsive,delayed_critic_reset,53,phase_b,64,128,0.0
exploratory_post_hoc_boundary_specific,0.75,4,responsive,delayed_critic_reset,53,phase_b,128,192,0.0
exploratory_post_hoc_boundary_specific,0.75,4,responsive,delayed_critic_reset,53,phase_b,256,320,0.1155
exploratory_post_hoc_boundary_specific,0.75,4,responsive,delayed_critic_reset,53,phase_b,512,576,0.248
exploratory_post_hoc_boundary_specific,0.75,4,responsive,delayed_critic_reset,53,phase_b,1024,1088,0.248
exploratory_post_hoc_boundary_specific,0.75,4,responsive,delayed_critic_reset,53,phase_b,1984,2048,0.248
exploratory_post_hoc_boundary_specific,0.9,3,negative_control,high_high,41,boundary,0,64,0.0
exploratory_post_hoc_boundary_specific,0.9,3,negative_control,high_high,41,phase_b,1,65,0.0
exploratory_post_hoc_boundary_specific,0.9,3,negative_control,high_high,41,phase_b,2,66,0.0
exploratory_post_hoc_boundary_specific,0.9,3,negative_control,high_high,41,phase_b,4,68,0.0
exploratory_post_hoc_boundary_specific,0.9,3,negative_control,high_high,41,phase_b,8,72,0.0
exploratory_post_hoc_boundary_specific,0.9,3,negative_control,high_high,41,phase_b,16,80,0.0
exploratory_post_hoc_boundary_specific,0.9,3,negative_control,high_high,41,phase_b,32,96,0.0
exploratory_post_hoc_boundary_specific,0.9,3,negative_control,high_high,41,phase_b,64,128,0.0
exploratory_post_hoc_boundary_specific,0.9,3,negative_control,high_high,41,phase_b,128,192,0.0
exploratory_post_hoc_boundary_specific,0.9,3,negative_control,high_high,41,phase_b,256,320,0.0
exploratory_post_hoc_boundary_specific,0.9,3,negative_control,high_high,41,phase_b,512,576,0.0
exploratory_post_hoc_boundary_specific,0.9,3,negative_control,high_high,41,phase_b,1024,1088,0.0
exploratory_post_hoc_boundary_specific,0.9,3,negative_control,high_high,41,phase_b,1984,2048,0.0
exploratory_post_hoc_boundary_specific,0.9,3,negative_control,delayed_carry,53,boundary,0,64,0.0
exploratory_post_hoc_boundary_specific,0.9,3,negative_control,delayed_carry,53,phase_b,1,65,0.0
exploratory_post_hoc_boundary_specific,0.9,3,negative_control,delayed_carry,53,phase_b,2,66,0.0
exploratory_post_hoc_boundary_specific,0.9,3,negative_control,delayed_carry,53,phase_b,4,68,0.0
exploratory_post_hoc_boundary_specific,0.9,3,negative_control,delayed_carry,53,phase_b,8,72,0.0
exploratory_post_hoc_boundary_specific,0.9,3,negative_control,delayed_carry,53,phase_b,16,80,0.0
exploratory_post_hoc_boundary_specific,0.9,3,negative_control,delayed_carry,53,phase_b,32,96,0.0
exploratory_post_hoc_boundary_specific,0.9,3,negative_control,delayed_carry,53,phase_b,64,128,0.0
exploratory_post_hoc_boundary_specific,0.9,3,negative_control,delayed_carry,53,phase_b,128,192,0.0
exploratory_post_hoc_boundary_specific,0.9,3,negative_control,delayed_carry,53,phase_b,256,320,0.0
exploratory_post_hoc_boundary_specific,0.9,3,negative_control,delayed_carry,53,phase_b,512,576,0.0
exploratory_post_hoc_boundary_specific,0.9,3,negative_control,delayed_carry,53,phase_b,1024,1088,0.0
exploratory_post_hoc_boundary_specific,0.9,3,negative_control,delayed_carry,53,phase_b,1984,2048,0.2406
exploratory_post_hoc_boundary_specific,0.9,3,negative_control,zero_zero,83,boundary,0,64,0.0
exploratory_post_hoc_boundary_specific,0.9,3,negative_control,zero_zero,83,phase_b,1,65,0.0
exploratory_post_hoc_boundary_specific,0.9,3,negative_control,zero_zero,83,phase_b,2,66,0.0
exploratory_post_hoc_boundary_specific,0.9,3,negative_control,zero_zero,83,phase_b,4,68,0.0
exploratory_post_hoc_boundary_specific,0.9,3,negative_control,zero_zero,83,phase_b,8,72,0.0
exploratory_post_hoc_boundary_specific,0.9,3,negative_control,zero_zero,83,phase_b,16,80,0.0
exploratory_post_hoc_boundary_specific,0.9,3,negative_control,zero_zero,83,phase_b,32,96,0.0
exploratory_post_hoc_boundary_specific,0.9,3,negative_control,zero_zero,83,phase_b,64,128,0.0
exploratory_post_hoc_boundary_specific,0.9,3,negative_control,zero_zero,83,phase_b,128,192,0.0
exploratory_post_hoc_boundary_specific,0.9,3,negative_control,zero_zero,83,phase_b,256,320,0.0
exploratory_post_hoc_boundary_specific,0.9,3,negative_control,zero_zero,83,phase_b,512,576,0.0
exploratory_post_hoc_boundary_specific,0.9,3,negative_control,zero_zero,83,phase_b,1024,1088,0.0
exploratory_post_hoc_boundary_specific,0.9,3,negative_control,zero_zero,83,phase_b,1984,2048,0.0
exploratory_post_hoc_boundary_specific,0.75,4,responsive,delayed_carry,23,boundary,0,64,0.0
exploratory_post_hoc_boundary_specific,0.75,4,responsive,delayed_carry,23,phase_b,1,65,0.0
exploratory_post_hoc_boundary_specific,0.75,4,responsive,delayed_carry,23,phase_b,2,66,0.0
exploratory_post_hoc_boundary_specific,0.75,4,responsive,delayed_carry,23,phase_b,4,68,0.0
exploratory_post_hoc_boundary_specific,0.75,4,responsive,delayed_carry,23,phase_b,8,72,0.0
exploratory_post_hoc_boundary_specific,0.75,4,responsive,delayed_carry,23,phase_b,16,80,0.0
exploratory_post_hoc_boundary_specific,0.75,4,responsive,delayed_carry,23,phase_b,32,96,0.0
exploratory_post_hoc_boundary_specific,0.75,4,responsive,delayed_carry,23,phase_b,64,128,0.0
exploratory_post_hoc_boundary_specific,0.75,4,responsive,delayed_carry,23,phase_b,128,192,0.0007
exploratory_post_hoc_boundary_specific,0.75,4,responsive,delayed_carry,23,phase_b,256,320,0.2436
exploratory_post_hoc_boundary_specific,0.75,4,responsive,delayed_carry,23,phase_b,512,576,0.2462
exploratory_post_hoc_boundary_specific,0.75,4,responsive,delayed_carry,23,phase_b,1024,1088,0.2462
exploratory_post_hoc_boundary_specific,0.75,4,responsive,delayed_carry,23,phase_b,1984,2048,0.2462
exploratory_post_hoc_boundary_specific,0.9,3,negative_control,early_only,23,boundary,0,64,0.0
exploratory_post_hoc_boundary_specific,0.9,3,negative_control,early_only,23,phase_b,1,65,0.0
exploratory_post_hoc_boundary_specific,0.9,3,negative_control,early_only,23,phase_b,2,66,0.0
exploratory_post_hoc_boundary_specific,0.9,3,negative_control,early_only,23,phase_b,4,68,0.0
exploratory_post_hoc_boundary_specific,0.9,3,negative_control,early_only,23,phase_b,8,72,0.0
exploratory_post_hoc_boundary_specific,0.9,3,negative_control,early_only,23,phase_b,16,80,0.0
exploratory_post_hoc_boundary_specific,0.9,3,negative_control,early_only,23,phase_b,32,96,0.0
exploratory_post_hoc_boundary_specific,0.9,3,negative_control,early_only,23,phase_b,64,128,0.0
exploratory_post_hoc_boundary_specific,0.9,3,negative_control,early_only,23,phase_b,128,192,0.0
exploratory_post_hoc_boundary_specific,0.9,3,negative_control,early_only,23,phase_b,256,320,0.0
exploratory_post_hoc_boundary_specific,0.9,3,negative_control,early_only,23,phase_b,512,576,0.0
exploratory_post_hoc_boundary_specific,0.9,3,negative_control,early_only,23,phase_b,1024,1088,0.0
exploratory_post_hoc_boundary_specific,0.9,3,negative_control,early_only,23,phase_b,1984,2048,0.0
exploratory_post_hoc_boundary_specific,0.9,3,negative_control,delayed_critic_reset,23,boundary,0,64,0.0
exploratory_post_hoc_boundary_specific,0.9,3,negative_control,delayed_critic_reset,23,phase_b,1,65,0.0
exploratory_post_hoc_boundary_specific,0.9,3,negative_control,delayed_critic_reset,23,phase_b,2,66,0.0
exploratory_post_hoc_boundary_specific,0.9,3,negative_control,delayed_critic_reset,23,phase_b,4,68,0.0
exploratory_post_hoc_boundary_specific,0.9,3,negative_control,delayed_critic_reset,23,phase_b,8,72,0.0
exploratory_post_hoc_boundary_specific,0.9,3,negative_control,delayed_critic_reset,23,phase_b,16,80,0.0
exploratory_post_hoc_boundary_specific,0.9,3,negative_control,delayed_critic_reset,23,phase_b,32,96,0.0
exploratory_post_hoc_boundary_specific,0.9,3,negative_control,delayed_critic_reset,23,phase_b,64,128,0.0
exploratory_post_hoc_boundary_specific,0.9,3,negative_control,delayed_critic_reset,23,phase_b,128,192,0.0
exploratory_post_hoc_boundary_specific,0.9,3,negative_control,delayed_critic_reset,23,phase_b,256,320,0.0035
exploratory_post_hoc_boundary_specific,0.9,3,negative_control,delayed_critic_reset,23,phase_b,512,576,0.249
exploratory_post_hoc_boundary_specific,0.9,3,negative_control,delayed_critic_reset,23,phase_b,1024,1088,0.249
exploratory_post_hoc_boundary_specific,0.9,3,negative_control,delayed_critic_reset,23,phase_b,1984,2048,0.248
exploratory_post_hoc_boundary_specific,0.75,4,responsive,early_only,101,boundary,0,64,0.0
exploratory_post_hoc_boundary_specific,0.75,4,responsive,early_only,101,phase_b,1,65,0.0
exploratory_post_hoc_boundary_specific,0.75,4,responsive,early_only,101,phase_b,2,66,0.0
exploratory_post_hoc_boundary_specific,0.75,4,responsive,early_only,101,phase_b,4,68,0.0
exploratory_post_hoc_boundary_specific,0.75,4,responsive,early_only,101,phase_b,8,72,0.0
exploratory_post_hoc_boundary_specific,0.75,4,responsive,early_only,101,phase_b,16,80,0.0
exploratory_post_hoc_boundary_specific,0.75,4,responsive,early_only,101,phase_b,32,96,0.0
exploratory_post_hoc_boundary_specific,0.75,4,responsive,early_only,101,phase_b,64,128,0.0
exploratory_post_hoc_boundary_specific,0.75,4,responsive,early_only,101,phase_b,128,192,0.0
exploratory_post_hoc_boundary_specific,0.75,4,responsive,early_only,101,phase_b,256,320,0.0
exploratory_post_hoc_boundary_specific,0.75,4,responsive,early_only,101,phase_b,512,576,0.1238
exploratory_post_hoc_boundary_specific,0.75,4,responsive,early_only,101,phase_b,1024,1088,0.1238
exploratory_post_hoc_boundary_specific,0.75,4,responsive,early_only,101,phase_b,1984,2048,0.2497
exploratory_post_hoc_boundary_specific,0.75,4,responsive,zero_zero,11,boundary,0,64,0.0
exploratory_post_hoc_boundary_specific,0.75,4,responsive,zero_zero,11,phase_b,1,65,0.0
exploratory_post_hoc_boundary_specific,0.75,4,responsive,zero_zero,11,phase_b,2,66,0.0
exploratory_post_hoc_boundary_specific,0.75,4,responsive,zero_zero,11,phase_b,4,68,0.0
exploratory_post_hoc_boundary_specific,0.75,4,responsive,zero_zero,11,phase_b,8,72,0.0
exploratory_post_hoc_boundary_specific,0.75,4,responsive,zero_zero,11,phase_b,16,80,0.0
exploratory_post_hoc_boundary_specific,0.75,4,responsive,zero_zero,11,phase_b,32,96,0.0
exploratory_post_hoc_boundary_specific,0.75,4,responsive,zero_zero,11,phase_b,64,128,0.0
exploratory_post_hoc_boundary_specific,0.75,4,responsive,zero_zero,11,phase_b,128,192,0.0
exploratory_post_hoc_boundary_specific,0.75,4,responsive,zero_zero,11,phase_b,256,320,0.0
exploratory_post_hoc_boundary_specific,0.75,4,responsive,zero_zero,11,phase_b,512,576,0.0
exploratory_post_hoc_boundary_specific,0.75,4,responsive,zero_zero,11,phase_b,1024,1088,0.1273
exploratory_post_hoc_boundary_specific,0.75,4,responsive,zero_zero,11,phase_b,1984,2048,0.1273
exploratory_post_hoc_boundary_specific,0.75,4,responsive,delayed_actor_reset,23,boundary,0,64,0.0
exploratory_post_hoc_boundary_specific,0.75,4,responsive,delayed_actor_reset,23,phase_b,1,65,0.0
exploratory_post_hoc_boundary_specific,0.75,4,responsive,delayed_actor_reset,23,phase_b,2,66,0.0
exploratory_post_hoc_boundary_specific,0.75,4,responsive,delayed_actor_reset,23,phase_b,4,68,0.0
exploratory_post_hoc_boundary_specific,0.75,4,responsive,delayed_actor_reset,23,phase_b,8,72,0.0024
exploratory_post_hoc_boundary_specific,0.75,4,responsive,delayed_actor_reset,23,phase_b,16,80,0.0004
exploratory_post_hoc_boundary_specific,0.75,4,responsive,delayed_actor_reset,23,phase_b,32,96,0.0003
exploratory_post_hoc_boundary_specific,0.75,4,responsive,delayed_actor_reset,23,phase_b,64,128,0.0001
exploratory_post_hoc_boundary_specific,0.75,4,responsive,delayed_actor_reset,23,phase_b,128,192,0.0
exploratory_post_hoc_boundary_specific,0.75,4,responsive,delayed_actor_reset,23,phase_b,256,320,0.2434
exploratory_post_hoc_boundary_specific,0.75,4,responsive,delayed_actor_reset,23,phase_b,512,576,0.2498
exploratory_post_hoc_boundary_specific,0.75,4,responsive,delayed_actor_reset,23,phase_b,1024,1088,0.2498
exploratory_post_hoc_boundary_specific,0.75,4,responsive,delayed_actor_reset,23,phase_b,1984,2048,0.2498
exploratory_post_hoc_boundary_specific,0.75,4,responsive,delayed_critic_reset,23,boundary,0,64,0.0
exploratory_post_hoc_boundary_specific,0.75,4,responsive,delayed_critic_reset,23,phase_b,1,65,0.0
exploratory_post_hoc_boundary_specific,0.75,4,responsive,delayed_critic_reset,23,phase_b,2,66,0.0
exploratory_post_hoc_boundary_specific,0.75,4,responsive,delayed_critic_reset,23,phase_b,4,68,0.0
exploratory_post_hoc_boundary_specific,0.75,4,responsive,delayed_critic_reset,23,phase_b,8,72,0.0
exploratory_post_hoc_boundary_specific,0.75,4,responsive,delayed_critic_reset,23,phase_b,16,80,0.0
exploratory_post_hoc_boundary_specific,0.75,4,responsive,delayed_critic_reset,23,phase_b,32,96,0.0
exploratory_post_hoc_boundary_specific,0.75,4,responsive,delayed_critic_reset,23,phase_b,64,128,0.0
exploratory_post_hoc_boundary_specific,0.75,4,responsive,delayed_critic_reset,23,phase_b,128,192,0.0011
exploratory_post_hoc_boundary_specific,0.75,4,responsive,delayed_critic_reset,23,phase_b,256,320,0.2381
exploratory_post_hoc_boundary_specific,0.75,4,responsive,delayed_critic_reset,23,phase_b,512,576,0.2462
exploratory_post_hoc_boundary_specific,0.75,4,responsive,delayed_critic_reset,23,phase_b,1024,1088,0.2462
exploratory_post_hoc_boundary_specific,0.75,4,responsive,delayed_critic_reset,23,phase_b,1984,2048,0.2462
exploratory_post_hoc_boundary_specific,0.9,3,negative_control,delayed_carry,71,boundary,0,64,0.0
exploratory_post_hoc_boundary_specific,0.9,3,negative_control,delayed_carry,71,phase_b,1,65,0.0
exploratory_post_hoc_boundary_specific,0.9,3,negative_control,delayed_carry,71,phase_b,2,66,0.0
exploratory_post_hoc_boundary_specific,0.9,3,negative_control,delayed_carry,71,phase_b,4,68,0.0
exploratory_post_hoc_boundary_specific,0.9,3,negative_control,delayed_carry,71,phase_b,8,72,0.0
exploratory_post_hoc_boundary_specific,0.9,3,negative_control,delayed_carry,71,phase_b,16,80,0.0
exploratory_post_hoc_boundary_specific,0.9,3,negative_control,delayed_carry,71,phase_b,32,96,0.0
exploratory_post_hoc_boundary_specific,0.9,3,negative_control,delayed_carry,71,phase_b,64,128,0.0
exploratory_post_hoc_boundary_specific,0.9,3,negative_control,delayed_carry,71,phase_b,128,192,0.0
exploratory_post_hoc_boundary_specific,0.9,3,negative_control,delayed_carry,71,phase_b,256,320,0.0
exploratory_post_hoc_boundary_specific,0.9,3,negative_control,delayed_carry,71,phase_b,512,576,0.0
exploratory_post_hoc_boundary_specific,0.9,3,negative_control,delayed_carry,71,phase_b,1024,1088,0.2511
exploratory_post_hoc_boundary_specific,0.9,3,negative_control,delayed_carry,71,phase_b,1984,2048,0.2511
exploratory_post_hoc_boundary_specific,0.75,4,responsive,zero_zero,53,boundary,0,64,0.0
exploratory_post_hoc_boundary_specific,0.75,4,responsive,zero_zero,53,phase_b,1,65,0.0
exploratory_post_hoc_boundary_specific,0.75,4,responsive,zero_zero,53,phase_b,2,66,0.0
exploratory_post_hoc_boundary_specific,0.75,4,responsive,zero_zero,53,phase_b,4,68,0.0
exploratory_post_hoc_boundary_specific,0.75,4,responsive,zero_zero,53,phase_b,8,72,0.0
exploratory_post_hoc_boundary_specific,0.75,4,responsive,zero_zero,53,phase_b,16,80,0.0
exploratory_post_hoc_boundary_specific,0.75,4,responsive,zero_zero,53,phase_b,32,96,0.0
exploratory_post_hoc_boundary_specific,0.75,4,responsive,zero_zero,53,phase_b,64,128,0.0
exploratory_post_hoc_boundary_specific,0.75,4,responsive,zero_zero,53,phase_b,128,192,0.0
exploratory_post_hoc_boundary_specific,0.75,4,responsive,zero_zero,53,phase_b,256,320,0.0
exploratory_post_hoc_boundary_specific,0.75,4,responsive,zero_zero,53,phase_b,512,576,0.0006
exploratory_post_hoc_boundary_specific,0.75,4,responsive,zero_zero,53,phase_b,1024,1088,0.0662
exploratory_post_hoc_boundary_specific,0.75,4,responsive,zero_zero,53,phase_b,1984,2048,0.0662
exploratory_post_hoc_boundary_specific,0.75,4,responsive,delayed_critic_reset,97,boundary,0,64,0.0
exploratory_post_hoc_boundary_specific,0.75,4,responsive,delayed_critic_reset,97,phase_b,1,65,0.0
exploratory_post_hoc_boundary_specific,0.75,4,responsive,delayed_critic_reset,97,phase_b,2,66,0.0
exploratory_post_hoc_boundary_specific,0.75,4,responsive,delayed_critic_reset,97,phase_b,4,68,0.0
exploratory_post_hoc_boundary_specific,0.75,4,responsive,delayed_critic_reset,97,phase_b,8,72,0.0
exploratory_post_hoc_boundary_specific,0.75,4,responsive,delayed_critic_reset,97,phase_b,16,80,0.0
exploratory_post_hoc_boundary_specific,0.75,4,responsive,delayed_critic_reset,97,phase_b,32,96,0.0
exploratory_post_hoc_boundary_specific,0.75,4,responsive,delayed_critic_reset,97,phase_b,64,128,0.0
exploratory_post_hoc_boundary_specific,0.75,4,responsive,delayed_critic_reset,97,phase_b,128,192,0.0
exploratory_post_hoc_boundary_specific,0.75,4,responsive,delayed_critic_reset,97,phase_b,256,320,0.0004
exploratory_post_hoc_boundary_specific,0.75,4,responsive,delayed_critic_reset,97,phase_b,512,576,0.3743
exploratory_post_hoc_boundary_specific,0.75,4,responsive,delayed_critic_reset,97,phase_b,1024,1088,0.3747
exploratory_post_hoc_boundary_specific,0.75,4,responsive,delayed_critic_reset,97,phase_b,1984,2048,0.3747
exploratory_post_hoc_boundary_specific,0.75,4,responsive,early_only,53,boundary,0,64,0.0
exploratory_post_hoc_boundary_specific,0.75,4,responsive,early_only,53,phase_b,1,65,0.0
exploratory_post_hoc_boundary_specific,0.75,4,responsive,early_only,53,phase_b,2,66,0.0
exploratory_post_hoc_boundary_specific,0.75,4,responsive,early_only,53,phase_b,4,68,0.0
exploratory_post_hoc_boundary_specific,0.75,4,responsive,early_only,53,phase_b,8,72,0.0
exploratory_post_hoc_boundary_specific,0.75,4,responsive,early_only,53,phase_b,16,80,0.0
exploratory_post_hoc_boundary_specific,0.75,4,responsive,early_only,53,phase_b,32,96,0.0
exploratory_post_hoc_boundary_specific,0.75,4,responsive,early_only,53,phase_b,64,128,0.0
exploratory_post_hoc_boundary_specific,0.75,4,responsive,early_only,53,phase_b,128,192,0.0
exploratory_post_hoc_boundary_specific,0.75,4,responsive,early_only,53,phase_b,256,320,0.0
exploratory_post_hoc_boundary_specific,0.75,4,responsive,early_only,53,phase_b,512,576,0.0
exploratory_post_hoc_boundary_specific,0.75,4,responsive,early_only,53,phase_b,1024,1088,0.0
exploratory_post_hoc_boundary_specific,0.75,4,responsive,early_only,53,phase_b,1984,2048,0.0
exploratory_post_hoc_boundary_specific,0.9,3,negative_control,zero_zero,53,boundary,0,64,0.0
exploratory_post_hoc_boundary_specific,0.9,3,negative_control,zero_zero,53,phase_b,1,65,0.0
exploratory_post_hoc_boundary_specific,0.9,3,negative_control,zero_zero,53,phase_b,2,66,0.0
exploratory_post_hoc_boundary_specific,0.9,3,negative_control,zero_zero,53,phase_b,4,68,0.0
exploratory_post_hoc_boundary_specific,0.9,3,negative_control,zero_zero,53,phase_b,8,72,0.0
exploratory_post_hoc_boundary_specific,0.9,3,negative_control,zero_zero,53,phase_b,16,80,0.0
exploratory_post_hoc_boundary_specific,0.9,3,negative_control,zero_zero,53,phase_b,32,96,0.0
exploratory_post_hoc_boundary_specific,0.9,3,negative_control,zero_zero,53,phase_b,64,128,0.0
exploratory_post_hoc_boundary_specific,0.9,3,negative_control,zero_zero,53,phase_b,128,192,0.0
exploratory_post_hoc_boundary_specific,0.9,3,negative_control,zero_zero,53,phase_b,256,320,0.0
exploratory_post_hoc_boundary_specific,0.9,3,negative_control,zero_zero,53,phase_b,512,576,0.0
exploratory_post_hoc_boundary_specific,0.9,3,negative_control,zero_zero,53,phase_b,1024,1088,0.0
exploratory_post_hoc_boundary_specific,0.9,3,negative_control,zero_zero,53,phase_b,1984,2048,0.0
exploratory_post_hoc_boundary_specific,0.9,3,negative_control,early_only,53,boundary,0,64,0.0
exploratory_post_hoc_boundary_specific,0.9,3,negative_control,early_only,53,phase_b,1,65,0.0
exploratory_post_hoc_boundary_specific,0.9,3,negative_control,early_only,53,phase_b,2,66,0.0
exploratory_post_hoc_boundary_specific,0.9,3,negative_control,early_only,53,phase_b,4,68,0.0
exploratory_post_hoc_boundary_specific,0.9,3,negative_control,early_only,53,phase_b,8,72,0.0
exploratory_post_hoc_boundary_specific,0.9,3,negative_control,early_only,53,phase_b,16,80,0.0
exploratory_post_hoc_boundary_specific,0.9,3,negative_control,early_only,53,phase_b,32,96,0.0
exploratory_post_hoc_boundary_specific,0.9,3,negative_control,early_only,53,phase_b,64,128,0.0
exploratory_post_hoc_boundary_specific,0.9,3,negative_control,early_only,53,phase_b,128,192,0.0
exploratory_post_hoc_boundary_specific,0.9,3,negative_control,early_only,53,phase_b,256,320,0.0
exploratory_post_hoc_boundary_specific,0.9,3,negative_control,early_only,53,phase_b,512,576,0.0
exploratory_post_hoc_boundary_specific,0.9,3,negative_control,early_only,53,phase_b,1024,1088,0.0
exploratory_post_hoc_boundary_specific,0.9,3,negative_control,early_only,53,phase_b,1984,2048,0.0
exploratory_post_hoc_boundary_specific,0.75,4,responsive,zero_zero,71,boundary,0,64,0.0
exploratory_post_hoc_boundary_specific,0.75,4,responsive,zero_zero,71,phase_b,1,65,0.0
exploratory_post_hoc_boundary_specific,0.75,4,responsive,zero_zero,71,phase_b,2,66,0.0
exploratory_post_hoc_boundary_specific,0.75,4,responsive,zero_zero,71,phase_b,4,68,0.0
exploratory_post_hoc_boundary_specific,0.75,4,responsive,zero_zero,71,phase_b,8,72,0.0
exploratory_post_hoc_boundary_specific,0.75,4,responsive,zero_zero,71,phase_b,16,80,0.0
exploratory_post_hoc_boundary_specific,0.75,4,responsive,zero_zero,71,phase_b,32,96,0.0
exploratory_post_hoc_boundary_specific,0.75,4,responsive,zero_zero,71,phase_b,64,128,0.0
exploratory_post_hoc_boundary_specific,0.75,4,responsive,zero_zero,71,phase_b,128,192,0.0
exploratory_post_hoc_boundary_specific,0.75,4,responsive,zero_zero,71,phase_b,256,320,0.0
exploratory_post_hoc_boundary_specific,0.75,4,responsive,zero_zero,71,phase_b,512,576,0.0
exploratory_post_hoc_boundary_specific,0.75,4,responsive,zero_zero,71,phase_b,1024,1088,0.0
exploratory_post_hoc_boundary_specific,0.75,4,responsive,zero_zero,71,phase_b,1984,2048,0.0
exploratory_post_hoc_boundary_specific,0.9,3,negative_control,delayed_carry,97,boundary,0,64,0.0
exploratory_post_hoc_boundary_specific,0.9,3,negative_control,delayed_carry,97,phase_b,1,65,0.0
exploratory_post_hoc_boundary_specific,0.9,3,negative_control,delayed_carry,97,phase_b,2,66,0.0
exploratory_post_hoc_boundary_specific,0.9,3,negative_control,delayed_carry,97,phase_b,4,68,0.0
exploratory_post_hoc_boundary_specific,0.9,3,negative_control,delayed_carry,97,phase_b,8,72,0.0
exploratory_post_hoc_boundary_specific,0.9,3,negative_control,delayed_carry,97,phase_b,16,80,0.0
exploratory_post_hoc_boundary_specific,0.9,3,negative_control,delayed_carry,97,phase_b,32,96,0.0
exploratory_post_hoc_boundary_specific,0.9,3,negative_control,delayed_carry,97,phase_b,64,128,0.0
exploratory_post_hoc_boundary_specific,0.9,3,negative_control,delayed_carry,97,phase_b,128,192,0.0
exploratory_post_hoc_boundary_specific,0.9,3,negative_control,delayed_carry,97,phase_b,256,320,0.0
exploratory_post_hoc_boundary_specific,0.9,3,negative_control,delayed_carry,97,phase_b,512,576,0.0
exploratory_post_hoc_boundary_specific,0.9,3,negative_control,delayed_carry,97,phase_b,1024,1088,0.0
exploratory_post_hoc_boundary_specific,0.9,3,negative_control,delayed_carry,97,phase_b,1984,2048,0.0
exploratory_post_hoc_boundary_specific,0.9,3,negative_control,delayed_critic_reset,41,boundary,0,64,0.0
exploratory_post_hoc_boundary_specific,0.9,3,negative_control,delayed_critic_reset,41,phase_b,1,65,0.0
exploratory_post_hoc_boundary_specific,0.9,3,negative_control,delayed_critic_reset,41,phase_b,2,66,0.0
exploratory_post_hoc_boundary_specific,0.9,3,negative_control,delayed_critic_reset,41,phase_b,4,68,0.0
exploratory_post_hoc_boundary_specific,0.9,3,negative_control,delayed_critic_reset,41,phase_b,8,72,0.0
exploratory_post_hoc_boundary_specific,0.9,3,negative_control,delayed_critic_reset,41,phase_b,16,80,0.0
exploratory_post_hoc_boundary_specific,0.9,3,negative_control,delayed_critic_reset,41,phase_b,32,96,0.0
exploratory_post_hoc_boundary_specific,0.9,3,negative_control,delayed_critic_reset,41,phase_b,64,128,0.0
exploratory_post_hoc_boundary_specific,0.9,3,negative_control,delayed_critic_reset,41,phase_b,128,192,0.0
exploratory_post_hoc_boundary_specific,0.9,3,negative_control,delayed_critic_reset,41,phase_b,256,320,0.0
exploratory_post_hoc_boundary_specific,0.9,3,negative_control,delayed_critic_reset,41,phase_b,512,576,0.2448
exploratory_post_hoc_boundary_specific,0.9,3,negative_control,delayed_critic_reset,41,phase_b,1024,1088,0.2457
exploratory_post_hoc_boundary_specific,0.9,3,negative_control,delayed_critic_reset,41,phase_b,1984,2048,0.2457
exploratory_post_hoc_boundary_specific,0.75,4,responsive,early_only,41,boundary,0,64,0.0202
exploratory_post_hoc_boundary_specific,0.75,4,responsive,early_only,41,phase_b,1,65,0.0193
exploratory_post_hoc_boundary_specific,0.75,4,responsive,early_only,41,phase_b,2,66,0.0131
exploratory_post_hoc_boundary_specific,0.75,4,responsive,early_only,41,phase_b,4,68,0.0035
exploratory_post_hoc_boundary_specific,0.75,4,responsive,early_only,41,phase_b,8,72,0.0
exploratory_post_hoc_boundary_specific,0.75,4,responsive,early_only,41,phase_b,16,80,0.0
exploratory_post_hoc_boundary_specific,0.75,4,responsive,early_only,41,phase_b,32,96,0.0
exploratory_post_hoc_boundary_specific,0.75,4,responsive,early_only,41,phase_b,64,128,0.0
exploratory_post_hoc_boundary_specific,0.75,4,responsive,early_only,41,phase_b,128,192,0.0
exploratory_post_hoc_boundary_specific,0.75,4,responsive,early_only,41,phase_b,256,320,0.0
exploratory_post_hoc_boundary_specific,0.75,4,responsive,early_only,41,phase_b,512,576,0.0
exploratory_post_hoc_boundary_specific,0.75,4,responsive,early_only,41,phase_b,1024,1088,0.0
exploratory_post_hoc_boundary_specific,0.75,4,responsive,early_only,41,phase_b,1984,2048,0.0
exploratory_post_hoc_boundary_specific,0.9,3,negative_control,delayed_actor_reset,101,boundary,0,64,0.0
exploratory_post_hoc_boundary_specific,0.9,3,negative_control,delayed_actor_reset,101,phase_b,1,65,0.0
exploratory_post_hoc_boundary_specific,0.9,3,negative_control,delayed_actor_reset,101,phase_b,2,66,0.0
exploratory_post_hoc_boundary_specific,0.9,3,negative_control,delayed_actor_reset,101,phase_b,4,68,0.0
exploratory_post_hoc_boundary_specific,0.9,3,negative_control,delayed_actor_reset,101,phase_b,8,72,0.0
exploratory_post_hoc_boundary_specific,0.9,3,negative_control,delayed_actor_reset,101,phase_b,16,80,0.0
exploratory_post_hoc_boundary_specific,0.9,3,negative_control,delayed_actor_reset,101,phase_b,32,96,0.0
exploratory_post_hoc_boundary_specific,0.9,3,negative_control,delayed_actor_reset,101,phase_b,64,128,0.0
exploratory_post_hoc_boundary_specific,0.9,3,negative_control,delayed_actor_reset,101,phase_b,128,192,0.0
exploratory_post_hoc_boundary_specific,0.9,3,negative_control,delayed_actor_reset,101,phase_b,256,320,0.0
exploratory_post_hoc_boundary_specific,0.9,3,negative_control,delayed_actor_reset,101,phase_b,512,576,0.0
exploratory_post_hoc_boundary_specific,0.9,3,negative_control,delayed_actor_reset,101,phase_b,1024,1088,0.0
exploratory_post_hoc_boundary_specific,0.9,3,negative_control,delayed_actor_reset,101,phase_b,1984,2048,0.0
exploratory_post_hoc_boundary_specific,0.75,4,responsive,early_only,71,boundary,0,64,0.0
exploratory_post_hoc_boundary_specific,0.75,4,responsive,early_only,71,phase_b,1,65,0.0
exploratory_post_hoc_boundary_specific,0.75,4,responsive,early_only,71,phase_b,2,66,0.0
exploratory_post_hoc_boundary_specific,0.75,4,responsive,early_only,71,phase_b,4,68,0.0
exploratory_post_hoc_boundary_specific,0.75,4,responsive,early_only,71,phase_b,8,72,0.0
exploratory_post_hoc_boundary_specific,0.75,4,responsive,early_only,71,phase_b,16,80,0.0
exploratory_post_hoc_boundary_specific,0.75,4,responsive,early_only,71,phase_b,32,96,0.0
exploratory_post_hoc_boundary_specific,0.75,4,responsive,early_only,71,phase_b,64,128,0.0
exploratory_post_hoc_boundary_specific,0.75,4,responsive,early_only,71,phase_b,128,192,0.0
exploratory_post_hoc_boundary_specific,0.75,4,responsive,early_only,71,phase_b,256,320,0.0
exploratory_post_hoc_boundary_specific,0.75,4,responsive,early_only,71,phase_b,512,576,0.0
exploratory_post_hoc_boundary_specific,0.75,4,responsive,early_only,71,phase_b,1024,1088,0.0
exploratory_post_hoc_boundary_specific,0.75,4,responsive,early_only,71,phase_b,1984,2048,0.0
exploratory_post_hoc_boundary_specific,0.9,3,negative_control,delayed_critic_reset,67,boundary,0,64,0.0
exploratory_post_hoc_boundary_specific,0.9,3,negative_control,delayed_critic_reset,67,phase_b,1,65,0.0
exploratory_post_hoc_boundary_specific,0.9,3,negative_control,delayed_critic_reset,67,phase_b,2,66,0.0
exploratory_post_hoc_boundary_specific,0.9,3,negative_control,delayed_critic_reset,67,phase_b,4,68,0.0
exploratory_post_hoc_boundary_specific,0.9,3,negative_control,delayed_critic_reset,67,phase_b,8,72,0.0
exploratory_post_hoc_boundary_specific,0.9,3,negative_control,delayed_critic_reset,67,phase_b,16,80,0.0
exploratory_post_hoc_boundary_specific,0.9,3,negative_control,delayed_critic_reset,67,phase_b,32,96,0.0
exploratory_post_hoc_boundary_specific,0.9,3,negative_control,delayed_critic_reset,67,phase_b,64,128,0.0
exploratory_post_hoc_boundary_specific,0.9,3,negative_control,delayed_critic_reset,67,phase_b,128,192,0.0
exploratory_post_hoc_boundary_specific,0.9,3,negative_control,delayed_critic_reset,67,phase_b,256,320,0.0
exploratory_post_hoc_boundary_specific,0.9,3,negative_control,delayed_critic_reset,67,phase_b,512,576,0.0
exploratory_post_hoc_boundary_specific,0.9,3,negative_control,delayed_critic_reset,67,phase_b,1024,1088,0.0
exploratory_post_hoc_boundary_specific,0.9,3,negative_control,delayed_critic_reset,67,phase_b,1984,2048,0.0
exploratory_post_hoc_boundary_specific,0.75,4,responsive,delayed_carry,41,boundary,0,64,0.0
exploratory_post_hoc_boundary_specific,0.75,4,responsive,delayed_carry,41,phase_b,1,65,0.0
exploratory_post_hoc_boundary_specific,0.75,4,responsive,delayed_carry,41,phase_b,2,66,0.0
exploratory_post_hoc_boundary_specific,0.75,4,responsive,delayed_carry,41,phase_b,4,68,0.0
exploratory_post_hoc_boundary_specific,0.75,4,responsive,delayed_carry,41,phase_b,8,72,0.0
exploratory_post_hoc_boundary_specific,0.75,4,responsive,delayed_carry,41,phase_b,16,80,0.0
exploratory_post_hoc_boundary_specific,0.75,4,responsive,delayed_carry,41,phase_b,32,96,0.0
exploratory_post_hoc_boundary_specific,0.75,4,responsive,delayed_carry,41,phase_b,64,128,0.0003
exploratory_post_hoc_boundary_specific,0.75,4,responsive,delayed_carry,41,phase_b,128,192,0.0018
exploratory_post_hoc_boundary_specific,0.75,4,responsive,delayed_carry,41,phase_b,256,320,0.0103
exploratory_post_hoc_boundary_specific,0.75,4,responsive,delayed_carry,41,phase_b,512,576,0.244
exploratory_post_hoc_boundary_specific,0.75,4,responsive,delayed_carry,41,phase_b,1024,1088,0.2448
exploratory_post_hoc_boundary_specific,0.75,4,responsive,delayed_carry,41,phase_b,1984,2048,0.2448
exploratory_post_hoc_boundary_specific,0.75,4,responsive,high_high,71,boundary,0,64,0.0
exploratory_post_hoc_boundary_specific,0.75,4,responsive,high_high,71,phase_b,1,65,0.0
exploratory_post_hoc_boundary_specific,0.75,4,responsive,high_high,71,phase_b,2,66,0.0
exploratory_post_hoc_boundary_specific,0.75,4,responsive,high_high,71,phase_b,4,68,0.0
exploratory_post_hoc_boundary_specific,0.75,4,responsive,high_high,71,phase_b,8,72,0.0
exploratory_post_hoc_boundary_specific,0.75,4,responsive,high_high,71,phase_b,16,80,0.0
exploratory_post_hoc_boundary_specific,0.75,4,responsive,high_high,71,phase_b,32,96,0.0
exploratory_post_hoc_boundary_specific,0.75,4,responsive,high_high,71,phase_b,64,128,0.0
exploratory_post_hoc_boundary_specific,0.75,4,responsive,high_high,71,phase_b,128,192,0.0
exploratory_post_hoc_boundary_specific,0.75,4,responsive,high_high,71,phase_b,256,320,0.0028
exploratory_post_hoc_boundary_specific,0.75,4,responsive,high_high,71,phase_b,512,576,0.9384
exploratory_post_hoc_boundary_specific,0.75,4,responsive,high_high,71,phase_b,1024,1088,1.0
exploratory_post_hoc_boundary_specific,0.75,4,responsive,high_high,71,phase_b,1984,2048,1.0
exploratory_post_hoc_boundary_specific,0.9,3,negative_control,delayed_critic_reset,11,boundary,0,64,0.0
exploratory_post_hoc_boundary_specific,0.9,3,negative_control,delayed_critic_reset,11,phase_b,1,65,0.0
exploratory_post_hoc_boundary_specific,0.9,3,negative_control,delayed_critic_reset,11,phase_b,2,66,0.0
exploratory_post_hoc_boundary_specific,0.9,3,negative_control,delayed_critic_reset,11,phase_b,4,68,0.0
exploratory_post_hoc_boundary_specific,0.9,3,negative_control,delayed_critic_reset,11,phase_b,8,72,0.0
exploratory_post_hoc_boundary_specific,0.9,3,negative_control,delayed_critic_reset,11,phase_b,16,80,0.0
exploratory_post_hoc_boundary_specific,0.9,3,negative_control,delayed_critic_reset,11,phase_b,32,96,0.0
exploratory_post_hoc_boundary_specific,0.9,3,negative_control,delayed_critic_reset,11,phase_b,64,128,0.0
exploratory_post_hoc_boundary_specific,0.9,3,negative_control,delayed_critic_reset,11,phase_b,128,192,0.0
exploratory_post_hoc_boundary_specific,0.9,3,negative_control,delayed_critic_reset,11,phase_b,256,320,0.0
exploratory_post_hoc_boundary_specific,0.9,3,negative_control,delayed_critic_reset,11,phase_b,512,576,0.0
exploratory_post_hoc_boundary_specific,0.9,3,negative_control,delayed_critic_reset,11,phase_b,1024,1088,0.0
exploratory_post_hoc_boundary_specific,0.9,3,negative_control,delayed_critic_reset,11,phase_b,1984,2048,0.0
exploratory_post_hoc_boundary_specific,0.75,4,responsive,zero_zero,37,boundary,0,64,0.0
exploratory_post_hoc_boundary_specific,0.75,4,responsive,zero_zero,37,phase_b,1,65,0.0
exploratory_post_hoc_boundary_specific,0.75,4,responsive,zero_zero,37,phase_b,2,66,0.0
exploratory_post_hoc_boundary_specific,0.75,4,responsive,zero_zero,37,phase_b,4,68,0.0
exploratory_post_hoc_boundary_specific,0.75,4,responsive,zero_zero,37,phase_b,8,72,0.0
exploratory_post_hoc_boundary_specific,0.75,4,responsive,zero_zero,37,phase_b,16,80,0.0
exploratory_post_hoc_boundary_specific,0.75,4,responsive,zero_zero,37,phase_b,32,96,0.0
exploratory_post_hoc_boundary_specific,0.75,4,responsive,zero_zero,37,phase_b,64,128,0.0
exploratory_post_hoc_boundary_specific,0.75,4,responsive,zero_zero,37,phase_b,128,192,0.0
exploratory_post_hoc_boundary_specific,0.75,4,responsive,zero_zero,37,phase_b,256,320,0.0
exploratory_post_hoc_boundary_specific,0.75,4,responsive,zero_zero,37,phase_b,512,576,0.0
exploratory_post_hoc_boundary_specific,0.75,4,responsive,zero_zero,37,phase_b,1024,1088,0.0
exploratory_post_hoc_boundary_specific,0.75,4,responsive,zero_zero,37,phase_b,1984,2048,0.0
exploratory_post_hoc_boundary_specific,0.9,3,negative_control,delayed_actor_reset,71,boundary,0,64,0.0
exploratory_post_hoc_boundary_specific,0.9,3,negative_control,delayed_actor_reset,71,phase_b,1,65,0.0
exploratory_post_hoc_boundary_specific,0.9,3,negative_control,delayed_actor_reset,71,phase_b,2,66,0.0
exploratory_post_hoc_boundary_specific,0.9,3,negative_control,delayed_actor_reset,71,phase_b,4,68,0.0
exploratory_post_hoc_boundary_specific,0.9,3,negative_control,delayed_actor_reset,71,phase_b,8,72,0.0
exploratory_post_hoc_boundary_specific,0.9,3,negative_control,delayed_actor_reset,71,phase_b,16,80,0.0
exploratory_post_hoc_boundary_specific,0.9,3,negative_control,delayed_actor_reset,71,phase_b,32,96,0.0
exploratory_post_hoc_boundary_specific,0.9,3,negative_control,delayed_actor_reset,71,phase_b,64,128,0.0
exploratory_post_hoc_boundary_specific,0.9,3,negative_control,delayed_actor_reset,71,phase_b,128,192,0.0
exploratory_post_hoc_boundary_specific,0.9,3,negative_control,delayed_actor_reset,71,phase_b,256,320,0.0
exploratory_post_hoc_boundary_specific,0.9,3,negative_control,delayed_actor_reset,71,phase_b,512,576,0.0
exploratory_post_hoc_boundary_specific,0.9,3,negative_control,delayed_actor_reset,71,phase_b,1024,1088,0.0
exploratory_post_hoc_boundary_specific,0.9,3,negative_control,delayed_actor_reset,71,phase_b,1984,2048,0.246
exploratory_post_hoc_boundary_specific,0.75,4,responsive,delayed_carry,67,boundary,0,64,0.0
exploratory_post_hoc_boundary_specific,0.75,4,responsive,delayed_carry,67,phase_b,1,65,0.0
exploratory_post_hoc_boundary_specific,0.75,4,responsive,delayed_carry,67,phase_b,2,66,0.0
exploratory_post_hoc_boundary_specific,0.75,4,responsive,delayed_carry,67,phase_b,4,68,0.0
exploratory_post_hoc_boundary_specific,0.75,4,responsive,delayed_carry,67,phase_b,8,72,0.0
exploratory_post_hoc_boundary_specific,0.75,4,responsive,delayed_carry,67,phase_b,16,80,0.0
exploratory_post_hoc_boundary_specific,0.75,4,responsive,delayed_carry,67,phase_b,32,96,0.0
exploratory_post_hoc_boundary_specific,0.75,4,responsive,delayed_carry,67,phase_b,64,128,0.0003
exploratory_post_hoc_boundary_specific,0.75,4,responsive,delayed_carry,67,phase_b,128,192,0.0005
exploratory_post_hoc_boundary_specific,0.75,4,responsive,delayed_carry,67,phase_b,256,320,0.1226
exploratory_post_hoc_boundary_specific,0.75,4,responsive,delayed_carry,67,phase_b,512,576,0.1839
exploratory_post_hoc_boundary_specific,0.75,4,responsive,delayed_carry,67,phase_b,1024,1088,0.2465
exploratory_post_hoc_boundary_specific,0.75,4,responsive,delayed_carry,67,phase_b,1984,2048,0.2465
exploratory_post_hoc_boundary_specific,0.75,4,responsive,zero_zero,83,boundary,0,64,0.0
exploratory_post_hoc_boundary_specific,0.75,4,responsive,zero_zero,83,phase_b,1,65,0.0
exploratory_post_hoc_boundary_specific,0.75,4,responsive,zero_zero,83,phase_b,2,66,0.0
exploratory_post_hoc_boundary_specific,0.75,4,responsive,zero_zero,83,phase_b,4,68,0.0
exploratory_post_hoc_boundary_specific,0.75,4,responsive,zero_zero,83,phase_b,8,72,0.0
exploratory_post_hoc_boundary_specific,0.75,4,responsive,zero_zero,83,phase_b,16,80,0.0
exploratory_post_hoc_boundary_specific,0.75,4,responsive,zero_zero,83,phase_b,32,96,0.0
exploratory_post_hoc_boundary_specific,0.75,4,responsive,zero_zero,83,phase_b,64,128,0.0
exploratory_post_hoc_boundary_specific,0.75,4,responsive,zero_zero,83,phase_b,128,192,0.0
exploratory_post_hoc_boundary_specific,0.75,4,responsive,zero_zero,83,phase_b,256,320,0.0
exploratory_post_hoc_boundary_specific,0.75,4,responsive,zero_zero,83,phase_b,512,576,0.0
exploratory_post_hoc_boundary_specific,0.75,4,responsive,zero_zero,83,phase_b,1024,1088,0.0602
exploratory_post_hoc_boundary_specific,0.75,4,responsive,zero_zero,83,phase_b,1984,2048,0.0602
exploratory_post_hoc_boundary_specific,0.9,3,negative_control,zero_zero,41,boundary,0,64,0.0
exploratory_post_hoc_boundary_specific,0.9,3,negative_control,zero_zero,41,phase_b,1,65,0.0
exploratory_post_hoc_boundary_specific,0.9,3,negative_control,zero_zero,41,phase_b,2,66,0.0
exploratory_post_hoc_boundary_specific,0.9,3,negative_control,zero_zero,41,phase_b,4,68,0.0
exploratory_post_hoc_boundary_specific,0.9,3,negative_control,zero_zero,41,phase_b,8,72,0.0
exploratory_post_hoc_boundary_specific,0.9,3,negative_control,zero_zero,41,phase_b,16,80,0.0
exploratory_post_hoc_boundary_specific,0.9,3,negative_control,zero_zero,41,phase_b,32,96,0.0
exploratory_post_hoc_boundary_specific,0.9,3,negative_control,zero_zero,41,phase_b,64,128,0.0
exploratory_post_hoc_boundary_specific,0.9,3,negative_control,zero_zero,41,phase_b,128,192,0.0
exploratory_post_hoc_boundary_specific,0.9,3,negative_control,zero_zero,41,phase_b,256,320,0.0
exploratory_post_hoc_boundary_specific,0.9,3,negative_control,zero_zero,41,phase_b,512,576,0.0
exploratory_post_hoc_boundary_specific,0.9,3,negative_control,zero_zero,41,phase_b,1024,1088,0.0
exploratory_post_hoc_boundary_specific,0.9,3,negative_control,zero_zero,41,phase_b,1984,2048,0.0
exploratory_post_hoc_boundary_specific,0.9,3,negative_control,high_high,23,boundary,0,64,0.0
exploratory_post_hoc_boundary_specific,0.9,3,negative_control,high_high,23,phase_b,1,65,0.0
exploratory_post_hoc_boundary_specific,0.9,3,negative_control,high_high,23,phase_b,2,66,0.0
exploratory_post_hoc_boundary_specific,0.9,3,negative_control,high_high,23,phase_b,4,68,0.0
exploratory_post_hoc_boundary_specific,0.9,3,negative_control,high_high,23,phase_b,8,72,0.0
exploratory_post_hoc_boundary_specific,0.9,3,negative_control,high_high,23,phase_b,16,80,0.0
exploratory_post_hoc_boundary_specific,0.9,3,negative_control,high_high,23,phase_b,32,96,0.0
exploratory_post_hoc_boundary_specific,0.9,3,negative_control,high_high,23,phase_b,64,128,0.0
exploratory_post_hoc_boundary_specific,0.9,3,negative_control,high_high,23,phase_b,128,192,0.0
exploratory_post_hoc_boundary_specific,0.9,3,negative_control,high_high,23,phase_b,256,320,0.0024
exploratory_post_hoc_boundary_specific,0.9,3,negative_control,high_high,23,phase_b,512,576,0.249
exploratory_post_hoc_boundary_specific,0.9,3,negative_control,high_high,23,phase_b,1024,1088,0.249
exploratory_post_hoc_boundary_specific,0.9,3,negative_control,high_high,23,phase_b,1984,2048,0.249
exploratory_post_hoc_boundary_specific,0.9,3,negative_control,delayed_carry,67,boundary,0,64,0.0
exploratory_post_hoc_boundary_specific,0.9,3,negative_control,delayed_carry,67,phase_b,1,65,0.0
exploratory_post_hoc_boundary_specific,0.9,3,negative_control,delayed_carry,67,phase_b,2,66,0.0
exploratory_post_hoc_boundary_specific,0.9,3,negative_control,delayed_carry,67,phase_b,4,68,0.0
exploratory_post_hoc_boundary_specific,0.9,3,negative_control,delayed_carry,67,phase_b,8,72,0.0
exploratory_post_hoc_boundary_specific,0.9,3,negative_control,delayed_carry,67,phase_b,16,80,0.0
exploratory_post_hoc_boundary_specific,0.9,3,negative_control,delayed_carry,67,phase_b,32,96,0.0
exploratory_post_hoc_boundary_specific,0.9,3,negative_control,delayed_carry,67,phase_b,64,128,0.0
exploratory_post_hoc_boundary_specific,0.9,3,negative_control,delayed_carry,67,phase_b,128,192,0.0
exploratory_post_hoc_boundary_specific,0.9,3,negative_control,delayed_carry,67,phase_b,256,320,0.0
exploratory_post_hoc_boundary_specific,0.9,3,negative_control,delayed_carry,67,phase_b,512,576,0.0
exploratory_post_hoc_boundary_specific,0.9,3,negative_control,delayed_carry,67,phase_b,1024,1088,0.2489
exploratory_post_hoc_boundary_specific,0.9,3,negative_control,delayed_carry,67,phase_b,1984,2048,0.2461
exploratory_post_hoc_boundary_specific,0.75,4,responsive,high_high,101,boundary,0,64,0.0
exploratory_post_hoc_boundary_specific,0.75,4,responsive,high_high,101,phase_b,1,65,0.0
exploratory_post_hoc_boundary_specific,0.75,4,responsive,high_high,101,phase_b,2,66,0.0
exploratory_post_hoc_boundary_specific,0.75,4,responsive,high_high,101,phase_b,4,68,0.0
exploratory_post_hoc_boundary_specific,0.75,4,responsive,high_high,101,phase_b,8,72,0.0
exploratory_post_hoc_boundary_specific,0.75,4,responsive,high_high,101,phase_b,16,80,0.0
exploratory_post_hoc_boundary_specific,0.75,4,responsive,high_high,101,phase_b,32,96,0.0
exploratory_post_hoc_boundary_specific,0.75,4,responsive,high_high,101,phase_b,64,128,0.0
exploratory_post_hoc_boundary_specific,0.75,4,responsive,high_high,101,phase_b,128,192,0.2115
exploratory_post_hoc_boundary_specific,0.75,4,responsive,high_high,101,phase_b,256,320,1.0
exploratory_post_hoc_boundary_specific,0.75,4,responsive,high_high,101,phase_b,512,576,1.0
exploratory_post_hoc_boundary_specific,0.75,4,responsive,high_high,101,phase_b,1024,1088,1.0
exploratory_post_hoc_boundary_specific,0.75,4,responsive,high_high,101,phase_b,1984,2048,1.0
exploratory_post_hoc_boundary_specific,0.75,4,responsive,high_high,41,boundary,0,64,0.0202
exploratory_post_hoc_boundary_specific,0.75,4,responsive,high_high,41,phase_b,1,65,0.0198
exploratory_post_hoc_boundary_specific,0.75,4,responsive,high_high,41,phase_b,2,66,0.0162
exploratory_post_hoc_boundary_specific,0.75,4,responsive,high_high,41,phase_b,4,68,0.005
exploratory_post_hoc_boundary_specific,0.75,4,responsive,high_high,41,phase_b,8,72,0.0
exploratory_post_hoc_boundary_specific,0.75,4,responsive,high_high,41,phase_b,16,80,0.0
exploratory_post_hoc_boundary_specific,0.75,4,responsive,high_high,41,phase_b,32,96,0.0
exploratory_post_hoc_boundary_specific,0.75,4,responsive,high_high,41,phase_b,64,128,0.0
exploratory_post_hoc_boundary_specific,0.75,4,responsive,high_high,41,phase_b,128,192,0.0
exploratory_post_hoc_boundary_specific,0.75,4,responsive,high_high,41,phase_b,256,320,0.0022
exploratory_post_hoc_boundary_specific,0.75,4,responsive,high_high,41,phase_b,512,576,0.4346
exploratory_post_hoc_boundary_specific,0.75,4,responsive,high_high,41,phase_b,1024,1088,0.4356
exploratory_post_hoc_boundary_specific,0.75,4,responsive,high_high,41,phase_b,1984,2048,0.4355
exploratory_post_hoc_boundary_specific,0.75,4,responsive,high_high,83,boundary,0,64,0.0
exploratory_post_hoc_boundary_specific,0.75,4,responsive,high_high,83,phase_b,1,65,0.0
exploratory_post_hoc_boundary_specific,0.75,4,responsive,high_high,83,phase_b,2,66,0.0
exploratory_post_hoc_boundary_specific,0.75,4,responsive,high_high,83,phase_b,4,68,0.0
exploratory_post_hoc_boundary_specific,0.75,4,responsive,high_high,83,phase_b,8,72,0.0
exploratory_post_hoc_boundary_specific,0.75,4,responsive,high_high,83,phase_b,16,80,0.0
exploratory_post_hoc_boundary_specific,0.75,4,responsive,high_high,83,phase_b,32,96,0.0
exploratory_post_hoc_boundary_specific,0.75,4,responsive,high_high,83,phase_b,64,128,0.0
exploratory_post_hoc_boundary_specific,0.75,4,responsive,high_high,83,phase_b,128,192,0.1172
exploratory_post_hoc_boundary_specific,0.75,4,responsive,high_high,83,phase_b,256,320,0.2465
exploratory_post_hoc_boundary_specific,0.75,4,responsive,high_high,83,phase_b,512,576,0.2465
exploratory_post_hoc_boundary_specific,0.75,4,responsive,high_high,83,phase_b,1024,1088,0.2465
exploratory_post_hoc_boundary_specific,0.75,4,responsive,high_high,83,phase_b,1984,2048,0.2465
exploratory_post_hoc_boundary_specific,0.75,4,responsive,early_only,97,boundary,0,64,0.0
exploratory_post_hoc_boundary_specific,0.75,4,responsive,early_only,97,phase_b,1,65,0.0
exploratory_post_hoc_boundary_specific,0.75,4,responsive,early_only,97,phase_b,2,66,0.0
exploratory_post_hoc_boundary_specific,0.75,4,responsive,early_only,97,phase_b,4,68,0.0
exploratory_post_hoc_boundary_specific,0.75,4,responsive,early_only,97,phase_b,8,72,0.0
exploratory_post_hoc_boundary_specific,0.75,4,responsive,early_only,97,phase_b,16,80,0.0
exploratory_post_hoc_boundary_specific,0.75,4,responsive,early_only,97,phase_b,32,96,0.0
exploratory_post_hoc_boundary_specific,0.75,4,responsive,early_only,97,phase_b,64,128,0.0
exploratory_post_hoc_boundary_specific,0.75,4,responsive,early_only,97,phase_b,128,192,0.0
exploratory_post_hoc_boundary_specific,0.75,4,responsive,early_only,97,phase_b,256,320,0.0
exploratory_post_hoc_boundary_specific,0.75,4,responsive,early_only,97,phase_b,512,576,0.0009
exploratory_post_hoc_boundary_specific,0.75,4,responsive,early_only,97,phase_b,1024,1088,0.0
exploratory_post_hoc_boundary_specific,0.75,4,responsive,early_only,97,phase_b,1984,2048,0.0
exploratory_post_hoc_boundary_specific,0.75,4,responsive,delayed_actor_reset,37,boundary,0,64,0.0
exploratory_post_hoc_boundary_specific,0.75,4,responsive,delayed_actor_reset,37,phase_b,1,65,0.0
exploratory_post_hoc_boundary_specific,0.75,4,responsive,delayed_actor_reset,37,phase_b,2,66,0.0
exploratory_post_hoc_boundary_specific,0.75,4,responsive,delayed_actor_reset,37,phase_b,4,68,0.0
exploratory_post_hoc_boundary_specific,0.75,4,responsive,delayed_actor_reset,37,phase_b,8,72,0.0
exploratory_post_hoc_boundary_specific,0.75,4,responsive,delayed_actor_reset,37,phase_b,16,80,0.0
exploratory_post_hoc_boundary_specific,0.75,4,responsive,delayed_actor_reset,37,phase_b,32,96,0.0
exploratory_post_hoc_boundary_specific,0.75,4,responsive,delayed_actor_reset,37,phase_b,64,128,0.0
exploratory_post_hoc_boundary_specific,0.75,4,responsive,delayed_actor_reset,37,phase_b,128,192,0.0
exploratory_post_hoc_boundary_specific,0.75,4,responsive,delayed_actor_reset,37,phase_b,256,320,0.0
exploratory_post_hoc_boundary_specific,0.75,4,responsive,delayed_actor_reset,37,phase_b,512,576,0.0
exploratory_post_hoc_boundary_specific,0.75,4,responsive,delayed_actor_reset,37,phase_b,1024,1088,0.0639
exploratory_post_hoc_boundary_specific,0.75,4,responsive,delayed_actor_reset,37,phase_b,1984,2048,0.1919
exploratory_post_hoc_boundary_specific,0.9,3,negative_control,early_only,37,boundary,0,64,0.0
exploratory_post_hoc_boundary_specific,0.9,3,negative_control,early_only,37,phase_b,1,65,0.0
exploratory_post_hoc_boundary_specific,0.9,3,negative_control,early_only,37,phase_b,2,66,0.0
exploratory_post_hoc_boundary_specific,0.9,3,negative_control,early_only,37,phase_b,4,68,0.0
exploratory_post_hoc_boundary_specific,0.9,3,negative_control,early_only,37,phase_b,8,72,0.0
exploratory_post_hoc_boundary_specific,0.9,3,negative_control,early_only,37,phase_b,16,80,0.0
exploratory_post_hoc_boundary_specific,0.9,3,negative_control,early_only,37,phase_b,32,96,0.0
exploratory_post_hoc_boundary_specific,0.9,3,negative_control,early_only,37,phase_b,64,128,0.0
exploratory_post_hoc_boundary_specific,0.9,3,negative_control,early_only,37,phase_b,128,192,0.0
exploratory_post_hoc_boundary_specific,0.9,3,negative_control,early_only,37,phase_b,256,320,0.0
exploratory_post_hoc_boundary_specific,0.9,3,negative_control,early_only,37,phase_b,512,576,0.0
exploratory_post_hoc_boundary_specific,0.9,3,negative_control,early_only,37,phase_b,1024,1088,0.0
exploratory_post_hoc_boundary_specific,0.9,3,negative_control,early_only,37,phase_b,1984,2048,0.2506
exploratory_post_hoc_boundary_specific,0.9,3,negative_control,high_high,53,boundary,0,64,0.0
exploratory_post_hoc_boundary_specific,0.9,3,negative_control,high_high,53,phase_b,1,65,0.0
exploratory_post_hoc_boundary_specific,0.9,3,negative_control,high_high,53,phase_b,2,66,0.0
exploratory_post_hoc_boundary_specific,0.9,3,negative_control,high_high,53,phase_b,4,68,0.0
exploratory_post_hoc_boundary_specific,0.9,3,negative_control,high_high,53,phase_b,8,72,0.0
exploratory_post_hoc_boundary_specific,0.9,3,negative_control,high_high,53,phase_b,16,80,0.0
exploratory_post_hoc_boundary_specific,0.9,3,negative_control,high_high,53,phase_b,32,96,0.0
exploratory_post_hoc_boundary_specific,0.9,3,negative_control,high_high,53,phase_b,64,128,0.0
exploratory_post_hoc_boundary_specific,0.9,3,negative_control,high_high,53,phase_b,128,192,0.0
exploratory_post_hoc_boundary_specific,0.9,3,negative_control,high_high,53,phase_b,256,320,0.0
exploratory_post_hoc_boundary_specific,0.9,3,negative_control,high_high,53,phase_b,512,576,0.0
exploratory_post_hoc_boundary_specific,0.9,3,negative_control,high_high,53,phase_b,1024,1088,0.0
exploratory_post_hoc_boundary_specific,0.9,3,negative_control,high_high,53,phase_b,1984,2048,0.0
exploratory_post_hoc_boundary_specific,0.9,3,negative_control,zero_zero,101,boundary,0,64,0.0
exploratory_post_hoc_boundary_specific,0.9,3,negative_control,zero_zero,101,phase_b,1,65,0.0
exploratory_post_hoc_boundary_specific,0.9,3,negative_control,zero_zero,101,phase_b,2,66,0.0
exploratory_post_hoc_boundary_specific,0.9,3,negative_control,zero_zero,101,phase_b,4,68,0.0
exploratory_post_hoc_boundary_specific,0.9,3,negative_control,zero_zero,101,phase_b,8,72,0.0
exploratory_post_hoc_boundary_specific,0.9,3,negative_control,zero_zero,101,phase_b,16,80,0.0
exploratory_post_hoc_boundary_specific,0.9,3,negative_control,zero_zero,101,phase_b,32,96,0.0
exploratory_post_hoc_boundary_specific,0.9,3,negative_control,zero_zero,101,phase_b,64,128,0.0
exploratory_post_hoc_boundary_specific,0.9,3,negative_control,zero_zero,101,phase_b,128,192,0.0
exploratory_post_hoc_boundary_specific,0.9,3,negative_control,zero_zero,101,phase_b,256,320,0.0
exploratory_post_hoc_boundary_specific,0.9,3,negative_control,zero_zero,101,phase_b,512,576,0.0
exploratory_post_hoc_boundary_specific,0.9,3,negative_control,zero_zero,101,phase_b,1024,1088,0.0
exploratory_post_hoc_boundary_specific,0.9,3,negative_control,zero_zero,101,phase_b,1984,2048,0.0
exploratory_post_hoc_boundary_specific,0.75,4,responsive,delayed_critic_reset,71,boundary,0,64,0.0
exploratory_post_hoc_boundary_specific,0.75,4,responsive,delayed_critic_reset,71,phase_b,1,65,0.0
exploratory_post_hoc_boundary_specific,0.75,4,responsive,delayed_critic_reset,71,phase_b,2,66,0.0
exploratory_post_hoc_boundary_specific,0.75,4,responsive,delayed_critic_reset,71,phase_b,4,68,0.0
exploratory_post_hoc_boundary_specific,0.75,4,responsive,delayed_critic_reset,71,phase_b,8,72,0.0
exploratory_post_hoc_boundary_specific,0.75,4,responsive,delayed_critic_reset,71,phase_b,16,80,0.0
exploratory_post_hoc_boundary_specific,0.75,4,responsive,delayed_critic_reset,71,phase_b,32,96,0.0
exploratory_post_hoc_boundary_specific,0.75,4,responsive,delayed_critic_reset,71,phase_b,64,128,0.0
exploratory_post_hoc_boundary_specific,0.75,4,responsive,delayed_critic_reset,71,phase_b,128,192,0.0012
exploratory_post_hoc_boundary_specific,0.75,4,responsive,delayed_critic_reset,71,phase_b,256,320,0.07
exploratory_post_hoc_boundary_specific,0.75,4,responsive,delayed_critic_reset,71,phase_b,512,576,0.2571
exploratory_post_hoc_boundary_specific,0.75,4,responsive,delayed_critic_reset,71,phase_b,1024,1088,0.2571
exploratory_post_hoc_boundary_specific,0.75,4,responsive,delayed_critic_reset,71,phase_b,1984,2048,0.2571
exploratory_post_hoc_boundary_specific,0.75,4,responsive,delayed_actor_reset,41,boundary,0,64,0.0
exploratory_post_hoc_boundary_specific,0.75,4,responsive,delayed_actor_reset,41,phase_b,1,65,0.0
exploratory_post_hoc_boundary_specific,0.75,4,responsive,delayed_actor_reset,41,phase_b,2,66,0.0
exploratory_post_hoc_boundary_specific,0.75,4,responsive,delayed_actor_reset,41,phase_b,4,68,0.0
exploratory_post_hoc_boundary_specific,0.75,4,responsive,delayed_actor_reset,41,phase_b,8,72,0.0
exploratory_post_hoc_boundary_specific,0.75,4,responsive,delayed_actor_reset,41,phase_b,16,80,0.0
exploratory_post_hoc_boundary_specific,0.75,4,responsive,delayed_actor_reset,41,phase_b,32,96,0.0
exploratory_post_hoc_boundary_specific,0.75,4,responsive,delayed_actor_reset,41,phase_b,64,128,0.0012
exploratory_post_hoc_boundary_specific,0.75,4,responsive,delayed_actor_reset,41,phase_b,128,192,0.0064
exploratory_post_hoc_boundary_specific,0.75,4,responsive,delayed_actor_reset,41,phase_b,256,320,0.1868
exploratory_post_hoc_boundary_specific,0.75,4,responsive,delayed_actor_reset,41,phase_b,512,576,0.2531
exploratory_post_hoc_boundary_specific,0.75,4,responsive,delayed_actor_reset,41,phase_b,1024,1088,0.2531
exploratory_post_hoc_boundary_specific,0.75,4,responsive,delayed_actor_reset,41,phase_b,1984,2048,0.2531
exploratory_post_hoc_boundary_specific,0.9,3,negative_control,delayed_carry,23,boundary,0,64,0.0
exploratory_post_hoc_boundary_specific,0.9,3,negative_control,delayed_carry,23,phase_b,1,65,0.0
exploratory_post_hoc_boundary_specific,0.9,3,negative_control,delayed_carry,23,phase_b,2,66,0.0
exploratory_post_hoc_boundary_specific,0.9,3,negative_control,delayed_carry,23,phase_b,4,68,0.0
exploratory_post_hoc_boundary_specific,0.9,3,negative_control,delayed_carry,23,phase_b,8,72,0.0
exploratory_post_hoc_boundary_specific,0.9,3,negative_control,delayed_carry,23,phase_b,16,80,0.0
exploratory_post_hoc_boundary_specific,0.9,3,negative_control,delayed_carry,23,phase_b,32,96,0.0
exploratory_post_hoc_boundary_specific,0.9,3,negative_control,delayed_carry,23,phase_b,64,128,0.0
exploratory_post_hoc_boundary_specific,0.9,3,negative_control,delayed_carry,23,phase_b,128,192,0.0
exploratory_post_hoc_boundary_specific,0.9,3,negative_control,delayed_carry,23,phase_b,256,320,0.0034
exploratory_post_hoc_boundary_specific,0.9,3,negative_control,delayed_carry,23,phase_b,512,576,0.249
exploratory_post_hoc_boundary_specific,0.9,3,negative_control,delayed_carry,23,phase_b,1024,1088,0.249
exploratory_post_hoc_boundary_specific,0.9,3,negative_control,delayed_carry,23,phase_b,1984,2048,0.249
exploratory_post_hoc_boundary_specific,0.75,4,responsive,high_high,11,boundary,0,64,0.0
exploratory_post_hoc_boundary_specific,0.75,4,responsive,high_high,11,phase_b,1,65,0.0
exploratory_post_hoc_boundary_specific,0.75,4,responsive,high_high,11,phase_b,2,66,0.0
exploratory_post_hoc_boundary_specific,0.75,4,responsive,high_high,11,phase_b,4,68,0.0
exploratory_post_hoc_boundary_specific,0.75,4,responsive,high_high,11,phase_b,8,72,0.0
exploratory_post_hoc_boundary_specific,0.75,4,responsive,high_high,11,phase_b,16,80,0.0
exploratory_post_hoc_boundary_specific,0.75,4,responsive,high_high,11,phase_b,32,96,0.0002
exploratory_post_hoc_boundary_specific,0.75,4,responsive,high_high,11,phase_b,64,128,0.0
exploratory_post_hoc_boundary_specific,0.75,4,responsive,high_high,11,phase_b,128,192,0.0868
exploratory_post_hoc_boundary_specific,0.75,4,responsive,high_high,11,phase_b,256,320,0.247
exploratory_post_hoc_boundary_specific,0.75,4,responsive,high_high,11,phase_b,512,576,0.2466
exploratory_post_hoc_boundary_specific,0.75,4,responsive,high_high,11,phase_b,1024,1088,0.2466
exploratory_post_hoc_boundary_specific,0.75,4,responsive,high_high,11,phase_b,1984,2048,0.2468
exploratory_post_hoc_boundary_specific,0.75,4,responsive,early_only,11,boundary,0,64,0.0
exploratory_post_hoc_boundary_specific,0.75,4,responsive,early_only,11,phase_b,1,65,0.0
exploratory_post_hoc_boundary_specific,0.75,4,responsive,early_only,11,phase_b,2,66,0.0
exploratory_post_hoc_boundary_specific,0.75,4,responsive,early_only,11,phase_b,4,68,0.0
exploratory_post_hoc_boundary_specific,0.75,4,responsive,early_only,11,phase_b,8,72,0.0
exploratory_post_hoc_boundary_specific,0.75,4,responsive,early_only,11,phase_b,16,80,0.0
exploratory_post_hoc_boundary_specific,0.75,4,responsive,early_only,11,phase_b,32,96,0.0
exploratory_post_hoc_boundary_specific,0.75,4,responsive,early_only,11,phase_b,64,128,0.0
exploratory_post_hoc_boundary_specific,0.75,4,responsive,early_only,11,phase_b,128,192,0.0
exploratory_post_hoc_boundary_specific,0.75,4,responsive,early_only,11,phase_b,256,320,0.0
exploratory_post_hoc_boundary_specific,0.75,4,responsive,early_only,11,phase_b,512,576,0.0
exploratory_post_hoc_boundary_specific,0.75,4,responsive,early_only,11,phase_b,1024,1088,0.0
exploratory_post_hoc_boundary_specific,0.75,4,responsive,early_only,11,phase_b,1984,2048,0.0
exploratory_post_hoc_boundary_specific,0.75,4,responsive,zero_zero,41,boundary,0,64,0.0
exploratory_post_hoc_boundary_specific,0.75,4,responsive,zero_zero,41,phase_b,1,65,0.0
exploratory_post_hoc_boundary_specific,0.75,4,responsive,zero_zero,41,phase_b,2,66,0.0
exploratory_post_hoc_boundary_specific,0.75,4,responsive,zero_zero,41,phase_b,4,68,0.0
exploratory_post_hoc_boundary_specific,0.75,4,responsive,zero_zero,41,phase_b,8,72,0.0
exploratory_post_hoc_boundary_specific,0.75,4,responsive,zero_zero,41,phase_b,16,80,0.0
exploratory_post_hoc_boundary_specific,0.75,4,responsive,zero_zero,41,phase_b,32,96,0.0
exploratory_post_hoc_boundary_specific,0.75,4,responsive,zero_zero,41,phase_b,64,128,0.0
exploratory_post_hoc_boundary_specific,0.75,4,responsive,zero_zero,41,phase_b,128,192,0.0
exploratory_post_hoc_boundary_specific,0.75,4,responsive,zero_zero,41,phase_b,256,320,0.0
exploratory_post_hoc_boundary_specific,0.75,4,responsive,zero_zero,41,phase_b,512,576,0.0
exploratory_post_hoc_boundary_specific,0.75,4,responsive,zero_zero,41,phase_b,1024,1088,0.0
exploratory_post_hoc_boundary_specific,0.75,4,responsive,zero_zero,41,phase_b,1984,2048,0.0
exploratory_post_hoc_boundary_specific,0.9,3,negative_control,high_high,83,boundary,0,64,0.0
exploratory_post_hoc_boundary_specific,0.9,3,negative_control,high_high,83,phase_b,1,65,0.0
exploratory_post_hoc_boundary_specific,0.9,3,negative_control,high_high,83,phase_b,2,66,0.0
exploratory_post_hoc_boundary_specific,0.9,3,negative_control,high_high,83,phase_b,4,68,0.0
exploratory_post_hoc_boundary_specific,0.9,3,negative_control,high_high,83,phase_b,8,72,0.0
exploratory_post_hoc_boundary_specific,0.9,3,negative_control,high_high,83,phase_b,16,80,0.0
exploratory_post_hoc_boundary_specific,0.9,3,negative_control,high_high,83,phase_b,32,96,0.0
exploratory_post_hoc_boundary_specific,0.9,3,negative_control,high_high,83,phase_b,64,128,0.0
exploratory_post_hoc_boundary_specific,0.9,3,negative_control,high_high,83,phase_b,128,192,0.0
exploratory_post_hoc_boundary_specific,0.9,3,negative_control,high_high,83,phase_b,256,320,0.0
exploratory_post_hoc_boundary_specific,0.9,3,negative_control,high_high,83,phase_b,512,576,0.0
exploratory_post_hoc_boundary_specific,0.9,3,negative_control,high_high,83,phase_b,1024,1088,0.0
exploratory_post_hoc_boundary_specific,0.9,3,negative_control,high_high,83,phase_b,1984,2048,0.0
exploratory_post_hoc_boundary_specific,0.75,4,responsive,delayed_critic_reset,101,boundary,0,64,0.0
exploratory_post_hoc_boundary_specific,0.75,4,responsive,delayed_critic_reset,101,phase_b,1,65,0.0
exploratory_post_hoc_boundary_specific,0.75,4,responsive,delayed_critic_reset,101,phase_b,2,66,0.0
exploratory_post_hoc_boundary_specific,0.75,4,responsive,delayed_critic_reset,101,phase_b,4,68,0.0
exploratory_post_hoc_boundary_specific,0.75,4,responsive,delayed_critic_reset,101,phase_b,8,72,0.0
exploratory_post_hoc_boundary_specific,0.75,4,responsive,delayed_critic_reset,101,phase_b,16,80,0.0
exploratory_post_hoc_boundary_specific,0.75,4,responsive,delayed_critic_reset,101,phase_b,32,96,0.0
exploratory_post_hoc_boundary_specific,0.75,4,responsive,delayed_critic_reset,101,phase_b,64,128,0.0075
exploratory_post_hoc_boundary_specific,0.75,4,responsive,delayed_critic_reset,101,phase_b,128,192,0.1146
exploratory_post_hoc_boundary_specific,0.75,4,responsive,delayed_critic_reset,101,phase_b,256,320,0.2553
exploratory_post_hoc_boundary_specific,0.75,4,responsive,delayed_critic_reset,101,phase_b,512,576,0.2556
exploratory_post_hoc_boundary_specific,0.75,4,responsive,delayed_critic_reset,101,phase_b,1024,1088,0.2552
exploratory_post_hoc_boundary_specific,0.75,4,responsive,delayed_critic_reset,101,phase_b,1984,2048,0.2556
exploratory_post_hoc_boundary_specific,0.75,4,responsive,high_high,67,boundary,0,64,0.0002
exploratory_post_hoc_boundary_specific,0.75,4,responsive,high_high,67,phase_b,1,65,0.0
exploratory_post_hoc_boundary_specific,0.75,4,responsive,high_high,67,phase_b,2,66,0.0
exploratory_post_hoc_boundary_specific,0.75,4,responsive,high_high,67,phase_b,4,68,0.0
exploratory_post_hoc_boundary_specific,0.75,4,responsive,high_high,67,phase_b,8,72,0.0
exploratory_post_hoc_boundary_specific,0.75,4,responsive,high_high,67,phase_b,16,80,0.0002
exploratory_post_hoc_boundary_specific,0.75,4,responsive,high_high,67,phase_b,32,96,0.0088
exploratory_post_hoc_boundary_specific,0.75,4,responsive,high_high,67,phase_b,64,128,0.0208
exploratory_post_hoc_boundary_specific,0.75,4,responsive,high_high,67,phase_b,128,192,0.1253
exploratory_post_hoc_boundary_specific,0.75,4,responsive,high_high,67,phase_b,256,320,0.2481
exploratory_post_hoc_boundary_specific,0.75,4,responsive,high_high,67,phase_b,512,576,0.2488
exploratory_post_hoc_boundary_specific,0.75,4,responsive,high_high,67,phase_b,1024,1088,0.2488
exploratory_post_hoc_boundary_specific,0.75,4,responsive,high_high,67,phase_b,1984,2048,0.2488
exploratory_post_hoc_boundary_specific,0.9,3,negative_control,early_only,97,boundary,0,64,0.0
exploratory_post_hoc_boundary_specific,0.9,3,negative_control,early_only,97,phase_b,1,65,0.0
exploratory_post_hoc_boundary_specific,0.9,3,negative_control,early_only,97,phase_b,2,66,0.0
exploratory_post_hoc_boundary_specific,0.9,3,negative_control,early_only,97,phase_b,4,68,0.0
exploratory_post_hoc_boundary_specific,0.9,3,negative_control,early_only,97,phase_b,8,72,0.0
exploratory_post_hoc_boundary_specific,0.9,3,negative_control,early_only,97,phase_b,16,80,0.0
exploratory_post_hoc_boundary_specific,0.9,3,negative_control,early_only,97,phase_b,32,96,0.0
exploratory_post_hoc_boundary_specific,0.9,3,negative_control,early_only,97,phase_b,64,128,0.0
exploratory_post_hoc_boundary_specific,0.9,3,negative_control,early_only,97,phase_b,128,192,0.0
exploratory_post_hoc_boundary_specific,0.9,3,negative_control,early_only,97,phase_b,256,320,0.0
exploratory_post_hoc_boundary_specific,0.9,3,negative_control,early_only,97,phase_b,512,576,0.0
exploratory_post_hoc_boundary_specific,0.9,3,negative_control,early_only,97,phase_b,1024,1088,0.0
exploratory_post_hoc_boundary_specific,0.9,3,negative_control,early_only,97,phase_b,1984,2048,0.0
exploratory_post_hoc_boundary_specific,0.9,3,negative_control,delayed_actor_reset,97,boundary,0,64,0.0
exploratory_post_hoc_boundary_specific,0.9,3,negative_control,delayed_actor_reset,97,phase_b,1,65,0.0
exploratory_post_hoc_boundary_specific,0.9,3,negative_control,delayed_actor_reset,97,phase_b,2,66,0.0
exploratory_post_hoc_boundary_specific,0.9,3,negative_control,delayed_actor_reset,97,phase_b,4,68,0.0
exploratory_post_hoc_boundary_specific,0.9,3,negative_control,delayed_actor_reset,97,phase_b,8,72,0.0
exploratory_post_hoc_boundary_specific,0.9,3,negative_control,delayed_actor_reset,97,phase_b,16,80,0.0
exploratory_post_hoc_boundary_specific,0.9,3,negative_control,delayed_actor_reset,97,phase_b,32,96,0.0
exploratory_post_hoc_boundary_specific,0.9,3,negative_control,delayed_actor_reset,97,phase_b,64,128,0.0002
exploratory_post_hoc_boundary_specific,0.9,3,negative_control,delayed_actor_reset,97,phase_b,128,192,0.0
exploratory_post_hoc_boundary_specific,0.9,3,negative_control,delayed_actor_reset,97,phase_b,256,320,0.0
exploratory_post_hoc_boundary_specific,0.9,3,negative_control,delayed_actor_reset,97,phase_b,512,576,0.0
exploratory_post_hoc_boundary_specific,0.9,3,negative_control,delayed_actor_reset,97,phase_b,1024,1088,0.0
exploratory_post_hoc_boundary_specific,0.9,3,negative_control,delayed_actor_reset,97,phase_b,1984,2048,0.0
exploratory_post_hoc_boundary_specific,0.75,4,responsive,early_only,83,boundary,0,64,0.0
exploratory_post_hoc_boundary_specific,0.75,4,responsive,early_only,83,phase_b,1,65,0.0
exploratory_post_hoc_boundary_specific,0.75,4,responsive,early_only,83,phase_b,2,66,0.0
exploratory_post_hoc_boundary_specific,0.75,4,responsive,early_only,83,phase_b,4,68,0.0
exploratory_post_hoc_boundary_specific,0.75,4,responsive,early_only,83,phase_b,8,72,0.0
exploratory_post_hoc_boundary_specific,0.75,4,responsive,early_only,83,phase_b,16,80,0.0
exploratory_post_hoc_boundary_specific,0.75,4,responsive,early_only,83,phase_b,32,96,0.0
exploratory_post_hoc_boundary_specific,0.75,4,responsive,early_only,83,phase_b,64,128,0.0
exploratory_post_hoc_boundary_specific,0.75,4,responsive,early_only,83,phase_b,128,192,0.0
exploratory_post_hoc_boundary_specific,0.75,4,responsive,early_only,83,phase_b,256,320,0.0
exploratory_post_hoc_boundary_specific,0.75,4,responsive,early_only,83,phase_b,512,576,0.0023
exploratory_post_hoc_boundary_specific,0.75,4,responsive,early_only,83,phase_b,1024,1088,0.0
exploratory_post_hoc_boundary_specific,0.75,4,responsive,early_only,83,phase_b,1984,2048,0.0602
exploratory_post_hoc_boundary_specific,0.75,4,responsive,zero_zero,101,boundary,0,64,0.0
exploratory_post_hoc_boundary_specific,0.75,4,responsive,zero_zero,101,phase_b,1,65,0.0
exploratory_post_hoc_boundary_specific,0.75,4,responsive,zero_zero,101,phase_b,2,66,0.0
exploratory_post_hoc_boundary_specific,0.75,4,responsive,zero_zero,101,phase_b,4,68,0.0
exploratory_post_hoc_boundary_specific,0.75,4,responsive,zero_zero,101,phase_b,8,72,0.0
exploratory_post_hoc_boundary_specific,0.75,4,responsive,zero_zero,101,phase_b,16,80,0.0
exploratory_post_hoc_boundary_specific,0.75,4,responsive,zero_zero,101,phase_b,32,96,0.0
exploratory_post_hoc_boundary_specific,0.75,4,responsive,zero_zero,101,phase_b,64,128,0.0
exploratory_post_hoc_boundary_specific,0.75,4,responsive,zero_zero,101,phase_b,128,192,0.0
exploratory_post_hoc_boundary_specific,0.75,4,responsive,zero_zero,101,phase_b,256,320,0.0
exploratory_post_hoc_boundary_specific,0.75,4,responsive,zero_zero,101,phase_b,512,576,0.0
exploratory_post_hoc_boundary_specific,0.75,4,responsive,zero_zero,101,phase_b,1024,1088,0.2493
exploratory_post_hoc_boundary_specific,0.75,4,responsive,zero_zero,101,phase_b,1984,2048,0.2493
exploratory_post_hoc_boundary_specific,0.75,4,responsive,delayed_actor_reset,97,boundary,0,64,0.0
exploratory_post_hoc_boundary_specific,0.75,4,responsive,delayed_actor_reset,97,phase_b,1,65,0.0
exploratory_post_hoc_boundary_specific,0.75,4,responsive,delayed_actor_reset,97,phase_b,2,66,0.0
exploratory_post_hoc_boundary_specific,0.75,4,responsive,delayed_actor_reset,97,phase_b,4,68,0.0
exploratory_post_hoc_boundary_specific,0.75,4,responsive,delayed_actor_reset,97,phase_b,8,72,0.0
exploratory_post_hoc_boundary_specific,0.75,4,responsive,delayed_actor_reset,97,phase_b,16,80,0.0
exploratory_post_hoc_boundary_specific,0.75,4,responsive,delayed_actor_reset,97,phase_b,32,96,0.0033
exploratory_post_hoc_boundary_specific,0.75,4,responsive,delayed_actor_reset,97,phase_b,64,128,0.0
exploratory_post_hoc_boundary_specific,0.75,4,responsive,delayed_actor_reset,97,phase_b,128,192,0.0
exploratory_post_hoc_boundary_specific,0.75,4,responsive,delayed_actor_reset,97,phase_b,256,320,0.2528
exploratory_post_hoc_boundary_specific,0.75,4,responsive,delayed_actor_reset,97,phase_b,512,576,0.2533
exploratory_post_hoc_boundary_specific,0.75,4,responsive,delayed_actor_reset,97,phase_b,1024,1088,0.2533
exploratory_post_hoc_boundary_specific,0.75,4,responsive,delayed_actor_reset,97,phase_b,1984,2048,0.2533
exploratory_post_hoc_boundary_specific,0.9,3,negative_control,delayed_critic_reset,101,boundary,0,64,0.0
exploratory_post_hoc_boundary_specific,0.9,3,negative_control,delayed_critic_reset,101,phase_b,1,65,0.0
exploratory_post_hoc_boundary_specific,0.9,3,negative_control,delayed_critic_reset,101,phase_b,2,66,0.0
exploratory_post_hoc_boundary_specific,0.9,3,negative_control,delayed_critic_reset,101,phase_b,4,68,0.0
exploratory_post_hoc_boundary_specific,0.9,3,negative_control,delayed_critic_reset,101,phase_b,8,72,0.0
exploratory_post_hoc_boundary_specific,0.9,3,negative_control,delayed_critic_reset,101,phase_b,16,80,0.0
exploratory_post_hoc_boundary_specific,0.9,3,negative_control,delayed_critic_reset,101,phase_b,32,96,0.0
exploratory_post_hoc_boundary_specific,0.9,3,negative_control,delayed_critic_reset,101,phase_b,64,128,0.0
exploratory_post_hoc_boundary_specific,0.9,3,negative_control,delayed_critic_reset,101,phase_b,128,192,0.0
exploratory_post_hoc_boundary_specific,0.9,3,negative_control,delayed_critic_reset,101,phase_b,256,320,0.0
exploratory_post_hoc_boundary_specific,0.9,3,negative_control,delayed_critic_reset,101,phase_b,512,576,0.0
exploratory_post_hoc_boundary_specific,0.9,3,negative_control,delayed_critic_reset,101,phase_b,1024,1088,0.0
exploratory_post_hoc_boundary_specific,0.9,3,negative_control,delayed_critic_reset,101,phase_b,1984,2048,0.1286
exploratory_post_hoc_boundary_specific,0.9,3,negative_control,zero_zero,23,boundary,0,64,0.0
exploratory_post_hoc_boundary_specific,0.9,3,negative_control,zero_zero,23,phase_b,1,65,0.0
exploratory_post_hoc_boundary_specific,0.9,3,negative_control,zero_zero,23,phase_b,2,66,0.0
exploratory_post_hoc_boundary_specific,0.9,3,negative_control,zero_zero,23,phase_b,4,68,0.0
exploratory_post_hoc_boundary_specific,0.9,3,negative_control,zero_zero,23,phase_b,8,72,0.0
exploratory_post_hoc_boundary_specific,0.9,3,negative_control,zero_zero,23,phase_b,16,80,0.0
exploratory_post_hoc_boundary_specific,0.9,3,negative_control,zero_zero,23,phase_b,32,96,0.0
exploratory_post_hoc_boundary_specific,0.9,3,negative_control,zero_zero,23,phase_b,64,128,0.0
exploratory_post_hoc_boundary_specific,0.9,3,negative_control,zero_zero,23,phase_b,128,192,0.0
exploratory_post_hoc_boundary_specific,0.9,3,negative_control,zero_zero,23,phase_b,256,320,0.0
exploratory_post_hoc_boundary_specific,0.9,3,negative_control,zero_zero,23,phase_b,512,576,0.0
exploratory_post_hoc_boundary_specific,0.9,3,negative_control,zero_zero,23,phase_b,1024,1088,0.0
exploratory_post_hoc_boundary_specific,0.9,3,negative_control,zero_zero,23,phase_b,1984,2048,0.0
exploratory_post_hoc_boundary_specific,0.9,3,negative_control,delayed_actor_reset,23,boundary,0,64,0.0
exploratory_post_hoc_boundary_specific,0.9,3,negative_control,delayed_actor_reset,23,phase_b,1,65,0.0
exploratory_post_hoc_boundary_specific,0.9,3,negative_control,delayed_actor_reset,23,phase_b,2,66,0.0
exploratory_post_hoc_boundary_specific,0.9,3,negative_control,delayed_actor_reset,23,phase_b,4,68,0.0
exploratory_post_hoc_boundary_specific,0.9,3,negative_control,delayed_actor_reset,23,phase_b,8,72,0.0002
exploratory_post_hoc_boundary_specific,0.9,3,negative_control,delayed_actor_reset,23,phase_b,16,80,0.0
exploratory_post_hoc_boundary_specific,0.9,3,negative_control,delayed_actor_reset,23,phase_b,32,96,0.0
exploratory_post_hoc_boundary_specific,0.9,3,negative_control,delayed_actor_reset,23,phase_b,64,128,0.0
exploratory_post_hoc_boundary_specific,0.9,3,negative_control,delayed_actor_reset,23,phase_b,128,192,0.0
exploratory_post_hoc_boundary_specific,0.9,3,negative_control,delayed_actor_reset,23,phase_b,256,320,0.0
exploratory_post_hoc_boundary_specific,0.9,3,negative_control,delayed_actor_reset,23,phase_b,512,576,0.0
exploratory_post_hoc_boundary_specific,0.9,3,negative_control,delayed_actor_reset,23,phase_b,1024,1088,0.0
exploratory_post_hoc_boundary_specific,0.9,3,negative_control,delayed_actor_reset,23,phase_b,1984,2048,0.0
exploratory_post_hoc_boundary_specific,0.75,4,responsive,delayed_critic_reset,37,boundary,0,64,0.0
exploratory_post_hoc_boundary_specific,0.75,4,responsive,delayed_critic_reset,37,phase_b,1,65,0.0
exploratory_post_hoc_boundary_specific,0.75,4,responsive,delayed_critic_reset,37,phase_b,2,66,0.0
exploratory_post_hoc_boundary_specific,0.75,4,responsive,delayed_critic_reset,37,phase_b,4,68,0.0
exploratory_post_hoc_boundary_specific,0.75,4,responsive,delayed_critic_reset,37,phase_b,8,72,0.0
exploratory_post_hoc_boundary_specific,0.75,4,responsive,delayed_critic_reset,37,phase_b,16,80,0.0
exploratory_post_hoc_boundary_specific,0.75,4,responsive,delayed_critic_reset,37,phase_b,32,96,0.0
exploratory_post_hoc_boundary_specific,0.75,4,responsive,delayed_critic_reset,37,phase_b,64,128,0.0
exploratory_post_hoc_boundary_specific,0.75,4,responsive,delayed_critic_reset,37,phase_b,128,192,0.0
exploratory_post_hoc_boundary_specific,0.75,4,responsive,delayed_critic_reset,37,phase_b,256,320,0.0
exploratory_post_hoc_boundary_specific,0.75,4,responsive,delayed_critic_reset,37,phase_b,512,576,0.1238
exploratory_post_hoc_boundary_specific,0.75,4,responsive,delayed_critic_reset,37,phase_b,1024,1088,0.245
exploratory_post_hoc_boundary_specific,0.75,4,responsive,delayed_critic_reset,37,phase_b,1984,2048,0.245
exploratory_post_hoc_boundary_specific,0.9,3,negative_control,delayed_actor_reset,41,boundary,0,64,0.0
exploratory_post_hoc_boundary_specific,0.9,3,negative_control,delayed_actor_reset,41,phase_b,1,65,0.0
exploratory_post_hoc_boundary_specific,0.9,3,negative_control,delayed_actor_reset,41,phase_b,2,66,0.0
exploratory_post_hoc_boundary_specific,0.9,3,negative_control,delayed_actor_reset,41,phase_b,4,68,0.0004
exploratory_post_hoc_boundary_specific,0.9,3,negative_control,delayed_actor_reset,41,phase_b,8,72,0.0
exploratory_post_hoc_boundary_specific,0.9,3,negative_control,delayed_actor_reset,41,phase_b,16,80,0.0
exploratory_post_hoc_boundary_specific,0.9,3,negative_control,delayed_actor_reset,41,phase_b,32,96,0.0
exploratory_post_hoc_boundary_specific,0.9,3,negative_control,delayed_actor_reset,41,phase_b,64,128,0.0
exploratory_post_hoc_boundary_specific,0.9,3,negative_control,delayed_actor_reset,41,phase_b,128,192,0.0
exploratory_post_hoc_boundary_specific,0.9,3,negative_control,delayed_actor_reset,41,phase_b,256,320,0.0
exploratory_post_hoc_boundary_specific,0.9,3,negative_control,delayed_actor_reset,41,phase_b,512,576,0.2457
exploratory_post_hoc_boundary_specific,0.9,3,negative_control,delayed_actor_reset,41,phase_b,1024,1088,0.2457
exploratory_post_hoc_boundary_specific,0.9,3,negative_control,delayed_actor_reset,41,phase_b,1984,2048,0.2457
exploratory_post_hoc_boundary_specific,0.9,3,negative_control,zero_zero,71,boundary,0,64,0.0
exploratory_post_hoc_boundary_specific,0.9,3,negative_control,zero_zero,71,phase_b,1,65,0.0
exploratory_post_hoc_boundary_specific,0.9,3,negative_control,zero_zero,71,phase_b,2,66,0.0
exploratory_post_hoc_boundary_specific,0.9,3,negative_control,zero_zero,71,phase_b,4,68,0.0
exploratory_post_hoc_boundary_specific,0.9,3,negative_control,zero_zero,71,phase_b,8,72,0.0
exploratory_post_hoc_boundary_specific,0.9,3,negative_control,zero_zero,71,phase_b,16,80,0.0
exploratory_post_hoc_boundary_specific,0.9,3,negative_control,zero_zero,71,phase_b,32,96,0.0
exploratory_post_hoc_boundary_specific,0.9,3,negative_control,zero_zero,71,phase_b,64,128,0.0
exploratory_post_hoc_boundary_specific,0.9,3,negative_control,zero_zero,71,phase_b,128,192,0.0
exploratory_post_hoc_boundary_specific,0.9,3,negative_control,zero_zero,71,phase_b,256,320,0.0
exploratory_post_hoc_boundary_specific,0.9,3,negative_control,zero_zero,71,phase_b,512,576,0.0
exploratory_post_hoc_boundary_specific,0.9,3,negative_control,zero_zero,71,phase_b,1024,1088,0.0
exploratory_post_hoc_boundary_specific,0.9,3,negative_control,zero_zero,71,phase_b,1984,2048,0.0
exploratory_post_hoc_boundary_specific,0.9,3,negative_control,early_only,83,boundary,0,64,0.0
exploratory_post_hoc_boundary_specific,0.9,3,negative_control,early_only,83,phase_b,1,65,0.0
exploratory_post_hoc_boundary_specific,0.9,3,negative_control,early_only,83,phase_b,2,66,0.0
exploratory_post_hoc_boundary_specific,0.9,3,negative_control,early_only,83,phase_b,4,68,0.0
exploratory_post_hoc_boundary_specific,0.9,3,negative_control,early_only,83,phase_b,8,72,0.0
exploratory_post_hoc_boundary_specific,0.9,3,negative_control,early_only,83,phase_b,16,80,0.0
exploratory_post_hoc_boundary_specific,0.9,3,negative_control,early_only,83,phase_b,32,96,0.0
exploratory_post_hoc_boundary_specific,0.9,3,negative_control,early_only,83,phase_b,64,128,0.0
exploratory_post_hoc_boundary_specific,0.9,3,negative_control,early_only,83,phase_b,128,192,0.0
exploratory_post_hoc_boundary_specific,0.9,3,negative_control,early_only,83,phase_b,256,320,0.0
exploratory_post_hoc_boundary_specific,0.9,3,negative_control,early_only,83,phase_b,512,576,0.0
exploratory_post_hoc_boundary_specific,0.9,3,negative_control,early_only,83,phase_b,1024,1088,0.0
exploratory_post_hoc_boundary_specific,0.9,3,negative_control,early_only,83,phase_b,1984,2048,0.0
exploratory_post_hoc_boundary_specific,0.75,4,responsive,delayed_carry,71,boundary,0,64,0.0
exploratory_post_hoc_boundary_specific,0.75,4,responsive,delayed_carry,71,phase_b,1,65,0.0
exploratory_post_hoc_boundary_specific,0.75,4,responsive,delayed_carry,71,phase_b,2,66,0.0
exploratory_post_hoc_boundary_specific,0.75,4,responsive,delayed_carry,71,phase_b,4,68,0.0
exploratory_post_hoc_boundary_specific,0.75,4,responsive,delayed_carry,71,phase_b,8,72,0.0
exploratory_post_hoc_boundary_specific,0.75,4,responsive,delayed_carry,71,phase_b,16,80,0.0
exploratory_post_hoc_boundary_specific,0.75,4,responsive,delayed_carry,71,phase_b,32,96,0.0
exploratory_post_hoc_boundary_specific,0.75,4,responsive,delayed_carry,71,phase_b,64,128,0.0
exploratory_post_hoc_boundary_specific,0.75,4,responsive,delayed_carry,71,phase_b,128,192,0.0
exploratory_post_hoc_boundary_specific,0.75,4,responsive,delayed_carry,71,phase_b,256,320,0.0104
exploratory_post_hoc_boundary_specific,0.75,4,responsive,delayed_carry,71,phase_b,512,576,0.2506
exploratory_post_hoc_boundary_specific,0.75,4,responsive,delayed_carry,71,phase_b,1024,1088,0.2506
exploratory_post_hoc_boundary_specific,0.75,4,responsive,delayed_carry,71,phase_b,1984,2048,0.2506
exploratory_post_hoc_boundary_specific,0.75,4,responsive,high_high,23,boundary,0,64,0.0
exploratory_post_hoc_boundary_specific,0.75,4,responsive,high_high,23,phase_b,1,65,0.0
exploratory_post_hoc_boundary_specific,0.75,4,responsive,high_high,23,phase_b,2,66,0.0
exploratory_post_hoc_boundary_specific,0.75,4,responsive,high_high,23,phase_b,4,68,0.0
exploratory_post_hoc_boundary_specific,0.75,4,responsive,high_high,23,phase_b,8,72,0.0
exploratory_post_hoc_boundary_specific,0.75,4,responsive,high_high,23,phase_b,16,80,0.0
exploratory_post_hoc_boundary_specific,0.75,4,responsive,high_high,23,phase_b,32,96,0.0
exploratory_post_hoc_boundary_specific,0.75,4,responsive,high_high,23,phase_b,64,128,0.0
exploratory_post_hoc_boundary_specific,0.75,4,responsive,high_high,23,phase_b,128,192,0.0001
exploratory_post_hoc_boundary_specific,0.75,4,responsive,high_high,23,phase_b,256,320,0.1157
exploratory_post_hoc_boundary_specific,0.75,4,responsive,high_high,23,phase_b,512,576,1.0
exploratory_post_hoc_boundary_specific,0.75,4,responsive,high_high,23,phase_b,1024,1088,0.9988
exploratory_post_hoc_boundary_specific,0.75,4,responsive,high_high,23,phase_b,1984,2048,1.0
exploratory_post_hoc_boundary_specific,0.75,4,responsive,delayed_critic_reset,67,boundary,0,64,0.0
exploratory_post_hoc_boundary_specific,0.75,4,responsive,delayed_critic_reset,67,phase_b,1,65,0.0
exploratory_post_hoc_boundary_specific,0.75,4,responsive,delayed_critic_reset,67,phase_b,2,66,0.0
exploratory_post_hoc_boundary_specific,0.75,4,responsive,delayed_critic_reset,67,phase_b,4,68,0.0
exploratory_post_hoc_boundary_specific,0.75,4,responsive,delayed_critic_reset,67,phase_b,8,72,0.0
exploratory_post_hoc_boundary_specific,0.75,4,responsive,delayed_critic_reset,67,phase_b,16,80,0.0
exploratory_post_hoc_boundary_specific,0.75,4,responsive,delayed_critic_reset,67,phase_b,32,96,0.0
exploratory_post_hoc_boundary_specific,0.75,4,responsive,delayed_critic_reset,67,phase_b,64,128,0.0028
exploratory_post_hoc_boundary_specific,0.75,4,responsive,delayed_critic_reset,67,phase_b,128,192,0.0033
exploratory_post_hoc_boundary_specific,0.75,4,responsive,delayed_critic_reset,67,phase_b,256,320,0.2481
exploratory_post_hoc_boundary_specific,0.75,4,responsive,delayed_critic_reset,67,phase_b,512,576,0.2515
exploratory_post_hoc_boundary_specific,0.75,4,responsive,delayed_critic_reset,67,phase_b,1024,1088,0.2515
exploratory_post_hoc_boundary_specific,0.75,4,responsive,delayed_critic_reset,67,phase_b,1984,2048,0.2515
exploratory_post_hoc_boundary_specific,0.9,3,negative_control,high_high,67,boundary,0,64,0.0
exploratory_post_hoc_boundary_specific,0.9,3,negative_control,high_high,67,phase_b,1,65,0.0
exploratory_post_hoc_boundary_specific,0.9,3,negative_control,high_high,67,phase_b,2,66,0.0
exploratory_post_hoc_boundary_specific,0.9,3,negative_control,high_high,67,phase_b,4,68,0.0
exploratory_post_hoc_boundary_specific,0.9,3,negative_control,high_high,67,phase_b,8,72,0.0
exploratory_post_hoc_boundary_specific,0.9,3,negative_control,high_high,67,phase_b,16,80,0.0
exploratory_post_hoc_boundary_specific,0.9,3,negative_control,high_high,67,phase_b,32,96,0.0
exploratory_post_hoc_boundary_specific,0.9,3,negative_control,high_high,67,phase_b,64,128,0.0
exploratory_post_hoc_boundary_specific,0.9,3,negative_control,high_high,67,phase_b,128,192,0.0
exploratory_post_hoc_boundary_specific,0.9,3,negative_control,high_high,67,phase_b,256,320,0.0
exploratory_post_hoc_boundary_specific,0.9,3,negative_control,high_high,67,phase_b,512,576,0.0
exploratory_post_hoc_boundary_specific,0.9,3,negative_control,high_high,67,phase_b,1024,1088,0.0
exploratory_post_hoc_boundary_specific,0.9,3,negative_control,high_high,67,phase_b,1984,2048,0.0
exploratory_post_hoc_boundary_specific,0.9,3,negative_control,delayed_carry,41,boundary,0,64,0.0
exploratory_post_hoc_boundary_specific,0.9,3,negative_control,delayed_carry,41,phase_b,1,65,0.0
exploratory_post_hoc_boundary_specific,0.9,3,negative_control,delayed_carry,41,phase_b,2,66,0.0
exploratory_post_hoc_boundary_specific,0.9,3,negative_control,delayed_carry,41,phase_b,4,68,0.0
exploratory_post_hoc_boundary_specific,0.9,3,negative_control,delayed_carry,41,phase_b,8,72,0.0
exploratory_post_hoc_boundary_specific,0.9,3,negative_control,delayed_carry,41,phase_b,16,80,0.0
exploratory_post_hoc_boundary_specific,0.9,3,negative_control,delayed_carry,41,phase_b,32,96,0.0
exploratory_post_hoc_boundary_specific,0.9,3,negative_control,delayed_carry,41,phase_b,64,128,0.0
exploratory_post_hoc_boundary_specific,0.9,3,negative_control,delayed_carry,41,phase_b,128,192,0.0
exploratory_post_hoc_boundary_specific,0.9,3,negative_control,delayed_carry,41,phase_b,256,320,0.0
exploratory_post_hoc_boundary_specific,0.9,3,negative_control,delayed_carry,41,phase_b,512,576,0.0
exploratory_post_hoc_boundary_specific,0.9,3,negative_control,delayed_carry,41,phase_b,1024,1088,0.0
exploratory_post_hoc_boundary_specific,0.9,3,negative_control,delayed_carry,41,phase_b,1984,2048,0.2457
exploratory_post_hoc_boundary_specific,0.75,4,responsive,zero_zero,67,boundary,0,64,0.0
exploratory_post_hoc_boundary_specific,0.75,4,responsive,zero_zero,67,phase_b,1,65,0.0
exploratory_post_hoc_boundary_specific,0.75,4,responsive,zero_zero,67,phase_b,2,66,0.0
exploratory_post_hoc_boundary_specific,0.75,4,responsive,zero_zero,67,phase_b,4,68,0.0
exploratory_post_hoc_boundary_specific,0.75,4,responsive,zero_zero,67,phase_b,8,72,0.0
exploratory_post_hoc_boundary_specific,0.75,4,responsive,zero_zero,67,phase_b,16,80,0.0
exploratory_post_hoc_boundary_specific,0.75,4,responsive,zero_zero,67,phase_b,32,96,0.0
exploratory_post_hoc_boundary_specific,0.75,4,responsive,zero_zero,67,phase_b,64,128,0.0
exploratory_post_hoc_boundary_specific,0.75,4,responsive,zero_zero,67,phase_b,128,192,0.0
exploratory_post_hoc_boundary_specific,0.75,4,responsive,zero_zero,67,phase_b,256,320,0.0
exploratory_post_hoc_boundary_specific,0.75,4,responsive,zero_zero,67,phase_b,512,576,0.0
exploratory_post_hoc_boundary_specific,0.75,4,responsive,zero_zero,67,phase_b,1024,1088,0.0
exploratory_post_hoc_boundary_specific,0.75,4,responsive,zero_zero,67,phase_b,1984,2048,0.0
exploratory_post_hoc_boundary_specific,0.75,4,responsive,delayed_critic_reset,11,boundary,0,64,0.0
exploratory_post_hoc_boundary_specific,0.75,4,responsive,delayed_critic_reset,11,phase_b,1,65,0.0
exploratory_post_hoc_boundary_specific,0.75,4,responsive,delayed_critic_reset,11,phase_b,2,66,0.0
exploratory_post_hoc_boundary_specific,0.75,4,responsive,delayed_critic_reset,11,phase_b,4,68,0.0
exploratory_post_hoc_boundary_specific,0.75,4,responsive,delayed_critic_reset,11,phase_b,8,72,0.0
exploratory_post_hoc_boundary_specific,0.75,4,responsive,delayed_critic_reset,11,phase_b,16,80,0.0
exploratory_post_hoc_boundary_specific,0.75,4,responsive,delayed_critic_reset,11,phase_b,32,96,0.005
exploratory_post_hoc_boundary_specific,0.75,4,responsive,delayed_critic_reset,11,phase_b,64,128,0.0
exploratory_post_hoc_boundary_specific,0.75,4,responsive,delayed_critic_reset,11,phase_b,128,192,0.0
exploratory_post_hoc_boundary_specific,0.75,4,responsive,delayed_critic_reset,11,phase_b,256,320,0.2516
exploratory_post_hoc_boundary_specific,0.75,4,responsive,delayed_critic_reset,11,phase_b,512,576,0.2516
exploratory_post_hoc_boundary_specific,0.75,4,responsive,delayed_critic_reset,11,phase_b,1024,1088,0.2516
exploratory_post_hoc_boundary_specific,0.75,4,responsive,delayed_critic_reset,11,phase_b,1984,2048,0.2516
exploratory_post_hoc_boundary_specific,0.75,4,responsive,high_high,53,boundary,0,64,0.0
exploratory_post_hoc_boundary_specific,0.75,4,responsive,high_high,53,phase_b,1,65,0.0
exploratory_post_hoc_boundary_specific,0.75,4,responsive,high_high,53,phase_b,2,66,0.0
exploratory_post_hoc_boundary_specific,0.75,4,responsive,high_high,53,phase_b,4,68,0.0
exploratory_post_hoc_boundary_specific,0.75,4,responsive,high_high,53,phase_b,8,72,0.0
exploratory_post_hoc_boundary_specific,0.75,4,responsive,high_high,53,phase_b,16,80,0.0004
exploratory_post_hoc_boundary_specific,0.75,4,responsive,high_high,53,phase_b,32,96,0.0015
exploratory_post_hoc_boundary_specific,0.75,4,responsive,high_high,53,phase_b,64,128,0.0
exploratory_post_hoc_boundary_specific,0.75,4,responsive,high_high,53,phase_b,128,192,0.0008
exploratory_post_hoc_boundary_specific,0.75,4,responsive,high_high,53,phase_b,256,320,0.2516
exploratory_post_hoc_boundary_specific,0.75,4,responsive,high_high,53,phase_b,512,576,0.2516
exploratory_post_hoc_boundary_specific,0.75,4,responsive,high_high,53,phase_b,1024,1088,0.2516
exploratory_post_hoc_boundary_specific,0.75,4,responsive,high_high,53,phase_b,1984,2048,0.2516
exploratory_post_hoc_boundary_specific,0.9,3,negative_control,high_high,71,boundary,0,64,0.0
exploratory_post_hoc_boundary_specific,0.9,3,negative_control,high_high,71,phase_b,1,65,0.0
exploratory_post_hoc_boundary_specific,0.9,3,negative_control,high_high,71,phase_b,2,66,0.0
exploratory_post_hoc_boundary_specific,0.9,3,negative_control,high_high,71,phase_b,4,68,0.0
exploratory_post_hoc_boundary_specific,0.9,3,negative_control,high_high,71,phase_b,8,72,0.0
exploratory_post_hoc_boundary_specific,0.9,3,negative_control,high_high,71,phase_b,16,80,0.0
exploratory_post_hoc_boundary_specific,0.9,3,negative_control,high_high,71,phase_b,32,96,0.0
exploratory_post_hoc_boundary_specific,0.9,3,negative_control,high_high,71,phase_b,64,128,0.0
exploratory_post_hoc_boundary_specific,0.9,3,negative_control,high_high,71,phase_b,128,192,0.0
exploratory_post_hoc_boundary_specific,0.9,3,negative_control,high_high,71,phase_b,256,320,0.0
exploratory_post_hoc_boundary_specific,0.9,3,negative_control,high_high,71,phase_b,512,576,0.0
exploratory_post_hoc_boundary_specific,0.9,3,negative_control,high_high,71,phase_b,1024,1088,0.0
exploratory_post_hoc_boundary_specific,0.9,3,negative_control,high_high,71,phase_b,1984,2048,0.0
exploratory_post_hoc_boundary_specific,0.75,4,responsive,delayed_carry,97,boundary,0,64,0.0
exploratory_post_hoc_boundary_specific,0.75,4,responsive,delayed_carry,97,phase_b,1,65,0.0
exploratory_post_hoc_boundary_specific,0.75,4,responsive,delayed_carry,97,phase_b,2,66,0.0
exploratory_post_hoc_boundary_specific,0.75,4,responsive,delayed_carry,97,phase_b,4,68,0.0
exploratory_post_hoc_boundary_specific,0.75,4,responsive,delayed_carry,97,phase_b,8,72,0.0
exploratory_post_hoc_boundary_specific,0.75,4,responsive,delayed_carry,97,phase_b,16,80,0.0
exploratory_post_hoc_boundary_specific,0.75,4,responsive,delayed_carry,97,phase_b,32,96,0.0
exploratory_post_hoc_boundary_specific,0.75,4,responsive,delayed_carry,97,phase_b,64,128,0.0
exploratory_post_hoc_boundary_specific,0.75,4,responsive,delayed_carry,97,phase_b,128,192,0.001
exploratory_post_hoc_boundary_specific,0.75,4,responsive,delayed_carry,97,phase_b,256,320,0.0094
exploratory_post_hoc_boundary_specific,0.75,4,responsive,delayed_carry,97,phase_b,512,576,0.2554
exploratory_post_hoc_boundary_specific,0.75,4,responsive,delayed_carry,97,phase_b,1024,1088,0.2554
exploratory_post_hoc_boundary_specific,0.75,4,responsive,delayed_carry,97,phase_b,1984,2048,0.2554
exploratory_post_hoc_boundary_specific,0.9,3,negative_control,delayed_actor_reset,37,boundary,0,64,0.0
exploratory_post_hoc_boundary_specific,0.9,3,negative_control,delayed_actor_reset,37,phase_b,1,65,0.0
exploratory_post_hoc_boundary_specific,0.9,3,negative_control,delayed_actor_reset,37,phase_b,2,66,0.0
exploratory_post_hoc_boundary_specific,0.9,3,negative_control,delayed_actor_reset,37,phase_b,4,68,0.0
exploratory_post_hoc_boundary_specific,0.9,3,negative_control,delayed_actor_reset,37,phase_b,8,72,0.0024
exploratory_post_hoc_boundary_specific,0.9,3,negative_control,delayed_actor_reset,37,phase_b,16,80,0.0
exploratory_post_hoc_boundary_specific,0.9,3,negative_control,delayed_actor_reset,37,phase_b,32,96,0.0003
exploratory_post_hoc_boundary_specific,0.9,3,negative_control,delayed_actor_reset,37,phase_b,64,128,0.0
exploratory_post_hoc_boundary_specific,0.9,3,negative_control,delayed_actor_reset,37,phase_b,128,192,0.1182
exploratory_post_hoc_boundary_specific,0.9,3,negative_control,delayed_actor_reset,37,phase_b,256,320,0.2587
exploratory_post_hoc_boundary_specific,0.9,3,negative_control,delayed_actor_reset,37,phase_b,512,576,0.258
exploratory_post_hoc_boundary_specific,0.9,3,negative_control,delayed_actor_reset,37,phase_b,1024,1088,0.2587
exploratory_post_hoc_boundary_specific,0.9,3,negative_control,delayed_actor_reset,37,phase_b,1984,2048,0.2587
exploratory_post_hoc_boundary_specific,0.75,4,responsive,high_high,97,boundary,0,64,0.0
exploratory_post_hoc_boundary_specific,0.75,4,responsive,high_high,97,phase_b,1,65,0.0
exploratory_post_hoc_boundary_specific,0.75,4,responsive,high_high,97,phase_b,2,66,0.0
exploratory_post_hoc_boundary_specific,0.75,4,responsive,high_high,97,phase_b,4,68,0.0
exploratory_post_hoc_boundary_specific,0.75,4,responsive,high_high,97,phase_b,8,72,0.0
exploratory_post_hoc_boundary_specific,0.75,4,responsive,high_high,97,phase_b,16,80,0.0
exploratory_post_hoc_boundary_specific,0.75,4,responsive,high_high,97,phase_b,32,96,0.0
exploratory_post_hoc_boundary_specific,0.75,4,responsive,high_high,97,phase_b,64,128,0.0
exploratory_post_hoc_boundary_specific,0.75,4,responsive,high_high,97,phase_b,128,192,0.0
exploratory_post_hoc_boundary_specific,0.75,4,responsive,high_high,97,phase_b,256,320,0.0006
exploratory_post_hoc_boundary_specific,0.75,4,responsive,high_high,97,phase_b,512,576,0.248
exploratory_post_hoc_boundary_specific,0.75,4,responsive,high_high,97,phase_b,1024,1088,0.248
exploratory_post_hoc_boundary_specific,0.75,4,responsive,high_high,97,phase_b,1984,2048,0.248
exploratory_post_hoc_boundary_specific,0.75,4,responsive,delayed_actor_reset,71,boundary,0,64,0.0
exploratory_post_hoc_boundary_specific,0.75,4,responsive,delayed_actor_reset,71,phase_b,1,65,0.0
exploratory_post_hoc_boundary_specific,0.75,4,responsive,delayed_actor_reset,71,phase_b,2,66,0.0004
exploratory_post_hoc_boundary_specific,0.75,4,responsive,delayed_actor_reset,71,phase_b,4,68,0.0003
exploratory_post_hoc_boundary_specific,0.75,4,responsive,delayed_actor_reset,71,phase_b,8,72,0.0
exploratory_post_hoc_boundary_specific,0.75,4,responsive,delayed_actor_reset,71,phase_b,16,80,0.0
exploratory_post_hoc_boundary_specific,0.75,4,responsive,delayed_actor_reset,71,phase_b,32,96,0.0
exploratory_post_hoc_boundary_specific,0.75,4,responsive,delayed_actor_reset,71,phase_b,64,128,0.0003
exploratory_post_hoc_boundary_specific,0.75,4,responsive,delayed_actor_reset,71,phase_b,128,192,0.0
exploratory_post_hoc_boundary_specific,0.75,4,responsive,delayed_actor_reset,71,phase_b,256,320,0.035
exploratory_post_hoc_boundary_specific,0.75,4,responsive,delayed_actor_reset,71,phase_b,512,576,0.1237
exploratory_post_hoc_boundary_specific,0.75,4,responsive,delayed_actor_reset,71,phase_b,1024,1088,0.1237
exploratory_post_hoc_boundary_specific,0.75,4,responsive,delayed_actor_reset,71,phase_b,1984,2048,0.1237
exploratory_post_hoc_boundary_specific,0.9,3,negative_control,zero_zero,97,boundary,0,64,0.0
exploratory_post_hoc_boundary_specific,0.9,3,negative_control,zero_zero,97,phase_b,1,65,0.0
exploratory_post_hoc_boundary_specific,0.9,3,negative_control,zero_zero,97,phase_b,2,66,0.0
exploratory_post_hoc_boundary_specific,0.9,3,negative_control,zero_zero,97,phase_b,4,68,0.0
exploratory_post_hoc_boundary_specific,0.9,3,negative_control,zero_zero,97,phase_b,8,72,0.0
exploratory_post_hoc_boundary_specific,0.9,3,negative_control,zero_zero,97,phase_b,16,80,0.0
exploratory_post_hoc_boundary_specific,0.9,3,negative_control,zero_zero,97,phase_b,32,96,0.0
exploratory_post_hoc_boundary_specific,0.9,3,negative_control,zero_zero,97,phase_b,64,128,0.0
exploratory_post_hoc_boundary_specific,0.9,3,negative_control,zero_zero,97,phase_b,128,192,0.0
exploratory_post_hoc_boundary_specific,0.9,3,negative_control,zero_zero,97,phase_b,256,320,0.0
exploratory_post_hoc_boundary_specific,0.9,3,negative_control,zero_zero,97,phase_b,512,576,0.0
exploratory_post_hoc_boundary_specific,0.9,3,negative_control,zero_zero,97,phase_b,1024,1088,0.0
exploratory_post_hoc_boundary_specific,0.9,3,negative_control,zero_zero,97,phase_b,1984,2048,0.0
exploratory_post_hoc_boundary_specific,0.9,3,negative_control,high_high,101,boundary,0,64,0.0
exploratory_post_hoc_boundary_specific,0.9,3,negative_control,high_high,101,phase_b,1,65,0.0
exploratory_post_hoc_boundary_specific,0.9,3,negative_control,high_high,101,phase_b,2,66,0.0
exploratory_post_hoc_boundary_specific,0.9,3,negative_control,high_high,101,phase_b,4,68,0.0
exploratory_post_hoc_boundary_specific,0.9,3,negative_control,high_high,101,phase_b,8,72,0.0
exploratory_post_hoc_boundary_specific,0.9,3,negative_control,high_high,101,phase_b,16,80,0.0
exploratory_post_hoc_boundary_specific,0.9,3,negative_control,high_high,101,phase_b,32,96,0.0
exploratory_post_hoc_boundary_specific,0.9,3,negative_control,high_high,101,phase_b,64,128,0.0
exploratory_post_hoc_boundary_specific,0.9,3,negative_control,high_high,101,phase_b,128,192,0.0
exploratory_post_hoc_boundary_specific,0.9,3,negative_control,high_high,101,phase_b,256,320,0.0
exploratory_post_hoc_boundary_specific,0.9,3,negative_control,high_high,101,phase_b,512,576,0.0
exploratory_post_hoc_boundary_specific,0.9,3,negative_control,high_high,101,phase_b,1024,1088,0.0
exploratory_post_hoc_boundary_specific,0.9,3,negative_control,high_high,101,phase_b,1984,2048,0.0
exploratory_post_hoc_boundary_specific,0.9,3,negative_control,delayed_critic_reset,83,boundary,0,64,0.0
exploratory_post_hoc_boundary_specific,0.9,3,negative_control,delayed_critic_reset,83,phase_b,1,65,0.0
exploratory_post_hoc_boundary_specific,0.9,3,negative_control,delayed_critic_reset,83,phase_b,2,66,0.0
exploratory_post_hoc_boundary_specific,0.9,3,negative_control,delayed_critic_reset,83,phase_b,4,68,0.0
exploratory_post_hoc_boundary_specific,0.9,3,negative_control,delayed_critic_reset,83,phase_b,8,72,0.0
exploratory_post_hoc_boundary_specific,0.9,3,negative_control,delayed_critic_reset,83,phase_b,16,80,0.0
exploratory_post_hoc_boundary_specific,0.9,3,negative_control,delayed_critic_reset,83,phase_b,32,96,0.0
exploratory_post_hoc_boundary_specific,0.9,3,negative_control,delayed_critic_reset,83,phase_b,64,128,0.0
exploratory_post_hoc_boundary_specific,0.9,3,negative_control,delayed_critic_reset,83,phase_b,128,192,0.0
exploratory_post_hoc_boundary_specific,0.9,3,negative_control,delayed_critic_reset,83,phase_b,256,320,0.0
exploratory_post_hoc_boundary_specific,0.9,3,negative_control,delayed_critic_reset,83,phase_b,512,576,0.0
exploratory_post_hoc_boundary_specific,0.9,3,negative_control,delayed_critic_reset,83,phase_b,1024,1088,0.0
exploratory_post_hoc_boundary_specific,0.9,3,negative_control,delayed_critic_reset,83,phase_b,1984,2048,0.2468
exploratory_post_hoc_boundary_specific,0.9,3,negative_control,zero_zero,67,boundary,0,64,0.0
exploratory_post_hoc_boundary_specific,0.9,3,negative_control,zero_zero,67,phase_b,1,65,0.0
exploratory_post_hoc_boundary_specific,0.9,3,negative_control,zero_zero,67,phase_b,2,66,0.0
exploratory_post_hoc_boundary_specific,0.9,3,negative_control,zero_zero,67,phase_b,4,68,0.0
exploratory_post_hoc_boundary_specific,0.9,3,negative_control,zero_zero,67,phase_b,8,72,0.0
exploratory_post_hoc_boundary_specific,0.9,3,negative_control,zero_zero,67,phase_b,16,80,0.0
exploratory_post_hoc_boundary_specific,0.9,3,negative_control,zero_zero,67,phase_b,32,96,0.0
exploratory_post_hoc_boundary_specific,0.9,3,negative_control,zero_zero,67,phase_b,64,128,0.0
exploratory_post_hoc_boundary_specific,0.9,3,negative_control,zero_zero,67,phase_b,128,192,0.0
exploratory_post_hoc_boundary_specific,0.9,3,negative_control,zero_zero,67,phase_b,256,320,0.0
exploratory_post_hoc_boundary_specific,0.9,3,negative_control,zero_zero,67,phase_b,512,576,0.0
exploratory_post_hoc_boundary_specific,0.9,3,negative_control,zero_zero,67,phase_b,1024,1088,0.0
exploratory_post_hoc_boundary_specific,0.9,3,negative_control,zero_zero,67,phase_b,1984,2048,0.0
exploratory_post_hoc_boundary_specific,0.75,4,responsive,delayed_actor_reset,67,boundary,0,64,0.0
exploratory_post_hoc_boundary_specific,0.75,4,responsive,delayed_actor_reset,67,phase_b,1,65,0.0
exploratory_post_hoc_boundary_specific,0.75,4,responsive,delayed_actor_reset,67,phase_b,2,66,0.0
exploratory_post_hoc_boundary_specific,0.75,4,responsive,delayed_actor_reset,67,phase_b,4,68,0.0
exploratory_post_hoc_boundary_specific,0.75,4,responsive,delayed_actor_reset,67,phase_b,8,72,0.0003
exploratory_post_hoc_boundary_specific,0.75,4,responsive,delayed_actor_reset,67,phase_b,16,80,0.0008
exploratory_post_hoc_boundary_specific,0.75,4,responsive,delayed_actor_reset,67,phase_b,32,96,0.0008
exploratory_post_hoc_boundary_specific,0.75,4,responsive,delayed_actor_reset,67,phase_b,64,128,0.0055
exploratory_post_hoc_boundary_specific,0.75,4,responsive,delayed_actor_reset,67,phase_b,128,192,0.1174
exploratory_post_hoc_boundary_specific,0.75,4,responsive,delayed_actor_reset,67,phase_b,256,320,0.2483
exploratory_post_hoc_boundary_specific,0.75,4,responsive,delayed_actor_reset,67,phase_b,512,576,0.2488
exploratory_post_hoc_boundary_specific,0.75,4,responsive,delayed_actor_reset,67,phase_b,1024,1088,0.2488
exploratory_post_hoc_boundary_specific,0.75,4,responsive,delayed_actor_reset,67,phase_b,1984,2048,0.2488
exploratory_post_hoc_boundary_specific,0.9,3,negative_control,early_only,101,boundary,0,64,0.0
exploratory_post_hoc_boundary_specific,0.9,3,negative_control,early_only,101,phase_b,1,65,0.0
exploratory_post_hoc_boundary_specific,0.9,3,negative_control,early_only,101,phase_b,2,66,0.0
exploratory_post_hoc_boundary_specific,0.9,3,negative_control,early_only,101,phase_b,4,68,0.0
exploratory_post_hoc_boundary_specific,0.9,3,negative_control,early_only,101,phase_b,8,72,0.0
exploratory_post_hoc_boundary_specific,0.9,3,negative_control,early_only,101,phase_b,16,80,0.0
exploratory_post_hoc_boundary_specific,0.9,3,negative_control,early_only,101,phase_b,32,96,0.0
exploratory_post_hoc_boundary_specific,0.9,3,negative_control,early_only,101,phase_b,64,128,0.0
exploratory_post_hoc_boundary_specific,0.9,3,negative_control,early_only,101,phase_b,128,192,0.0
exploratory_post_hoc_boundary_specific,0.9,3,negative_control,early_only,101,phase_b,256,320,0.0
exploratory_post_hoc_boundary_specific,0.9,3,negative_control,early_only,101,phase_b,512,576,0.0
exploratory_post_hoc_boundary_specific,0.9,3,negative_control,early_only,101,phase_b,1024,1088,0.0
exploratory_post_hoc_boundary_specific,0.9,3,negative_control,early_only,101,phase_b,1984,2048,0.0
exploratory_post_hoc_boundary_specific,0.9,3,negative_control,high_high,97,boundary,0,64,0.0
exploratory_post_hoc_boundary_specific,0.9,3,negative_control,high_high,97,phase_b,1,65,0.0
exploratory_post_hoc_boundary_specific,0.9,3,negative_control,high_high,97,phase_b,2,66,0.0
exploratory_post_hoc_boundary_specific,0.9,3,negative_control,high_high,97,phase_b,4,68,0.0
exploratory_post_hoc_boundary_specific,0.9,3,negative_control,high_high,97,phase_b,8,72,0.0
exploratory_post_hoc_boundary_specific,0.9,3,negative_control,high_high,97,phase_b,16,80,0.0
exploratory_post_hoc_boundary_specific,0.9,3,negative_control,high_high,97,phase_b,32,96,0.0
exploratory_post_hoc_boundary_specific,0.9,3,negative_control,high_high,97,phase_b,64,128,0.0
exploratory_post_hoc_boundary_specific,0.9,3,negative_control,high_high,97,phase_b,128,192,0.0
exploratory_post_hoc_boundary_specific,0.9,3,negative_control,high_high,97,phase_b,256,320,0.0
exploratory_post_hoc_boundary_specific,0.9,3,negative_control,high_high,97,phase_b,512,576,0.0
exploratory_post_hoc_boundary_specific,0.9,3,negative_control,high_high,97,phase_b,1024,1088,0.0
exploratory_post_hoc_boundary_specific,0.9,3,negative_control,high_high,97,phase_b,1984,2048,0.0
exploratory_post_hoc_boundary_specific,0.75,4,responsive,delayed_critic_reset,83,boundary,0,64,0.0
exploratory_post_hoc_boundary_specific,0.75,4,responsive,delayed_critic_reset,83,phase_b,1,65,0.0
exploratory_post_hoc_boundary_specific,0.75,4,responsive,delayed_critic_reset,83,phase_b,2,66,0.0
exploratory_post_hoc_boundary_specific,0.75,4,responsive,delayed_critic_reset,83,phase_b,4,68,0.0
exploratory_post_hoc_boundary_specific,0.75,4,responsive,delayed_critic_reset,83,phase_b,8,72,0.0
exploratory_post_hoc_boundary_specific,0.75,4,responsive,delayed_critic_reset,83,phase_b,16,80,0.0
exploratory_post_hoc_boundary_specific,0.75,4,responsive,delayed_critic_reset,83,phase_b,32,96,0.0
exploratory_post_hoc_boundary_specific,0.75,4,responsive,delayed_critic_reset,83,phase_b,64,128,0.0
exploratory_post_hoc_boundary_specific,0.75,4,responsive,delayed_critic_reset,83,phase_b,128,192,0.0111
exploratory_post_hoc_boundary_specific,0.75,4,responsive,delayed_critic_reset,83,phase_b,256,320,0.2465
exploratory_post_hoc_boundary_specific,0.75,4,responsive,delayed_critic_reset,83,phase_b,512,576,0.2465
exploratory_post_hoc_boundary_specific,0.75,4,responsive,delayed_critic_reset,83,phase_b,1024,1088,0.2465
exploratory_post_hoc_boundary_specific,0.75,4,responsive,delayed_critic_reset,83,phase_b,1984,2048,0.2465
exploratory_post_hoc_boundary_specific,0.75,4,responsive,delayed_actor_reset,83,boundary,0,64,0.0
exploratory_post_hoc_boundary_specific,0.75,4,responsive,delayed_actor_reset,83,phase_b,1,65,0.0
exploratory_post_hoc_boundary_specific,0.75,4,responsive,delayed_actor_reset,83,phase_b,2,66,0.0003
exploratory_post_hoc_boundary_specific,0.75,4,responsive,delayed_actor_reset,83,phase_b,4,68,0.0
exploratory_post_hoc_boundary_specific,0.75,4,responsive,delayed_actor_reset,83,phase_b,8,72,0.0
exploratory_post_hoc_boundary_specific,0.75,4,responsive,delayed_actor_reset,83,phase_b,16,80,0.0004
exploratory_post_hoc_boundary_specific,0.75,4,responsive,delayed_actor_reset,83,phase_b,32,96,0.0
exploratory_post_hoc_boundary_specific,0.75,4,responsive,delayed_actor_reset,83,phase_b,64,128,0.0
exploratory_post_hoc_boundary_specific,0.75,4,responsive,delayed_actor_reset,83,phase_b,128,192,0.0
exploratory_post_hoc_boundary_specific,0.75,4,responsive,delayed_actor_reset,83,phase_b,256,320,0.0496
exploratory_post_hoc_boundary_specific,0.75,4,responsive,delayed_actor_reset,83,phase_b,512,576,0.2463
exploratory_post_hoc_boundary_specific,0.75,4,responsive,delayed_actor_reset,83,phase_b,1024,1088,0.2465
exploratory_post_hoc_boundary_specific,0.75,4,responsive,delayed_actor_reset,83,phase_b,1984,2048,0.2465
exploratory_post_hoc_boundary_specific,0.9,3,negative_control,zero_zero,37,boundary,0,64,0.0
exploratory_post_hoc_boundary_specific,0.9,3,negative_control,zero_zero,37,phase_b,1,65,0.0
exploratory_post_hoc_boundary_specific,0.9,3,negative_control,zero_zero,37,phase_b,2,66,0.0
exploratory_post_hoc_boundary_specific,0.9,3,negative_control,zero_zero,37,phase_b,4,68,0.0
exploratory_post_hoc_boundary_specific,0.9,3,negative_control,zero_zero,37,phase_b,8,72,0.0
exploratory_post_hoc_boundary_specific,0.9,3,negative_control,zero_zero,37,phase_b,16,80,0.0
exploratory_post_hoc_boundary_specific,0.9,3,negative_control,zero_zero,37,phase_b,32,96,0.0
exploratory_post_hoc_boundary_specific,0.9,3,negative_control,zero_zero,37,phase_b,64,128,0.0
exploratory_post_hoc_boundary_specific,0.9,3,negative_control,zero_zero,37,phase_b,128,192,0.0
exploratory_post_hoc_boundary_specific,0.9,3,negative_control,zero_zero,37,phase_b,256,320,0.0
exploratory_post_hoc_boundary_specific,0.9,3,negative_control,zero_zero,37,phase_b,512,576,0.0
exploratory_post_hoc_boundary_specific,0.9,3,negative_control,zero_zero,37,phase_b,1024,1088,0.0
exploratory_post_hoc_boundary_specific,0.9,3,negative_control,zero_zero,37,phase_b,1984,2048,0.0
exploratory_post_hoc_boundary_specific,0.9,3,negative_control,delayed_actor_reset,11,boundary,0,64,0.0
exploratory_post_hoc_boundary_specific,0.9,3,negative_control,delayed_actor_reset,11,phase_b,1,65,0.0
exploratory_post_hoc_boundary_specific,0.9,3,negative_control,delayed_actor_reset,11,phase_b,2,66,0.0
exploratory_post_hoc_boundary_specific,0.9,3,negative_control,delayed_actor_reset,11,phase_b,4,68,0.0
exploratory_post_hoc_boundary_specific,0.9,3,negative_control,delayed_actor_reset,11,phase_b,8,72,0.0
exploratory_post_hoc_boundary_specific,0.9,3,negative_control,delayed_actor_reset,11,phase_b,16,80,0.0
exploratory_post_hoc_boundary_specific,0.9,3,negative_control,delayed_actor_reset,11,phase_b,32,96,0.0
exploratory_post_hoc_boundary_specific,0.9,3,negative_control,delayed_actor_reset,11,phase_b,64,128,0.0
exploratory_post_hoc_boundary_specific,0.9,3,negative_control,delayed_actor_reset,11,phase_b,128,192,0.0
exploratory_post_hoc_boundary_specific,0.9,3,negative_control,delayed_actor_reset,11,phase_b,256,320,0.0
exploratory_post_hoc_boundary_specific,0.9,3,negative_control,delayed_actor_reset,11,phase_b,512,576,0.0
exploratory_post_hoc_boundary_specific,0.9,3,negative_control,delayed_actor_reset,11,phase_b,1024,1088,0.0
exploratory_post_hoc_boundary_specific,0.9,3,negative_control,delayed_actor_reset,11,phase_b,1984,2048,0.0
exploratory_post_hoc_boundary_specific,0.75,4,responsive,delayed_carry,53,boundary,0,64,0.0
exploratory_post_hoc_boundary_specific,0.75,4,responsive,delayed_carry,53,phase_b,1,65,0.0
exploratory_post_hoc_boundary_specific,0.75,4,responsive,delayed_carry,53,phase_b,2,66,0.0
exploratory_post_hoc_boundary_specific,0.75,4,responsive,delayed_carry,53,phase_b,4,68,0.0
exploratory_post_hoc_boundary_specific,0.75,4,responsive,delayed_carry,53,phase_b,8,72,0.0
exploratory_post_hoc_boundary_specific,0.75,4,responsive,delayed_carry,53,phase_b,16,80,0.0
exploratory_post_hoc_boundary_specific,0.75,4,responsive,delayed_carry,53,phase_b,32,96,0.0
exploratory_post_hoc_boundary_specific,0.75,4,responsive,delayed_carry,53,phase_b,64,128,0.0
exploratory_post_hoc_boundary_specific,0.75,4,responsive,delayed_carry,53,phase_b,128,192,0.0118
exploratory_post_hoc_boundary_specific,0.75,4,responsive,delayed_carry,53,phase_b,256,320,0.0
exploratory_post_hoc_boundary_specific,0.75,4,responsive,delayed_carry,53,phase_b,512,576,0.2516
exploratory_post_hoc_boundary_specific,0.75,4,responsive,delayed_carry,53,phase_b,1024,1088,0.2516
exploratory_post_hoc_boundary_specific,0.75,4,responsive,delayed_carry,53,phase_b,1984,2048,0.2516
exploratory_post_hoc_boundary_specific,0.75,4,responsive,delayed_actor_reset,11,boundary,0,64,0.0
exploratory_post_hoc_boundary_specific,0.75,4,responsive,delayed_actor_reset,11,phase_b,1,65,0.0
exploratory_post_hoc_boundary_specific,0.75,4,responsive,delayed_actor_reset,11,phase_b,2,66,0.0
exploratory_post_hoc_boundary_specific,0.75,4,responsive,delayed_actor_reset,11,phase_b,4,68,0.0
exploratory_post_hoc_boundary_specific,0.75,4,responsive,delayed_actor_reset,11,phase_b,8,72,0.0
exploratory_post_hoc_boundary_specific,0.75,4,responsive,delayed_actor_reset,11,phase_b,16,80,0.0014
exploratory_post_hoc_boundary_specific,0.75,4,responsive,delayed_actor_reset,11,phase_b,32,96,0.0004
exploratory_post_hoc_boundary_specific,0.75,4,responsive,delayed_actor_reset,11,phase_b,64,128,0.0016
exploratory_post_hoc_boundary_specific,0.75,4,responsive,delayed_actor_reset,11,phase_b,128,192,0.0
exploratory_post_hoc_boundary_specific,0.75,4,responsive,delayed_actor_reset,11,phase_b,256,320,0.0
exploratory_post_hoc_boundary_specific,0.75,4,responsive,delayed_actor_reset,11,phase_b,512,576,0.2516
exploratory_post_hoc_boundary_specific,0.75,4,responsive,delayed_actor_reset,11,phase_b,1024,1088,0.2516
exploratory_post_hoc_boundary_specific,0.75,4,responsive,delayed_actor_reset,11,phase_b,1984,2048,0.2516
exploratory_post_hoc_boundary_specific,0.9,3,negative_control,early_only,41,boundary,0,64,0.0
exploratory_post_hoc_boundary_specific,0.9,3,negative_control,early_only,41,phase_b,1,65,0.0
exploratory_post_hoc_boundary_specific,0.9,3,negative_control,early_only,41,phase_b,2,66,0.0
exploratory_post_hoc_boundary_specific,0.9,3,negative_control,early_only,41,phase_b,4,68,0.0
exploratory_post_hoc_boundary_specific,0.9,3,negative_control,early_only,41,phase_b,8,72,0.0
exploratory_post_hoc_boundary_specific,0.9,3,negative_control,early_only,41,phase_b,16,80,0.0
exploratory_post_hoc_boundary_specific,0.9,3,negative_control,early_only,41,phase_b,32,96,0.0
exploratory_post_hoc_boundary_specific,0.9,3,negative_control,early_only,41,phase_b,64,128,0.0
exploratory_post_hoc_boundary_specific,0.9,3,negative_control,early_only,41,phase_b,128,192,0.0
exploratory_post_hoc_boundary_specific,0.9,3,negative_control,early_only,41,phase_b,256,320,0.0
exploratory_post_hoc_boundary_specific,0.9,3,negative_control,early_only,41,phase_b,512,576,0.0022
exploratory_post_hoc_boundary_specific,0.9,3,negative_control,early_only,41,phase_b,1024,1088,0.0
exploratory_post_hoc_boundary_specific,0.9,3,negative_control,early_only,41,phase_b,1984,2048,0.0
exploratory_post_hoc_boundary_specific,0.75,4,responsive,delayed_critic_reset,41,boundary,0,64,0.0
exploratory_post_hoc_boundary_specific,0.75,4,responsive,delayed_critic_reset,41,phase_b,1,65,0.0
exploratory_post_hoc_boundary_specific,0.75,4,responsive,delayed_critic_reset,41,phase_b,2,66,0.0
exploratory_post_hoc_boundary_specific,0.75,4,responsive,delayed_critic_reset,41,phase_b,4,68,0.0
exploratory_post_hoc_boundary_specific,0.75,4,responsive,delayed_critic_reset,41,phase_b,8,72,0.0
exploratory_post_hoc_boundary_specific,0.75,4,responsive,delayed_critic_reset,41,phase_b,16,80,0.0013
exploratory_post_hoc_boundary_specific,0.75,4,responsive,delayed_critic_reset,41,phase_b,32,96,0.0
exploratory_post_hoc_boundary_specific,0.75,4,responsive,delayed_critic_reset,41,phase_b,64,128,0.0015
exploratory_post_hoc_boundary_specific,0.75,4,responsive,delayed_critic_reset,41,phase_b,128,192,0.0055
exploratory_post_hoc_boundary_specific,0.75,4,responsive,delayed_critic_reset,41,phase_b,256,320,0.1255
exploratory_post_hoc_boundary_specific,0.75,4,responsive,delayed_critic_reset,41,phase_b,512,576,0.1255
exploratory_post_hoc_boundary_specific,0.75,4,responsive,delayed_critic_reset,41,phase_b,1024,1088,0.1255
exploratory_post_hoc_boundary_specific,0.75,4,responsive,delayed_critic_reset,41,phase_b,1984,2048,0.1255
exploratory_post_hoc_boundary_specific,0.75,4,responsive,delayed_actor_reset,53,boundary,0,64,0.0
exploratory_post_hoc_boundary_specific,0.75,4,responsive,delayed_actor_reset,53,phase_b,1,65,0.0
exploratory_post_hoc_boundary_specific,0.75,4,responsive,delayed_actor_reset,53,phase_b,2,66,0.0
exploratory_post_hoc_boundary_specific,0.75,4,responsive,delayed_actor_reset,53,phase_b,4,68,0.0
exploratory_post_hoc_boundary_specific,0.75,4,responsive,delayed_actor_reset,53,phase_b,8,72,0.0061
exploratory_post_hoc_boundary_specific,0.75,4,responsive,delayed_actor_reset,53,phase_b,16,80,0.0003
exploratory_post_hoc_boundary_specific,0.75,4,responsive,delayed_actor_reset,53,phase_b,32,96,0.0008
exploratory_post_hoc_boundary_specific,0.75,4,responsive,delayed_actor_reset,53,phase_b,64,128,0.0004
exploratory_post_hoc_boundary_specific,0.75,4,responsive,delayed_actor_reset,53,phase_b,128,192,0.0018
exploratory_post_hoc_boundary_specific,0.75,4,responsive,delayed_actor_reset,53,phase_b,256,320,0.1884
exploratory_post_hoc_boundary_specific,0.75,4,responsive,delayed_actor_reset,53,phase_b,512,576,0.2516
exploratory_post_hoc_boundary_specific,0.75,4,responsive,delayed_actor_reset,53,phase_b,1024,1088,0.2516
exploratory_post_hoc_boundary_specific,0.75,4,responsive,delayed_actor_reset,53,phase_b,1984,2048,0.2516
exploratory_post_hoc_boundary_specific,0.9,3,negative_control,delayed_carry,83,boundary,0,64,0.0
exploratory_post_hoc_boundary_specific,0.9,3,negative_control,delayed_carry,83,phase_b,1,65,0.0
exploratory_post_hoc_boundary_specific,0.9,3,negative_control,delayed_carry,83,phase_b,2,66,0.0
exploratory_post_hoc_boundary_specific,0.9,3,negative_control,delayed_carry,83,phase_b,4,68,0.0
exploratory_post_hoc_boundary_specific,0.9,3,negative_control,delayed_carry,83,phase_b,8,72,0.0
exploratory_post_hoc_boundary_specific,0.9,3,negative_control,delayed_carry,83,phase_b,16,80,0.0
exploratory_post_hoc_boundary_specific,0.9,3,negative_control,delayed_carry,83,phase_b,32,96,0.0
exploratory_post_hoc_boundary_specific,0.9,3,negative_control,delayed_carry,83,phase_b,64,128,0.0
exploratory_post_hoc_boundary_specific,0.9,3,negative_control,delayed_carry,83,phase_b,128,192,0.0
exploratory_post_hoc_boundary_specific,0.9,3,negative_control,delayed_carry,83,phase_b,256,320,0.0
exploratory_post_hoc_boundary_specific,0.9,3,negative_control,delayed_carry,83,phase_b,512,576,0.0
exploratory_post_hoc_boundary_specific,0.9,3,negative_control,delayed_carry,83,phase_b,1024,1088,0.0
exploratory_post_hoc_boundary_specific,0.9,3,negative_control,delayed_carry,83,phase_b,1984,2048,0.0
exploratory_post_hoc_boundary_specific,0.9,3,negative_control,early_only,71,boundary,0,64,0.0
exploratory_post_hoc_boundary_specific,0.9,3,negative_control,early_only,71,phase_b,1,65,0.0
exploratory_post_hoc_boundary_specific,0.9,3,negative_control,early_only,71,phase_b,2,66,0.0
exploratory_post_hoc_boundary_specific,0.9,3,negative_control,early_only,71,phase_b,4,68,0.0
exploratory_post_hoc_boundary_specific,0.9,3,negative_control,early_only,71,phase_b,8,72,0.0
exploratory_post_hoc_boundary_specific,0.9,3,negative_control,early_only,71,phase_b,16,80,0.0
exploratory_post_hoc_boundary_specific,0.9,3,negative_control,early_only,71,phase_b,32,96,0.0
exploratory_post_hoc_boundary_specific,0.9,3,negative_control,early_only,71,phase_b,64,128,0.0
exploratory_post_hoc_boundary_specific,0.9,3,negative_control,early_only,71,phase_b,128,192,0.0
exploratory_post_hoc_boundary_specific,0.9,3,negative_control,early_only,71,phase_b,256,320,0.0
exploratory_post_hoc_boundary_specific,0.9,3,negative_control,early_only,71,phase_b,512,576,0.2477
exploratory_post_hoc_boundary_specific,0.9,3,negative_control,early_only,71,phase_b,1024,1088,0.2511
exploratory_post_hoc_boundary_specific,0.9,3,negative_control,early_only,71,phase_b,1984,2048,0.2511
exploratory_post_hoc_boundary_specific,0.75,4,responsive,zero_zero,23,boundary,0,64,0.0
exploratory_post_hoc_boundary_specific,0.75,4,responsive,zero_zero,23,phase_b,1,65,0.0
exploratory_post_hoc_boundary_specific,0.75,4,responsive,zero_zero,23,phase_b,2,66,0.0
exploratory_post_hoc_boundary_specific,0.75,4,responsive,zero_zero,23,phase_b,4,68,0.0
exploratory_post_hoc_boundary_specific,0.75,4,responsive,zero_zero,23,phase_b,8,72,0.0
exploratory_post_hoc_boundary_specific,0.75,4,responsive,zero_zero,23,phase_b,16,80,0.0
exploratory_post_hoc_boundary_specific,0.75,4,responsive,zero_zero,23,phase_b,32,96,0.0
exploratory_post_hoc_boundary_specific,0.75,4,responsive,zero_zero,23,phase_b,64,128,0.0
exploratory_post_hoc_boundary_specific,0.75,4,responsive,zero_zero,23,phase_b,128,192,0.0
exploratory_post_hoc_boundary_specific,0.75,4,responsive,zero_zero,23,phase_b,256,320,0.0
exploratory_post_hoc_boundary_specific,0.75,4,responsive,zero_zero,23,phase_b,512,576,0.0
exploratory_post_hoc_boundary_specific,0.75,4,responsive,zero_zero,23,phase_b,1024,1088,0.0
exploratory_post_hoc_boundary_specific,0.75,4,responsive,zero_zero,23,phase_b,1984,2048,0.0
exploratory_post_hoc_boundary_specific,0.9,3,negative_control,delayed_critic_reset,97,boundary,0,64,0.0
exploratory_post_hoc_boundary_specific,0.9,3,negative_control,delayed_critic_reset,97,phase_b,1,65,0.0
exploratory_post_hoc_boundary_specific,0.9,3,negative_control,delayed_critic_reset,97,phase_b,2,66,0.0
exploratory_post_hoc_boundary_specific,0.9,3,negative_control,delayed_critic_reset,97,phase_b,4,68,0.0
exploratory_post_hoc_boundary_specific,0.9,3,negative_control,delayed_critic_reset,97,phase_b,8,72,0.0
exploratory_post_hoc_boundary_specific,0.9,3,negative_control,delayed_critic_reset,97,phase_b,16,80,0.0
exploratory_post_hoc_boundary_specific,0.9,3,negative_control,delayed_critic_reset,97,phase_b,32,96,0.0
exploratory_post_hoc_boundary_specific,0.9,3,negative_control,delayed_critic_reset,97,phase_b,64,128,0.0
exploratory_post_hoc_boundary_specific,0.9,3,negative_control,delayed_critic_reset,97,phase_b,128,192,0.0
exploratory_post_hoc_boundary_specific,0.9,3,negative_control,delayed_critic_reset,97,phase_b,256,320,0.0
exploratory_post_hoc_boundary_specific,0.9,3,negative_control,delayed_critic_reset,97,phase_b,512,576,0.0006
exploratory_post_hoc_boundary_specific,0.9,3,negative_control,delayed_critic_reset,97,phase_b,1024,1088,0.0
exploratory_post_hoc_boundary_specific,0.9,3,negative_control,delayed_critic_reset,97,phase_b,1984,2048,0.2535
exploratory_post_hoc_boundary_specific,0.9,3,negative_control,delayed_actor_reset,83,boundary,0,64,0.0
exploratory_post_hoc_boundary_specific,0.9,3,negative_control,delayed_actor_reset,83,phase_b,1,65,0.0
exploratory_post_hoc_boundary_specific,0.9,3,negative_control,delayed_actor_reset,83,phase_b,2,66,0.0
exploratory_post_hoc_boundary_specific,0.9,3,negative_control,delayed_actor_reset,83,phase_b,4,68,0.0
exploratory_post_hoc_boundary_specific,0.9,3,negative_control,delayed_actor_reset,83,phase_b,8,72,0.0
exploratory_post_hoc_boundary_specific,0.9,3,negative_control,delayed_actor_reset,83,phase_b,16,80,0.0
exploratory_post_hoc_boundary_specific,0.9,3,negative_control,delayed_actor_reset,83,phase_b,32,96,0.0
exploratory_post_hoc_boundary_specific,0.9,3,negative_control,delayed_actor_reset,83,phase_b,64,128,0.0
exploratory_post_hoc_boundary_specific,0.9,3,negative_control,delayed_actor_reset,83,phase_b,128,192,0.0
exploratory_post_hoc_boundary_specific,0.9,3,negative_control,delayed_actor_reset,83,phase_b,256,320,0.003
exploratory_post_hoc_boundary_specific,0.9,3,negative_control,delayed_actor_reset,83,phase_b,512,576,0.0
exploratory_post_hoc_boundary_specific,0.9,3,negative_control,delayed_actor_reset,83,phase_b,1024,1088,0.2523
exploratory_post_hoc_boundary_specific,0.9,3,negative_control,delayed_actor_reset,83,phase_b,1984,2048,0.2523
exploratory_post_hoc_boundary_specific,0.75,4,responsive,delayed_carry,11,boundary,0,64,0.0
exploratory_post_hoc_boundary_specific,0.75,4,responsive,delayed_carry,11,phase_b,1,65,0.0
exploratory_post_hoc_boundary_specific,0.75,4,responsive,delayed_carry,11,phase_b,2,66,0.0
exploratory_post_hoc_boundary_specific,0.75,4,responsive,delayed_carry,11,phase_b,4,68,0.0
exploratory_post_hoc_boundary_specific,0.75,4,responsive,delayed_carry,11,phase_b,8,72,0.0
exploratory_post_hoc_boundary_specific,0.75,4,responsive,delayed_carry,11,phase_b,16,80,0.0
exploratory_post_hoc_boundary_specific,0.75,4,responsive,delayed_carry,11,phase_b,32,96,0.0043
exploratory_post_hoc_boundary_specific,0.75,4,responsive,delayed_carry,11,phase_b,64,128,0.0
exploratory_post_hoc_boundary_specific,0.75,4,responsive,delayed_carry,11,phase_b,128,192,0.0012
exploratory_post_hoc_boundary_specific,0.75,4,responsive,delayed_carry,11,phase_b,256,320,0.183
exploratory_post_hoc_boundary_specific,0.75,4,responsive,delayed_carry,11,phase_b,512,576,0.2492
exploratory_post_hoc_boundary_specific,0.75,4,responsive,delayed_carry,11,phase_b,1024,1088,0.2492
exploratory_post_hoc_boundary_specific,0.75,4,responsive,delayed_carry,11,phase_b,1984,2048,0.2488
exploratory_post_hoc_boundary_specific,0.75,4,responsive,delayed_carry,101,boundary,0,64,0.0
exploratory_post_hoc_boundary_specific,0.75,4,responsive,delayed_carry,101,phase_b,1,65,0.0
exploratory_post_hoc_boundary_specific,0.75,4,responsive,delayed_carry,101,phase_b,2,66,0.0
exploratory_post_hoc_boundary_specific,0.75,4,responsive,delayed_carry,101,phase_b,4,68,0.0
exploratory_post_hoc_boundary_specific,0.75,4,responsive,delayed_carry,101,phase_b,8,72,0.0
exploratory_post_hoc_boundary_specific,0.75,4,responsive,delayed_carry,101,phase_b,16,80,0.0
exploratory_post_hoc_boundary_specific,0.75,4,responsive,delayed_carry,101,phase_b,32,96,0.0
exploratory_post_hoc_boundary_specific,0.75,4,responsive,delayed_carry,101,phase_b,64,128,0.0008
exploratory_post_hoc_boundary_specific,0.75,4,responsive,delayed_carry,101,phase_b,128,192,0.1198
exploratory_post_hoc_boundary_specific,0.75,4,responsive,delayed_carry,101,phase_b,256,320,0.2535
exploratory_post_hoc_boundary_specific,0.75,4,responsive,delayed_carry,101,phase_b,512,576,0.2556
exploratory_post_hoc_boundary_specific,0.75,4,responsive,delayed_carry,101,phase_b,1024,1088,0.2556
exploratory_post_hoc_boundary_specific,0.75,4,responsive,delayed_carry,101,phase_b,1984,2048,0.2556
exploratory_post_hoc_boundary_specific,0.75,4,responsive,early_only,23,boundary,0,64,0.0
exploratory_post_hoc_boundary_specific,0.75,4,responsive,early_only,23,phase_b,1,65,0.0
exploratory_post_hoc_boundary_specific,0.75,4,responsive,early_only,23,phase_b,2,66,0.0
exploratory_post_hoc_boundary_specific,0.75,4,responsive,early_only,23,phase_b,4,68,0.0
exploratory_post_hoc_boundary_specific,0.75,4,responsive,early_only,23,phase_b,8,72,0.0
exploratory_post_hoc_boundary_specific,0.75,4,responsive,early_only,23,phase_b,16,80,0.0
exploratory_post_hoc_boundary_specific,0.75,4,responsive,early_only,23,phase_b,32,96,0.0
exploratory_post_hoc_boundary_specific,0.75,4,responsive,early_only,23,phase_b,64,128,0.0
exploratory_post_hoc_boundary_specific,0.75,4,responsive,early_only,23,phase_b,128,192,0.0
exploratory_post_hoc_boundary_specific,0.75,4,responsive,early_only,23,phase_b,256,320,0.0
exploratory_post_hoc_boundary_specific,0.75,4,responsive,early_only,23,phase_b,512,576,0.0044
exploratory_post_hoc_boundary_specific,0.75,4,responsive,early_only,23,phase_b,1024,1088,0.0
exploratory_post_hoc_boundary_specific,0.75,4,responsive,early_only,23,phase_b,1984,2048,0.0
exploratory_post_hoc_boundary_specific,0.75,4,responsive,delayed_actor_reset,101,boundary,0,64,0.0
exploratory_post_hoc_boundary_specific,0.75,4,responsive,delayed_actor_reset,101,phase_b,1,65,0.0
exploratory_post_hoc_boundary_specific,0.75,4,responsive,delayed_actor_reset,101,phase_b,2,66,0.0
exploratory_post_hoc_boundary_specific,0.75,4,responsive,delayed_actor_reset,101,phase_b,4,68,0.0
exploratory_post_hoc_boundary_specific,0.75,4,responsive,delayed_actor_reset,101,phase_b,8,72,0.0
exploratory_post_hoc_boundary_specific,0.75,4,responsive,delayed_actor_reset,101,phase_b,16,80,0.0019
exploratory_post_hoc_boundary_specific,0.75,4,responsive,delayed_actor_reset,101,phase_b,32,96,0.0041
exploratory_post_hoc_boundary_specific,0.75,4,responsive,delayed_actor_reset,101,phase_b,64,128,0.0449
exploratory_post_hoc_boundary_specific,0.75,4,responsive,delayed_actor_reset,101,phase_b,128,192,0.166
exploratory_post_hoc_boundary_specific,0.75,4,responsive,delayed_actor_reset,101,phase_b,256,320,0.2531
exploratory_post_hoc_boundary_specific,0.75,4,responsive,delayed_actor_reset,101,phase_b,512,576,0.2531
exploratory_post_hoc_boundary_specific,0.75,4,responsive,delayed_actor_reset,101,phase_b,1024,1088,0.2531
exploratory_post_hoc_boundary_specific,0.75,4,responsive,delayed_actor_reset,101,phase_b,1984,2048,0.2531
exploratory_post_hoc_boundary_specific,0.9,3,negative_control,delayed_carry,11,boundary,0,64,0.0
exploratory_post_hoc_boundary_specific,0.9,3,negative_control,delayed_carry,11,phase_b,1,65,0.0
exploratory_post_hoc_boundary_specific,0.9,3,negative_control,delayed_carry,11,phase_b,2,66,0.0
exploratory_post_hoc_boundary_specific,0.9,3,negative_control,delayed_carry,11,phase_b,4,68,0.0
exploratory_post_hoc_boundary_specific,0.9,3,negative_control,delayed_carry,11,phase_b,8,72,0.0
exploratory_post_hoc_boundary_specific,0.9,3,negative_control,delayed_carry,11,phase_b,16,80,0.0
exploratory_post_hoc_boundary_specific,0.9,3,negative_control,delayed_carry,11,phase_b,32,96,0.0
exploratory_post_hoc_boundary_specific,0.9,3,negative_control,delayed_carry,11,phase_b,64,128,0.0
exploratory_post_hoc_boundary_specific,0.9,3,negative_control,delayed_carry,11,phase_b,128,192,0.0
exploratory_post_hoc_boundary_specific,0.9,3,negative_control,delayed_carry,11,phase_b,256,320,0.0
exploratory_post_hoc_boundary_specific,0.9,3,negative_control,delayed_carry,11,phase_b,512,576,0.0
exploratory_post_hoc_boundary_specific,0.9,3,negative_control,delayed_carry,11,phase_b,1024,1088,0.0
exploratory_post_hoc_boundary_specific,0.9,3,negative_control,delayed_carry,11,phase_b,1984,2048,0.0
exploratory_post_hoc_boundary_specific,0.9,3,negative_control,delayed_critic_reset,71,boundary,0,64,0.0
exploratory_post_hoc_boundary_specific,0.9,3,negative_control,delayed_critic_reset,71,phase_b,1,65,0.0
exploratory_post_hoc_boundary_specific,0.9,3,negative_control,delayed_critic_reset,71,phase_b,2,66,0.0
exploratory_post_hoc_boundary_specific,0.9,3,negative_control,delayed_critic_reset,71,phase_b,4,68,0.0
exploratory_post_hoc_boundary_specific,0.9,3,negative_control,delayed_critic_reset,71,phase_b,8,72,0.0
exploratory_post_hoc_boundary_specific,0.9,3,negative_control,delayed_critic_reset,71,phase_b,16,80,0.0
exploratory_post_hoc_boundary_specific,0.9,3,negative_control,delayed_critic_reset,71,phase_b,32,96,0.0
exploratory_post_hoc_boundary_specific,0.9,3,negative_control,delayed_critic_reset,71,phase_b,64,128,0.0
exploratory_post_hoc_boundary_specific,0.9,3,negative_control,delayed_critic_reset,71,phase_b,128,192,0.0
exploratory_post_hoc_boundary_specific,0.9,3,negative_control,delayed_critic_reset,71,phase_b,256,320,0.0
exploratory_post_hoc_boundary_specific,0.9,3,negative_control,delayed_critic_reset,71,phase_b,512,576,0.2511
exploratory_post_hoc_boundary_specific,0.9,3,negative_control,delayed_critic_reset,71,phase_b,1024,1088,0.2511
exploratory_post_hoc_boundary_specific,0.9,3,negative_control,delayed_critic_reset,71,phase_b,1984,2048,0.2511
exploratory_post_hoc_boundary_specific,0.9,3,negative_control,zero_zero,11,boundary,0,64,0.0
exploratory_post_hoc_boundary_specific,0.9,3,negative_control,zero_zero,11,phase_b,1,65,0.0
exploratory_post_hoc_boundary_specific,0.9,3,negative_control,zero_zero,11,phase_b,2,66,0.0
exploratory_post_hoc_boundary_specific,0.9,3,negative_control,zero_zero,11,phase_b,4,68,0.0
exploratory_post_hoc_boundary_specific,0.9,3,negative_control,zero_zero,11,phase_b,8,72,0.0
exploratory_post_hoc_boundary_specific,0.9,3,negative_control,zero_zero,11,phase_b,16,80,0.0
exploratory_post_hoc_boundary_specific,0.9,3,negative_control,zero_zero,11,phase_b,32,96,0.0
exploratory_post_hoc_boundary_specific,0.9,3,negative_control,zero_zero,11,phase_b,64,128,0.0
exploratory_post_hoc_boundary_specific,0.9,3,negative_control,zero_zero,11,phase_b,128,192,0.0
exploratory_post_hoc_boundary_specific,0.9,3,negative_control,zero_zero,11,phase_b,256,320,0.0
exploratory_post_hoc_boundary_specific,0.9,3,negative_control,zero_zero,11,phase_b,512,576,0.0
exploratory_post_hoc_boundary_specific,0.9,3,negative_control,zero_zero,11,phase_b,1024,1088,0.0
exploratory_post_hoc_boundary_specific,0.9,3,negative_control,zero_zero,11,phase_b,1984,2048,0.0
exploratory_post_hoc_boundary_specific,0.75,4,responsive,early_only,67,boundary,0,64,0.0002
exploratory_post_hoc_boundary_specific,0.75,4,responsive,early_only,67,phase_b,1,65,0.0
exploratory_post_hoc_boundary_specific,0.75,4,responsive,early_only,67,phase_b,2,66,0.0
exploratory_post_hoc_boundary_specific,0.75,4,responsive,early_only,67,phase_b,4,68,0.0
exploratory_post_hoc_boundary_specific,0.75,4,responsive,early_only,67,phase_b,8,72,0.0
exploratory_post_hoc_boundary_specific,0.75,4,responsive,early_only,67,phase_b,16,80,0.0
exploratory_post_hoc_boundary_specific,0.75,4,responsive,early_only,67,phase_b,32,96,0.0
exploratory_post_hoc_boundary_specific,0.75,4,responsive,early_only,67,phase_b,64,128,0.0
exploratory_post_hoc_boundary_specific,0.75,4,responsive,early_only,67,phase_b,128,192,0.0
exploratory_post_hoc_boundary_specific,0.75,4,responsive,early_only,67,phase_b,256,320,0.0
exploratory_post_hoc_boundary_specific,0.75,4,responsive,early_only,67,phase_b,512,576,0.0
exploratory_post_hoc_boundary_specific,0.75,4,responsive,early_only,67,phase_b,1024,1088,0.0
exploratory_post_hoc_boundary_specific,0.75,4,responsive,early_only,67,phase_b,1984,2048,0.0
