inference_status,contrast_status,q,k,cell_label,effect,formula,outcome,estimate,ci_low,ci_high,n_seeds,n_pairs
exploratory_post_hoc_boundary_specific,unregistered_post_hoc_factorial_decomposition,0.75,4,responsive boundary,phase_A_effect_when_phase_B_zero,1*early_only + -1*zero_zero,final_rho_y,-0.01931,-0.04532,8.00000000000023e-05,10,10
exploratory_post_hoc_boundary_specific,unregistered_post_hoc_factorial_decomposition,0.75,4,responsive boundary,phase_A_effect_when_phase_B_zero,1*early_only + -1*zero_zero,final_intended_probability,-0.01930421991368051,-0.04576705451430481,8.194439510196547e-05,10,10
exploratory_post_hoc_boundary_specific,unregistered_post_hoc_factorial_decomposition,0.75,4,responsive boundary,phase_A_effect_when_phase_B_zero,1*early_only + -1*zero_zero,phase_b_rho_y_area,-32.149235,-66.76088624999998,-4.313387499999999,10,10
exploratory_post_hoc_boundary_specific,unregistered_post_hoc_factorial_decomposition,0.75,4,responsive boundary,phase_A_effect_when_phase_B_zero,1*early_only + -1*zero_zero,phase_b_mean_rho_y,-0.016204251512096774,-0.033706604901713705,-0.003846361580141128,10,10
exploratory_post_hoc_boundary_specific,unregistered_post_hoc_factorial_decomposition,0.75,4,responsive boundary,phase_A_effect_when_phase_B_zero,1*early_only + -1*zero_zero,crossing_observed,0.0,0.0,0.0,10,10
exploratory_post_hoc_boundary_specific,unregistered_post_hoc_factorial_decomposition,0.75,4,responsive boundary,phase_A_effect_when_phase_B_zero,1*early_only + -1*zero_zero,restricted_crossing_phase_b_updates,0.0,0.0,0.0,10,10
exploratory_post_hoc_boundary_specific,unregistered_post_hoc_factorial_decomposition,0.75,4,responsive boundary,phase_A_effect_when_phase_B_zero,1*early_only + -1*zero_zero,final_iid_accuracy,-0.005574999999999997,-0.012575000000000003,-0.0005606249999999401,10,10
exploratory_post_hoc_boundary_specific,unregistered_post_hoc_factorial_decomposition,0.75,4,responsive boundary,phase_A_effect_when_phase_B_zero,1*early_only + -1*zero_zero,final_iid_reward,-0.005574999999999997,-0.01200375000000001,0.0,10,10
exploratory_post_hoc_boundary_specific,unregistered_post_hoc_factorial_decomposition,0.75,4,responsive boundary,phase_A_effect_when_phase_B_zero,1*early_only + -1*zero_zero,final_policy_entropy,-4.747068520000956e-05,-0.0001172822538601374,-3.7308228297233077e-06,10,10
exploratory_post_hoc_boundary_specific,unregistered_post_hoc_factorial_decomposition,0.75,4,responsive boundary,phase_A_effect_when_phase_B_zero,1*early_only + -1*zero_zero,boundary_rho_y,0.0020399999999999997,0.0,0.00608,10,10
exploratory_post_hoc_boundary_specific,unregistered_post_hoc_factorial_decomposition,0.75,4,responsive boundary,phase_A_effect_when_phase_B_zero,1*early_only + -1*zero_zero,boundary_policy_entropy,0.07592630882782472,0.06010486920650474,0.09459354397323741,10,10
exploratory_post_hoc_boundary_specific,unregistered_post_hoc_factorial_decomposition,0.75,4,responsive boundary,phase_A_effect_when_phase_B_zero,1*early_only + -1*zero_zero,boundary_proxy_hard_flip,-0.003939999999999999,-0.011780000000000002,0.0,10,10
exploratory_post_hoc_boundary_specific,unregistered_post_hoc_factorial_decomposition,0.75,4,responsive boundary,phase_A_effect_when_phase_B_zero,1*early_only + -1*zero_zero,boundary_proxy_probability_ate,-0.04019655346937706,-0.05574825984195478,-0.026723340750851792,10,10
exploratory_post_hoc_boundary_specific,unregistered_post_hoc_factorial_decomposition,0.75,4,responsive boundary,phase_A_effect_when_phase_B_zero,1*early_only + -1*zero_zero,boundary_exact_hard_flip,0.0017475000000000001,0.0,0.0052025000000000005,10,10
exploratory_post_hoc_boundary_specific,unregistered_post_hoc_factorial_decomposition,0.75,4,responsive boundary,phase_A_effect_when_phase_B_zero,1*early_only + -1*zero_zero,boundary_exact_probability_ate,-0.0008289590979353969,-0.001468957296108638,-0.00038328371098825855,10,10
exploratory_post_hoc_boundary_specific,unregistered_post_hoc_factorial_decomposition,0.75,4,responsive boundary,phase_A_effect_when_phase_B_zero,1*early_only + -1*zero_zero,final_proxy_hard_flip,0.019309999999999994,-8.00000000000134e-05,0.045320000000000006,10,10
exploratory_post_hoc_boundary_specific,unregistered_post_hoc_factorial_decomposition,0.75,4,responsive boundary,phase_A_effect_when_phase_B_zero,1*early_only + -1*zero_zero,final_proxy_probability_ate,0.01930282735603255,-8.409010224860264e-05,0.05087624997315534,10,10
exploratory_post_hoc_boundary_specific,unregistered_post_hoc_factorial_decomposition,0.75,4,responsive boundary,phase_A_effect_when_phase_B_zero,1*early_only + -1*zero_zero,final_exact_hard_flip,-0.01931,-0.04533175,8.00000000000023e-05,10,10
exploratory_post_hoc_boundary_specific,unregistered_post_hoc_factorial_decomposition,0.75,4,responsive boundary,phase_A_effect_when_phase_B_zero,1*early_only + -1*zero_zero,final_exact_probability_ate,0.01930561581779275,-7.986775009049999e-05,0.04530648097307462,10,10
exploratory_post_hoc_boundary_specific,unregistered_post_hoc_factorial_decomposition,0.75,4,responsive boundary,phase_A_effect_when_phase_B_zero,1*early_only + -1*zero_zero,proxy_hard_flip_change,0.023249999999999993,7.999999999999118e-05,0.05261049999999999,10,10
exploratory_post_hoc_boundary_specific,unregistered_post_hoc_factorial_decomposition,0.75,4,responsive boundary,phase_A_effect_when_phase_B_zero,1*early_only + -1*zero_zero,exact_hard_flip_change,-0.0210575,-0.05138999999999999,-4e-05,10,10
exploratory_post_hoc_boundary_specific,unregistered_post_hoc_factorial_decomposition,0.75,4,responsive boundary,phase_A_effect_when_phase_B_zero,1*early_only + -1*zero_zero,proxy_probability_ate_change,0.059499380825409606,0.037884841787904085,0.0848638158186671,10,10
exploratory_post_hoc_boundary_specific,unregistered_post_hoc_factorial_decomposition,0.75,4,responsive boundary,phase_A_effect_when_phase_B_zero,1*early_only + -1*zero_zero,exact_probability_ate_change,0.02013457491572814,0.0006328525494841626,0.04616291720729067,10,10
exploratory_post_hoc_boundary_specific,unregistered_post_hoc_factorial_decomposition,0.75,4,responsive boundary,phase_A_effect_when_phase_B_zero,1*early_only + -1*zero_zero,actor_l2_from_boundary,0.2124649072761232,-0.6362849176726035,0.9975966278287834,10,10
exploratory_post_hoc_boundary_specific,unregistered_post_hoc_factorial_decomposition,0.75,4,responsive boundary,phase_A_effect_when_phase_B_zero,1*early_only + -1*zero_zero,actor_relative_l2_from_boundary,0.07182379193332425,-0.03258586824301407,0.1661711027525795,10,10
exploratory_post_hoc_boundary_specific,unregistered_post_hoc_factorial_decomposition,0.75,4,responsive boundary,phase_A_effect_when_phase_B_zero,1*early_only + -1*zero_zero,critic_l2_from_boundary,-0.3234460437729382,-0.6941403303891229,-0.012307052298559995,10,10
exploratory_post_hoc_boundary_specific,unregistered_post_hoc_factorial_decomposition,0.75,4,responsive boundary,phase_A_effect_when_phase_B_zero,1*early_only + -1*zero_zero,critic_relative_l2_from_boundary,-0.027211785659289167,-0.05869962569690521,-0.0013314016693447084,10,10
exploratory_post_hoc_boundary_specific,unregistered_post_hoc_factorial_decomposition,0.75,4,responsive boundary,phase_A_effect_when_phase_B_zero,1*early_only + -1*zero_zero,phase_b_critic_loss_log_grid_mean,-0.0012619457304735647,-0.004626937539944357,0.001134888832873961,10,10
exploratory_post_hoc_boundary_specific,unregistered_post_hoc_factorial_decomposition,0.75,4,responsive boundary,phase_A_effect_when_phase_B_zero,1*early_only + -1*zero_zero,phase_b_critic_loss_final_logged,-5.842689915880328e-06,-1.1013490941422789e-05,-1.3663320441992244e-06,10,10
exploratory_post_hoc_boundary_specific,unregistered_post_hoc_factorial_decomposition,0.75,4,responsive boundary,phase_A_effect_when_phase_B_zero,1*early_only + -1*zero_zero,final_quantization_abs_residual,-0.0006400000000000003,-0.001479999999999998,0.0,10,10
exploratory_post_hoc_boundary_specific,unregistered_post_hoc_factorial_decomposition,0.75,4,responsive boundary,phase_A_effect_when_phase_B_zero,1*early_only + -1*zero_zero,final_within_0_01_of_interaction_plateau,0.0,0.0,0.0,10,10
exploratory_post_hoc_boundary_specific,unregistered_post_hoc_factorial_decomposition,0.75,4,responsive boundary,phase_A_effect_when_phase_B_high,1*high_high + -1*delayed_carry,final_rho_y,0.2739,0.08758400000000001,0.48000075,10,10
exploratory_post_hoc_boundary_specific,unregistered_post_hoc_factorial_decomposition,0.75,4,responsive boundary,phase_A_effect_when_phase_B_high,1*high_high + -1*delayed_carry,final_intended_probability,0.2737983065099276,0.09197644195527066,0.4797921126234038,10,10
exploratory_post_hoc_boundary_specific,unregistered_post_hoc_factorial_decomposition,0.75,4,responsive boundary,phase_A_effect_when_phase_B_high,1*high_high + -1*delayed_carry,phase_b_rho_y_area,466.03853,177.56240974999997,806.91027975,10,10
exploratory_post_hoc_boundary_specific,unregistered_post_hoc_factorial_decomposition,0.75,4,responsive boundary,phase_A_effect_when_phase_B_high,1*high_high + -1*delayed_carry,phase_b_mean_rho_y,0.23489845262096773,0.08586688079637095,0.40427816784274195,10,10
exploratory_post_hoc_boundary_specific,unregistered_post_hoc_factorial_decomposition,0.75,4,responsive boundary,phase_A_effect_when_phase_B_high,1*high_high + -1*delayed_carry,crossing_observed,0.3,0.0,0.6,10,10
exploratory_post_hoc_boundary_specific,unregistered_post_hoc_factorial_decomposition,0.75,4,responsive boundary,phase_A_effect_when_phase_B_high,1*high_high + -1*delayed_carry,restricted_crossing_phase_b_updates,-467.2,-934.4,-147.2,10,10
exploratory_post_hoc_boundary_specific,unregistered_post_hoc_factorial_decomposition,0.75,4,responsive boundary,phase_A_effect_when_phase_B_high,1*high_high + -1*delayed_carry,final_iid_accuracy,0.069575,0.022799374999999986,0.12142875000000002,10,10
exploratory_post_hoc_boundary_specific,unregistered_post_hoc_factorial_decomposition,0.75,4,responsive boundary,phase_A_effect_when_phase_B_high,1*high_high + -1*delayed_carry,final_iid_reward,0.069575,0.022998749999999978,0.121725,10,10
exploratory_post_hoc_boundary_specific,unregistered_post_hoc_factorial_decomposition,0.75,4,responsive boundary,phase_A_effect_when_phase_B_high,1*high_high + -1*delayed_carry,final_policy_entropy,0.0005432479100015027,-0.0006327077882776667,0.0018765801756565083,10,10
exploratory_post_hoc_boundary_specific,unregistered_post_hoc_factorial_decomposition,0.75,4,responsive boundary,phase_A_effect_when_phase_B_high,1*high_high + -1*delayed_carry,boundary_rho_y,0.0020399999999999997,0.0,0.0060999999999999995,10,10
exploratory_post_hoc_boundary_specific,unregistered_post_hoc_factorial_decomposition,0.75,4,responsive boundary,phase_A_effect_when_phase_B_high,1*high_high + -1*delayed_carry,boundary_policy_entropy,0.07592630882782472,0.05979855312521169,0.09450738180560844,10,10
exploratory_post_hoc_boundary_specific,unregistered_post_hoc_factorial_decomposition,0.75,4,responsive boundary,phase_A_effect_when_phase_B_high,1*high_high + -1*delayed_carry,boundary_proxy_hard_flip,-0.003939999999999999,-0.0118,0.0,10,10
exploratory_post_hoc_boundary_specific,unregistered_post_hoc_factorial_decomposition,0.75,4,responsive boundary,phase_A_effect_when_phase_B_high,1*high_high + -1*delayed_carry,boundary_proxy_probability_ate,-0.04019655346937706,-0.05518404252937339,-0.027297213349619355,10,10
exploratory_post_hoc_boundary_specific,unregistered_post_hoc_factorial_decomposition,0.75,4,responsive boundary,phase_A_effect_when_phase_B_high,1*high_high + -1*delayed_carry,boundary_exact_hard_flip,0.0017475000000000001,0.0,0.0052025000000000005,10,10
exploratory_post_hoc_boundary_specific,unregistered_post_hoc_factorial_decomposition,0.75,4,responsive boundary,phase_A_effect_when_phase_B_high,1*high_high + -1*delayed_carry,boundary_exact_probability_ate,-0.0008289590979353969,-0.0014662889010588233,-0.0003739563307425052,10,10
exploratory_post_hoc_boundary_specific,unregistered_post_hoc_factorial_decomposition,0.75,4,responsive boundary,phase_A_effect_when_phase_B_high,1*high_high + -1*delayed_carry,final_proxy_hard_flip,-0.2739,-0.48575,-0.09262249999999997,10,10
exploratory_post_hoc_boundary_specific,unregistered_post_hoc_factorial_decomposition,0.75,4,responsive boundary,phase_A_effect_when_phase_B_high,1*high_high + -1*delayed_carry,final_proxy_probability_ate,-0.2738245415817894,-0.480288517270138,-0.09295612712243716,10,10
exploratory_post_hoc_boundary_specific,unregistered_post_hoc_factorial_decomposition,0.75,4,responsive boundary,phase_A_effect_when_phase_B_high,1*high_high + -1*delayed_carry,final_exact_hard_flip,0.2739,0.09182225,0.48198599999999997,10,10
exploratory_post_hoc_boundary_specific,unregistered_post_hoc_factorial_decomposition,0.75,4,responsive boundary,phase_A_effect_when_phase_B_high,1*high_high + -1*delayed_carry,final_exact_probability_ate,-0.27377065010416796,-0.4790305257396899,-0.09921220864904252,10,10
exploratory_post_hoc_boundary_specific,unregistered_post_hoc_factorial_decomposition,0.75,4,responsive boundary,phase_A_effect_when_phase_B_high,1*high_high + -1*delayed_carry,proxy_hard_flip_change,-0.26996000000000003,-0.4781585,-0.08736724999999995,10,10
exploratory_post_hoc_boundary_specific,unregistered_post_hoc_factorial_decomposition,0.75,4,responsive boundary,phase_A_effect_when_phase_B_high,1*high_high + -1*delayed_carry,exact_hard_flip_change,0.27215249999999996,0.0915204375,0.4819205625000001,10,10
exploratory_post_hoc_boundary_specific,unregistered_post_hoc_factorial_decomposition,0.75,4,responsive boundary,phase_A_effect_when_phase_B_high,1*high_high + -1*delayed_carry,proxy_probability_ate_change,-0.23362798811241242,-0.43694629185572936,-0.0508086633068623,10,10
exploratory_post_hoc_boundary_specific,unregistered_post_hoc_factorial_decomposition,0.75,4,responsive boundary,phase_A_effect_when_phase_B_high,1*high_high + -1*delayed_carry,exact_probability_ate_change,-0.2729416910062325,-0.4793124424842315,-0.09786238551462594,10,10
exploratory_post_hoc_boundary_specific,unregistered_post_hoc_factorial_decomposition,0.75,4,responsive boundary,phase_A_effect_when_phase_B_high,1*high_high + -1*delayed_carry,actor_l2_from_boundary,1.8268972736232822,0.9010383583322809,2.7513408806862016,10,10
exploratory_post_hoc_boundary_specific,unregistered_post_hoc_factorial_decomposition,0.75,4,responsive boundary,phase_A_effect_when_phase_B_high,1*high_high + -1*delayed_carry,actor_relative_l2_from_boundary,0.290111404098459,0.1789894778838547,0.40086085840846364,10,10
exploratory_post_hoc_boundary_specific,unregistered_post_hoc_factorial_decomposition,0.75,4,responsive boundary,phase_A_effect_when_phase_B_high,1*high_high + -1*delayed_carry,critic_l2_from_boundary,-1.4059198072144923,-2.778698629500164,-0.27046487517842044,10,10
exploratory_post_hoc_boundary_specific,unregistered_post_hoc_factorial_decomposition,0.75,4,responsive boundary,phase_A_effect_when_phase_B_high,1*high_high + -1*delayed_carry,critic_relative_l2_from_boundary,-0.11868187947125333,-0.2314404478653128,-0.02128037978067268,10,10
exploratory_post_hoc_boundary_specific,unregistered_post_hoc_factorial_decomposition,0.75,4,responsive boundary,phase_A_effect_when_phase_B_high,1*high_high + -1*delayed_carry,phase_b_critic_loss_log_grid_mean,-0.003809904302756288,-0.009530644893333816,0.0013153131415274463,10,10
exploratory_post_hoc_boundary_specific,unregistered_post_hoc_factorial_decomposition,0.75,4,responsive boundary,phase_A_effect_when_phase_B_high,1*high_high + -1*delayed_carry,phase_b_critic_loss_final_logged,0.00037795678417751333,-2.2416930175950255e-05,0.001160609277030744,10,10
exploratory_post_hoc_boundary_specific,unregistered_post_hoc_factorial_decomposition,0.75,4,responsive boundary,phase_A_effect_when_phase_B_high,1*high_high + -1*delayed_carry,final_quantization_abs_residual,-0.0012199999999999995,-0.0029299999999999964,0.0005502500000000042,10,10
exploratory_post_hoc_boundary_specific,unregistered_post_hoc_factorial_decomposition,0.75,4,responsive boundary,phase_A_effect_when_phase_B_high,1*high_high + -1*delayed_carry,final_within_0_01_of_interaction_plateau,0.0,0.0,0.0,10,10
exploratory_post_hoc_boundary_specific,unregistered_post_hoc_factorial_decomposition,0.75,4,responsive boundary,phase_B_effect_when_phase_A_zero,1*delayed_carry + -1*zero_zero,final_rho_y,0.16802,0.11208,0.223691,10,10
exploratory_post_hoc_boundary_specific,unregistered_post_hoc_factorial_decomposition,0.75,4,responsive boundary,phase_B_effect_when_phase_A_zero,1*delayed_carry + -1*zero_zero,final_intended_probability,0.16791456536533889,0.10801928529265171,0.22160931013733629,10,10
exploratory_post_hoc_boundary_specific,unregistered_post_hoc_factorial_decomposition,0.75,4,responsive boundary,phase_B_effect_when_phase_A_zero,1*delayed_carry + -1*zero_zero,phase_b_rho_y_area,303.75944,220.73275400000003,375.7675100000001,10,10
exploratory_post_hoc_boundary_specific,unregistered_post_hoc_factorial_decomposition,0.75,4,responsive boundary,phase_B_effect_when_phase_A_zero,1*delayed_carry + -1*zero_zero,phase_b_mean_rho_y,0.15310455645161292,0.1142825987903226,0.1908770655241936,10,10
exploratory_post_hoc_boundary_specific,unregistered_post_hoc_factorial_decomposition,0.75,4,responsive boundary,phase_B_effect_when_phase_A_zero,1*delayed_carry + -1*zero_zero,crossing_observed,0.0,0.0,0.0,10,10
exploratory_post_hoc_boundary_specific,unregistered_post_hoc_factorial_decomposition,0.75,4,responsive boundary,phase_B_effect_when_phase_A_zero,1*delayed_carry + -1*zero_zero,restricted_crossing_phase_b_updates,0.0,0.0,0.0,10,10
exploratory_post_hoc_boundary_specific,unregistered_post_hoc_factorial_decomposition,0.75,4,responsive boundary,phase_B_effect_when_phase_A_zero,1*delayed_carry + -1*zero_zero,final_iid_accuracy,0.040499999999999994,0.02492500000000003,0.055174999999999974,10,10
exploratory_post_hoc_boundary_specific,unregistered_post_hoc_factorial_decomposition,0.75,4,responsive boundary,phase_B_effect_when_phase_A_zero,1*delayed_carry + -1*zero_zero,final_iid_reward,0.040499999999999994,0.024499375,0.054874999999999986,10,10
exploratory_post_hoc_boundary_specific,unregistered_post_hoc_factorial_decomposition,0.75,4,responsive boundary,phase_B_effect_when_phase_A_zero,1*delayed_carry + -1*zero_zero,final_policy_entropy,0.00043790385812682265,-1.531910024560125e-06,0.0012411871139815036,10,10
exploratory_post_hoc_boundary_specific,unregistered_post_hoc_factorial_decomposition,0.75,4,responsive boundary,phase_B_effect_when_phase_A_zero,1*delayed_carry + -1*zero_zero,boundary_rho_y,0.0,0.0,0.0,10,10
exploratory_post_hoc_boundary_specific,unregistered_post_hoc_factorial_decomposition,0.75,4,responsive boundary,phase_B_effect_when_phase_A_zero,1*delayed_carry + -1*zero_zero,boundary_policy_entropy,0.0,0.0,0.0,10,10
exploratory_post_hoc_boundary_specific,unregistered_post_hoc_factorial_decomposition,0.75,4,responsive boundary,phase_B_effect_when_phase_A_zero,1*delayed_carry + -1*zero_zero,boundary_proxy_hard_flip,0.0,0.0,0.0,10,10
exploratory_post_hoc_boundary_specific,unregistered_post_hoc_factorial_decomposition,0.75,4,responsive boundary,phase_B_effect_when_phase_A_zero,1*delayed_carry + -1*zero_zero,boundary_proxy_probability_ate,0.0,0.0,0.0,10,10
exploratory_post_hoc_boundary_specific,unregistered_post_hoc_factorial_decomposition,0.75,4,responsive boundary,phase_B_effect_when_phase_A_zero,1*delayed_carry + -1*zero_zero,boundary_exact_hard_flip,0.0,0.0,0.0,10,10
exploratory_post_hoc_boundary_specific,unregistered_post_hoc_factorial_decomposition,0.75,4,responsive boundary,phase_B_effect_when_phase_A_zero,1*delayed_carry + -1*zero_zero,boundary_exact_probability_ate,0.0,0.0,0.0,10,10
exploratory_post_hoc_boundary_specific,unregistered_post_hoc_factorial_decomposition,0.75,4,responsive boundary,phase_B_effect_when_phase_A_zero,1*delayed_carry + -1*zero_zero,final_proxy_hard_flip,-0.16802,-0.22271000000000002,-0.11191700000000004,10,10
exploratory_post_hoc_boundary_specific,unregistered_post_hoc_factorial_decomposition,0.75,4,responsive boundary,phase_B_effect_when_phase_A_zero,1*delayed_carry + -1*zero_zero,final_proxy_probability_ate,-0.16791982805877606,-0.2220898771689179,-0.10759292855807814,10,10
exploratory_post_hoc_boundary_specific,unregistered_post_hoc_factorial_decomposition,0.75,4,responsive boundary,phase_B_effect_when_phase_A_zero,1*delayed_carry + -1*zero_zero,final_exact_hard_flip,0.16802,0.11159925,0.222931,10,10
exploratory_post_hoc_boundary_specific,unregistered_post_hoc_factorial_decomposition,0.75,4,responsive boundary,phase_B_effect_when_phase_A_zero,1*delayed_carry + -1*zero_zero,final_exact_probability_ate,-0.1679085080876538,-0.22204897594286138,-0.107144491070033,10,10
exploratory_post_hoc_boundary_specific,unregistered_post_hoc_factorial_decomposition,0.75,4,responsive boundary,phase_B_effect_when_phase_A_zero,1*delayed_carry + -1*zero_zero,proxy_hard_flip_change,-0.16802,-0.2237705,-0.10847400000000003,10,10
exploratory_post_hoc_boundary_specific,unregistered_post_hoc_factorial_decomposition,0.75,4,responsive boundary,phase_B_effect_when_phase_A_zero,1*delayed_carry + -1*zero_zero,exact_hard_flip_change,0.16802,0.11153675,0.22346025,10,10
exploratory_post_hoc_boundary_specific,unregistered_post_hoc_factorial_decomposition,0.75,4,responsive boundary,phase_B_effect_when_phase_A_zero,1*delayed_carry + -1*zero_zero,proxy_probability_ate_change,-0.16791982805877606,-0.2228694932270347,-0.11111485749689635,10,10
exploratory_post_hoc_boundary_specific,unregistered_post_hoc_factorial_decomposition,0.75,4,responsive boundary,phase_B_effect_when_phase_A_zero,1*delayed_carry + -1*zero_zero,exact_probability_ate_change,-0.16790850808765384,-0.22251011985236813,-0.10739924326033708,10,10
exploratory_post_hoc_boundary_specific,unregistered_post_hoc_factorial_decomposition,0.75,4,responsive boundary,phase_B_effect_when_phase_A_zero,1*delayed_carry + -1*zero_zero,actor_l2_from_boundary,2.716899964719869,1.3284923295220967,4.063653509252304,10,10
exploratory_post_hoc_boundary_specific,unregistered_post_hoc_factorial_decomposition,0.75,4,responsive boundary,phase_B_effect_when_phase_A_zero,1*delayed_carry + -1*zero_zero,actor_relative_l2_from_boundary,0.30261162126346564,0.1486158727041438,0.4520987006684836,10,10
exploratory_post_hoc_boundary_specific,unregistered_post_hoc_factorial_decomposition,0.75,4,responsive boundary,phase_B_effect_when_phase_A_zero,1*delayed_carry + -1*zero_zero,critic_l2_from_boundary,-1.1629929043085538,-2.08128526928211,-0.42638358426511463,10,10
exploratory_post_hoc_boundary_specific,unregistered_post_hoc_factorial_decomposition,0.75,4,responsive boundary,phase_B_effect_when_phase_A_zero,1*delayed_carry + -1*zero_zero,critic_relative_l2_from_boundary,-0.09862452437737976,-0.17709580393292382,-0.03614606762917833,10,10
exploratory_post_hoc_boundary_specific,unregistered_post_hoc_factorial_decomposition,0.75,4,responsive boundary,phase_B_effect_when_phase_A_zero,1*delayed_carry + -1*zero_zero,phase_b_critic_loss_log_grid_mean,-0.009580059160852934,-0.01933437472343069,-0.00288994280425773,10,10
exploratory_post_hoc_boundary_specific,unregistered_post_hoc_factorial_decomposition,0.75,4,responsive boundary,phase_B_effect_when_phase_A_zero,1*delayed_carry + -1*zero_zero,phase_b_critic_loss_final_logged,-1.1220138276257785e-06,-1.3470118217355775e-05,1.168086252050671e-05,10,10
exploratory_post_hoc_boundary_specific,unregistered_post_hoc_factorial_decomposition,0.75,4,responsive boundary,phase_B_effect_when_phase_A_zero,1*delayed_carry + -1*zero_zero,final_quantization_abs_residual,0.002170000000000001,0.0005699999999999997,0.003760000000000004,10,10
exploratory_post_hoc_boundary_specific,unregistered_post_hoc_factorial_decomposition,0.75,4,responsive boundary,phase_B_effect_when_phase_A_zero,1*delayed_carry + -1*zero_zero,final_within_0_01_of_interaction_plateau,0.0,0.0,0.0,10,10
exploratory_post_hoc_boundary_specific,unregistered_post_hoc_factorial_decomposition,0.75,4,responsive boundary,phase_B_effect_when_phase_A_high,1*high_high + -1*early_only,final_rho_y,0.46123000000000003,0.28544925,0.6619010000000001,10,10
exploratory_post_hoc_boundary_specific,unregistered_post_hoc_factorial_decomposition,0.75,4,responsive boundary,phase_B_effect_when_phase_A_high,1*high_high + -1*early_only,final_intended_probability,0.46101709178894695,0.27996255736440423,0.6619918160073963,10,10
exploratory_post_hoc_boundary_specific,unregistered_post_hoc_factorial_decomposition,0.75,4,responsive boundary,phase_B_effect_when_phase_A_high,1*high_high + -1*early_only,phase_b_rho_y_area,801.947205,532.3663220000001,1147.1843130000002,10,10
exploratory_post_hoc_boundary_specific,unregistered_post_hoc_factorial_decomposition,0.75,4,responsive boundary,phase_B_effect_when_phase_A_high,1*high_high + -1*early_only,phase_b_mean_rho_y,0.4042072605846774,0.2475262439516129,0.5703616391129033,10,10
exploratory_post_hoc_boundary_specific,unregistered_post_hoc_factorial_decomposition,0.75,4,responsive boundary,phase_B_effect_when_phase_A_high,1*high_high + -1*early_only,crossing_observed,0.3,0.0,0.6,10,10
exploratory_post_hoc_boundary_specific,unregistered_post_hoc_factorial_decomposition,0.75,4,responsive boundary,phase_B_effect_when_phase_A_high,1*high_high + -1*early_only,restricted_crossing_phase_b_updates,-467.2,-934.4,0.0,10,10
exploratory_post_hoc_boundary_specific,unregistered_post_hoc_factorial_decomposition,0.75,4,responsive boundary,phase_B_effect_when_phase_A_high,1*high_high + -1*early_only,final_iid_accuracy,0.11564999999999999,0.07117187500000001,0.16809999999999997,10,10
exploratory_post_hoc_boundary_specific,unregistered_post_hoc_factorial_decomposition,0.75,4,responsive boundary,phase_B_effect_when_phase_A_high,1*high_high + -1*early_only,final_iid_reward,0.11564999999999999,0.07127187499999998,0.16552625,10,10
exploratory_post_hoc_boundary_specific,unregistered_post_hoc_factorial_decomposition,0.75,4,responsive boundary,phase_B_effect_when_phase_A_high,1*high_high + -1*early_only,final_policy_entropy,0.001028622453328335,0.00031656592011064814,0.0020994529990174546,10,10
exploratory_post_hoc_boundary_specific,unregistered_post_hoc_factorial_decomposition,0.75,4,responsive boundary,phase_B_effect_when_phase_A_high,1*high_high + -1*early_only,boundary_rho_y,0.0,0.0,0.0,10,10
exploratory_post_hoc_boundary_specific,unregistered_post_hoc_factorial_decomposition,0.75,4,responsive boundary,phase_B_effect_when_phase_A_high,1*high_high + -1*early_only,boundary_policy_entropy,0.0,0.0,0.0,10,10
exploratory_post_hoc_boundary_specific,unregistered_post_hoc_factorial_decomposition,0.75,4,responsive boundary,phase_B_effect_when_phase_A_high,1*high_high + -1*early_only,boundary_proxy_hard_flip,0.0,0.0,0.0,10,10
exploratory_post_hoc_boundary_specific,unregistered_post_hoc_factorial_decomposition,0.75,4,responsive boundary,phase_B_effect_when_phase_A_high,1*high_high + -1*early_only,boundary_proxy_probability_ate,0.0,0.0,0.0,10,10
exploratory_post_hoc_boundary_specific,unregistered_post_hoc_factorial_decomposition,0.75,4,responsive boundary,phase_B_effect_when_phase_A_high,1*high_high + -1*early_only,boundary_exact_hard_flip,0.0,0.0,0.0,10,10
exploratory_post_hoc_boundary_specific,unregistered_post_hoc_factorial_decomposition,0.75,4,responsive boundary,phase_B_effect_when_phase_A_high,1*high_high + -1*early_only,boundary_exact_probability_ate,0.0,0.0,0.0,10,10
exploratory_post_hoc_boundary_specific,unregistered_post_hoc_factorial_decomposition,0.75,4,responsive boundary,phase_B_effect_when_phase_A_high,1*high_high + -1*early_only,final_proxy_hard_flip,-0.46123000000000003,-0.66177075,-0.28540725,10,10
exploratory_post_hoc_boundary_specific,unregistered_post_hoc_factorial_decomposition,0.75,4,responsive boundary,phase_B_effect_when_phase_A_high,1*high_high + -1*early_only,final_proxy_probability_ate,-0.461047196996598,-0.6734404438797191,-0.2911805927078704,10,10
exploratory_post_hoc_boundary_specific,unregistered_post_hoc_factorial_decomposition,0.75,4,responsive boundary,phase_B_effect_when_phase_A_high,1*high_high + -1*early_only,final_exact_hard_flip,0.46123000000000003,0.2792375,0.6741047499999999,10,10
exploratory_post_hoc_boundary_specific,unregistered_post_hoc_factorial_decomposition,0.75,4,responsive boundary,phase_B_effect_when_phase_A_high,1*high_high + -1*early_only,final_exact_probability_ate,-0.4609847740096146,-0.6613052479200713,-0.2858198197674334,10,10
exploratory_post_hoc_boundary_specific,unregistered_post_hoc_factorial_decomposition,0.75,4,responsive boundary,phase_B_effect_when_phase_A_high,1*high_high + -1*early_only,proxy_hard_flip_change,-0.46123000000000003,-0.6682045,-0.28481749999999995,10,10
exploratory_post_hoc_boundary_specific,unregistered_post_hoc_factorial_decomposition,0.75,4,responsive boundary,phase_B_effect_when_phase_A_high,1*high_high + -1*early_only,exact_hard_flip_change,0.46123000000000003,0.27997,0.66759125,10,10
exploratory_post_hoc_boundary_specific,unregistered_post_hoc_factorial_decomposition,0.75,4,responsive boundary,phase_B_effect_when_phase_A_high,1*high_high + -1*early_only,proxy_probability_ate_change,-0.461047196996598,-0.6616680838285658,-0.2800666405746233,10,10
exploratory_post_hoc_boundary_specific,unregistered_post_hoc_factorial_decomposition,0.75,4,responsive boundary,phase_B_effect_when_phase_A_high,1*high_high + -1*early_only,exact_probability_ate_change,-0.46098477400961446,-0.6617856804285562,-0.27964080400690916,10,10
exploratory_post_hoc_boundary_specific,unregistered_post_hoc_factorial_decomposition,0.75,4,responsive boundary,phase_B_effect_when_phase_A_high,1*high_high + -1*early_only,actor_l2_from_boundary,4.331332331067028,2.9306835385178975,5.74021707296612,10,10
exploratory_post_hoc_boundary_specific,unregistered_post_hoc_factorial_decomposition,0.75,4,responsive boundary,phase_B_effect_when_phase_A_high,1*high_high + -1*early_only,actor_relative_l2_from_boundary,0.5208992334286002,0.35176068787863385,0.6910020849905579,10,10
exploratory_post_hoc_boundary_specific,unregistered_post_hoc_factorial_decomposition,0.75,4,responsive boundary,phase_B_effect_when_phase_A_high,1*high_high + -1*early_only,critic_l2_from_boundary,-2.245466667750108,-4.148919417297299,-0.7186866134871214,10,10
exploratory_post_hoc_boundary_specific,unregistered_post_hoc_factorial_decomposition,0.75,4,responsive boundary,phase_B_effect_when_phase_A_high,1*high_high + -1*early_only,critic_relative_l2_from_boundary,-0.19009461818934392,-0.34387624588109694,-0.059437095152365726,10,10
exploratory_post_hoc_boundary_specific,unregistered_post_hoc_factorial_decomposition,0.75,4,responsive boundary,phase_B_effect_when_phase_A_high,1*high_high + -1*early_only,phase_b_critic_loss_log_grid_mean,-0.012128017733135656,-0.02012752376808001,-0.004379912423084371,10,10
exploratory_post_hoc_boundary_specific,unregistered_post_hoc_factorial_decomposition,0.75,4,responsive boundary,phase_B_effect_when_phase_A_high,1*high_high + -1*early_only,phase_b_critic_loss_final_logged,0.0003826774602657679,-1.3892524874563605e-05,0.0011585934850722878,10,10
exploratory_post_hoc_boundary_specific,unregistered_post_hoc_factorial_decomposition,0.75,4,responsive boundary,phase_B_effect_when_phase_A_high,1*high_high + -1*early_only,final_quantization_abs_residual,0.0015900000000000018,0.0006900000000000044,0.0025800000000000046,10,10
exploratory_post_hoc_boundary_specific,unregistered_post_hoc_factorial_decomposition,0.75,4,responsive boundary,phase_B_effect_when_phase_A_high,1*high_high + -1*early_only,final_within_0_01_of_interaction_plateau,0.0,0.0,0.0,10,10
exploratory_post_hoc_boundary_specific,unregistered_post_hoc_factorial_decomposition,0.75,4,responsive boundary,phase_A_by_phase_B_interaction,1*high_high + -1*early_only + -1*delayed_carry + +1*zero_zero,final_rho_y,0.29321,0.11860599999999999,0.49358,10,10
exploratory_post_hoc_boundary_specific,unregistered_post_hoc_factorial_decomposition,0.75,4,responsive boundary,phase_A_by_phase_B_interaction,1*high_high + -1*early_only + -1*delayed_carry + +1*zero_zero,final_intended_probability,0.2931025264236081,0.11898634725814337,0.49228192451449637,10,10
exploratory_post_hoc_boundary_specific,unregistered_post_hoc_factorial_decomposition,0.75,4,responsive boundary,phase_A_by_phase_B_interaction,1*high_high + -1*early_only + -1*delayed_carry + +1*zero_zero,phase_b_rho_y_area,498.187765,203.92282925,822.079685,10,10
exploratory_post_hoc_boundary_specific,unregistered_post_hoc_factorial_decomposition,0.75,4,responsive boundary,phase_A_by_phase_B_interaction,1*high_high + -1*early_only + -1*delayed_carry + +1*zero_zero,phase_b_mean_rho_y,0.2511027041330645,0.10559994405241935,0.42319727923387096,10,10
exploratory_post_hoc_boundary_specific,unregistered_post_hoc_factorial_decomposition,0.75,4,responsive boundary,phase_A_by_phase_B_interaction,1*high_high + -1*early_only + -1*delayed_carry + +1*zero_zero,crossing_observed,0.3,0.0,0.6,10,10
exploratory_post_hoc_boundary_specific,unregistered_post_hoc_factorial_decomposition,0.75,4,responsive boundary,phase_A_by_phase_B_interaction,1*high_high + -1*early_only + -1*delayed_carry + +1*zero_zero,restricted_crossing_phase_b_updates,-467.2,-934.4,0.0,10,10
exploratory_post_hoc_boundary_specific,unregistered_post_hoc_factorial_decomposition,0.75,4,responsive boundary,phase_A_by_phase_B_interaction,1*high_high + -1*early_only + -1*delayed_carry + +1*zero_zero,final_iid_accuracy,0.07515,0.031199374999999994,0.12705312499999996,10,10
exploratory_post_hoc_boundary_specific,unregistered_post_hoc_factorial_decomposition,0.75,4,responsive boundary,phase_A_by_phase_B_interaction,1*high_high + -1*early_only + -1*delayed_carry + +1*zero_zero,final_iid_reward,0.07515,0.030272499999999997,0.127150625,10,10
exploratory_post_hoc_boundary_specific,unregistered_post_hoc_factorial_decomposition,0.75,4,responsive boundary,phase_A_by_phase_B_interaction,1*high_high + -1*early_only + -1*delayed_carry + +1*zero_zero,final_policy_entropy,0.0005907185952015124,-0.0005627347747631745,0.0018690015845419508,10,10
exploratory_post_hoc_boundary_specific,unregistered_post_hoc_factorial_decomposition,0.75,4,responsive boundary,phase_A_by_phase_B_interaction,1*high_high + -1*early_only + -1*delayed_carry + +1*zero_zero,boundary_rho_y,0.0,0.0,0.0,10,10
exploratory_post_hoc_boundary_specific,unregistered_post_hoc_factorial_decomposition,0.75,4,responsive boundary,phase_A_by_phase_B_interaction,1*high_high + -1*early_only + -1*delayed_carry + +1*zero_zero,boundary_policy_entropy,0.0,0.0,0.0,10,10
exploratory_post_hoc_boundary_specific,unregistered_post_hoc_factorial_decomposition,0.75,4,responsive boundary,phase_A_by_phase_B_interaction,1*high_high + -1*early_only + -1*delayed_carry + +1*zero_zero,boundary_proxy_hard_flip,0.0,0.0,0.0,10,10
exploratory_post_hoc_boundary_specific,unregistered_post_hoc_factorial_decomposition,0.75,4,responsive boundary,phase_A_by_phase_B_interaction,1*high_high + -1*early_only + -1*delayed_carry + +1*zero_zero,boundary_proxy_probability_ate,0.0,0.0,0.0,10,10
exploratory_post_hoc_boundary_specific,unregistered_post_hoc_factorial_decomposition,0.75,4,responsive boundary,phase_A_by_phase_B_interaction,1*high_high + -1*early_only + -1*delayed_carry + +1*zero_zero,boundary_exact_hard_flip,0.0,0.0,0.0,10,10
exploratory_post_hoc_boundary_specific,unregistered_post_hoc_factorial_decomposition,0.75,4,responsive boundary,phase_A_by_phase_B_interaction,1*high_high + -1*early_only + -1*delayed_carry + +1*zero_zero,boundary_exact_probability_ate,0.0,0.0,0.0,10,10
exploratory_post_hoc_boundary_specific,unregistered_post_hoc_factorial_decomposition,0.75,4,responsive boundary,phase_A_by_phase_B_interaction,1*high_high + -1*early_only + -1*delayed_carry + +1*zero_zero,final_proxy_hard_flip,-0.29320999999999997,-0.4920109999999999,-0.12456975000000002,10,10
exploratory_post_hoc_boundary_specific,unregistered_post_hoc_factorial_decomposition,0.75,4,responsive boundary,phase_A_by_phase_B_interaction,1*high_high + -1*early_only + -1*delayed_carry + +1*zero_zero,final_proxy_probability_ate,-0.29312736893782204,-0.4893199373115481,-0.11864326742799892,10,10
exploratory_post_hoc_boundary_specific,unregistered_post_hoc_factorial_decomposition,0.75,4,responsive boundary,phase_A_by_phase_B_interaction,1*high_high + -1*early_only + -1*delayed_carry + +1*zero_zero,final_exact_hard_flip,0.29321,0.12141950000000003,0.49384100000000003,10,10
exploratory_post_hoc_boundary_specific,unregistered_post_hoc_factorial_decomposition,0.75,4,responsive boundary,phase_A_by_phase_B_interaction,1*high_high + -1*early_only + -1*delayed_carry + +1*zero_zero,final_exact_probability_ate,-0.2930762659219607,-0.4883965974789966,-0.1197071584066844,10,10
exploratory_post_hoc_boundary_specific,unregistered_post_hoc_factorial_decomposition,0.75,4,responsive boundary,phase_A_by_phase_B_interaction,1*high_high + -1*early_only + -1*delayed_carry + +1*zero_zero,proxy_hard_flip_change,-0.29320999999999997,-0.49129749999999994,-0.12494575,10,10
exploratory_post_hoc_boundary_specific,unregistered_post_hoc_factorial_decomposition,0.75,4,responsive boundary,phase_A_by_phase_B_interaction,1*high_high + -1*early_only + -1*delayed_carry + +1*zero_zero,exact_hard_flip_change,0.29321,0.11812425,0.49313425000000005,10,10
exploratory_post_hoc_boundary_specific,unregistered_post_hoc_factorial_decomposition,0.75,4,responsive boundary,phase_A_by_phase_B_interaction,1*high_high + -1*early_only + -1*delayed_carry + +1*zero_zero,proxy_probability_ate_change,-0.293127368937822,-0.4904918419193958,-0.12401537227112856,10,10
exploratory_post_hoc_boundary_specific,unregistered_post_hoc_factorial_decomposition,0.75,4,responsive boundary,phase_A_by_phase_B_interaction,1*high_high + -1*early_only + -1*delayed_carry + +1*zero_zero,exact_probability_ate_change,-0.2930762659219607,-0.493815165999911,-0.11907895391534205,10,10
exploratory_post_hoc_boundary_specific,unregistered_post_hoc_factorial_decomposition,0.75,4,responsive boundary,phase_A_by_phase_B_interaction,1*high_high + -1*early_only + -1*delayed_carry + +1*zero_zero,actor_l2_from_boundary,1.614432366347159,0.5919897233764178,2.591158909491736,10,10
exploratory_post_hoc_boundary_specific,unregistered_post_hoc_factorial_decomposition,0.75,4,responsive boundary,phase_A_by_phase_B_interaction,1*high_high + -1*early_only + -1*delayed_carry + +1*zero_zero,actor_relative_l2_from_boundary,0.2182876121651347,0.09727056691378587,0.33125242936189025,10,10
exploratory_post_hoc_boundary_specific,unregistered_post_hoc_factorial_decomposition,0.75,4,responsive boundary,phase_A_by_phase_B_interaction,1*high_high + -1*early_only + -1*delayed_carry + +1*zero_zero,critic_l2_from_boundary,-1.0824737634415542,-2.308058591175358,-0.07702955280046682,10,10
exploratory_post_hoc_boundary_specific,unregistered_post_hoc_factorial_decomposition,0.75,4,responsive boundary,phase_A_by_phase_B_interaction,1*high_high + -1*early_only + -1*delayed_carry + +1*zero_zero,critic_relative_l2_from_boundary,-0.09147009381196419,-0.19321293049476712,-0.006868586917679829,10,10
exploratory_post_hoc_boundary_specific,unregistered_post_hoc_factorial_decomposition,0.75,4,responsive boundary,phase_A_by_phase_B_interaction,1*high_high + -1*early_only + -1*delayed_carry + +1*zero_zero,phase_b_critic_loss_log_grid_mean,-0.0025479585722827233,-0.009075296750938861,0.003383892218727773,10,10
exploratory_post_hoc_boundary_specific,unregistered_post_hoc_factorial_decomposition,0.75,4,responsive boundary,phase_A_by_phase_B_interaction,1*high_high + -1*early_only + -1*delayed_carry + +1*zero_zero,phase_b_critic_loss_final_logged,0.00038379947409339366,-1.4318714299861312e-05,0.0011638826139960656,10,10
exploratory_post_hoc_boundary_specific,unregistered_post_hoc_factorial_decomposition,0.75,4,responsive boundary,phase_A_by_phase_B_interaction,1*high_high + -1*early_only + -1*delayed_carry + +1*zero_zero,final_quantization_abs_residual,-0.0005799999999999992,-0.002570249999999995,0.0015602500000000026,10,10
exploratory_post_hoc_boundary_specific,unregistered_post_hoc_factorial_decomposition,0.75,4,responsive boundary,phase_A_by_phase_B_interaction,1*high_high + -1*early_only + -1*delayed_carry + +1*zero_zero,final_within_0_01_of_interaction_plateau,0.0,0.0,0.0,10,10
exploratory_post_hoc_boundary_specific,unregistered_post_hoc_factorial_decomposition,0.9,3,preselected comparison,phase_A_effect_when_phase_B_zero,1*early_only + -1*zero_zero,final_rho_y,0.050170000000000006,0.0,0.1254,10,10
exploratory_post_hoc_boundary_specific,unregistered_post_hoc_factorial_decomposition,0.9,3,preselected comparison,phase_A_effect_when_phase_B_zero,1*early_only + -1*zero_zero,final_intended_probability,0.05016472949497629,-2.4542368732910888e-06,0.12539157735932666,10,10
exploratory_post_hoc_boundary_specific,unregistered_post_hoc_factorial_decomposition,0.9,3,preselected comparison,phase_A_effect_when_phase_B_zero,1*early_only + -1*zero_zero,phase_b_rho_y_area,52.158719999999995,0.0,132.6139680000007,10,10
exploratory_post_hoc_boundary_specific,unregistered_post_hoc_factorial_decomposition,0.9,3,preselected comparison,phase_A_effect_when_phase_B_zero,1*early_only + -1*zero_zero,phase_b_mean_rho_y,0.026289677419354833,0.0,0.07267838709677418,10,10
exploratory_post_hoc_boundary_specific,unregistered_post_hoc_factorial_decomposition,0.9,3,preselected comparison,phase_A_effect_when_phase_B_zero,1*early_only + -1*zero_zero,crossing_observed,0.0,0.0,0.0,10,10
exploratory_post_hoc_boundary_specific,unregistered_post_hoc_factorial_decomposition,0.9,3,preselected comparison,phase_A_effect_when_phase_B_zero,1*early_only + -1*zero_zero,restricted_crossing_phase_b_updates,0.0,0.0,0.0,10,10
exploratory_post_hoc_boundary_specific,unregistered_post_hoc_factorial_decomposition,0.9,3,preselected comparison,phase_A_effect_when_phase_B_zero,1*early_only + -1*zero_zero,final_iid_accuracy,0.004774999999999996,0.0,0.011749999999999993,10,10
exploratory_post_hoc_boundary_specific,unregistered_post_hoc_factorial_decomposition,0.9,3,preselected comparison,phase_A_effect_when_phase_B_zero,1*early_only + -1*zero_zero,final_iid_reward,0.004774999999999996,0.0,0.011749999999999993,10,10
exploratory_post_hoc_boundary_specific,unregistered_post_hoc_factorial_decomposition,0.9,3,preselected comparison,phase_A_effect_when_phase_B_zero,1*early_only + -1*zero_zero,final_policy_entropy,1.6484865612834104e-05,-2.4604983937152936e-05,7.58167624401767e-05,10,10
exploratory_post_hoc_boundary_specific,unregistered_post_hoc_factorial_decomposition,0.9,3,preselected comparison,phase_A_effect_when_phase_B_zero,1*early_only + -1*zero_zero,boundary_rho_y,0.0,0.0,0.0,10,10
exploratory_post_hoc_boundary_specific,unregistered_post_hoc_factorial_decomposition,0.9,3,preselected comparison,phase_A_effect_when_phase_B_zero,1*early_only + -1*zero_zero,boundary_policy_entropy,0.005382551473802304,0.0041784295762192615,0.006753446991675041,10,10
exploratory_post_hoc_boundary_specific,unregistered_post_hoc_factorial_decomposition,0.9,3,preselected comparison,phase_A_effect_when_phase_B_zero,1*early_only + -1*zero_zero,boundary_proxy_hard_flip,0.0,0.0,0.0,10,10
exploratory_post_hoc_boundary_specific,unregistered_post_hoc_factorial_decomposition,0.9,3,preselected comparison,phase_A_effect_when_phase_B_zero,1*early_only + -1*zero_zero,boundary_proxy_probability_ate,-0.0016732999769882295,-0.0021219381454307684,-0.0012582849218490699,10,10
exploratory_post_hoc_boundary_specific,unregistered_post_hoc_factorial_decomposition,0.9,3,preselected comparison,phase_A_effect_when_phase_B_zero,1*early_only + -1*zero_zero,boundary_exact_hard_flip,0.0,0.0,0.0,10,10
exploratory_post_hoc_boundary_specific,unregistered_post_hoc_factorial_decomposition,0.9,3,preselected comparison,phase_A_effect_when_phase_B_zero,1*early_only + -1*zero_zero,boundary_exact_probability_ate,-7.660408611682941e-05,-0.00017780610442185395,-4.239496063341199e-06,10,10
exploratory_post_hoc_boundary_specific,unregistered_post_hoc_factorial_decomposition,0.9,3,preselected comparison,phase_A_effect_when_phase_B_zero,1*early_only + -1*zero_zero,final_proxy_hard_flip,-0.050170000000000006,-0.1254,0.0,10,10
exploratory_post_hoc_boundary_specific,unregistered_post_hoc_factorial_decomposition,0.9,3,preselected comparison,phase_A_effect_when_phase_B_zero,1*early_only + -1*zero_zero,final_proxy_probability_ate,-0.05015686571936715,-0.12539046107419125,2.2192443489650328e-05,10,10
exploratory_post_hoc_boundary_specific,unregistered_post_hoc_factorial_decomposition,0.9,3,preselected comparison,phase_A_effect_when_phase_B_zero,1*early_only + -1*zero_zero,final_exact_hard_flip,0.050170000000000006,0.0,0.1254,10,10
exploratory_post_hoc_boundary_specific,unregistered_post_hoc_factorial_decomposition,0.9,3,preselected comparison,phase_A_effect_when_phase_B_zero,1*early_only + -1*zero_zero,final_exact_probability_ate,-0.050171446574866774,-0.12539064962383992,-6.489572845487219e-06,10,10
exploratory_post_hoc_boundary_specific,unregistered_post_hoc_factorial_decomposition,0.9,3,preselected comparison,phase_A_effect_when_phase_B_zero,1*early_only + -1*zero_zero,proxy_hard_flip_change,-0.050170000000000006,-0.12535000000000002,0.0,10,10
exploratory_post_hoc_boundary_specific,unregistered_post_hoc_factorial_decomposition,0.9,3,preselected comparison,phase_A_effect_when_phase_B_zero,1*early_only + -1*zero_zero,exact_hard_flip_change,0.050170000000000006,0.0,0.1254,10,10
exploratory_post_hoc_boundary_specific,unregistered_post_hoc_factorial_decomposition,0.9,3,preselected comparison,phase_A_effect_when_phase_B_zero,1*early_only + -1*zero_zero,proxy_probability_ate_change,-0.04848356574237892,-0.12320187806732573,0.0015413149521123152,10,10
exploratory_post_hoc_boundary_specific,unregistered_post_hoc_factorial_decomposition,0.9,3,preselected comparison,phase_A_effect_when_phase_B_zero,1*early_only + -1*zero_zero,exact_probability_ate_change,-0.05009484248874996,-0.12516325667260694,3.902381027622077e-05,10,10
exploratory_post_hoc_boundary_specific,unregistered_post_hoc_factorial_decomposition,0.9,3,preselected comparison,phase_A_effect_when_phase_B_zero,1*early_only + -1*zero_zero,actor_l2_from_boundary,0.4958529955130759,-0.035302257690362375,1.1467219569261515,10,10
exploratory_post_hoc_boundary_specific,unregistered_post_hoc_factorial_decomposition,0.9,3,preselected comparison,phase_A_effect_when_phase_B_zero,1*early_only + -1*zero_zero,actor_relative_l2_from_boundary,0.06645934816220586,0.006382662131720412,0.13728433940370297,10,10
exploratory_post_hoc_boundary_specific,unregistered_post_hoc_factorial_decomposition,0.9,3,preselected comparison,phase_A_effect_when_phase_B_zero,1*early_only + -1*zero_zero,critic_l2_from_boundary,0.12300137810063375,-0.05402001558722566,0.40608900184004454,10,10
exploratory_post_hoc_boundary_specific,unregistered_post_hoc_factorial_decomposition,0.9,3,preselected comparison,phase_A_effect_when_phase_B_zero,1*early_only + -1*zero_zero,critic_relative_l2_from_boundary,0.010524782002188437,-0.00461944189903906,0.034828953372687974,10,10
exploratory_post_hoc_boundary_specific,unregistered_post_hoc_factorial_decomposition,0.9,3,preselected comparison,phase_A_effect_when_phase_B_zero,1*early_only + -1*zero_zero,phase_b_critic_loss_log_grid_mean,0.0004455326647742579,-2.8096485367670504e-05,0.0012957502694878388,10,10
exploratory_post_hoc_boundary_specific,unregistered_post_hoc_factorial_decomposition,0.9,3,preselected comparison,phase_A_effect_when_phase_B_zero,1*early_only + -1*zero_zero,phase_b_critic_loss_final_logged,5.953980130470882e-05,-1.1055835549313998e-05,0.00019240499529473709,10,10
exploratory_post_hoc_boundary_specific,unregistered_post_hoc_factorial_decomposition,0.9,3,preselected comparison,phase_A_effect_when_phase_B_zero,1*early_only + -1*zero_zero,final_quantization_abs_residual,0.00016999999999999793,0.0,0.0003999999999999948,10,10
exploratory_post_hoc_boundary_specific,unregistered_post_hoc_factorial_decomposition,0.9,3,preselected comparison,phase_A_effect_when_phase_B_zero,1*early_only + -1*zero_zero,final_within_0_01_of_interaction_plateau,0.0,0.0,0.0,10,10
exploratory_post_hoc_boundary_specific,unregistered_post_hoc_factorial_decomposition,0.9,3,preselected comparison,phase_A_effect_when_phase_B_high,1*high_high + -1*delayed_carry,final_rho_y,-0.12293000000000001,-0.1972305,-0.04915,10,10
exploratory_post_hoc_boundary_specific,unregistered_post_hoc_factorial_decomposition,0.9,3,preselected comparison,phase_A_effect_when_phase_B_high,1*high_high + -1*delayed_carry,final_intended_probability,-0.12277921188417724,-0.19704541696412134,-0.0486303739284721,10,10
exploratory_post_hoc_boundary_specific,unregistered_post_hoc_factorial_decomposition,0.9,3,preselected comparison,phase_A_effect_when_phase_B_high,1*high_high + -1*delayed_carry,phase_b_rho_y_area,-142.37727999999998,-238.27963200000005,-55.08431999999999,10,10
exploratory_post_hoc_boundary_specific,unregistered_post_hoc_factorial_decomposition,0.9,3,preselected comparison,phase_A_effect_when_phase_B_high,1*high_high + -1*delayed_carry,phase_b_mean_rho_y,-0.07176274193548386,-0.1186382701612903,-0.027288145161290318,10,10
exploratory_post_hoc_boundary_specific,unregistered_post_hoc_factorial_decomposition,0.9,3,preselected comparison,phase_A_effect_when_phase_B_high,1*high_high + -1*delayed_carry,crossing_observed,0.0,0.0,0.0,10,10
exploratory_post_hoc_boundary_specific,unregistered_post_hoc_factorial_decomposition,0.9,3,preselected comparison,phase_A_effect_when_phase_B_high,1*high_high + -1*delayed_carry,restricted_crossing_phase_b_updates,0.0,0.0,0.0,10,10
exploratory_post_hoc_boundary_specific,unregistered_post_hoc_factorial_decomposition,0.9,3,preselected comparison,phase_A_effect_when_phase_B_high,1*high_high + -1*delayed_carry,final_iid_accuracy,-0.013649999999999985,-0.022026249999999994,-0.005448749999999984,10,10
exploratory_post_hoc_boundary_specific,unregistered_post_hoc_factorial_decomposition,0.9,3,preselected comparison,phase_A_effect_when_phase_B_high,1*high_high + -1*delayed_carry,final_iid_reward,-0.013649999999999985,-0.022074999999999977,-0.005396874999999993,10,10
exploratory_post_hoc_boundary_specific,unregistered_post_hoc_factorial_decomposition,0.9,3,preselected comparison,phase_A_effect_when_phase_B_high,1*high_high + -1*delayed_carry,final_policy_entropy,-0.0008383735613114653,-0.0023655405582914063,-7.874932102910623e-06,10,10
exploratory_post_hoc_boundary_specific,unregistered_post_hoc_factorial_decomposition,0.9,3,preselected comparison,phase_A_effect_when_phase_B_high,1*high_high + -1*delayed_carry,boundary_rho_y,0.0,0.0,0.0,10,10
exploratory_post_hoc_boundary_specific,unregistered_post_hoc_factorial_decomposition,0.9,3,preselected comparison,phase_A_effect_when_phase_B_high,1*high_high + -1*delayed_carry,boundary_policy_entropy,0.005382551473802304,0.004170116008080708,0.006730434306196474,10,10
exploratory_post_hoc_boundary_specific,unregistered_post_hoc_factorial_decomposition,0.9,3,preselected comparison,phase_A_effect_when_phase_B_high,1*high_high + -1*delayed_carry,boundary_proxy_hard_flip,0.0,0.0,0.0,10,10
exploratory_post_hoc_boundary_specific,unregistered_post_hoc_factorial_decomposition,0.9,3,preselected comparison,phase_A_effect_when_phase_B_high,1*high_high + -1*delayed_carry,boundary_proxy_probability_ate,-0.0016732999769882295,-0.0021355401400149857,-0.0012660891587941093,10,10
exploratory_post_hoc_boundary_specific,unregistered_post_hoc_factorial_decomposition,0.9,3,preselected comparison,phase_A_effect_when_phase_B_high,1*high_high + -1*delayed_carry,boundary_exact_hard_flip,0.0,0.0,0.0,10,10
exploratory_post_hoc_boundary_specific,unregistered_post_hoc_factorial_decomposition,0.9,3,preselected comparison,phase_A_effect_when_phase_B_high,1*high_high + -1*delayed_carry,boundary_exact_probability_ate,-7.660408611682941e-05,-0.00017671246123765854,-4.679938784492137e-06,10,10
exploratory_post_hoc_boundary_specific,unregistered_post_hoc_factorial_decomposition,0.9,3,preselected comparison,phase_A_effect_when_phase_B_high,1*high_high + -1*delayed_carry,final_proxy_hard_flip,0.12293000000000001,0.049150000000000006,0.19721025000000003,10,10
exploratory_post_hoc_boundary_specific,unregistered_post_hoc_factorial_decomposition,0.9,3,preselected comparison,phase_A_effect_when_phase_B_high,1*high_high + -1*delayed_carry,final_proxy_probability_ate,0.1228826377624556,0.04914722702948661,0.1971275907800374,10,10
exploratory_post_hoc_boundary_specific,unregistered_post_hoc_factorial_decomposition,0.9,3,preselected comparison,phase_A_effect_when_phase_B_high,1*high_high + -1*delayed_carry,final_exact_hard_flip,-0.12293000000000001,-0.19721000000000002,-0.049170000000000005,10,10
exploratory_post_hoc_boundary_specific,unregistered_post_hoc_factorial_decomposition,0.9,3,preselected comparison,phase_A_effect_when_phase_B_high,1*high_high + -1*delayed_carry,final_exact_probability_ate,0.12269234138488835,0.048956360686070004,0.19658641830192233,10,10
exploratory_post_hoc_boundary_specific,unregistered_post_hoc_factorial_decomposition,0.9,3,preselected comparison,phase_A_effect_when_phase_B_high,1*high_high + -1*delayed_carry,proxy_hard_flip_change,0.12293000000000001,0.04914,0.19721000000000002,10,10
exploratory_post_hoc_boundary_specific,unregistered_post_hoc_factorial_decomposition,0.9,3,preselected comparison,phase_A_effect_when_phase_B_high,1*high_high + -1*delayed_carry,exact_hard_flip_change,-0.12293000000000001,-0.19723000000000002,-0.048670000000000005,10,10
exploratory_post_hoc_boundary_specific,unregistered_post_hoc_factorial_decomposition,0.9,3,preselected comparison,phase_A_effect_when_phase_B_high,1*high_high + -1*delayed_carry,proxy_probability_ate_change,0.12455593773944384,0.050617073474740946,0.1988424984851901,10,10
exploratory_post_hoc_boundary_specific,unregistered_post_hoc_factorial_decomposition,0.9,3,preselected comparison,phase_A_effect_when_phase_B_high,1*high_high + -1*delayed_carry,exact_probability_ate_change,0.12276894547100521,0.04889835475367095,0.19684211261935125,10,10
exploratory_post_hoc_boundary_specific,unregistered_post_hoc_factorial_decomposition,0.9,3,preselected comparison,phase_A_effect_when_phase_B_high,1*high_high + -1*delayed_carry,actor_l2_from_boundary,-1.0127350286392403,-1.9267043525844674,-0.07439032453456507,10,10
exploratory_post_hoc_boundary_specific,unregistered_post_hoc_factorial_decomposition,0.9,3,preselected comparison,phase_A_effect_when_phase_B_high,1*high_high + -1*delayed_carry,actor_relative_l2_from_boundary,-0.0967805702164531,-0.2002301994311952,0.004620755255167843,10,10
exploratory_post_hoc_boundary_specific,unregistered_post_hoc_factorial_decomposition,0.9,3,preselected comparison,phase_A_effect_when_phase_B_high,1*high_high + -1*delayed_carry,critic_l2_from_boundary,0.00881052234666031,-0.17700114581606305,0.209388761120983,10,10
exploratory_post_hoc_boundary_specific,unregistered_post_hoc_factorial_decomposition,0.9,3,preselected comparison,phase_A_effect_when_phase_B_high,1*high_high + -1*delayed_carry,critic_relative_l2_from_boundary,0.0009074104814272177,-0.01509373401246907,0.018075048283134797,10,10
exploratory_post_hoc_boundary_specific,unregistered_post_hoc_factorial_decomposition,0.9,3,preselected comparison,phase_A_effect_when_phase_B_high,1*high_high + -1*delayed_carry,phase_b_critic_loss_log_grid_mean,1.7787073866559927e-05,-0.00036006287390195066,0.00034549333108101844,10,10
exploratory_post_hoc_boundary_specific,unregistered_post_hoc_factorial_decomposition,0.9,3,preselected comparison,phase_A_effect_when_phase_B_high,1*high_high + -1*delayed_carry,phase_b_critic_loss_final_logged,2.1353552438085898e-05,-3.9399076327981675e-05,9.76871345528707e-05,10,10
exploratory_post_hoc_boundary_specific,unregistered_post_hoc_factorial_decomposition,0.9,3,preselected comparison,phase_A_effect_when_phase_B_high,1*high_high + -1*delayed_carry,final_quantization_abs_residual,-0.0022899999999999978,-0.004350249999999998,-0.0006099999999999966,10,10
exploratory_post_hoc_boundary_specific,unregistered_post_hoc_factorial_decomposition,0.9,3,preselected comparison,phase_A_effect_when_phase_B_high,1*high_high + -1*delayed_carry,final_within_0_01_of_interaction_plateau,0.0,0.0,0.0,10,10
exploratory_post_hoc_boundary_specific,unregistered_post_hoc_factorial_decomposition,0.9,3,preselected comparison,phase_B_effect_when_phase_A_zero,1*delayed_carry + -1*zero_zero,final_rho_y,0.17370000000000002,0.09894850000000001,0.22731150000000006,10,10
exploratory_post_hoc_boundary_specific,unregistered_post_hoc_factorial_decomposition,0.9,3,preselected comparison,phase_B_effect_when_phase_A_zero,1*delayed_carry + -1*zero_zero,final_intended_probability,0.17354749182769774,0.09882646434820498,0.24599123251267743,10,10
exploratory_post_hoc_boundary_specific,unregistered_post_hoc_factorial_decomposition,0.9,3,preselected comparison,phase_B_effect_when_phase_A_zero,1*delayed_carry + -1*zero_zero,phase_b_rho_y_area,213.72127999999998,106.48128000000001,322.27948799999996,10,10
exploratory_post_hoc_boundary_specific,unregistered_post_hoc_factorial_decomposition,0.9,3,preselected comparison,phase_B_effect_when_phase_A_zero,1*delayed_carry + -1*zero_zero,phase_b_mean_rho_y,0.1077224193548387,0.05321322580645162,0.16484907258064513,10,10
exploratory_post_hoc_boundary_specific,unregistered_post_hoc_factorial_decomposition,0.9,3,preselected comparison,phase_B_effect_when_phase_A_zero,1*delayed_carry + -1*zero_zero,crossing_observed,0.0,0.0,0.0,10,10
exploratory_post_hoc_boundary_specific,unregistered_post_hoc_factorial_decomposition,0.9,3,preselected comparison,phase_B_effect_when_phase_A_zero,1*delayed_carry + -1*zero_zero,restricted_crossing_phase_b_updates,0.0,0.0,0.0,10,10
exploratory_post_hoc_boundary_specific,unregistered_post_hoc_factorial_decomposition,0.9,3,preselected comparison,phase_B_effect_when_phase_A_zero,1*delayed_carry + -1*zero_zero,final_iid_accuracy,0.01892499999999998,0.010799999999999987,0.025399999999999978,10,10
exploratory_post_hoc_boundary_specific,unregistered_post_hoc_factorial_decomposition,0.9,3,preselected comparison,phase_B_effect_when_phase_A_zero,1*delayed_carry + -1*zero_zero,final_iid_reward,0.01892499999999998,0.010749999999999982,0.026104999999999975,10,10
exploratory_post_hoc_boundary_specific,unregistered_post_hoc_factorial_decomposition,0.9,3,preselected comparison,phase_B_effect_when_phase_A_zero,1*delayed_carry + -1*zero_zero,final_policy_entropy,0.0008272203526151888,-9.232604437072868e-06,0.0023884227020675134,10,10
exploratory_post_hoc_boundary_specific,unregistered_post_hoc_factorial_decomposition,0.9,3,preselected comparison,phase_B_effect_when_phase_A_zero,1*delayed_carry + -1*zero_zero,boundary_rho_y,0.0,0.0,0.0,10,10
exploratory_post_hoc_boundary_specific,unregistered_post_hoc_factorial_decomposition,0.9,3,preselected comparison,phase_B_effect_when_phase_A_zero,1*delayed_carry + -1*zero_zero,boundary_policy_entropy,0.0,0.0,0.0,10,10
exploratory_post_hoc_boundary_specific,unregistered_post_hoc_factorial_decomposition,0.9,3,preselected comparison,phase_B_effect_when_phase_A_zero,1*delayed_carry + -1*zero_zero,boundary_proxy_hard_flip,0.0,0.0,0.0,10,10
exploratory_post_hoc_boundary_specific,unregistered_post_hoc_factorial_decomposition,0.9,3,preselected comparison,phase_B_effect_when_phase_A_zero,1*delayed_carry + -1*zero_zero,boundary_proxy_probability_ate,0.0,0.0,0.0,10,10
exploratory_post_hoc_boundary_specific,unregistered_post_hoc_factorial_decomposition,0.9,3,preselected comparison,phase_B_effect_when_phase_A_zero,1*delayed_carry + -1*zero_zero,boundary_exact_hard_flip,0.0,0.0,0.0,10,10
exploratory_post_hoc_boundary_specific,unregistered_post_hoc_factorial_decomposition,0.9,3,preselected comparison,phase_B_effect_when_phase_A_zero,1*delayed_carry + -1*zero_zero,boundary_exact_probability_ate,0.0,0.0,0.0,10,10
exploratory_post_hoc_boundary_specific,unregistered_post_hoc_factorial_decomposition,0.9,3,preselected comparison,phase_B_effect_when_phase_A_zero,1*delayed_carry + -1*zero_zero,final_proxy_hard_flip,-0.17370000000000002,-0.2279715,-0.09912000000000001,10,10
exploratory_post_hoc_boundary_specific,unregistered_post_hoc_factorial_decomposition,0.9,3,preselected comparison,phase_B_effect_when_phase_A_zero,1*delayed_carry + -1*zero_zero,final_proxy_probability_ate,-0.173642770048881,-0.24613271829592703,-0.09881993297940499,10,10
exploratory_post_hoc_boundary_specific,unregistered_post_hoc_factorial_decomposition,0.9,3,preselected comparison,phase_B_effect_when_phase_A_zero,1*delayed_carry + -1*zero_zero,final_exact_hard_flip,0.17370000000000002,0.09889,0.24702050000000003,10,10
exploratory_post_hoc_boundary_specific,unregistered_post_hoc_factorial_decomposition,0.9,3,preselected comparison,phase_B_effect_when_phase_A_zero,1*delayed_carry + -1*zero_zero,final_exact_probability_ate,-0.17346768806304974,-0.2262756991478886,-0.09878263855114448,10,10
exploratory_post_hoc_boundary_specific,unregistered_post_hoc_factorial_decomposition,0.9,3,preselected comparison,phase_B_effect_when_phase_A_zero,1*delayed_carry + -1*zero_zero,proxy_hard_flip_change,-0.17370000000000002,-0.24491575000000004,-0.09865974999999999,10,10
exploratory_post_hoc_boundary_specific,unregistered_post_hoc_factorial_decomposition,0.9,3,preselected comparison,phase_B_effect_when_phase_A_zero,1*delayed_carry + -1*zero_zero,exact_hard_flip_change,0.17370000000000002,0.09866975000000001,0.24460600000000005,10,10
exploratory_post_hoc_boundary_specific,unregistered_post_hoc_factorial_decomposition,0.9,3,preselected comparison,phase_B_effect_when_phase_A_zero,1*delayed_carry + -1*zero_zero,proxy_probability_ate_change,-0.173642770048881,-0.24654395745163465,-0.09883469621198056,10,10
exploratory_post_hoc_boundary_specific,unregistered_post_hoc_factorial_decomposition,0.9,3,preselected comparison,phase_B_effect_when_phase_A_zero,1*delayed_carry + -1*zero_zero,exact_probability_ate_change,-0.17346768806304974,-0.24677916405880693,-0.09876705121713997,10,10
exploratory_post_hoc_boundary_specific,unregistered_post_hoc_factorial_decomposition,0.9,3,preselected comparison,phase_B_effect_when_phase_A_zero,1*delayed_carry + -1*zero_zero,actor_l2_from_boundary,1.723777832828949,0.9315065467906879,2.3712199723009952,10,10
exploratory_post_hoc_boundary_specific,unregistered_post_hoc_factorial_decomposition,0.9,3,preselected comparison,phase_B_effect_when_phase_A_zero,1*delayed_carry + -1*zero_zero,actor_relative_l2_from_boundary,0.18663272191271849,0.10716214025230743,0.2576840126235682,10,10
exploratory_post_hoc_boundary_specific,unregistered_post_hoc_factorial_decomposition,0.9,3,preselected comparison,phase_B_effect_when_phase_A_zero,1*delayed_carry + -1*zero_zero,critic_l2_from_boundary,-0.009548264880492763,-0.3044584541641264,0.22247223816445535,10,10
exploratory_post_hoc_boundary_specific,unregistered_post_hoc_factorial_decomposition,0.9,3,preselected comparison,phase_B_effect_when_phase_A_zero,1*delayed_carry + -1*zero_zero,critic_relative_l2_from_boundary,-0.0008653132275528996,-0.024466657613887062,0.0196932700124077,10,10
exploratory_post_hoc_boundary_specific,unregistered_post_hoc_factorial_decomposition,0.9,3,preselected comparison,phase_B_effect_when_phase_A_zero,1*delayed_carry + -1*zero_zero,phase_b_critic_loss_log_grid_mean,4.443607796449679e-05,-0.00031827783104977365,0.00045562081075792174,10,10
exploratory_post_hoc_boundary_specific,unregistered_post_hoc_factorial_decomposition,0.9,3,preselected comparison,phase_B_effect_when_phase_A_zero,1*delayed_carry + -1*zero_zero,phase_b_critic_loss_final_logged,8.507258189638379e-06,-1.1426586232801127e-05,3.916497479167447e-05,10,10
exploratory_post_hoc_boundary_specific,unregistered_post_hoc_factorial_decomposition,0.9,3,preselected comparison,phase_B_effect_when_phase_A_zero,1*delayed_carry + -1*zero_zero,final_quantization_abs_residual,0.0032599999999999964,0.0013094999999999975,0.005370249999999998,10,10
exploratory_post_hoc_boundary_specific,unregistered_post_hoc_factorial_decomposition,0.9,3,preselected comparison,phase_B_effect_when_phase_A_zero,1*delayed_carry + -1*zero_zero,final_within_0_01_of_interaction_plateau,0.0,0.0,0.0,10,10
exploratory_post_hoc_boundary_specific,unregistered_post_hoc_factorial_decomposition,0.9,3,preselected comparison,phase_B_effect_when_phase_A_high,1*high_high + -1*early_only,final_rho_y,0.0006000000000000005,-0.07452,0.0747,10,10
exploratory_post_hoc_boundary_specific,unregistered_post_hoc_factorial_decomposition,0.9,3,preselected comparison,phase_B_effect_when_phase_A_high,1*high_high + -1*early_only,final_intended_probability,0.0006035504485442305,-0.07450823665254357,0.0751026654936075,10,10
exploratory_post_hoc_boundary_specific,unregistered_post_hoc_factorial_decomposition,0.9,3,preselected comparison,phase_B_effect_when_phase_A_high,1*high_high + -1*early_only,phase_b_rho_y_area,19.18528,-100.709312,138.05951999999996,10,10
exploratory_post_hoc_boundary_specific,unregistered_post_hoc_factorial_decomposition,0.9,3,preselected comparison,phase_B_effect_when_phase_A_high,1*high_high + -1*early_only,phase_b_mean_rho_y,0.009669999999999998,-0.050802258064516125,0.07001935483870966,10,10
exploratory_post_hoc_boundary_specific,unregistered_post_hoc_factorial_decomposition,0.9,3,preselected comparison,phase_B_effect_when_phase_A_high,1*high_high + -1*early_only,crossing_observed,0.0,0.0,0.0,10,10
exploratory_post_hoc_boundary_specific,unregistered_post_hoc_factorial_decomposition,0.9,3,preselected comparison,phase_B_effect_when_phase_A_high,1*high_high + -1*early_only,restricted_crossing_phase_b_updates,0.0,0.0,0.0,10,10
exploratory_post_hoc_boundary_specific,unregistered_post_hoc_factorial_decomposition,0.9,3,preselected comparison,phase_B_effect_when_phase_A_high,1*high_high + -1*early_only,final_iid_accuracy,0.0005000000000000004,-0.007199999999999984,0.008150624999999993,10,10
exploratory_post_hoc_boundary_specific,unregistered_post_hoc_factorial_decomposition,0.9,3,preselected comparison,phase_B_effect_when_phase_A_high,1*high_high + -1*early_only,final_iid_reward,0.0005000000000000004,-0.007199999999999984,0.00764999999999999,10,10
exploratory_post_hoc_boundary_specific,unregistered_post_hoc_factorial_decomposition,0.9,3,preselected comparison,phase_B_effect_when_phase_A_high,1*high_high + -1*early_only,final_policy_entropy,-2.763807430911053e-05,-7.743149486034362e-05,2.1421132598367387e-06,10,10
exploratory_post_hoc_boundary_specific,unregistered_post_hoc_factorial_decomposition,0.9,3,preselected comparison,phase_B_effect_when_phase_A_high,1*high_high + -1*early_only,boundary_rho_y,0.0,0.0,0.0,10,10
exploratory_post_hoc_boundary_specific,unregistered_post_hoc_factorial_decomposition,0.9,3,preselected comparison,phase_B_effect_when_phase_A_high,1*high_high + -1*early_only,boundary_policy_entropy,0.0,0.0,0.0,10,10
exploratory_post_hoc_boundary_specific,unregistered_post_hoc_factorial_decomposition,0.9,3,preselected comparison,phase_B_effect_when_phase_A_high,1*high_high + -1*early_only,boundary_proxy_hard_flip,0.0,0.0,0.0,10,10
exploratory_post_hoc_boundary_specific,unregistered_post_hoc_factorial_decomposition,0.9,3,preselected comparison,phase_B_effect_when_phase_A_high,1*high_high + -1*early_only,boundary_proxy_probability_ate,0.0,0.0,0.0,10,10
exploratory_post_hoc_boundary_specific,unregistered_post_hoc_factorial_decomposition,0.9,3,preselected comparison,phase_B_effect_when_phase_A_high,1*high_high + -1*early_only,boundary_exact_hard_flip,0.0,0.0,0.0,10,10
exploratory_post_hoc_boundary_specific,unregistered_post_hoc_factorial_decomposition,0.9,3,preselected comparison,phase_B_effect_when_phase_A_high,1*high_high + -1*early_only,boundary_exact_probability_ate,0.0,0.0,0.0,10,10
exploratory_post_hoc_boundary_specific,unregistered_post_hoc_factorial_decomposition,0.9,3,preselected comparison,phase_B_effect_when_phase_A_high,1*high_high + -1*early_only,final_proxy_hard_flip,-0.0006000000000000005,-0.0747,0.07452,10,10
exploratory_post_hoc_boundary_specific,unregistered_post_hoc_factorial_decomposition,0.9,3,preselected comparison,phase_B_effect_when_phase_A_high,1*high_high + -1*early_only,final_proxy_probability_ate,-0.0006032665670582582,-0.0747061069545653,0.07451732136485807,10,10
exploratory_post_hoc_boundary_specific,unregistered_post_hoc_factorial_decomposition,0.9,3,preselected comparison,phase_B_effect_when_phase_A_high,1*high_high + -1*early_only,final_exact_hard_flip,0.0006000000000000005,-0.07452,0.0753,10,10
exploratory_post_hoc_boundary_specific,unregistered_post_hoc_factorial_decomposition,0.9,3,preselected comparison,phase_B_effect_when_phase_A_high,1*high_high + -1*early_only,final_exact_probability_ate,-0.0006039001032946176,-0.07469364986805388,0.07449895006220643,10,10
exploratory_post_hoc_boundary_specific,unregistered_post_hoc_factorial_decomposition,0.9,3,preselected comparison,phase_B_effect_when_phase_A_high,1*high_high + -1*early_only,proxy_hard_flip_change,-0.0006000000000000005,-0.0747,0.07452,10,10
exploratory_post_hoc_boundary_specific,unregistered_post_hoc_factorial_decomposition,0.9,3,preselected comparison,phase_B_effect_when_phase_A_high,1*high_high + -1*early_only,exact_hard_flip_change,0.0006000000000000005,-0.07452,0.07471500000000006,10,10
exploratory_post_hoc_boundary_specific,unregistered_post_hoc_factorial_decomposition,0.9,3,preselected comparison,phase_B_effect_when_phase_A_high,1*high_high + -1*early_only,proxy_probability_ate_change,-0.0006032665670582582,-0.07470587528277164,0.07451746717735878,10,10
exploratory_post_hoc_boundary_specific,unregistered_post_hoc_factorial_decomposition,0.9,3,preselected comparison,phase_B_effect_when_phase_A_high,1*high_high + -1*early_only,exact_probability_ate_change,-0.0006039001032946176,-0.07529831395983011,0.07449940295267767,10,10
exploratory_post_hoc_boundary_specific,unregistered_post_hoc_factorial_decomposition,0.9,3,preselected comparison,phase_B_effect_when_phase_A_high,1*high_high + -1*early_only,actor_l2_from_boundary,0.21518980867663276,-0.5335165179112714,0.9805174640703406,10,10
exploratory_post_hoc_boundary_specific,unregistered_post_hoc_factorial_decomposition,0.9,3,preselected comparison,phase_B_effect_when_phase_A_high,1*high_high + -1*early_only,actor_relative_l2_from_boundary,0.02339280353405953,-0.05971469333896366,0.10874946240272955,10,10
exploratory_post_hoc_boundary_specific,unregistered_post_hoc_factorial_decomposition,0.9,3,preselected comparison,phase_B_effect_when_phase_A_high,1*high_high + -1*early_only,critic_l2_from_boundary,-0.1237391206344662,-0.5051833124852956,0.09131395743521901,10,10
exploratory_post_hoc_boundary_specific,unregistered_post_hoc_factorial_decomposition,0.9,3,preselected comparison,phase_B_effect_when_phase_A_high,1*high_high + -1*early_only,critic_relative_l2_from_boundary,-0.01048268474831412,-0.04241473736791937,0.007945670287329192,10,10
exploratory_post_hoc_boundary_specific,unregistered_post_hoc_factorial_decomposition,0.9,3,preselected comparison,phase_B_effect_when_phase_A_high,1*high_high + -1*early_only,phase_b_critic_loss_log_grid_mean,-0.0003833095129432012,-0.001243487970794127,9.477360357554875e-05,10,10
exploratory_post_hoc_boundary_specific,unregistered_post_hoc_factorial_decomposition,0.9,3,preselected comparison,phase_B_effect_when_phase_A_high,1*high_high + -1*early_only,phase_b_critic_loss_final_logged,-2.967899067698454e-05,-0.00019308726529175147,9.487061489267035e-05,10,10
exploratory_post_hoc_boundary_specific,unregistered_post_hoc_factorial_decomposition,0.9,3,preselected comparison,phase_B_effect_when_phase_A_high,1*high_high + -1*early_only,final_quantization_abs_residual,0.0008000000000000007,-0.00022999999999999686,0.002529999999999999,10,10
exploratory_post_hoc_boundary_specific,unregistered_post_hoc_factorial_decomposition,0.9,3,preselected comparison,phase_B_effect_when_phase_A_high,1*high_high + -1*early_only,final_within_0_01_of_interaction_plateau,0.0,0.0,0.0,10,10
exploratory_post_hoc_boundary_specific,unregistered_post_hoc_factorial_decomposition,0.9,3,preselected comparison,phase_A_by_phase_B_interaction,1*high_high + -1*early_only + -1*delayed_carry + +1*zero_zero,final_rho_y,-0.17309999999999998,-0.27340024999999996,-0.07379975,10,10
exploratory_post_hoc_boundary_specific,unregistered_post_hoc_factorial_decomposition,0.9,3,preselected comparison,phase_A_by_phase_B_interaction,1*high_high + -1*early_only + -1*delayed_carry + +1*zero_zero,final_intended_probability,-0.17294394137915353,-0.27444318624741854,-0.07367682237983152,10,10
exploratory_post_hoc_boundary_specific,unregistered_post_hoc_factorial_decomposition,0.9,3,preselected comparison,phase_A_by_phase_B_interaction,1*high_high + -1*early_only + -1*delayed_carry + +1*zero_zero,phase_b_rho_y_area,-194.53599999999997,-349.374768,-68.61904,10,10
exploratory_post_hoc_boundary_specific,unregistered_post_hoc_factorial_decomposition,0.9,3,preselected comparison,phase_A_by_phase_B_interaction,1*high_high + -1*early_only + -1*delayed_carry + +1*zero_zero,phase_b_mean_rho_y,-0.0980524193548387,-0.17146179838709674,-0.03550225806451613,10,10
exploratory_post_hoc_boundary_specific,unregistered_post_hoc_factorial_decomposition,0.9,3,preselected comparison,phase_A_by_phase_B_interaction,1*high_high + -1*early_only + -1*delayed_carry + +1*zero_zero,crossing_observed,0.0,0.0,0.0,10,10
exploratory_post_hoc_boundary_specific,unregistered_post_hoc_factorial_decomposition,0.9,3,preselected comparison,phase_A_by_phase_B_interaction,1*high_high + -1*early_only + -1*delayed_carry + +1*zero_zero,restricted_crossing_phase_b_updates,0.0,0.0,0.0,10,10
exploratory_post_hoc_boundary_specific,unregistered_post_hoc_factorial_decomposition,0.9,3,preselected comparison,phase_A_by_phase_B_interaction,1*high_high + -1*early_only + -1*delayed_carry + +1*zero_zero,final_iid_accuracy,-0.01842499999999998,-0.02899999999999996,-0.00814999999999999,10,10
exploratory_post_hoc_boundary_specific,unregistered_post_hoc_factorial_decomposition,0.9,3,preselected comparison,phase_A_by_phase_B_interaction,1*high_high + -1*early_only + -1*delayed_carry + +1*zero_zero,final_iid_reward,-0.01842499999999998,-0.02920062499999995,-0.008049375,10,10
exploratory_post_hoc_boundary_specific,unregistered_post_hoc_factorial_decomposition,0.9,3,preselected comparison,phase_A_by_phase_B_interaction,1*high_high + -1*early_only + -1*delayed_carry + +1*zero_zero,final_policy_entropy,-0.0008548584269242994,-0.0024081597087535337,-9.76528869697614e-06,10,10
exploratory_post_hoc_boundary_specific,unregistered_post_hoc_factorial_decomposition,0.9,3,preselected comparison,phase_A_by_phase_B_interaction,1*high_high + -1*early_only + -1*delayed_carry + +1*zero_zero,boundary_rho_y,0.0,0.0,0.0,10,10
exploratory_post_hoc_boundary_specific,unregistered_post_hoc_factorial_decomposition,0.9,3,preselected comparison,phase_A_by_phase_B_interaction,1*high_high + -1*early_only + -1*delayed_carry + +1*zero_zero,boundary_policy_entropy,0.0,0.0,0.0,10,10
exploratory_post_hoc_boundary_specific,unregistered_post_hoc_factorial_decomposition,0.9,3,preselected comparison,phase_A_by_phase_B_interaction,1*high_high + -1*early_only + -1*delayed_carry + +1*zero_zero,boundary_proxy_hard_flip,0.0,0.0,0.0,10,10
exploratory_post_hoc_boundary_specific,unregistered_post_hoc_factorial_decomposition,0.9,3,preselected comparison,phase_A_by_phase_B_interaction,1*high_high + -1*early_only + -1*delayed_carry + +1*zero_zero,boundary_proxy_probability_ate,0.0,0.0,0.0,10,10
exploratory_post_hoc_boundary_specific,unregistered_post_hoc_factorial_decomposition,0.9,3,preselected comparison,phase_A_by_phase_B_interaction,1*high_high + -1*early_only + -1*delayed_carry + +1*zero_zero,boundary_exact_hard_flip,0.0,0.0,0.0,10,10
exploratory_post_hoc_boundary_specific,unregistered_post_hoc_factorial_decomposition,0.9,3,preselected comparison,phase_A_by_phase_B_interaction,1*high_high + -1*early_only + -1*delayed_carry + +1*zero_zero,boundary_exact_probability_ate,0.0,0.0,0.0,10,10
exploratory_post_hoc_boundary_specific,unregistered_post_hoc_factorial_decomposition,0.9,3,preselected comparison,phase_A_by_phase_B_interaction,1*high_high + -1*early_only + -1*delayed_carry + +1*zero_zero,final_proxy_hard_flip,0.1731,0.07376,0.27351000000000003,10,10
exploratory_post_hoc_boundary_specific,unregistered_post_hoc_factorial_decomposition,0.9,3,preselected comparison,phase_A_by_phase_B_interaction,1*high_high + -1*early_only + -1*delayed_carry + +1*zero_zero,final_proxy_probability_ate,0.17303950348182276,0.07369966764405161,0.2734688405749834,10,10
exploratory_post_hoc_boundary_specific,unregistered_post_hoc_factorial_decomposition,0.9,3,preselected comparison,phase_A_by_phase_B_interaction,1*high_high + -1*early_only + -1*delayed_carry + +1*zero_zero,final_exact_hard_flip,-0.17309999999999998,-0.27392099999999997,-0.07373974999999999,10,10
exploratory_post_hoc_boundary_specific,unregistered_post_hoc_factorial_decomposition,0.9,3,preselected comparison,phase_A_by_phase_B_interaction,1*high_high + -1*early_only + -1*delayed_carry + +1*zero_zero,final_exact_probability_ate,0.17286378795975513,0.07402963213366469,0.27352249855832866,10,10
exploratory_post_hoc_boundary_specific,unregistered_post_hoc_factorial_decomposition,0.9,3,preselected comparison,phase_A_by_phase_B_interaction,1*high_high + -1*early_only + -1*delayed_carry + +1*zero_zero,proxy_hard_flip_change,0.1731,0.0737895,0.27354999999999996,10,10
exploratory_post_hoc_boundary_specific,unregistered_post_hoc_factorial_decomposition,0.9,3,preselected comparison,phase_A_by_phase_B_interaction,1*high_high + -1*early_only + -1*delayed_carry + +1*zero_zero,exact_hard_flip_change,-0.17309999999999998,-0.27358075000000004,-0.07422,10,10
exploratory_post_hoc_boundary_specific,unregistered_post_hoc_factorial_decomposition,0.9,3,preselected comparison,phase_A_by_phase_B_interaction,1*high_high + -1*early_only + -1*delayed_carry + +1*zero_zero,proxy_probability_ate_change,0.17303950348182276,0.07416942485510318,0.2735121054391743,10,10
exploratory_post_hoc_boundary_specific,unregistered_post_hoc_factorial_decomposition,0.9,3,preselected comparison,phase_A_by_phase_B_interaction,1*high_high + -1*early_only + -1*delayed_carry + +1*zero_zero,exact_probability_ate_change,0.17286378795975513,0.07372444119040114,0.2728140785109153,10,10
exploratory_post_hoc_boundary_specific,unregistered_post_hoc_factorial_decomposition,0.9,3,preselected comparison,phase_A_by_phase_B_interaction,1*high_high + -1*early_only + -1*delayed_carry + +1*zero_zero,actor_l2_from_boundary,-1.5085880241523162,-2.6401052611885154,-0.4161607251060549,10,10
exploratory_post_hoc_boundary_specific,unregistered_post_hoc_factorial_decomposition,0.9,3,preselected comparison,phase_A_by_phase_B_interaction,1*high_high + -1*early_only + -1*delayed_carry + +1*zero_zero,actor_relative_l2_from_boundary,-0.16323991837865895,-0.2853523184674183,-0.043461640711351265,10,10
exploratory_post_hoc_boundary_specific,unregistered_post_hoc_factorial_decomposition,0.9,3,preselected comparison,phase_A_by_phase_B_interaction,1*high_high + -1*early_only + -1*delayed_carry + +1*zero_zero,critic_l2_from_boundary,-0.11419085575397352,-0.29551943686304616,0.05279480505649995,10,10
exploratory_post_hoc_boundary_specific,unregistered_post_hoc_factorial_decomposition,0.9,3,preselected comparison,phase_A_by_phase_B_interaction,1*high_high + -1*early_only + -1*delayed_carry + +1*zero_zero,critic_relative_l2_from_boundary,-0.00961737152076122,-0.024817436808733998,0.004664113315025882,10,10
exploratory_post_hoc_boundary_specific,unregistered_post_hoc_factorial_decomposition,0.9,3,preselected comparison,phase_A_by_phase_B_interaction,1*high_high + -1*early_only + -1*delayed_carry + +1*zero_zero,phase_b_critic_loss_log_grid_mean,-0.00042774559090769814,-0.0013795201130924913,0.000275838487479377,10,10
exploratory_post_hoc_boundary_specific,unregistered_post_hoc_factorial_decomposition,0.9,3,preselected comparison,phase_A_by_phase_B_interaction,1*high_high + -1*early_only + -1*delayed_carry + +1*zero_zero,phase_b_critic_loss_final_logged,-3.818624886662292e-05,-0.00019997031114485253,8.589310724573807e-05,10,10
exploratory_post_hoc_boundary_specific,unregistered_post_hoc_factorial_decomposition,0.9,3,preselected comparison,phase_A_by_phase_B_interaction,1*high_high + -1*early_only + -1*delayed_carry + +1*zero_zero,final_quantization_abs_residual,-0.0024599999999999956,-0.004419999999999993,-0.0008299999999999946,10,10
exploratory_post_hoc_boundary_specific,unregistered_post_hoc_factorial_decomposition,0.9,3,preselected comparison,phase_A_by_phase_B_interaction,1*high_high + -1*early_only + -1*delayed_carry + +1*zero_zero,final_within_0_01_of_interaction_plateau,0.0,0.0,0.0,10,10
exploratory_post_hoc_boundary_specific,unregistered_post_hoc_cross_cell_difference_in_simple_effects,0.75 minus 0.90,4 minus 3,responsive boundary minus preselected comparison,cross_cell_difference_in_phase_A_effect_when_phase_B_high,responsive[(1*high_high + -1*delayed_carry)] - comparison[same effect],final_rho_y,0.39683,0.17826399999999998,0.62077325,10,10
exploratory_post_hoc_boundary_specific,unregistered_post_hoc_cross_cell_difference_in_simple_effects,0.75 minus 0.90,4 minus 3,responsive boundary minus preselected comparison,cross_cell_difference_in_phase_A_effect_when_phase_B_high,responsive[(1*high_high + -1*delayed_carry)] - comparison[same effect],final_intended_probability,0.3965775183941048,0.18325378086083557,0.6213391788881938,10,10
exploratory_post_hoc_boundary_specific,unregistered_post_hoc_cross_cell_difference_in_simple_effects,0.75 minus 0.90,4 minus 3,responsive boundary minus preselected comparison,cross_cell_difference_in_phase_A_effect_when_phase_B_high,responsive[(1*high_high + -1*delayed_carry)] - comparison[same effect],phase_b_rho_y_area,608.41581,252.0221912499999,1001.64833975,10,10
exploratory_post_hoc_boundary_specific,unregistered_post_hoc_cross_cell_difference_in_simple_effects,0.75 minus 0.90,4 minus 3,responsive boundary minus preselected comparison,cross_cell_difference_in_phase_A_effect_when_phase_B_high,responsive[(1*high_high + -1*delayed_carry)] - comparison[same effect],phase_b_mean_rho_y,0.3066611945564516,0.1345192990171371,0.5090954088961694,10,10
exploratory_post_hoc_boundary_specific,unregistered_post_hoc_cross_cell_difference_in_simple_effects,0.75 minus 0.90,4 minus 3,responsive boundary minus preselected comparison,cross_cell_difference_in_phase_A_effect_when_phase_B_high,responsive[(1*high_high + -1*delayed_carry)] - comparison[same effect],crossing_observed,0.3,0.1,0.6,10,10
exploratory_post_hoc_boundary_specific,unregistered_post_hoc_cross_cell_difference_in_simple_effects,0.75 minus 0.90,4 minus 3,responsive boundary minus preselected comparison,cross_cell_difference_in_phase_A_effect_when_phase_B_high,responsive[(1*high_high + -1*delayed_carry)] - comparison[same effect],restricted_crossing_phase_b_updates,-467.2,-960.0,0.0,10,10
exploratory_post_hoc_boundary_specific,unregistered_post_hoc_cross_cell_difference_in_simple_effects,0.75 minus 0.90,4 minus 3,responsive boundary minus preselected comparison,cross_cell_difference_in_phase_A_effect_when_phase_B_high,responsive[(1*high_high + -1*delayed_carry)] - comparison[same effect],final_iid_accuracy,0.08322499999999998,0.03589937500000001,0.13660062499999998,10,10
exploratory_post_hoc_boundary_specific,unregistered_post_hoc_cross_cell_difference_in_simple_effects,0.75 minus 0.90,4 minus 3,responsive boundary minus preselected comparison,cross_cell_difference_in_phase_A_effect_when_phase_B_high,responsive[(1*high_high + -1*delayed_carry)] - comparison[same effect],final_iid_reward,0.08322499999999998,0.034920625,0.13838812500000003,10,10
exploratory_post_hoc_boundary_specific,unregistered_post_hoc_cross_cell_difference_in_simple_effects,0.75 minus 0.90,4 minus 3,responsive boundary minus preselected comparison,cross_cell_difference_in_phase_A_effect_when_phase_B_high,responsive[(1*high_high + -1*delayed_carry)] - comparison[same effect],final_policy_entropy,0.001381621471312968,-0.00027369335213498023,0.0033314016750210862,10,10
exploratory_post_hoc_boundary_specific,unregistered_post_hoc_cross_cell_difference_in_simple_effects,0.75 minus 0.90,4 minus 3,responsive boundary minus preselected comparison,cross_cell_difference_in_phase_A_effect_when_phase_B_high,responsive[(1*high_high + -1*delayed_carry)] - comparison[same effect],boundary_rho_y,0.0020399999999999997,0.0,0.00608,10,10
exploratory_post_hoc_boundary_specific,unregistered_post_hoc_cross_cell_difference_in_simple_effects,0.75 minus 0.90,4 minus 3,responsive boundary minus preselected comparison,cross_cell_difference_in_phase_A_effect_when_phase_B_high,responsive[(1*high_high + -1*delayed_carry)] - comparison[same effect],boundary_policy_entropy,0.07054375735402242,0.05451561632087634,0.08826960941521617,10,10
exploratory_post_hoc_boundary_specific,unregistered_post_hoc_cross_cell_difference_in_simple_effects,0.75 minus 0.90,4 minus 3,responsive boundary minus preselected comparison,cross_cell_difference_in_phase_A_effect_when_phase_B_high,responsive[(1*high_high + -1*delayed_carry)] - comparison[same effect],boundary_proxy_hard_flip,-0.003939999999999999,-0.011780000000000002,0.0,10,10
exploratory_post_hoc_boundary_specific,unregistered_post_hoc_cross_cell_difference_in_simple_effects,0.75 minus 0.90,4 minus 3,responsive boundary minus preselected comparison,cross_cell_difference_in_phase_A_effect_when_phase_B_high,responsive[(1*high_high + -1*delayed_carry)] - comparison[same effect],boundary_proxy_probability_ate,-0.03852325349238883,-0.05472395241830767,-0.024935697599721286,10,10
exploratory_post_hoc_boundary_specific,unregistered_post_hoc_cross_cell_difference_in_simple_effects,0.75 minus 0.90,4 minus 3,responsive boundary minus preselected comparison,cross_cell_difference_in_phase_A_effect_when_phase_B_high,responsive[(1*high_high + -1*delayed_carry)] - comparison[same effect],boundary_exact_hard_flip,0.0017475000000000001,0.0,0.0052225,10,10
exploratory_post_hoc_boundary_specific,unregistered_post_hoc_cross_cell_difference_in_simple_effects,0.75 minus 0.90,4 minus 3,responsive boundary minus preselected comparison,cross_cell_difference_in_phase_A_effect_when_phase_B_high,responsive[(1*high_high + -1*delayed_carry)] - comparison[same effect],boundary_exact_probability_ate,-0.0007523550118185673,-0.001404105853239889,-0.00026724166667766315,10,10
exploratory_post_hoc_boundary_specific,unregistered_post_hoc_cross_cell_difference_in_simple_effects,0.75 minus 0.90,4 minus 3,responsive boundary minus preselected comparison,cross_cell_difference_in_phase_A_effect_when_phase_B_high,responsive[(1*high_high + -1*delayed_carry)] - comparison[same effect],final_proxy_hard_flip,-0.39683,-0.62794325,-0.17865174999999997,10,10
exploratory_post_hoc_boundary_specific,unregistered_post_hoc_cross_cell_difference_in_simple_effects,0.75 minus 0.90,4 minus 3,responsive boundary minus preselected comparison,cross_cell_difference_in_phase_A_effect_when_phase_B_high,responsive[(1*high_high + -1*delayed_carry)] - comparison[same effect],final_proxy_probability_ate,-0.39670717934424504,-0.6309212381943895,-0.18346384920426997,10,10
exploratory_post_hoc_boundary_specific,unregistered_post_hoc_cross_cell_difference_in_simple_effects,0.75 minus 0.90,4 minus 3,responsive boundary minus preselected comparison,cross_cell_difference_in_phase_A_effect_when_phase_B_high,responsive[(1*high_high + -1*delayed_carry)] - comparison[same effect],final_exact_hard_flip,0.39683,0.18497625,0.6311615000000002,10,10
exploratory_post_hoc_boundary_specific,unregistered_post_hoc_cross_cell_difference_in_simple_effects,0.75 minus 0.90,4 minus 3,responsive boundary minus preselected comparison,cross_cell_difference_in_phase_A_effect_when_phase_B_high,responsive[(1*high_high + -1*delayed_carry)] - comparison[same effect],final_exact_probability_ate,-0.3964629914890563,-0.6329204679333763,-0.17574431324298875,10,10
exploratory_post_hoc_boundary_specific,unregistered_post_hoc_cross_cell_difference_in_simple_effects,0.75 minus 0.90,4 minus 3,responsive boundary minus preselected comparison,cross_cell_difference_in_phase_A_effect_when_phase_B_high,responsive[(1*high_high + -1*delayed_carry)] - comparison[same effect],proxy_hard_flip_change,-0.39288999999999996,-0.63390475,-0.18575825,10,10
exploratory_post_hoc_boundary_specific,unregistered_post_hoc_cross_cell_difference_in_simple_effects,0.75 minus 0.90,4 minus 3,responsive boundary minus preselected comparison,cross_cell_difference_in_phase_A_effect_when_phase_B_high,responsive[(1*high_high + -1*delayed_carry)] - comparison[same effect],exact_hard_flip_change,0.3950825,0.1785339375,0.6272696875000001,10,10
exploratory_post_hoc_boundary_specific,unregistered_post_hoc_cross_cell_difference_in_simple_effects,0.75 minus 0.90,4 minus 3,responsive boundary minus preselected comparison,cross_cell_difference_in_phase_A_effect_when_phase_B_high,responsive[(1*high_high + -1*delayed_carry)] - comparison[same effect],proxy_probability_ate_change,-0.35818392585185627,-0.5874471623177567,-0.1576087566595519,10,10
exploratory_post_hoc_boundary_specific,unregistered_post_hoc_cross_cell_difference_in_simple_effects,0.75 minus 0.90,4 minus 3,responsive boundary minus preselected comparison,cross_cell_difference_in_phase_A_effect_when_phase_B_high,responsive[(1*high_high + -1*delayed_carry)] - comparison[same effect],exact_probability_ate_change,-0.3957106364772377,-0.6307218242402056,-0.18237776865593544,10,10
exploratory_post_hoc_boundary_specific,unregistered_post_hoc_cross_cell_difference_in_simple_effects,0.75 minus 0.90,4 minus 3,responsive boundary minus preselected comparison,cross_cell_difference_in_phase_A_effect_when_phase_B_high,responsive[(1*high_high + -1*delayed_carry)] - comparison[same effect],actor_l2_from_boundary,2.8396323022625225,1.5627413132007497,4.20344827530573,10,10
exploratory_post_hoc_boundary_specific,unregistered_post_hoc_cross_cell_difference_in_simple_effects,0.75 minus 0.90,4 minus 3,responsive boundary minus preselected comparison,cross_cell_difference_in_phase_A_effect_when_phase_B_high,responsive[(1*high_high + -1*delayed_carry)] - comparison[same effect],actor_relative_l2_from_boundary,0.38689197431491207,0.23116329192112156,0.5476957352236719,10,10
exploratory_post_hoc_boundary_specific,unregistered_post_hoc_cross_cell_difference_in_simple_effects,0.75 minus 0.90,4 minus 3,responsive boundary minus preselected comparison,cross_cell_difference_in_phase_A_effect_when_phase_B_high,responsive[(1*high_high + -1*delayed_carry)] - comparison[same effect],critic_l2_from_boundary,-1.4147303295611526,-2.80084401128935,-0.2917601394226892,10,10
exploratory_post_hoc_boundary_specific,unregistered_post_hoc_cross_cell_difference_in_simple_effects,0.75 minus 0.90,4 minus 3,responsive boundary minus preselected comparison,cross_cell_difference_in_phase_A_effect_when_phase_B_high,responsive[(1*high_high + -1*delayed_carry)] - comparison[same effect],critic_relative_l2_from_boundary,-0.11958928995268055,-0.24131730315733937,-0.01999846628585589,10,10
exploratory_post_hoc_boundary_specific,unregistered_post_hoc_cross_cell_difference_in_simple_effects,0.75 minus 0.90,4 minus 3,responsive boundary minus preselected comparison,cross_cell_difference_in_phase_A_effect_when_phase_B_high,responsive[(1*high_high + -1*delayed_carry)] - comparison[same effect],phase_b_critic_loss_log_grid_mean,-0.0038276913766228477,-0.009467588538819382,0.0012896422257980687,10,10
exploratory_post_hoc_boundary_specific,unregistered_post_hoc_cross_cell_difference_in_simple_effects,0.75 minus 0.90,4 minus 3,responsive boundary minus preselected comparison,cross_cell_difference_in_phase_A_effect_when_phase_B_high,responsive[(1*high_high + -1*delayed_carry)] - comparison[same effect],phase_b_critic_loss_final_logged,0.00035660323173942744,-9.463804982374312e-05,0.001165567074642695,10,10
exploratory_post_hoc_boundary_specific,unregistered_post_hoc_cross_cell_difference_in_simple_effects,0.75 minus 0.90,4 minus 3,responsive boundary minus preselected comparison,cross_cell_difference_in_phase_A_effect_when_phase_B_high,responsive[(1*high_high + -1*delayed_carry)] - comparison[same effect],final_quantization_abs_residual,0.001069999999999998,-0.0009702500000000059,0.003390499999999997,10,10
exploratory_post_hoc_boundary_specific,unregistered_post_hoc_cross_cell_difference_in_simple_effects,0.75 minus 0.90,4 minus 3,responsive boundary minus preselected comparison,cross_cell_difference_in_phase_A_effect_when_phase_B_high,responsive[(1*high_high + -1*delayed_carry)] - comparison[same effect],final_within_0_01_of_interaction_plateau,0.0,0.0,0.0,10,10
exploratory_post_hoc_boundary_specific,unregistered_post_hoc_cross_cell_difference_in_simple_effects,0.75 minus 0.90,4 minus 3,responsive boundary minus preselected comparison,cross_cell_difference_in_phase_B_effect_when_phase_A_zero,responsive[(1*delayed_carry + -1*zero_zero)] - comparison[same effect],final_rho_y,-0.005679999999999999,-0.08885000000000001,0.07697000000000001,10,10
exploratory_post_hoc_boundary_specific,unregistered_post_hoc_cross_cell_difference_in_simple_effects,0.75 minus 0.90,4 minus 3,responsive boundary minus preselected comparison,cross_cell_difference_in_phase_B_effect_when_phase_A_zero,responsive[(1*delayed_carry + -1*zero_zero)] - comparison[same effect],final_intended_probability,-0.0056329264623589,-0.09154710971429975,0.075578768553815,10,10
exploratory_post_hoc_boundary_specific,unregistered_post_hoc_cross_cell_difference_in_simple_effects,0.75 minus 0.90,4 minus 3,responsive boundary minus preselected comparison,cross_cell_difference_in_phase_B_effect_when_phase_A_zero,responsive[(1*delayed_carry + -1*zero_zero)] - comparison[same effect],phase_b_rho_y_area,90.03816000000002,-62.76359799999999,225.740046,10,10
exploratory_post_hoc_boundary_specific,unregistered_post_hoc_cross_cell_difference_in_simple_effects,0.75 minus 0.90,4 minus 3,responsive boundary minus preselected comparison,cross_cell_difference_in_phase_B_effect_when_phase_A_zero,responsive[(1*delayed_carry + -1*zero_zero)] - comparison[same effect],phase_b_mean_rho_y,0.0453821370967742,-0.02850438306451612,0.11471442842741937,10,10
exploratory_post_hoc_boundary_specific,unregistered_post_hoc_cross_cell_difference_in_simple_effects,0.75 minus 0.90,4 minus 3,responsive boundary minus preselected comparison,cross_cell_difference_in_phase_B_effect_when_phase_A_zero,responsive[(1*delayed_carry + -1*zero_zero)] - comparison[same effect],crossing_observed,0.0,0.0,0.0,10,10
exploratory_post_hoc_boundary_specific,unregistered_post_hoc_cross_cell_difference_in_simple_effects,0.75 minus 0.90,4 minus 3,responsive boundary minus preselected comparison,cross_cell_difference_in_phase_B_effect_when_phase_A_zero,responsive[(1*delayed_carry + -1*zero_zero)] - comparison[same effect],restricted_crossing_phase_b_updates,0.0,0.0,0.0,10,10
exploratory_post_hoc_boundary_specific,unregistered_post_hoc_cross_cell_difference_in_simple_effects,0.75 minus 0.90,4 minus 3,responsive boundary minus preselected comparison,cross_cell_difference_in_phase_B_effect_when_phase_A_zero,responsive[(1*delayed_carry + -1*zero_zero)] - comparison[same effect],final_iid_accuracy,0.02157500000000001,0.00457437500000004,0.037453749999999994,10,10
exploratory_post_hoc_boundary_specific,unregistered_post_hoc_cross_cell_difference_in_simple_effects,0.75 minus 0.90,4 minus 3,responsive boundary minus preselected comparison,cross_cell_difference_in_phase_B_effect_when_phase_A_zero,responsive[(1*delayed_carry + -1*zero_zero)] - comparison[same effect],final_iid_reward,0.02157500000000001,0.004674374999999997,0.037400625000000014,10,10
exploratory_post_hoc_boundary_specific,unregistered_post_hoc_cross_cell_difference_in_simple_effects,0.75 minus 0.90,4 minus 3,responsive boundary minus preselected comparison,cross_cell_difference_in_phase_B_effect_when_phase_A_zero,responsive[(1*delayed_carry + -1*zero_zero)] - comparison[same effect],final_policy_entropy,-0.00038931649448836617,-0.002286707283378439,0.001144274810906502,10,10
exploratory_post_hoc_boundary_specific,unregistered_post_hoc_cross_cell_difference_in_simple_effects,0.75 minus 0.90,4 minus 3,responsive boundary minus preselected comparison,cross_cell_difference_in_phase_B_effect_when_phase_A_zero,responsive[(1*delayed_carry + -1*zero_zero)] - comparison[same effect],boundary_rho_y,0.0,0.0,0.0,10,10
exploratory_post_hoc_boundary_specific,unregistered_post_hoc_cross_cell_difference_in_simple_effects,0.75 minus 0.90,4 minus 3,responsive boundary minus preselected comparison,cross_cell_difference_in_phase_B_effect_when_phase_A_zero,responsive[(1*delayed_carry + -1*zero_zero)] - comparison[same effect],boundary_policy_entropy,0.0,0.0,0.0,10,10
exploratory_post_hoc_boundary_specific,unregistered_post_hoc_cross_cell_difference_in_simple_effects,0.75 minus 0.90,4 minus 3,responsive boundary minus preselected comparison,cross_cell_difference_in_phase_B_effect_when_phase_A_zero,responsive[(1*delayed_carry + -1*zero_zero)] - comparison[same effect],boundary_proxy_hard_flip,0.0,0.0,0.0,10,10
exploratory_post_hoc_boundary_specific,unregistered_post_hoc_cross_cell_difference_in_simple_effects,0.75 minus 0.90,4 minus 3,responsive boundary minus preselected comparison,cross_cell_difference_in_phase_B_effect_when_phase_A_zero,responsive[(1*delayed_carry + -1*zero_zero)] - comparison[same effect],boundary_proxy_probability_ate,0.0,0.0,0.0,10,10
exploratory_post_hoc_boundary_specific,unregistered_post_hoc_cross_cell_difference_in_simple_effects,0.75 minus 0.90,4 minus 3,responsive boundary minus preselected comparison,cross_cell_difference_in_phase_B_effect_when_phase_A_zero,responsive[(1*delayed_carry + -1*zero_zero)] - comparison[same effect],boundary_exact_hard_flip,0.0,0.0,0.0,10,10
exploratory_post_hoc_boundary_specific,unregistered_post_hoc_cross_cell_difference_in_simple_effects,0.75 minus 0.90,4 minus 3,responsive boundary minus preselected comparison,cross_cell_difference_in_phase_B_effect_when_phase_A_zero,responsive[(1*delayed_carry + -1*zero_zero)] - comparison[same effect],boundary_exact_probability_ate,0.0,0.0,0.0,10,10
exploratory_post_hoc_boundary_specific,unregistered_post_hoc_cross_cell_difference_in_simple_effects,0.75 minus 0.90,4 minus 3,responsive boundary minus preselected comparison,cross_cell_difference_in_phase_B_effect_when_phase_A_zero,responsive[(1*delayed_carry + -1*zero_zero)] - comparison[same effect],final_proxy_hard_flip,0.005679999999999996,-0.08131125000000002,0.08791349999999999,10,10
exploratory_post_hoc_boundary_specific,unregistered_post_hoc_cross_cell_difference_in_simple_effects,0.75 minus 0.90,4 minus 3,responsive boundary minus preselected comparison,cross_cell_difference_in_phase_B_effect_when_phase_A_zero,responsive[(1*delayed_carry + -1*zero_zero)] - comparison[same effect],final_proxy_probability_ate,0.005722941990104946,-0.07884798267130474,0.09022106991905453,10,10
exploratory_post_hoc_boundary_specific,unregistered_post_hoc_cross_cell_difference_in_simple_effects,0.75 minus 0.90,4 minus 3,responsive boundary minus preselected comparison,cross_cell_difference_in_phase_B_effect_when_phase_A_zero,responsive[(1*delayed_carry + -1*zero_zero)] - comparison[same effect],final_exact_hard_flip,-0.005679999999999999,-0.088561,0.08002000000000001,10,10
exploratory_post_hoc_boundary_specific,unregistered_post_hoc_cross_cell_difference_in_simple_effects,0.75 minus 0.90,4 minus 3,responsive boundary minus preselected comparison,cross_cell_difference_in_phase_B_effect_when_phase_A_zero,responsive[(1*delayed_carry + -1*zero_zero)] - comparison[same effect],final_exact_probability_ate,0.005559179975395933,-0.0757936349426835,0.09222463951105825,10,10
exploratory_post_hoc_boundary_specific,unregistered_post_hoc_cross_cell_difference_in_simple_effects,0.75 minus 0.90,4 minus 3,responsive boundary minus preselected comparison,cross_cell_difference_in_phase_B_effect_when_phase_A_zero,responsive[(1*delayed_carry + -1*zero_zero)] - comparison[same effect],proxy_hard_flip_change,0.005679999999999996,-0.08058699999999998,0.08782125,10,10
exploratory_post_hoc_boundary_specific,unregistered_post_hoc_cross_cell_difference_in_simple_effects,0.75 minus 0.90,4 minus 3,responsive boundary minus preselected comparison,cross_cell_difference_in_phase_B_effect_when_phase_A_zero,responsive[(1*delayed_carry + -1*zero_zero)] - comparison[same effect],exact_hard_flip_change,-0.005679999999999999,-0.09108949999999999,0.07848175000000013,10,10
exploratory_post_hoc_boundary_specific,unregistered_post_hoc_cross_cell_difference_in_simple_effects,0.75 minus 0.90,4 minus 3,responsive boundary minus preselected comparison,cross_cell_difference_in_phase_B_effect_when_phase_A_zero,responsive[(1*delayed_carry + -1*zero_zero)] - comparison[same effect],proxy_probability_ate_change,0.005722941990104946,-0.08183379815749499,0.08900374527295114,10,10
exploratory_post_hoc_boundary_specific,unregistered_post_hoc_cross_cell_difference_in_simple_effects,0.75 minus 0.90,4 minus 3,responsive boundary minus preselected comparison,cross_cell_difference_in_phase_B_effect_when_phase_A_zero,responsive[(1*delayed_carry + -1*zero_zero)] - comparison[same effect],exact_probability_ate_change,0.0055591799753959255,-0.07596799216527841,0.0933486446600969,10,10
exploratory_post_hoc_boundary_specific,unregistered_post_hoc_cross_cell_difference_in_simple_effects,0.75 minus 0.90,4 minus 3,responsive boundary minus preselected comparison,cross_cell_difference_in_phase_B_effect_when_phase_A_zero,responsive[(1*delayed_carry + -1*zero_zero)] - comparison[same effect],actor_l2_from_boundary,0.9931221318909198,-0.8848200947446679,2.7934833278771904,10,10
exploratory_post_hoc_boundary_specific,unregistered_post_hoc_cross_cell_difference_in_simple_effects,0.75 minus 0.90,4 minus 3,responsive boundary minus preselected comparison,cross_cell_difference_in_phase_B_effect_when_phase_A_zero,responsive[(1*delayed_carry + -1*zero_zero)] - comparison[same effect],actor_relative_l2_from_boundary,0.11597889935074712,-0.07714896219344737,0.31178483907278415,10,10
exploratory_post_hoc_boundary_specific,unregistered_post_hoc_cross_cell_difference_in_simple_effects,0.75 minus 0.90,4 minus 3,responsive boundary minus preselected comparison,cross_cell_difference_in_phase_B_effect_when_phase_A_zero,responsive[(1*delayed_carry + -1*zero_zero)] - comparison[same effect],critic_l2_from_boundary,-1.153444639428061,-2.088175105734999,-0.2904785774400431,10,10
exploratory_post_hoc_boundary_specific,unregistered_post_hoc_cross_cell_difference_in_simple_effects,0.75 minus 0.90,4 minus 3,responsive boundary minus preselected comparison,cross_cell_difference_in_phase_B_effect_when_phase_A_zero,responsive[(1*delayed_carry + -1*zero_zero)] - comparison[same effect],critic_relative_l2_from_boundary,-0.09775921114982686,-0.17562640754775288,-0.026618737403004366,10,10
exploratory_post_hoc_boundary_specific,unregistered_post_hoc_cross_cell_difference_in_simple_effects,0.75 minus 0.90,4 minus 3,responsive boundary minus preselected comparison,cross_cell_difference_in_phase_B_effect_when_phase_A_zero,responsive[(1*delayed_carry + -1*zero_zero)] - comparison[same effect],phase_b_critic_loss_log_grid_mean,-0.00962449523881743,-0.019224827935109254,-0.002806103734659638,10,10
exploratory_post_hoc_boundary_specific,unregistered_post_hoc_cross_cell_difference_in_simple_effects,0.75 minus 0.90,4 minus 3,responsive boundary minus preselected comparison,cross_cell_difference_in_phase_B_effect_when_phase_A_zero,responsive[(1*delayed_carry + -1*zero_zero)] - comparison[same effect],phase_b_critic_loss_final_logged,-9.629272017264157e-06,-4.3702839776642576e-05,1.5093670372152703e-05,10,10
exploratory_post_hoc_boundary_specific,unregistered_post_hoc_cross_cell_difference_in_simple_effects,0.75 minus 0.90,4 minus 3,responsive boundary minus preselected comparison,cross_cell_difference_in_phase_B_effect_when_phase_A_zero,responsive[(1*delayed_carry + -1*zero_zero)] - comparison[same effect],final_quantization_abs_residual,-0.001089999999999995,-0.0042604999999999935,0.0015102500000000075,10,10
exploratory_post_hoc_boundary_specific,unregistered_post_hoc_cross_cell_difference_in_simple_effects,0.75 minus 0.90,4 minus 3,responsive boundary minus preselected comparison,cross_cell_difference_in_phase_B_effect_when_phase_A_zero,responsive[(1*delayed_carry + -1*zero_zero)] - comparison[same effect],final_within_0_01_of_interaction_plateau,0.0,0.0,0.0,10,10
