inference_status,run_id,seed,cohort,q_q,k_y,overlap,P_solo_observed,P_solo_event_step,P_solo_confirmation_step,P_solo_lower_bound,P_solo_upper_bound,P_solo_censoring,P_solo_restricted_step,P_probe_generic_observed,P_probe_generic_event_step,P_probe_generic_confirmation_step,P_probe_generic_lower_bound,P_probe_generic_upper_bound,P_probe_generic_censoring,P_probe_generic_restricted_step,P_probe_selective_observed,P_probe_selective_event_step,P_probe_selective_confirmation_step,P_probe_selective_lower_bound,P_probe_selective_upper_bound,P_probe_selective_censoring,P_probe_selective_restricted_step,P_behavior_observed,P_behavior_event_step,P_behavior_confirmation_step,P_behavior_lower_bound,P_behavior_upper_bound,P_behavior_censoring,P_behavior_restricted_step,P_causal_observed,P_causal_event_step,P_causal_confirmation_step,P_causal_lower_bound,P_causal_upper_bound,P_causal_censoring,P_causal_restricted_step,P_pure_observed,P_pure_event_step,P_pure_confirmation_step,P_pure_lower_bound,P_pure_upper_bound,P_pure_censoring,P_pure_restricted_step,P_causal_minus_probe_selective_lag,P_causal_minus_probe_selective_interval_relation,P_behavior_minus_probe_selective_lag,P_behavior_minus_probe_selective_interval_relation,P_behavior_minus_causal_lag,P_behavior_minus_causal_interval_relation,Q_solo_observed,Q_solo_event_step,Q_solo_confirmation_step,Q_solo_lower_bound,Q_solo_upper_bound,Q_solo_censoring,Q_solo_restricted_step,Q_probe_generic_observed,Q_probe_generic_event_step,Q_probe_generic_confirmation_step,Q_probe_generic_lower_bound,Q_probe_generic_upper_bound,Q_probe_generic_censoring,Q_probe_generic_restricted_step,Q_probe_selective_observed,Q_probe_selective_event_step,Q_probe_selective_confirmation_step,Q_probe_selective_lower_bound,Q_probe_selective_upper_bound,Q_probe_selective_censoring,Q_probe_selective_restricted_step,Q_behavior_observed,Q_behavior_event_step,Q_behavior_confirmation_step,Q_behavior_lower_bound,Q_behavior_upper_bound,Q_behavior_censoring,Q_behavior_restricted_step,Q_causal_observed,Q_causal_event_step,Q_causal_confirmation_step,Q_causal_lower_bound,Q_causal_upper_bound,Q_causal_censoring,Q_causal_restricted_step,Q_pure_observed,Q_pure_event_step,Q_pure_confirmation_step,Q_pure_lower_bound,Q_pure_upper_bound,Q_pure_censoring,Q_pure_restricted_step,Q_causal_minus_probe_selective_lag,Q_causal_minus_probe_selective_interval_relation,Q_behavior_minus_probe_selective_lag,Q_behavior_minus_probe_selective_interval_relation,Q_behavior_minus_causal_lag,Q_behavior_minus_causal_interval_relation,Y_solo_observed,Y_solo_event_step,Y_solo_confirmation_step,Y_solo_lower_bound,Y_solo_upper_bound,Y_solo_censoring,Y_solo_restricted_step,Y_probe_generic_observed,Y_probe_generic_event_step,Y_probe_generic_confirmation_step,Y_probe_generic_lower_bound,Y_probe_generic_upper_bound,Y_probe_generic_censoring,Y_probe_generic_restricted_step,Y_probe_selective_observed,Y_probe_selective_event_step,Y_probe_selective_confirmation_step,Y_probe_selective_lower_bound,Y_probe_selective_upper_bound,Y_probe_selective_censoring,Y_probe_selective_restricted_step,Y_behavior_observed,Y_behavior_event_step,Y_behavior_confirmation_step,Y_behavior_lower_bound,Y_behavior_upper_bound,Y_behavior_censoring,Y_behavior_restricted_step,Y_causal_observed,Y_causal_event_step,Y_causal_confirmation_step,Y_causal_lower_bound,Y_causal_upper_bound,Y_causal_censoring,Y_causal_restricted_step,Y_pure_observed,Y_pure_event_step,Y_pure_confirmation_step,Y_pure_lower_bound,Y_pure_upper_bound,Y_pure_censoring,Y_pure_restricted_step,Y_causal_minus_probe_selective_lag,Y_causal_minus_probe_selective_interval_relation,Y_behavior_minus_probe_selective_lag,Y_behavior_minus_probe_selective_interval_relation,Y_behavior_minus_causal_lag,Y_behavior_minus_causal_interval_relation,compressed_phase_sequence,goal_sequence,goal_transition_count,distinct_pure_goals,goal_cycle,time_share_P,time_share_Q,time_share_Y,time_share_D,bridge_phase,bridge_taxonomy,bridge_signature,bridge_to_final_phase,bridge_to_final_taxonomy,bridge_behavior_P,bridge_causal_P,final_behavior_P,final_causal_P,final_probe_P,final_probe_selectivity_P,final_pure_P,bridge_behavior_Q,bridge_causal_Q,final_behavior_Q,final_causal_Q,final_probe_Q,final_probe_selectivity_Q,final_pure_Q,bridge_behavior_Y,bridge_causal_Y,final_behavior_Y,final_causal_Y,final_probe_Y,final_probe_selectivity_Y,final_pure_Y,final_phase,final_taxonomy,final_signature,final_signature_bits,final_function_family,final_essential_variables,final_essential_variable_count,final_monotone_in_candidates,final_nearest_named_rules,final_nearest_named_hamming,final_tuple_consistency,final_codeword_consistency,final_nuisance_consistency,final_tuple_composite,final_codeword_patch,final_nuisance_sensitive,final_nested_training_support_accuracy,final_absent_q_only_accuracy
adaptive_exploratory_posthoc_with_fresh_seed_replication,5541a56ca6cb92cb3a32,11,original,0.9,3,independent,1,5,7,4,5,interval,5,1,0,1,0,0,left,0,1,0,1,0,0,left,0,1,7,9,5,7,interval,7,1,7,9,5,7,interval,7,1,7,9,5,7,interval,7,7,probe_selective_before_causal,7,probe_selective_before_behavior,0,unresolved_on_log_grid,1,7,9,5,7,interval,7,1,33,45,24,33,interval,33,1,24,33,17,24,interval,24,0,,,8192,,right,8192,0,,,8192,,right,8192,0,,,8192,,right,8192,,censored,,censored,,censored,1,9,13,7,9,interval,9,1,222,304,161,222,interval,222,1,222,304,161,222,interval,222,1,304,418,222,304,interval,304,1,304,418,222,304,interval,304,1,304,418,222,304,interval,304,82,unresolved_on_log_grid,82,unresolved_on_log_grid,0,unresolved_on_log_grid,D -> P -> D -> Y,P -> Y,1,2,0,0.00823974609375,0.0,0.9678955078125,0.02386474609375,Y,tuple:pure_Y,85,Y -> Y,tuple:pure_Y -> tuple:pure_Y,0.5,0.5,0.5,0.5,0.994140625,0.327880859375,0,0.5,0.5,0.5,0.5,0.99609375,0.329833984375,0,1.0,1.0,1.0,1.0,1.0,0.333740234375,1,Y,tuple:pure_Y,85,01010101,pure_Y,Y,1,1,pure_Y,0,1.0,1.0,1.0,0,0,0,1.0,1.0
adaptive_exploratory_posthoc_with_fresh_seed_replication,6cdc3930bef6c3410abc,11,original,0.9,3,nested,1,5,7,4,5,interval,5,1,0,1,0,0,left,0,1,0,1,0,0,left,0,1,7,9,5,7,interval,7,1,7,9,5,7,interval,7,1,7,9,5,7,interval,7,7,probe_selective_before_causal,7,probe_selective_before_behavior,0,unresolved_on_log_grid,1,9,13,7,9,interval,9,0,,,8192,,right,8192,0,,,8192,,right,8192,0,,,8192,,right,8192,0,,,8192,,right,8192,0,,,8192,,right,8192,,censored,,censored,,censored,1,9,13,7,9,interval,9,1,161,222,117,161,interval,161,1,161,222,117,161,interval,161,1,222,304,161,222,interval,222,1,222,304,161,222,interval,222,1,222,304,161,222,interval,222,61,unresolved_on_log_grid,61,unresolved_on_log_grid,0,unresolved_on_log_grid,D -> P -> D -> Y,P -> Y,1,2,0,0.0162353515625,0.0,0.97662353515625,0.00714111328125,Y,tuple:pure_Y,85,Y -> Y,tuple:pure_Y -> tuple:pure_Y,0.5,0.5,0.5,0.5,0.99853515625,0.360107421875,0,0.5,0.5,0.5,0.5,0.714599609375,0.076171875,0,1.0,1.0,1.0,1.0,1.0,0.361572265625,1,Y,tuple:pure_Y,85,01010101,pure_Y,Y,1,1,pure_Y,0,1.0,1.0,1.0,0,0,0,1.0,1.0
adaptive_exploratory_posthoc_with_fresh_seed_replication,6c8e3938bc2c7eefe8c1,11,original,0.9,5,independent,1,5,7,4,5,interval,5,1,0,1,0,0,left,0,1,0,1,0,0,left,0,1,7,9,5,7,interval,7,1,7,9,5,7,interval,7,1,7,9,5,7,interval,7,7,probe_selective_before_causal,7,probe_selective_before_behavior,0,unresolved_on_log_grid,1,7,9,5,7,interval,7,1,33,45,24,33,interval,33,1,24,33,17,24,interval,24,0,,,8192,,right,8192,0,,,8192,,right,8192,0,,,8192,,right,8192,,censored,,censored,,censored,1,45,62,33,45,interval,45,1,790,1085,575,790,interval,790,1,790,1085,575,790,interval,790,1,1085,1491,790,1085,interval,1085,1,1085,1491,790,1085,interval,1085,1,1085,1491,790,1085,interval,1085,295,unresolved_on_log_grid,295,unresolved_on_log_grid,0,unresolved_on_log_grid,D -> P -> D -> Y,P -> Y,1,2,0,0.00823974609375,0.0,0.88555908203125,0.106201171875,Y,tuple:pure_Y,85,Y -> Y,tuple:pure_Y -> tuple:pure_Y,0.51416015625,0.51513671875,0.500244140625,0.5003662109375,0.994384765625,0.35693359375,0,0.51416015625,0.513916015625,0.500244140625,0.50048828125,0.921630859375,0.2841796875,0,0.98583984375,0.98564453125,0.999755859375,0.9998291015625,1.0,0.362548828125,1,Y,tuple:pure_Y,85,01010101,pure_Y,Y,1,1,pure_Y,0,0.999755859375,1.0,0.999755859375,0,0,0,0.9996744791666666,1.0
adaptive_exploratory_posthoc_with_fresh_seed_replication,a840f07b7dc8e9a7d7c8,11,original,0.9,5,nested,1,5,7,4,5,interval,5,1,0,1,0,0,left,0,1,0,1,0,0,left,0,1,7,9,5,7,interval,7,1,7,9,5,7,interval,7,1,7,9,5,7,interval,7,7,probe_selective_before_causal,7,probe_selective_before_behavior,0,unresolved_on_log_grid,1,9,13,7,9,interval,9,0,,,8192,,right,8192,0,,,8192,,right,8192,0,,,8192,,right,8192,0,,,8192,,right,8192,0,,,8192,,right,8192,,censored,,censored,,censored,1,45,62,33,45,interval,45,1,575,790,418,575,interval,575,1,575,790,418,575,interval,575,1,575,790,418,575,interval,575,1,575,790,418,575,interval,575,1,575,790,418,575,interval,575,0,unresolved_on_log_grid,0,unresolved_on_log_grid,0,unresolved_on_log_grid,D -> P -> D -> Y,P -> Y,1,2,0,0.0433349609375,0.0,0.93939208984375,0.01727294921875,Y,tuple:pure_Y,85,Y -> Y,tuple:pure_Y -> tuple:pure_Y,0.5,0.5,0.5,0.5,0.994384765625,0.357666015625,0,0.5,0.5,0.5,0.5,0.677978515625,0.041259765625,0,1.0,1.0,1.0,1.0,1.0,0.36328125,1,Y,tuple:pure_Y,85,01010101,pure_Y,Y,1,1,pure_Y,0,1.0,1.0,1.0,0,0,0,1.0,1.0
adaptive_exploratory_posthoc_with_fresh_seed_replication,77cd37c1e891123c5b94,11,original,0.95,3,independent,1,5,7,4,5,interval,5,1,0,1,0,0,left,0,1,0,1,0,0,left,0,1,7,9,5,7,interval,7,1,7,9,5,7,interval,7,1,7,9,5,7,interval,7,7,probe_selective_before_causal,7,probe_selective_before_behavior,0,unresolved_on_log_grid,1,9,13,7,9,interval,9,1,33,45,24,33,interval,33,1,24,33,17,24,interval,24,1,85,117,62,85,interval,85,1,85,117,62,85,interval,85,1,85,117,62,85,interval,85,61,probe_selective_before_causal,61,probe_selective_before_behavior,0,unresolved_on_log_grid,1,9,13,7,9,interval,9,1,304,418,222,304,interval,304,1,304,418,222,304,interval,304,1,418,575,304,418,interval,418,1,418,575,304,418,interval,418,1,418,575,304,418,interval,418,114,unresolved_on_log_grid,114,unresolved_on_log_grid,0,unresolved_on_log_grid,D -> P -> D -> Q -> D -> Y,P -> Q -> Y,2,3,0,0.00579833984375,0.014404296875,0.9559326171875,0.02386474609375,Y,tuple:pure_Y,85,Y -> Y,tuple:pure_Y -> tuple:pure_Y,0.5,0.5,0.5,0.5,0.99658203125,0.333740234375,0,0.5,0.5,0.5,0.5,0.98974609375,0.326904296875,0,1.0,1.0,1.0,1.0,1.0,0.337158203125,1,Y,tuple:pure_Y,85,01010101,pure_Y,Y,1,1,pure_Y,0,1.0,1.0,1.0,0,0,0,1.0,1.0
adaptive_exploratory_posthoc_with_fresh_seed_replication,6c9f9d0e9bb65db07e22,11,original,0.95,3,nested,1,5,7,4,5,interval,5,1,0,1,0,0,left,0,1,0,1,0,0,left,0,1,7,9,5,7,interval,7,1,7,9,5,7,interval,7,1,7,9,5,7,interval,7,7,probe_selective_before_causal,7,probe_selective_before_behavior,0,unresolved_on_log_grid,1,9,13,7,9,interval,9,1,33,45,24,33,interval,33,1,24,33,17,24,interval,24,1,117,161,85,117,interval,117,1,117,161,85,117,interval,117,1,117,161,85,117,interval,117,93,probe_selective_before_causal,93,probe_selective_before_behavior,0,unresolved_on_log_grid,1,9,13,7,9,interval,9,1,222,304,161,222,interval,222,1,222,304,161,222,interval,222,1,418,575,304,418,interval,418,1,418,575,304,418,interval,418,1,418,575,304,418,interval,418,196,probe_selective_before_causal,196,probe_selective_before_behavior,0,unresolved_on_log_grid,D -> P -> D -> Q -> D -> Y,P -> Q -> Y,2,3,0,0.00823974609375,0.01104736328125,0.9559326171875,0.0247802734375,Y,tuple:pure_Y,85,Y -> Y,tuple:pure_Y -> tuple:pure_Y,0.5,0.5,0.5,0.5,0.99365234375,0.32763671875,0,0.5,0.50006103515625,0.5,0.5,1.0,0.333984375,0,1.0,1.0,1.0,1.0,1.0,0.333984375,1,Y,tuple:pure_Y,85,01010101,pure_Y,Y,1,1,pure_Y,0,1.0,1.0,1.0,0,0,0,1.0,1.0
adaptive_exploratory_posthoc_with_fresh_seed_replication,d0e824c8815a7d467f43,11,original,0.95,5,independent,1,5,7,4,5,interval,5,1,0,1,0,0,left,0,1,0,1,0,0,left,0,1,7,9,5,7,interval,7,1,7,9,5,7,interval,7,1,7,9,5,7,interval,7,7,probe_selective_before_causal,7,probe_selective_before_behavior,0,unresolved_on_log_grid,1,9,13,7,9,interval,9,1,33,45,24,33,interval,33,1,24,33,17,24,interval,24,1,85,117,62,85,interval,85,1,85,117,62,85,interval,85,1,85,117,62,85,interval,85,61,probe_selective_before_causal,61,probe_selective_before_behavior,0,unresolved_on_log_grid,1,45,62,33,45,interval,45,1,1491,2048,1085,1491,interval,1491,1,1491,2048,1085,1491,interval,1491,1,2435,2896,2048,2435,interval,2435,1,2435,2896,2048,2435,interval,2435,1,2435,2896,2048,2435,interval,2435,944,probe_selective_before_causal,944,probe_selective_before_behavior,0,unresolved_on_log_grid,D -> P -> D -> Q -> D -> Q -> D -> Y,P -> Q -> Y,2,3,0,0.00579833984375,0.08892822265625,0.72637939453125,0.17889404296875,D,raw_codeword_patch,85,D -> Y,raw_codeword_patch -> tuple:pure_Y,0.607421875,0.6065673828125,0.514404296875,0.51513671875,0.9716796875,0.350830078125,0,0.6123046875,0.61297607421875,0.514404296875,0.51483154296875,0.961181640625,0.34033203125,0,0.88671875,0.885205078125,0.985595703125,0.984423828125,0.999755859375,0.37890625,1,Y,tuple:pure_Y,85,01010101,pure_Y,Y,1,1,pure_Y,0,0.985595703125,1.0,0.985595703125,0,0,0,0.9807942708333334,1.0
adaptive_exploratory_posthoc_with_fresh_seed_replication,ac270b5d955de7ebea6d,11,original,0.95,5,nested,1,5,7,4,5,interval,5,1,0,1,0,0,left,0,1,0,1,0,0,left,0,1,7,9,5,7,interval,7,1,7,9,5,7,interval,7,1,7,9,5,7,interval,7,7,probe_selective_before_causal,7,probe_selective_before_behavior,0,unresolved_on_log_grid,1,9,13,7,9,interval,9,1,33,45,24,33,interval,33,1,24,33,17,24,interval,24,1,117,161,85,117,interval,117,1,117,161,85,117,interval,117,1,117,161,85,117,interval,117,93,probe_selective_before_causal,93,probe_selective_before_behavior,0,unresolved_on_log_grid,1,45,62,33,45,interval,45,1,1085,1491,790,1085,interval,1085,1,1085,1491,790,1085,interval,1085,0,,,8192,,right,8192,0,,,8192,,right,8192,0,,,8192,,right,8192,,censored,,censored,,censored,D -> P -> D -> Q -> D,P -> Q,1,2,0,0.00823974609375,0.10211181640625,0.0,0.8896484375,D,tuple:nested_support_gate_Y_if_P_equals_Q_else_Q,113,D -> D,tuple:nested_support_gate_Y_if_P_equals_Q_else_Q -> tuple:nested_support_gate_Y_if_P_equals_Q_else_Q,0.261962890625,0.261962890625,0.310546875,0.3096923828125,0.983154296875,0.354248046875,0,0.743408203125,0.74310302734375,0.689453125,0.69073486328125,0.992431640625,0.363525390625,0,0.756591796875,0.756201171875,0.810546875,0.81083984375,1.0,0.37109375,0,D,tuple:nested_support_gate_Y_if_P_equals_Q_else_Q,113,01110001,nested_support_gate_Y_if_P_equals_Q_else_Q,P+Q+Y,3,0,nested_support_gate_Y_if_P_equals_Q_else_Q,0,0.939453125,0.9453125,0.97265625,1,0,0,1.0,0.2421875
adaptive_exploratory_posthoc_with_fresh_seed_replication,3043cd62362262c35dcc,11,original,0.99,3,independent,1,5,7,4,5,interval,5,1,0,1,0,0,left,0,1,0,1,0,0,left,0,1,7,9,5,7,interval,7,1,7,9,5,7,interval,7,1,7,9,5,7,interval,7,7,probe_selective_before_causal,7,probe_selective_before_behavior,0,unresolved_on_log_grid,1,9,13,7,9,interval,9,1,33,45,24,33,interval,33,1,24,33,17,24,interval,24,1,62,85,45,62,interval,62,1,62,85,45,62,interval,62,1,62,85,45,62,interval,62,38,probe_selective_before_causal,38,probe_selective_before_behavior,0,unresolved_on_log_grid,1,9,13,7,9,interval,9,1,790,1085,575,790,interval,790,1,790,1085,575,790,interval,790,0,,,8192,,right,8192,0,,,8192,,right,8192,0,,,8192,,right,8192,,censored,,censored,,censored,D -> P -> Q -> D,P -> Q,1,2,0,0.00579833984375,0.0767822265625,0.0,0.91741943359375,D,tuple:majority_PQY,23,D -> D,tuple:majority_PQY -> raw_codeword_patch,0.657470703125,0.659423828125,0.643798828125,0.642333984375,0.994384765625,0.288818359375,0,0.768798828125,0.76422119140625,0.674072265625,0.6732177734375,0.99951171875,0.2939453125,0,0.731201171875,0.7340087890625,0.825927734375,0.824951171875,1.0,0.29443359375,0,D,raw_codeword_patch,23,00010111,majority_PQY,P+Q+Y,3,1,majority_PQY,0,0.893798828125,0.921875,0.936767578125,0,1,0,0.7880859375,0.939453125
adaptive_exploratory_posthoc_with_fresh_seed_replication,6b54b839a64055209f53,11,original,0.99,3,nested,1,5,7,4,5,interval,5,1,0,1,0,0,left,0,1,0,1,0,0,left,0,1,7,9,5,7,interval,7,1,7,9,5,7,interval,7,1,7,9,5,7,interval,7,7,probe_selective_before_causal,7,probe_selective_before_behavior,0,unresolved_on_log_grid,1,9,13,7,9,interval,9,1,33,45,24,33,interval,33,1,24,33,17,24,interval,24,1,85,117,62,85,interval,85,1,85,117,62,85,interval,85,1,85,117,62,85,interval,85,61,probe_selective_before_causal,61,probe_selective_before_behavior,0,unresolved_on_log_grid,1,9,13,7,9,interval,9,1,575,790,418,575,interval,575,1,418,575,304,418,interval,418,0,,,8192,,right,8192,0,,,8192,,right,8192,0,,,8192,,right,8192,,censored,,censored,,censored,D -> P -> D -> Q -> D,P -> Q,1,2,0,0.00579833984375,0.0516357421875,0.0,0.94256591796875,D,tuple:nested_support_gate_Y_if_P_equals_Q_else_Q,113,D -> D,tuple:nested_support_gate_Y_if_P_equals_Q_else_Q -> raw_codeword_patch,0.268798828125,0.26904296875,0.3525390625,0.3541259765625,0.99658203125,0.283447265625,0,0.740966796875,0.740478515625,0.6474609375,0.6495361328125,0.999267578125,0.2861328125,0,0.759033203125,0.7596028645833333,0.8525390625,0.85205078125,1.0,0.286865234375,0,D,raw_codeword_patch,113,01110001,nested_support_gate_Y_if_P_equals_Q_else_Q,P+Q+Y,3,0,nested_support_gate_Y_if_P_equals_Q_else_Q,0,0.8974609375,0.90625,0.94140625,0,1,0,1.0,0.41015625
adaptive_exploratory_posthoc_with_fresh_seed_replication,7a7fcf8cd5a04379b853,11,original,0.99,5,independent,1,5,7,4,5,interval,5,1,0,1,0,0,left,0,1,0,1,0,0,left,0,1,7,9,5,7,interval,7,1,7,9,5,7,interval,7,1,7,9,5,7,interval,7,7,probe_selective_before_causal,7,probe_selective_before_behavior,0,unresolved_on_log_grid,1,9,13,7,9,interval,9,1,33,45,24,33,interval,33,1,24,33,17,24,interval,24,1,62,85,45,62,interval,62,1,62,85,45,62,interval,62,1,62,85,45,62,interval,62,38,probe_selective_before_causal,38,probe_selective_before_behavior,0,unresolved_on_log_grid,1,45,62,33,45,interval,45,0,,,8192,,right,8192,0,,,8192,,right,8192,0,,,8192,,right,8192,0,,,8192,,right,8192,0,,,8192,,right,8192,,censored,,censored,,censored,D -> P -> Q,P -> Q,1,2,0,0.00579833984375,0.99346923828125,0.0,0.000732421875,Q,tuple:pure_Q,51,Q -> Q,tuple:pure_Q -> tuple:pure_Q,0.536865234375,0.538330078125,0.539794921875,0.5408935546875,0.9814453125,0.3857421875,0,0.962646484375,0.9619140625,0.958740234375,0.95806884765625,0.99755859375,0.40185546875,1,0.518798828125,0.5174560546875,0.526611328125,0.5253662109375,0.639404296875,0.043701171875,0,Q,tuple:pure_Q,51,00110011,pure_Q,Q,1,1,pure_Q,0,0.958740234375,0.9921875,0.959716796875,0,0,0,0.6578776041666666,0.1328125
adaptive_exploratory_posthoc_with_fresh_seed_replication,a00370abf8a14132f6e5,11,original,0.99,5,nested,1,5,7,4,5,interval,5,1,0,1,0,0,left,0,1,0,1,0,0,left,0,1,7,9,5,7,interval,7,1,7,9,5,7,interval,7,1,7,9,5,7,interval,7,7,probe_selective_before_causal,7,probe_selective_before_behavior,0,unresolved_on_log_grid,1,9,13,7,9,interval,9,1,33,45,24,33,interval,33,1,24,33,17,24,interval,24,1,62,85,45,62,interval,62,1,62,85,45,62,interval,62,1,62,85,45,62,interval,62,38,probe_selective_before_causal,38,probe_selective_before_behavior,0,unresolved_on_log_grid,1,45,62,33,45,interval,45,0,,,8192,,right,8192,0,,,8192,,right,8192,0,,,8192,,right,8192,0,,,8192,,right,8192,0,,,8192,,right,8192,,censored,,censored,,censored,D -> P -> Q,P -> Q,1,2,0,0.00579833984375,0.99346923828125,0.0,0.000732421875,Q,tuple:pure_Q,51,Q -> Q,tuple:pure_Q -> tuple:pure_Q,0.495849609375,0.495849609375,0.494384765625,0.4945068359375,0.896484375,0.3017578125,0,0.995361328125,0.99505615234375,0.992919921875,0.99261474609375,0.997314453125,0.402587890625,1,0.504150390625,0.5036376953125,0.506591796875,0.505712890625,0.726318359375,0.131591796875,0,Q,tuple:pure_Q,51,00110011,pure_Q,Q,1,1,pure_Q,0,0.992919921875,1.0,0.992919921875,0,0,0,0.6744791666666666,0.0029296875
adaptive_exploratory_posthoc_with_fresh_seed_replication,80dc1ba77b7fb96adc96,23,original,0.9,3,independent,1,1,2,0,1,interval,1,1,0,1,0,0,left,0,1,0,1,0,0,left,0,1,13,17,9,13,interval,13,1,13,17,9,13,interval,13,1,13,17,9,13,interval,13,13,probe_selective_before_causal,13,probe_selective_before_behavior,0,unresolved_on_log_grid,1,2,3,1,2,interval,2,1,33,45,24,33,interval,33,1,33,45,24,33,interval,33,0,,,8192,,right,8192,0,,,8192,,right,8192,0,,,8192,,right,8192,,censored,,censored,,censored,1,7,9,5,7,interval,7,1,304,418,222,304,interval,304,1,222,304,161,222,interval,222,1,418,575,304,418,interval,418,1,418,575,304,418,interval,418,1,418,575,304,418,interval,418,196,probe_selective_before_causal,196,probe_selective_before_behavior,0,unresolved_on_log_grid,D -> P -> D -> Y,P -> Y,1,2,0,0.00518798828125,0.0,0.9559326171875,0.03887939453125,Y,tuple:pure_Y,85,Y -> Y,tuple:pure_Y -> tuple:pure_Y,0.5,0.5,0.5,0.5,0.999267578125,0.275146484375,0,0.5,0.5,0.5,0.5,0.993408203125,0.269287109375,0,1.0,1.0,1.0,1.0,1.0,0.27587890625,1,Y,tuple:pure_Y,85,01010101,pure_Y,Y,1,1,pure_Y,0,1.0,1.0,1.0,0,0,0,1.0,1.0
adaptive_exploratory_posthoc_with_fresh_seed_replication,7b002f92cdbd33076991,23,original,0.9,3,nested,1,1,2,0,1,interval,1,1,0,1,0,0,left,0,1,0,1,0,0,left,0,1,13,17,9,13,interval,13,1,13,17,9,13,interval,13,1,13,17,9,13,interval,13,13,probe_selective_before_causal,13,probe_selective_before_behavior,0,unresolved_on_log_grid,1,2,3,1,2,interval,2,0,,,8192,,right,8192,0,,,8192,,right,8192,0,,,8192,,right,8192,0,,,8192,,right,8192,0,,,8192,,right,8192,,censored,,censored,,censored,1,7,9,5,7,interval,7,1,161,222,117,161,interval,161,1,161,222,117,161,interval,161,1,222,304,161,222,interval,222,1,222,304,161,222,interval,222,1,222,304,161,222,interval,222,61,unresolved_on_log_grid,61,unresolved_on_log_grid,0,unresolved_on_log_grid,D -> P -> Y,P -> Y,1,2,0,0.02203369140625,0.0,0.97662353515625,0.0013427734375,Y,tuple:pure_Y,85,Y -> Y,tuple:pure_Y -> tuple:pure_Y,0.5,0.5,0.5,0.5,1.0,0.32177734375,0,0.5,0.5,0.5,0.5,0.684814453125,0.006591796875,0,1.0,1.0,1.0,1.0,1.0,0.32177734375,1,Y,tuple:pure_Y,85,01010101,pure_Y,Y,1,1,pure_Y,0,1.0,1.0,1.0,0,0,0,1.0,1.0
adaptive_exploratory_posthoc_with_fresh_seed_replication,5c94882d28995038a155,23,original,0.9,5,independent,1,1,2,0,1,interval,1,1,0,1,0,0,left,0,1,0,1,0,0,left,0,1,9,13,7,9,interval,9,1,9,13,7,9,interval,9,1,9,13,7,9,interval,9,9,probe_selective_before_causal,9,probe_selective_before_behavior,0,unresolved_on_log_grid,1,2,3,1,2,interval,2,1,33,45,24,33,interval,33,1,33,45,24,33,interval,33,0,,,8192,,right,8192,0,,,8192,,right,8192,0,,,8192,,right,8192,,censored,,censored,,censored,1,45,62,33,45,interval,45,1,790,1085,575,790,interval,790,1,790,1085,575,790,interval,790,1,1085,1491,790,1085,interval,1085,1,1085,1491,790,1085,interval,1085,1,1085,1491,790,1085,interval,1085,295,unresolved_on_log_grid,295,unresolved_on_log_grid,0,unresolved_on_log_grid,D -> P -> D -> Y,P -> Y,1,2,0,0.00555419921875,0.0,0.88555908203125,0.10888671875,Y,tuple:pure_Y,85,Y -> Y,tuple:pure_Y -> tuple:pure_Y,0.503173828125,0.5035400390625,0.5,0.5,0.99609375,0.359130859375,0,0.503173828125,0.5035400390625,0.5,0.50006103515625,0.956298828125,0.3193359375,0,0.996826171875,0.996484375,1.0,1.0,1.0,0.363037109375,1,Y,tuple:pure_Y,85,01010101,pure_Y,Y,1,1,pure_Y,0,1.0,1.0,1.0,0,0,0,1.0,1.0
adaptive_exploratory_posthoc_with_fresh_seed_replication,8a0c949cd31c6c7f6167,23,original,0.9,5,nested,1,1,2,0,1,interval,1,1,0,1,0,0,left,0,1,0,1,0,0,left,0,1,9,13,7,9,interval,9,1,9,13,7,9,interval,9,1,9,13,7,9,interval,9,9,probe_selective_before_causal,9,probe_selective_before_behavior,0,unresolved_on_log_grid,1,2,3,1,2,interval,2,0,,,8192,,right,8192,1,45,62,33,45,interval,45,0,,,8192,,right,8192,0,,,8192,,right,8192,0,,,8192,,right,8192,,censored,,censored,,censored,1,45,62,33,45,interval,45,1,575,790,418,575,interval,575,1,575,790,418,575,interval,575,1,790,1085,575,790,interval,790,1,790,1085,575,790,interval,790,1,790,1085,575,790,interval,790,215,unresolved_on_log_grid,215,unresolved_on_log_grid,0,unresolved_on_log_grid,D -> P -> D -> Y,P -> Y,1,2,0,0.05963134765625,0.0,0.91668701171875,0.023681640625,Y,tuple:pure_Y,85,Y -> Y,tuple:pure_Y -> tuple:pure_Y,0.502685546875,0.50390625,0.499755859375,0.5001220703125,0.99609375,0.330078125,0,0.497314453125,0.497802734375,0.500244140625,0.49993896484375,0.854248046875,0.188232421875,0,0.949462890625,0.9507080078125,0.986572265625,0.987060546875,1.0,0.333984375,1,Y,tuple:pure_Y,85,01010101,pure_Y,Y,1,1,pure_Y,0,0.986572265625,0.984375,0.996337890625,0,0,0,0.9912109375,0.97265625
adaptive_exploratory_posthoc_with_fresh_seed_replication,efb943cf9259a319047c,23,original,0.95,3,independent,1,1,2,0,1,interval,1,1,0,1,0,0,left,0,1,0,1,0,0,left,0,1,13,17,9,13,interval,13,1,13,17,9,13,interval,13,1,13,17,9,13,interval,13,13,probe_selective_before_causal,13,probe_selective_before_behavior,0,unresolved_on_log_grid,1,2,3,1,2,interval,2,1,33,45,24,33,interval,33,1,24,33,17,24,interval,24,1,85,117,62,85,interval,85,1,85,117,62,85,interval,85,1,85,117,62,85,interval,85,61,probe_selective_before_causal,61,probe_selective_before_behavior,0,unresolved_on_log_grid,1,7,9,5,7,interval,7,1,304,418,222,304,interval,304,1,304,418,222,304,interval,304,1,418,575,304,418,interval,418,1,575,790,418,575,interval,575,1,575,790,418,575,interval,575,271,probe_selective_before_causal,114,unresolved_on_log_grid,-157,unresolved_on_log_grid,D -> P -> D -> Q -> D -> Y,P -> Q -> Y,2,3,0,0.00518798828125,0.02313232421875,0.93939208984375,0.03228759765625,Y,tuple:pure_Y,85,Y -> Y,tuple:pure_Y -> tuple:pure_Y,0.5,0.5,0.5,0.5,0.998779296875,0.2744140625,0,0.5,0.5,0.5,0.5,0.998779296875,0.2744140625,0,1.0,1.0,1.0,1.0,1.0,0.275634765625,1,Y,tuple:pure_Y,85,01010101,pure_Y,Y,1,1,pure_Y,0,1.0,1.0,1.0,0,0,0,1.0,1.0
adaptive_exploratory_posthoc_with_fresh_seed_replication,14246da6400fd8da0efd,23,original,0.95,3,nested,1,1,2,0,1,interval,1,1,0,1,0,0,left,0,1,0,1,0,0,left,0,1,13,17,9,13,interval,13,1,13,17,9,13,interval,13,1,13,17,9,13,interval,13,13,probe_selective_before_causal,13,probe_selective_before_behavior,0,unresolved_on_log_grid,1,2,3,1,2,interval,2,1,33,45,24,33,interval,33,1,33,45,24,33,interval,33,1,85,117,62,85,interval,85,1,85,117,62,85,interval,85,1,85,117,62,85,interval,85,52,probe_selective_before_causal,52,probe_selective_before_behavior,0,unresolved_on_log_grid,1,7,9,5,7,interval,7,1,304,418,222,304,interval,304,1,222,304,161,222,interval,222,1,1491,2048,1085,1491,interval,1491,1,1491,2048,1085,1491,interval,1491,1,1491,2048,1085,1491,interval,1491,1269,probe_selective_before_causal,1269,probe_selective_before_behavior,0,unresolved_on_log_grid,D -> P -> Q -> D -> Y,P -> Q -> Y,2,3,0,0.00762939453125,0.02313232421875,0.8427734375,0.12646484375,Y,tuple:pure_Y,85,Y -> Y,tuple:pure_Y -> tuple:pure_Y,0.43798828125,0.4405517578125,0.49853515625,0.498779296875,0.995849609375,0.220703125,0,0.56201171875,0.559814453125,0.50146484375,0.5010986328125,1.0,0.224853515625,0,0.93798828125,0.9390869140625,0.99853515625,0.9990234375,1.0,0.224853515625,1,Y,tuple:pure_Y,85,01010101,pure_Y,Y,1,1,pure_Y,0,0.99853515625,1.0,0.99853515625,0,0,0,1.0,0.994140625
adaptive_exploratory_posthoc_with_fresh_seed_replication,c078ac4ef46957ad1e0b,23,original,0.95,5,independent,1,1,2,0,1,interval,1,1,0,1,0,0,left,0,1,0,1,0,0,left,0,1,9,13,7,9,interval,9,1,9,13,7,9,interval,9,1,9,13,7,9,interval,9,9,probe_selective_before_causal,9,probe_selective_before_behavior,0,unresolved_on_log_grid,1,2,3,1,2,interval,2,1,33,45,24,33,interval,33,1,24,33,17,24,interval,24,1,62,85,45,62,interval,62,1,62,85,45,62,interval,62,1,62,85,45,62,interval,62,38,probe_selective_before_causal,38,probe_selective_before_behavior,0,unresolved_on_log_grid,1,45,62,33,45,interval,45,1,1491,2048,1085,1491,interval,1491,1,1085,1491,790,1085,interval,1085,1,2048,2435,1491,2048,interval,2048,1,2048,2435,1491,2048,interval,2048,1,2048,2435,1491,2048,interval,2048,963,probe_selective_before_causal,963,probe_selective_before_behavior,0,unresolved_on_log_grid,D -> P -> Q -> D -> Y,P -> Q -> Y,2,3,0,0.00555419921875,0.0540771484375,0.78399658203125,0.1563720703125,Y,tuple:pure_Y,85,Y -> Y,tuple:pure_Y -> tuple:pure_Y,0.578857421875,0.57763671875,0.533447265625,0.53271484375,0.962158203125,0.327880859375,0,0.591552734375,0.5911865234375,0.533935546875,0.53411865234375,0.96484375,0.33056640625,0,0.906982421875,0.9079345703125,0.966064453125,0.96689453125,0.99853515625,0.3642578125,1,Y,tuple:pure_Y,85,01010101,pure_Y,Y,1,1,pure_Y,0,0.966064453125,0.97265625,0.977294921875,0,0,0,0.955078125,0.9990234375
adaptive_exploratory_posthoc_with_fresh_seed_replication,6255dd6f21b4ac8bafc7,23,original,0.95,5,nested,1,1,2,0,1,interval,1,1,0,1,0,0,left,0,1,0,1,0,0,left,0,1,9,13,7,9,interval,9,1,9,13,7,9,interval,9,1,9,13,7,9,interval,9,9,probe_selective_before_causal,9,probe_selective_before_behavior,0,unresolved_on_log_grid,1,2,3,1,2,interval,2,1,33,45,24,33,interval,33,1,24,33,17,24,interval,24,1,85,117,62,85,interval,85,1,85,117,62,85,interval,85,1,85,117,62,85,interval,85,61,probe_selective_before_causal,61,probe_selective_before_behavior,0,unresolved_on_log_grid,1,45,62,33,45,interval,45,1,1491,2048,1085,1491,interval,1491,1,1085,1491,790,1085,interval,1085,0,,,8192,,right,8192,0,,,8192,,right,8192,0,,,8192,,right,8192,,censored,,censored,,censored,D -> P -> Q -> D,P -> Q,1,2,0,0.00799560546875,0.0743408203125,0.0,0.91766357421875,D,tuple:nested_support_gate_Y_if_P_equals_Q_else_Q,113,D -> D,tuple:nested_support_gate_Y_if_P_equals_Q_else_Q -> tuple:nested_support_gate_Y_if_P_equals_Q_else_Q,0.269775390625,0.2708740234375,0.280029296875,0.27978515625,0.98828125,0.35498046875,0,0.742919921875,0.74322509765625,0.720458984375,0.71990966796875,0.989990234375,0.356689453125,0,0.757080078125,0.7567626953125,0.779541015625,0.7795654296875,0.998046875,0.36474609375,0,D,tuple:nested_support_gate_Y_if_P_equals_Q_else_Q,113,01110001,nested_support_gate_Y_if_P_equals_Q_else_Q,P+Q+Y,3,0,nested_support_gate_Y_if_P_equals_Q_else_Q,0,0.969970703125,0.9765625,0.989013671875,1,0,0,0.9996744791666666,0.119140625
adaptive_exploratory_posthoc_with_fresh_seed_replication,20322782ce3799e992a2,23,original,0.99,3,independent,1,1,2,0,1,interval,1,1,0,1,0,0,left,0,1,0,1,0,0,left,0,1,13,17,9,13,interval,13,1,13,17,9,13,interval,13,1,13,17,9,13,interval,13,13,probe_selective_before_causal,13,probe_selective_before_behavior,0,unresolved_on_log_grid,1,2,3,1,2,interval,2,1,33,45,24,33,interval,33,1,24,33,17,24,interval,24,1,62,85,45,62,interval,62,1,62,85,45,62,interval,62,1,62,85,45,62,interval,62,38,probe_selective_before_causal,38,probe_selective_before_behavior,0,unresolved_on_log_grid,1,7,9,5,7,interval,7,1,1085,1491,790,1085,interval,1085,1,790,1085,575,790,interval,790,0,,,8192,,right,8192,0,,,8192,,right,8192,0,,,8192,,right,8192,,censored,,censored,,censored,D -> P -> Q -> D,P -> Q,1,2,0,0.00518798828125,0.10791015625,0.0,0.88690185546875,D,tuple:majority_PQY,23,D -> D,tuple:majority_PQY -> raw_codeword_patch,0.677001953125,0.679443359375,0.614990234375,0.6151123046875,0.985595703125,0.302978515625,0,0.739013671875,0.74224853515625,0.619873046875,0.6197509765625,0.998779296875,0.316162109375,0,0.760986328125,0.7594401041666667,0.880126953125,0.8791097005208333,1.0,0.3173828125,0,D,raw_codeword_patch,85,01010101,pure_Y,Y,1,1,pure_Y,0,0.880126953125,0.90625,0.919189453125,0,1,0,0.8434244791666666,0.990234375
adaptive_exploratory_posthoc_with_fresh_seed_replication,7ba854122ca1d8d848e4,23,original,0.99,3,nested,1,1,2,0,1,interval,1,1,0,1,0,0,left,0,1,0,1,0,0,left,0,1,13,17,9,13,interval,13,1,13,17,9,13,interval,13,1,13,17,9,13,interval,13,13,probe_selective_before_causal,13,probe_selective_before_behavior,0,unresolved_on_log_grid,1,2,3,1,2,interval,2,1,33,45,24,33,interval,33,1,24,33,17,24,interval,24,1,62,85,45,62,interval,62,1,62,85,45,62,interval,62,1,62,85,45,62,interval,62,38,probe_selective_before_causal,38,probe_selective_before_behavior,0,unresolved_on_log_grid,1,7,9,5,7,interval,7,1,575,790,418,575,interval,575,1,575,790,418,575,interval,575,0,,,8192,,right,8192,0,,,8192,,right,8192,0,,,8192,,right,8192,,censored,,censored,,censored,D -> P -> Q -> D,P -> Q,1,2,0,0.00518798828125,0.0767822265625,0.0,0.91802978515625,D,tuple:nested_support_gate_Y_if_P_equals_Q_else_Q,113,D -> D,tuple:nested_support_gate_Y_if_P_equals_Q_else_Q -> tuple:nested_support_gate_Y_if_P_equals_Q_else_Q,0.293701171875,0.2921142578125,0.30078125,0.3006591796875,0.9990234375,0.256591796875,0,0.737548828125,0.73712158203125,0.69970703125,0.7003173828125,1.0,0.257568359375,0,0.762451171875,0.7628987630208333,0.80029296875,0.8002115885416667,1.0,0.257568359375,0,D,tuple:nested_support_gate_Y_if_P_equals_Q_else_Q,113,01110001,nested_support_gate_Y_if_P_equals_Q_else_Q,P+Q+Y,3,0,nested_support_gate_Y_if_P_equals_Q_else_Q,0,0.94921875,0.9375,0.98779296875,1,0,0,0.9996744791666666,0.2021484375
adaptive_exploratory_posthoc_with_fresh_seed_replication,08372337528e4edbc26b,23,original,0.99,5,independent,1,1,2,0,1,interval,1,1,0,1,0,0,left,0,1,0,1,0,0,left,0,1,9,13,7,9,interval,9,1,9,13,7,9,interval,9,1,9,13,7,9,interval,9,9,probe_selective_before_causal,9,probe_selective_before_behavior,0,unresolved_on_log_grid,1,2,3,1,2,interval,2,1,33,45,24,33,interval,33,1,24,33,17,24,interval,24,1,62,85,45,62,interval,62,1,62,85,45,62,interval,62,1,62,85,45,62,interval,62,38,probe_selective_before_causal,38,probe_selective_before_behavior,0,unresolved_on_log_grid,1,45,62,33,45,interval,45,0,,,8192,,right,8192,0,,,8192,,right,8192,0,,,8192,,right,8192,0,,,8192,,right,8192,0,,,8192,,right,8192,,censored,,censored,,censored,D -> P -> Q,P -> Q,1,2,0,0.00555419921875,0.99346923828125,0.0,0.0009765625,Q,tuple:pure_Q,51,Q -> Q,tuple:pure_Q -> tuple:pure_Q,0.537109375,0.53857421875,0.531494140625,0.5335693359375,0.986572265625,0.3818359375,0,0.96142578125,0.96026611328125,0.967041015625,0.9669189453125,0.998291015625,0.3935546875,1,0.50732421875,0.5099853515625,0.507080078125,0.51015625,0.601318359375,-0.00341796875,0,Q,tuple:pure_Q,51,00110011,pure_Q,Q,1,1,pure_Q,0,0.967041015625,1.0,0.967041015625,0,0,0,0.6500651041666666,0.078125
adaptive_exploratory_posthoc_with_fresh_seed_replication,bd03a203a29bc1d2a421,23,original,0.99,5,nested,1,1,2,0,1,interval,1,1,0,1,0,0,left,0,1,0,1,0,0,left,0,1,9,13,7,9,interval,9,1,9,13,7,9,interval,9,1,9,13,7,9,interval,9,9,probe_selective_before_causal,9,probe_selective_before_behavior,0,unresolved_on_log_grid,1,2,3,1,2,interval,2,1,33,45,24,33,interval,33,1,24,33,17,24,interval,24,1,62,85,45,62,interval,62,1,62,85,45,62,interval,62,1,62,85,45,62,interval,62,38,probe_selective_before_causal,38,probe_selective_before_behavior,0,unresolved_on_log_grid,1,45,62,33,45,interval,45,0,,,8192,,right,8192,0,,,8192,,right,8192,0,,,8192,,right,8192,0,,,8192,,right,8192,0,,,8192,,right,8192,,censored,,censored,,censored,D -> P -> Q,P -> Q,1,2,0,0.00555419921875,0.99346923828125,0.0,0.0009765625,Q,tuple:pure_Q,51,Q -> Q,tuple:pure_Q -> tuple:pure_Q,0.489990234375,0.489990234375,0.485107421875,0.48486328125,0.966064453125,0.34375,0,0.989990234375,0.99017333984375,0.984619140625,0.985107421875,0.999755859375,0.37744140625,1,0.507568359375,0.5083251953125,0.514892578125,0.5148681640625,0.62109375,-0.001220703125,0,Q,tuple:pure_Q,51,00110011,pure_Q,Q,1,1,pure_Q,0,0.984619140625,1.0,0.984619140625,0,0,0,0.6861979166666666,0.0009765625
adaptive_exploratory_posthoc_with_fresh_seed_replication,a819ba4f598e232b13de,37,original,0.9,3,independent,1,2,3,1,2,interval,2,1,0,1,0,0,left,0,1,0,1,0,0,left,0,1,5,7,4,5,interval,5,1,5,7,4,5,interval,5,1,5,7,4,5,interval,5,5,probe_selective_before_causal,5,probe_selective_before_behavior,0,unresolved_on_log_grid,1,9,13,7,9,interval,9,1,45,62,33,45,interval,45,1,45,62,33,45,interval,45,0,,,8192,,right,8192,0,,,8192,,right,8192,0,,,8192,,right,8192,,censored,,censored,,censored,1,13,17,9,13,interval,13,1,222,304,161,222,interval,222,1,222,304,161,222,interval,222,1,304,418,222,304,interval,304,1,304,418,222,304,interval,304,1,304,418,222,304,interval,304,82,unresolved_on_log_grid,82,unresolved_on_log_grid,0,unresolved_on_log_grid,D -> P -> D -> Y,P -> Y,1,2,0,0.0084228515625,0.0,0.9678955078125,0.023681640625,Y,tuple:pure_Y,85,Y -> Y,tuple:pure_Y -> tuple:pure_Y,0.5,0.5,0.5,0.5,1.0,0.3466796875,0,0.5,0.5,0.5,0.5,0.992919921875,0.339599609375,0,1.0,1.0,1.0,1.0,1.0,0.3466796875,1,Y,tuple:pure_Y,85,01010101,pure_Y,Y,1,1,pure_Y,0,1.0,1.0,1.0,0,0,0,1.0,1.0
adaptive_exploratory_posthoc_with_fresh_seed_replication,d7453520201ba54682ac,37,original,0.9,3,nested,1,2,3,1,2,interval,2,1,0,1,0,0,left,0,1,0,1,0,0,left,0,1,5,7,4,5,interval,5,1,5,7,4,5,interval,5,1,5,7,4,5,interval,5,5,probe_selective_before_causal,5,probe_selective_before_behavior,0,unresolved_on_log_grid,1,9,13,7,9,interval,9,0,,,8192,,right,8192,0,,,8192,,right,8192,0,,,8192,,right,8192,0,,,8192,,right,8192,0,,,8192,,right,8192,,censored,,censored,,censored,1,13,17,9,13,interval,13,1,161,222,117,161,interval,161,1,161,222,117,161,interval,161,1,222,304,161,222,interval,222,1,222,304,161,222,interval,222,1,222,304,161,222,interval,222,61,unresolved_on_log_grid,61,unresolved_on_log_grid,0,unresolved_on_log_grid,D -> P -> D -> Y,P -> Y,1,2,0,0.01641845703125,0.0,0.97662353515625,0.0069580078125,Y,tuple:pure_Y,85,Y -> Y,tuple:pure_Y -> tuple:pure_Y,0.5,0.5,0.5,0.5,1.0,0.346435546875,0,0.5,0.5,0.5,0.5,0.64501953125,-0.008544921875,0,1.0,1.0,1.0,1.0,1.0,0.346435546875,1,Y,tuple:pure_Y,85,01010101,pure_Y,Y,1,1,pure_Y,0,1.0,1.0,1.0,0,0,0,1.0,1.0
adaptive_exploratory_posthoc_with_fresh_seed_replication,53aecc8a02441506a014,37,original,0.9,5,independent,1,2,3,1,2,interval,2,1,0,1,0,0,left,0,1,0,1,0,0,left,0,1,4,5,3,4,interval,4,1,4,5,3,4,interval,4,1,4,5,3,4,interval,4,4,probe_selective_before_causal,4,probe_selective_before_behavior,0,unresolved_on_log_grid,1,9,13,7,9,interval,9,1,45,62,33,45,interval,45,1,45,62,33,45,interval,45,0,,,8192,,right,8192,0,,,8192,,right,8192,0,,,8192,,right,8192,,censored,,censored,,censored,1,33,45,24,33,interval,33,1,790,1085,575,790,interval,790,1,790,1085,575,790,interval,790,1,1085,1491,790,1085,interval,1085,1,1085,1491,790,1085,interval,1085,1,1085,1491,790,1085,interval,1085,295,unresolved_on_log_grid,295,unresolved_on_log_grid,0,unresolved_on_log_grid,D -> P -> D -> Y,P -> Y,1,2,0,0.008544921875,0.0,0.88555908203125,0.10589599609375,Y,tuple:pure_Y,85,Y -> Y,tuple:pure_Y -> tuple:pure_Y,0.50048828125,0.50048828125,0.5,0.5,0.98828125,0.36328125,0,0.50048828125,0.5006103515625,0.5,0.5,0.943115234375,0.318115234375,0,0.99951171875,0.9992919921875,1.0,1.0,1.0,0.375,1,Y,tuple:pure_Y,85,01010101,pure_Y,Y,1,1,pure_Y,0,1.0,1.0,1.0,0,0,0,1.0,1.0
adaptive_exploratory_posthoc_with_fresh_seed_replication,6cbccd1e3c64460024fe,37,original,0.9,5,nested,1,2,3,1,2,interval,2,1,0,1,0,0,left,0,1,0,1,0,0,left,0,1,4,5,3,4,interval,4,1,5,7,4,5,interval,5,1,5,7,4,5,interval,5,5,probe_selective_before_causal,4,probe_selective_before_behavior,-1,unresolved_on_log_grid,1,9,13,7,9,interval,9,0,,,8192,,right,8192,0,,,8192,,right,8192,0,,,8192,,right,8192,0,,,8192,,right,8192,0,,,8192,,right,8192,,censored,,censored,,censored,1,33,45,24,33,interval,33,1,575,790,418,575,interval,575,1,575,790,418,575,interval,575,1,575,790,418,575,interval,575,1,575,790,418,575,interval,575,1,575,790,418,575,interval,575,0,unresolved_on_log_grid,0,unresolved_on_log_grid,0,unresolved_on_log_grid,D -> P -> D -> Y,P -> Y,1,2,0,0.04351806640625,0.0,0.93939208984375,0.01708984375,Y,tuple:pure_Y,85,Y -> Y,tuple:pure_Y -> tuple:pure_Y,0.5,0.5,0.5,0.5,0.999755859375,0.3583984375,0,0.5,0.5,0.5,0.5,0.702880859375,0.0615234375,0,1.0,1.0,1.0,1.0,1.0,0.358642578125,1,Y,tuple:pure_Y,85,01010101,pure_Y,Y,1,1,pure_Y,0,1.0,1.0,1.0,0,0,0,1.0,1.0
adaptive_exploratory_posthoc_with_fresh_seed_replication,a3b8ca798000292fc187,37,original,0.95,3,independent,1,2,3,1,2,interval,2,1,0,1,0,0,left,0,1,0,1,0,0,left,0,1,5,7,4,5,interval,5,1,5,7,4,5,interval,5,1,5,7,4,5,interval,5,5,probe_selective_before_causal,5,probe_selective_before_behavior,0,unresolved_on_log_grid,1,7,9,5,7,interval,7,1,45,62,33,45,interval,45,1,33,45,24,33,interval,33,1,85,117,62,85,interval,85,1,85,117,62,85,interval,85,1,85,117,62,85,interval,85,52,probe_selective_before_causal,52,probe_selective_before_behavior,0,unresolved_on_log_grid,1,13,17,9,13,interval,13,1,304,418,222,304,interval,304,1,304,418,222,304,interval,304,1,418,575,304,418,interval,418,1,418,575,304,418,interval,418,1,418,575,304,418,interval,418,114,unresolved_on_log_grid,114,unresolved_on_log_grid,0,unresolved_on_log_grid,D -> P -> D -> Q -> D -> Y,P -> Q -> Y,2,3,0,0.0059814453125,0.014404296875,0.9559326171875,0.023681640625,Y,tuple:pure_Y,85,Y -> Y,tuple:pure_Y -> tuple:pure_Y,0.5,0.5,0.5,0.5,0.996337890625,0.297607421875,0,0.5,0.5,0.5,0.5,0.9912109375,0.29248046875,0,1.0,1.0,1.0,1.0,1.0,0.30126953125,1,Y,tuple:pure_Y,85,01010101,pure_Y,Y,1,1,pure_Y,0,1.0,1.0,1.0,0,0,0,1.0,1.0
adaptive_exploratory_posthoc_with_fresh_seed_replication,47a91eba94e1a1b15e78,37,original,0.95,3,nested,1,2,3,1,2,interval,2,1,0,1,0,0,left,0,1,0,1,0,0,left,0,1,5,7,4,5,interval,5,1,5,7,4,5,interval,5,1,5,7,4,5,interval,5,5,probe_selective_before_causal,5,probe_selective_before_behavior,0,unresolved_on_log_grid,1,7,9,5,7,interval,7,1,62,85,45,62,interval,62,1,45,62,33,45,interval,45,1,117,161,85,117,interval,117,1,117,161,85,117,interval,117,1,117,161,85,117,interval,117,72,probe_selective_before_causal,72,probe_selective_before_behavior,0,unresolved_on_log_grid,1,13,17,9,13,interval,13,1,222,304,161,222,interval,222,1,222,304,161,222,interval,222,1,418,575,304,418,interval,418,1,418,575,304,418,interval,418,1,418,575,304,418,interval,418,196,probe_selective_before_causal,196,probe_selective_before_behavior,0,unresolved_on_log_grid,D -> P -> D -> Q -> D -> Y,P -> Q -> Y,2,3,0,0.0084228515625,0.01104736328125,0.9559326171875,0.02459716796875,Y,tuple:pure_Y,85,Y -> Y,tuple:pure_Y -> tuple:pure_Y,0.499267578125,0.4993896484375,0.5,0.5,0.999755859375,0.28857421875,0,0.500732421875,0.5006103515625,0.5,0.5,1.0,0.288818359375,0,0.999267578125,0.9992268880208333,1.0,1.0,1.0,0.288818359375,1,Y,tuple:pure_Y,85,01010101,pure_Y,Y,1,1,pure_Y,0,1.0,1.0,1.0,0,0,0,1.0,1.0
adaptive_exploratory_posthoc_with_fresh_seed_replication,8330d77120cc3968cbd4,37,original,0.95,5,independent,1,2,3,1,2,interval,2,1,0,1,0,0,left,0,1,0,1,0,0,left,0,1,5,7,4,5,interval,5,1,5,7,4,5,interval,5,1,5,7,4,5,interval,5,5,probe_selective_before_causal,5,probe_selective_before_behavior,0,unresolved_on_log_grid,1,7,9,5,7,interval,7,1,45,62,33,45,interval,45,1,45,62,33,45,interval,45,1,85,117,62,85,interval,85,1,85,117,62,85,interval,85,1,85,117,62,85,interval,85,40,probe_selective_before_causal,40,probe_selective_before_behavior,0,unresolved_on_log_grid,1,33,45,24,33,interval,33,1,1085,1491,790,1085,interval,1085,1,1085,1491,790,1085,interval,1085,1,2048,2435,1491,2048,interval,2048,1,2048,2435,1491,2048,interval,2048,1,2048,2435,1491,2048,interval,2048,963,probe_selective_before_causal,963,probe_selective_before_behavior,0,unresolved_on_log_grid,D -> P -> D -> Q -> D -> Y,P -> Q -> Y,2,3,0,0.0059814453125,0.0516357421875,0.78399658203125,0.15838623046875,Y,tuple:pure_Y,85,Y -> Y,tuple:pure_Y -> tuple:pure_Y,0.58203125,0.576904296875,0.5087890625,0.5089111328125,0.9931640625,0.363525390625,0,0.58251953125,0.58135986328125,0.5087890625,0.509033203125,0.962158203125,0.33251953125,0,0.91552734375,0.9181396484375,0.9912109375,0.990771484375,1.0,0.370361328125,1,Y,tuple:pure_Y,85,01010101,pure_Y,Y,1,1,pure_Y,0,0.9912109375,0.99609375,0.99169921875,0,0,0,0.98828125,1.0
adaptive_exploratory_posthoc_with_fresh_seed_replication,69f12d4eef37bb97e31f,37,original,0.95,5,nested,1,2,3,1,2,interval,2,1,0,1,0,0,left,0,1,0,1,0,0,left,0,1,5,7,4,5,interval,5,1,5,7,4,5,interval,5,1,5,7,4,5,interval,5,5,probe_selective_before_causal,5,probe_selective_before_behavior,0,unresolved_on_log_grid,1,7,9,5,7,interval,7,1,62,85,45,62,interval,62,1,45,62,33,45,interval,45,1,117,161,85,117,interval,117,1,117,161,85,117,interval,117,1,117,161,85,117,interval,117,72,probe_selective_before_causal,72,probe_selective_before_behavior,0,unresolved_on_log_grid,1,33,45,24,33,interval,33,1,1085,1491,790,1085,interval,1085,1,790,1085,575,790,interval,790,0,,,8192,,right,8192,0,,,8192,,right,8192,0,,,8192,,right,8192,,censored,,censored,,censored,D -> P -> D -> Q -> D,P -> Q,1,2,0,0.0084228515625,0.07098388671875,0.0,0.92059326171875,D,tuple:nested_support_gate_Y_if_P_equals_Q_else_Q,113,D -> D,tuple:nested_support_gate_Y_if_P_equals_Q_else_Q -> tuple:nested_support_gate_Y_if_P_equals_Q_else_Q,0.269775390625,0.269775390625,0.290283203125,0.28955078125,0.99072265625,0.330078125,0,0.733154296875,0.7314453125,0.709716796875,0.71044921875,0.998046875,0.33740234375,0,0.766845703125,0.7667236328125,0.790283203125,0.789404296875,0.99853515625,0.337890625,0,D,tuple:nested_support_gate_Y_if_P_equals_Q_else_Q,113,01110001,nested_support_gate_Y_if_P_equals_Q_else_Q,P+Q+Y,3,0,nested_support_gate_Y_if_P_equals_Q_else_Q,0,0.959716796875,0.9609375,0.989013671875,1,0,0,1.0,0.1611328125
adaptive_exploratory_posthoc_with_fresh_seed_replication,5a7dced3a91df4f4b120,37,original,0.99,3,independent,1,2,3,1,2,interval,2,1,0,1,0,0,left,0,1,0,1,0,0,left,0,1,5,7,4,5,interval,5,1,5,7,4,5,interval,5,1,5,7,4,5,interval,5,5,probe_selective_before_causal,5,probe_selective_before_behavior,0,unresolved_on_log_grid,1,9,13,7,9,interval,9,1,45,62,33,45,interval,45,1,33,45,24,33,interval,33,1,85,117,62,85,interval,85,1,85,117,62,85,interval,85,1,85,117,62,85,interval,85,52,probe_selective_before_causal,52,probe_selective_before_behavior,0,unresolved_on_log_grid,1,13,17,9,13,interval,13,1,575,790,418,575,interval,575,1,575,790,418,575,interval,575,1,4871,5793,4096,4871,interval,4871,1,4871,5793,4096,4871,interval,4871,1,4871,5793,4096,4871,interval,4871,4296,probe_selective_before_causal,4296,probe_selective_before_behavior,0,unresolved_on_log_grid,D -> P -> D -> Q -> D -> Y,P -> Q -> Y,2,3,0,0.0059814453125,0.0743408203125,0.45269775390625,0.46697998046875,D,raw_codeword_patch,23,D -> Y,raw_codeword_patch -> tuple:pure_Y,0.63720703125,0.63720703125,0.561279296875,0.5601806640625,0.997802734375,0.3095703125,0,0.66015625,0.66015625,0.563720703125,0.56201171875,0.99951171875,0.311279296875,0,0.83984375,0.8388264973958333,0.936279296875,0.9359130859375,1.0,0.311767578125,1,Y,tuple:pure_Y,85,01010101,pure_Y,Y,1,1,pure_Y,0,0.936279296875,0.953125,0.949462890625,0,0,0,0.9166666666666666,0.9951171875
adaptive_exploratory_posthoc_with_fresh_seed_replication,08a7e0c3e4a0acabb9cd,37,original,0.99,3,nested,1,2,3,1,2,interval,2,1,0,1,0,0,left,0,1,0,1,0,0,left,0,1,5,7,4,5,interval,5,1,5,7,4,5,interval,5,1,5,7,4,5,interval,5,5,probe_selective_before_causal,5,probe_selective_before_behavior,0,unresolved_on_log_grid,1,9,13,7,9,interval,9,1,45,62,33,45,interval,45,1,33,45,24,33,interval,33,1,85,117,62,85,interval,85,1,85,117,62,85,interval,85,1,85,117,62,85,interval,85,52,probe_selective_before_causal,52,probe_selective_before_behavior,0,unresolved_on_log_grid,1,13,17,9,13,interval,13,1,575,790,418,575,interval,575,1,575,790,418,575,interval,575,0,,,8192,,right,8192,0,,,8192,,right,8192,0,,,8192,,right,8192,,censored,,censored,,censored,D -> P -> D -> Q -> D,P -> Q,1,2,0,0.0059814453125,0.0516357421875,0.0,0.9423828125,D,tuple:nested_support_gate_Y_if_P_equals_Q_else_Q,113,D -> D,tuple:nested_support_gate_Y_if_P_equals_Q_else_Q -> tuple:nested_support_gate_Y_if_P_equals_Q_else_Q,0.262451171875,0.2645263671875,0.330810546875,0.3302001953125,0.996337890625,0.301025390625,0,0.750732421875,0.751953125,0.669677734375,0.66949462890625,1.0,0.3046875,0,0.749267578125,0.7481282552083334,0.830322265625,0.8292643229166667,1.0,0.3046875,0,D,tuple:nested_support_gate_Y_if_P_equals_Q_else_Q,113,01110001,nested_support_gate_Y_if_P_equals_Q_else_Q,P+Q+Y,3,0,nested_support_gate_Y_if_P_equals_Q_else_Q,0,0.919189453125,0.9375,0.943115234375,1,0,0,0.9996744791666666,0.322265625
adaptive_exploratory_posthoc_with_fresh_seed_replication,951a443656186bfdb332,37,original,0.99,5,independent,1,2,3,1,2,interval,2,1,0,1,0,0,left,0,1,0,1,0,0,left,0,1,5,7,4,5,interval,5,1,5,7,4,5,interval,5,1,5,7,4,5,interval,5,5,probe_selective_before_causal,5,probe_selective_before_behavior,0,unresolved_on_log_grid,1,9,13,7,9,interval,9,1,45,62,33,45,interval,45,1,33,45,24,33,interval,33,1,85,117,62,85,interval,85,1,85,117,62,85,interval,85,1,85,117,62,85,interval,85,52,probe_selective_before_causal,52,probe_selective_before_behavior,0,unresolved_on_log_grid,1,33,45,24,33,interval,33,0,,,8192,,right,8192,0,,,8192,,right,8192,0,,,8192,,right,8192,0,,,8192,,right,8192,0,,,8192,,right,8192,,censored,,censored,,censored,D -> P -> D -> Q,P -> Q,1,2,0,0.0059814453125,0.99102783203125,0.0,0.00299072265625,Q,tuple:pure_Q,51,Q -> Q,tuple:pure_Q -> tuple:pure_Q,0.525634765625,0.5247802734375,0.535888671875,0.53271484375,0.968994140625,0.35009765625,0,0.974365234375,0.972900390625,0.964111328125,0.96527099609375,0.997802734375,0.37890625,1,0.514892578125,0.5154541015625,0.521728515625,0.5224365234375,0.665771484375,0.046875,0,Q,tuple:pure_Q,51,00110011,pure_Q,Q,1,1,pure_Q,0,0.964111328125,0.9921875,0.964599609375,0,0,0,0.6572265625,0.115234375
adaptive_exploratory_posthoc_with_fresh_seed_replication,8cae1b4933c87f1ee1ec,37,original,0.99,5,nested,1,2,3,1,2,interval,2,1,0,1,0,0,left,0,1,0,1,0,0,left,0,1,5,7,4,5,interval,5,1,5,7,4,5,interval,5,1,5,7,4,5,interval,5,5,probe_selective_before_causal,5,probe_selective_before_behavior,0,unresolved_on_log_grid,1,9,13,7,9,interval,9,1,45,62,33,45,interval,45,1,33,45,24,33,interval,33,1,85,117,62,85,interval,85,1,85,117,62,85,interval,85,1,85,117,62,85,interval,85,52,probe_selective_before_causal,52,probe_selective_before_behavior,0,unresolved_on_log_grid,1,33,45,24,33,interval,33,0,,,8192,,right,8192,0,,,8192,,right,8192,0,,,8192,,right,8192,0,,,8192,,right,8192,0,,,8192,,right,8192,,censored,,censored,,censored,D -> P -> D -> Q,P -> Q,1,2,0,0.0059814453125,0.99102783203125,0.0,0.00299072265625,Q,tuple:pure_Q,51,Q -> Q,tuple:pure_Q -> tuple:pure_Q,0.478759765625,0.4801025390625,0.468505859375,0.4697265625,0.969970703125,0.35009765625,0,0.968505859375,0.97076416015625,0.958740234375,0.96044921875,0.99755859375,0.377685546875,1,0.531005859375,0.530078125,0.540771484375,0.5403076171875,0.772216796875,0.15234375,0,Q,tuple:pure_Q,51,00110011,pure_Q,Q,1,1,pure_Q,0,0.958740234375,0.97265625,0.966064453125,0,0,0,0.7145182291666666,0.01953125
adaptive_exploratory_posthoc_with_fresh_seed_replication,e9c06ccdd0e3e822675a,41,original,0.9,3,independent,1,5,7,4,5,interval,5,1,0,1,0,0,left,0,1,0,1,0,0,left,0,1,5,7,4,5,interval,5,1,5,7,4,5,interval,5,1,5,7,4,5,interval,5,5,probe_selective_before_causal,5,probe_selective_before_behavior,0,unresolved_on_log_grid,1,9,13,7,9,interval,9,1,45,62,33,45,interval,45,1,45,62,33,45,interval,45,0,,,8192,,right,8192,0,,,8192,,right,8192,0,,,8192,,right,8192,,censored,,censored,,censored,1,13,17,9,13,interval,13,1,222,304,161,222,interval,222,1,222,304,161,222,interval,222,1,304,418,222,304,interval,304,1,304,418,222,304,interval,304,1,304,418,222,304,interval,304,82,unresolved_on_log_grid,82,unresolved_on_log_grid,0,unresolved_on_log_grid,D -> P -> D -> Y,P -> Y,1,2,0,0.0084228515625,0.0,0.9678955078125,0.023681640625,Y,tuple:pure_Y,85,Y -> Y,tuple:pure_Y -> tuple:pure_Y,0.5,0.5,0.5,0.5,0.9990234375,0.3447265625,0,0.5,0.5,0.5,0.5,0.981201171875,0.326904296875,0,1.0,1.0,1.0,1.0,1.0,0.345703125,1,Y,tuple:pure_Y,85,01010101,pure_Y,Y,1,1,pure_Y,0,1.0,1.0,1.0,0,0,0,1.0,1.0
adaptive_exploratory_posthoc_with_fresh_seed_replication,7e57da547c1d17acd07f,41,original,0.9,3,nested,1,5,7,4,5,interval,5,1,0,1,0,0,left,0,1,0,1,0,0,left,0,1,5,7,4,5,interval,5,1,5,7,4,5,interval,5,1,5,7,4,5,interval,5,5,probe_selective_before_causal,5,probe_selective_before_behavior,0,unresolved_on_log_grid,1,9,13,7,9,interval,9,0,,,8192,,right,8192,0,,,8192,,right,8192,0,,,8192,,right,8192,0,,,8192,,right,8192,0,,,8192,,right,8192,,censored,,censored,,censored,1,13,17,9,13,interval,13,1,161,222,117,161,interval,161,1,161,222,117,161,interval,161,1,222,304,161,222,interval,222,1,222,304,161,222,interval,222,1,222,304,161,222,interval,222,61,unresolved_on_log_grid,61,unresolved_on_log_grid,0,unresolved_on_log_grid,D -> P -> D -> Y,P -> Y,1,2,0,0.01641845703125,0.0,0.97662353515625,0.0069580078125,Y,tuple:pure_Y,85,Y -> Y,tuple:pure_Y -> tuple:pure_Y,0.5,0.5,0.5,0.5,1.0,0.376220703125,0,0.5,0.5,0.5,0.5,0.647216796875,0.0234375,0,1.0,1.0,1.0,1.0,1.0,0.376220703125,1,Y,tuple:pure_Y,85,01010101,pure_Y,Y,1,1,pure_Y,0,1.0,1.0,1.0,0,0,0,1.0,1.0
adaptive_exploratory_posthoc_with_fresh_seed_replication,a882fa6f984e7889a63e,41,original,0.9,5,independent,1,5,7,4,5,interval,5,1,0,1,0,0,left,0,1,0,1,0,0,left,0,1,5,7,4,5,interval,5,1,5,7,4,5,interval,5,1,5,7,4,5,interval,5,5,probe_selective_before_causal,5,probe_selective_before_behavior,0,unresolved_on_log_grid,1,9,13,7,9,interval,9,1,45,62,33,45,interval,45,1,45,62,33,45,interval,45,0,,,8192,,right,8192,0,,,8192,,right,8192,0,,,8192,,right,8192,,censored,,censored,,censored,1,45,62,33,45,interval,45,1,1085,1491,790,1085,interval,1085,1,1085,1491,790,1085,interval,1085,1,1491,2048,1085,1491,interval,1491,1,1491,2048,1085,1491,interval,1491,1,1491,2048,1085,1491,interval,1491,406,unresolved_on_log_grid,406,unresolved_on_log_grid,0,unresolved_on_log_grid,D -> P -> D -> Y,P -> Y,1,2,0,0.0084228515625,0.0,0.8427734375,0.1488037109375,Y,tuple:pure_Y,85,Y -> Y,tuple:pure_Y -> tuple:pure_Y,0.507568359375,0.5072021484375,0.5,0.5,0.9892578125,0.33056640625,0,0.507568359375,0.5078125,0.5,0.5,0.95654296875,0.2978515625,0,0.992431640625,0.9927978515625,1.0,1.0,1.0,0.34130859375,1,Y,tuple:pure_Y,85,01010101,pure_Y,Y,1,1,pure_Y,0,1.0,1.0,1.0,0,0,0,1.0,1.0
adaptive_exploratory_posthoc_with_fresh_seed_replication,dae92e978de554d33eec,41,original,0.9,5,nested,1,5,7,4,5,interval,5,1,0,1,0,0,left,0,1,0,1,0,0,left,0,1,5,7,4,5,interval,5,1,5,7,4,5,interval,5,1,5,7,4,5,interval,5,5,probe_selective_before_causal,5,probe_selective_before_behavior,0,unresolved_on_log_grid,1,9,13,7,9,interval,9,0,,,8192,,right,8192,0,,,8192,,right,8192,0,,,8192,,right,8192,0,,,8192,,right,8192,0,,,8192,,right,8192,,censored,,censored,,censored,1,45,62,33,45,interval,45,1,790,1085,575,790,interval,790,1,790,1085,575,790,interval,790,1,4871,5793,4096,4871,interval,4871,1,4871,5793,4096,4871,interval,4871,1,4871,5793,4096,4871,interval,4871,4081,probe_selective_before_causal,4081,probe_selective_before_behavior,0,unresolved_on_log_grid,D -> P -> D -> Y,P -> Y,1,2,0,0.06005859375,0.0,0.45269775390625,0.48724365234375,D,raw_codeword_patch,85,D -> Y,raw_codeword_patch -> tuple:pure_Y,0.49560546875,0.4952392578125,0.496337890625,0.4967041015625,1.0,0.335205078125,0,0.50439453125,0.50494384765625,0.503662109375,0.5035400390625,0.7529296875,0.088134765625,0,0.8544921875,0.855078125,0.920654296875,0.922119140625,1.0,0.335205078125,1,Y,tuple:pure_Y,85,01010101,pure_Y,Y,1,1,pure_Y,0,0.920654296875,0.91796875,0.981201171875,0,0,0,0.9495442708333334,0.833984375
adaptive_exploratory_posthoc_with_fresh_seed_replication,2958b211eec48d39103d,41,original,0.95,3,independent,1,5,7,4,5,interval,5,1,0,1,0,0,left,0,1,0,1,0,0,left,0,1,5,7,4,5,interval,5,1,5,7,4,5,interval,5,1,5,7,4,5,interval,5,5,probe_selective_before_causal,5,probe_selective_before_behavior,0,unresolved_on_log_grid,1,9,13,7,9,interval,9,1,45,62,33,45,interval,45,1,33,45,24,33,interval,33,1,85,117,62,85,interval,85,1,85,117,62,85,interval,85,1,85,117,62,85,interval,85,52,probe_selective_before_causal,52,probe_selective_before_behavior,0,unresolved_on_log_grid,1,13,17,9,13,interval,13,1,304,418,222,304,interval,304,1,304,418,222,304,interval,304,1,575,790,418,575,interval,575,1,575,790,418,575,interval,575,1,575,790,418,575,interval,575,271,probe_selective_before_causal,271,probe_selective_before_behavior,0,unresolved_on_log_grid,D -> P -> D -> Q -> D -> Y,P -> Q -> Y,2,3,0,0.0059814453125,0.00799560546875,0.93939208984375,0.046630859375,Y,tuple:pure_Y,85,Y -> Y,tuple:pure_Y -> tuple:pure_Y,0.5,0.5,0.5,0.5,0.99951171875,0.36865234375,0,0.5,0.5,0.5,0.5,0.998291015625,0.367431640625,0,1.0,1.0,1.0,1.0,1.0,0.369140625,1,Y,tuple:pure_Y,85,01010101,pure_Y,Y,1,1,pure_Y,0,1.0,1.0,1.0,0,0,0,1.0,1.0
adaptive_exploratory_posthoc_with_fresh_seed_replication,b6c1f1f61aef19aa11d0,41,original,0.95,3,nested,1,5,7,4,5,interval,5,1,0,1,0,0,left,0,1,0,1,0,0,left,0,1,5,7,4,5,interval,5,1,5,7,4,5,interval,5,1,5,7,4,5,interval,5,5,probe_selective_before_causal,5,probe_selective_before_behavior,0,unresolved_on_log_grid,1,9,13,7,9,interval,9,1,62,85,45,62,interval,62,1,45,62,33,45,interval,45,1,117,161,85,117,interval,117,1,117,161,85,117,interval,117,1,117,161,85,117,interval,117,72,probe_selective_before_causal,72,probe_selective_before_behavior,0,unresolved_on_log_grid,1,13,17,9,13,interval,13,1,222,304,161,222,interval,222,1,222,304,161,222,interval,222,1,790,1085,575,790,interval,790,1,790,1085,575,790,interval,790,1,790,1085,575,790,interval,790,568,probe_selective_before_causal,568,probe_selective_before_behavior,0,unresolved_on_log_grid,D -> P -> D -> Q -> D -> Y,P -> Q -> Y,2,3,0,0.0084228515625,0.01104736328125,0.91668701171875,0.0638427734375,Y,tuple:pure_Y,85,Y -> Y,tuple:pure_Y -> tuple:pure_Y,0.484130859375,0.48486328125,0.5,0.5,0.99951171875,0.298828125,0,0.515869140625,0.51580810546875,0.5,0.5,0.999755859375,0.299072265625,0,0.984130859375,0.9841715494791667,1.0,1.0,1.0,0.29931640625,1,Y,tuple:pure_Y,85,01010101,pure_Y,Y,1,1,pure_Y,0,1.0,1.0,1.0,0,0,0,1.0,1.0
adaptive_exploratory_posthoc_with_fresh_seed_replication,aaa674c6c1e9d4fc1a8a,41,original,0.95,5,independent,1,5,7,4,5,interval,5,1,0,1,0,0,left,0,1,0,1,0,0,left,0,1,5,7,4,5,interval,5,1,5,7,4,5,interval,5,1,5,7,4,5,interval,5,5,probe_selective_before_causal,5,probe_selective_before_behavior,0,unresolved_on_log_grid,1,9,13,7,9,interval,9,1,45,62,33,45,interval,45,1,33,45,24,33,interval,33,1,85,117,62,85,interval,85,1,85,117,62,85,interval,85,1,85,117,62,85,interval,85,52,probe_selective_before_causal,52,probe_selective_before_behavior,0,unresolved_on_log_grid,1,45,62,33,45,interval,45,1,1085,1491,790,1085,interval,1085,1,1085,1491,790,1085,interval,1085,1,2048,2435,1491,2048,interval,2048,1,2048,2435,1491,2048,interval,2048,1,2048,2435,1491,2048,interval,2048,963,probe_selective_before_causal,963,probe_selective_before_behavior,0,unresolved_on_log_grid,D -> P -> D -> Q -> D -> Y,P -> Q -> Y,2,3,0,0.0059814453125,0.014404296875,0.78399658203125,0.19561767578125,Y,tuple:pure_Y,85,Y -> Y,tuple:pure_Y -> tuple:pure_Y,0.5810546875,0.578857421875,0.509765625,0.510498046875,0.98193359375,0.3447265625,0,0.58544921875,0.5814208984375,0.509765625,0.5098876953125,0.95458984375,0.3173828125,0,0.91455078125,0.9164794921875,0.990234375,0.990185546875,1.0,0.36279296875,1,Y,tuple:pure_Y,85,01010101,pure_Y,Y,1,1,pure_Y,0,0.990234375,1.0,0.990234375,0,0,0,0.9869791666666666,1.0
adaptive_exploratory_posthoc_with_fresh_seed_replication,aa6924198c68eafbc4f8,41,original,0.95,5,nested,1,5,7,4,5,interval,5,1,0,1,0,0,left,0,1,0,1,0,0,left,0,1,5,7,4,5,interval,5,1,5,7,4,5,interval,5,1,5,7,4,5,interval,5,5,probe_selective_before_causal,5,probe_selective_before_behavior,0,unresolved_on_log_grid,1,9,13,7,9,interval,9,1,62,85,45,62,interval,62,1,45,62,33,45,interval,45,1,117,161,85,117,interval,117,1,117,161,85,117,interval,117,1,117,161,85,117,interval,117,72,probe_selective_before_causal,72,probe_selective_before_behavior,0,unresolved_on_log_grid,1,45,62,33,45,interval,45,1,1491,2048,1085,1491,interval,1491,1,1085,1491,790,1085,interval,1085,0,,,8192,,right,8192,0,,,8192,,right,8192,0,,,8192,,right,8192,,censored,,censored,,censored,D -> P -> D -> Q -> D,P -> Q,1,2,0,0.0084228515625,0.10211181640625,0.0,0.88946533203125,D,tuple:nested_support_gate_Y_if_P_equals_Q_else_Q,113,D -> D,tuple:nested_support_gate_Y_if_P_equals_Q_else_Q -> tuple:nested_support_gate_Y_if_P_equals_Q_else_Q,0.259521484375,0.25830078125,0.281982421875,0.2818603515625,0.993408203125,0.33447265625,0,0.750244140625,0.7513427734375,0.719970703125,0.72137451171875,0.99169921875,0.332763671875,0,0.749755859375,0.7492431640625,0.780029296875,0.7791259765625,1.0,0.341064453125,0,D,tuple:nested_support_gate_Y_if_P_equals_Q_else_Q,113,01110001,nested_support_gate_Y_if_P_equals_Q_else_Q,P+Q+Y,3,0,nested_support_gate_Y_if_P_equals_Q_else_Q,0,0.968017578125,0.98046875,0.975830078125,1,0,0,0.9986979166666666,0.1240234375
adaptive_exploratory_posthoc_with_fresh_seed_replication,2f73f533c1120a44ff8e,41,original,0.99,3,independent,1,5,7,4,5,interval,5,1,0,1,0,0,left,0,1,0,1,0,0,left,0,1,5,7,4,5,interval,5,1,5,7,4,5,interval,5,1,5,7,4,5,interval,5,5,probe_selective_before_causal,5,probe_selective_before_behavior,0,unresolved_on_log_grid,1,9,13,7,9,interval,9,1,45,62,33,45,interval,45,1,33,45,24,33,interval,33,1,85,117,62,85,interval,85,1,85,117,62,85,interval,85,1,85,117,62,85,interval,85,52,probe_selective_before_causal,52,probe_selective_before_behavior,0,unresolved_on_log_grid,1,13,17,9,13,interval,13,1,575,790,418,575,interval,575,1,575,790,418,575,interval,575,0,,,8192,,right,8192,0,,,8192,,right,8192,0,,,8192,,right,8192,,censored,,censored,,censored,D -> P -> D -> Q -> D,P -> Q,1,2,0,0.0059814453125,0.0516357421875,0.0,0.9423828125,D,tuple:majority_PQY,23,D -> D,tuple:majority_PQY -> raw_codeword_patch,0.68701171875,0.6866455078125,0.62109375,0.6221923828125,0.997314453125,0.35546875,0,0.73486328125,0.73211669921875,0.62841796875,0.62603759765625,0.99853515625,0.356689453125,0,0.76513671875,0.7662760416666667,0.87158203125,0.8699951171875,1.0,0.358154296875,0,D,raw_codeword_patch,87,01010111,three_candidate_monotone_composite,P+Q+Y,3,1,majority_PQY+pure_Y,1,0.89306640625,0.90625,0.92919921875,0,1,0,0.8336588541666666,0.9853515625
adaptive_exploratory_posthoc_with_fresh_seed_replication,13524276a659dc11afc1,41,original,0.99,3,nested,1,5,7,4,5,interval,5,1,0,1,0,0,left,0,1,0,1,0,0,left,0,1,5,7,4,5,interval,5,1,5,7,4,5,interval,5,1,5,7,4,5,interval,5,5,probe_selective_before_causal,5,probe_selective_before_behavior,0,unresolved_on_log_grid,1,9,13,7,9,interval,9,1,45,62,33,45,interval,45,1,33,45,24,33,interval,33,1,85,117,62,85,interval,85,1,85,117,62,85,interval,85,1,85,117,62,85,interval,85,52,probe_selective_before_causal,52,probe_selective_before_behavior,0,unresolved_on_log_grid,1,13,17,9,13,interval,13,1,575,790,418,575,interval,575,1,418,575,304,418,interval,418,0,,,8192,,right,8192,0,,,8192,,right,8192,0,,,8192,,right,8192,,censored,,censored,,censored,D -> P -> D -> Q -> D,P -> Q,1,2,0,0.0059814453125,0.0743408203125,0.0,0.919677734375,D,tuple:nested_support_gate_Y_if_P_equals_Q_else_Q,113,D -> D,tuple:nested_support_gate_Y_if_P_equals_Q_else_Q -> tuple:nested_support_gate_Y_if_P_equals_Q_else_Q,0.286376953125,0.2852783203125,0.270751953125,0.2728271484375,0.999267578125,0.31396484375,0,0.785400390625,0.78521728515625,0.745849609375,0.74713134765625,1.0,0.314697265625,0,0.714599609375,0.714111328125,0.754150390625,0.7530517578125,1.0,0.314697265625,0,D,tuple:nested_support_gate_Y_if_P_equals_Q_else_Q,113,01110001,nested_support_gate_Y_if_P_equals_Q_else_Q,P+Q+Y,3,0,nested_support_gate_Y_if_P_equals_Q_else_Q,0,0.979248046875,1.0,0.979248046875,1,0,0,0.9889322916666666,0.0498046875
adaptive_exploratory_posthoc_with_fresh_seed_replication,b9501130ce418d07db89,41,original,0.99,5,independent,1,5,7,4,5,interval,5,1,0,1,0,0,left,0,1,0,1,0,0,left,0,1,5,7,4,5,interval,5,1,5,7,4,5,interval,5,1,5,7,4,5,interval,5,5,probe_selective_before_causal,5,probe_selective_before_behavior,0,unresolved_on_log_grid,1,9,13,7,9,interval,9,1,45,62,33,45,interval,45,1,33,45,24,33,interval,33,1,85,117,62,85,interval,85,1,85,117,62,85,interval,85,1,85,117,62,85,interval,85,52,probe_selective_before_causal,52,probe_selective_before_behavior,0,unresolved_on_log_grid,1,45,62,33,45,interval,45,0,,,8192,,right,8192,0,,,8192,,right,8192,0,,,8192,,right,8192,0,,,8192,,right,8192,0,,,8192,,right,8192,,censored,,censored,,censored,D -> P -> D -> Q,P -> Q,1,2,0,0.0059814453125,0.99102783203125,0.0,0.00299072265625,Q,tuple:pure_Q,51,Q -> Q,tuple:pure_Q -> tuple:pure_Q,0.544189453125,0.54541015625,0.547119140625,0.5477294921875,0.947509765625,0.35400390625,0,0.954833984375,0.954345703125,0.950439453125,0.9505615234375,0.993896484375,0.400390625,1,0.527099609375,0.527490234375,0.534423828125,0.5350341796875,0.675537109375,0.08203125,0,Q,tuple:pure_Q,51,00110011,pure_Q,Q,1,1,pure_Q,0,0.950439453125,0.9921875,0.952392578125,0,0,0,0.658203125,0.1630859375
adaptive_exploratory_posthoc_with_fresh_seed_replication,f20c2ca888684f7049b7,41,original,0.99,5,nested,1,5,7,4,5,interval,5,1,0,1,0,0,left,0,1,0,1,0,0,left,0,1,5,7,4,5,interval,5,1,5,7,4,5,interval,5,1,5,7,4,5,interval,5,5,probe_selective_before_causal,5,probe_selective_before_behavior,0,unresolved_on_log_grid,1,9,13,7,9,interval,9,1,45,62,33,45,interval,45,1,33,45,24,33,interval,33,1,85,117,62,85,interval,85,1,85,117,62,85,interval,85,1,85,117,62,85,interval,85,52,probe_selective_before_causal,52,probe_selective_before_behavior,0,unresolved_on_log_grid,1,45,62,33,45,interval,45,0,,,8192,,right,8192,0,,,8192,,right,8192,0,,,8192,,right,8192,0,,,8192,,right,8192,0,,,8192,,right,8192,,censored,,censored,,censored,D -> P -> D -> Q,P -> Q,1,2,0,0.0059814453125,0.99102783203125,0.0,0.00299072265625,Q,tuple:pure_Q,51,Q -> Q,tuple:pure_Q -> tuple:pure_Q,0.478759765625,0.4769287109375,0.47265625,0.4688720703125,0.95263671875,0.34326171875,0,0.967041015625,0.96661376953125,0.9443359375,0.94268798828125,0.998779296875,0.389404296875,1,0.532958984375,0.534033203125,0.5556640625,0.55732421875,0.82080078125,0.21142578125,0,Q,tuple:pure_Q,51,00110011,pure_Q,Q,1,1,pure_Q,0,0.9443359375,0.9765625,0.95068359375,0,0,0,0.7220052083333334,0.056640625
adaptive_exploratory_posthoc_with_fresh_seed_replication,761dac0ac17b5b35a3bf,53,original,0.9,3,independent,1,3,4,2,3,interval,3,1,0,1,0,0,left,0,1,0,1,0,0,left,0,1,5,7,4,5,interval,5,1,5,7,4,5,interval,5,1,5,7,4,5,interval,5,5,probe_selective_before_causal,5,probe_selective_before_behavior,0,unresolved_on_log_grid,1,4,5,3,4,interval,4,1,45,62,33,45,interval,45,1,33,45,24,33,interval,33,0,,,8192,,right,8192,0,,,8192,,right,8192,0,,,8192,,right,8192,,censored,,censored,,censored,1,9,13,7,9,interval,9,1,222,304,161,222,interval,222,1,222,304,161,222,interval,222,1,304,418,222,304,interval,304,1,304,418,222,304,interval,304,1,304,418,222,304,interval,304,82,unresolved_on_log_grid,82,unresolved_on_log_grid,0,unresolved_on_log_grid,D -> P -> D -> Y,P -> Y,1,2,0,0.0084228515625,0.0,0.9678955078125,0.023681640625,Y,tuple:pure_Y,85,Y -> Y,tuple:pure_Y -> tuple:pure_Y,0.5,0.5,0.5,0.5,1.0,0.333740234375,0,0.5,0.5,0.5,0.5,0.994384765625,0.328125,0,1.0,1.0,1.0,1.0,1.0,0.333740234375,1,Y,tuple:pure_Y,85,01010101,pure_Y,Y,1,1,pure_Y,0,1.0,1.0,1.0,0,0,0,1.0,1.0
adaptive_exploratory_posthoc_with_fresh_seed_replication,4ddf3757993d1765f8fd,53,original,0.9,3,nested,1,3,4,2,3,interval,3,1,0,1,0,0,left,0,1,0,1,0,0,left,0,1,5,7,4,5,interval,5,1,5,7,4,5,interval,5,1,5,7,4,5,interval,5,5,probe_selective_before_causal,5,probe_selective_before_behavior,0,unresolved_on_log_grid,1,5,7,4,5,interval,5,0,,,8192,,right,8192,0,,,8192,,right,8192,0,,,8192,,right,8192,0,,,8192,,right,8192,0,,,8192,,right,8192,,censored,,censored,,censored,1,9,13,7,9,interval,9,1,117,161,85,117,interval,117,1,117,161,85,117,interval,117,1,161,222,117,161,interval,161,1,161,222,117,161,interval,161,1,161,222,117,161,interval,161,44,unresolved_on_log_grid,44,unresolved_on_log_grid,0,unresolved_on_log_grid,D -> P -> Y,P -> Y,1,2,0,0.01641845703125,0.0,0.9830322265625,0.00054931640625,Y,tuple:pure_Y,85,Y -> Y,tuple:pure_Y -> tuple:pure_Y,0.5,0.5,0.5,0.5,1.0,0.323486328125,0,0.5,0.5,0.5,0.5,0.6875,0.010986328125,0,1.0,1.0,1.0,1.0,1.0,0.323486328125,1,Y,tuple:pure_Y,85,01010101,pure_Y,Y,1,1,pure_Y,0,1.0,1.0,1.0,0,0,0,1.0,1.0
adaptive_exploratory_posthoc_with_fresh_seed_replication,9635b611c612c6782011,53,original,0.9,5,independent,1,3,4,2,3,interval,3,1,0,1,0,0,left,0,1,0,1,0,0,left,0,1,5,7,4,5,interval,5,1,5,7,4,5,interval,5,1,5,7,4,5,interval,5,5,probe_selective_before_causal,5,probe_selective_before_behavior,0,unresolved_on_log_grid,1,4,5,3,4,interval,4,1,45,62,33,45,interval,45,1,33,45,24,33,interval,33,0,,,8192,,right,8192,0,,,8192,,right,8192,0,,,8192,,right,8192,,censored,,censored,,censored,1,45,62,33,45,interval,45,1,1085,1491,790,1085,interval,1085,1,790,1085,575,790,interval,790,1,1491,2048,1085,1491,interval,1491,1,1491,2048,1085,1491,interval,1491,1,1491,2048,1085,1491,interval,1491,701,probe_selective_before_causal,701,probe_selective_before_behavior,0,unresolved_on_log_grid,D -> P -> D -> Y,P -> Y,1,2,0,0.0084228515625,0.0,0.8427734375,0.1488037109375,Y,tuple:pure_Y,85,Y -> Y,tuple:pure_Y -> tuple:pure_Y,0.52099609375,0.5208740234375,0.5009765625,0.500732421875,0.98876953125,0.349853515625,0,0.52099609375,0.5203857421875,0.5009765625,0.50054931640625,0.90234375,0.263427734375,0,0.97900390625,0.97890625,0.9990234375,0.999072265625,1.0,0.361083984375,1,Y,tuple:pure_Y,85,01010101,pure_Y,Y,1,1,pure_Y,0,0.9990234375,1.0,0.9990234375,0,0,0,0.9986979166666666,1.0
adaptive_exploratory_posthoc_with_fresh_seed_replication,2f002c0b85a15edbf152,53,original,0.9,5,nested,1,3,4,2,3,interval,3,1,0,1,0,0,left,0,1,0,1,0,0,left,0,1,5,7,4,5,interval,5,1,5,7,4,5,interval,5,1,5,7,4,5,interval,5,5,probe_selective_before_causal,5,probe_selective_before_behavior,0,unresolved_on_log_grid,1,5,7,4,5,interval,5,0,,,8192,,right,8192,0,,,8192,,right,8192,0,,,8192,,right,8192,0,,,8192,,right,8192,0,,,8192,,right,8192,,censored,,censored,,censored,1,45,62,33,45,interval,45,1,418,575,304,418,interval,418,1,418,575,304,418,interval,418,1,575,790,418,575,interval,575,1,575,790,418,575,interval,575,1,575,790,418,575,interval,575,157,unresolved_on_log_grid,157,unresolved_on_log_grid,0,unresolved_on_log_grid,D -> P -> D -> Y,P -> Y,1,2,0,0.04351806640625,0.0,0.93939208984375,0.01708984375,Y,tuple:pure_Y,85,Y -> Y,tuple:pure_Y -> tuple:pure_Y,0.5,0.5,0.5,0.5,0.99755859375,0.34619140625,0,0.5,0.5,0.5,0.5,0.6337890625,-0.017578125,0,1.0,1.0,1.0,1.0,1.0,0.3486328125,1,Y,tuple:pure_Y,85,01010101,pure_Y,Y,1,1,pure_Y,0,1.0,1.0,1.0,0,0,0,1.0,1.0
adaptive_exploratory_posthoc_with_fresh_seed_replication,a8aaeaf3f95b7b98a43e,53,original,0.95,3,independent,1,3,4,2,3,interval,3,1,0,1,0,0,left,0,1,0,1,0,0,left,0,1,5,7,4,5,interval,5,1,5,7,4,5,interval,5,1,5,7,4,5,interval,5,5,probe_selective_before_causal,5,probe_selective_before_behavior,0,unresolved_on_log_grid,1,4,5,3,4,interval,4,1,33,45,24,33,interval,33,1,33,45,24,33,interval,33,1,85,117,62,85,interval,85,1,85,117,62,85,interval,85,1,85,117,62,85,interval,85,52,probe_selective_before_causal,52,probe_selective_before_behavior,0,unresolved_on_log_grid,1,9,13,7,9,interval,9,1,304,418,222,304,interval,304,1,304,418,222,304,interval,304,1,418,575,304,418,interval,418,1,418,575,304,418,interval,418,1,418,575,304,418,interval,418,114,unresolved_on_log_grid,114,unresolved_on_log_grid,0,unresolved_on_log_grid,D -> P -> D -> Q -> D -> Y,P -> Q -> Y,2,3,0,0.0059814453125,0.00799560546875,0.9559326171875,0.03009033203125,Y,tuple:pure_Y,85,Y -> Y,tuple:pure_Y -> tuple:pure_Y,0.5,0.5,0.5,0.5,0.999755859375,0.322265625,0,0.5,0.5,0.5,0.5,0.99658203125,0.319091796875,0,1.0,1.0,1.0,1.0,1.0,0.322509765625,1,Y,tuple:pure_Y,85,01010101,pure_Y,Y,1,1,pure_Y,0,1.0,1.0,1.0,0,0,0,1.0,1.0
adaptive_exploratory_posthoc_with_fresh_seed_replication,3e9e8bb153844ff0d6df,53,original,0.95,3,nested,1,3,4,2,3,interval,3,1,0,1,0,0,left,0,1,0,1,0,0,left,0,1,5,7,4,5,interval,5,1,5,7,4,5,interval,5,1,5,7,4,5,interval,5,5,probe_selective_before_causal,5,probe_selective_before_behavior,0,unresolved_on_log_grid,1,4,5,3,4,interval,4,1,45,62,33,45,interval,45,1,33,45,24,33,interval,33,1,117,161,85,117,interval,117,1,117,161,85,117,interval,117,1,117,161,85,117,interval,117,84,probe_selective_before_causal,84,probe_selective_before_behavior,0,unresolved_on_log_grid,1,9,13,7,9,interval,9,1,222,304,161,222,interval,222,1,161,222,117,161,interval,161,1,418,575,304,418,interval,418,1,418,575,304,418,interval,418,1,418,575,304,418,interval,418,257,probe_selective_before_causal,257,probe_selective_before_behavior,0,unresolved_on_log_grid,D -> P -> D -> Q -> D -> Y,P -> Q -> Y,2,3,0,0.0084228515625,0.01104736328125,0.9559326171875,0.02459716796875,Y,tuple:pure_Y,85,Y -> Y,tuple:pure_Y -> tuple:pure_Y,0.4990234375,0.4991455078125,0.5,0.5,0.999267578125,0.244140625,0,0.5009765625,0.50079345703125,0.5,0.5,1.0,0.244873046875,0,0.9990234375,0.9993896484375,1.0,1.0,1.0,0.244873046875,1,Y,tuple:pure_Y,85,01010101,pure_Y,Y,1,1,pure_Y,0,1.0,1.0,1.0,0,0,0,1.0,1.0
adaptive_exploratory_posthoc_with_fresh_seed_replication,1f1f892d5ffb20a97674,53,original,0.95,5,independent,1,3,4,2,3,interval,3,1,0,1,0,0,left,0,1,0,1,0,0,left,0,1,5,7,4,5,interval,5,1,5,7,4,5,interval,5,1,5,7,4,5,interval,5,5,probe_selective_before_causal,5,probe_selective_before_behavior,0,unresolved_on_log_grid,1,4,5,3,4,interval,4,1,33,45,24,33,interval,33,1,33,45,24,33,interval,33,1,85,117,62,85,interval,85,1,85,117,62,85,interval,85,1,85,117,62,85,interval,85,52,probe_selective_before_causal,52,probe_selective_before_behavior,0,unresolved_on_log_grid,1,45,62,33,45,interval,45,1,1085,1491,790,1085,interval,1085,1,1085,1491,790,1085,interval,1085,1,1491,2048,1085,1491,interval,1491,1,1491,2048,1085,1491,interval,1491,1,1491,2048,1085,1491,interval,1491,406,unresolved_on_log_grid,406,unresolved_on_log_grid,0,unresolved_on_log_grid,D -> P -> D -> Q -> D -> Q -> D -> Y,P -> Q -> Y,2,3,0,0.0059814453125,0.0396728515625,0.8427734375,0.111572265625,Y,tuple:pure_Y,85,Y -> Y,tuple:pure_Y -> tuple:pure_Y,0.558837890625,0.55908203125,0.5068359375,0.50634765625,0.977294921875,0.3544921875,0,0.559326171875,0.56024169921875,0.5068359375,0.50616455078125,0.956787109375,0.333984375,0,0.940673828125,0.93974609375,0.9931640625,0.9938720703125,1.0,0.377197265625,1,Y,tuple:pure_Y,85,01010101,pure_Y,Y,1,1,pure_Y,0,0.9931640625,1.0,0.9931640625,0,0,0,0.9908854166666666,1.0
adaptive_exploratory_posthoc_with_fresh_seed_replication,3527b902077858bbe3f9,53,original,0.95,5,nested,1,3,4,2,3,interval,3,1,0,1,0,0,left,0,1,0,1,0,0,left,0,1,5,7,4,5,interval,5,1,5,7,4,5,interval,5,1,5,7,4,5,interval,5,5,probe_selective_before_causal,5,probe_selective_before_behavior,0,unresolved_on_log_grid,1,4,5,3,4,interval,4,1,45,62,33,45,interval,45,1,33,45,24,33,interval,33,1,117,161,85,117,interval,117,1,117,161,85,117,interval,117,1,117,161,85,117,interval,117,84,probe_selective_before_causal,84,probe_selective_before_behavior,0,unresolved_on_log_grid,1,45,62,33,45,interval,45,1,1085,1491,790,1085,interval,1085,1,1085,1491,790,1085,interval,1085,0,,,8192,,right,8192,0,,,8192,,right,8192,0,,,8192,,right,8192,,censored,,censored,,censored,D -> P -> D -> Q -> D,P -> Q,1,2,0,0.0084228515625,0.07098388671875,0.0,0.92059326171875,D,tuple:nested_support_gate_Y_if_P_equals_Q_else_Q,113,D -> D,tuple:nested_support_gate_Y_if_P_equals_Q_else_Q -> tuple:nested_support_gate_Y_if_P_equals_Q_else_Q,0.2666015625,0.2679443359375,0.287109375,0.288818359375,0.9873046875,0.332763671875,0,0.736328125,0.73565673828125,0.712890625,0.7122802734375,0.99072265625,0.336181640625,0,0.763671875,0.7638671875,0.787109375,0.787744140625,0.99951171875,0.344970703125,0,D,tuple:nested_support_gate_Y_if_P_equals_Q_else_Q,113,01110001,nested_support_gate_Y_if_P_equals_Q_else_Q,P+Q+Y,3,0,nested_support_gate_Y_if_P_equals_Q_else_Q,0,0.962890625,0.96484375,0.984375,1,0,0,1.0,0.1484375
adaptive_exploratory_posthoc_with_fresh_seed_replication,4aa5203cdc5cd5c9707a,53,original,0.99,3,independent,1,3,4,2,3,interval,3,1,0,1,0,0,left,0,1,0,1,0,0,left,0,1,5,7,4,5,interval,5,1,5,7,4,5,interval,5,1,5,7,4,5,interval,5,5,probe_selective_before_causal,5,probe_selective_before_behavior,0,unresolved_on_log_grid,1,4,5,3,4,interval,4,1,33,45,24,33,interval,33,1,24,33,17,24,interval,24,1,62,85,45,62,interval,62,1,62,85,45,62,interval,62,1,62,85,45,62,interval,62,38,probe_selective_before_causal,38,probe_selective_before_behavior,0,unresolved_on_log_grid,1,9,13,7,9,interval,9,1,575,790,418,575,interval,575,1,575,790,418,575,interval,575,1,4096,4871,3444,4096,interval,4096,1,4096,4871,3444,4096,interval,4096,1,4096,4871,3444,4096,interval,4096,3521,probe_selective_before_causal,3521,probe_selective_before_behavior,0,unresolved_on_log_grid,D -> P -> Q -> D -> Y,P -> Q -> Y,2,3,0,0.0059814453125,0.0540771484375,0.539794921875,0.400146484375,D,raw_codeword_patch,23,D -> Y,raw_codeword_patch -> tuple:pure_Y,0.633056640625,0.6353759765625,0.54150390625,0.5406494140625,0.998291015625,0.2744140625,0,0.642822265625,0.64312744140625,0.54150390625,0.54119873046875,0.998779296875,0.27490234375,0,0.857177734375,0.856201171875,0.95849609375,0.9574381510416667,1.0,0.276123046875,1,Y,tuple:pure_Y,85,01010101,pure_Y,Y,1,1,pure_Y,0,0.95849609375,0.984375,0.96923828125,0,0,0,0.9446614583333334,1.0
adaptive_exploratory_posthoc_with_fresh_seed_replication,2f0fa19185e4c3303593,53,original,0.99,3,nested,1,3,4,2,3,interval,3,1,0,1,0,0,left,0,1,0,1,0,0,left,0,1,5,7,4,5,interval,5,1,5,7,4,5,interval,5,1,5,7,4,5,interval,5,5,probe_selective_before_causal,5,probe_selective_before_behavior,0,unresolved_on_log_grid,1,5,7,4,5,interval,5,1,33,45,24,33,interval,33,1,24,33,17,24,interval,24,1,85,117,62,85,interval,85,1,85,117,62,85,interval,85,1,85,117,62,85,interval,85,61,probe_selective_before_causal,61,probe_selective_before_behavior,0,unresolved_on_log_grid,1,9,13,7,9,interval,9,1,418,575,304,418,interval,418,1,418,575,304,418,interval,418,0,,,8192,,right,8192,0,,,8192,,right,8192,0,,,8192,,right,8192,,censored,,censored,,censored,D -> P -> D -> Q -> D,P -> Q,1,2,0,0.0059814453125,0.0516357421875,0.0,0.9423828125,D,tuple:nested_support_gate_Y_if_P_equals_Q_else_Q,113,D -> D,tuple:nested_support_gate_Y_if_P_equals_Q_else_Q -> raw_codeword_patch,0.29541015625,0.2952880859375,0.374267578125,0.3736572265625,0.997802734375,0.257080078125,0,0.73779296875,0.73822021484375,0.634033203125,0.63629150390625,1.0,0.25927734375,0,0.76220703125,0.7609049479166667,0.865966796875,0.8624267578125,1.0,0.25927734375,0,D,raw_codeword_patch,117,01110101,three_candidate_interaction,P+Q+Y,3,0,nested_support_gate_Y_if_P_equals_Q_else_Q+pure_Y,1,0.884033203125,0.90625,0.941650390625,0,1,0,0.9944661458333334,0.48046875
adaptive_exploratory_posthoc_with_fresh_seed_replication,24e525b2d80d26ab27cb,53,original,0.99,5,independent,1,3,4,2,3,interval,3,1,0,1,0,0,left,0,1,0,1,0,0,left,0,1,5,7,4,5,interval,5,1,5,7,4,5,interval,5,1,5,7,4,5,interval,5,5,probe_selective_before_causal,5,probe_selective_before_behavior,0,unresolved_on_log_grid,1,4,5,3,4,interval,4,1,33,45,24,33,interval,33,1,24,33,17,24,interval,24,1,62,85,45,62,interval,62,1,62,85,45,62,interval,62,1,62,85,45,62,interval,62,38,probe_selective_before_causal,38,probe_selective_before_behavior,0,unresolved_on_log_grid,1,45,62,33,45,interval,45,0,,,8192,,right,8192,0,,,8192,,right,8192,0,,,8192,,right,8192,0,,,8192,,right,8192,0,,,8192,,right,8192,,censored,,censored,,censored,D -> P -> Q,P -> Q,1,2,0,0.0059814453125,0.99346923828125,0.0,0.00054931640625,Q,tuple:pure_Q,51,Q -> Q,tuple:pure_Q -> tuple:pure_Q,0.52978515625,0.5302734375,0.526123046875,0.5284423828125,0.966796875,0.375732421875,0,0.96875,0.97021484375,0.972900390625,0.97259521484375,0.99609375,0.405029296875,1,0.5029296875,0.5030029296875,0.501708984375,0.5014892578125,0.5048828125,-0.086181640625,0,Q,tuple:pure_Q,51,00110011,pure_Q,Q,1,1,pure_Q,0,0.972900390625,1.0,0.972900390625,0,0,0,0.650390625,0.0556640625
adaptive_exploratory_posthoc_with_fresh_seed_replication,9fbb79c32f0aae4250d6,53,original,0.99,5,nested,1,3,4,2,3,interval,3,1,0,1,0,0,left,0,1,0,1,0,0,left,0,1,5,7,4,5,interval,5,1,5,7,4,5,interval,5,1,5,7,4,5,interval,5,5,probe_selective_before_causal,5,probe_selective_before_behavior,0,unresolved_on_log_grid,1,5,7,4,5,interval,5,1,33,45,24,33,interval,33,1,24,33,17,24,interval,24,1,85,117,62,85,interval,85,1,85,117,62,85,interval,85,1,85,117,62,85,interval,85,61,probe_selective_before_causal,61,probe_selective_before_behavior,0,unresolved_on_log_grid,1,45,62,33,45,interval,45,0,,,8192,,right,8192,0,,,8192,,right,8192,0,,,8192,,right,8192,0,,,8192,,right,8192,0,,,8192,,right,8192,,censored,,censored,,censored,D -> P -> D -> Q,P -> Q,1,2,0,0.0059814453125,0.99102783203125,0.0,0.00299072265625,Q,tuple:pure_Q,51,Q -> Q,tuple:pure_Q -> tuple:pure_Q,0.485595703125,0.485595703125,0.468017578125,0.466796875,0.98193359375,0.367431640625,0,0.985595703125,0.9852294921875,0.966064453125,0.9656982421875,0.99609375,0.381591796875,1,0.514404296875,0.5142578125,0.533935546875,0.5330810546875,0.734375,0.119873046875,0,Q,tuple:pure_Q,51,00110011,pure_Q,Q,1,1,pure_Q,0,0.966064453125,0.984375,0.969970703125,0,0,0,0.7106119791666666,0.00390625
adaptive_exploratory_posthoc_with_fresh_seed_replication,e415a13909337384ef53,67,original,0.9,3,independent,1,3,4,2,3,interval,3,1,0,1,0,0,left,0,1,0,1,0,0,left,0,1,13,17,9,13,interval,13,1,13,17,9,13,interval,13,1,13,17,9,13,interval,13,13,probe_selective_before_causal,13,probe_selective_before_behavior,0,unresolved_on_log_grid,1,3,4,2,3,interval,3,1,62,85,45,62,interval,62,1,45,62,33,45,interval,45,0,,,8192,,right,8192,0,,,8192,,right,8192,0,,,8192,,right,8192,,censored,,censored,,censored,1,7,9,5,7,interval,7,1,222,304,161,222,interval,222,1,222,304,161,222,interval,222,1,304,418,222,304,interval,304,1,304,418,222,304,interval,304,1,304,418,222,304,interval,304,82,unresolved_on_log_grid,82,unresolved_on_log_grid,0,unresolved_on_log_grid,D -> P -> D -> Y,P -> Y,1,2,0,0.00762939453125,0.0,0.9678955078125,0.02447509765625,Y,tuple:pure_Y,85,Y -> Y,tuple:pure_Y -> tuple:pure_Y,0.5,0.5,0.5,0.5,1.0,0.377685546875,0,0.5,0.5,0.5,0.5,0.997802734375,0.37548828125,0,1.0,1.0,1.0,1.0,1.0,0.377685546875,1,Y,tuple:pure_Y,85,01010101,pure_Y,Y,1,1,pure_Y,0,1.0,1.0,1.0,0,0,0,1.0,1.0
adaptive_exploratory_posthoc_with_fresh_seed_replication,2cc26180d6105c27ed14,67,original,0.9,3,nested,1,3,4,2,3,interval,3,1,0,1,0,0,left,0,1,0,1,0,0,left,0,1,13,17,9,13,interval,13,1,13,17,9,13,interval,13,1,13,17,9,13,interval,13,13,probe_selective_before_causal,13,probe_selective_before_behavior,0,unresolved_on_log_grid,1,3,4,2,3,interval,3,0,,,8192,,right,8192,0,,,8192,,right,8192,0,,,8192,,right,8192,0,,,8192,,right,8192,0,,,8192,,right,8192,,censored,,censored,,censored,1,7,9,5,7,interval,7,1,161,222,117,161,interval,161,1,161,222,117,161,interval,161,1,222,304,161,222,interval,222,1,222,304,161,222,interval,222,1,222,304,161,222,interval,222,61,unresolved_on_log_grid,61,unresolved_on_log_grid,0,unresolved_on_log_grid,D -> P -> Y,P -> Y,1,2,0,0.02203369140625,0.0,0.97662353515625,0.0013427734375,Y,tuple:pure_Y,85,Y -> Y,tuple:pure_Y -> tuple:pure_Y,0.5,0.5,0.5,0.5,1.0,0.370361328125,0,0.5,0.5,0.5,0.5,0.698974609375,0.0693359375,0,1.0,1.0,1.0,1.0,1.0,0.370361328125,1,Y,tuple:pure_Y,85,01010101,pure_Y,Y,1,1,pure_Y,0,1.0,1.0,1.0,0,0,0,1.0,1.0
adaptive_exploratory_posthoc_with_fresh_seed_replication,1a0fffe61e0cc055bb50,67,original,0.9,5,independent,1,3,4,2,3,interval,3,1,0,1,0,0,left,0,1,0,1,0,0,left,0,1,9,13,7,9,interval,9,1,9,13,7,9,interval,9,1,9,13,7,9,interval,9,9,probe_selective_before_causal,9,probe_selective_before_behavior,0,unresolved_on_log_grid,1,3,4,2,3,interval,3,1,62,85,45,62,interval,62,1,45,62,33,45,interval,45,0,,,8192,,right,8192,0,,,8192,,right,8192,0,,,8192,,right,8192,,censored,,censored,,censored,1,45,62,33,45,interval,45,1,1085,1491,790,1085,interval,1085,1,1085,1491,790,1085,interval,1085,1,1085,1491,790,1085,interval,1085,1,1085,1491,790,1085,interval,1085,1,1085,1491,790,1085,interval,1085,0,unresolved_on_log_grid,0,unresolved_on_log_grid,0,unresolved_on_log_grid,D -> P -> D -> Y,P -> Y,1,2,0,0.00799560546875,0.0,0.88555908203125,0.1064453125,Y,tuple:pure_Y,85,Y -> Y,tuple:pure_Y -> tuple:pure_Y,0.502197265625,0.5018310546875,0.5,0.5,0.988525390625,0.361083984375,0,0.502197265625,0.50177001953125,0.5,0.5,0.94189453125,0.314453125,0,0.997802734375,0.9978759765625,1.0,1.0,1.0,0.37255859375,1,Y,tuple:pure_Y,85,01010101,pure_Y,Y,1,1,pure_Y,0,1.0,1.0,1.0,0,0,0,1.0,1.0
adaptive_exploratory_posthoc_with_fresh_seed_replication,674b07ef260ea1079dfa,67,original,0.9,5,nested,1,3,4,2,3,interval,3,1,0,1,0,0,left,0,1,0,1,0,0,left,0,1,9,13,7,9,interval,9,1,9,13,7,9,interval,9,1,9,13,7,9,interval,9,9,probe_selective_before_causal,9,probe_selective_before_behavior,0,unresolved_on_log_grid,1,3,4,2,3,interval,3,0,,,8192,,right,8192,0,,,8192,,right,8192,0,,,8192,,right,8192,0,,,8192,,right,8192,0,,,8192,,right,8192,,censored,,censored,,censored,1,45,62,33,45,interval,45,1,1085,1491,790,1085,interval,1085,1,790,1085,575,790,interval,790,1,1085,1491,790,1085,interval,1085,1,1085,1491,790,1085,interval,1085,1,1085,1491,790,1085,interval,1085,295,unresolved_on_log_grid,295,unresolved_on_log_grid,0,unresolved_on_log_grid,D -> P -> D -> Y,P -> Y,1,2,0,0.08233642578125,0.0,0.88555908203125,0.0321044921875,Y,tuple:pure_Y,85,Y -> Y,tuple:pure_Y -> tuple:pure_Y,0.5,0.5,0.5,0.5,0.988037109375,0.373291015625,0,0.5,0.5,0.5,0.5,0.58544921875,-0.029296875,0,1.0,1.0,1.0,1.0,1.0,0.38525390625,1,Y,tuple:pure_Y,85,01010101,pure_Y,Y,1,1,pure_Y,0,1.0,1.0,1.0,0,0,0,1.0,1.0
adaptive_exploratory_posthoc_with_fresh_seed_replication,887d41d587037a3dc7f9,67,original,0.95,3,independent,1,3,4,2,3,interval,3,1,0,1,0,0,left,0,1,0,1,0,0,left,0,1,13,17,9,13,interval,13,1,13,17,9,13,interval,13,1,13,17,9,13,interval,13,13,probe_selective_before_causal,13,probe_selective_before_behavior,0,unresolved_on_log_grid,1,3,4,2,3,interval,3,1,45,62,33,45,interval,45,1,45,62,33,45,interval,45,0,,,8192,,right,8192,1,85,117,62,85,interval,85,0,,,8192,,right,8192,40,probe_selective_before_causal,,censored,,censored,1,7,9,5,7,interval,7,1,304,418,222,304,interval,304,1,222,304,161,222,interval,222,1,418,575,304,418,interval,418,1,418,575,304,418,interval,418,1,418,575,304,418,interval,418,196,probe_selective_before_causal,196,probe_selective_before_behavior,0,unresolved_on_log_grid,D -> P -> Q -> D -> Y,P -> Y,1,2,0,0.00762939453125,0.00335693359375,0.9559326171875,0.0330810546875,Y,tuple:pure_Y,85,Y -> Y,tuple:pure_Y -> tuple:pure_Y,0.5,0.5,0.5,0.5,1.0,0.3486328125,0,0.5,0.5,0.5,0.5,0.99755859375,0.34619140625,0,1.0,1.0,1.0,1.0,1.0,0.3486328125,1,Y,tuple:pure_Y,85,01010101,pure_Y,Y,1,1,pure_Y,0,1.0,1.0,1.0,0,0,0,1.0,1.0
adaptive_exploratory_posthoc_with_fresh_seed_replication,542aff8b4d935b2ba50a,67,original,0.95,3,nested,1,3,4,2,3,interval,3,1,0,1,0,0,left,0,1,0,1,0,0,left,0,1,13,17,9,13,interval,13,1,13,17,9,13,interval,13,1,13,17,9,13,interval,13,13,probe_selective_before_causal,13,probe_selective_before_behavior,0,unresolved_on_log_grid,1,3,4,2,3,interval,3,1,62,85,45,62,interval,62,1,62,85,45,62,interval,62,1,117,161,85,117,interval,117,1,117,161,85,117,interval,117,1,117,161,85,117,interval,117,55,probe_selective_before_causal,55,probe_selective_before_behavior,0,unresolved_on_log_grid,1,7,9,5,7,interval,7,1,222,304,161,222,interval,222,1,222,304,161,222,interval,222,1,418,575,304,418,interval,418,1,418,575,304,418,interval,418,1,418,575,304,418,interval,418,196,probe_selective_before_causal,196,probe_selective_before_behavior,0,unresolved_on_log_grid,D -> P -> D -> Q -> D -> Y,P -> Q -> Y,2,3,0,0.00762939453125,0.01104736328125,0.9559326171875,0.025390625,Y,tuple:pure_Y,85,Y -> Y,tuple:pure_Y -> tuple:pure_Y,0.5,0.5,0.5,0.5,0.999755859375,0.35400390625,0,0.5,0.5,0.5,0.5,1.0,0.354248046875,0,1.0,1.0,1.0,1.0,1.0,0.354248046875,1,Y,tuple:pure_Y,85,01010101,pure_Y,Y,1,1,pure_Y,0,1.0,1.0,1.0,0,0,0,1.0,1.0
adaptive_exploratory_posthoc_with_fresh_seed_replication,47e5daf0664db8905767,67,original,0.95,5,independent,1,3,4,2,3,interval,3,1,0,1,0,0,left,0,1,0,1,0,0,left,0,1,13,17,9,13,interval,13,1,9,13,7,9,interval,9,1,13,17,9,13,interval,13,9,probe_selective_before_causal,13,probe_selective_before_behavior,4,unresolved_on_log_grid,1,3,4,2,3,interval,3,1,45,62,33,45,interval,45,1,45,62,33,45,interval,45,1,85,117,62,85,interval,85,1,85,117,62,85,interval,85,1,85,117,62,85,interval,85,40,probe_selective_before_causal,40,probe_selective_before_behavior,0,unresolved_on_log_grid,1,45,62,33,45,interval,45,1,1085,1491,790,1085,interval,1085,1,1085,1491,790,1085,interval,1085,1,1491,2048,1085,1491,interval,1491,1,1491,2048,1085,1491,interval,1491,1,1491,2048,1085,1491,interval,1491,406,unresolved_on_log_grid,406,unresolved_on_log_grid,0,unresolved_on_log_grid,D -> P -> Q -> D -> Y,P -> Q -> Y,2,3,0,0.00762939453125,0.0516357421875,0.8427734375,0.09796142578125,Y,tuple:pure_Y,85,Y -> Y,tuple:pure_Y -> tuple:pure_Y,0.552001953125,0.5513916015625,0.504638671875,0.5042724609375,0.98876953125,0.367919921875,0,0.553955078125,0.55572509765625,0.504638671875,0.504638671875,0.978271484375,0.357421875,0,0.946044921875,0.94443359375,0.995361328125,0.995703125,1.0,0.379150390625,1,Y,tuple:pure_Y,85,01010101,pure_Y,Y,1,1,pure_Y,0,0.995361328125,1.0,0.995361328125,0,0,0,0.9938151041666666,1.0
adaptive_exploratory_posthoc_with_fresh_seed_replication,761651db560c02b1645a,67,original,0.95,5,nested,1,3,4,2,3,interval,3,1,0,1,0,0,left,0,1,0,1,0,0,left,0,1,13,17,9,13,interval,13,1,9,13,7,9,interval,9,1,13,17,9,13,interval,13,9,probe_selective_before_causal,13,probe_selective_before_behavior,4,unresolved_on_log_grid,1,3,4,2,3,interval,3,1,62,85,45,62,interval,62,1,62,85,45,62,interval,62,1,117,161,85,117,interval,117,1,117,161,85,117,interval,117,1,117,161,85,117,interval,117,55,probe_selective_before_causal,55,probe_selective_before_behavior,0,unresolved_on_log_grid,1,45,62,33,45,interval,45,0,,,8192,,right,8192,1,3444,4096,2896,3444,interval,3444,0,,,8192,,right,8192,0,,,8192,,right,8192,0,,,8192,,right,8192,,censored,,censored,,censored,D -> P -> D -> Q -> D,P -> Q,1,2,0,0.00762939453125,0.10211181640625,0.0,0.8902587890625,D,tuple:nested_support_gate_Y_if_P_equals_Q_else_Q,113,D -> D,tuple:nested_support_gate_Y_if_P_equals_Q_else_Q -> tuple:nested_support_gate_Y_if_P_equals_Q_else_Q,0.2568359375,0.2567138671875,0.250244140625,0.2503662109375,0.99267578125,0.336181640625,0,0.7568359375,0.7569580078125,0.750244140625,0.7503662109375,0.997802734375,0.34130859375,0,0.7431640625,0.7422607421875,0.749755859375,0.749609375,0.948486328125,0.2919921875,0,D,tuple:nested_support_gate_Y_if_P_equals_Q_else_Q,113,01110001,nested_support_gate_Y_if_P_equals_Q_else_Q,P+Q+Y,3,0,nested_support_gate_Y_if_P_equals_Q_else_Q,0,0.999755859375,1.0,0.999755859375,1,0,0,0.9996744791666666,0.0
adaptive_exploratory_posthoc_with_fresh_seed_replication,7908d50495d3127450d8,67,original,0.99,3,independent,1,3,4,2,3,interval,3,1,0,1,0,0,left,0,1,0,1,0,0,left,0,1,13,17,9,13,interval,13,1,13,17,9,13,interval,13,1,13,17,9,13,interval,13,13,probe_selective_before_causal,13,probe_selective_before_behavior,0,unresolved_on_log_grid,1,3,4,2,3,interval,3,1,45,62,33,45,interval,45,1,45,62,33,45,interval,45,1,85,117,62,85,interval,85,1,85,117,62,85,interval,85,1,85,117,62,85,interval,85,40,probe_selective_before_causal,40,probe_selective_before_behavior,0,unresolved_on_log_grid,1,7,9,5,7,interval,7,1,575,790,418,575,interval,575,1,418,575,304,418,interval,418,1,4871,5793,4096,4871,interval,4871,1,4871,5793,4096,4871,interval,4871,1,4871,5793,4096,4871,interval,4871,4453,probe_selective_before_causal,4453,probe_selective_before_behavior,0,unresolved_on_log_grid,D -> P -> D -> Q -> D -> Y,P -> Q -> Y,2,3,0,0.00518798828125,0.0516357421875,0.45269775390625,0.490478515625,D,raw_codeword_patch,23,D -> Y,raw_codeword_patch -> tuple:pure_Y,0.64453125,0.642822265625,0.551025390625,0.5511474609375,0.99658203125,0.330078125,0,0.6767578125,0.6754150390625,0.552490234375,0.551025390625,0.99853515625,0.33203125,0,0.8232421875,0.822265625,0.947509765625,0.9469401041666667,1.0,0.33349609375,1,Y,tuple:pure_Y,85,01010101,pure_Y,Y,1,1,pure_Y,0,0.947509765625,1.0,0.947509765625,0,0,0,0.9309895833333334,0.9970703125
adaptive_exploratory_posthoc_with_fresh_seed_replication,53ce72fe552a6c38da3c,67,original,0.99,3,nested,1,3,4,2,3,interval,3,1,0,1,0,0,left,0,1,0,1,0,0,left,0,1,13,17,9,13,interval,13,1,13,17,9,13,interval,13,1,13,17,9,13,interval,13,13,probe_selective_before_causal,13,probe_selective_before_behavior,0,unresolved_on_log_grid,1,3,4,2,3,interval,3,1,45,62,33,45,interval,45,1,45,62,33,45,interval,45,1,85,117,62,85,interval,85,1,85,117,62,85,interval,85,1,85,117,62,85,interval,85,40,probe_selective_before_causal,40,probe_selective_before_behavior,0,unresolved_on_log_grid,1,7,9,5,7,interval,7,1,575,790,418,575,interval,575,1,418,575,304,418,interval,418,0,,,8192,,right,8192,0,,,8192,,right,8192,0,,,8192,,right,8192,,censored,,censored,,censored,D -> P -> D -> Q -> D,P -> Q,1,2,0,0.00518798828125,0.0516357421875,0.0,0.94317626953125,D,tuple:nested_support_gate_Y_if_P_equals_Q_else_Q,113,D -> D,tuple:nested_support_gate_Y_if_P_equals_Q_else_Q -> tuple:nested_support_gate_Y_if_P_equals_Q_else_Q,0.283203125,0.2841796875,0.337646484375,0.3369140625,1.0,0.330078125,0,0.7275390625,0.73101806640625,0.662841796875,0.66180419921875,1.0,0.330078125,0,0.7724609375,0.7706298828125,0.837158203125,0.8364664713541667,1.0,0.330078125,0,D,tuple:nested_support_gate_Y_if_P_equals_Q_else_Q,113,01110001,nested_support_gate_Y_if_P_equals_Q_else_Q,P+Q+Y,3,0,nested_support_gate_Y_if_P_equals_Q_else_Q,0,0.912353515625,0.921875,0.967041015625,1,0,0,0.9996744791666666,0.349609375
adaptive_exploratory_posthoc_with_fresh_seed_replication,bbbc307aec7e25977aae,67,original,0.99,5,independent,1,3,4,2,3,interval,3,1,0,1,0,0,left,0,1,0,1,0,0,left,0,1,13,17,9,13,interval,13,1,9,13,7,9,interval,9,1,13,17,9,13,interval,13,9,probe_selective_before_causal,13,probe_selective_before_behavior,4,unresolved_on_log_grid,1,3,4,2,3,interval,3,1,45,62,33,45,interval,45,1,45,62,33,45,interval,45,1,85,117,62,85,interval,85,1,85,117,62,85,interval,85,1,85,117,62,85,interval,85,40,probe_selective_before_causal,40,probe_selective_before_behavior,0,unresolved_on_log_grid,1,45,62,33,45,interval,45,0,,,8192,,right,8192,0,,,8192,,right,8192,0,,,8192,,right,8192,0,,,8192,,right,8192,0,,,8192,,right,8192,,censored,,censored,,censored,D -> P -> D -> Q,P -> Q,1,2,0,0.00518798828125,0.99102783203125,0.0,0.0037841796875,Q,tuple:pure_Q,51,Q -> Q,tuple:pure_Q -> tuple:pure_Q,0.5283203125,0.5272216796875,0.5283203125,0.52783203125,0.95751953125,0.3828125,0,0.97119140625,0.9727783203125,0.97119140625,0.97186279296875,0.99853515625,0.423828125,1,0.49755859375,0.4987060546875,0.49658203125,0.498388671875,0.491455078125,-0.083251953125,0,Q,tuple:pure_Q,51,00110011,pure_Q,Q,1,1,pure_Q,0,0.97119140625,1.0,0.97119140625,0,0,0,0.6455078125,0.0498046875
adaptive_exploratory_posthoc_with_fresh_seed_replication,3b3220df078026c31965,67,original,0.99,5,nested,1,3,4,2,3,interval,3,1,0,1,0,0,left,0,1,0,1,0,0,left,0,1,13,17,9,13,interval,13,1,13,17,9,13,interval,13,1,13,17,9,13,interval,13,13,probe_selective_before_causal,13,probe_selective_before_behavior,0,unresolved_on_log_grid,1,3,4,2,3,interval,3,1,45,62,33,45,interval,45,1,45,62,33,45,interval,45,1,85,117,62,85,interval,85,1,85,117,62,85,interval,85,1,85,117,62,85,interval,85,40,probe_selective_before_causal,40,probe_selective_before_behavior,0,unresolved_on_log_grid,1,45,62,33,45,interval,45,0,,,8192,,right,8192,0,,,8192,,right,8192,0,,,8192,,right,8192,0,,,8192,,right,8192,0,,,8192,,right,8192,,censored,,censored,,censored,D -> P -> D -> Q,P -> Q,1,2,0,0.00518798828125,0.99102783203125,0.0,0.0037841796875,Q,tuple:pure_Q,51,Q -> Q,tuple:pure_Q -> tuple:pure_Q,0.495849609375,0.4959716796875,0.4970703125,0.4967041015625,0.942626953125,0.3505859375,0,0.995361328125,0.99591064453125,0.9970703125,0.997314453125,0.998291015625,0.40625,1,0.502685546875,0.501513671875,0.50244140625,0.5019287109375,0.51025390625,-0.081787109375,0,Q,tuple:pure_Q,51,00110011,pure_Q,Q,1,1,pure_Q,0,0.9970703125,1.0,0.9970703125,0,0,0,0.669921875,0.0
adaptive_exploratory_posthoc_with_fresh_seed_replication,4344b7d0d2c20da3344a,71,original,0.9,3,independent,1,3,4,2,3,interval,3,1,0,1,0,0,left,0,1,0,1,0,0,left,0,1,7,9,5,7,interval,7,1,7,9,5,7,interval,7,1,7,9,5,7,interval,7,7,probe_selective_before_causal,7,probe_selective_before_behavior,0,unresolved_on_log_grid,1,3,4,2,3,interval,3,1,45,62,33,45,interval,45,1,45,62,33,45,interval,45,0,,,8192,,right,8192,0,,,8192,,right,8192,0,,,8192,,right,8192,,censored,,censored,,censored,1,9,13,7,9,interval,9,1,161,222,117,161,interval,161,1,161,222,117,161,interval,161,1,304,418,222,304,interval,304,1,304,418,222,304,interval,304,1,304,418,222,304,interval,304,143,probe_selective_before_causal,143,probe_selective_before_behavior,0,unresolved_on_log_grid,D -> P -> D -> Y,P -> Y,1,2,0,0.00823974609375,0.0,0.9678955078125,0.02386474609375,Y,tuple:pure_Y,85,Y -> Y,tuple:pure_Y -> tuple:pure_Y,0.5,0.5,0.5,0.5,0.99951171875,0.3623046875,0,0.5,0.5,0.5,0.5,0.9970703125,0.35986328125,0,1.0,1.0,1.0,1.0,1.0,0.36279296875,1,Y,tuple:pure_Y,85,01010101,pure_Y,Y,1,1,pure_Y,0,1.0,1.0,1.0,0,0,0,1.0,1.0
adaptive_exploratory_posthoc_with_fresh_seed_replication,79a80e71d84bac0cfcfa,71,original,0.9,3,nested,1,3,4,2,3,interval,3,1,0,1,0,0,left,0,1,0,1,0,0,left,0,1,7,9,5,7,interval,7,1,7,9,5,7,interval,7,1,7,9,5,7,interval,7,7,probe_selective_before_causal,7,probe_selective_before_behavior,0,unresolved_on_log_grid,1,4,5,3,4,interval,4,0,,,8192,,right,8192,0,,,8192,,right,8192,0,,,8192,,right,8192,0,,,8192,,right,8192,0,,,8192,,right,8192,,censored,,censored,,censored,1,9,13,7,9,interval,9,1,161,222,117,161,interval,161,1,161,222,117,161,interval,161,1,222,304,161,222,interval,222,1,222,304,161,222,interval,222,1,222,304,161,222,interval,222,61,unresolved_on_log_grid,61,unresolved_on_log_grid,0,unresolved_on_log_grid,D -> P -> D -> Y,P -> Y,1,2,0,0.0162353515625,0.0,0.97662353515625,0.00714111328125,Y,tuple:pure_Y,85,Y -> Y,tuple:pure_Y -> tuple:pure_Y,0.5,0.5,0.5,0.5,0.99951171875,0.373291015625,0,0.5,0.5,0.5,0.5,0.67578125,0.049560546875,0,1.0,1.0,1.0,1.0,1.0,0.373779296875,1,Y,tuple:pure_Y,85,01010101,pure_Y,Y,1,1,pure_Y,0,1.0,1.0,1.0,0,0,0,1.0,1.0
adaptive_exploratory_posthoc_with_fresh_seed_replication,8718004ae1156e20b7c1,71,original,0.9,5,independent,1,3,4,2,3,interval,3,1,0,1,0,0,left,0,1,0,1,0,0,left,0,1,7,9,5,7,interval,7,1,5,7,4,5,interval,5,1,7,9,5,7,interval,7,5,probe_selective_before_causal,7,probe_selective_before_behavior,2,unresolved_on_log_grid,1,3,4,2,3,interval,3,1,45,62,33,45,interval,45,1,45,62,33,45,interval,45,0,,,8192,,right,8192,0,,,8192,,right,8192,0,,,8192,,right,8192,,censored,,censored,,censored,1,45,62,33,45,interval,45,1,575,790,418,575,interval,575,1,575,790,418,575,interval,575,1,790,1085,575,790,interval,790,1,790,1085,575,790,interval,790,1,790,1085,575,790,interval,790,215,unresolved_on_log_grid,215,unresolved_on_log_grid,0,unresolved_on_log_grid,D -> P -> D -> Y,P -> Y,1,2,0,0.00823974609375,0.0,0.91668701171875,0.0750732421875,Y,tuple:pure_Y,85,Y -> Y,tuple:pure_Y -> tuple:pure_Y,0.5009765625,0.5008544921875,0.5,0.5,0.9951171875,0.376953125,0,0.5009765625,0.501220703125,0.5,0.5,0.967529296875,0.349365234375,0,0.9990234375,0.998876953125,1.0,1.0,1.0,0.3818359375,1,Y,tuple:pure_Y,85,01010101,pure_Y,Y,1,1,pure_Y,0,1.0,1.0,1.0,0,0,0,1.0,1.0
adaptive_exploratory_posthoc_with_fresh_seed_replication,a8309236b9205e9f9a78,71,original,0.9,5,nested,1,3,4,2,3,interval,3,1,0,1,0,0,left,0,1,0,1,0,0,left,0,1,7,9,5,7,interval,7,1,7,9,5,7,interval,7,1,7,9,5,7,interval,7,7,probe_selective_before_causal,7,probe_selective_before_behavior,0,unresolved_on_log_grid,1,4,5,3,4,interval,4,0,,,8192,,right,8192,0,,,8192,,right,8192,0,,,8192,,right,8192,0,,,8192,,right,8192,0,,,8192,,right,8192,,censored,,censored,,censored,1,45,62,33,45,interval,45,1,575,790,418,575,interval,575,1,575,790,418,575,interval,575,1,575,790,418,575,interval,575,1,575,790,418,575,interval,575,1,575,790,418,575,interval,575,0,unresolved_on_log_grid,0,unresolved_on_log_grid,0,unresolved_on_log_grid,D -> P -> D -> Y,P -> Y,1,2,0,0.0433349609375,0.0,0.93939208984375,0.01727294921875,Y,tuple:pure_Y,85,Y -> Y,tuple:pure_Y -> tuple:pure_Y,0.519287109375,0.5201416015625,0.50732421875,0.5081787109375,0.993896484375,0.334716796875,0,0.480712890625,0.4798583984375,0.49267578125,0.49212646484375,0.693115234375,0.033935546875,0,0.980712890625,0.9803466796875,0.99267578125,0.9924560546875,1.0,0.3408203125,1,Y,tuple:pure_Y,85,01010101,pure_Y,Y,1,1,pure_Y,0,0.99267578125,0.9921875,0.99658203125,0,0,0,0.990234375,1.0
adaptive_exploratory_posthoc_with_fresh_seed_replication,5d908994cda6ef09ce15,71,original,0.95,3,independent,1,3,4,2,3,interval,3,1,0,1,0,0,left,0,1,0,1,0,0,left,0,1,7,9,5,7,interval,7,1,7,9,5,7,interval,7,1,7,9,5,7,interval,7,7,probe_selective_before_causal,7,probe_selective_before_behavior,0,unresolved_on_log_grid,1,3,4,2,3,interval,3,1,45,62,33,45,interval,45,1,45,62,33,45,interval,45,1,85,117,62,85,interval,85,1,85,117,62,85,interval,85,1,85,117,62,85,interval,85,40,probe_selective_before_causal,40,probe_selective_before_behavior,0,unresolved_on_log_grid,1,9,13,7,9,interval,9,1,222,304,161,222,interval,222,1,222,304,161,222,interval,222,1,418,575,304,418,interval,418,1,418,575,304,418,interval,418,1,418,575,304,418,interval,418,196,probe_selective_before_causal,196,probe_selective_before_behavior,0,unresolved_on_log_grid,D -> P -> D -> Q -> D -> Y,P -> Q -> Y,2,3,0,0.00579833984375,0.00799560546875,0.9559326171875,0.0302734375,Y,tuple:pure_Y,85,Y -> Y,tuple:pure_Y -> tuple:pure_Y,0.5,0.5,0.5,0.5,0.9990234375,0.32568359375,0,0.5,0.5,0.5,0.5,0.99755859375,0.32421875,0,1.0,1.0,1.0,1.0,1.0,0.32666015625,1,Y,tuple:pure_Y,85,01010101,pure_Y,Y,1,1,pure_Y,0,1.0,1.0,1.0,0,0,0,1.0,1.0
adaptive_exploratory_posthoc_with_fresh_seed_replication,b084fafdc3415f35162b,71,original,0.95,3,nested,1,3,4,2,3,interval,3,1,0,1,0,0,left,0,1,0,1,0,0,left,0,1,7,9,5,7,interval,7,1,7,9,5,7,interval,7,1,7,9,5,7,interval,7,7,probe_selective_before_causal,7,probe_selective_before_behavior,0,unresolved_on_log_grid,1,4,5,3,4,interval,4,1,62,85,45,62,interval,62,1,45,62,33,45,interval,45,1,117,161,85,117,interval,117,1,117,161,85,117,interval,117,1,117,161,85,117,interval,117,72,probe_selective_before_causal,72,probe_selective_before_behavior,0,unresolved_on_log_grid,1,9,13,7,9,interval,9,1,161,222,117,161,interval,161,1,161,222,117,161,interval,161,1,304,418,222,304,interval,304,1,304,418,222,304,interval,304,1,304,418,222,304,interval,304,143,probe_selective_before_causal,143,probe_selective_before_behavior,0,unresolved_on_log_grid,D -> P -> D -> Q -> D -> Y,P -> Q -> Y,2,3,0,0.00823974609375,0.01104736328125,0.9678955078125,0.0128173828125,Y,tuple:pure_Y,85,Y -> Y,tuple:pure_Y -> tuple:pure_Y,0.5,0.5,0.5,0.5,1.0,0.30078125,0,0.5,0.50006103515625,0.5,0.5,1.0,0.30078125,0,1.0,1.0,1.0,1.0,1.0,0.30078125,1,Y,tuple:pure_Y,85,01010101,pure_Y,Y,1,1,pure_Y,0,1.0,1.0,1.0,0,0,0,1.0,1.0
adaptive_exploratory_posthoc_with_fresh_seed_replication,ec6b84ea7f30f24f4b3b,71,original,0.95,5,independent,1,3,4,2,3,interval,3,1,0,1,0,0,left,0,1,0,1,0,0,left,0,1,7,9,5,7,interval,7,1,5,7,4,5,interval,5,1,7,9,5,7,interval,7,5,probe_selective_before_causal,7,probe_selective_before_behavior,2,unresolved_on_log_grid,1,3,4,2,3,interval,3,1,45,62,33,45,interval,45,1,45,62,33,45,interval,45,1,85,117,62,85,interval,85,1,85,117,62,85,interval,85,1,85,117,62,85,interval,85,40,probe_selective_before_causal,40,probe_selective_before_behavior,0,unresolved_on_log_grid,1,45,62,33,45,interval,45,1,1085,1491,790,1085,interval,1085,1,1085,1491,790,1085,interval,1085,1,2048,2435,1491,2048,interval,2048,1,2048,2435,1491,2048,interval,2048,1,2048,2435,1491,2048,interval,2048,963,probe_selective_before_causal,963,probe_selective_before_behavior,0,unresolved_on_log_grid,D -> P -> D -> Q -> D -> Y,P -> Q -> Y,2,3,0,0.00579833984375,0.0516357421875,0.78399658203125,0.1585693359375,Y,tuple:pure_Y,85,Y -> Y,tuple:pure_Y -> tuple:pure_Y,0.579833984375,0.5826416015625,0.51611328125,0.5145263671875,0.97705078125,0.339111328125,0,0.586181640625,0.58740234375,0.51611328125,0.51483154296875,0.952880859375,0.31494140625,0,0.913818359375,0.912744140625,0.98388671875,0.9857421875,0.999755859375,0.36181640625,1,Y,tuple:pure_Y,85,01010101,pure_Y,Y,1,1,pure_Y,0,0.98388671875,0.99609375,0.98486328125,0,0,0,0.978515625,1.0
adaptive_exploratory_posthoc_with_fresh_seed_replication,eefdfceed74ec1da75d6,71,original,0.95,5,nested,1,3,4,2,3,interval,3,1,0,1,0,0,left,0,1,0,1,0,0,left,0,1,7,9,5,7,interval,7,1,7,9,5,7,interval,7,1,7,9,5,7,interval,7,7,probe_selective_before_causal,7,probe_selective_before_behavior,0,unresolved_on_log_grid,1,4,5,3,4,interval,4,1,62,85,45,62,interval,62,1,45,62,33,45,interval,45,1,117,161,85,117,interval,117,1,117,161,85,117,interval,117,1,117,161,85,117,interval,117,72,probe_selective_before_causal,72,probe_selective_before_behavior,0,unresolved_on_log_grid,1,45,62,33,45,interval,45,1,1085,1491,790,1085,interval,1085,1,790,1085,575,790,interval,790,0,,,8192,,right,8192,0,,,8192,,right,8192,0,,,8192,,right,8192,,censored,,censored,,censored,D -> P -> D -> Q -> D,P -> Q,1,2,0,0.00823974609375,0.07098388671875,0.0,0.9207763671875,D,tuple:nested_support_gate_Y_if_P_equals_Q_else_Q,113,D -> D,tuple:nested_support_gate_Y_if_P_equals_Q_else_Q -> tuple:nested_support_gate_Y_if_P_equals_Q_else_Q,0.27197265625,0.27197265625,0.2919921875,0.29345703125,0.99560546875,0.371337890625,0,0.734375,0.73480224609375,0.70849609375,0.7083740234375,0.9970703125,0.372802734375,0,0.765625,0.766162109375,0.79150390625,0.7918701171875,0.998046875,0.373779296875,0,D,tuple:nested_support_gate_Y_if_P_equals_Q_else_Q,113,01110001,nested_support_gate_Y_if_P_equals_Q_else_Q,P+Q+Y,3,0,nested_support_gate_Y_if_P_equals_Q_else_Q,0,0.9580078125,0.95703125,0.9873046875,1,0,0,0.9996744791666666,0.1669921875
adaptive_exploratory_posthoc_with_fresh_seed_replication,dfa7713ae74e1cfffb7f,71,original,0.99,3,independent,1,3,4,2,3,interval,3,1,0,1,0,0,left,0,1,0,1,0,0,left,0,1,7,9,5,7,interval,7,1,7,9,5,7,interval,7,1,7,9,5,7,interval,7,7,probe_selective_before_causal,7,probe_selective_before_behavior,0,unresolved_on_log_grid,1,4,5,3,4,interval,4,1,45,62,33,45,interval,45,1,45,62,33,45,interval,45,1,85,117,62,85,interval,85,1,85,117,62,85,interval,85,1,85,117,62,85,interval,85,40,probe_selective_before_causal,40,probe_selective_before_behavior,0,unresolved_on_log_grid,1,9,13,7,9,interval,9,1,418,575,304,418,interval,418,1,304,418,222,304,interval,304,1,2896,3444,2435,2896,interval,2896,1,2896,3444,2435,2896,interval,2896,1,2896,3444,2435,2896,interval,2896,2592,probe_selective_before_causal,2592,probe_selective_before_behavior,0,unresolved_on_log_grid,D -> P -> D -> Q -> D -> Y,P -> Q -> Y,2,3,0,0.00579833984375,0.03509521484375,0.67462158203125,0.28448486328125,D,raw_codeword_patch,85,D -> Y,raw_codeword_patch -> tuple:pure_Y,0.621337890625,0.62353515625,0.527099609375,0.5264892578125,0.998291015625,0.32958984375,0,0.625732421875,0.62481689453125,0.527099609375,0.525390625,1.0,0.331298828125,0,0.874267578125,0.8751220703125,0.972900390625,0.9737548828125,1.0,0.331298828125,1,Y,tuple:pure_Y,85,01010101,pure_Y,Y,1,1,pure_Y,0,0.972900390625,1.0,0.972900390625,0,0,0,0.9638671875,1.0
adaptive_exploratory_posthoc_with_fresh_seed_replication,39c0e4289fbfff0dcaa1,71,original,0.99,3,nested,1,3,4,2,3,interval,3,1,0,1,0,0,left,0,1,0,1,0,0,left,0,1,7,9,5,7,interval,7,1,7,9,5,7,interval,7,1,7,9,5,7,interval,7,7,probe_selective_before_causal,7,probe_selective_before_behavior,0,unresolved_on_log_grid,1,4,5,3,4,interval,4,1,45,62,33,45,interval,45,1,45,62,33,45,interval,45,1,85,117,62,85,interval,85,1,85,117,62,85,interval,85,1,85,117,62,85,interval,85,40,probe_selective_before_causal,40,probe_selective_before_behavior,0,unresolved_on_log_grid,1,9,13,7,9,interval,9,1,418,575,304,418,interval,418,1,418,575,304,418,interval,418,1,6890,8192,5793,6890,interval,6890,1,6890,8192,5793,6890,interval,6890,1,6890,8192,5793,6890,interval,6890,6472,probe_selective_before_causal,6472,probe_selective_before_behavior,0,unresolved_on_log_grid,D -> P -> D -> Q -> D -> Y,P -> Q -> Y,2,3,0,0.00579833984375,0.0516357421875,0.22589111328125,0.7166748046875,D,tuple:nested_support_gate_Y_if_P_equals_Q_else_Q,113,D -> Y,tuple:nested_support_gate_Y_if_P_equals_Q_else_Q -> tuple:pure_Y,0.3427734375,0.3408203125,0.426025390625,0.4256591796875,0.9990234375,0.3046875,0,0.6875,0.68902587890625,0.576904296875,0.5784912109375,1.0,0.3056640625,0,0.8125,0.8080240885416667,0.923095703125,0.9208984375,1.0,0.3056640625,1,Y,tuple:pure_Y,85,01010101,pure_Y,Y,1,1,pure_Y,0,0.923095703125,0.90625,0.954833984375,0,0,0,0.998046875,0.6982421875
adaptive_exploratory_posthoc_with_fresh_seed_replication,c431aace54cb1a717ae2,71,original,0.99,5,independent,1,3,4,2,3,interval,3,1,0,1,0,0,left,0,1,0,1,0,0,left,0,1,7,9,5,7,interval,7,1,7,9,5,7,interval,7,1,7,9,5,7,interval,7,7,probe_selective_before_causal,7,probe_selective_before_behavior,0,unresolved_on_log_grid,1,4,5,3,4,interval,4,1,45,62,33,45,interval,45,1,33,45,24,33,interval,33,1,85,117,62,85,interval,85,1,85,117,62,85,interval,85,1,85,117,62,85,interval,85,52,probe_selective_before_causal,52,probe_selective_before_behavior,0,unresolved_on_log_grid,1,45,62,33,45,interval,45,0,,,8192,,right,8192,0,,,8192,,right,8192,0,,,8192,,right,8192,0,,,8192,,right,8192,0,,,8192,,right,8192,,censored,,censored,,censored,D -> P -> D -> Q,P -> Q,1,2,0,0.00579833984375,0.99102783203125,0.0,0.003173828125,Q,tuple:pure_Q,51,Q -> Q,tuple:pure_Q -> tuple:pure_Q,0.5419921875,0.5391845703125,0.546875,0.54443359375,0.945068359375,0.364501953125,0,0.9580078125,0.95672607421875,0.953125,0.95281982421875,0.99462890625,0.4140625,1,0.5234375,0.5214599609375,0.53076171875,0.52822265625,0.71484375,0.13427734375,0,Q,tuple:pure_Q,51,00110011,pure_Q,Q,1,1,pure_Q,0,0.953125,0.98828125,0.9541015625,0,0,0,0.6559244791666666,0.1552734375
adaptive_exploratory_posthoc_with_fresh_seed_replication,76bcec92c31afeb85cb3,71,original,0.99,5,nested,1,3,4,2,3,interval,3,1,0,1,0,0,left,0,1,0,1,0,0,left,0,1,7,9,5,7,interval,7,1,5,7,4,5,interval,5,1,7,9,5,7,interval,7,5,probe_selective_before_causal,7,probe_selective_before_behavior,2,unresolved_on_log_grid,1,4,5,3,4,interval,4,1,45,62,33,45,interval,45,1,33,45,24,33,interval,33,1,85,117,62,85,interval,85,1,85,117,62,85,interval,85,1,85,117,62,85,interval,85,52,probe_selective_before_causal,52,probe_selective_before_behavior,0,unresolved_on_log_grid,1,45,62,33,45,interval,45,0,,,8192,,right,8192,0,,,8192,,right,8192,0,,,8192,,right,8192,0,,,8192,,right,8192,0,,,8192,,right,8192,,censored,,censored,,censored,D -> P -> D -> Q,P -> Q,1,2,0,0.00579833984375,0.99102783203125,0.0,0.003173828125,Q,tuple:pure_Q,51,Q -> Q,tuple:pure_Q -> tuple:pure_Q,0.495361328125,0.4957275390625,0.493896484375,0.49462890625,0.928955078125,0.317626953125,0,0.994384765625,0.9947509765625,0.993408203125,0.99273681640625,0.997802734375,0.386474609375,1,0.504150390625,0.5041259765625,0.505615234375,0.506201171875,0.5810546875,-0.0302734375,0,Q,tuple:pure_Q,51,00110011,pure_Q,Q,1,1,pure_Q,0,0.993408203125,1.0,0.993408203125,0,0,0,0.673828125,0.0009765625
adaptive_exploratory_posthoc_with_fresh_seed_replication,240bb593cfe44269852f,83,original,0.9,3,independent,1,4,5,3,4,interval,4,1,0,1,0,0,left,0,1,0,1,0,0,left,0,1,9,13,7,9,interval,9,1,9,13,7,9,interval,9,1,9,13,7,9,interval,9,9,probe_selective_before_causal,9,probe_selective_before_behavior,0,unresolved_on_log_grid,1,7,9,5,7,interval,7,1,45,62,33,45,interval,45,1,45,62,33,45,interval,45,0,,,8192,,right,8192,0,,,8192,,right,8192,0,,,8192,,right,8192,,censored,,censored,,censored,1,13,17,9,13,interval,13,1,161,222,117,161,interval,161,1,161,222,117,161,interval,161,1,222,304,161,222,interval,222,1,222,304,161,222,interval,222,1,222,304,161,222,interval,222,61,unresolved_on_log_grid,61,unresolved_on_log_grid,0,unresolved_on_log_grid,D -> P -> D -> Y,P -> Y,1,2,0,0.00799560546875,0.0,0.97662353515625,0.015380859375,Y,tuple:pure_Y,85,Y -> Y,tuple:pure_Y -> tuple:pure_Y,0.5,0.5,0.5,0.5,0.996826171875,0.302490234375,0,0.5,0.5,0.5,0.5,0.993896484375,0.299560546875,0,1.0,1.0,1.0,1.0,1.0,0.3056640625,1,Y,tuple:pure_Y,85,01010101,pure_Y,Y,1,1,pure_Y,0,1.0,1.0,1.0,0,0,0,1.0,1.0
adaptive_exploratory_posthoc_with_fresh_seed_replication,66908578fef39fd3aed9,83,original,0.9,3,nested,1,4,5,3,4,interval,4,1,0,1,0,0,left,0,1,0,1,0,0,left,0,1,9,13,7,9,interval,9,1,9,13,7,9,interval,9,1,9,13,7,9,interval,9,9,probe_selective_before_causal,9,probe_selective_before_behavior,0,unresolved_on_log_grid,1,9,13,7,9,interval,9,0,,,8192,,right,8192,0,,,8192,,right,8192,0,,,8192,,right,8192,0,,,8192,,right,8192,0,,,8192,,right,8192,,censored,,censored,,censored,1,13,17,9,13,interval,13,1,117,161,85,117,interval,117,1,117,161,85,117,interval,117,1,161,222,117,161,interval,161,1,161,222,117,161,interval,161,1,161,222,117,161,interval,161,44,unresolved_on_log_grid,44,unresolved_on_log_grid,0,unresolved_on_log_grid,D -> P -> Y,P -> Y,1,2,0,0.0159912109375,0.0,0.9830322265625,0.0009765625,Y,tuple:pure_Y,85,Y -> Y,tuple:pure_Y -> tuple:pure_Y,0.5,0.5,0.5,0.5,1.0,0.369384765625,0,0.5,0.5,0.5,0.5,0.65771484375,0.027099609375,0,1.0,1.0,1.0,1.0,1.0,0.369384765625,1,Y,tuple:pure_Y,85,01010101,pure_Y,Y,1,1,pure_Y,0,1.0,1.0,1.0,0,0,0,1.0,1.0
adaptive_exploratory_posthoc_with_fresh_seed_replication,dd63543760bb98c0114c,83,original,0.9,5,independent,1,4,5,3,4,interval,4,1,0,1,0,0,left,0,1,0,1,0,0,left,0,1,13,17,9,13,interval,13,1,13,17,9,13,interval,13,1,13,17,9,13,interval,13,13,probe_selective_before_causal,13,probe_selective_before_behavior,0,unresolved_on_log_grid,1,7,9,5,7,interval,7,1,45,62,33,45,interval,45,1,45,62,33,45,interval,45,0,,,8192,,right,8192,0,,,8192,,right,8192,0,,,8192,,right,8192,,censored,,censored,,censored,1,45,62,33,45,interval,45,1,790,1085,575,790,interval,790,1,790,1085,575,790,interval,790,1,1085,1491,790,1085,interval,1085,1,1085,1491,790,1085,interval,1085,1,1085,1491,790,1085,interval,1085,295,unresolved_on_log_grid,295,unresolved_on_log_grid,0,unresolved_on_log_grid,D -> P -> D -> Y,P -> Y,1,2,0,0.00762939453125,0.0,0.88555908203125,0.1068115234375,Y,tuple:pure_Y,85,Y -> Y,tuple:pure_Y -> tuple:pure_Y,0.50146484375,0.5013427734375,0.5,0.5,0.993408203125,0.384033203125,0,0.50146484375,0.50164794921875,0.5,0.5,0.94482421875,0.33544921875,0,0.99853515625,0.997900390625,1.0,1.0,1.0,0.390625,1,Y,tuple:pure_Y,85,01010101,pure_Y,Y,1,1,pure_Y,0,1.0,1.0,1.0,0,0,0,1.0,1.0
adaptive_exploratory_posthoc_with_fresh_seed_replication,f815f6b282bb7dc6133a,83,original,0.9,5,nested,1,4,5,3,4,interval,4,1,0,1,0,0,left,0,1,0,1,0,0,left,0,1,13,17,9,13,interval,13,1,9,13,7,9,interval,9,1,13,17,9,13,interval,13,9,probe_selective_before_causal,13,probe_selective_before_behavior,4,unresolved_on_log_grid,1,9,13,7,9,interval,9,0,,,8192,,right,8192,0,,,8192,,right,8192,0,,,8192,,right,8192,0,,,8192,,right,8192,0,,,8192,,right,8192,,censored,,censored,,censored,1,45,62,33,45,interval,45,1,575,790,418,575,interval,575,1,418,575,304,418,interval,418,1,575,790,418,575,interval,575,1,575,790,418,575,interval,575,1,575,790,418,575,interval,575,157,unresolved_on_log_grid,157,unresolved_on_log_grid,0,unresolved_on_log_grid,D -> P -> D -> Y,P -> Y,1,2,0,0.042724609375,0.0,0.93939208984375,0.01788330078125,Y,tuple:pure_Y,85,Y -> Y,tuple:pure_Y -> tuple:pure_Y,0.5,0.5,0.5,0.5,0.99462890625,0.346923828125,0,0.5,0.49981689453125,0.5,0.5,0.7158203125,0.068115234375,0,1.0,0.9999755859375,1.0,1.0,1.0,0.352294921875,1,Y,tuple:pure_Y,85,01010101,pure_Y,Y,1,1,pure_Y,0,1.0,1.0,1.0,0,0,0,1.0,1.0
adaptive_exploratory_posthoc_with_fresh_seed_replication,0caa790aa8a7e81aedd9,83,original,0.95,3,independent,1,4,5,3,4,interval,4,1,0,1,0,0,left,0,1,0,1,0,0,left,0,1,9,13,7,9,interval,9,1,9,13,7,9,interval,9,1,9,13,7,9,interval,9,9,probe_selective_before_causal,9,probe_selective_before_behavior,0,unresolved_on_log_grid,1,7,9,5,7,interval,7,1,45,62,33,45,interval,45,1,33,45,24,33,interval,33,1,85,117,62,85,interval,85,1,85,117,62,85,interval,85,1,85,117,62,85,interval,85,52,probe_selective_before_causal,52,probe_selective_before_behavior,0,unresolved_on_log_grid,1,13,17,9,13,interval,13,1,222,304,161,222,interval,222,1,161,222,117,161,interval,161,1,304,418,222,304,interval,304,1,304,418,222,304,interval,304,1,304,418,222,304,interval,304,143,probe_selective_before_causal,143,probe_selective_before_behavior,0,unresolved_on_log_grid,D -> P -> D -> Q -> D -> Y,P -> Q -> Y,2,3,0,0.00555419921875,0.00799560546875,0.9678955078125,0.0185546875,Y,tuple:pure_Y,85,Y -> Y,tuple:pure_Y -> tuple:pure_Y,0.5,0.5,0.5,0.5,0.99267578125,0.22998046875,0,0.5,0.5,0.5,0.5,0.98876953125,0.22607421875,0,1.0,1.0,1.0,1.0,1.0,0.2373046875,1,Y,tuple:pure_Y,85,01010101,pure_Y,Y,1,1,pure_Y,0,1.0,1.0,1.0,0,0,0,1.0,1.0
adaptive_exploratory_posthoc_with_fresh_seed_replication,e9779292a2cabdfb23d7,83,original,0.95,3,nested,1,4,5,3,4,interval,4,1,0,1,0,0,left,0,1,0,1,0,0,left,0,1,9,13,7,9,interval,9,1,9,13,7,9,interval,9,1,9,13,7,9,interval,9,9,probe_selective_before_causal,9,probe_selective_before_behavior,0,unresolved_on_log_grid,1,9,13,7,9,interval,9,1,45,62,33,45,interval,45,1,45,62,33,45,interval,45,1,117,161,85,117,interval,117,1,117,161,85,117,interval,117,1,117,161,85,117,interval,117,72,probe_selective_before_causal,72,probe_selective_before_behavior,0,unresolved_on_log_grid,1,13,17,9,13,interval,13,1,161,222,117,161,interval,161,1,161,222,117,161,interval,161,1,222,304,161,222,interval,222,1,222,304,161,222,interval,222,1,222,304,161,222,interval,222,61,unresolved_on_log_grid,61,unresolved_on_log_grid,0,unresolved_on_log_grid,D -> P -> D -> Q -> Y,P -> Q -> Y,2,3,0,0.00799560546875,0.01104736328125,0.97662353515625,0.00433349609375,Y,tuple:pure_Y,85,Y -> Y,tuple:pure_Y -> tuple:pure_Y,0.5,0.5,0.5,0.5,0.9833984375,0.247802734375,0,0.5,0.5,0.5,0.5,0.99951171875,0.263916015625,0,1.0,1.0,1.0,1.0,1.0,0.264404296875,1,Y,tuple:pure_Y,85,01010101,pure_Y,Y,1,1,pure_Y,0,1.0,1.0,1.0,0,0,0,1.0,1.0
adaptive_exploratory_posthoc_with_fresh_seed_replication,4c4516dcf073c9342340,83,original,0.95,5,independent,1,4,5,3,4,interval,4,1,0,1,0,0,left,0,1,0,1,0,0,left,0,1,13,17,9,13,interval,13,1,13,17,9,13,interval,13,1,13,17,9,13,interval,13,13,probe_selective_before_causal,13,probe_selective_before_behavior,0,unresolved_on_log_grid,1,7,9,5,7,interval,7,1,45,62,33,45,interval,45,1,33,45,24,33,interval,33,1,85,117,62,85,interval,85,1,85,117,62,85,interval,85,1,85,117,62,85,interval,85,52,probe_selective_before_causal,52,probe_selective_before_behavior,0,unresolved_on_log_grid,1,45,62,33,45,interval,45,1,1491,2048,1085,1491,interval,1491,1,1085,1491,790,1085,interval,1085,1,2435,2896,2048,2435,interval,2435,1,2435,2896,2048,2435,interval,2435,1,2435,2896,2048,2435,interval,2435,1350,probe_selective_before_causal,1350,probe_selective_before_behavior,0,unresolved_on_log_grid,D -> P -> D -> Q -> D -> Y,P -> Q -> Y,2,3,0,0.00518798828125,0.03509521484375,0.72637939453125,0.23333740234375,D,raw_codeword_patch,85,D -> Y,raw_codeword_patch -> tuple:pure_Y,0.61376953125,0.6141357421875,0.510009765625,0.5128173828125,0.995849609375,0.37646484375,0,0.61767578125,0.61865234375,0.510009765625,0.51116943359375,0.9052734375,0.285888671875,0,0.88232421875,0.8830078125,0.989990234375,0.9893798828125,1.0,0.380615234375,1,Y,tuple:pure_Y,85,01010101,pure_Y,Y,1,1,pure_Y,0,0.989990234375,1.0,0.989990234375,0,0,0,0.9866536458333334,1.0
adaptive_exploratory_posthoc_with_fresh_seed_replication,a5184262a006fe23f533,83,original,0.95,5,nested,1,4,5,3,4,interval,4,1,0,1,0,0,left,0,1,0,1,0,0,left,0,1,13,17,9,13,interval,13,1,13,17,9,13,interval,13,1,13,17,9,13,interval,13,13,probe_selective_before_causal,13,probe_selective_before_behavior,0,unresolved_on_log_grid,1,9,13,7,9,interval,9,1,45,62,33,45,interval,45,1,33,45,24,33,interval,33,1,117,161,85,117,interval,117,1,117,161,85,117,interval,117,1,117,161,85,117,interval,117,84,probe_selective_before_causal,84,probe_selective_before_behavior,0,unresolved_on_log_grid,1,45,62,33,45,interval,45,1,790,1085,575,790,interval,790,1,790,1085,575,790,interval,790,0,,,8192,,right,8192,0,,,8192,,right,8192,0,,,8192,,right,8192,,censored,,censored,,censored,D -> P -> D -> Q -> D,P -> Q,1,2,0,0.00762939453125,0.04827880859375,0.0,0.944091796875,D,tuple:nested_support_gate_Y_if_P_equals_Q_else_Q,113,D -> D,tuple:nested_support_gate_Y_if_P_equals_Q_else_Q -> tuple:nested_support_gate_Y_if_P_equals_Q_else_Q,0.258544921875,0.2579345703125,0.265625,0.2645263671875,0.992431640625,0.351806640625,0,0.747314453125,0.74798583984375,0.73486328125,0.73486328125,0.99267578125,0.35205078125,0,0.752685546875,0.7520263671875,0.76513671875,0.764306640625,0.9990234375,0.3583984375,0,D,tuple:nested_support_gate_Y_if_P_equals_Q_else_Q,113,01110001,nested_support_gate_Y_if_P_equals_Q_else_Q,P+Q+Y,3,0,nested_support_gate_Y_if_P_equals_Q_else_Q,0,0.984375,0.98828125,0.994140625,1,0,0,0.9996744791666666,0.0615234375
adaptive_exploratory_posthoc_with_fresh_seed_replication,3f583e887ec6edf3e161,83,original,0.99,3,independent,1,4,5,3,4,interval,4,1,0,1,0,0,left,0,1,0,1,0,0,left,0,1,9,13,7,9,interval,9,1,9,13,7,9,interval,9,1,9,13,7,9,interval,9,9,probe_selective_before_causal,9,probe_selective_before_behavior,0,unresolved_on_log_grid,1,7,9,5,7,interval,7,1,45,62,33,45,interval,45,1,33,45,24,33,interval,33,1,62,85,45,62,interval,62,1,62,85,45,62,interval,62,1,62,85,45,62,interval,62,29,probe_selective_before_causal,29,probe_selective_before_behavior,0,unresolved_on_log_grid,1,13,17,9,13,interval,13,1,418,575,304,418,interval,418,1,418,575,304,418,interval,418,1,4096,4871,3444,4096,interval,4096,1,4096,4871,3444,4096,interval,4096,1,4096,4871,3444,4096,interval,4096,3678,probe_selective_before_causal,3678,probe_selective_before_behavior,0,unresolved_on_log_grid,D -> P -> Q -> D -> Y,P -> Q -> Y,2,3,0,0.00555419921875,0.0540771484375,0.539794921875,0.40057373046875,D,raw_codeword_patch,23,D -> Y,raw_codeword_patch -> tuple:pure_Y,0.6416015625,0.644287109375,0.55029296875,0.550048828125,0.994873046875,0.2275390625,0,0.64404296875,0.6474609375,0.55029296875,0.54931640625,0.998779296875,0.2314453125,0,0.85595703125,0.8520100911458333,0.94970703125,0.9519449869791667,1.0,0.232666015625,1,Y,tuple:pure_Y,85,01010101,pure_Y,Y,1,1,pure_Y,0,0.94970703125,0.953125,0.970703125,0,0,0,0.9329427083333334,1.0
adaptive_exploratory_posthoc_with_fresh_seed_replication,e949058b7d6a6034a98b,83,original,0.99,3,nested,1,4,5,3,4,interval,4,1,0,1,0,0,left,0,1,0,1,0,0,left,0,1,9,13,7,9,interval,9,1,9,13,7,9,interval,9,1,9,13,7,9,interval,9,9,probe_selective_before_causal,9,probe_selective_before_behavior,0,unresolved_on_log_grid,1,7,9,5,7,interval,7,1,45,62,33,45,interval,45,1,33,45,24,33,interval,33,1,85,117,62,85,interval,85,1,85,117,62,85,interval,85,1,85,117,62,85,interval,85,52,probe_selective_before_causal,52,probe_selective_before_behavior,0,unresolved_on_log_grid,1,13,17,9,13,interval,13,1,418,575,304,418,interval,418,1,418,575,304,418,interval,418,1,4871,5793,4096,4871,interval,4871,1,4871,5793,4096,4871,interval,4871,1,4871,5793,4096,4871,interval,4871,4453,probe_selective_before_causal,4453,probe_selective_before_behavior,0,unresolved_on_log_grid,D -> P -> D -> Q -> D -> Y,P -> Q -> Y,2,3,0,0.00555419921875,0.0516357421875,0.45269775390625,0.4901123046875,D,tuple:nested_support_gate_Y_if_P_equals_Q_else_Q,113,D -> Y,tuple:nested_support_gate_Y_if_P_equals_Q_else_Q -> tuple:pure_Y,0.337890625,0.3399658203125,0.457763671875,0.457275390625,0.9921875,0.250244140625,0,0.66845703125,0.6649169921875,0.542236328125,0.54290771484375,1.0,0.258056640625,0,0.83154296875,0.8336181640625,0.957763671875,0.9555257161458333,1.0,0.258056640625,1,Y,tuple:pure_Y,85,01010101,pure_Y,Y,1,1,pure_Y,0,0.957763671875,0.984375,0.960693359375,0,0,0,1.0,0.8310546875
adaptive_exploratory_posthoc_with_fresh_seed_replication,e46c29821a1df48c25aa,83,original,0.99,5,independent,1,4,5,3,4,interval,4,1,0,1,0,0,left,0,1,0,1,0,0,left,0,1,13,17,9,13,interval,13,1,13,17,9,13,interval,13,1,13,17,9,13,interval,13,13,probe_selective_before_causal,13,probe_selective_before_behavior,0,unresolved_on_log_grid,1,7,9,5,7,interval,7,1,33,45,24,33,interval,33,1,33,45,24,33,interval,33,1,62,85,45,62,interval,62,1,62,85,45,62,interval,62,1,62,85,45,62,interval,62,29,probe_selective_before_causal,29,probe_selective_before_behavior,0,unresolved_on_log_grid,1,45,62,33,45,interval,45,0,,,8192,,right,8192,0,,,8192,,right,8192,0,,,8192,,right,8192,0,,,8192,,right,8192,0,,,8192,,right,8192,,censored,,censored,,censored,D -> P -> Q,P -> Q,1,2,0,0.00518798828125,0.99346923828125,0.0,0.0013427734375,Q,tuple:pure_Q,51,Q -> Q,tuple:pure_Q -> tuple:pure_Q,0.535888671875,0.53466796875,0.54296875,0.542724609375,0.981201171875,0.37939453125,0,0.963623046875,0.96185302734375,0.95654296875,0.95538330078125,0.99560546875,0.393798828125,1,0.522705078125,0.5220703125,0.52783203125,0.5271728515625,0.763427734375,0.16162109375,0,Q,tuple:pure_Q,51,00110011,pure_Q,Q,1,1,pure_Q,0,0.95654296875,0.9921875,0.95751953125,0,0,0,0.6565755208333334,0.1416015625
adaptive_exploratory_posthoc_with_fresh_seed_replication,31bf708aa77500940a50,83,original,0.99,5,nested,1,4,5,3,4,interval,4,1,0,1,0,0,left,0,1,0,1,0,0,left,0,1,13,17,9,13,interval,13,1,13,17,9,13,interval,13,1,13,17,9,13,interval,13,13,probe_selective_before_causal,13,probe_selective_before_behavior,0,unresolved_on_log_grid,1,7,9,5,7,interval,7,1,33,45,24,33,interval,33,1,33,45,24,33,interval,33,1,85,117,62,85,interval,85,1,85,117,62,85,interval,85,1,85,117,62,85,interval,85,52,probe_selective_before_causal,52,probe_selective_before_behavior,0,unresolved_on_log_grid,1,45,62,33,45,interval,45,0,,,8192,,right,8192,0,,,8192,,right,8192,0,,,8192,,right,8192,0,,,8192,,right,8192,0,,,8192,,right,8192,,censored,,censored,,censored,D -> P -> D -> Q,P -> Q,1,2,0,0.00518798828125,0.99102783203125,0.0,0.0037841796875,Q,tuple:pure_Q,51,Q -> Q,tuple:pure_Q -> tuple:pure_Q,0.482666015625,0.484375,0.481201171875,0.4822998046875,0.953857421875,0.33935546875,0,0.979736328125,0.98028564453125,0.975830078125,0.9757080078125,0.9990234375,0.384521484375,1,0.520263671875,0.5202880859375,0.523681640625,0.524609375,0.833740234375,0.21923828125,0,Q,tuple:pure_Q,51,00110011,pure_Q,Q,1,1,pure_Q,0,0.975830078125,0.98828125,0.980712890625,0,0,0,0.6949869791666666,0.009765625
adaptive_exploratory_posthoc_with_fresh_seed_replication,1fa861143e424ffc5352,97,original,0.9,3,independent,1,2,3,1,2,interval,2,1,0,1,0,0,left,0,1,0,1,0,0,left,0,1,13,17,9,13,interval,13,1,13,17,9,13,interval,13,1,13,17,9,13,interval,13,13,probe_selective_before_causal,13,probe_selective_before_behavior,0,unresolved_on_log_grid,1,2,3,1,2,interval,2,1,45,62,33,45,interval,45,1,33,45,24,33,interval,33,0,,,8192,,right,8192,0,,,8192,,right,8192,0,,,8192,,right,8192,,censored,,censored,,censored,1,24,33,17,24,interval,24,1,222,304,161,222,interval,222,1,222,304,161,222,interval,222,1,418,575,304,418,interval,418,1,418,575,304,418,interval,418,1,418,575,304,418,interval,418,196,probe_selective_before_causal,196,probe_selective_before_behavior,0,unresolved_on_log_grid,D -> P -> D -> Y,P -> Y,1,2,0,0.00762939453125,0.0,0.9559326171875,0.03643798828125,Y,tuple:pure_Y,85,Y -> Y,tuple:pure_Y -> tuple:pure_Y,0.5,0.5,0.5,0.5,1.0,0.300048828125,0,0.5,0.5,0.5,0.5,0.986572265625,0.28662109375,0,1.0,1.0,1.0,1.0,1.0,0.300048828125,1,Y,tuple:pure_Y,85,01010101,pure_Y,Y,1,1,pure_Y,0,1.0,1.0,1.0,0,0,0,1.0,1.0
adaptive_exploratory_posthoc_with_fresh_seed_replication,df1da77f9a04443ba103,97,original,0.9,3,nested,1,2,3,1,2,interval,2,1,0,1,0,0,left,0,1,0,1,0,0,left,0,1,13,17,9,13,interval,13,1,13,17,9,13,interval,13,1,13,17,9,13,interval,13,13,probe_selective_before_causal,13,probe_selective_before_behavior,0,unresolved_on_log_grid,1,2,3,1,2,interval,2,0,,,8192,,right,8192,0,,,8192,,right,8192,0,,,8192,,right,8192,0,,,8192,,right,8192,0,,,8192,,right,8192,,censored,,censored,,censored,1,24,33,17,24,interval,24,1,161,222,117,161,interval,161,1,161,222,117,161,interval,161,1,222,304,161,222,interval,222,1,222,304,161,222,interval,222,1,222,304,161,222,interval,222,61,unresolved_on_log_grid,61,unresolved_on_log_grid,0,unresolved_on_log_grid,D -> P -> Y,P -> Y,1,2,0,0.02203369140625,0.0,0.97662353515625,0.0013427734375,Y,tuple:pure_Y,85,Y -> Y,tuple:pure_Y -> tuple:pure_Y,0.5,0.5,0.5,0.5,1.0,0.37890625,0,0.5,0.5,0.5,0.5,0.63427734375,0.01318359375,0,1.0,1.0,1.0,1.0,1.0,0.37890625,1,Y,tuple:pure_Y,85,01010101,pure_Y,Y,1,1,pure_Y,0,1.0,1.0,1.0,0,0,0,1.0,1.0
adaptive_exploratory_posthoc_with_fresh_seed_replication,3b2ed26167c3385c6fdb,97,original,0.9,5,independent,1,2,3,1,2,interval,2,1,0,1,0,0,left,0,1,0,1,0,0,left,0,1,13,17,9,13,interval,13,1,13,17,9,13,interval,13,1,13,17,9,13,interval,13,13,probe_selective_before_causal,13,probe_selective_before_behavior,0,unresolved_on_log_grid,1,2,3,1,2,interval,2,1,45,62,33,45,interval,45,1,45,62,33,45,interval,45,0,,,8192,,right,8192,0,,,8192,,right,8192,0,,,8192,,right,8192,,censored,,censored,,censored,1,33,45,24,33,interval,33,1,1491,2048,1085,1491,interval,1491,1,1085,1491,790,1085,interval,1085,1,1491,2048,1085,1491,interval,1491,1,1491,2048,1085,1491,interval,1491,1,1491,2048,1085,1491,interval,1491,406,unresolved_on_log_grid,406,unresolved_on_log_grid,0,unresolved_on_log_grid,D -> P -> D -> Y,P -> Y,1,2,0,0.00762939453125,0.0,0.8427734375,0.14959716796875,Y,tuple:pure_Y,85,Y -> Y,tuple:pure_Y -> tuple:pure_Y,0.52880859375,0.5289306640625,0.500732421875,0.5013427734375,0.9833984375,0.382568359375,0,0.529296875,0.5294189453125,0.500732421875,0.5008544921875,0.8828125,0.281982421875,0,0.970703125,0.9703125,0.999267578125,0.9991943359375,1.0,0.399169921875,1,Y,tuple:pure_Y,85,01010101,pure_Y,Y,1,1,pure_Y,0,0.999267578125,1.0,0.999267578125,0,0,0,0.9990234375,1.0
adaptive_exploratory_posthoc_with_fresh_seed_replication,39cba1310795f8f8193e,97,original,0.9,5,nested,1,2,3,1,2,interval,2,1,0,1,0,0,left,0,1,0,1,0,0,left,0,1,13,17,9,13,interval,13,1,13,17,9,13,interval,13,1,13,17,9,13,interval,13,13,probe_selective_before_causal,13,probe_selective_before_behavior,0,unresolved_on_log_grid,1,2,3,1,2,interval,2,0,,,8192,,right,8192,0,,,8192,,right,8192,0,,,8192,,right,8192,0,,,8192,,right,8192,0,,,8192,,right,8192,,censored,,censored,,censored,1,33,45,24,33,interval,33,1,575,790,418,575,interval,575,1,575,790,418,575,interval,575,1,575,790,418,575,interval,575,1,575,790,418,575,interval,575,1,575,790,418,575,interval,575,0,unresolved_on_log_grid,0,unresolved_on_log_grid,0,unresolved_on_log_grid,D -> P -> Y,P -> Y,1,2,0,0.05926513671875,0.0,0.93939208984375,0.0013427734375,Y,tuple:pure_Y,85,Y -> Y,tuple:pure_Y -> tuple:pure_Y,0.5,0.5,0.5,0.5,1.0,0.384033203125,0,0.5,0.5,0.5,0.5,0.607421875,-0.008544921875,0,1.0,1.0,1.0,1.0,1.0,0.384033203125,1,Y,tuple:pure_Y,85,01010101,pure_Y,Y,1,1,pure_Y,0,1.0,1.0,1.0,0,0,0,1.0,1.0
adaptive_exploratory_posthoc_with_fresh_seed_replication,75cdb0f2e4d3125de2a0,97,original,0.95,3,independent,1,2,3,1,2,interval,2,1,0,1,0,0,left,0,1,0,1,0,0,left,0,1,13,17,9,13,interval,13,1,13,17,9,13,interval,13,1,13,17,9,13,interval,13,13,probe_selective_before_causal,13,probe_selective_before_behavior,0,unresolved_on_log_grid,1,2,3,1,2,interval,2,1,45,62,33,45,interval,45,1,33,45,24,33,interval,33,1,85,117,62,85,interval,85,1,85,117,62,85,interval,85,1,85,117,62,85,interval,85,52,probe_selective_before_causal,52,probe_selective_before_behavior,0,unresolved_on_log_grid,1,24,33,17,24,interval,24,1,304,418,222,304,interval,304,1,304,418,222,304,interval,304,1,575,790,418,575,interval,575,1,575,790,418,575,interval,575,1,575,790,418,575,interval,575,271,probe_selective_before_causal,271,probe_selective_before_behavior,0,unresolved_on_log_grid,D -> P -> D -> Q -> D -> Y,P -> Q -> Y,2,3,0,0.00518798828125,0.02313232421875,0.93939208984375,0.03228759765625,Y,tuple:pure_Y,85,Y -> Y,tuple:pure_Y -> tuple:pure_Y,0.5,0.5,0.5,0.5,1.0,0.29296875,0,0.5,0.5,0.5,0.5,0.99267578125,0.28564453125,0,1.0,1.0,1.0,1.0,1.0,0.29296875,1,Y,tuple:pure_Y,85,01010101,pure_Y,Y,1,1,pure_Y,0,1.0,1.0,1.0,0,0,0,1.0,1.0
adaptive_exploratory_posthoc_with_fresh_seed_replication,bca240dbcea265195003,97,original,0.95,3,nested,1,2,3,1,2,interval,2,1,0,1,0,0,left,0,1,0,1,0,0,left,0,1,13,17,9,13,interval,13,1,13,17,9,13,interval,13,1,13,17,9,13,interval,13,13,probe_selective_before_causal,13,probe_selective_before_behavior,0,unresolved_on_log_grid,1,2,3,1,2,interval,2,1,45,62,33,45,interval,45,1,33,45,24,33,interval,33,1,117,161,85,117,interval,117,1,117,161,85,117,interval,117,1,117,161,85,117,interval,117,84,probe_selective_before_causal,84,probe_selective_before_behavior,0,unresolved_on_log_grid,1,24,33,17,24,interval,24,1,222,304,161,222,interval,222,1,222,304,161,222,interval,222,1,575,790,418,575,interval,575,1,575,790,418,575,interval,575,1,575,790,418,575,interval,575,353,probe_selective_before_causal,353,probe_selective_before_behavior,0,unresolved_on_log_grid,D -> P -> D -> Q -> D -> Y,P -> Q -> Y,2,3,0,0.00762939453125,0.019775390625,0.93939208984375,0.033203125,Y,tuple:pure_Y,85,Y -> Y,tuple:pure_Y -> tuple:pure_Y,0.49169921875,0.4920654296875,0.5,0.5,0.998779296875,0.2783203125,0,0.50830078125,0.50799560546875,0.5,0.5,1.0,0.279541015625,0,0.99169921875,0.9929606119791667,1.0,1.0,1.0,0.279541015625,1,Y,tuple:pure_Y,85,01010101,pure_Y,Y,1,1,pure_Y,0,1.0,1.0,1.0,0,0,0,1.0,1.0
adaptive_exploratory_posthoc_with_fresh_seed_replication,baf79df81045a60c3799,97,original,0.95,5,independent,1,2,3,1,2,interval,2,1,0,1,0,0,left,0,1,0,1,0,0,left,0,1,13,17,9,13,interval,13,1,13,17,9,13,interval,13,1,13,17,9,13,interval,13,13,probe_selective_before_causal,13,probe_selective_before_behavior,0,unresolved_on_log_grid,1,2,3,1,2,interval,2,1,45,62,33,45,interval,45,1,45,62,33,45,interval,45,1,85,117,62,85,interval,85,1,85,117,62,85,interval,85,1,85,117,62,85,interval,85,40,probe_selective_before_causal,40,probe_selective_before_behavior,0,unresolved_on_log_grid,1,33,45,24,33,interval,33,1,2048,2435,1491,2048,interval,2048,1,2048,2435,1491,2048,interval,2048,1,6890,8192,5793,6890,interval,6890,1,6890,8192,5793,6890,interval,6890,1,6890,8192,5793,6890,interval,6890,4842,probe_selective_before_causal,4842,probe_selective_before_behavior,0,unresolved_on_log_grid,D -> P -> D -> Q -> D -> Y,P -> Q -> Y,2,3,0,0.00518798828125,0.03509521484375,0.22589111328125,0.73382568359375,D,tuple:majority_PQY,23,D -> Y,tuple:majority_PQY -> tuple:pure_Y,0.657958984375,0.6588134765625,0.572998046875,0.57421875,0.958251953125,0.350830078125,0,0.711669921875,0.708740234375,0.579833984375,0.580322265625,0.9248046875,0.3173828125,0,0.781982421875,0.7856689453125,0.919677734375,0.920703125,0.99462890625,0.38720703125,1,Y,tuple:pure_Y,85,01010101,pure_Y,Y,1,1,pure_Y,0,0.919677734375,0.94140625,0.943115234375,0,0,0,0.8977864583333334,0.9853515625
adaptive_exploratory_posthoc_with_fresh_seed_replication,09b1e0e8b8bdc01e9133,97,original,0.95,5,nested,1,2,3,1,2,interval,2,1,0,1,0,0,left,0,1,0,1,0,0,left,0,1,13,17,9,13,interval,13,1,13,17,9,13,interval,13,1,13,17,9,13,interval,13,13,probe_selective_before_causal,13,probe_selective_before_behavior,0,unresolved_on_log_grid,1,2,3,1,2,interval,2,1,62,85,45,62,interval,62,1,45,62,33,45,interval,45,1,117,161,85,117,interval,117,1,117,161,85,117,interval,117,1,117,161,85,117,interval,117,72,probe_selective_before_causal,72,probe_selective_before_behavior,0,unresolved_on_log_grid,1,33,45,24,33,interval,33,1,1491,2048,1085,1491,interval,1491,1,1085,1491,790,1085,interval,1085,0,,,8192,,right,8192,0,,,8192,,right,8192,0,,,8192,,right,8192,,censored,,censored,,censored,D -> P -> D -> Q -> D,P -> Q,1,2,0,0.00762939453125,0.10211181640625,0.0,0.8902587890625,D,tuple:nested_support_gate_Y_if_P_equals_Q_else_Q,113,D -> D,tuple:nested_support_gate_Y_if_P_equals_Q_else_Q -> tuple:nested_support_gate_Y_if_P_equals_Q_else_Q,0.2666015625,0.267578125,0.29052734375,0.29150390625,0.978759765625,0.34423828125,0,0.74853515625,0.7493896484375,0.70947265625,0.7091064453125,0.995361328125,0.36083984375,0,0.75146484375,0.75126953125,0.79052734375,0.7905029296875,0.994140625,0.359619140625,0,D,tuple:nested_support_gate_Y_if_P_equals_Q_else_Q,113,01110001,nested_support_gate_Y_if_P_equals_Q_else_Q,P+Q+Y,3,0,nested_support_gate_Y_if_P_equals_Q_else_Q,0,0.95947265625,0.96484375,0.98974609375,1,0,0,1.0,0.162109375
adaptive_exploratory_posthoc_with_fresh_seed_replication,ffa885586d95f2aa953e,97,original,0.99,3,independent,1,2,3,1,2,interval,2,1,0,1,0,0,left,0,1,0,1,0,0,left,0,1,13,17,9,13,interval,13,1,13,17,9,13,interval,13,1,13,17,9,13,interval,13,13,probe_selective_before_causal,13,probe_selective_before_behavior,0,unresolved_on_log_grid,1,2,3,1,2,interval,2,1,33,45,24,33,interval,33,1,33,45,24,33,interval,33,1,85,117,62,85,interval,85,1,85,117,62,85,interval,85,1,85,117,62,85,interval,85,52,probe_selective_before_causal,52,probe_selective_before_behavior,0,unresolved_on_log_grid,1,24,33,17,24,interval,24,1,790,1085,575,790,interval,790,1,575,790,418,575,interval,575,0,,,8192,,right,8192,0,,,8192,,right,8192,0,,,8192,,right,8192,,censored,,censored,,censored,D -> P -> D -> Q -> D,P -> Q,1,2,0,0.00518798828125,0.0743408203125,0.0,0.92047119140625,D,tuple:majority_PQY,23,D -> D,tuple:majority_PQY -> raw_codeword_patch,0.65380859375,0.6539306640625,0.59130859375,0.5909423828125,0.994384765625,0.283447265625,0,0.71533203125,0.71246337890625,0.60693359375,0.60284423828125,0.999267578125,0.288330078125,0,0.78466796875,0.7886555989583333,0.89306640625,0.8989664713541667,1.0,0.2890625,0,D,raw_codeword_patch,85,01010101,pure_Y,Y,1,1,pure_Y,0,0.89306640625,0.90625,0.9453125,0,1,0,0.8678385416666666,0.96875
adaptive_exploratory_posthoc_with_fresh_seed_replication,eea7b81b6d52782715e4,97,original,0.99,3,nested,1,2,3,1,2,interval,2,1,0,1,0,0,left,0,1,0,1,0,0,left,0,1,13,17,9,13,interval,13,1,13,17,9,13,interval,13,1,13,17,9,13,interval,13,13,probe_selective_before_causal,13,probe_selective_before_behavior,0,unresolved_on_log_grid,1,2,3,1,2,interval,2,1,33,45,24,33,interval,33,1,24,33,17,24,interval,24,1,85,117,62,85,interval,85,1,85,117,62,85,interval,85,1,85,117,62,85,interval,85,61,probe_selective_before_causal,61,probe_selective_before_behavior,0,unresolved_on_log_grid,1,24,33,17,24,interval,24,1,575,790,418,575,interval,575,1,575,790,418,575,interval,575,0,,,8192,,right,8192,0,,,8192,,right,8192,0,,,8192,,right,8192,,censored,,censored,,censored,D -> P -> D -> Q -> D,P -> Q,1,2,0,0.00518798828125,0.0743408203125,0.0,0.92047119140625,D,tuple:nested_support_gate_Y_if_P_equals_Q_else_Q,113,D -> D,tuple:nested_support_gate_Y_if_P_equals_Q_else_Q -> tuple:nested_support_gate_Y_if_P_equals_Q_else_Q,0.313720703125,0.3172607421875,0.308349609375,0.3135986328125,0.9990234375,0.30078125,0,0.794677734375,0.794677734375,0.715576171875,0.7161865234375,0.998779296875,0.300537109375,0,0.705322265625,0.7070719401041666,0.784423828125,0.7861328125,1.0,0.3017578125,0,D,tuple:nested_support_gate_Y_if_P_equals_Q_else_Q,113,01110001,nested_support_gate_Y_if_P_equals_Q_else_Q,P+Q+Y,3,0,nested_support_gate_Y_if_P_equals_Q_else_Q,0,0.941650390625,0.96875,0.952392578125,1,0,0,0.9840494791666666,0.185546875
adaptive_exploratory_posthoc_with_fresh_seed_replication,6d8c4eb8f17ac6a556a8,97,original,0.99,5,independent,1,2,3,1,2,interval,2,1,0,1,0,0,left,0,1,0,1,0,0,left,0,1,13,17,9,13,interval,13,1,13,17,9,13,interval,13,1,13,17,9,13,interval,13,13,probe_selective_before_causal,13,probe_selective_before_behavior,0,unresolved_on_log_grid,1,2,3,1,2,interval,2,1,45,62,33,45,interval,45,1,33,45,24,33,interval,33,1,85,117,62,85,interval,85,1,85,117,62,85,interval,85,1,85,117,62,85,interval,85,52,probe_selective_before_causal,52,probe_selective_before_behavior,0,unresolved_on_log_grid,1,33,45,24,33,interval,33,0,,,8192,,right,8192,0,,,8192,,right,8192,0,,,8192,,right,8192,0,,,8192,,right,8192,0,,,8192,,right,8192,,censored,,censored,,censored,D -> P -> D -> Q,P -> Q,1,2,0,0.00518798828125,0.99102783203125,0.0,0.0037841796875,Q,tuple:pure_Q,51,Q -> Q,tuple:pure_Q -> tuple:pure_Q,0.53271484375,0.53515625,0.532470703125,0.531982421875,0.991455078125,0.39111328125,0,0.96630859375,0.96234130859375,0.967041015625,0.96539306640625,0.996826171875,0.396484375,1,0.50341796875,0.5040283203125,0.504638671875,0.5040283203125,0.50146484375,-0.098876953125,0,Q,tuple:pure_Q,51,00110011,pure_Q,Q,1,1,pure_Q,0,0.967041015625,1.0,0.967041015625,0,0,0,0.6481119791666666,0.07421875
adaptive_exploratory_posthoc_with_fresh_seed_replication,f0d36440d3f92c1b0fd9,97,original,0.99,5,nested,1,2,3,1,2,interval,2,1,0,1,0,0,left,0,1,0,1,0,0,left,0,1,13,17,9,13,interval,13,1,13,17,9,13,interval,13,1,13,17,9,13,interval,13,13,probe_selective_before_causal,13,probe_selective_before_behavior,0,unresolved_on_log_grid,1,2,3,1,2,interval,2,1,45,62,33,45,interval,45,1,33,45,24,33,interval,33,1,85,117,62,85,interval,85,1,85,117,62,85,interval,85,1,85,117,62,85,interval,85,52,probe_selective_before_causal,52,probe_selective_before_behavior,0,unresolved_on_log_grid,1,33,45,24,33,interval,33,0,,,8192,,right,8192,0,,,8192,,right,8192,0,,,8192,,right,8192,0,,,8192,,right,8192,0,,,8192,,right,8192,,censored,,censored,,censored,D -> P -> D -> Q,P -> Q,1,2,0,0.00518798828125,0.99102783203125,0.0,0.0037841796875,Q,tuple:pure_Q,51,Q -> Q,tuple:pure_Q -> tuple:pure_Q,0.498046875,0.4979248046875,0.494384765625,0.492919921875,0.9169921875,0.298583984375,0,0.9970703125,0.9969482421875,0.993896484375,0.9927978515625,0.9990234375,0.380615234375,1,0.5029296875,0.5028076171875,0.506103515625,0.506298828125,0.551025390625,-0.0673828125,0,Q,tuple:pure_Q,51,00110011,pure_Q,Q,1,1,pure_Q,0,0.993896484375,1.0,0.993896484375,0,0,0,0.6744791666666666,0.0009765625
adaptive_exploratory_posthoc_with_fresh_seed_replication,1263b3915e0a601df07a,101,original,0.9,3,independent,1,5,7,4,5,interval,5,1,0,1,0,0,left,0,1,0,1,0,0,left,0,1,9,13,7,9,interval,9,1,9,13,7,9,interval,9,1,9,13,7,9,interval,9,9,probe_selective_before_causal,9,probe_selective_before_behavior,0,unresolved_on_log_grid,1,7,9,5,7,interval,7,1,62,85,45,62,interval,62,1,45,62,33,45,interval,45,0,,,8192,,right,8192,0,,,8192,,right,8192,0,,,8192,,right,8192,,censored,,censored,,censored,1,7,9,5,7,interval,7,1,222,304,161,222,interval,222,1,222,304,161,222,interval,222,1,418,575,304,418,interval,418,1,418,575,304,418,interval,418,1,418,575,304,418,interval,418,196,probe_selective_before_causal,196,probe_selective_before_behavior,0,unresolved_on_log_grid,D -> P -> D -> Y,P -> Y,1,2,0,0.00799560546875,0.0,0.9559326171875,0.03607177734375,Y,tuple:pure_Y,85,Y -> Y,tuple:pure_Y -> tuple:pure_Y,0.5,0.5,0.5,0.5,1.0,0.2919921875,0,0.5,0.5,0.5,0.5,0.99951171875,0.29150390625,0,1.0,1.0,1.0,1.0,1.0,0.2919921875,1,Y,tuple:pure_Y,85,01010101,pure_Y,Y,1,1,pure_Y,0,1.0,1.0,1.0,0,0,0,1.0,1.0
adaptive_exploratory_posthoc_with_fresh_seed_replication,67dee9f167121bab068e,101,original,0.9,3,nested,1,5,7,4,5,interval,5,1,0,1,0,0,left,0,1,0,1,0,0,left,0,1,9,13,7,9,interval,9,1,9,13,7,9,interval,9,1,9,13,7,9,interval,9,9,probe_selective_before_causal,9,probe_selective_before_behavior,0,unresolved_on_log_grid,1,7,9,5,7,interval,7,0,,,8192,,right,8192,0,,,8192,,right,8192,0,,,8192,,right,8192,0,,,8192,,right,8192,0,,,8192,,right,8192,,censored,,censored,,censored,1,7,9,5,7,interval,7,1,161,222,117,161,interval,161,1,161,222,117,161,interval,161,1,222,304,161,222,interval,222,1,222,304,161,222,interval,222,1,222,304,161,222,interval,222,61,unresolved_on_log_grid,61,unresolved_on_log_grid,0,unresolved_on_log_grid,D -> P -> Y,P -> Y,1,2,0,0.02239990234375,0.0,0.97662353515625,0.0009765625,Y,tuple:pure_Y,85,Y -> Y,tuple:pure_Y -> tuple:pure_Y,0.5,0.5,0.5,0.5,1.0,0.32080078125,0,0.5,0.5,0.5,0.5,0.537109375,-0.14208984375,0,1.0,1.0,1.0,1.0,1.0,0.32080078125,1,Y,tuple:pure_Y,85,01010101,pure_Y,Y,1,1,pure_Y,0,1.0,1.0,1.0,0,0,0,1.0,1.0
adaptive_exploratory_posthoc_with_fresh_seed_replication,5eea1357920289c4352f,101,original,0.9,5,independent,1,5,7,4,5,interval,5,1,0,1,0,0,left,0,1,0,1,0,0,left,0,1,9,13,7,9,interval,9,1,9,13,7,9,interval,9,1,9,13,7,9,interval,9,9,probe_selective_before_causal,9,probe_selective_before_behavior,0,unresolved_on_log_grid,1,7,9,5,7,interval,7,1,62,85,45,62,interval,62,1,62,85,45,62,interval,62,0,,,8192,,right,8192,0,,,8192,,right,8192,0,,,8192,,right,8192,,censored,,censored,,censored,1,33,45,24,33,interval,33,1,1085,1491,790,1085,interval,1085,1,1085,1491,790,1085,interval,1085,1,1491,2048,1085,1491,interval,1491,1,1491,2048,1085,1491,interval,1491,1,1491,2048,1085,1491,interval,1491,406,unresolved_on_log_grid,406,unresolved_on_log_grid,0,unresolved_on_log_grid,D -> P -> D -> Y,P -> Y,1,2,0,0.00799560546875,0.0,0.8427734375,0.14923095703125,Y,tuple:pure_Y,85,Y -> Y,tuple:pure_Y -> tuple:pure_Y,0.50927734375,0.509765625,0.5,0.5,0.999755859375,0.379150390625,0,0.50927734375,0.50994873046875,0.5,0.5,0.96240234375,0.341796875,0,0.99072265625,0.98994140625,1.0,1.0,1.0,0.37939453125,1,Y,tuple:pure_Y,85,01010101,pure_Y,Y,1,1,pure_Y,0,1.0,1.0,1.0,0,0,0,1.0,1.0
adaptive_exploratory_posthoc_with_fresh_seed_replication,1fef38cd019514e6cbf3,101,original,0.9,5,nested,1,5,7,4,5,interval,5,1,0,1,0,0,left,0,1,0,1,0,0,left,0,1,9,13,7,9,interval,9,1,9,13,7,9,interval,9,1,9,13,7,9,interval,9,9,probe_selective_before_causal,9,probe_selective_before_behavior,0,unresolved_on_log_grid,1,7,9,5,7,interval,7,0,,,8192,,right,8192,0,,,8192,,right,8192,0,,,8192,,right,8192,0,,,8192,,right,8192,0,,,8192,,right,8192,,censored,,censored,,censored,1,33,45,24,33,interval,33,1,575,790,418,575,interval,575,1,575,790,418,575,interval,575,1,790,1085,575,790,interval,790,1,790,1085,575,790,interval,790,1,790,1085,575,790,interval,790,215,unresolved_on_log_grid,215,unresolved_on_log_grid,0,unresolved_on_log_grid,D -> P -> D -> Y,P -> Y,1,2,0,0.05963134765625,0.0,0.91668701171875,0.023681640625,Y,tuple:pure_Y,85,Y -> Y,tuple:pure_Y -> tuple:pure_Y,0.5,0.5,0.5,0.5,1.0,0.34326171875,0,0.5,0.5,0.5,0.5,0.6083984375,-0.04833984375,0,1.0,1.0,1.0,1.0,1.0,0.34326171875,1,Y,tuple:pure_Y,85,01010101,pure_Y,Y,1,1,pure_Y,0,1.0,1.0,1.0,0,0,0,1.0,1.0
adaptive_exploratory_posthoc_with_fresh_seed_replication,46c331ce5f3ecc4be861,101,original,0.95,3,independent,1,5,7,4,5,interval,5,1,0,1,0,0,left,0,1,0,1,0,0,left,0,1,9,13,7,9,interval,9,1,9,13,7,9,interval,9,1,9,13,7,9,interval,9,9,probe_selective_before_causal,9,probe_selective_before_behavior,0,unresolved_on_log_grid,1,7,9,5,7,interval,7,1,45,62,33,45,interval,45,1,45,62,33,45,interval,45,1,85,117,62,85,interval,85,1,85,117,62,85,interval,85,1,85,117,62,85,interval,85,40,probe_selective_before_causal,40,probe_selective_before_behavior,0,unresolved_on_log_grid,1,7,9,5,7,interval,7,1,304,418,222,304,interval,304,1,304,418,222,304,interval,304,1,575,790,418,575,interval,575,1,575,790,418,575,interval,575,1,575,790,418,575,interval,575,271,probe_selective_before_causal,271,probe_selective_before_behavior,0,unresolved_on_log_grid,D -> P -> Q -> D -> Y,P -> Q -> Y,2,3,0,0.00799560546875,0.02313232421875,0.93939208984375,0.02947998046875,Y,tuple:pure_Y,85,Y -> Y,tuple:pure_Y -> tuple:pure_Y,0.5,0.5,0.5,0.5,0.999755859375,0.317626953125,0,0.5,0.5,0.5,0.5,0.999267578125,0.317138671875,0,1.0,1.0,1.0,1.0,1.0,0.31787109375,1,Y,tuple:pure_Y,85,01010101,pure_Y,Y,1,1,pure_Y,0,1.0,1.0,1.0,0,0,0,1.0,1.0
adaptive_exploratory_posthoc_with_fresh_seed_replication,3e522a673f4b0875c1dd,101,original,0.95,3,nested,1,5,7,4,5,interval,5,1,0,1,0,0,left,0,1,0,1,0,0,left,0,1,9,13,7,9,interval,9,1,9,13,7,9,interval,9,1,9,13,7,9,interval,9,9,probe_selective_before_causal,9,probe_selective_before_behavior,0,unresolved_on_log_grid,1,7,9,5,7,interval,7,1,62,85,45,62,interval,62,1,62,85,45,62,interval,62,1,117,161,85,117,interval,117,1,117,161,85,117,interval,117,1,117,161,85,117,interval,117,55,probe_selective_before_causal,55,probe_selective_before_behavior,0,unresolved_on_log_grid,1,7,9,5,7,interval,7,1,222,304,161,222,interval,222,1,222,304,161,222,interval,222,1,418,575,304,418,interval,418,1,418,575,304,418,interval,418,1,418,575,304,418,interval,418,196,probe_selective_before_causal,196,probe_selective_before_behavior,0,unresolved_on_log_grid,D -> P -> D -> Q -> D -> Y,P -> Q -> Y,2,3,0,0.00799560546875,0.019775390625,0.9559326171875,0.01629638671875,Y,tuple:pure_Y,85,Y -> Y,tuple:pure_Y -> tuple:pure_Y,0.5,0.5,0.5,0.5,0.99365234375,0.298828125,0,0.5,0.5,0.5,0.5,0.99951171875,0.3046875,0,1.0,1.0,1.0,1.0,1.0,0.30517578125,1,Y,tuple:pure_Y,85,01010101,pure_Y,Y,1,1,pure_Y,0,1.0,1.0,1.0,0,0,0,1.0,1.0
adaptive_exploratory_posthoc_with_fresh_seed_replication,5c7aa087297c62b5d9bf,101,original,0.95,5,independent,1,5,7,4,5,interval,5,1,0,1,0,0,left,0,1,0,1,0,0,left,0,1,9,13,7,9,interval,9,1,9,13,7,9,interval,9,1,9,13,7,9,interval,9,9,probe_selective_before_causal,9,probe_selective_before_behavior,0,unresolved_on_log_grid,1,7,9,5,7,interval,7,1,45,62,33,45,interval,45,1,45,62,33,45,interval,45,1,85,117,62,85,interval,85,1,85,117,62,85,interval,85,1,85,117,62,85,interval,85,40,probe_selective_before_causal,40,probe_selective_before_behavior,0,unresolved_on_log_grid,1,33,45,24,33,interval,33,1,3444,4096,2896,3444,interval,3444,1,2048,2435,1491,2048,interval,2048,0,,,8192,,right,8192,0,,,8192,,right,8192,0,,,8192,,right,8192,,censored,,censored,,censored,D -> P -> Q -> D,P -> Q,1,2,0,0.00799560546875,0.0743408203125,0.0,0.91766357421875,D,tuple:majority_PQY,23,D -> D,tuple:majority_PQY -> raw_codeword_patch,0.687744140625,0.6810302734375,0.646240234375,0.6456298828125,0.984619140625,0.37646484375,0,0.744384765625,0.749267578125,0.666748046875,0.669189453125,0.928466796875,0.3203125,0,0.728759765625,0.7290771484375,0.830322265625,0.82841796875,0.969970703125,0.36181640625,0,D,raw_codeword_patch,23,00010111,majority_PQY,P+Q+Y,3,1,majority_PQY,0,0.893310546875,0.9296875,0.921630859375,0,1,0,0.7893880208333334,0.953125
adaptive_exploratory_posthoc_with_fresh_seed_replication,2ebca45208a0b3f041c4,101,original,0.95,5,nested,1,5,7,4,5,interval,5,1,0,1,0,0,left,0,1,0,1,0,0,left,0,1,9,13,7,9,interval,9,1,9,13,7,9,interval,9,1,9,13,7,9,interval,9,9,probe_selective_before_causal,9,probe_selective_before_behavior,0,unresolved_on_log_grid,1,7,9,5,7,interval,7,1,62,85,45,62,interval,62,1,62,85,45,62,interval,62,1,117,161,85,117,interval,117,1,117,161,85,117,interval,117,1,117,161,85,117,interval,117,55,probe_selective_before_causal,55,probe_selective_before_behavior,0,unresolved_on_log_grid,1,33,45,24,33,interval,33,1,1491,2048,1085,1491,interval,1491,1,1085,1491,790,1085,interval,1085,0,,,8192,,right,8192,0,,,8192,,right,8192,0,,,8192,,right,8192,,censored,,censored,,censored,D -> P -> Q -> D,P -> Q,1,2,0,0.0113525390625,0.07098388671875,0.0,0.91766357421875,D,tuple:nested_support_gate_Y_if_P_equals_Q_else_Q,113,D -> D,tuple:nested_support_gate_Y_if_P_equals_Q_else_Q -> tuple:nested_support_gate_Y_if_P_equals_Q_else_Q,0.29443359375,0.29345703125,0.340576171875,0.3424072265625,0.9951171875,0.345947265625,0,0.71435546875,0.714111328125,0.659423828125,0.6588134765625,0.99853515625,0.349365234375,0,0.78564453125,0.7859130859375,0.840576171875,0.842529296875,0.998046875,0.348876953125,0,D,tuple:nested_support_gate_Y_if_P_equals_Q_else_Q,113,01110001,nested_support_gate_Y_if_P_equals_Q_else_Q,P+Q+Y,3,0,nested_support_gate_Y_if_P_equals_Q_else_Q,0,0.909423828125,0.9140625,0.984130859375,1,0,0,1.0,0.3623046875
adaptive_exploratory_posthoc_with_fresh_seed_replication,c033d04cc41c06261877,101,original,0.99,3,independent,1,5,7,4,5,interval,5,1,0,1,0,0,left,0,1,0,1,0,0,left,0,1,9,13,7,9,interval,9,1,9,13,7,9,interval,9,1,9,13,7,9,interval,9,9,probe_selective_before_causal,9,probe_selective_before_behavior,0,unresolved_on_log_grid,1,7,9,5,7,interval,7,1,45,62,33,45,interval,45,1,45,62,33,45,interval,45,1,85,117,62,85,interval,85,1,85,117,62,85,interval,85,1,85,117,62,85,interval,85,40,probe_selective_before_causal,40,probe_selective_before_behavior,0,unresolved_on_log_grid,1,7,9,5,7,interval,7,1,790,1085,575,790,interval,790,1,790,1085,575,790,interval,790,0,,,8192,,right,8192,0,,,8192,,right,8192,0,,,8192,,right,8192,,censored,,censored,,censored,D -> P -> D -> Q -> D,P -> Q,1,2,0,0.00555419921875,0.0743408203125,0.0,0.92010498046875,D,tuple:majority_PQY,23,D -> D,tuple:majority_PQY -> raw_codeword_patch,0.68115234375,0.6802978515625,0.60205078125,0.5968017578125,0.997802734375,0.3154296875,0,0.74658203125,0.7515869140625,0.6083984375,0.60626220703125,0.99951171875,0.317138671875,0,0.75341796875,0.7527669270833333,0.8916015625,0.8954264322916667,1.0,0.317626953125,0,D,raw_codeword_patch,85,01010101,pure_Y,Y,1,1,pure_Y,0,0.8916015625,0.921875,0.9130859375,0,1,0,0.8597005208333334,0.9873046875
adaptive_exploratory_posthoc_with_fresh_seed_replication,e955da2970082d85c245,101,original,0.99,3,nested,1,5,7,4,5,interval,5,1,0,1,0,0,left,0,1,0,1,0,0,left,0,1,9,13,7,9,interval,9,1,9,13,7,9,interval,9,1,9,13,7,9,interval,9,9,probe_selective_before_causal,9,probe_selective_before_behavior,0,unresolved_on_log_grid,1,7,9,5,7,interval,7,1,45,62,33,45,interval,45,1,45,62,33,45,interval,45,1,85,117,62,85,interval,85,1,85,117,62,85,interval,85,1,85,117,62,85,interval,85,40,probe_selective_before_causal,40,probe_selective_before_behavior,0,unresolved_on_log_grid,1,7,9,5,7,interval,7,1,575,790,418,575,interval,575,1,575,790,418,575,interval,575,0,,,8192,,right,8192,0,,,8192,,right,8192,0,,,8192,,right,8192,,censored,,censored,,censored,D -> P -> Q -> D,P -> Q,1,2,0,0.00799560546875,0.0743408203125,0.0,0.91766357421875,D,tuple:nested_support_gate_Y_if_P_equals_Q_else_Q,113,D -> D,tuple:nested_support_gate_Y_if_P_equals_Q_else_Q -> raw_codeword_patch,0.307373046875,0.30517578125,0.3681640625,0.364990234375,0.998779296875,0.296142578125,0,0.756591796875,0.7568359375,0.65478515625,0.6552734375,1.0,0.29736328125,0,0.743408203125,0.7437337239583334,0.84521484375,0.8436279296875,1.0,0.29736328125,0,D,raw_codeword_patch,113,01110001,nested_support_gate_Y_if_P_equals_Q_else_Q,P+Q+Y,3,0,nested_support_gate_Y_if_P_equals_Q_else_Q,0,0.8818359375,0.890625,0.93505859375,0,1,0,0.9847005208333334,0.4267578125
adaptive_exploratory_posthoc_with_fresh_seed_replication,70151a0b4b7455ccbef2,101,original,0.99,5,independent,1,5,7,4,5,interval,5,1,0,1,0,0,left,0,1,0,1,0,0,left,0,1,9,13,7,9,interval,9,1,9,13,7,9,interval,9,1,9,13,7,9,interval,9,9,probe_selective_before_causal,9,probe_selective_before_behavior,0,unresolved_on_log_grid,1,7,9,5,7,interval,7,1,45,62,33,45,interval,45,1,45,62,33,45,interval,45,1,85,117,62,85,interval,85,1,85,117,62,85,interval,85,1,85,117,62,85,interval,85,40,probe_selective_before_causal,40,probe_selective_before_behavior,0,unresolved_on_log_grid,1,33,45,24,33,interval,33,0,,,8192,,right,8192,0,,,8192,,right,8192,0,,,8192,,right,8192,0,,,8192,,right,8192,0,,,8192,,right,8192,,censored,,censored,,censored,D -> P -> D -> Q,P -> Q,1,2,0,0.00555419921875,0.99102783203125,0.0,0.00341796875,Q,tuple:pure_Q,51,Q -> Q,tuple:pure_Q -> tuple:pure_Q,0.552734375,0.5538330078125,0.536865234375,0.5377197265625,0.978759765625,0.390380859375,0,0.9462890625,0.945068359375,0.962646484375,0.9610595703125,0.998779296875,0.410400390625,1,0.51708984375,0.5150390625,0.515380859375,0.5150634765625,0.636962890625,0.048583984375,0,Q,tuple:pure_Q,51,00110011,pure_Q,Q,1,1,pure_Q,0,0.962646484375,1.0,0.962646484375,0,0,0,0.65234375,0.1044921875
adaptive_exploratory_posthoc_with_fresh_seed_replication,1843c409d116600e1af7,101,original,0.99,5,nested,1,5,7,4,5,interval,5,1,0,1,0,0,left,0,1,0,1,0,0,left,0,1,9,13,7,9,interval,9,1,9,13,7,9,interval,9,1,9,13,7,9,interval,9,9,probe_selective_before_causal,9,probe_selective_before_behavior,0,unresolved_on_log_grid,1,7,9,5,7,interval,7,1,45,62,33,45,interval,45,1,45,62,33,45,interval,45,1,85,117,62,85,interval,85,1,85,117,62,85,interval,85,1,85,117,62,85,interval,85,40,probe_selective_before_causal,40,probe_selective_before_behavior,0,unresolved_on_log_grid,1,33,45,24,33,interval,33,0,,,8192,,right,8192,0,,,8192,,right,8192,0,,,8192,,right,8192,0,,,8192,,right,8192,0,,,8192,,right,8192,,censored,,censored,,censored,D -> P -> Q,P -> Q,1,2,0,0.00799560546875,0.99102783203125,0.0,0.0009765625,Q,tuple:pure_Q,51,Q -> Q,tuple:pure_Q -> tuple:pure_Q,0.4970703125,0.4971923828125,0.494384765625,0.493896484375,0.971435546875,0.39404296875,0,0.99609375,0.99627685546875,0.993896484375,0.99444580078125,0.999267578125,0.421875,1,0.5029296875,0.50322265625,0.504638671875,0.505419921875,0.6279296875,0.050537109375,0,Q,tuple:pure_Q,51,00110011,pure_Q,Q,1,1,pure_Q,0,0.993896484375,1.0,0.993896484375,0,0,0,0.6725260416666666,0.0009765625
adaptive_exploratory_posthoc_with_fresh_seed_replication,878c29b643ff90da2cfa,103,fresh,0.9,3,independent,1,3,4,2,3,interval,3,1,0,1,0,0,left,0,1,0,1,0,0,left,0,1,9,13,7,9,interval,9,1,9,13,7,9,interval,9,1,9,13,7,9,interval,9,9,probe_selective_before_causal,9,probe_selective_before_behavior,0,unresolved_on_log_grid,1,3,4,2,3,interval,3,1,45,62,33,45,interval,45,1,45,62,33,45,interval,45,0,,,8192,,right,8192,0,,,8192,,right,8192,0,,,8192,,right,8192,,censored,,censored,,censored,1,13,17,9,13,interval,13,1,222,304,161,222,interval,222,1,222,304,161,222,interval,222,1,304,418,222,304,interval,304,1,304,418,222,304,interval,304,1,304,418,222,304,interval,304,82,unresolved_on_log_grid,82,unresolved_on_log_grid,0,unresolved_on_log_grid,D -> P -> D -> Y,P -> Y,1,2,0,0.00799560546875,0.0,0.9678955078125,0.02410888671875,Y,tuple:pure_Y,85,Y -> Y,tuple:pure_Y -> tuple:pure_Y,0.5,0.5,0.5,0.5,1.0,0.302001953125,0,0.5,0.5,0.5,0.5,0.99072265625,0.292724609375,0,1.0,1.0,1.0,1.0,1.0,0.302001953125,1,Y,tuple:pure_Y,85,01010101,pure_Y,Y,1,1,pure_Y,0,1.0,1.0,1.0,0,0,0,1.0,1.0
adaptive_exploratory_posthoc_with_fresh_seed_replication,ac7a5a38b335e4a22f52,103,fresh,0.9,3,nested,1,3,4,2,3,interval,3,1,0,1,0,0,left,0,1,0,1,0,0,left,0,1,9,13,7,9,interval,9,1,9,13,7,9,interval,9,1,9,13,7,9,interval,9,9,probe_selective_before_causal,9,probe_selective_before_behavior,0,unresolved_on_log_grid,1,4,5,3,4,interval,4,0,,,8192,,right,8192,0,,,8192,,right,8192,0,,,8192,,right,8192,0,,,8192,,right,8192,0,,,8192,,right,8192,,censored,,censored,,censored,1,13,17,9,13,interval,13,1,161,222,117,161,interval,161,1,161,222,117,161,interval,161,1,222,304,161,222,interval,222,1,222,304,161,222,interval,222,1,222,304,161,222,interval,222,61,unresolved_on_log_grid,61,unresolved_on_log_grid,0,unresolved_on_log_grid,D -> P -> D -> Y,P -> Y,1,2,0,0.0159912109375,0.0,0.97662353515625,0.00738525390625,Y,tuple:pure_Y,85,Y -> Y,tuple:pure_Y -> tuple:pure_Y,0.5,0.5,0.5,0.5,1.0,0.291259765625,0,0.5,0.5,0.5,0.5,0.68212890625,-0.026611328125,0,1.0,1.0,1.0,1.0,1.0,0.291259765625,1,Y,tuple:pure_Y,85,01010101,pure_Y,Y,1,1,pure_Y,0,1.0,1.0,1.0,0,0,0,1.0,1.0
adaptive_exploratory_posthoc_with_fresh_seed_replication,328814530db2d09fd1d1,103,fresh,0.9,5,independent,1,3,4,2,3,interval,3,1,0,1,0,0,left,0,1,0,1,0,0,left,0,1,9,13,7,9,interval,9,1,9,13,7,9,interval,9,1,9,13,7,9,interval,9,9,probe_selective_before_causal,9,probe_selective_before_behavior,0,unresolved_on_log_grid,1,3,4,2,3,interval,3,1,45,62,33,45,interval,45,1,45,62,33,45,interval,45,0,,,8192,,right,8192,0,,,8192,,right,8192,0,,,8192,,right,8192,,censored,,censored,,censored,1,62,85,45,62,interval,62,1,1491,2048,1085,1491,interval,1491,1,1491,2048,1085,1491,interval,1491,1,1491,2048,1085,1491,interval,1491,1,1491,2048,1085,1491,interval,1491,1,1491,2048,1085,1491,interval,1491,0,unresolved_on_log_grid,0,unresolved_on_log_grid,0,unresolved_on_log_grid,D -> P -> D -> Y,P -> Y,1,2,0,0.00799560546875,0.0,0.8427734375,0.14923095703125,Y,tuple:pure_Y,85,Y -> Y,tuple:pure_Y -> tuple:pure_Y,0.5087890625,0.5084228515625,0.500244140625,0.5001220703125,0.97119140625,0.33837890625,0,0.5087890625,0.509765625,0.500244140625,0.5003662109375,0.9072265625,0.2744140625,0,0.9912109375,0.991064453125,0.999755859375,0.9997802734375,1.0,0.3671875,1,Y,tuple:pure_Y,85,01010101,pure_Y,Y,1,1,pure_Y,0,0.999755859375,1.0,0.999755859375,0,0,0,0.9996744791666666,1.0
adaptive_exploratory_posthoc_with_fresh_seed_replication,e8c570e90db01988159c,103,fresh,0.9,5,nested,1,3,4,2,3,interval,3,1,0,1,0,0,left,0,1,0,1,0,0,left,0,1,9,13,7,9,interval,9,1,9,13,7,9,interval,9,1,9,13,7,9,interval,9,9,probe_selective_before_causal,9,probe_selective_before_behavior,0,unresolved_on_log_grid,1,4,5,3,4,interval,4,0,,,8192,,right,8192,0,,,8192,,right,8192,0,,,8192,,right,8192,0,,,8192,,right,8192,0,,,8192,,right,8192,,censored,,censored,,censored,1,62,85,45,62,interval,62,1,575,790,418,575,interval,575,1,575,790,418,575,interval,575,1,575,790,418,575,interval,575,1,575,790,418,575,interval,575,1,575,790,418,575,interval,575,0,unresolved_on_log_grid,0,unresolved_on_log_grid,0,unresolved_on_log_grid,D -> P -> D -> Y,P -> Y,1,2,0,0.0430908203125,0.0,0.93939208984375,0.01751708984375,Y,tuple:pure_Y,85,Y -> Y,tuple:pure_Y -> tuple:pure_Y,0.5029296875,0.5030517578125,0.5,0.5,0.994140625,0.346435546875,0,0.4970703125,0.49700927734375,0.5,0.5,0.747802734375,0.10009765625,0,0.9970703125,0.9971435546875,1.0,1.0,1.0,0.352294921875,1,Y,tuple:pure_Y,85,01010101,pure_Y,Y,1,1,pure_Y,0,1.0,1.0,1.0,0,0,0,1.0,1.0
adaptive_exploratory_posthoc_with_fresh_seed_replication,29ea57d002078a812384,103,fresh,0.95,3,independent,1,3,4,2,3,interval,3,1,0,1,0,0,left,0,1,0,1,0,0,left,0,1,9,13,7,9,interval,9,1,9,13,7,9,interval,9,1,9,13,7,9,interval,9,9,probe_selective_before_causal,9,probe_selective_before_behavior,0,unresolved_on_log_grid,1,4,5,3,4,interval,4,1,45,62,33,45,interval,45,1,33,45,24,33,interval,33,1,85,117,62,85,interval,85,1,85,117,62,85,interval,85,1,85,117,62,85,interval,85,52,probe_selective_before_causal,52,probe_selective_before_behavior,0,unresolved_on_log_grid,1,13,17,9,13,interval,13,1,304,418,222,304,interval,304,1,304,418,222,304,interval,304,1,418,575,304,418,interval,418,1,418,575,304,418,interval,418,1,418,575,304,418,interval,418,114,unresolved_on_log_grid,114,unresolved_on_log_grid,0,unresolved_on_log_grid,D -> P -> D -> Q -> D -> Y,P -> Q -> Y,2,3,0,0.00555419921875,0.014404296875,0.9559326171875,0.02410888671875,Y,tuple:pure_Y,85,Y -> Y,tuple:pure_Y -> tuple:pure_Y,0.5,0.5,0.5,0.5,1.0,0.26953125,0,0.5,0.5,0.5,0.5,0.9990234375,0.2685546875,0,1.0,1.0,1.0,1.0,1.0,0.26953125,1,Y,tuple:pure_Y,85,01010101,pure_Y,Y,1,1,pure_Y,0,1.0,1.0,1.0,0,0,0,1.0,1.0
adaptive_exploratory_posthoc_with_fresh_seed_replication,bf21dc5632330dbf6c17,103,fresh,0.95,3,nested,1,3,4,2,3,interval,3,1,0,1,0,0,left,0,1,0,1,0,0,left,0,1,9,13,7,9,interval,9,1,9,13,7,9,interval,9,1,9,13,7,9,interval,9,9,probe_selective_before_causal,9,probe_selective_before_behavior,0,unresolved_on_log_grid,1,4,5,3,4,interval,4,1,62,85,45,62,interval,62,1,45,62,33,45,interval,45,1,117,161,85,117,interval,117,1,117,161,85,117,interval,117,1,117,161,85,117,interval,117,72,probe_selective_before_causal,72,probe_selective_before_behavior,0,unresolved_on_log_grid,1,13,17,9,13,interval,13,1,222,304,161,222,interval,222,1,222,304,161,222,interval,222,1,575,790,418,575,interval,575,1,575,790,418,575,interval,575,1,575,790,418,575,interval,575,353,probe_selective_before_causal,353,probe_selective_before_behavior,0,unresolved_on_log_grid,D -> P -> D -> Q -> D -> Y,P -> Q -> Y,2,3,0,0.00799560546875,0.01104736328125,0.93939208984375,0.04156494140625,Y,tuple:pure_Y,85,Y -> Y,tuple:pure_Y -> tuple:pure_Y,0.49462890625,0.4947509765625,0.5,0.5,0.9990234375,0.231689453125,0,0.50537109375,0.5052490234375,0.5,0.5,1.0,0.232666015625,0,0.99462890625,0.9951985677083333,1.0,1.0,1.0,0.232666015625,1,Y,tuple:pure_Y,85,01010101,pure_Y,Y,1,1,pure_Y,0,1.0,1.0,1.0,0,0,0,1.0,1.0
adaptive_exploratory_posthoc_with_fresh_seed_replication,00b2675d352468f47c79,103,fresh,0.95,5,independent,1,3,4,2,3,interval,3,1,0,1,0,0,left,0,1,0,1,0,0,left,0,1,9,13,7,9,interval,9,1,9,13,7,9,interval,9,1,9,13,7,9,interval,9,9,probe_selective_before_causal,9,probe_selective_before_behavior,0,unresolved_on_log_grid,1,4,5,3,4,interval,4,1,45,62,33,45,interval,45,1,33,45,24,33,interval,33,1,85,117,62,85,interval,85,1,85,117,62,85,interval,85,1,85,117,62,85,interval,85,52,probe_selective_before_causal,52,probe_selective_before_behavior,0,unresolved_on_log_grid,1,62,85,45,62,interval,62,1,3444,4096,2896,3444,interval,3444,1,2435,2896,2048,2435,interval,2435,0,,,8192,,right,8192,0,,,8192,,right,8192,0,,,8192,,right,8192,,censored,,censored,,censored,D -> P -> D -> Q -> D,P -> Q,1,2,0,0.00555419921875,0.0743408203125,0.0,0.92010498046875,D,raw_codeword_patch,23,D -> D,raw_codeword_patch -> raw_codeword_patch,0.697509765625,0.7000732421875,0.658935546875,0.6600341796875,0.98583984375,0.36474609375,0,0.789306640625,0.7913818359375,0.685791015625,0.686767578125,0.9189453125,0.2978515625,0,0.653076171875,0.6538330078125,0.804443359375,0.8034423828125,0.98388671875,0.36279296875,0,D,raw_codeword_patch,23,00010111,majority_PQY,P+Q+Y,3,1,majority_PQY,0,0.899169921875,0.94140625,0.920166015625,0,1,0,0.763671875,0.9267578125
adaptive_exploratory_posthoc_with_fresh_seed_replication,c803c04fba63f352aec1,103,fresh,0.95,5,nested,1,3,4,2,3,interval,3,1,0,1,0,0,left,0,1,0,1,0,0,left,0,1,9,13,7,9,interval,9,1,9,13,7,9,interval,9,1,9,13,7,9,interval,9,9,probe_selective_before_causal,9,probe_selective_before_behavior,0,unresolved_on_log_grid,1,4,5,3,4,interval,4,1,62,85,45,62,interval,62,1,45,62,33,45,interval,45,1,117,161,85,117,interval,117,1,117,161,85,117,interval,117,1,117,161,85,117,interval,117,72,probe_selective_before_causal,72,probe_selective_before_behavior,0,unresolved_on_log_grid,1,62,85,45,62,interval,62,1,1085,1491,790,1085,interval,1085,1,790,1085,575,790,interval,790,0,,,8192,,right,8192,0,,,8192,,right,8192,0,,,8192,,right,8192,,censored,,censored,,censored,D -> P -> D -> Q -> D,P -> Q,1,2,0,0.00799560546875,0.07098388671875,0.0,0.9210205078125,D,tuple:nested_support_gate_Y_if_P_equals_Q_else_Q,113,D -> D,tuple:nested_support_gate_Y_if_P_equals_Q_else_Q -> tuple:nested_support_gate_Y_if_P_equals_Q_else_Q,0.26123046875,0.262939453125,0.291748046875,0.2913818359375,0.990234375,0.294921875,0,0.7392578125,0.73773193359375,0.708251953125,0.70751953125,0.98828125,0.29296875,0,0.7607421875,0.7613037109375,0.791748046875,0.7922119140625,0.998779296875,0.303466796875,0,D,tuple:nested_support_gate_Y_if_P_equals_Q_else_Q,113,01110001,nested_support_gate_Y_if_P_equals_Q_else_Q,P+Q+Y,3,0,nested_support_gate_Y_if_P_equals_Q_else_Q,0,0.958251953125,0.95703125,0.982666015625,1,0,0,1.0,0.1669921875
adaptive_exploratory_posthoc_with_fresh_seed_replication,4ea41b6a943c6d7ddcba,103,fresh,0.99,3,independent,1,3,4,2,3,interval,3,1,0,1,0,0,left,0,1,0,1,0,0,left,0,1,9,13,7,9,interval,9,1,9,13,7,9,interval,9,1,9,13,7,9,interval,9,9,probe_selective_before_causal,9,probe_selective_before_behavior,0,unresolved_on_log_grid,1,4,5,3,4,interval,4,1,33,45,24,33,interval,33,1,33,45,24,33,interval,33,1,85,117,62,85,interval,85,1,85,117,62,85,interval,85,1,85,117,62,85,interval,85,52,probe_selective_before_causal,52,probe_selective_before_behavior,0,unresolved_on_log_grid,1,13,17,9,13,interval,13,1,790,1085,575,790,interval,790,1,575,790,418,575,interval,575,0,,,8192,,right,8192,0,,,8192,,right,8192,0,,,8192,,right,8192,,censored,,censored,,censored,D -> P -> D -> Q -> D -> Y,P -> Q,1,2,0,0.00555419921875,0.0743408203125,0.0794677734375,0.84063720703125,D,tuple:majority_PQY,23,D -> Y,tuple:majority_PQY -> tuple:pure_Y,0.67529296875,0.673095703125,0.589599609375,0.59033203125,0.999267578125,0.292724609375,0,0.68701171875,0.6832275390625,0.589599609375,0.589111328125,0.99951171875,0.29296875,0,0.81298828125,0.8135579427083333,0.910400390625,0.908935546875,1.0,0.29345703125,1,Y,tuple:pure_Y,85,01010101,pure_Y,Y,1,1,pure_Y,0,0.910400390625,0.921875,0.954345703125,0,0,0,0.8805338541666666,1.0
adaptive_exploratory_posthoc_with_fresh_seed_replication,f1017705862548004ffc,103,fresh,0.99,3,nested,1,3,4,2,3,interval,3,1,0,1,0,0,left,0,1,0,1,0,0,left,0,1,9,13,7,9,interval,9,1,9,13,7,9,interval,9,1,9,13,7,9,interval,9,9,probe_selective_before_causal,9,probe_selective_before_behavior,0,unresolved_on_log_grid,1,4,5,3,4,interval,4,1,33,45,24,33,interval,33,1,33,45,24,33,interval,33,1,85,117,62,85,interval,85,1,85,117,62,85,interval,85,1,85,117,62,85,interval,85,52,probe_selective_before_causal,52,probe_selective_before_behavior,0,unresolved_on_log_grid,1,13,17,9,13,interval,13,1,575,790,418,575,interval,575,1,575,790,418,575,interval,575,0,,,8192,,right,8192,0,,,8192,,right,8192,0,,,8192,,right,8192,,censored,,censored,,censored,D -> P -> D -> Q -> D,P -> Q,1,2,0,0.00555419921875,0.0516357421875,0.0,0.94281005859375,D,tuple:nested_support_gate_Y_if_P_equals_Q_else_Q,113,D -> D,tuple:nested_support_gate_Y_if_P_equals_Q_else_Q -> raw_codeword_patch,0.3076171875,0.3057861328125,0.359375,0.358154296875,0.99609375,0.267333984375,0,0.75244140625,0.7506103515625,0.65234375,0.6512451171875,1.0,0.271240234375,0,0.74755859375,0.7483317057291666,0.84765625,0.8483479817708333,1.0,0.271240234375,0,D,raw_codeword_patch,113,01110001,nested_support_gate_Y_if_P_equals_Q_else_Q,P+Q+Y,3,0,nested_support_gate_Y_if_P_equals_Q_else_Q,0,0.890625,0.921875,0.92919921875,0,1,0,0.9921875,0.4140625
adaptive_exploratory_posthoc_with_fresh_seed_replication,6c1d292456f4351e04b2,103,fresh,0.99,5,independent,1,3,4,2,3,interval,3,1,0,1,0,0,left,0,1,0,1,0,0,left,0,1,9,13,7,9,interval,9,1,9,13,7,9,interval,9,1,9,13,7,9,interval,9,9,probe_selective_before_causal,9,probe_selective_before_behavior,0,unresolved_on_log_grid,1,4,5,3,4,interval,4,1,45,62,33,45,interval,45,1,33,45,24,33,interval,33,1,85,117,62,85,interval,85,1,85,117,62,85,interval,85,1,85,117,62,85,interval,85,52,probe_selective_before_causal,52,probe_selective_before_behavior,0,unresolved_on_log_grid,1,62,85,45,62,interval,62,0,,,8192,,right,8192,0,,,8192,,right,8192,0,,,8192,,right,8192,0,,,8192,,right,8192,0,,,8192,,right,8192,,censored,,censored,,censored,D -> P -> D -> Q,P -> Q,1,2,0,0.00555419921875,0.99102783203125,0.0,0.00341796875,Q,tuple:pure_Q,51,Q -> Q,tuple:pure_Q -> tuple:pure_Q,0.542724609375,0.5426025390625,0.528076171875,0.5263671875,0.99072265625,0.380859375,0,0.956787109375,0.951904296875,0.971435546875,0.96875,0.999755859375,0.389892578125,1,0.500732421875,0.501123046875,0.501708984375,0.5013916015625,0.493896484375,-0.115966796875,0,Q,tuple:pure_Q,51,00110011,pure_Q,Q,1,1,pure_Q,0,0.971435546875,1.0,0.971435546875,0,0,0,0.6490885416666666,0.0595703125
adaptive_exploratory_posthoc_with_fresh_seed_replication,ce004dd8333306b6d895,103,fresh,0.99,5,nested,1,3,4,2,3,interval,3,1,0,1,0,0,left,0,1,0,1,0,0,left,0,1,9,13,7,9,interval,9,1,9,13,7,9,interval,9,1,9,13,7,9,interval,9,9,probe_selective_before_causal,9,probe_selective_before_behavior,0,unresolved_on_log_grid,1,4,5,3,4,interval,4,1,45,62,33,45,interval,45,1,33,45,24,33,interval,33,1,85,117,62,85,interval,85,1,85,117,62,85,interval,85,1,85,117,62,85,interval,85,52,probe_selective_before_causal,52,probe_selective_before_behavior,0,unresolved_on_log_grid,1,62,85,45,62,interval,62,0,,,8192,,right,8192,0,,,8192,,right,8192,0,,,8192,,right,8192,0,,,8192,,right,8192,0,,,8192,,right,8192,,censored,,censored,,censored,D -> P -> D -> Q,P -> Q,1,2,0,0.00555419921875,0.99102783203125,0.0,0.00341796875,Q,tuple:pure_Q,51,Q -> Q,tuple:pure_Q -> tuple:pure_Q,0.498046875,0.4984130859375,0.497802734375,0.4976806640625,0.97119140625,0.379638671875,0,0.998046875,0.998046875,0.997314453125,0.9970703125,0.999267578125,0.40771484375,1,0.50146484375,0.5012451171875,0.501708984375,0.5021240234375,0.5126953125,-0.078857421875,0,Q,tuple:pure_Q,51,00110011,pure_Q,Q,1,1,pure_Q,0,0.997314453125,1.0,0.997314453125,0,0,0,0.6689453125,0.0
adaptive_exploratory_posthoc_with_fresh_seed_replication,6f9e009bd86c9d56fa30,107,fresh,0.9,3,independent,1,1,2,0,1,interval,1,1,2,3,1,2,interval,2,1,0,1,0,0,left,0,1,7,9,5,7,interval,7,1,7,9,5,7,interval,7,1,7,9,5,7,interval,7,7,probe_selective_before_causal,7,probe_selective_before_behavior,0,unresolved_on_log_grid,1,4,5,3,4,interval,4,1,33,45,24,33,interval,33,1,33,45,24,33,interval,33,0,,,8192,,right,8192,0,,,8192,,right,8192,0,,,8192,,right,8192,,censored,,censored,,censored,1,7,9,5,7,interval,7,1,161,222,117,161,interval,161,1,161,222,117,161,interval,161,1,304,418,222,304,interval,304,1,304,418,222,304,interval,304,1,304,418,222,304,interval,304,143,probe_selective_before_causal,143,probe_selective_before_behavior,0,unresolved_on_log_grid,D -> P -> D -> Y,P -> Y,1,2,0,0.00579833984375,0.0,0.9678955078125,0.02630615234375,Y,tuple:pure_Y,85,Y -> Y,tuple:pure_Y -> tuple:pure_Y,0.5,0.5,0.5,0.5,0.9990234375,0.327880859375,0,0.5,0.5,0.5,0.5,0.977783203125,0.306640625,0,1.0,1.0,1.0,1.0,1.0,0.328857421875,1,Y,tuple:pure_Y,85,01010101,pure_Y,Y,1,1,pure_Y,0,1.0,1.0,1.0,0,0,0,1.0,1.0
adaptive_exploratory_posthoc_with_fresh_seed_replication,a43a86699e83c5c41cfa,107,fresh,0.9,3,nested,1,1,2,0,1,interval,1,1,2,3,1,2,interval,2,1,0,1,0,0,left,0,1,7,9,5,7,interval,7,1,7,9,5,7,interval,7,1,7,9,5,7,interval,7,7,probe_selective_before_causal,7,probe_selective_before_behavior,0,unresolved_on_log_grid,1,5,7,4,5,interval,5,0,,,8192,,right,8192,0,,,8192,,right,8192,0,,,8192,,right,8192,0,,,8192,,right,8192,0,,,8192,,right,8192,,censored,,censored,,censored,1,7,9,5,7,interval,7,1,117,161,85,117,interval,117,1,117,161,85,117,interval,117,1,161,222,117,161,interval,161,1,161,222,117,161,interval,161,1,161,222,117,161,interval,161,44,unresolved_on_log_grid,44,unresolved_on_log_grid,0,unresolved_on_log_grid,D -> P -> Y,P -> Y,1,2,0,0.0162353515625,0.0,0.9830322265625,0.000732421875,Y,tuple:pure_Y,85,Y -> Y,tuple:pure_Y -> tuple:pure_Y,0.5,0.5,0.5,0.5,1.0,0.3232421875,0,0.5,0.5,0.5,0.5,0.665283203125,-0.011474609375,0,1.0,1.0,1.0,1.0,1.0,0.3232421875,1,Y,tuple:pure_Y,85,01010101,pure_Y,Y,1,1,pure_Y,0,1.0,1.0,1.0,0,0,0,1.0,1.0
adaptive_exploratory_posthoc_with_fresh_seed_replication,04fb67cf980b6bca77be,107,fresh,0.9,5,independent,1,1,2,0,1,interval,1,1,1,2,0,1,interval,1,1,0,1,0,0,left,0,1,7,9,5,7,interval,7,1,7,9,5,7,interval,7,1,7,9,5,7,interval,7,7,probe_selective_before_causal,7,probe_selective_before_behavior,0,unresolved_on_log_grid,1,4,5,3,4,interval,4,1,45,62,33,45,interval,45,1,33,45,24,33,interval,33,0,,,8192,,right,8192,0,,,8192,,right,8192,0,,,8192,,right,8192,,censored,,censored,,censored,1,33,45,24,33,interval,33,1,1491,2048,1085,1491,interval,1491,1,1491,2048,1085,1491,interval,1491,1,2048,2435,1491,2048,interval,2048,1,2048,2435,1491,2048,interval,2048,1,2048,2435,1491,2048,interval,2048,557,unresolved_on_log_grid,557,unresolved_on_log_grid,0,unresolved_on_log_grid,D -> P -> D -> Y,P -> Y,1,2,0,0.00579833984375,0.0,0.78399658203125,0.210205078125,Y,tuple:pure_Y,85,Y -> Y,tuple:pure_Y -> tuple:pure_Y,0.537353515625,0.5362548828125,0.5,0.5003662109375,0.972900390625,0.340576171875,0,0.537353515625,0.53662109375,0.5,0.50006103515625,0.85400390625,0.2216796875,0,0.962646484375,0.96240234375,1.0,0.9998779296875,1.0,0.36767578125,1,Y,tuple:pure_Y,85,01010101,pure_Y,Y,1,1,pure_Y,0,1.0,1.0,1.0,0,0,0,1.0,1.0
adaptive_exploratory_posthoc_with_fresh_seed_replication,d810bdb2f68ff24c2039,107,fresh,0.9,5,nested,1,1,2,0,1,interval,1,1,1,2,0,1,interval,1,1,0,1,0,0,left,0,1,7,9,5,7,interval,7,1,7,9,5,7,interval,7,1,7,9,5,7,interval,7,7,probe_selective_before_causal,7,probe_selective_before_behavior,0,unresolved_on_log_grid,1,5,7,4,5,interval,5,0,,,8192,,right,8192,0,,,8192,,right,8192,0,,,8192,,right,8192,0,,,8192,,right,8192,0,,,8192,,right,8192,,censored,,censored,,censored,1,33,45,24,33,interval,33,1,418,575,304,418,interval,418,1,418,575,304,418,interval,418,1,575,790,418,575,interval,575,1,575,790,418,575,interval,575,1,575,790,418,575,interval,575,157,unresolved_on_log_grid,157,unresolved_on_log_grid,0,unresolved_on_log_grid,D -> P -> D -> Y,P -> Y,1,2,0,0.0433349609375,0.0,0.93939208984375,0.01727294921875,Y,tuple:pure_Y,85,Y -> Y,tuple:pure_Y -> tuple:pure_Y,0.5,0.5,0.5,0.5,0.9990234375,0.346435546875,0,0.5,0.5,0.5,0.5,0.682373046875,0.02978515625,0,1.0,1.0,1.0,1.0,1.0,0.347412109375,1,Y,tuple:pure_Y,85,01010101,pure_Y,Y,1,1,pure_Y,0,1.0,1.0,1.0,0,0,0,1.0,1.0
adaptive_exploratory_posthoc_with_fresh_seed_replication,db6a1972ada6d9e29973,107,fresh,0.95,3,independent,1,1,2,0,1,interval,1,1,2,3,1,2,interval,2,1,0,1,0,0,left,0,1,7,9,5,7,interval,7,1,7,9,5,7,interval,7,1,7,9,5,7,interval,7,7,probe_selective_before_causal,7,probe_selective_before_behavior,0,unresolved_on_log_grid,1,5,7,4,5,interval,5,1,33,45,24,33,interval,33,1,33,45,24,33,interval,33,1,85,117,62,85,interval,85,1,85,117,62,85,interval,85,1,85,117,62,85,interval,85,52,probe_selective_before_causal,52,probe_selective_before_behavior,0,unresolved_on_log_grid,1,7,9,5,7,interval,7,1,222,304,161,222,interval,222,1,161,222,117,161,interval,161,1,418,575,304,418,interval,418,1,418,575,304,418,interval,418,1,418,575,304,418,interval,418,257,probe_selective_before_causal,257,probe_selective_before_behavior,0,unresolved_on_log_grid,D -> P -> D -> Q -> D -> Y,P -> Q -> Y,2,3,0,0.00579833984375,0.00799560546875,0.9559326171875,0.0302734375,Y,tuple:pure_Y,85,Y -> Y,tuple:pure_Y -> tuple:pure_Y,0.5,0.5,0.5,0.5,0.999267578125,0.328125,0,0.5,0.5,0.5,0.5,0.994140625,0.322998046875,0,1.0,1.0,1.0,1.0,1.0,0.328857421875,1,Y,tuple:pure_Y,85,01010101,pure_Y,Y,1,1,pure_Y,0,1.0,1.0,1.0,0,0,0,1.0,1.0
adaptive_exploratory_posthoc_with_fresh_seed_replication,f0416ce7e99fb02f4ddb,107,fresh,0.95,3,nested,1,1,2,0,1,interval,1,1,2,3,1,2,interval,2,1,0,1,0,0,left,0,1,7,9,5,7,interval,7,1,7,9,5,7,interval,7,1,7,9,5,7,interval,7,7,probe_selective_before_causal,7,probe_selective_before_behavior,0,unresolved_on_log_grid,1,7,9,5,7,interval,7,1,45,62,33,45,interval,45,1,33,45,24,33,interval,33,1,85,117,62,85,interval,85,1,85,117,62,85,interval,85,1,85,117,62,85,interval,85,52,probe_selective_before_causal,52,probe_selective_before_behavior,0,unresolved_on_log_grid,1,7,9,5,7,interval,7,1,161,222,117,161,interval,161,1,161,222,117,161,interval,161,1,304,418,222,304,interval,304,1,304,418,222,304,interval,304,1,304,418,222,304,interval,304,143,probe_selective_before_causal,143,probe_selective_before_behavior,0,unresolved_on_log_grid,D -> P -> Q -> D -> Y,P -> Q -> Y,2,3,0,0.00823974609375,0.014404296875,0.9678955078125,0.00946044921875,Y,tuple:pure_Y,85,Y -> Y,tuple:pure_Y -> tuple:pure_Y,0.49951171875,0.4989013671875,0.5,0.5,0.99951171875,0.29931640625,0,0.50048828125,0.5008544921875,0.5,0.5,0.99951171875,0.29931640625,0,0.99951171875,0.999267578125,1.0,1.0,1.0,0.2998046875,1,Y,tuple:pure_Y,85,01010101,pure_Y,Y,1,1,pure_Y,0,1.0,1.0,1.0,0,0,0,1.0,1.0
adaptive_exploratory_posthoc_with_fresh_seed_replication,3976eb80f83ada3fa8f0,107,fresh,0.95,5,independent,1,1,2,0,1,interval,1,1,1,2,0,1,interval,1,1,0,1,0,0,left,0,1,7,9,5,7,interval,7,1,7,9,5,7,interval,7,1,7,9,5,7,interval,7,7,probe_selective_before_causal,7,probe_selective_before_behavior,0,unresolved_on_log_grid,1,5,7,4,5,interval,5,1,33,45,24,33,interval,33,1,33,45,24,33,interval,33,1,85,117,62,85,interval,85,1,85,117,62,85,interval,85,1,85,117,62,85,interval,85,52,probe_selective_before_causal,52,probe_selective_before_behavior,0,unresolved_on_log_grid,1,33,45,24,33,interval,33,1,3444,4096,2896,3444,interval,3444,1,2435,2896,2048,2435,interval,2435,0,,,8192,,right,8192,0,,,8192,,right,8192,0,,,8192,,right,8192,,censored,,censored,,censored,D -> P -> D -> Q -> D -> Q -> D,P -> Q,1,2,0,0.00579833984375,0.082763671875,0.0,0.91143798828125,D,raw_codeword_patch,23,D -> D,raw_codeword_patch -> tuple:majority_PQY,0.653564453125,0.6571044921875,0.66064453125,0.657958984375,0.945556640625,0.3134765625,0,0.835693359375,0.83758544921875,0.69970703125,0.69580078125,0.90380859375,0.271728515625,0,0.620849609375,0.619873046875,0.7958984375,0.7939453125,0.981201171875,0.34912109375,0,D,tuple:majority_PQY,23,00010111,majority_PQY,P+Q+Y,3,1,majority_PQY,0,0.90625,0.953125,0.9228515625,1,0,0,0.7568359375,0.9130859375
adaptive_exploratory_posthoc_with_fresh_seed_replication,9679885c300ff130e4c0,107,fresh,0.95,5,nested,1,1,2,0,1,interval,1,1,2,3,1,2,interval,2,1,0,1,0,0,left,0,1,7,9,5,7,interval,7,1,7,9,5,7,interval,7,1,7,9,5,7,interval,7,7,probe_selective_before_causal,7,probe_selective_before_behavior,0,unresolved_on_log_grid,1,7,9,5,7,interval,7,1,45,62,33,45,interval,45,1,33,45,24,33,interval,33,1,85,117,62,85,interval,85,1,85,117,62,85,interval,85,1,85,117,62,85,interval,85,52,probe_selective_before_causal,52,probe_selective_before_behavior,0,unresolved_on_log_grid,1,33,45,24,33,interval,33,1,1085,1491,790,1085,interval,1085,1,1085,1491,790,1085,interval,1085,0,,,8192,,right,8192,0,,,8192,,right,8192,0,,,8192,,right,8192,,censored,,censored,,censored,D -> P -> Q -> D,P -> Q,1,2,0,0.00823974609375,0.0743408203125,0.0,0.91741943359375,D,tuple:nested_support_gate_Y_if_P_equals_Q_else_Q,113,D -> D,tuple:nested_support_gate_Y_if_P_equals_Q_else_Q -> tuple:nested_support_gate_Y_if_P_equals_Q_else_Q,0.25830078125,0.2578125,0.2578125,0.25732421875,0.986572265625,0.327880859375,0,0.75830078125,0.7579345703125,0.7509765625,0.74981689453125,0.990234375,0.33154296875,0,0.74169921875,0.7419921875,0.7490234375,0.7489013671875,0.9912109375,0.33251953125,0,D,tuple:nested_support_gate_Y_if_P_equals_Q_else_Q,113,01110001,nested_support_gate_Y_if_P_equals_Q_else_Q,P+Q+Y,3,0,nested_support_gate_Y_if_P_equals_Q_else_Q,0,0.9921875,0.99609375,0.99462890625,1,0,0,0.994140625,0.013671875
adaptive_exploratory_posthoc_with_fresh_seed_replication,7c81392d2855dc11db1c,107,fresh,0.99,3,independent,1,1,2,0,1,interval,1,1,2,3,1,2,interval,2,1,0,1,0,0,left,0,1,7,9,5,7,interval,7,1,7,9,5,7,interval,7,1,7,9,5,7,interval,7,7,probe_selective_before_causal,7,probe_selective_before_behavior,0,unresolved_on_log_grid,1,5,7,4,5,interval,5,1,33,45,24,33,interval,33,1,24,33,17,24,interval,24,1,62,85,45,62,interval,62,1,62,85,45,62,interval,62,1,62,85,45,62,interval,62,38,probe_selective_before_causal,38,probe_selective_before_behavior,0,unresolved_on_log_grid,1,7,9,5,7,interval,7,1,418,575,304,418,interval,418,1,418,575,304,418,interval,418,1,4096,4871,3444,4096,interval,4096,1,4096,4871,3444,4096,interval,4096,1,4096,4871,3444,4096,interval,4096,3678,probe_selective_before_causal,3678,probe_selective_before_behavior,0,unresolved_on_log_grid,D -> P -> Q -> D -> Y,P -> Q -> Y,2,3,0,0.00579833984375,0.0540771484375,0.539794921875,0.40032958984375,D,raw_codeword_patch,87,D -> Y,raw_codeword_patch -> tuple:pure_Y,0.631591796875,0.6322021484375,0.5458984375,0.54443359375,0.9873046875,0.259033203125,0,0.638916015625,0.6402587890625,0.5458984375,0.54705810546875,0.999755859375,0.271484375,0,0.861083984375,0.8587646484375,0.9541015625,0.954833984375,1.0,0.271728515625,1,Y,tuple:pure_Y,85,01010101,pure_Y,Y,1,1,pure_Y,0,0.9541015625,0.984375,0.962890625,0,0,0,0.9388020833333334,1.0
adaptive_exploratory_posthoc_with_fresh_seed_replication,abd10d33eca384b039f0,107,fresh,0.99,3,nested,1,1,2,0,1,interval,1,1,2,3,1,2,interval,2,1,0,1,0,0,left,0,1,7,9,5,7,interval,7,1,7,9,5,7,interval,7,1,7,9,5,7,interval,7,7,probe_selective_before_causal,7,probe_selective_before_behavior,0,unresolved_on_log_grid,1,5,7,4,5,interval,5,1,33,45,24,33,interval,33,1,24,33,17,24,interval,24,1,62,85,45,62,interval,62,1,62,85,45,62,interval,62,1,62,85,45,62,interval,62,38,probe_selective_before_causal,38,probe_selective_before_behavior,0,unresolved_on_log_grid,1,7,9,5,7,interval,7,1,418,575,304,418,interval,418,1,418,575,304,418,interval,418,1,5793,6890,4871,5793,interval,5793,1,5793,6890,4871,5793,interval,5793,1,5793,6890,4871,5793,interval,5793,5375,probe_selective_before_causal,5375,probe_selective_before_behavior,0,unresolved_on_log_grid,D -> P -> Q -> D -> Y,P -> Q -> Y,2,3,0,0.00579833984375,0.03753662109375,0.34912109375,0.6075439453125,D,tuple:nested_support_gate_Y_if_P_equals_Q_else_Q,113,D -> Y,tuple:nested_support_gate_Y_if_P_equals_Q_else_Q -> tuple:pure_Y,0.326171875,0.3270263671875,0.43505859375,0.4346923828125,0.99609375,0.262939453125,0,0.6865234375,0.6868896484375,0.56591796875,0.56610107421875,0.999755859375,0.2666015625,0,0.8134765625,0.8158772786458333,0.93408203125,0.93310546875,1.0,0.266845703125,1,Y,tuple:pure_Y,85,01010101,pure_Y,Y,1,1,pure_Y,0,0.93408203125,0.953125,0.9482421875,0,0,0,0.9993489583333334,0.73828125
adaptive_exploratory_posthoc_with_fresh_seed_replication,4a384f64ed73a8d4e4ab,107,fresh,0.99,5,independent,1,1,2,0,1,interval,1,1,1,2,0,1,interval,1,1,0,1,0,0,left,0,1,7,9,5,7,interval,7,1,7,9,5,7,interval,7,1,7,9,5,7,interval,7,7,probe_selective_before_causal,7,probe_selective_before_behavior,0,unresolved_on_log_grid,1,5,7,4,5,interval,5,1,33,45,24,33,interval,33,1,24,33,17,24,interval,24,1,62,85,45,62,interval,62,1,62,85,45,62,interval,62,1,62,85,45,62,interval,62,38,probe_selective_before_causal,38,probe_selective_before_behavior,0,unresolved_on_log_grid,1,33,45,24,33,interval,33,0,,,8192,,right,8192,0,,,8192,,right,8192,0,,,8192,,right,8192,0,,,8192,,right,8192,0,,,8192,,right,8192,,censored,,censored,,censored,D -> P -> Q,P -> Q,1,2,0,0.00579833984375,0.99346923828125,0.0,0.000732421875,Q,tuple:pure_Q,51,Q -> Q,tuple:pure_Q -> tuple:pure_Q,0.53466796875,0.531982421875,0.536865234375,0.5350341796875,0.988525390625,0.388671875,0,0.96435546875,0.9656982421875,0.962646484375,0.96380615234375,0.999755859375,0.39990234375,1,0.50146484375,0.500927734375,0.499755859375,0.501904296875,0.498291015625,-0.1015625,0,Q,tuple:pure_Q,51,00110011,pure_Q,Q,1,1,pure_Q,0,0.962646484375,1.0,0.962646484375,0,0,0,0.6419270833333334,0.0732421875
adaptive_exploratory_posthoc_with_fresh_seed_replication,37f9e13c124702545cb4,107,fresh,0.99,5,nested,1,1,2,0,1,interval,1,1,1,2,0,1,interval,1,1,0,1,0,0,left,0,1,7,9,5,7,interval,7,1,7,9,5,7,interval,7,1,7,9,5,7,interval,7,7,probe_selective_before_causal,7,probe_selective_before_behavior,0,unresolved_on_log_grid,1,5,7,4,5,interval,5,1,33,45,24,33,interval,33,1,24,33,17,24,interval,24,1,62,85,45,62,interval,62,1,62,85,45,62,interval,62,1,62,85,45,62,interval,62,38,probe_selective_before_causal,38,probe_selective_before_behavior,0,unresolved_on_log_grid,1,33,45,24,33,interval,33,0,,,8192,,right,8192,0,,,8192,,right,8192,0,,,8192,,right,8192,0,,,8192,,right,8192,0,,,8192,,right,8192,,censored,,censored,,censored,D -> P -> Q,P -> Q,1,2,0,0.00579833984375,0.99346923828125,0.0,0.000732421875,Q,tuple:pure_Q,51,Q -> Q,tuple:pure_Q -> tuple:pure_Q,0.4951171875,0.4951171875,0.4912109375,0.4921875,0.9697265625,0.348388671875,0,0.9931640625,0.993896484375,0.98828125,0.9896240234375,0.99755859375,0.376220703125,1,0.5068359375,0.505517578125,0.51171875,0.510205078125,0.764404296875,0.14306640625,0,Q,tuple:pure_Q,51,00110011,pure_Q,Q,1,1,pure_Q,0,0.98828125,1.0,0.98828125,0,0,0,0.6803385416666666,0.005859375
adaptive_exploratory_posthoc_with_fresh_seed_replication,0a305eeb2ea6eb6379c7,109,fresh,0.9,3,independent,1,5,7,4,5,interval,5,1,0,1,0,0,left,0,1,0,1,0,0,left,0,1,7,9,5,7,interval,7,1,7,9,5,7,interval,7,1,7,9,5,7,interval,7,7,probe_selective_before_causal,7,probe_selective_before_behavior,0,unresolved_on_log_grid,1,3,4,2,3,interval,3,1,62,85,45,62,interval,62,1,62,85,45,62,interval,62,0,,,8192,,right,8192,0,,,8192,,right,8192,0,,,8192,,right,8192,,censored,,censored,,censored,1,24,33,17,24,interval,24,1,222,304,161,222,interval,222,1,161,222,117,161,interval,161,1,304,418,222,304,interval,304,1,304,418,222,304,interval,304,1,304,418,222,304,interval,304,143,probe_selective_before_causal,143,probe_selective_before_behavior,0,unresolved_on_log_grid,D -> P -> D -> Y,P -> Y,1,2,0,0.00823974609375,0.0,0.9678955078125,0.02386474609375,Y,tuple:pure_Y,85,Y -> Y,tuple:pure_Y -> tuple:pure_Y,0.5,0.5,0.5,0.5,0.999267578125,0.349853515625,0,0.5,0.5,0.5,0.5,0.9931640625,0.34375,0,1.0,1.0,1.0,1.0,1.0,0.3505859375,1,Y,tuple:pure_Y,85,01010101,pure_Y,Y,1,1,pure_Y,0,1.0,1.0,1.0,0,0,0,1.0,1.0
adaptive_exploratory_posthoc_with_fresh_seed_replication,719ef5d9970a1ef17f4c,109,fresh,0.9,3,nested,1,5,7,4,5,interval,5,1,0,1,0,0,left,0,1,0,1,0,0,left,0,1,7,9,5,7,interval,7,1,7,9,5,7,interval,7,1,7,9,5,7,interval,7,7,probe_selective_before_causal,7,probe_selective_before_behavior,0,unresolved_on_log_grid,1,9,13,7,9,interval,9,0,,,8192,,right,8192,0,,,8192,,right,8192,0,,,8192,,right,8192,0,,,8192,,right,8192,0,,,8192,,right,8192,,censored,,censored,,censored,1,24,33,17,24,interval,24,1,117,161,85,117,interval,117,1,117,161,85,117,interval,117,1,161,222,117,161,interval,161,1,161,222,117,161,interval,161,1,161,222,117,161,interval,161,44,unresolved_on_log_grid,44,unresolved_on_log_grid,0,unresolved_on_log_grid,D -> P -> Y,P -> Y,1,2,0,0.0162353515625,0.0,0.9830322265625,0.000732421875,Y,tuple:pure_Y,85,Y -> Y,tuple:pure_Y -> tuple:pure_Y,0.5,0.5,0.5,0.5,1.0,0.304931640625,0,0.5,0.5,0.5,0.5,0.716552734375,0.021484375,0,1.0,1.0,1.0,1.0,1.0,0.304931640625,1,Y,tuple:pure_Y,85,01010101,pure_Y,Y,1,1,pure_Y,0,1.0,1.0,1.0,0,0,0,1.0,1.0
adaptive_exploratory_posthoc_with_fresh_seed_replication,ed69c50631357ba8ba2f,109,fresh,0.9,5,independent,1,5,7,4,5,interval,5,1,0,1,0,0,left,0,1,0,1,0,0,left,0,1,7,9,5,7,interval,7,1,7,9,5,7,interval,7,1,7,9,5,7,interval,7,7,probe_selective_before_causal,7,probe_selective_before_behavior,0,unresolved_on_log_grid,1,3,4,2,3,interval,3,1,62,85,45,62,interval,62,1,45,62,33,45,interval,45,0,,,8192,,right,8192,0,,,8192,,right,8192,0,,,8192,,right,8192,,censored,,censored,,censored,1,45,62,33,45,interval,45,1,790,1085,575,790,interval,790,1,790,1085,575,790,interval,790,1,1085,1491,790,1085,interval,1085,1,1085,1491,790,1085,interval,1085,1,1085,1491,790,1085,interval,1085,295,unresolved_on_log_grid,295,unresolved_on_log_grid,0,unresolved_on_log_grid,D -> P -> D -> Y,P -> Y,1,2,0,0.00823974609375,0.0,0.88555908203125,0.106201171875,Y,tuple:pure_Y,85,Y -> Y,tuple:pure_Y -> tuple:pure_Y,0.504638671875,0.5037841796875,0.5,0.5,0.996826171875,0.375,0,0.504638671875,0.5047607421875,0.5,0.5,0.929443359375,0.3076171875,0,0.995361328125,0.995556640625,1.0,1.0,1.0,0.378173828125,1,Y,tuple:pure_Y,85,01010101,pure_Y,Y,1,1,pure_Y,0,1.0,1.0,1.0,0,0,0,1.0,1.0
adaptive_exploratory_posthoc_with_fresh_seed_replication,82b4eba61cff88996c7d,109,fresh,0.9,5,nested,1,5,7,4,5,interval,5,1,0,1,0,0,left,0,1,0,1,0,0,left,0,1,7,9,5,7,interval,7,1,7,9,5,7,interval,7,1,7,9,5,7,interval,7,7,probe_selective_before_causal,7,probe_selective_before_behavior,0,unresolved_on_log_grid,1,9,13,7,9,interval,9,0,,,8192,,right,8192,0,,,8192,,right,8192,0,,,8192,,right,8192,0,,,8192,,right,8192,0,,,8192,,right,8192,,censored,,censored,,censored,1,45,62,33,45,interval,45,1,418,575,304,418,interval,418,1,418,575,304,418,interval,418,1,575,790,418,575,interval,575,1,575,790,418,575,interval,575,1,575,790,418,575,interval,575,157,unresolved_on_log_grid,157,unresolved_on_log_grid,0,unresolved_on_log_grid,D -> P -> D -> Y,P -> Y,1,2,0,0.0433349609375,0.0,0.93939208984375,0.01727294921875,Y,tuple:pure_Y,85,Y -> Y,tuple:pure_Y -> tuple:pure_Y,0.506591796875,0.506103515625,0.5,0.5,0.999267578125,0.333251953125,0,0.496337890625,0.49578857421875,0.5,0.5,0.727783203125,0.061767578125,0,0.993408203125,0.993896484375,1.0,0.9999755859375,1.0,0.333984375,1,Y,tuple:pure_Y,85,01010101,pure_Y,Y,1,1,pure_Y,0,1.0,1.0,1.0,0,0,0,1.0,1.0
adaptive_exploratory_posthoc_with_fresh_seed_replication,f7b800ad0e2e8cd6892f,109,fresh,0.95,3,independent,1,5,7,4,5,interval,5,1,0,1,0,0,left,0,1,0,1,0,0,left,0,1,7,9,5,7,interval,7,1,7,9,5,7,interval,7,1,7,9,5,7,interval,7,7,probe_selective_before_causal,7,probe_selective_before_behavior,0,unresolved_on_log_grid,1,4,5,3,4,interval,4,1,62,85,45,62,interval,62,1,45,62,33,45,interval,45,1,85,117,62,85,interval,85,1,85,117,62,85,interval,85,1,85,117,62,85,interval,85,40,probe_selective_before_causal,40,probe_selective_before_behavior,0,unresolved_on_log_grid,1,24,33,17,24,interval,24,1,222,304,161,222,interval,222,1,222,304,161,222,interval,222,1,418,575,304,418,interval,418,1,418,575,304,418,interval,418,1,418,575,304,418,interval,418,196,probe_selective_before_causal,196,probe_selective_before_behavior,0,unresolved_on_log_grid,D -> P -> Q -> D -> Y,P -> Q -> Y,2,3,0,0.00823974609375,0.00799560546875,0.9559326171875,0.02783203125,Y,tuple:pure_Y,85,Y -> Y,tuple:pure_Y -> tuple:pure_Y,0.5,0.5,0.5,0.5,0.99853515625,0.34326171875,0,0.5,0.5,0.5,0.5,0.99951171875,0.34423828125,0,1.0,1.0,1.0,1.0,1.0,0.3447265625,1,Y,tuple:pure_Y,85,01010101,pure_Y,Y,1,1,pure_Y,0,1.0,1.0,1.0,0,0,0,1.0,1.0
adaptive_exploratory_posthoc_with_fresh_seed_replication,cebc98471b316aaa1381,109,fresh,0.95,3,nested,1,5,7,4,5,interval,5,1,0,1,0,0,left,0,1,0,1,0,0,left,0,1,7,9,5,7,interval,7,1,7,9,5,7,interval,7,1,7,9,5,7,interval,7,7,probe_selective_before_causal,7,probe_selective_before_behavior,0,unresolved_on_log_grid,1,7,9,5,7,interval,7,1,85,117,62,85,interval,85,1,62,85,45,62,interval,62,1,117,161,85,117,interval,117,1,117,161,85,117,interval,117,1,117,161,85,117,interval,117,55,probe_selective_before_causal,55,probe_selective_before_behavior,0,unresolved_on_log_grid,1,24,33,17,24,interval,24,1,161,222,117,161,interval,161,1,161,222,117,161,interval,161,1,304,418,222,304,interval,304,1,304,418,222,304,interval,304,1,304,418,222,304,interval,304,143,probe_selective_before_causal,143,probe_selective_before_behavior,0,unresolved_on_log_grid,D -> P -> D -> Q -> D -> Y,P -> Q -> Y,2,3,0,0.00823974609375,0.01104736328125,0.9678955078125,0.0128173828125,Y,tuple:pure_Y,85,Y -> Y,tuple:pure_Y -> tuple:pure_Y,0.5,0.5,0.5,0.5,0.998779296875,0.223388671875,0,0.5,0.5,0.5,0.5,1.0,0.224609375,0,1.0,1.0,1.0,1.0,1.0,0.224609375,1,Y,tuple:pure_Y,85,01010101,pure_Y,Y,1,1,pure_Y,0,1.0,1.0,1.0,0,0,0,1.0,1.0
adaptive_exploratory_posthoc_with_fresh_seed_replication,c325b99e87b8cc2e9387,109,fresh,0.95,5,independent,1,5,7,4,5,interval,5,1,0,1,0,0,left,0,1,0,1,0,0,left,0,1,7,9,5,7,interval,7,1,7,9,5,7,interval,7,1,7,9,5,7,interval,7,7,probe_selective_before_causal,7,probe_selective_before_behavior,0,unresolved_on_log_grid,1,4,5,3,4,interval,4,1,62,85,45,62,interval,62,1,45,62,33,45,interval,45,1,85,117,62,85,interval,85,1,85,117,62,85,interval,85,1,85,117,62,85,interval,85,40,probe_selective_before_causal,40,probe_selective_before_behavior,0,unresolved_on_log_grid,1,45,62,33,45,interval,45,1,1085,1491,790,1085,interval,1085,1,1085,1491,790,1085,interval,1085,1,2048,2435,1491,2048,interval,2048,1,2048,2435,1491,2048,interval,2048,1,2048,2435,1491,2048,interval,2048,963,probe_selective_before_causal,963,probe_selective_before_behavior,0,unresolved_on_log_grid,D -> P -> Q -> D -> Q -> D -> Y,P -> Q -> Y,2,3,0,0.00823974609375,0.05780029296875,0.78399658203125,0.14996337890625,Y,tuple:pure_Y,85,Y -> Y,tuple:pure_Y -> tuple:pure_Y,0.583251953125,0.584228515625,0.514892578125,0.5152587890625,0.956298828125,0.318115234375,0,0.584716796875,0.582275390625,0.514892578125,0.51397705078125,0.94970703125,0.3115234375,0,0.915283203125,0.9155517578125,0.985107421875,0.9852783203125,1.0,0.36181640625,1,Y,tuple:pure_Y,85,01010101,pure_Y,Y,1,1,pure_Y,0,0.985107421875,0.9921875,0.985595703125,0,0,0,0.9801432291666666,1.0
adaptive_exploratory_posthoc_with_fresh_seed_replication,028b59b0211623fde3d1,109,fresh,0.95,5,nested,1,5,7,4,5,interval,5,1,0,1,0,0,left,0,1,0,1,0,0,left,0,1,7,9,5,7,interval,7,1,7,9,5,7,interval,7,1,7,9,5,7,interval,7,7,probe_selective_before_causal,7,probe_selective_before_behavior,0,unresolved_on_log_grid,1,7,9,5,7,interval,7,1,62,85,45,62,interval,62,1,62,85,45,62,interval,62,1,117,161,85,117,interval,117,1,117,161,85,117,interval,117,1,117,161,85,117,interval,117,55,probe_selective_before_causal,55,probe_selective_before_behavior,0,unresolved_on_log_grid,1,45,62,33,45,interval,45,1,1085,1491,790,1085,interval,1085,1,790,1085,575,790,interval,790,0,,,8192,,right,8192,0,,,8192,,right,8192,0,,,8192,,right,8192,,censored,,censored,,censored,D -> P -> D -> Q -> D,P -> Q,1,2,0,0.00823974609375,0.07098388671875,0.0,0.9207763671875,D,tuple:nested_support_gate_Y_if_P_equals_Q_else_Q,113,D -> D,tuple:nested_support_gate_Y_if_P_equals_Q_else_Q -> tuple:nested_support_gate_Y_if_P_equals_Q_else_Q,0.25537109375,0.2550048828125,0.2568359375,0.257568359375,0.99365234375,0.321533203125,0,0.7470703125,0.74676513671875,0.7431640625,0.7430419921875,0.998046875,0.325927734375,0,0.7529296875,0.7533935546875,0.7568359375,0.756689453125,0.9873046875,0.315185546875,0,D,tuple:nested_support_gate_Y_if_P_equals_Q_else_Q,113,01110001,nested_support_gate_Y_if_P_equals_Q_else_Q,P+Q+Y,3,0,nested_support_gate_Y_if_P_equals_Q_else_Q,0,0.9931640625,0.99609375,0.9970703125,1,0,0,1.0,0.02734375
adaptive_exploratory_posthoc_with_fresh_seed_replication,402eaf86f5e77f4fadda,109,fresh,0.99,3,independent,1,5,7,4,5,interval,5,1,0,1,0,0,left,0,1,0,1,0,0,left,0,1,7,9,5,7,interval,7,1,7,9,5,7,interval,7,1,7,9,5,7,interval,7,7,probe_selective_before_causal,7,probe_selective_before_behavior,0,unresolved_on_log_grid,1,7,9,5,7,interval,7,1,62,85,45,62,interval,62,1,45,62,33,45,interval,45,1,85,117,62,85,interval,85,1,85,117,62,85,interval,85,1,85,117,62,85,interval,85,40,probe_selective_before_causal,40,probe_selective_before_behavior,0,unresolved_on_log_grid,1,24,33,17,24,interval,24,1,418,575,304,418,interval,418,1,418,575,304,418,interval,418,1,3444,4096,2896,3444,interval,3444,1,3444,4096,2896,3444,interval,3444,1,3444,4096,2896,3444,interval,3444,3026,probe_selective_before_causal,3026,probe_selective_before_behavior,0,unresolved_on_log_grid,D -> P -> D -> Q -> D -> Y,P -> Q -> Y,2,3,0,0.00579833984375,0.0516357421875,0.613037109375,0.32952880859375,D,raw_codeword_patch,23,D -> Y,raw_codeword_patch -> tuple:pure_Y,0.62890625,0.631103515625,0.527587890625,0.526611328125,0.994140625,0.310302734375,0,0.64892578125,0.64642333984375,0.530029296875,0.527587890625,0.999755859375,0.31591796875,0,0.85107421875,0.8509928385416667,0.969970703125,0.9710286458333333,1.0,0.316162109375,1,Y,tuple:pure_Y,85,01010101,pure_Y,Y,1,1,pure_Y,0,0.969970703125,0.984375,0.971435546875,0,0,0,0.9615885416666666,0.9951171875
adaptive_exploratory_posthoc_with_fresh_seed_replication,84bc49b22e4b1792aa71,109,fresh,0.99,3,nested,1,5,7,4,5,interval,5,1,0,1,0,0,left,0,1,0,1,0,0,left,0,1,7,9,5,7,interval,7,1,7,9,5,7,interval,7,1,7,9,5,7,interval,7,7,probe_selective_before_causal,7,probe_selective_before_behavior,0,unresolved_on_log_grid,1,7,9,5,7,interval,7,1,62,85,45,62,interval,62,1,45,62,33,45,interval,45,1,85,117,62,85,interval,85,1,85,117,62,85,interval,85,1,85,117,62,85,interval,85,40,probe_selective_before_causal,40,probe_selective_before_behavior,0,unresolved_on_log_grid,1,24,33,17,24,interval,24,1,418,575,304,418,interval,418,1,418,575,304,418,interval,418,1,4096,4871,3444,4096,interval,4096,1,4871,5793,4096,4871,interval,4871,1,4871,5793,4096,4871,interval,4871,4453,probe_selective_before_causal,3678,probe_selective_before_behavior,-775,unresolved_on_log_grid,D -> P -> Q -> D -> Y,P -> Q -> Y,2,3,0,0.00823974609375,0.0516357421875,0.45269775390625,0.4874267578125,D,tuple:nested_support_gate_Y_if_P_equals_Q_else_Q,113,D -> Y,tuple:nested_support_gate_Y_if_P_equals_Q_else_Q -> tuple:pure_Y,0.340087890625,0.341796875,0.44873046875,0.4495849609375,0.996337890625,0.2578125,0,0.662841796875,0.6590576171875,0.5517578125,0.54931640625,1.0,0.261474609375,0,0.837158203125,0.8377278645833333,0.9482421875,0.9493408203125,1.0,0.261474609375,1,Y,tuple:pure_Y,85,01010101,pure_Y,Y,1,1,pure_Y,0,0.9482421875,0.953125,0.9677734375,0,0,0,0.9996744791666666,0.7939453125
adaptive_exploratory_posthoc_with_fresh_seed_replication,ae4a18d9efad46959f3e,109,fresh,0.99,5,independent,1,5,7,4,5,interval,5,1,0,1,0,0,left,0,1,0,1,0,0,left,0,1,7,9,5,7,interval,7,1,7,9,5,7,interval,7,1,7,9,5,7,interval,7,7,probe_selective_before_causal,7,probe_selective_before_behavior,0,unresolved_on_log_grid,1,7,9,5,7,interval,7,1,45,62,33,45,interval,45,1,45,62,33,45,interval,45,1,85,117,62,85,interval,85,1,85,117,62,85,interval,85,1,85,117,62,85,interval,85,40,probe_selective_before_causal,40,probe_selective_before_behavior,0,unresolved_on_log_grid,1,45,62,33,45,interval,45,0,,,8192,,right,8192,0,,,8192,,right,8192,0,,,8192,,right,8192,0,,,8192,,right,8192,0,,,8192,,right,8192,,censored,,censored,,censored,D -> P -> D -> Q,P -> Q,1,2,0,0.00579833984375,0.99102783203125,0.0,0.003173828125,Q,tuple:pure_Q,51,Q -> Q,tuple:pure_Q -> tuple:pure_Q,0.5283203125,0.5283203125,0.53564453125,0.537353515625,0.967041015625,0.368896484375,0,0.9716796875,0.97100830078125,0.96435546875,0.96441650390625,0.9970703125,0.39892578125,1,0.505859375,0.5068359375,0.50830078125,0.508544921875,0.51416015625,-0.083984375,0,Q,tuple:pure_Q,51,00110011,pure_Q,Q,1,1,pure_Q,0,0.96435546875,1.0,0.96435546875,0,0,0,0.6484375,0.087890625
adaptive_exploratory_posthoc_with_fresh_seed_replication,8525089053a050b16aff,109,fresh,0.99,5,nested,1,5,7,4,5,interval,5,1,0,1,0,0,left,0,1,0,1,0,0,left,0,1,7,9,5,7,interval,7,1,7,9,5,7,interval,7,1,7,9,5,7,interval,7,7,probe_selective_before_causal,7,probe_selective_before_behavior,0,unresolved_on_log_grid,1,7,9,5,7,interval,7,1,45,62,33,45,interval,45,1,45,62,33,45,interval,45,1,85,117,62,85,interval,85,1,85,117,62,85,interval,85,1,85,117,62,85,interval,85,40,probe_selective_before_causal,40,probe_selective_before_behavior,0,unresolved_on_log_grid,1,45,62,33,45,interval,45,0,,,8192,,right,8192,0,,,8192,,right,8192,0,,,8192,,right,8192,0,,,8192,,right,8192,0,,,8192,,right,8192,,censored,,censored,,censored,D -> P -> Q,P -> Q,1,2,0,0.00823974609375,0.99102783203125,0.0,0.000732421875,Q,tuple:pure_Q,51,Q -> Q,tuple:pure_Q -> tuple:pure_Q,0.483642578125,0.485595703125,0.470703125,0.474609375,0.921142578125,0.30126953125,0,0.983642578125,0.98358154296875,0.970703125,0.9718017578125,0.99462890625,0.374755859375,1,0.515869140625,0.51484375,0.529296875,0.5270263671875,0.694580078125,0.07470703125,0,Q,tuple:pure_Q,51,00110011,pure_Q,Q,1,1,pure_Q,0,0.970703125,0.99609375,0.97119140625,0,0,0,0.7057291666666666,0.0
adaptive_exploratory_posthoc_with_fresh_seed_replication,8f129f06c716d05a81ec,113,fresh,0.9,3,independent,1,3,4,2,3,interval,3,1,0,1,0,0,left,0,1,0,1,0,0,left,0,1,7,9,5,7,interval,7,1,7,9,5,7,interval,7,1,7,9,5,7,interval,7,7,probe_selective_before_causal,7,probe_selective_before_behavior,0,unresolved_on_log_grid,1,5,7,4,5,interval,5,1,62,85,45,62,interval,62,1,45,62,33,45,interval,45,0,,,8192,,right,8192,0,,,8192,,right,8192,0,,,8192,,right,8192,,censored,,censored,,censored,1,13,17,9,13,interval,13,1,222,304,161,222,interval,222,1,222,304,161,222,interval,222,1,304,418,222,304,interval,304,1,304,418,222,304,interval,304,1,304,418,222,304,interval,304,82,unresolved_on_log_grid,82,unresolved_on_log_grid,0,unresolved_on_log_grid,D -> P -> D -> Y,P -> Y,1,2,0,0.00823974609375,0.0,0.9678955078125,0.02386474609375,Y,tuple:pure_Y,85,Y -> Y,tuple:pure_Y -> tuple:pure_Y,0.5,0.5,0.5,0.5,0.999755859375,0.326904296875,0,0.5,0.5,0.5,0.5,0.997802734375,0.324951171875,0,1.0,1.0,1.0,1.0,1.0,0.3271484375,1,Y,tuple:pure_Y,85,01010101,pure_Y,Y,1,1,pure_Y,0,1.0,1.0,1.0,0,0,0,1.0,1.0
adaptive_exploratory_posthoc_with_fresh_seed_replication,505cc1b7ff9570be55a1,113,fresh,0.9,3,nested,1,3,4,2,3,interval,3,1,0,1,0,0,left,0,1,0,1,0,0,left,0,1,7,9,5,7,interval,7,1,7,9,5,7,interval,7,1,7,9,5,7,interval,7,7,probe_selective_before_causal,7,probe_selective_before_behavior,0,unresolved_on_log_grid,1,5,7,4,5,interval,5,0,,,8192,,right,8192,0,,,8192,,right,8192,0,,,8192,,right,8192,0,,,8192,,right,8192,0,,,8192,,right,8192,,censored,,censored,,censored,1,13,17,9,13,interval,13,1,161,222,117,161,interval,161,1,117,161,85,117,interval,117,1,222,304,161,222,interval,222,1,222,304,161,222,interval,222,1,222,304,161,222,interval,222,105,probe_selective_before_causal,105,probe_selective_before_behavior,0,unresolved_on_log_grid,D -> P -> D -> Y,P -> Y,1,2,0,0.0162353515625,0.0,0.97662353515625,0.00714111328125,Y,tuple:pure_Y,85,Y -> Y,tuple:pure_Y -> tuple:pure_Y,0.5,0.5,0.5,0.5,1.0,0.3349609375,0,0.5,0.5,0.5,0.5,0.65576171875,-0.00927734375,0,1.0,1.0,1.0,1.0,1.0,0.3349609375,1,Y,tuple:pure_Y,85,01010101,pure_Y,Y,1,1,pure_Y,0,1.0,1.0,1.0,0,0,0,1.0,1.0
adaptive_exploratory_posthoc_with_fresh_seed_replication,5d7e849be1c448322411,113,fresh,0.9,5,independent,1,3,4,2,3,interval,3,1,0,1,0,0,left,0,1,0,1,0,0,left,0,1,7,9,5,7,interval,7,1,7,9,5,7,interval,7,1,7,9,5,7,interval,7,7,probe_selective_before_causal,7,probe_selective_before_behavior,0,unresolved_on_log_grid,1,5,7,4,5,interval,5,1,45,62,33,45,interval,45,1,45,62,33,45,interval,45,0,,,8192,,right,8192,0,,,8192,,right,8192,0,,,8192,,right,8192,,censored,,censored,,censored,1,45,62,33,45,interval,45,1,1085,1491,790,1085,interval,1085,1,1085,1491,790,1085,interval,1085,1,1491,2048,1085,1491,interval,1491,1,1491,2048,1085,1491,interval,1491,1,1491,2048,1085,1491,interval,1491,406,unresolved_on_log_grid,406,unresolved_on_log_grid,0,unresolved_on_log_grid,D -> P -> D -> Y,P -> Y,1,2,0,0.00823974609375,0.0,0.8427734375,0.14898681640625,Y,tuple:pure_Y,85,Y -> Y,tuple:pure_Y -> tuple:pure_Y,0.52392578125,0.525146484375,0.50146484375,0.501220703125,0.98974609375,0.364013671875,0,0.52587890625,0.52655029296875,0.50146484375,0.5010986328125,0.94580078125,0.320068359375,0,0.97412109375,0.9739501953125,0.99853515625,0.9987060546875,1.0,0.374267578125,1,Y,tuple:pure_Y,85,01010101,pure_Y,Y,1,1,pure_Y,0,0.99853515625,1.0,0.99853515625,0,0,0,0.998046875,1.0
adaptive_exploratory_posthoc_with_fresh_seed_replication,7be5d0db347850fd40a3,113,fresh,0.9,5,nested,1,3,4,2,3,interval,3,1,0,1,0,0,left,0,1,0,1,0,0,left,0,1,7,9,5,7,interval,7,1,7,9,5,7,interval,7,1,7,9,5,7,interval,7,7,probe_selective_before_causal,7,probe_selective_before_behavior,0,unresolved_on_log_grid,1,5,7,4,5,interval,5,0,,,8192,,right,8192,0,,,8192,,right,8192,0,,,8192,,right,8192,0,,,8192,,right,8192,0,,,8192,,right,8192,,censored,,censored,,censored,1,45,62,33,45,interval,45,1,575,790,418,575,interval,575,1,418,575,304,418,interval,418,1,575,790,418,575,interval,575,1,575,790,418,575,interval,575,1,575,790,418,575,interval,575,157,unresolved_on_log_grid,157,unresolved_on_log_grid,0,unresolved_on_log_grid,D -> P -> Y,P -> Y,1,2,0,0.05987548828125,0.0,0.93939208984375,0.000732421875,Y,tuple:pure_Y,85,Y -> Y,tuple:pure_Y -> tuple:pure_Y,0.5,0.5,0.5,0.5,0.998046875,0.364501953125,0,0.5,0.5,0.5,0.5,0.680908203125,0.04736328125,0,1.0,1.0,1.0,1.0,1.0,0.366455078125,1,Y,tuple:pure_Y,85,01010101,pure_Y,Y,1,1,pure_Y,0,1.0,1.0,1.0,0,0,0,1.0,1.0
adaptive_exploratory_posthoc_with_fresh_seed_replication,5f8dfc0e2144e97aea8d,113,fresh,0.95,3,independent,1,3,4,2,3,interval,3,1,0,1,0,0,left,0,1,0,1,0,0,left,0,1,7,9,5,7,interval,7,1,7,9,5,7,interval,7,1,7,9,5,7,interval,7,7,probe_selective_before_causal,7,probe_selective_before_behavior,0,unresolved_on_log_grid,1,5,7,4,5,interval,5,1,45,62,33,45,interval,45,1,45,62,33,45,interval,45,1,85,117,62,85,interval,85,1,85,117,62,85,interval,85,1,85,117,62,85,interval,85,40,probe_selective_before_causal,40,probe_selective_before_behavior,0,unresolved_on_log_grid,1,13,17,9,13,interval,13,1,222,304,161,222,interval,222,1,222,304,161,222,interval,222,1,304,418,222,304,interval,304,1,304,418,222,304,interval,304,1,304,418,222,304,interval,304,82,unresolved_on_log_grid,82,unresolved_on_log_grid,0,unresolved_on_log_grid,D -> P -> Q -> D -> Y,P -> Q -> Y,2,3,0,0.00823974609375,0.00799560546875,0.9678955078125,0.015869140625,Y,tuple:pure_Y,85,Y -> Y,tuple:pure_Y -> tuple:pure_Y,0.5,0.5,0.5,0.5,0.99951171875,0.3203125,0,0.5,0.5,0.5,0.5,0.99853515625,0.3193359375,0,1.0,1.0,1.0,1.0,1.0,0.32080078125,1,Y,tuple:pure_Y,85,01010101,pure_Y,Y,1,1,pure_Y,0,1.0,1.0,1.0,0,0,0,1.0,1.0
adaptive_exploratory_posthoc_with_fresh_seed_replication,dab1ecb55d142aee7f00,113,fresh,0.95,3,nested,1,3,4,2,3,interval,3,1,0,1,0,0,left,0,1,0,1,0,0,left,0,1,7,9,5,7,interval,7,1,7,9,5,7,interval,7,1,7,9,5,7,interval,7,7,probe_selective_before_causal,7,probe_selective_before_behavior,0,unresolved_on_log_grid,1,5,7,4,5,interval,5,1,62,85,45,62,interval,62,1,45,62,33,45,interval,45,1,117,161,85,117,interval,117,1,117,161,85,117,interval,117,1,117,161,85,117,interval,117,72,probe_selective_before_causal,72,probe_selective_before_behavior,0,unresolved_on_log_grid,1,13,17,9,13,interval,13,1,222,304,161,222,interval,222,1,222,304,161,222,interval,222,1,304,418,222,304,interval,304,1,304,418,222,304,interval,304,1,304,418,222,304,interval,304,82,unresolved_on_log_grid,82,unresolved_on_log_grid,0,unresolved_on_log_grid,D -> P -> Q -> D -> Y,P -> Q -> Y,2,3,0,0.0115966796875,0.01104736328125,0.9678955078125,0.00946044921875,Y,tuple:pure_Y,85,Y -> Y,tuple:pure_Y -> tuple:pure_Y,0.5,0.5,0.5,0.5,0.999267578125,0.26806640625,0,0.5,0.5,0.5,0.5,1.0,0.268798828125,0,1.0,1.0,1.0,1.0,1.0,0.268798828125,1,Y,tuple:pure_Y,85,01010101,pure_Y,Y,1,1,pure_Y,0,1.0,1.0,1.0,0,0,0,1.0,1.0
adaptive_exploratory_posthoc_with_fresh_seed_replication,4bfd5fdde16884c9ebb1,113,fresh,0.95,5,independent,1,3,4,2,3,interval,3,1,0,1,0,0,left,0,1,0,1,0,0,left,0,1,7,9,5,7,interval,7,1,7,9,5,7,interval,7,1,7,9,5,7,interval,7,7,probe_selective_before_causal,7,probe_selective_before_behavior,0,unresolved_on_log_grid,1,5,7,4,5,interval,5,1,45,62,33,45,interval,45,1,45,62,33,45,interval,45,1,85,117,62,85,interval,85,1,85,117,62,85,interval,85,1,85,117,62,85,interval,85,40,probe_selective_before_causal,40,probe_selective_before_behavior,0,unresolved_on_log_grid,1,45,62,33,45,interval,45,1,2048,2435,1491,2048,interval,2048,1,1491,2048,1085,1491,interval,1491,1,3444,4096,2896,3444,interval,3444,1,3444,4096,2896,3444,interval,3444,1,3444,4096,2896,3444,interval,3444,1953,probe_selective_before_causal,1953,probe_selective_before_behavior,0,unresolved_on_log_grid,D -> P -> Q -> D -> Y,P -> Q -> Y,2,3,0,0.00823974609375,0.0743408203125,0.613037109375,0.30438232421875,D,raw_codeword_patch,21,D -> Y,raw_codeword_patch -> tuple:pure_Y,0.615234375,0.6163330078125,0.541748046875,0.540283203125,0.97314453125,0.34228515625,0,0.63818359375,0.6397705078125,0.543701171875,0.541259765625,0.951416015625,0.320556640625,0,0.8603515625,0.857080078125,0.956298828125,0.95673828125,0.999755859375,0.368896484375,1,Y,tuple:pure_Y,85,01010101,pure_Y,Y,1,1,pure_Y,0,0.956298828125,0.96875,0.968994140625,0,0,0,0.9430338541666666,0.99609375
adaptive_exploratory_posthoc_with_fresh_seed_replication,fcd537688e8edcf9d9ec,113,fresh,0.95,5,nested,1,3,4,2,3,interval,3,1,0,1,0,0,left,0,1,0,1,0,0,left,0,1,7,9,5,7,interval,7,1,7,9,5,7,interval,7,1,7,9,5,7,interval,7,7,probe_selective_before_causal,7,probe_selective_before_behavior,0,unresolved_on_log_grid,1,5,7,4,5,interval,5,1,62,85,45,62,interval,62,1,45,62,33,45,interval,45,1,117,161,85,117,interval,117,1,117,161,85,117,interval,117,1,117,161,85,117,interval,117,72,probe_selective_before_causal,72,probe_selective_before_behavior,0,unresolved_on_log_grid,1,45,62,33,45,interval,45,1,1491,2048,1085,1491,interval,1491,1,1085,1491,790,1085,interval,1085,0,,,8192,,right,8192,0,,,8192,,right,8192,0,,,8192,,right,8192,,censored,,censored,,censored,D -> P -> Q -> D,P -> Q,1,2,0,0.0115966796875,0.10211181640625,0.0,0.88629150390625,D,tuple:nested_support_gate_Y_if_P_equals_Q_else_Q,113,D -> D,tuple:nested_support_gate_Y_if_P_equals_Q_else_Q -> tuple:nested_support_gate_Y_if_P_equals_Q_else_Q,0.258544921875,0.2581787109375,0.2890625,0.2904052734375,0.994384765625,0.338623046875,0,0.747314453125,0.747802734375,0.7109375,0.71014404296875,0.998046875,0.34228515625,0,0.752685546875,0.751806640625,0.7890625,0.78994140625,0.9990234375,0.34326171875,0,D,tuple:nested_support_gate_Y_if_P_equals_Q_else_Q,113,01110001,nested_support_gate_Y_if_P_equals_Q_else_Q,P+Q+Y,3,0,nested_support_gate_Y_if_P_equals_Q_else_Q,0,0.9609375,0.96875,0.9814453125,1,0,0,1.0,0.15625
adaptive_exploratory_posthoc_with_fresh_seed_replication,febb7619c68d4caadd5b,113,fresh,0.99,3,independent,1,3,4,2,3,interval,3,1,0,1,0,0,left,0,1,0,1,0,0,left,0,1,7,9,5,7,interval,7,1,7,9,5,7,interval,7,1,7,9,5,7,interval,7,7,probe_selective_before_causal,7,probe_selective_before_behavior,0,unresolved_on_log_grid,1,5,7,4,5,interval,5,1,45,62,33,45,interval,45,1,33,45,24,33,interval,33,1,85,117,62,85,interval,85,1,85,117,62,85,interval,85,1,85,117,62,85,interval,85,52,probe_selective_before_causal,52,probe_selective_before_behavior,0,unresolved_on_log_grid,1,13,17,9,13,interval,13,1,575,790,418,575,interval,575,1,418,575,304,418,interval,418,1,2048,2435,1491,2048,interval,2048,1,2048,2435,1491,2048,interval,2048,1,2048,2435,1491,2048,interval,2048,1630,probe_selective_before_causal,1630,probe_selective_before_behavior,0,unresolved_on_log_grid,D -> P -> D -> Q -> D -> Y,P -> Q -> Y,2,3,0,0.00579833984375,0.0516357421875,0.78399658203125,0.1585693359375,Y,tuple:pure_Y,85,Y -> Y,tuple:pure_Y -> tuple:pure_Y,0.585205078125,0.588134765625,0.509765625,0.5106201171875,0.9990234375,0.320556640625,0,0.592041015625,0.592041015625,0.509765625,0.51025390625,0.99951171875,0.321044921875,0,0.907958984375,0.9064127604166667,0.990234375,0.9895426432291667,1.0,0.321533203125,1,Y,tuple:pure_Y,85,01010101,pure_Y,Y,1,1,pure_Y,0,0.990234375,1.0,0.990234375,0,0,0,0.9869791666666666,1.0
adaptive_exploratory_posthoc_with_fresh_seed_replication,3a07fd0fadfc4ee1a3d3,113,fresh,0.99,3,nested,1,3,4,2,3,interval,3,1,0,1,0,0,left,0,1,0,1,0,0,left,0,1,7,9,5,7,interval,7,1,7,9,5,7,interval,7,1,7,9,5,7,interval,7,7,probe_selective_before_causal,7,probe_selective_before_behavior,0,unresolved_on_log_grid,1,5,7,4,5,interval,5,1,45,62,33,45,interval,45,1,45,62,33,45,interval,45,1,85,117,62,85,interval,85,1,85,117,62,85,interval,85,1,85,117,62,85,interval,85,40,probe_selective_before_causal,40,probe_selective_before_behavior,0,unresolved_on_log_grid,1,13,17,9,13,interval,13,1,418,575,304,418,interval,418,1,418,575,304,418,interval,418,0,,,8192,,right,8192,0,,,8192,,right,8192,0,,,8192,,right,8192,,censored,,censored,,censored,D -> P -> Q -> D,P -> Q,1,2,0,0.00823974609375,0.0516357421875,0.0,0.94012451171875,D,tuple:nested_support_gate_Y_if_P_equals_Q_else_Q,113,D -> D,tuple:nested_support_gate_Y_if_P_equals_Q_else_Q -> tuple:nested_support_gate_Y_if_P_equals_Q_else_Q,0.284423828125,0.2828369140625,0.330322265625,0.333251953125,0.999267578125,0.302734375,0,0.737060546875,0.7384033203125,0.675048828125,0.67376708984375,1.0,0.303466796875,0,0.762939453125,0.760498046875,0.824951171875,0.826171875,1.0,0.303466796875,0,D,tuple:nested_support_gate_Y_if_P_equals_Q_else_Q,113,01110001,nested_support_gate_Y_if_P_equals_Q_else_Q,P+Q+Y,3,0,nested_support_gate_Y_if_P_equals_Q_else_Q,0,0.919677734375,0.921875,0.972900390625,1,0,0,0.9964192708333334,0.310546875
adaptive_exploratory_posthoc_with_fresh_seed_replication,5d83df6cf29d7fc0c245,113,fresh,0.99,5,independent,1,3,4,2,3,interval,3,1,0,1,0,0,left,0,1,0,1,0,0,left,0,1,7,9,5,7,interval,7,1,7,9,5,7,interval,7,1,7,9,5,7,interval,7,7,probe_selective_before_causal,7,probe_selective_before_behavior,0,unresolved_on_log_grid,1,5,7,4,5,interval,5,1,45,62,33,45,interval,45,1,45,62,33,45,interval,45,1,85,117,62,85,interval,85,1,85,117,62,85,interval,85,1,85,117,62,85,interval,85,40,probe_selective_before_causal,40,probe_selective_before_behavior,0,unresolved_on_log_grid,1,45,62,33,45,interval,45,0,,,8192,,right,8192,0,,,8192,,right,8192,0,,,8192,,right,8192,0,,,8192,,right,8192,0,,,8192,,right,8192,,censored,,censored,,censored,D -> P -> D -> Q,P -> Q,1,2,0,0.00579833984375,0.99102783203125,0.0,0.003173828125,Q,tuple:pure_Q,51,Q -> Q,tuple:pure_Q -> tuple:pure_Q,0.538330078125,0.538818359375,0.542724609375,0.5433349609375,0.983154296875,0.377685546875,0,0.960693359375,0.9581298828125,0.955810546875,0.952880859375,0.996337890625,0.390869140625,1,0.519287109375,0.5208740234375,0.523681640625,0.52607421875,0.63232421875,0.02685546875,0,Q,tuple:pure_Q,51,00110011,pure_Q,Q,1,1,pure_Q,0,0.955810546875,0.9921875,0.956787109375,0,0,0,0.6539713541666666,0.1328125
adaptive_exploratory_posthoc_with_fresh_seed_replication,9c67e464ba1c890fe9c3,113,fresh,0.99,5,nested,1,3,4,2,3,interval,3,1,0,1,0,0,left,0,1,0,1,0,0,left,0,1,7,9,5,7,interval,7,1,7,9,5,7,interval,7,1,7,9,5,7,interval,7,7,probe_selective_before_causal,7,probe_selective_before_behavior,0,unresolved_on_log_grid,1,5,7,4,5,interval,5,1,45,62,33,45,interval,45,1,45,62,33,45,interval,45,1,85,117,62,85,interval,85,1,85,117,62,85,interval,85,1,85,117,62,85,interval,85,40,probe_selective_before_causal,40,probe_selective_before_behavior,0,unresolved_on_log_grid,1,45,62,33,45,interval,45,0,,,8192,,right,8192,0,,,8192,,right,8192,0,,,8192,,right,8192,0,,,8192,,right,8192,0,,,8192,,right,8192,,censored,,censored,,censored,D -> P -> Q,P -> Q,1,2,0,0.00823974609375,0.99102783203125,0.0,0.000732421875,Q,tuple:pure_Q,51,Q -> Q,tuple:pure_Q -> tuple:pure_Q,0.489501953125,0.4908447265625,0.48291015625,0.4849853515625,0.967529296875,0.362548828125,0,0.989501953125,0.98974609375,0.98291015625,0.98370361328125,0.99755859375,0.392578125,1,0.510009765625,0.5099365234375,0.51708984375,0.516650390625,0.67724609375,0.072265625,0,Q,tuple:pure_Q,51,00110011,pure_Q,Q,1,1,pure_Q,0,0.98291015625,1.0,0.98291015625,0,0,0,0.689453125,0.0
adaptive_exploratory_posthoc_with_fresh_seed_replication,1b023d3f6b8b71689fab,127,fresh,0.9,3,independent,1,1,2,0,1,interval,1,1,0,1,0,0,left,0,1,0,1,0,0,left,0,1,5,7,4,5,interval,5,1,5,7,4,5,interval,5,1,5,7,4,5,interval,5,5,probe_selective_before_causal,5,probe_selective_before_behavior,0,unresolved_on_log_grid,1,2,3,1,2,interval,2,1,62,85,45,62,interval,62,1,45,62,33,45,interval,45,0,,,8192,,right,8192,0,,,8192,,right,8192,0,,,8192,,right,8192,,censored,,censored,,censored,1,3,4,2,3,interval,3,1,304,418,222,304,interval,304,1,304,418,222,304,interval,304,1,304,418,222,304,interval,304,1,304,418,222,304,interval,304,1,304,418,222,304,interval,304,0,unresolved_on_log_grid,0,unresolved_on_log_grid,0,unresolved_on_log_grid,D -> P -> D -> Y,P -> Y,1,2,0,0.0084228515625,0.0,0.9678955078125,0.023681640625,Y,tuple:pure_Y,85,Y -> Y,tuple:pure_Y -> tuple:pure_Y,0.5,0.5,0.5,0.5,0.999755859375,0.329345703125,0,0.5,0.5,0.5,0.5,0.99755859375,0.3271484375,0,1.0,1.0,1.0,1.0,1.0,0.32958984375,1,Y,tuple:pure_Y,85,01010101,pure_Y,Y,1,1,pure_Y,0,1.0,1.0,1.0,0,0,0,1.0,1.0
adaptive_exploratory_posthoc_with_fresh_seed_replication,bec17f92315ea5828824,127,fresh,0.9,3,nested,1,1,2,0,1,interval,1,1,0,1,0,0,left,0,1,0,1,0,0,left,0,1,5,7,4,5,interval,5,1,5,7,4,5,interval,5,1,5,7,4,5,interval,5,5,probe_selective_before_causal,5,probe_selective_before_behavior,0,unresolved_on_log_grid,1,2,3,1,2,interval,2,0,,,8192,,right,8192,0,,,8192,,right,8192,0,,,8192,,right,8192,0,,,8192,,right,8192,0,,,8192,,right,8192,,censored,,censored,,censored,1,3,4,2,3,interval,3,1,161,222,117,161,interval,161,1,161,222,117,161,interval,161,1,222,304,161,222,interval,222,1,222,304,161,222,interval,222,1,222,304,161,222,interval,222,61,unresolved_on_log_grid,61,unresolved_on_log_grid,0,unresolved_on_log_grid,D -> P -> Y,P -> Y,1,2,0,0.0228271484375,0.0,0.97662353515625,0.00054931640625,Y,tuple:pure_Y,85,Y -> Y,tuple:pure_Y -> tuple:pure_Y,0.5,0.5,0.5,0.5,1.0,0.3232421875,0,0.5,0.5,0.5,0.5,0.678466796875,0.001708984375,0,1.0,1.0,1.0,1.0,1.0,0.3232421875,1,Y,tuple:pure_Y,85,01010101,pure_Y,Y,1,1,pure_Y,0,1.0,1.0,1.0,0,0,0,1.0,1.0
adaptive_exploratory_posthoc_with_fresh_seed_replication,f6ca61322931217dbade,127,fresh,0.9,5,independent,1,1,2,0,1,interval,1,1,0,1,0,0,left,0,1,0,1,0,0,left,0,1,4,5,3,4,interval,4,1,5,7,4,5,interval,5,1,5,7,4,5,interval,5,5,probe_selective_before_causal,4,probe_selective_before_behavior,-1,unresolved_on_log_grid,1,2,3,1,2,interval,2,1,62,85,45,62,interval,62,1,45,62,33,45,interval,45,0,,,8192,,right,8192,0,,,8192,,right,8192,0,,,8192,,right,8192,,censored,,censored,,censored,1,45,62,33,45,interval,45,1,1491,2048,1085,1491,interval,1491,1,1491,2048,1085,1491,interval,1491,1,2048,2435,1491,2048,interval,2048,1,2048,2435,1491,2048,interval,2048,1,2048,2435,1491,2048,interval,2048,557,unresolved_on_log_grid,557,unresolved_on_log_grid,0,unresolved_on_log_grid,D -> P -> D -> Y,P -> Y,1,2,0,0.0084228515625,0.0,0.78399658203125,0.20758056640625,Y,tuple:pure_Y,85,Y -> Y,tuple:pure_Y -> tuple:pure_Y,0.53955078125,0.5391845703125,0.502197265625,0.5025634765625,0.96728515625,0.349365234375,0,0.5400390625,0.5384521484375,0.502197265625,0.502197265625,0.8623046875,0.244384765625,0,0.9599609375,0.9609130859375,0.997802734375,0.9980224609375,1.0,0.382080078125,1,Y,tuple:pure_Y,85,01010101,pure_Y,Y,1,1,pure_Y,0,0.997802734375,1.0,0.997802734375,0,0,0,0.9970703125,1.0
adaptive_exploratory_posthoc_with_fresh_seed_replication,ef5d45dab8cb29b7bc3f,127,fresh,0.9,5,nested,1,1,2,0,1,interval,1,1,0,1,0,0,left,0,1,0,1,0,0,left,0,1,4,5,3,4,interval,4,1,4,5,3,4,interval,4,1,4,5,3,4,interval,4,4,probe_selective_before_causal,4,probe_selective_before_behavior,0,unresolved_on_log_grid,1,2,3,1,2,interval,2,0,,,8192,,right,8192,0,,,8192,,right,8192,0,,,8192,,right,8192,0,,,8192,,right,8192,0,,,8192,,right,8192,,censored,,censored,,censored,1,45,62,33,45,interval,45,1,790,1085,575,790,interval,790,1,790,1085,575,790,interval,790,1,790,1085,575,790,interval,790,1,790,1085,575,790,interval,790,1,790,1085,575,790,interval,790,0,unresolved_on_log_grid,0,unresolved_on_log_grid,0,unresolved_on_log_grid,D -> P -> Y,P -> Y,1,2,0,0.0828857421875,0.0,0.91668701171875,0.00042724609375,Y,tuple:pure_Y,85,Y -> Y,tuple:pure_Y -> tuple:pure_Y,0.502197265625,0.5018310546875,0.5,0.5,0.996337890625,0.36474609375,0,0.497802734375,0.4979248046875,0.5,0.5,0.690185546875,0.05859375,0,0.997802734375,0.99833984375,1.0,1.0,1.0,0.368408203125,1,Y,tuple:pure_Y,85,01010101,pure_Y,Y,1,1,pure_Y,0,1.0,1.0,1.0,0,0,0,1.0,1.0
adaptive_exploratory_posthoc_with_fresh_seed_replication,a25de8320c5d76bfda52,127,fresh,0.95,3,independent,1,1,2,0,1,interval,1,1,0,1,0,0,left,0,1,0,1,0,0,left,0,1,5,7,4,5,interval,5,1,5,7,4,5,interval,5,1,5,7,4,5,interval,5,5,probe_selective_before_causal,5,probe_selective_before_behavior,0,unresolved_on_log_grid,1,2,3,1,2,interval,2,1,45,62,33,45,interval,45,1,45,62,33,45,interval,45,1,161,222,117,161,interval,161,1,161,222,117,161,interval,161,1,161,222,117,161,interval,161,116,probe_selective_before_causal,116,probe_selective_before_behavior,0,unresolved_on_log_grid,1,3,4,2,3,interval,3,1,304,418,222,304,interval,304,1,304,418,222,304,interval,304,1,418,575,304,418,interval,418,1,418,575,304,418,interval,418,1,418,575,304,418,interval,418,114,unresolved_on_log_grid,114,unresolved_on_log_grid,0,unresolved_on_log_grid,D -> P -> Q -> D -> Q -> D -> Y,P -> Q -> Y,2,3,0,0.0084228515625,0.01849365234375,0.9559326171875,0.01715087890625,Y,tuple:pure_Y,85,Y -> Y,tuple:pure_Y -> tuple:pure_Y,0.5,0.5,0.5,0.5,0.999755859375,0.308349609375,0,0.5,0.5,0.5,0.5,0.999267578125,0.307861328125,0,1.0,1.0,1.0,1.0,1.0,0.30859375,1,Y,tuple:pure_Y,85,01010101,pure_Y,Y,1,1,pure_Y,0,1.0,1.0,1.0,0,0,0,1.0,1.0
adaptive_exploratory_posthoc_with_fresh_seed_replication,07efd58df433adb744c1,127,fresh,0.95,3,nested,1,1,2,0,1,interval,1,1,0,1,0,0,left,0,1,0,1,0,0,left,0,1,5,7,4,5,interval,5,1,5,7,4,5,interval,5,1,5,7,4,5,interval,5,5,probe_selective_before_causal,5,probe_selective_before_behavior,0,unresolved_on_log_grid,1,2,3,1,2,interval,2,1,62,85,45,62,interval,62,1,62,85,45,62,interval,62,1,117,161,85,117,interval,117,1,117,161,85,117,interval,117,1,117,161,85,117,interval,117,55,probe_selective_before_causal,55,probe_selective_before_behavior,0,unresolved_on_log_grid,1,3,4,2,3,interval,3,1,222,304,161,222,interval,222,1,222,304,161,222,interval,222,1,575,790,418,575,interval,575,1,575,790,418,575,interval,575,1,575,790,418,575,interval,575,353,probe_selective_before_causal,353,probe_selective_before_behavior,0,unresolved_on_log_grid,D -> P -> Q -> D -> Y,P -> Q -> Y,2,3,0,0.01177978515625,0.019775390625,0.93939208984375,0.029052734375,Y,tuple:pure_Y,85,Y -> Y,tuple:pure_Y -> tuple:pure_Y,0.4990234375,0.4990234375,0.5,0.5,0.99951171875,0.293701171875,0,0.5009765625,0.50115966796875,0.5,0.5,1.0,0.294189453125,0,0.9990234375,0.9989827473958333,1.0,1.0,1.0,0.294189453125,1,Y,tuple:pure_Y,85,01010101,pure_Y,Y,1,1,pure_Y,0,1.0,1.0,1.0,0,0,0,1.0,1.0
adaptive_exploratory_posthoc_with_fresh_seed_replication,d0aa9ead7f3dcf9c25dd,127,fresh,0.95,5,independent,1,1,2,0,1,interval,1,1,0,1,0,0,left,0,1,0,1,0,0,left,0,1,4,5,3,4,interval,4,1,5,7,4,5,interval,5,1,5,7,4,5,interval,5,5,probe_selective_before_causal,4,probe_selective_before_behavior,-1,unresolved_on_log_grid,1,2,3,1,2,interval,2,1,45,62,33,45,interval,45,1,45,62,33,45,interval,45,1,161,222,117,161,interval,161,1,161,222,117,161,interval,161,1,161,222,117,161,interval,161,116,probe_selective_before_causal,116,probe_selective_before_behavior,0,unresolved_on_log_grid,1,45,62,33,45,interval,45,0,,,8192,,right,8192,0,,,8192,,right,8192,0,,,8192,,right,8192,0,,,8192,,right,8192,0,,,8192,,right,8192,,censored,,censored,,censored,D -> P -> Q -> D -> Q -> D,P -> Q,1,2,0,0.0084228515625,0.0469970703125,0.0,0.944580078125,D,nuisance_or_state_sensitive,51,D -> D,nuisance_or_state_sensitive -> nuisance_or_state_sensitive,0.65966796875,0.6495361328125,0.684814453125,0.681884765625,0.9873046875,0.362548828125,0,0.83935546875,0.84588623046875,0.801513671875,0.803466796875,0.943359375,0.318603515625,0,0.56005859375,0.5576416015625,0.633056640625,0.6342529296875,0.80078125,0.176025390625,0,D,nuisance_or_state_sensitive,23,00010111,majority_PQY,P+Q+Y,3,1,majority_PQY,0,0.869384765625,0.91796875,0.899658203125,0,0,1,0.6321614583333334,0.6357421875
adaptive_exploratory_posthoc_with_fresh_seed_replication,01b10c8274784db764e9,127,fresh,0.95,5,nested,1,1,2,0,1,interval,1,1,0,1,0,0,left,0,1,0,1,0,0,left,0,1,4,5,3,4,interval,4,1,4,5,3,4,interval,4,1,4,5,3,4,interval,4,4,probe_selective_before_causal,4,probe_selective_before_behavior,0,unresolved_on_log_grid,1,2,3,1,2,interval,2,1,62,85,45,62,interval,62,1,45,62,33,45,interval,45,1,117,161,85,117,interval,117,1,117,161,85,117,interval,117,1,117,161,85,117,interval,117,72,probe_selective_before_causal,72,probe_selective_before_behavior,0,unresolved_on_log_grid,1,45,62,33,45,interval,45,1,4096,4871,3444,4096,interval,4096,1,2048,2435,1491,2048,interval,2048,0,,,8192,,right,8192,0,,,8192,,right,8192,0,,,8192,,right,8192,,censored,,censored,,censored,D -> P -> Q -> D,P -> Q,1,2,0,0.01190185546875,0.10211181640625,0.0,0.885986328125,D,tuple:nested_support_gate_Y_if_P_equals_Q_else_Q,113,D -> D,tuple:nested_support_gate_Y_if_P_equals_Q_else_Q -> tuple:nested_support_gate_Y_if_P_equals_Q_else_Q,0.26220703125,0.262939453125,0.256103515625,0.2562255859375,0.999755859375,0.33984375,0,0.76171875,0.76165771484375,0.745849609375,0.74578857421875,0.99365234375,0.333740234375,0,0.73828125,0.7379638671875,0.754150390625,0.7543701171875,0.98388671875,0.323974609375,0,D,tuple:nested_support_gate_Y_if_P_equals_Q_else_Q,113,01110001,nested_support_gate_Y_if_P_equals_Q_else_Q,P+Q+Y,3,0,nested_support_gate_Y_if_P_equals_Q_else_Q,0,0.993896484375,0.99609375,0.996337890625,1,0,0,0.9986979166666666,0.0205078125
adaptive_exploratory_posthoc_with_fresh_seed_replication,7054aad2a0bbafb37c49,127,fresh,0.99,3,independent,1,1,2,0,1,interval,1,1,0,1,0,0,left,0,1,0,1,0,0,left,0,1,5,7,4,5,interval,5,1,5,7,4,5,interval,5,1,5,7,4,5,interval,5,5,probe_selective_before_causal,5,probe_selective_before_behavior,0,unresolved_on_log_grid,1,2,3,1,2,interval,2,1,45,62,33,45,interval,45,1,45,62,33,45,interval,45,1,85,117,62,85,interval,85,1,85,117,62,85,interval,85,1,85,117,62,85,interval,85,40,probe_selective_before_causal,40,probe_selective_before_behavior,0,unresolved_on_log_grid,1,3,4,2,3,interval,3,1,790,1085,575,790,interval,790,1,575,790,418,575,interval,575,0,,,8192,,right,8192,0,,,8192,,right,8192,0,,,8192,,right,8192,,censored,,censored,,censored,D -> P -> Q -> D,P -> Q,1,2,0,0.0084228515625,0.0743408203125,0.0,0.917236328125,D,raw_codeword_patch,23,D -> D,raw_codeword_patch -> raw_codeword_patch,0.646240234375,0.6484375,0.59619140625,0.5960693359375,1.0,0.28662109375,0,0.695068359375,0.69927978515625,0.60009765625,0.59967041015625,0.999267578125,0.285888671875,0,0.804931640625,0.801513671875,0.89990234375,0.9011637369791667,1.0,0.28662109375,0,D,raw_codeword_patch,85,01010101,pure_Y,Y,1,1,pure_Y,0,0.89990234375,0.90625,0.94775390625,0,1,0,0.869140625,0.9921875
adaptive_exploratory_posthoc_with_fresh_seed_replication,09aec84f7a0932e2bc0e,127,fresh,0.99,3,nested,1,1,2,0,1,interval,1,1,0,1,0,0,left,0,1,0,1,0,0,left,0,1,5,7,4,5,interval,5,1,5,7,4,5,interval,5,1,5,7,4,5,interval,5,5,probe_selective_before_causal,5,probe_selective_before_behavior,0,unresolved_on_log_grid,1,2,3,1,2,interval,2,1,45,62,33,45,interval,45,1,45,62,33,45,interval,45,1,85,117,62,85,interval,85,1,85,117,62,85,interval,85,1,85,117,62,85,interval,85,40,probe_selective_before_causal,40,probe_selective_before_behavior,0,unresolved_on_log_grid,1,3,4,2,3,interval,3,1,575,790,418,575,interval,575,1,575,790,418,575,interval,575,0,,,8192,,right,8192,0,,,8192,,right,8192,0,,,8192,,right,8192,,censored,,censored,,censored,D -> P -> Q -> D,P -> Q,1,2,0,0.0084228515625,0.0516357421875,0.0,0.93994140625,D,tuple:nested_support_gate_Y_if_P_equals_Q_else_Q,113,D -> D,tuple:nested_support_gate_Y_if_P_equals_Q_else_Q -> raw_codeword_patch,0.29345703125,0.29248046875,0.364013671875,0.364990234375,0.99951171875,0.2861328125,0,0.73193359375,0.734130859375,0.636474609375,0.63525390625,0.998779296875,0.285400390625,0,0.76806640625,0.7655843098958333,0.863525390625,0.8640950520833333,1.0,0.28662109375,0,D,raw_codeword_patch,113,01110001,nested_support_gate_Y_if_P_equals_Q_else_Q,P+Q+Y,3,0,nested_support_gate_Y_if_P_equals_Q_else_Q,0,0.885986328125,0.921875,0.935302734375,0,1,0,0.9996744791666666,0.455078125
adaptive_exploratory_posthoc_with_fresh_seed_replication,5c2976adbb1dd323c4a8,127,fresh,0.99,5,independent,1,1,2,0,1,interval,1,1,0,1,0,0,left,0,1,0,1,0,0,left,0,1,5,7,4,5,interval,5,1,5,7,4,5,interval,5,1,5,7,4,5,interval,5,5,probe_selective_before_causal,5,probe_selective_before_behavior,0,unresolved_on_log_grid,1,2,3,1,2,interval,2,1,45,62,33,45,interval,45,1,45,62,33,45,interval,45,1,85,117,62,85,interval,85,1,85,117,62,85,interval,85,1,85,117,62,85,interval,85,40,probe_selective_before_causal,40,probe_selective_before_behavior,0,unresolved_on_log_grid,1,45,62,33,45,interval,45,0,,,8192,,right,8192,0,,,8192,,right,8192,0,,,8192,,right,8192,0,,,8192,,right,8192,0,,,8192,,right,8192,,censored,,censored,,censored,D -> P -> Q,P -> Q,1,2,0,0.0084228515625,0.99102783203125,0.0,0.00054931640625,Q,tuple:pure_Q,51,Q -> Q,tuple:pure_Q -> tuple:pure_Q,0.532470703125,0.53125,0.533203125,0.53125,0.98486328125,0.39697265625,0,0.967529296875,0.969482421875,0.966796875,0.968994140625,0.994873046875,0.406982421875,1,0.508544921875,0.50458984375,0.51171875,0.50732421875,0.49853515625,-0.08935546875,0,Q,tuple:pure_Q,51,00110011,pure_Q,Q,1,1,pure_Q,0,0.966796875,1.0,0.966796875,0,0,0,0.65234375,0.08984375
adaptive_exploratory_posthoc_with_fresh_seed_replication,c5b8fe42c567f606b117,127,fresh,0.99,5,nested,1,1,2,0,1,interval,1,1,0,1,0,0,left,0,1,0,1,0,0,left,0,1,4,5,3,4,interval,4,1,5,7,4,5,interval,5,1,5,7,4,5,interval,5,5,probe_selective_before_causal,4,probe_selective_before_behavior,-1,unresolved_on_log_grid,1,2,3,1,2,interval,2,1,45,62,33,45,interval,45,1,45,62,33,45,interval,45,1,85,117,62,85,interval,85,1,85,117,62,85,interval,85,1,85,117,62,85,interval,85,40,probe_selective_before_causal,40,probe_selective_before_behavior,0,unresolved_on_log_grid,1,45,62,33,45,interval,45,0,,,8192,,right,8192,0,,,8192,,right,8192,0,,,8192,,right,8192,0,,,8192,,right,8192,0,,,8192,,right,8192,,censored,,censored,,censored,D -> P -> Q,P -> Q,1,2,0,0.0084228515625,0.99102783203125,0.0,0.00054931640625,Q,tuple:pure_Q,51,Q -> Q,tuple:pure_Q -> tuple:pure_Q,0.498291015625,0.4970703125,0.494140625,0.4925537109375,0.985107421875,0.390625,0,0.996826171875,0.99639892578125,0.99169921875,0.9910888671875,0.999267578125,0.40478515625,1,0.500244140625,0.501025390625,0.5048828125,0.5052978515625,0.5673828125,-0.027099609375,0,Q,tuple:pure_Q,51,00110011,pure_Q,Q,1,1,pure_Q,0,0.99169921875,1.0,0.99169921875,0,0,0,0.6731770833333334,0.0
adaptive_exploratory_posthoc_with_fresh_seed_replication,7fbe0830576d2561cac7,131,fresh,0.9,3,independent,1,7,9,5,7,interval,7,1,4,5,3,4,interval,4,1,0,1,0,0,left,0,1,13,17,9,13,interval,13,1,13,17,9,13,interval,13,1,13,17,9,13,interval,13,13,probe_selective_before_causal,13,probe_selective_before_behavior,0,unresolved_on_log_grid,1,7,9,5,7,interval,7,1,33,45,24,33,interval,33,1,33,45,24,33,interval,33,0,,,8192,,right,8192,0,,,8192,,right,8192,0,,,8192,,right,8192,,censored,,censored,,censored,1,13,17,9,13,interval,13,1,222,304,161,222,interval,222,1,222,304,161,222,interval,222,1,304,418,222,304,interval,304,1,304,418,222,304,interval,304,1,304,418,222,304,interval,304,82,unresolved_on_log_grid,82,unresolved_on_log_grid,0,unresolved_on_log_grid,D -> P -> D -> Y,P -> Y,1,2,0,0.00762939453125,0.0,0.9678955078125,0.02447509765625,Y,tuple:pure_Y,85,Y -> Y,tuple:pure_Y -> tuple:pure_Y,0.5,0.5,0.5,0.5,0.999267578125,0.317626953125,0,0.5,0.5,0.5,0.5,0.9833984375,0.3017578125,0,1.0,1.0,1.0,1.0,1.0,0.318359375,1,Y,tuple:pure_Y,85,01010101,pure_Y,Y,1,1,pure_Y,0,1.0,1.0,1.0,0,0,0,1.0,1.0
adaptive_exploratory_posthoc_with_fresh_seed_replication,96afa08359b3b8c4370e,131,fresh,0.9,3,nested,1,7,9,5,7,interval,7,1,4,5,3,4,interval,4,1,0,1,0,0,left,0,1,13,17,9,13,interval,13,1,13,17,9,13,interval,13,1,13,17,9,13,interval,13,13,probe_selective_before_causal,13,probe_selective_before_behavior,0,unresolved_on_log_grid,1,13,17,9,13,interval,13,0,,,8192,,right,8192,0,,,8192,,right,8192,0,,,8192,,right,8192,0,,,8192,,right,8192,0,,,8192,,right,8192,,censored,,censored,,censored,1,13,17,9,13,interval,13,1,161,222,117,161,interval,161,1,117,161,85,117,interval,117,1,222,304,161,222,interval,222,1,222,304,161,222,interval,222,1,222,304,161,222,interval,222,105,probe_selective_before_causal,105,probe_selective_before_behavior,0,unresolved_on_log_grid,D -> P -> D -> Y,P -> Y,1,2,0,0.015625,0.0,0.97662353515625,0.00775146484375,Y,tuple:pure_Y,85,Y -> Y,tuple:pure_Y -> tuple:pure_Y,0.5,0.5,0.5,0.5,1.0,0.3759765625,0,0.5,0.5,0.5,0.5,0.66650390625,0.04248046875,0,1.0,1.0,1.0,1.0,1.0,0.3759765625,1,Y,tuple:pure_Y,85,01010101,pure_Y,Y,1,1,pure_Y,0,1.0,1.0,1.0,0,0,0,1.0,1.0
adaptive_exploratory_posthoc_with_fresh_seed_replication,8b704fd713c3b01e3f6c,131,fresh,0.9,5,independent,1,7,9,5,7,interval,7,1,3,4,2,3,interval,3,1,0,1,0,0,left,0,1,13,17,9,13,interval,13,1,13,17,9,13,interval,13,1,13,17,9,13,interval,13,13,probe_selective_before_causal,13,probe_selective_before_behavior,0,unresolved_on_log_grid,1,7,9,5,7,interval,7,1,33,45,24,33,interval,33,1,33,45,24,33,interval,33,0,,,8192,,right,8192,0,,,8192,,right,8192,0,,,8192,,right,8192,,censored,,censored,,censored,1,62,85,45,62,interval,62,1,790,1085,575,790,interval,790,1,575,790,418,575,interval,575,1,1085,1491,790,1085,interval,1085,1,1085,1491,790,1085,interval,1085,1,1085,1491,790,1085,interval,1085,510,probe_selective_before_causal,510,probe_selective_before_behavior,0,unresolved_on_log_grid,D -> P -> D -> Y,P -> Y,1,2,0,0.00762939453125,0.0,0.88555908203125,0.1068115234375,Y,tuple:pure_Y,85,Y -> Y,tuple:pure_Y -> tuple:pure_Y,0.503662109375,0.503662109375,0.5,0.5,0.99560546875,0.351806640625,0,0.503662109375,0.5032958984375,0.5,0.5,0.966552734375,0.32275390625,0,0.996337890625,0.9964599609375,1.0,1.0,1.0,0.356201171875,1,Y,tuple:pure_Y,85,01010101,pure_Y,Y,1,1,pure_Y,0,1.0,1.0,1.0,0,0,0,1.0,1.0
adaptive_exploratory_posthoc_with_fresh_seed_replication,8ea8bfaa4b45a659b5cf,131,fresh,0.9,5,nested,1,7,9,5,7,interval,7,1,4,5,3,4,interval,4,1,0,1,0,0,left,0,1,13,17,9,13,interval,13,1,13,17,9,13,interval,13,1,13,17,9,13,interval,13,13,probe_selective_before_causal,13,probe_selective_before_behavior,0,unresolved_on_log_grid,1,13,17,9,13,interval,13,0,,,8192,,right,8192,0,,,8192,,right,8192,0,,,8192,,right,8192,0,,,8192,,right,8192,0,,,8192,,right,8192,,censored,,censored,,censored,1,62,85,45,62,interval,62,1,418,575,304,418,interval,418,1,418,575,304,418,interval,418,1,418,575,304,418,interval,418,1,418,575,304,418,interval,418,1,418,575,304,418,interval,418,0,unresolved_on_log_grid,0,unresolved_on_log_grid,0,unresolved_on_log_grid,D -> P -> Y,P -> Y,1,2,0,0.042724609375,0.0,0.9559326171875,0.0013427734375,Y,tuple:pure_Y,85,Y -> Y,tuple:pure_Y -> tuple:pure_Y,0.5,0.5,0.5,0.5,0.99951171875,0.385498046875,0,0.5,0.5,0.5,0.5,0.66259765625,0.048583984375,0,1.0,1.0,1.0,1.0,1.0,0.385986328125,1,Y,tuple:pure_Y,85,01010101,pure_Y,Y,1,1,pure_Y,0,1.0,1.0,1.0,0,0,0,1.0,1.0
adaptive_exploratory_posthoc_with_fresh_seed_replication,6f310f78e243a6ec9fc4,131,fresh,0.95,3,independent,1,7,9,5,7,interval,7,1,4,5,3,4,interval,4,1,0,1,0,0,left,0,1,13,17,9,13,interval,13,1,13,17,9,13,interval,13,1,13,17,9,13,interval,13,13,probe_selective_before_causal,13,probe_selective_before_behavior,0,unresolved_on_log_grid,1,7,9,5,7,interval,7,1,33,45,24,33,interval,33,1,33,45,24,33,interval,33,1,85,117,62,85,interval,85,1,85,117,62,85,interval,85,1,85,117,62,85,interval,85,52,probe_selective_before_causal,52,probe_selective_before_behavior,0,unresolved_on_log_grid,1,13,17,9,13,interval,13,1,304,418,222,304,interval,304,1,222,304,161,222,interval,222,1,418,575,304,418,interval,418,1,418,575,304,418,interval,418,1,418,575,304,418,interval,418,196,probe_selective_before_causal,196,probe_selective_before_behavior,0,unresolved_on_log_grid,D -> P -> D -> Q -> D -> Y,P -> Q -> Y,2,3,0,0.00518798828125,0.014404296875,0.9559326171875,0.02447509765625,Y,tuple:pure_Y,85,Y -> Y,tuple:pure_Y -> tuple:pure_Y,0.5,0.5,0.5,0.5,0.9990234375,0.3251953125,0,0.5,0.5,0.5,0.5,0.992431640625,0.318603515625,0,1.0,1.0,1.0,1.0,1.0,0.326171875,1,Y,tuple:pure_Y,85,01010101,pure_Y,Y,1,1,pure_Y,0,1.0,1.0,1.0,0,0,0,1.0,1.0
adaptive_exploratory_posthoc_with_fresh_seed_replication,7db66a98293380669a2c,131,fresh,0.95,3,nested,1,7,9,5,7,interval,7,1,4,5,3,4,interval,4,1,0,1,0,0,left,0,1,13,17,9,13,interval,13,1,13,17,9,13,interval,13,1,13,17,9,13,interval,13,13,probe_selective_before_causal,13,probe_selective_before_behavior,0,unresolved_on_log_grid,1,9,13,7,9,interval,9,1,45,62,33,45,interval,45,1,33,45,24,33,interval,33,1,117,161,85,117,interval,117,1,117,161,85,117,interval,117,1,117,161,85,117,interval,117,84,probe_selective_before_causal,84,probe_selective_before_behavior,0,unresolved_on_log_grid,1,13,17,9,13,interval,13,1,222,304,161,222,interval,222,1,161,222,117,161,interval,161,1,304,418,222,304,interval,304,1,304,418,222,304,interval,304,1,304,418,222,304,interval,304,143,probe_selective_before_causal,143,probe_selective_before_behavior,0,unresolved_on_log_grid,D -> P -> D -> Q -> D -> Y,P -> Q -> Y,2,3,0,0.00762939453125,0.01104736328125,0.9678955078125,0.013427734375,Y,tuple:pure_Y,85,Y -> Y,tuple:pure_Y -> tuple:pure_Y,0.5,0.5,0.5,0.5,0.99853515625,0.30029296875,0,0.5,0.5,0.5,0.5,1.0,0.3017578125,0,1.0,1.0,1.0,1.0,1.0,0.3017578125,1,Y,tuple:pure_Y,85,01010101,pure_Y,Y,1,1,pure_Y,0,1.0,1.0,1.0,0,0,0,1.0,1.0
adaptive_exploratory_posthoc_with_fresh_seed_replication,2cb4ff197e7fa56a51ba,131,fresh,0.95,5,independent,1,7,9,5,7,interval,7,1,3,4,2,3,interval,3,1,0,1,0,0,left,0,1,13,17,9,13,interval,13,1,13,17,9,13,interval,13,1,13,17,9,13,interval,13,13,probe_selective_before_causal,13,probe_selective_before_behavior,0,unresolved_on_log_grid,1,7,9,5,7,interval,7,1,33,45,24,33,interval,33,1,33,45,24,33,interval,33,1,85,117,62,85,interval,85,1,85,117,62,85,interval,85,1,85,117,62,85,interval,85,52,probe_selective_before_causal,52,probe_selective_before_behavior,0,unresolved_on_log_grid,1,62,85,45,62,interval,62,1,1085,1491,790,1085,interval,1085,1,790,1085,575,790,interval,790,1,1491,2048,1085,1491,interval,1491,1,1491,2048,1085,1491,interval,1491,1,1491,2048,1085,1491,interval,1491,701,probe_selective_before_causal,701,probe_selective_before_behavior,0,unresolved_on_log_grid,D -> P -> D -> Q -> D -> Y,P -> Q -> Y,2,3,0,0.00518798828125,0.02313232421875,0.8427734375,0.12890625,Y,tuple:pure_Y,85,Y -> Y,tuple:pure_Y -> tuple:pure_Y,0.56005859375,0.5621337890625,0.51318359375,0.51513671875,0.9716796875,0.333251953125,0,0.56201171875,0.56329345703125,0.51318359375,0.51361083984375,0.94091796875,0.302490234375,0,0.9365234375,0.9354736328125,0.98681640625,0.9861083984375,1.0,0.361572265625,1,Y,tuple:pure_Y,85,01010101,pure_Y,Y,1,1,pure_Y,0,0.98681640625,0.9921875,0.98876953125,0,0,0,0.982421875,1.0
adaptive_exploratory_posthoc_with_fresh_seed_replication,971cd7d746a6d0a3eba8,131,fresh,0.95,5,nested,1,7,9,5,7,interval,7,1,4,5,3,4,interval,4,1,0,1,0,0,left,0,1,13,17,9,13,interval,13,1,13,17,9,13,interval,13,1,13,17,9,13,interval,13,13,probe_selective_before_causal,13,probe_selective_before_behavior,0,unresolved_on_log_grid,1,9,13,7,9,interval,9,1,45,62,33,45,interval,45,1,33,45,24,33,interval,33,1,117,161,85,117,interval,117,1,117,161,85,117,interval,117,1,117,161,85,117,interval,117,84,probe_selective_before_causal,84,probe_selective_before_behavior,0,unresolved_on_log_grid,1,62,85,45,62,interval,62,1,1085,1491,790,1085,interval,1085,1,790,1085,575,790,interval,790,0,,,8192,,right,8192,0,,,8192,,right,8192,0,,,8192,,right,8192,,censored,,censored,,censored,D -> P -> D -> Q -> D,P -> Q,1,2,0,0.00762939453125,0.07098388671875,0.0,0.92138671875,D,tuple:nested_support_gate_Y_if_P_equals_Q_else_Q,113,D -> D,tuple:nested_support_gate_Y_if_P_equals_Q_else_Q -> tuple:nested_support_gate_Y_if_P_equals_Q_else_Q,0.253173828125,0.2540283203125,0.254150390625,0.2537841796875,0.98193359375,0.3125,0,0.751708984375,0.75177001953125,0.746337890625,0.7464599609375,0.998291015625,0.328857421875,0,0.748291015625,0.74814453125,0.753662109375,0.7534423828125,0.978759765625,0.309326171875,0,D,tuple:nested_support_gate_Y_if_P_equals_Q_else_Q,113,01110001,nested_support_gate_Y_if_P_equals_Q_else_Q,P+Q+Y,3,0,nested_support_gate_Y_if_P_equals_Q_else_Q,0,0.995849609375,0.99609375,0.995849609375,1,0,0,0.9996744791666666,0.015625
adaptive_exploratory_posthoc_with_fresh_seed_replication,6053fce6b98a4bf26088,131,fresh,0.99,3,independent,1,7,9,5,7,interval,7,1,4,5,3,4,interval,4,1,0,1,0,0,left,0,1,13,17,9,13,interval,13,1,13,17,9,13,interval,13,1,13,17,9,13,interval,13,13,probe_selective_before_causal,13,probe_selective_before_behavior,0,unresolved_on_log_grid,1,7,9,5,7,interval,7,1,33,45,24,33,interval,33,1,33,45,24,33,interval,33,1,85,117,62,85,interval,85,1,85,117,62,85,interval,85,1,85,117,62,85,interval,85,52,probe_selective_before_causal,52,probe_selective_before_behavior,0,unresolved_on_log_grid,1,13,17,9,13,interval,13,1,790,1085,575,790,interval,790,1,575,790,418,575,interval,575,0,,,8192,,right,8192,0,,,8192,,right,8192,0,,,8192,,right,8192,,censored,,censored,,censored,D -> P -> D -> Q -> D,P -> Q,1,2,0,0.00518798828125,0.0743408203125,0.0,0.92047119140625,D,tuple:majority_PQY,23,D -> D,tuple:majority_PQY -> raw_codeword_patch,0.6630859375,0.66162109375,0.593017578125,0.59375,0.99267578125,0.2958984375,0,0.7236328125,0.72100830078125,0.603271484375,0.60302734375,0.999267578125,0.302490234375,0,0.7763671875,0.7764078776041667,0.896728515625,0.8967692057291667,1.0,0.30322265625,0,D,raw_codeword_patch,85,01010101,pure_Y,Y,1,1,pure_Y,0,0.896728515625,0.9375,0.927001953125,0,1,0,0.869140625,0.9794921875
adaptive_exploratory_posthoc_with_fresh_seed_replication,eccbe4c111865e00542c,131,fresh,0.99,3,nested,1,7,9,5,7,interval,7,1,4,5,3,4,interval,4,1,0,1,0,0,left,0,1,13,17,9,13,interval,13,1,13,17,9,13,interval,13,1,13,17,9,13,interval,13,13,probe_selective_before_causal,13,probe_selective_before_behavior,0,unresolved_on_log_grid,1,7,9,5,7,interval,7,1,33,45,24,33,interval,33,1,33,45,24,33,interval,33,1,85,117,62,85,interval,85,1,85,117,62,85,interval,85,1,85,117,62,85,interval,85,52,probe_selective_before_causal,52,probe_selective_before_behavior,0,unresolved_on_log_grid,1,13,17,9,13,interval,13,1,575,790,418,575,interval,575,1,418,575,304,418,interval,418,0,,,8192,,right,8192,0,,,8192,,right,8192,0,,,8192,,right,8192,,censored,,censored,,censored,D -> P -> D -> Q -> D,P -> Q,1,2,0,0.00518798828125,0.0516357421875,0.0,0.94317626953125,D,tuple:nested_support_gate_Y_if_P_equals_Q_else_Q,113,D -> D,tuple:nested_support_gate_Y_if_P_equals_Q_else_Q -> tuple:three_candidate_interaction,0.279052734375,0.278564453125,0.361572265625,0.358642578125,0.995849609375,0.278076171875,0,0.737060546875,0.73797607421875,0.638916015625,0.63836669921875,1.0,0.2822265625,0,0.762939453125,0.7619222005208333,0.861083984375,0.8612060546875,1.0,0.2822265625,0,D,tuple:three_candidate_interaction,81,01010001,three_candidate_interaction,P+Q+Y,3,0,nested_support_gate_Y_if_P_equals_Q_else_Q+pure_Y,1,0.905029296875,0.890625,0.930419921875,1,0,0,0.9996744791666666,0.4453125
adaptive_exploratory_posthoc_with_fresh_seed_replication,ffbf1a7c23b4fdb17e03,131,fresh,0.99,5,independent,1,7,9,5,7,interval,7,1,4,5,3,4,interval,4,1,0,1,0,0,left,0,1,13,17,9,13,interval,13,1,13,17,9,13,interval,13,1,13,17,9,13,interval,13,13,probe_selective_before_causal,13,probe_selective_before_behavior,0,unresolved_on_log_grid,1,7,9,5,7,interval,7,1,33,45,24,33,interval,33,1,24,33,17,24,interval,24,1,85,117,62,85,interval,85,1,85,117,62,85,interval,85,1,85,117,62,85,interval,85,61,probe_selective_before_causal,61,probe_selective_before_behavior,0,unresolved_on_log_grid,1,62,85,45,62,interval,62,0,,,8192,,right,8192,0,,,8192,,right,8192,0,,,8192,,right,8192,0,,,8192,,right,8192,0,,,8192,,right,8192,,censored,,censored,,censored,D -> P -> D -> Q,P -> Q,1,2,0,0.00518798828125,0.99102783203125,0.0,0.0037841796875,Q,tuple:pure_Q,51,Q -> Q,tuple:pure_Q -> tuple:pure_Q,0.547119140625,0.549072265625,0.55517578125,0.5577392578125,0.974853515625,0.376220703125,0,0.950439453125,0.94854736328125,0.94091796875,0.9378662109375,0.99267578125,0.39404296875,1,0.536376953125,0.5367431640625,0.54541015625,0.5472900390625,0.780029296875,0.181396484375,0,Q,tuple:pure_Q,51,00110011,pure_Q,Q,1,1,pure_Q,0,0.94091796875,0.9765625,0.9462890625,0,0,0,0.66015625,0.201171875
adaptive_exploratory_posthoc_with_fresh_seed_replication,4932aa572b5a3422847c,131,fresh,0.99,5,nested,1,7,9,5,7,interval,7,1,4,5,3,4,interval,4,1,0,1,0,0,left,0,1,13,17,9,13,interval,13,1,13,17,9,13,interval,13,1,13,17,9,13,interval,13,13,probe_selective_before_causal,13,probe_selective_before_behavior,0,unresolved_on_log_grid,1,7,9,5,7,interval,7,1,33,45,24,33,interval,33,1,33,45,24,33,interval,33,1,85,117,62,85,interval,85,1,85,117,62,85,interval,85,1,85,117,62,85,interval,85,52,probe_selective_before_causal,52,probe_selective_before_behavior,0,unresolved_on_log_grid,1,62,85,45,62,interval,62,0,,,8192,,right,8192,0,,,8192,,right,8192,0,,,8192,,right,8192,0,,,8192,,right,8192,0,,,8192,,right,8192,,censored,,censored,,censored,D -> P -> D -> Q,P -> Q,1,2,0,0.00518798828125,0.99102783203125,0.0,0.0037841796875,Q,tuple:pure_Q,51,Q -> Q,tuple:pure_Q -> tuple:pure_Q,0.4560546875,0.4576416015625,0.442138671875,0.4412841796875,0.95849609375,0.32861328125,0,0.9560546875,0.956787109375,0.941162109375,0.94097900390625,0.9990234375,0.369140625,1,0.5439453125,0.5443603515625,0.558837890625,0.5589599609375,0.774169921875,0.144287109375,0,Q,tuple:pure_Q,51,00110011,pure_Q,Q,1,1,pure_Q,0,0.941162109375,0.953125,0.968017578125,0,0,0,0.7444661458333334,0.001953125
adaptive_exploratory_posthoc_with_fresh_seed_replication,ae17cb0c4f2a10ac3887,137,fresh,0.9,3,independent,1,2,3,1,2,interval,2,1,0,1,0,0,left,0,1,0,1,0,0,left,0,1,9,13,7,9,interval,9,1,9,13,7,9,interval,9,1,9,13,7,9,interval,9,9,probe_selective_before_causal,9,probe_selective_before_behavior,0,unresolved_on_log_grid,1,9,13,7,9,interval,9,1,45,62,33,45,interval,45,1,33,45,24,33,interval,33,0,,,8192,,right,8192,0,,,8192,,right,8192,0,,,8192,,right,8192,,censored,,censored,,censored,1,5,7,4,5,interval,5,1,161,222,117,161,interval,161,1,161,222,117,161,interval,161,1,222,304,161,222,interval,222,1,222,304,161,222,interval,222,1,222,304,161,222,interval,222,61,unresolved_on_log_grid,61,unresolved_on_log_grid,0,unresolved_on_log_grid,D -> P -> D -> Y,P -> Y,1,2,0,0.00799560546875,0.0,0.97662353515625,0.015380859375,Y,tuple:pure_Y,85,Y -> Y,tuple:pure_Y -> tuple:pure_Y,0.5,0.5,0.5,0.5,0.999755859375,0.34521484375,0,0.5,0.5,0.5,0.5,0.972900390625,0.318359375,0,1.0,1.0,1.0,1.0,1.0,0.345458984375,1,Y,tuple:pure_Y,85,01010101,pure_Y,Y,1,1,pure_Y,0,1.0,1.0,1.0,0,0,0,1.0,1.0
adaptive_exploratory_posthoc_with_fresh_seed_replication,367316b185c0317ddd8f,137,fresh,0.9,3,nested,1,2,3,1,2,interval,2,1,0,1,0,0,left,0,1,0,1,0,0,left,0,1,9,13,7,9,interval,9,1,9,13,7,9,interval,9,1,9,13,7,9,interval,9,9,probe_selective_before_causal,9,probe_selective_before_behavior,0,unresolved_on_log_grid,1,7,9,5,7,interval,7,0,,,8192,,right,8192,0,,,8192,,right,8192,0,,,8192,,right,8192,0,,,8192,,right,8192,0,,,8192,,right,8192,,censored,,censored,,censored,1,5,7,4,5,interval,5,1,117,161,85,117,interval,117,1,117,161,85,117,interval,117,1,161,222,117,161,interval,161,1,161,222,117,161,interval,161,1,161,222,117,161,interval,161,44,unresolved_on_log_grid,44,unresolved_on_log_grid,0,unresolved_on_log_grid,D -> P -> Y,P -> Y,1,2,0,0.0159912109375,0.0,0.9830322265625,0.0009765625,Y,tuple:pure_Y,85,Y -> Y,tuple:pure_Y -> tuple:pure_Y,0.5,0.5,0.5,0.5,1.0,0.37060546875,0,0.5,0.5,0.5,0.5,0.70361328125,0.07421875,0,1.0,1.0,1.0,1.0,1.0,0.37060546875,1,Y,tuple:pure_Y,85,01010101,pure_Y,Y,1,1,pure_Y,0,1.0,1.0,1.0,0,0,0,1.0,1.0
adaptive_exploratory_posthoc_with_fresh_seed_replication,0f0b0e35e616fd44b70e,137,fresh,0.9,5,independent,1,2,3,1,2,interval,2,1,0,1,0,0,left,0,1,0,1,0,0,left,0,1,9,13,7,9,interval,9,1,9,13,7,9,interval,9,1,9,13,7,9,interval,9,9,probe_selective_before_causal,9,probe_selective_before_behavior,0,unresolved_on_log_grid,1,9,13,7,9,interval,9,1,45,62,33,45,interval,45,1,33,45,24,33,interval,33,0,,,8192,,right,8192,0,,,8192,,right,8192,0,,,8192,,right,8192,,censored,,censored,,censored,1,45,62,33,45,interval,45,1,1085,1491,790,1085,interval,1085,1,790,1085,575,790,interval,790,1,1085,1491,790,1085,interval,1085,1,1085,1491,790,1085,interval,1085,1,1085,1491,790,1085,interval,1085,295,unresolved_on_log_grid,295,unresolved_on_log_grid,0,unresolved_on_log_grid,D -> P -> D -> Y,P -> Y,1,2,0,0.00799560546875,0.0,0.88555908203125,0.1064453125,Y,tuple:pure_Y,85,Y -> Y,tuple:pure_Y -> tuple:pure_Y,0.50830078125,0.507080078125,0.5,0.5,0.995361328125,0.37890625,0,0.50830078125,0.5074462890625,0.5,0.5,0.942626953125,0.326171875,0,0.99169921875,0.9925048828125,1.0,1.0,1.0,0.383544921875,1,Y,tuple:pure_Y,85,01010101,pure_Y,Y,1,1,pure_Y,0,1.0,1.0,1.0,0,0,0,1.0,1.0
adaptive_exploratory_posthoc_with_fresh_seed_replication,8f2f6dc0e6b344fba5e0,137,fresh,0.9,5,nested,1,2,3,1,2,interval,2,1,0,1,0,0,left,0,1,0,1,0,0,left,0,1,9,13,7,9,interval,9,1,9,13,7,9,interval,9,1,9,13,7,9,interval,9,9,probe_selective_before_causal,9,probe_selective_before_behavior,0,unresolved_on_log_grid,1,7,9,5,7,interval,7,0,,,8192,,right,8192,0,,,8192,,right,8192,0,,,8192,,right,8192,0,,,8192,,right,8192,0,,,8192,,right,8192,,censored,,censored,,censored,1,45,62,33,45,interval,45,1,575,790,418,575,interval,575,1,575,790,418,575,interval,575,1,790,1085,575,790,interval,790,1,790,1085,575,790,interval,790,1,790,1085,575,790,interval,790,215,unresolved_on_log_grid,215,unresolved_on_log_grid,0,unresolved_on_log_grid,D -> P -> D -> Y,P -> Y,1,2,0,0.05963134765625,0.0,0.91668701171875,0.023681640625,Y,tuple:pure_Y,85,Y -> Y,tuple:pure_Y -> tuple:pure_Y,0.5,0.5,0.5,0.5,0.99951171875,0.37255859375,0,0.5,0.5,0.5,0.5,0.688232421875,0.061279296875,0,1.0,1.0,1.0,1.0,1.0,0.373046875,1,Y,tuple:pure_Y,85,01010101,pure_Y,Y,1,1,pure_Y,0,1.0,1.0,1.0,0,0,0,1.0,1.0
adaptive_exploratory_posthoc_with_fresh_seed_replication,25e85dba357d36d91523,137,fresh,0.95,3,independent,1,2,3,1,2,interval,2,1,0,1,0,0,left,0,1,0,1,0,0,left,0,1,9,13,7,9,interval,9,1,9,13,7,9,interval,9,1,9,13,7,9,interval,9,9,probe_selective_before_causal,9,probe_selective_before_behavior,0,unresolved_on_log_grid,1,13,17,9,13,interval,13,1,33,45,24,33,interval,33,1,33,45,24,33,interval,33,1,85,117,62,85,interval,85,1,85,117,62,85,interval,85,1,85,117,62,85,interval,85,52,probe_selective_before_causal,52,probe_selective_before_behavior,0,unresolved_on_log_grid,1,5,7,4,5,interval,5,1,161,222,117,161,interval,161,1,161,222,117,161,interval,161,1,304,418,222,304,interval,304,1,304,418,222,304,interval,304,1,304,418,222,304,interval,304,143,probe_selective_before_causal,143,probe_selective_before_behavior,0,unresolved_on_log_grid,D -> P -> D -> Q -> D -> Y,P -> Q -> Y,2,3,0,0.00555419921875,0.00799560546875,0.9678955078125,0.0185546875,Y,tuple:pure_Y,85,Y -> Y,tuple:pure_Y -> tuple:pure_Y,0.5,0.5,0.5,0.5,0.999755859375,0.3505859375,0,0.5,0.5,0.5,0.5,0.98828125,0.339111328125,0,1.0,1.0,1.0,1.0,1.0,0.350830078125,1,Y,tuple:pure_Y,85,01010101,pure_Y,Y,1,1,pure_Y,0,1.0,1.0,1.0,0,0,0,1.0,1.0
adaptive_exploratory_posthoc_with_fresh_seed_replication,0635960bf44e1895be43,137,fresh,0.95,3,nested,1,2,3,1,2,interval,2,1,0,1,0,0,left,0,1,0,1,0,0,left,0,1,9,13,7,9,interval,9,1,9,13,7,9,interval,9,1,9,13,7,9,interval,9,9,probe_selective_before_causal,9,probe_selective_before_behavior,0,unresolved_on_log_grid,1,7,9,5,7,interval,7,1,45,62,33,45,interval,45,1,33,45,24,33,interval,33,0,,,8192,,right,8192,0,,,8192,,right,8192,0,,,8192,,right,8192,,censored,,censored,,censored,1,5,7,4,5,interval,5,1,161,222,117,161,interval,161,1,117,161,85,117,interval,117,1,222,304,161,222,interval,222,1,222,304,161,222,interval,222,1,222,304,161,222,interval,222,105,probe_selective_before_causal,105,probe_selective_before_behavior,0,unresolved_on_log_grid,D -> P -> D -> Q -> D -> Y,P -> Y,1,2,0,0.00799560546875,0.004638671875,0.97662353515625,0.0107421875,Y,tuple:pure_Y,85,Y -> Y,tuple:pure_Y -> tuple:pure_Y,0.5,0.5,0.5,0.5,0.999755859375,0.3193359375,0,0.5,0.5,0.5,0.5,1.0,0.319580078125,0,1.0,1.0,1.0,1.0,1.0,0.319580078125,1,Y,tuple:pure_Y,85,01010101,pure_Y,Y,1,1,pure_Y,0,1.0,1.0,1.0,0,0,0,1.0,1.0
adaptive_exploratory_posthoc_with_fresh_seed_replication,3b9d78ce29ea37c0cefc,137,fresh,0.95,5,independent,1,2,3,1,2,interval,2,1,0,1,0,0,left,0,1,0,1,0,0,left,0,1,9,13,7,9,interval,9,1,9,13,7,9,interval,9,1,9,13,7,9,interval,9,9,probe_selective_before_causal,9,probe_selective_before_behavior,0,unresolved_on_log_grid,1,13,17,9,13,interval,13,1,33,45,24,33,interval,33,1,33,45,24,33,interval,33,1,85,117,62,85,interval,85,1,85,117,62,85,interval,85,1,85,117,62,85,interval,85,52,probe_selective_before_causal,52,probe_selective_before_behavior,0,unresolved_on_log_grid,1,45,62,33,45,interval,45,1,1491,2048,1085,1491,interval,1491,1,1085,1491,790,1085,interval,1085,1,2048,2435,1491,2048,interval,2048,1,2435,2896,2048,2435,interval,2435,1,2435,2896,2048,2435,interval,2435,1350,probe_selective_before_causal,963,probe_selective_before_behavior,-387,unresolved_on_log_grid,D -> P -> D -> Q -> D -> Q -> D -> Y,P -> Q -> Y,2,3,0,0.00555419921875,0.0263671875,0.72637939453125,0.24169921875,D,tuple:pure_Y,85,D -> Y,tuple:pure_Y -> tuple:pure_Y,0.586181640625,0.59033203125,0.517822265625,0.517822265625,0.998046875,0.3662109375,0,0.599365234375,0.6021728515625,0.517822265625,0.51849365234375,0.952880859375,0.321044921875,0,0.900634765625,0.89609375,0.982177734375,0.9808349609375,1.0,0.3681640625,1,Y,tuple:pure_Y,85,01010101,pure_Y,Y,1,1,pure_Y,0,0.982177734375,0.98828125,0.986083984375,0,0,0,0.9762369791666666,1.0
adaptive_exploratory_posthoc_with_fresh_seed_replication,a1501c84a19a4e1e4567,137,fresh,0.95,5,nested,1,2,3,1,2,interval,2,1,0,1,0,0,left,0,1,0,1,0,0,left,0,1,9,13,7,9,interval,9,1,9,13,7,9,interval,9,1,9,13,7,9,interval,9,9,probe_selective_before_causal,9,probe_selective_before_behavior,0,unresolved_on_log_grid,1,7,9,5,7,interval,7,1,45,62,33,45,interval,45,1,33,45,24,33,interval,33,1,85,117,62,85,interval,85,1,85,117,62,85,interval,85,1,85,117,62,85,interval,85,52,probe_selective_before_causal,52,probe_selective_before_behavior,0,unresolved_on_log_grid,1,45,62,33,45,interval,45,1,1491,2048,1085,1491,interval,1491,1,1085,1491,790,1085,interval,1085,0,,,8192,,right,8192,0,,,8192,,right,8192,0,,,8192,,right,8192,,censored,,censored,,censored,D -> P -> Q -> D,P -> Q,1,2,0,0.00799560546875,0.0743408203125,0.0,0.91766357421875,D,tuple:nested_support_gate_Y_if_P_equals_Q_else_Q,113,D -> D,tuple:nested_support_gate_Y_if_P_equals_Q_else_Q -> tuple:nested_support_gate_Y_if_P_equals_Q_else_Q,0.265869140625,0.2666015625,0.281494140625,0.2818603515625,0.99365234375,0.33544921875,0,0.739990234375,0.73974609375,0.718505859375,0.71734619140625,0.99609375,0.337890625,0,0.760009765625,0.759912109375,0.781494140625,0.7828125,0.99365234375,0.33544921875,0,D,tuple:nested_support_gate_Y_if_P_equals_Q_else_Q,113,01110001,nested_support_gate_Y_if_P_equals_Q_else_Q,P+Q+Y,3,0,nested_support_gate_Y_if_P_equals_Q_else_Q,0,0.968505859375,0.96484375,0.989013671875,1,0,0,1.0,0.1259765625
adaptive_exploratory_posthoc_with_fresh_seed_replication,55ebe6236ae267b0e882,137,fresh,0.99,3,independent,1,2,3,1,2,interval,2,1,0,1,0,0,left,0,1,0,1,0,0,left,0,1,9,13,7,9,interval,9,1,9,13,7,9,interval,9,1,9,13,7,9,interval,9,9,probe_selective_before_causal,9,probe_selective_before_behavior,0,unresolved_on_log_grid,1,13,17,9,13,interval,13,1,33,45,24,33,interval,33,1,33,45,24,33,interval,33,1,85,117,62,85,interval,85,1,85,117,62,85,interval,85,1,85,117,62,85,interval,85,52,probe_selective_before_causal,52,probe_selective_before_behavior,0,unresolved_on_log_grid,1,5,7,4,5,interval,5,1,304,418,222,304,interval,304,1,304,418,222,304,interval,304,1,2435,2896,2048,2435,interval,2435,1,2896,3444,2435,2896,interval,2896,1,2896,3444,2435,2896,interval,2896,2592,probe_selective_before_causal,2131,probe_selective_before_behavior,-461,unresolved_on_log_grid,D -> P -> D -> Q -> D -> Y,P -> Q -> Y,2,3,0,0.00555419921875,0.03509521484375,0.67462158203125,0.28472900390625,D,raw_codeword_patch,85,D -> Y,raw_codeword_patch -> tuple:pure_Y,0.604248046875,0.6094970703125,0.521484375,0.5203857421875,0.998046875,0.32763671875,0,0.607666015625,0.6102294921875,0.521484375,0.5223388671875,0.997314453125,0.326904296875,0,0.892333984375,0.8881022135416667,0.978515625,0.9787190755208333,1.0,0.32958984375,1,Y,tuple:pure_Y,85,01010101,pure_Y,Y,1,1,pure_Y,0,0.978515625,1.0,0.978515625,0,0,0,0.9713541666666666,1.0
adaptive_exploratory_posthoc_with_fresh_seed_replication,5e43e341de269b88da37,137,fresh,0.99,3,nested,1,2,3,1,2,interval,2,1,0,1,0,0,left,0,1,0,1,0,0,left,0,1,9,13,7,9,interval,9,1,9,13,7,9,interval,9,1,9,13,7,9,interval,9,9,probe_selective_before_causal,9,probe_selective_before_behavior,0,unresolved_on_log_grid,1,9,13,7,9,interval,9,1,33,45,24,33,interval,33,1,33,45,24,33,interval,33,1,85,117,62,85,interval,85,1,85,117,62,85,interval,85,1,85,117,62,85,interval,85,52,probe_selective_before_causal,52,probe_selective_before_behavior,0,unresolved_on_log_grid,1,5,7,4,5,interval,5,1,418,575,304,418,interval,418,1,304,418,222,304,interval,304,0,,,8192,,right,8192,0,,,8192,,right,8192,0,,,8192,,right,8192,,censored,,censored,,censored,D -> P -> D -> Q -> D -> Y,P -> Q,1,2,0,0.00555419921875,0.03509521484375,0.0794677734375,0.8798828125,D,tuple:nested_support_gate_Y_if_P_equals_Q_else_Q,113,D -> Y,tuple:nested_support_gate_Y_if_P_equals_Q_else_Q -> tuple:pure_Y,0.32275390625,0.322265625,0.402099609375,0.4034423828125,0.998779296875,0.29736328125,0,0.68017578125,0.6826171875,0.597900390625,0.597900390625,1.0,0.298583984375,0,0.81982421875,0.818115234375,0.902099609375,0.9016520182291667,1.0,0.298583984375,1,Y,tuple:pure_Y,85,01010101,pure_Y,Y,1,1,pure_Y,0,0.902099609375,0.90625,0.948974609375,0,0,0,1.0,0.6083984375
adaptive_exploratory_posthoc_with_fresh_seed_replication,111a7717248bf82f2fe4,137,fresh,0.99,5,independent,1,2,3,1,2,interval,2,1,0,1,0,0,left,0,1,0,1,0,0,left,0,1,9,13,7,9,interval,9,1,9,13,7,9,interval,9,1,9,13,7,9,interval,9,9,probe_selective_before_causal,9,probe_selective_before_behavior,0,unresolved_on_log_grid,1,13,17,9,13,interval,13,1,33,45,24,33,interval,33,1,33,45,24,33,interval,33,1,62,85,45,62,interval,62,1,62,85,45,62,interval,62,1,62,85,45,62,interval,62,29,probe_selective_before_causal,29,probe_selective_before_behavior,0,unresolved_on_log_grid,1,45,62,33,45,interval,45,0,,,8192,,right,8192,0,,,8192,,right,8192,0,,,8192,,right,8192,0,,,8192,,right,8192,0,,,8192,,right,8192,,censored,,censored,,censored,D -> P -> Q,P -> Q,1,2,0,0.00555419921875,0.99346923828125,0.0,0.0009765625,Q,tuple:pure_Q,51,Q -> Q,tuple:pure_Q -> tuple:pure_Q,0.526611328125,0.5264892578125,0.526611328125,0.5283203125,0.975830078125,0.386474609375,0,0.973388671875,0.9725341796875,0.973388671875,0.969970703125,0.99755859375,0.408203125,1,0.504638671875,0.502880859375,0.509033203125,0.507080078125,0.559326171875,-0.030029296875,0,Q,tuple:pure_Q,51,00110011,pure_Q,Q,1,1,pure_Q,0,0.973388671875,1.0,0.973388671875,0,0,0,0.6549479166666666,0.0712890625
adaptive_exploratory_posthoc_with_fresh_seed_replication,ace7787656896063da0e,137,fresh,0.99,5,nested,1,2,3,1,2,interval,2,1,0,1,0,0,left,0,1,0,1,0,0,left,0,1,9,13,7,9,interval,9,1,9,13,7,9,interval,9,1,9,13,7,9,interval,9,9,probe_selective_before_causal,9,probe_selective_before_behavior,0,unresolved_on_log_grid,1,9,13,7,9,interval,9,1,33,45,24,33,interval,33,1,33,45,24,33,interval,33,1,85,117,62,85,interval,85,1,85,117,62,85,interval,85,1,85,117,62,85,interval,85,52,probe_selective_before_causal,52,probe_selective_before_behavior,0,unresolved_on_log_grid,1,45,62,33,45,interval,45,0,,,8192,,right,8192,0,,,8192,,right,8192,0,,,8192,,right,8192,0,,,8192,,right,8192,0,,,8192,,right,8192,,censored,,censored,,censored,D -> P -> D -> Q,P -> Q,1,2,0,0.00555419921875,0.99102783203125,0.0,0.00341796875,Q,tuple:pure_Q,51,Q -> Q,tuple:pure_Q -> tuple:pure_Q,0.4716796875,0.471923828125,0.46142578125,0.4622802734375,0.95068359375,0.318115234375,0,0.9697265625,0.97125244140625,0.9541015625,0.95416259765625,0.9990234375,0.366455078125,1,0.5302734375,0.5302490234375,0.5458984375,0.546142578125,0.82763671875,0.195068359375,0,Q,tuple:pure_Q,51,00110011,pure_Q,Q,1,1,pure_Q,0,0.9541015625,0.97265625,0.97119140625,0,0,0,0.7229817708333334,0.0146484375
adaptive_exploratory_posthoc_with_fresh_seed_replication,f30d8e904cf416e5b764,139,fresh,0.9,3,independent,1,4,5,3,4,interval,4,1,0,1,0,0,left,0,1,0,1,0,0,left,0,1,7,9,5,7,interval,7,1,7,9,5,7,interval,7,1,7,9,5,7,interval,7,7,probe_selective_before_causal,7,probe_selective_before_behavior,0,unresolved_on_log_grid,1,13,17,9,13,interval,13,1,45,62,33,45,interval,45,1,45,62,33,45,interval,45,0,,,8192,,right,8192,0,,,8192,,right,8192,0,,,8192,,right,8192,,censored,,censored,,censored,1,17,24,13,17,interval,17,1,161,222,117,161,interval,161,1,161,222,117,161,interval,161,1,304,418,222,304,interval,304,1,304,418,222,304,interval,304,1,304,418,222,304,interval,304,143,probe_selective_before_causal,143,probe_selective_before_behavior,0,unresolved_on_log_grid,D -> P -> D -> Y,P -> Y,1,2,0,0.00823974609375,0.0,0.9678955078125,0.02386474609375,Y,tuple:pure_Y,85,Y -> Y,tuple:pure_Y -> tuple:pure_Y,0.5,0.5,0.5,0.5,1.0,0.3466796875,0,0.5,0.5,0.5,0.5,0.9970703125,0.34375,0,1.0,1.0,1.0,1.0,1.0,0.3466796875,1,Y,tuple:pure_Y,85,01010101,pure_Y,Y,1,1,pure_Y,0,1.0,1.0,1.0,0,0,0,1.0,1.0
adaptive_exploratory_posthoc_with_fresh_seed_replication,7c7b5551dd47fb7c05f2,139,fresh,0.9,3,nested,1,4,5,3,4,interval,4,1,0,1,0,0,left,0,1,0,1,0,0,left,0,1,7,9,5,7,interval,7,1,7,9,5,7,interval,7,1,7,9,5,7,interval,7,7,probe_selective_before_causal,7,probe_selective_before_behavior,0,unresolved_on_log_grid,1,13,17,9,13,interval,13,0,,,8192,,right,8192,0,,,8192,,right,8192,0,,,8192,,right,8192,0,,,8192,,right,8192,0,,,8192,,right,8192,,censored,,censored,,censored,1,17,24,13,17,interval,17,1,161,222,117,161,interval,161,1,117,161,85,117,interval,117,1,222,304,161,222,interval,222,1,222,304,161,222,interval,222,1,222,304,161,222,interval,222,105,probe_selective_before_causal,105,probe_selective_before_behavior,0,unresolved_on_log_grid,D -> P -> D -> Y,P -> Y,1,2,0,0.0162353515625,0.0,0.97662353515625,0.00714111328125,Y,tuple:pure_Y,85,Y -> Y,tuple:pure_Y -> tuple:pure_Y,0.5,0.5,0.5,0.5,1.0,0.361572265625,0,0.5,0.5,0.5,0.5,0.67236328125,0.033935546875,0,1.0,1.0,1.0,1.0,1.0,0.361572265625,1,Y,tuple:pure_Y,85,01010101,pure_Y,Y,1,1,pure_Y,0,1.0,1.0,1.0,0,0,0,1.0,1.0
adaptive_exploratory_posthoc_with_fresh_seed_replication,b62bd8eb06900c9440b6,139,fresh,0.9,5,independent,1,4,5,3,4,interval,4,1,0,1,0,0,left,0,1,0,1,0,0,left,0,1,7,9,5,7,interval,7,1,7,9,5,7,interval,7,1,7,9,5,7,interval,7,7,probe_selective_before_causal,7,probe_selective_before_behavior,0,unresolved_on_log_grid,1,13,17,9,13,interval,13,1,45,62,33,45,interval,45,1,45,62,33,45,interval,45,0,,,8192,,right,8192,0,,,8192,,right,8192,0,,,8192,,right,8192,,censored,,censored,,censored,1,24,33,17,24,interval,24,1,1085,1491,790,1085,interval,1085,1,790,1085,575,790,interval,790,1,1085,1491,790,1085,interval,1085,1,1085,1491,790,1085,interval,1085,1,1085,1491,790,1085,interval,1085,295,unresolved_on_log_grid,295,unresolved_on_log_grid,0,unresolved_on_log_grid,D -> P -> D -> Y,P -> Y,1,2,0,0.00823974609375,0.0,0.88555908203125,0.106201171875,Y,tuple:pure_Y,85,Y -> Y,tuple:pure_Y -> tuple:pure_Y,0.503173828125,0.503173828125,0.5,0.5,0.954833984375,0.32177734375,0,0.503173828125,0.50335693359375,0.5,0.5,0.944091796875,0.31103515625,0,0.996826171875,0.99658203125,1.0,1.0,1.0,0.366943359375,1,Y,tuple:pure_Y,85,01010101,pure_Y,Y,1,1,pure_Y,0,1.0,1.0,1.0,0,0,0,1.0,1.0
adaptive_exploratory_posthoc_with_fresh_seed_replication,608e4b9b9aa536486e72,139,fresh,0.9,5,nested,1,4,5,3,4,interval,4,1,0,1,0,0,left,0,1,0,1,0,0,left,0,1,7,9,5,7,interval,7,1,7,9,5,7,interval,7,1,7,9,5,7,interval,7,7,probe_selective_before_causal,7,probe_selective_before_behavior,0,unresolved_on_log_grid,1,13,17,9,13,interval,13,0,,,8192,,right,8192,0,,,8192,,right,8192,0,,,8192,,right,8192,0,,,8192,,right,8192,0,,,8192,,right,8192,,censored,,censored,,censored,1,24,33,17,24,interval,24,1,575,790,418,575,interval,575,1,575,790,418,575,interval,575,1,575,790,418,575,interval,575,1,575,790,418,575,interval,575,1,575,790,418,575,interval,575,0,unresolved_on_log_grid,0,unresolved_on_log_grid,0,unresolved_on_log_grid,D -> P -> Y,P -> Y,1,2,0,0.05987548828125,0.0,0.93939208984375,0.000732421875,Y,tuple:pure_Y,85,Y -> Y,tuple:pure_Y -> tuple:pure_Y,0.5,0.5,0.5,0.5,0.9990234375,0.36572265625,0,0.5,0.5,0.5,0.5,0.6005859375,-0.03271484375,0,1.0,1.0,1.0,1.0,1.0,0.36669921875,1,Y,tuple:pure_Y,85,01010101,pure_Y,Y,1,1,pure_Y,0,1.0,1.0,1.0,0,0,0,1.0,1.0
adaptive_exploratory_posthoc_with_fresh_seed_replication,5401c263c18c38526484,139,fresh,0.95,3,independent,1,4,5,3,4,interval,4,1,0,1,0,0,left,0,1,0,1,0,0,left,0,1,7,9,5,7,interval,7,1,7,9,5,7,interval,7,1,7,9,5,7,interval,7,7,probe_selective_before_causal,7,probe_selective_before_behavior,0,unresolved_on_log_grid,1,13,17,9,13,interval,13,1,45,62,33,45,interval,45,1,45,62,33,45,interval,45,1,85,117,62,85,interval,85,1,85,117,62,85,interval,85,1,85,117,62,85,interval,85,40,probe_selective_before_causal,40,probe_selective_before_behavior,0,unresolved_on_log_grid,1,17,24,13,17,interval,17,1,161,222,117,161,interval,161,1,161,222,117,161,interval,161,1,418,575,304,418,interval,418,1,418,575,304,418,interval,418,1,418,575,304,418,interval,418,257,probe_selective_before_causal,257,probe_selective_before_behavior,0,unresolved_on_log_grid,D -> P -> D -> Q -> D -> Y,P -> Q -> Y,2,3,0,0.00579833984375,0.00799560546875,0.9559326171875,0.0302734375,Y,tuple:pure_Y,85,Y -> Y,tuple:pure_Y -> tuple:pure_Y,0.5,0.5,0.5,0.5,1.0,0.342529296875,0,0.5,0.5,0.5,0.5,1.0,0.342529296875,0,1.0,1.0,1.0,1.0,1.0,0.342529296875,1,Y,tuple:pure_Y,85,01010101,pure_Y,Y,1,1,pure_Y,0,1.0,1.0,1.0,0,0,0,1.0,1.0
adaptive_exploratory_posthoc_with_fresh_seed_replication,db1aedec8cf9962a0182,139,fresh,0.95,3,nested,1,4,5,3,4,interval,4,1,0,1,0,0,left,0,1,0,1,0,0,left,0,1,7,9,5,7,interval,7,1,7,9,5,7,interval,7,1,7,9,5,7,interval,7,7,probe_selective_before_causal,7,probe_selective_before_behavior,0,unresolved_on_log_grid,1,13,17,9,13,interval,13,1,45,62,33,45,interval,45,1,45,62,33,45,interval,45,1,117,161,85,117,interval,117,1,117,161,85,117,interval,117,1,117,161,85,117,interval,117,72,probe_selective_before_causal,72,probe_selective_before_behavior,0,unresolved_on_log_grid,1,17,24,13,17,interval,17,1,161,222,117,161,interval,161,1,161,222,117,161,interval,161,1,304,418,222,304,interval,304,1,304,418,222,304,interval,304,1,304,418,222,304,interval,304,143,probe_selective_before_causal,143,probe_selective_before_behavior,0,unresolved_on_log_grid,D -> P -> D -> Q -> D -> Y,P -> Q -> Y,2,3,0,0.00823974609375,0.01104736328125,0.9678955078125,0.0128173828125,Y,tuple:pure_Y,85,Y -> Y,tuple:pure_Y -> tuple:pure_Y,0.5,0.5,0.5,0.5,0.999755859375,0.310546875,0,0.5,0.5,0.5,0.5,0.999755859375,0.310546875,0,1.0,1.0,1.0,1.0,1.0,0.310791015625,1,Y,tuple:pure_Y,85,01010101,pure_Y,Y,1,1,pure_Y,0,1.0,1.0,1.0,0,0,0,1.0,1.0
adaptive_exploratory_posthoc_with_fresh_seed_replication,237c4df0aa1cbbd38fd4,139,fresh,0.95,5,independent,1,4,5,3,4,interval,4,1,0,1,0,0,left,0,1,0,1,0,0,left,0,1,7,9,5,7,interval,7,1,7,9,5,7,interval,7,1,7,9,5,7,interval,7,7,probe_selective_before_causal,7,probe_selective_before_behavior,0,unresolved_on_log_grid,1,13,17,9,13,interval,13,1,45,62,33,45,interval,45,1,45,62,33,45,interval,45,1,85,117,62,85,interval,85,1,85,117,62,85,interval,85,1,85,117,62,85,interval,85,40,probe_selective_before_causal,40,probe_selective_before_behavior,0,unresolved_on_log_grid,1,24,33,17,24,interval,24,1,1085,1491,790,1085,interval,1085,1,1085,1491,790,1085,interval,1085,1,1491,2048,1085,1491,interval,1491,1,1491,2048,1085,1491,interval,1491,1,1491,2048,1085,1491,interval,1491,406,unresolved_on_log_grid,406,unresolved_on_log_grid,0,unresolved_on_log_grid,D -> P -> D -> Q -> D -> Q -> D -> Y,P -> Q -> Y,2,3,0,0.00579833984375,0.0396728515625,0.8427734375,0.11175537109375,Y,tuple:pure_Y,85,Y -> Y,tuple:pure_Y -> tuple:pure_Y,0.56640625,0.56396484375,0.50537109375,0.5047607421875,0.96728515625,0.343994140625,0,0.56640625,0.56475830078125,0.50537109375,0.50567626953125,0.96240234375,0.339111328125,0,0.93359375,0.9348876953125,0.99462890625,0.994921875,1.0,0.376708984375,1,Y,tuple:pure_Y,85,01010101,pure_Y,Y,1,1,pure_Y,0,0.99462890625,1.0,0.99462890625,0,0,0,0.9928385416666666,1.0
adaptive_exploratory_posthoc_with_fresh_seed_replication,8956af53b8c1b28e10f1,139,fresh,0.95,5,nested,1,4,5,3,4,interval,4,1,0,1,0,0,left,0,1,0,1,0,0,left,0,1,7,9,5,7,interval,7,1,7,9,5,7,interval,7,1,7,9,5,7,interval,7,7,probe_selective_before_causal,7,probe_selective_before_behavior,0,unresolved_on_log_grid,1,13,17,9,13,interval,13,1,62,85,45,62,interval,62,1,45,62,33,45,interval,45,1,117,161,85,117,interval,117,1,117,161,85,117,interval,117,1,117,161,85,117,interval,117,72,probe_selective_before_causal,72,probe_selective_before_behavior,0,unresolved_on_log_grid,1,24,33,17,24,interval,24,1,1085,1491,790,1085,interval,1085,1,1085,1491,790,1085,interval,1085,0,,,8192,,right,8192,0,,,8192,,right,8192,0,,,8192,,right,8192,,censored,,censored,,censored,D -> P -> D -> Q -> D,P -> Q,1,2,0,0.00823974609375,0.07098388671875,0.0,0.9207763671875,D,tuple:nested_support_gate_Y_if_P_equals_Q_else_Q,113,D -> D,tuple:nested_support_gate_Y_if_P_equals_Q_else_Q -> tuple:nested_support_gate_Y_if_P_equals_Q_else_Q,0.3056640625,0.30419921875,0.335205078125,0.3341064453125,0.984130859375,0.337646484375,0,0.7041015625,0.70343017578125,0.664794921875,0.66253662109375,0.995849609375,0.349365234375,0,0.7958984375,0.7961669921875,0.835205078125,0.83642578125,0.998291015625,0.351806640625,0,D,tuple:nested_support_gate_Y_if_P_equals_Q_else_Q,113,01110001,nested_support_gate_Y_if_P_equals_Q_else_Q,P+Q+Y,3,0,nested_support_gate_Y_if_P_equals_Q_else_Q,0,0.914794921875,0.91796875,0.976318359375,1,0,0,1.0,0.3408203125
adaptive_exploratory_posthoc_with_fresh_seed_replication,c33299b9490667f511d9,139,fresh,0.99,3,independent,1,4,5,3,4,interval,4,1,0,1,0,0,left,0,1,0,1,0,0,left,0,1,7,9,5,7,interval,7,1,7,9,5,7,interval,7,1,7,9,5,7,interval,7,7,probe_selective_before_causal,7,probe_selective_before_behavior,0,unresolved_on_log_grid,1,13,17,9,13,interval,13,1,45,62,33,45,interval,45,1,33,45,24,33,interval,33,1,85,117,62,85,interval,85,1,85,117,62,85,interval,85,1,85,117,62,85,interval,85,52,probe_selective_before_causal,52,probe_selective_before_behavior,0,unresolved_on_log_grid,1,17,24,13,17,interval,17,1,418,575,304,418,interval,418,1,418,575,304,418,interval,418,1,2048,2435,1491,2048,interval,2048,1,2048,2435,1491,2048,interval,2048,1,2048,2435,1491,2048,interval,2048,1630,probe_selective_before_causal,1630,probe_selective_before_behavior,0,unresolved_on_log_grid,D -> P -> D -> Q -> D -> Y,P -> Q -> Y,2,3,0,0.00579833984375,0.0516357421875,0.78399658203125,0.1585693359375,Y,tuple:pure_Y,85,Y -> Y,tuple:pure_Y -> tuple:pure_Y,0.584228515625,0.586181640625,0.50830078125,0.509033203125,0.995361328125,0.32763671875,0,0.593505859375,0.5931396484375,0.50830078125,0.5091552734375,0.998046875,0.330322265625,0,0.906494140625,0.9078776041666667,0.99169921875,0.990966796875,1.0,0.332275390625,1,Y,tuple:pure_Y,85,01010101,pure_Y,Y,1,1,pure_Y,0,0.99169921875,1.0,0.99169921875,0,0,0,0.9889322916666666,1.0
adaptive_exploratory_posthoc_with_fresh_seed_replication,43bbf53e276d99d55e19,139,fresh,0.99,3,nested,1,4,5,3,4,interval,4,1,0,1,0,0,left,0,1,0,1,0,0,left,0,1,7,9,5,7,interval,7,1,7,9,5,7,interval,7,1,7,9,5,7,interval,7,7,probe_selective_before_causal,7,probe_selective_before_behavior,0,unresolved_on_log_grid,1,13,17,9,13,interval,13,1,45,62,33,45,interval,45,1,33,45,24,33,interval,33,1,85,117,62,85,interval,85,1,85,117,62,85,interval,85,1,85,117,62,85,interval,85,52,probe_selective_before_causal,52,probe_selective_before_behavior,0,unresolved_on_log_grid,1,17,24,13,17,interval,17,1,304,418,222,304,interval,304,1,304,418,222,304,interval,304,1,2048,2435,1491,2048,interval,2048,1,1491,2048,1085,1491,interval,1491,1,2048,2435,1491,2048,interval,2048,1187,probe_selective_before_causal,1744,probe_selective_before_behavior,557,unresolved_on_log_grid,D -> P -> D -> Q -> D -> Y,P -> Q -> Y,2,3,0,0.00579833984375,0.03509521484375,0.78399658203125,0.17510986328125,Y,tuple:pure_Y,85,Y -> Y,tuple:pure_Y -> tuple:pure_Y,0.431640625,0.4324951171875,0.49951171875,0.49951171875,0.99951171875,0.297607421875,0,0.568359375,0.56927490234375,0.50048828125,0.50042724609375,1.0,0.298095703125,0,0.931640625,0.9322102864583333,0.99951171875,0.9996744791666667,1.0,0.298095703125,1,Y,tuple:pure_Y,85,01010101,pure_Y,Y,1,1,pure_Y,0,0.99951171875,1.0,0.99951171875,0,0,0,1.0,0.998046875
adaptive_exploratory_posthoc_with_fresh_seed_replication,6bcc2508985b130fca97,139,fresh,0.99,5,independent,1,4,5,3,4,interval,4,1,0,1,0,0,left,0,1,0,1,0,0,left,0,1,7,9,5,7,interval,7,1,7,9,5,7,interval,7,1,7,9,5,7,interval,7,7,probe_selective_before_causal,7,probe_selective_before_behavior,0,unresolved_on_log_grid,1,13,17,9,13,interval,13,1,45,62,33,45,interval,45,1,33,45,24,33,interval,33,1,85,117,62,85,interval,85,1,85,117,62,85,interval,85,1,85,117,62,85,interval,85,52,probe_selective_before_causal,52,probe_selective_before_behavior,0,unresolved_on_log_grid,1,24,33,17,24,interval,24,0,,,8192,,right,8192,0,,,8192,,right,8192,0,,,8192,,right,8192,0,,,8192,,right,8192,0,,,8192,,right,8192,,censored,,censored,,censored,D -> P -> D -> Q,P -> Q,1,2,0,0.00579833984375,0.99102783203125,0.0,0.003173828125,Q,tuple:pure_Q,51,Q -> Q,tuple:pure_Q -> tuple:pure_Q,0.53076171875,0.5306396484375,0.53466796875,0.5330810546875,0.957275390625,0.349365234375,0,0.96875,0.967041015625,0.9638671875,0.96197509765625,0.995849609375,0.387939453125,1,0.51123046875,0.5103515625,0.51708984375,0.5158935546875,0.57958984375,-0.0283203125,0,Q,tuple:pure_Q,51,00110011,pure_Q,Q,1,1,pure_Q,0,0.9638671875,0.99609375,0.96484375,0,0,0,0.6549479166666666,0.103515625
adaptive_exploratory_posthoc_with_fresh_seed_replication,e70d8d9f7d8a3b335863,139,fresh,0.99,5,nested,1,4,5,3,4,interval,4,1,0,1,0,0,left,0,1,0,1,0,0,left,0,1,7,9,5,7,interval,7,1,7,9,5,7,interval,7,1,7,9,5,7,interval,7,7,probe_selective_before_causal,7,probe_selective_before_behavior,0,unresolved_on_log_grid,1,13,17,9,13,interval,13,1,45,62,33,45,interval,45,1,33,45,24,33,interval,33,1,85,117,62,85,interval,85,1,85,117,62,85,interval,85,1,85,117,62,85,interval,85,52,probe_selective_before_causal,52,probe_selective_before_behavior,0,unresolved_on_log_grid,1,24,33,17,24,interval,24,0,,,8192,,right,8192,0,,,8192,,right,8192,0,,,8192,,right,8192,0,,,8192,,right,8192,0,,,8192,,right,8192,,censored,,censored,,censored,D -> P -> D -> Q,P -> Q,1,2,0,0.00579833984375,0.99102783203125,0.0,0.003173828125,Q,tuple:pure_Q,51,Q -> Q,tuple:pure_Q -> tuple:pure_Q,0.48779296875,0.4859619140625,0.47802734375,0.475341796875,0.932861328125,0.306396484375,0,0.9853515625,0.98431396484375,0.9716796875,0.96942138671875,0.998046875,0.37158203125,1,0.5146484375,0.5156005859375,0.5283203125,0.5291748046875,0.7353515625,0.10888671875,0,Q,tuple:pure_Q,51,00110011,pure_Q,Q,1,1,pure_Q,0,0.9716796875,0.9921875,0.97314453125,0,0,0,0.7001953125,0.0126953125
adaptive_exploratory_posthoc_with_fresh_seed_replication,e4d4ff3d8c484bb8dd1d,149,fresh,0.9,3,independent,1,3,4,2,3,interval,3,1,0,1,0,0,left,0,1,0,1,0,0,left,0,1,7,9,5,7,interval,7,1,7,9,5,7,interval,7,1,7,9,5,7,interval,7,7,probe_selective_before_causal,7,probe_selective_before_behavior,0,unresolved_on_log_grid,1,7,9,5,7,interval,7,1,45,62,33,45,interval,45,1,33,45,24,33,interval,33,0,,,8192,,right,8192,0,,,8192,,right,8192,0,,,8192,,right,8192,,censored,,censored,,censored,1,17,24,13,17,interval,17,1,222,304,161,222,interval,222,1,222,304,161,222,interval,222,1,304,418,222,304,interval,304,1,304,418,222,304,interval,304,1,304,418,222,304,interval,304,82,unresolved_on_log_grid,82,unresolved_on_log_grid,0,unresolved_on_log_grid,D -> P -> D -> Y,P -> Y,1,2,0,0.00579833984375,0.0,0.9678955078125,0.02630615234375,Y,tuple:pure_Y,85,Y -> Y,tuple:pure_Y -> tuple:pure_Y,0.5,0.5,0.5,0.5,0.99951171875,0.327392578125,0,0.5,0.5,0.5,0.5,0.9970703125,0.324951171875,0,1.0,1.0,1.0,1.0,1.0,0.327880859375,1,Y,tuple:pure_Y,85,01010101,pure_Y,Y,1,1,pure_Y,0,1.0,1.0,1.0,0,0,0,1.0,1.0
adaptive_exploratory_posthoc_with_fresh_seed_replication,b409807a1668940ded23,149,fresh,0.9,3,nested,1,3,4,2,3,interval,3,1,0,1,0,0,left,0,1,0,1,0,0,left,0,1,9,13,7,9,interval,9,1,7,9,5,7,interval,7,1,9,13,7,9,interval,9,7,probe_selective_before_causal,9,probe_selective_before_behavior,2,unresolved_on_log_grid,1,7,9,5,7,interval,7,0,,,8192,,right,8192,0,,,8192,,right,8192,0,,,8192,,right,8192,0,,,8192,,right,8192,0,,,8192,,right,8192,,censored,,censored,,censored,1,17,24,13,17,interval,17,1,161,222,117,161,interval,161,1,161,222,117,161,interval,161,1,222,304,161,222,interval,222,1,222,304,161,222,interval,222,1,222,304,161,222,interval,222,61,unresolved_on_log_grid,61,unresolved_on_log_grid,0,unresolved_on_log_grid,D -> P -> D -> Y,P -> Y,1,2,0,0.0159912109375,0.0,0.97662353515625,0.00738525390625,Y,tuple:pure_Y,85,Y -> Y,tuple:pure_Y -> tuple:pure_Y,0.5,0.5,0.5,0.5,1.0,0.32275390625,0,0.5,0.5,0.5,0.5,0.706787109375,0.029541015625,0,1.0,1.0,1.0,1.0,1.0,0.32275390625,1,Y,tuple:pure_Y,85,01010101,pure_Y,Y,1,1,pure_Y,0,1.0,1.0,1.0,0,0,0,1.0,1.0
adaptive_exploratory_posthoc_with_fresh_seed_replication,2abb81d53e7f97d7edfb,149,fresh,0.9,5,independent,1,3,4,2,3,interval,3,1,0,1,0,0,left,0,1,0,1,0,0,left,0,1,9,13,7,9,interval,9,1,9,13,7,9,interval,9,1,9,13,7,9,interval,9,9,probe_selective_before_causal,9,probe_selective_before_behavior,0,unresolved_on_log_grid,1,7,9,5,7,interval,7,1,45,62,33,45,interval,45,1,33,45,24,33,interval,33,0,,,8192,,right,8192,0,,,8192,,right,8192,0,,,8192,,right,8192,,censored,,censored,,censored,1,45,62,33,45,interval,45,1,1491,2048,1085,1491,interval,1491,1,1085,1491,790,1085,interval,1085,1,1491,2048,1085,1491,interval,1491,1,1491,2048,1085,1491,interval,1491,1,1491,2048,1085,1491,interval,1491,406,unresolved_on_log_grid,406,unresolved_on_log_grid,0,unresolved_on_log_grid,D -> P -> D -> Y,P -> Y,1,2,0,0.00555419921875,0.0,0.8427734375,0.15167236328125,Y,tuple:pure_Y,85,Y -> Y,tuple:pure_Y -> tuple:pure_Y,0.50341796875,0.50390625,0.5,0.5,0.978271484375,0.3427734375,0,0.50341796875,0.5040283203125,0.5,0.5,0.837158203125,0.20166015625,0,0.99658203125,0.9960205078125,1.0,1.0,1.0,0.364501953125,1,Y,tuple:pure_Y,85,01010101,pure_Y,Y,1,1,pure_Y,0,1.0,1.0,1.0,0,0,0,1.0,1.0
adaptive_exploratory_posthoc_with_fresh_seed_replication,a0a18d794f7c254ee210,149,fresh,0.9,5,nested,1,3,4,2,3,interval,3,1,0,1,0,0,left,0,1,0,1,0,0,left,0,1,9,13,7,9,interval,9,1,9,13,7,9,interval,9,1,9,13,7,9,interval,9,9,probe_selective_before_causal,9,probe_selective_before_behavior,0,unresolved_on_log_grid,1,7,9,5,7,interval,7,0,,,8192,,right,8192,0,,,8192,,right,8192,0,,,8192,,right,8192,0,,,8192,,right,8192,0,,,8192,,right,8192,,censored,,censored,,censored,1,45,62,33,45,interval,45,1,2048,2435,1491,2048,interval,2048,1,790,1085,575,790,interval,790,0,,,8192,,right,8192,0,,,8192,,right,8192,0,,,8192,,right,8192,,censored,,censored,,censored,D -> P -> D,P,0,1,0,0.05963134765625,0.0,0.0,0.94036865234375,D,raw_codeword_patch,77,D -> D,raw_codeword_patch -> raw_codeword_patch,0.5439453125,0.540771484375,0.5283203125,0.5279541015625,1.0,0.32861328125,0,0.4560546875,0.4573974609375,0.4716796875,0.47283935546875,0.809814453125,0.138427734375,0,0.75,0.749560546875,0.7509765625,0.7512939453125,0.974365234375,0.302978515625,0,D,raw_codeword_patch,69,01000101,three_candidate_interaction,P+Q+Y,3,0,pure_Y,1,0.783203125,0.78125,0.98779296875,0,1,0,0.8151041666666666,0.55859375
adaptive_exploratory_posthoc_with_fresh_seed_replication,4fe9020f4191deb7cb38,149,fresh,0.95,3,independent,1,3,4,2,3,interval,3,1,0,1,0,0,left,0,1,0,1,0,0,left,0,1,7,9,5,7,interval,7,1,7,9,5,7,interval,7,1,7,9,5,7,interval,7,7,probe_selective_before_causal,7,probe_selective_before_behavior,0,unresolved_on_log_grid,1,7,9,5,7,interval,7,1,33,45,24,33,interval,33,1,33,45,24,33,interval,33,1,85,117,62,85,interval,85,1,85,117,62,85,interval,85,1,85,117,62,85,interval,85,52,probe_selective_before_causal,52,probe_selective_before_behavior,0,unresolved_on_log_grid,1,17,24,13,17,interval,17,1,222,304,161,222,interval,222,1,222,304,161,222,interval,222,1,418,575,304,418,interval,418,1,418,575,304,418,interval,418,1,418,575,304,418,interval,418,196,probe_selective_before_causal,196,probe_selective_before_behavior,0,unresolved_on_log_grid,D -> P -> D -> Q -> D -> Y,P -> Q -> Y,2,3,0,0.00579833984375,0.00799560546875,0.9559326171875,0.0302734375,Y,tuple:pure_Y,85,Y -> Y,tuple:pure_Y -> tuple:pure_Y,0.5,0.5,0.5,0.5,0.99951171875,0.3203125,0,0.5,0.5,0.5,0.5,0.99853515625,0.3193359375,0,1.0,1.0,1.0,1.0,1.0,0.32080078125,1,Y,tuple:pure_Y,85,01010101,pure_Y,Y,1,1,pure_Y,0,1.0,1.0,1.0,0,0,0,1.0,1.0
adaptive_exploratory_posthoc_with_fresh_seed_replication,af6ea0dadb6c7aec35d8,149,fresh,0.95,3,nested,1,3,4,2,3,interval,3,1,0,1,0,0,left,0,1,0,1,0,0,left,0,1,9,13,7,9,interval,9,1,7,9,5,7,interval,7,1,9,13,7,9,interval,9,7,probe_selective_before_causal,9,probe_selective_before_behavior,2,unresolved_on_log_grid,1,7,9,5,7,interval,7,1,45,62,33,45,interval,45,1,33,45,24,33,interval,33,1,85,117,62,85,interval,85,1,85,117,62,85,interval,85,1,85,117,62,85,interval,85,52,probe_selective_before_causal,52,probe_selective_before_behavior,0,unresolved_on_log_grid,1,17,24,13,17,interval,17,1,161,222,117,161,interval,161,1,161,222,117,161,interval,161,1,304,418,222,304,interval,304,1,304,418,222,304,interval,304,1,304,418,222,304,interval,304,143,probe_selective_before_causal,143,probe_selective_before_behavior,0,unresolved_on_log_grid,D -> P -> Q -> D -> Y,P -> Q -> Y,2,3,0,0.00799560546875,0.014404296875,0.9678955078125,0.00970458984375,Y,tuple:pure_Y,85,Y -> Y,tuple:pure_Y -> tuple:pure_Y,0.5,0.5,0.5,0.5,0.998291015625,0.259033203125,0,0.5,0.5,0.5,0.5,1.0,0.2607421875,0,1.0,1.0,1.0,1.0,1.0,0.2607421875,1,Y,tuple:pure_Y,85,01010101,pure_Y,Y,1,1,pure_Y,0,1.0,1.0,1.0,0,0,0,1.0,1.0
adaptive_exploratory_posthoc_with_fresh_seed_replication,ab15531cf150f7f2966b,149,fresh,0.95,5,independent,1,3,4,2,3,interval,3,1,0,1,0,0,left,0,1,0,1,0,0,left,0,1,9,13,7,9,interval,9,1,9,13,7,9,interval,9,1,9,13,7,9,interval,9,9,probe_selective_before_causal,9,probe_selective_before_behavior,0,unresolved_on_log_grid,1,7,9,5,7,interval,7,1,33,45,24,33,interval,33,1,33,45,24,33,interval,33,1,85,117,62,85,interval,85,1,85,117,62,85,interval,85,1,85,117,62,85,interval,85,52,probe_selective_before_causal,52,probe_selective_before_behavior,0,unresolved_on_log_grid,1,45,62,33,45,interval,45,0,,,8192,,right,8192,1,4096,4871,3444,4096,interval,4096,0,,,8192,,right,8192,0,,,8192,,right,8192,0,,,8192,,right,8192,,censored,,censored,,censored,D -> P -> D -> Q -> D,P -> Q,1,2,0,0.00555419921875,0.0516357421875,0.0,0.94281005859375,D,raw_codeword_patch,23,D -> D,raw_codeword_patch -> tuple:majority_PQY,0.691650390625,0.69287109375,0.684814453125,0.6871337890625,0.966796875,0.34130859375,0,0.808349609375,0.8104248046875,0.720947265625,0.7249755859375,0.91259765625,0.287109375,0,0.624267578125,0.62607421875,0.764404296875,0.7619140625,0.93212890625,0.306640625,0,D,tuple:majority_PQY,23,00010111,majority_PQY,P+Q+Y,3,1,majority_PQY,0,0.920166015625,0.96484375,0.927978515625,1,0,0,0.7197265625,0.8984375
adaptive_exploratory_posthoc_with_fresh_seed_replication,143ae301fcd1f87c2a94,149,fresh,0.95,5,nested,1,3,4,2,3,interval,3,1,0,1,0,0,left,0,1,0,1,0,0,left,0,1,9,13,7,9,interval,9,1,9,13,7,9,interval,9,1,9,13,7,9,interval,9,9,probe_selective_before_causal,9,probe_selective_before_behavior,0,unresolved_on_log_grid,1,7,9,5,7,interval,7,1,45,62,33,45,interval,45,1,33,45,24,33,interval,33,1,85,117,62,85,interval,85,1,85,117,62,85,interval,85,1,85,117,62,85,interval,85,52,probe_selective_before_causal,52,probe_selective_before_behavior,0,unresolved_on_log_grid,1,45,62,33,45,interval,45,1,4096,4871,3444,4096,interval,4096,1,2048,2435,1491,2048,interval,2048,0,,,8192,,right,8192,0,,,8192,,right,8192,0,,,8192,,right,8192,,censored,,censored,,censored,D -> P -> Q -> D,P -> Q,1,2,0,0.00799560546875,0.14825439453125,0.0,0.84375,D,tuple:nested_support_gate_Y_if_P_equals_Q_else_Q,113,D -> D,tuple:nested_support_gate_Y_if_P_equals_Q_else_Q -> tuple:nested_support_gate_Y_if_P_equals_Q_else_Q,0.265380859375,0.264892578125,0.25634765625,0.2568359375,1.0,0.380859375,0,0.757080078125,0.7557373046875,0.74365234375,0.74359130859375,0.99365234375,0.37451171875,0,0.742919921875,0.743603515625,0.75634765625,0.75654296875,0.971435546875,0.352294921875,0,D,tuple:nested_support_gate_Y_if_P_equals_Q_else_Q,113,01110001,nested_support_gate_Y_if_P_equals_Q_else_Q,P+Q+Y,3,0,nested_support_gate_Y_if_P_equals_Q_else_Q,0,0.99365234375,0.99609375,0.99755859375,1,0,0,1.0,0.025390625
adaptive_exploratory_posthoc_with_fresh_seed_replication,cf2a7ded27e5f8e663fb,149,fresh,0.99,3,independent,1,3,4,2,3,interval,3,1,0,1,0,0,left,0,1,0,1,0,0,left,0,1,7,9,5,7,interval,7,1,7,9,5,7,interval,7,1,7,9,5,7,interval,7,7,probe_selective_before_causal,7,probe_selective_before_behavior,0,unresolved_on_log_grid,1,5,7,4,5,interval,5,1,33,45,24,33,interval,33,1,24,33,17,24,interval,24,1,62,85,45,62,interval,62,1,62,85,45,62,interval,62,1,62,85,45,62,interval,62,38,probe_selective_before_causal,38,probe_selective_before_behavior,0,unresolved_on_log_grid,1,17,24,13,17,interval,17,1,418,575,304,418,interval,418,1,418,575,304,418,interval,418,1,3444,4096,2896,3444,interval,3444,1,3444,4096,2896,3444,interval,3444,1,3444,4096,2896,3444,interval,3444,3026,probe_selective_before_causal,3026,probe_selective_before_behavior,0,unresolved_on_log_grid,D -> P -> Q -> D -> Y,P -> Q -> Y,2,3,0,0.00579833984375,0.0540771484375,0.613037109375,0.32708740234375,D,raw_codeword_patch,23,D -> Y,raw_codeword_patch -> tuple:pure_Y,0.63232421875,0.62841796875,0.522705078125,0.523193359375,0.9990234375,0.301025390625,0,0.6357421875,0.63372802734375,0.522705078125,0.52239990234375,0.999755859375,0.3017578125,0,0.8642578125,0.8642985026041667,0.977294921875,0.9770100911458333,1.0,0.302001953125,1,Y,tuple:pure_Y,85,01010101,pure_Y,Y,1,1,pure_Y,0,0.977294921875,1.0,0.977294921875,0,0,0,0.9697265625,1.0
adaptive_exploratory_posthoc_with_fresh_seed_replication,d3416f3dcb53bf6eebc2,149,fresh,0.99,3,nested,1,3,4,2,3,interval,3,1,0,1,0,0,left,0,1,0,1,0,0,left,0,1,7,9,5,7,interval,7,1,7,9,5,7,interval,7,1,7,9,5,7,interval,7,7,probe_selective_before_causal,7,probe_selective_before_behavior,0,unresolved_on_log_grid,1,7,9,5,7,interval,7,1,33,45,24,33,interval,33,1,24,33,17,24,interval,24,1,62,85,45,62,interval,62,1,62,85,45,62,interval,62,1,62,85,45,62,interval,62,38,probe_selective_before_causal,38,probe_selective_before_behavior,0,unresolved_on_log_grid,1,17,24,13,17,interval,17,1,418,575,304,418,interval,418,1,418,575,304,418,interval,418,1,3444,4096,2896,3444,interval,3444,1,4096,4871,3444,4096,interval,4096,1,4096,4871,3444,4096,interval,4096,3678,probe_selective_before_causal,3026,probe_selective_before_behavior,-652,unresolved_on_log_grid,D -> P -> Q -> D -> Y,P -> Q -> Y,2,3,0,0.00579833984375,0.0540771484375,0.539794921875,0.40032958984375,D,raw_codeword_patch,113,D -> Y,raw_codeword_patch -> tuple:pure_Y,0.35888671875,0.3624267578125,0.469970703125,0.468994140625,0.99072265625,0.2548828125,0,0.6552734375,0.65380859375,0.530029296875,0.5308837890625,1.0,0.26416015625,0,0.8447265625,0.8461507161458333,0.969970703125,0.969970703125,1.0,0.26416015625,1,Y,tuple:pure_Y,85,01010101,pure_Y,Y,1,1,pure_Y,0,0.969970703125,0.984375,0.970947265625,0,0,0,1.0,0.8798828125
adaptive_exploratory_posthoc_with_fresh_seed_replication,2dd5281be5650be11ad2,149,fresh,0.99,5,independent,1,3,4,2,3,interval,3,1,0,1,0,0,left,0,1,0,1,0,0,left,0,1,9,13,7,9,interval,9,1,9,13,7,9,interval,9,1,9,13,7,9,interval,9,9,probe_selective_before_causal,9,probe_selective_before_behavior,0,unresolved_on_log_grid,1,5,7,4,5,interval,5,1,33,45,24,33,interval,33,1,24,33,17,24,interval,24,1,62,85,45,62,interval,62,1,62,85,45,62,interval,62,1,62,85,45,62,interval,62,38,probe_selective_before_causal,38,probe_selective_before_behavior,0,unresolved_on_log_grid,1,45,62,33,45,interval,45,0,,,8192,,right,8192,0,,,8192,,right,8192,0,,,8192,,right,8192,0,,,8192,,right,8192,0,,,8192,,right,8192,,censored,,censored,,censored,D -> P -> Q,P -> Q,1,2,0,0.00555419921875,0.99346923828125,0.0,0.0009765625,Q,tuple:pure_Q,51,Q -> Q,tuple:pure_Q -> tuple:pure_Q,0.527587890625,0.529541015625,0.536865234375,0.538330078125,0.964599609375,0.3623046875,0,0.971923828125,0.970703125,0.963134765625,0.96142578125,0.996337890625,0.39404296875,1,0.510009765625,0.5068359375,0.510986328125,0.5103271484375,0.583251953125,-0.01904296875,0,Q,tuple:pure_Q,51,00110011,pure_Q,Q,1,1,pure_Q,0,0.963134765625,1.0,0.963134765625,0,0,0,0.6494140625,0.095703125
adaptive_exploratory_posthoc_with_fresh_seed_replication,378d832415157ed60bda,149,fresh,0.99,5,nested,1,3,4,2,3,interval,3,1,0,1,0,0,left,0,1,0,1,0,0,left,0,1,7,9,5,7,interval,7,1,7,9,5,7,interval,7,1,7,9,5,7,interval,7,7,probe_selective_before_causal,7,probe_selective_before_behavior,0,unresolved_on_log_grid,1,7,9,5,7,interval,7,1,33,45,24,33,interval,33,1,24,33,17,24,interval,24,1,62,85,45,62,interval,62,1,62,85,45,62,interval,62,1,62,85,45,62,interval,62,38,probe_selective_before_causal,38,probe_selective_before_behavior,0,unresolved_on_log_grid,1,45,62,33,45,interval,45,0,,,8192,,right,8192,0,,,8192,,right,8192,0,,,8192,,right,8192,0,,,8192,,right,8192,0,,,8192,,right,8192,,censored,,censored,,censored,D -> P -> Q,P -> Q,1,2,0,0.00579833984375,0.99346923828125,0.0,0.000732421875,Q,tuple:pure_Q,51,Q -> Q,tuple:pure_Q -> tuple:pure_Q,0.494384765625,0.4942626953125,0.494384765625,0.4930419921875,0.944091796875,0.342041015625,0,0.992919921875,0.99298095703125,0.991943359375,0.9908447265625,0.996337890625,0.394287109375,1,0.503173828125,0.5033447265625,0.507568359375,0.5075927734375,0.597412109375,-0.004638671875,0,Q,tuple:pure_Q,51,00110011,pure_Q,Q,1,1,pure_Q,0,0.991943359375,1.0,0.991943359375,0,0,0,0.6751302083333334,0.0048828125
adaptive_exploratory_posthoc_with_fresh_seed_replication,9b753e3e8d558ae4bc90,151,fresh,0.9,3,independent,1,3,4,2,3,interval,3,1,0,1,0,0,left,0,1,0,1,0,0,left,0,1,4,5,3,4,interval,4,1,4,5,3,4,interval,4,1,4,5,3,4,interval,4,4,probe_selective_before_causal,4,probe_selective_before_behavior,0,unresolved_on_log_grid,1,3,4,2,3,interval,3,1,62,85,45,62,interval,62,1,45,62,33,45,interval,45,0,,,8192,,right,8192,0,,,8192,,right,8192,0,,,8192,,right,8192,,censored,,censored,,censored,1,9,13,7,9,interval,9,1,161,222,117,161,interval,161,1,161,222,117,161,interval,161,1,304,418,222,304,interval,304,1,304,418,222,304,interval,304,1,304,418,222,304,interval,304,143,probe_selective_before_causal,143,probe_selective_before_behavior,0,unresolved_on_log_grid,D -> P -> D -> Y,P -> Y,1,2,0,0.008544921875,0.0,0.9678955078125,0.0235595703125,Y,tuple:pure_Y,85,Y -> Y,tuple:pure_Y -> tuple:pure_Y,0.5,0.5,0.5,0.5,1.0,0.34033203125,0,0.5,0.5,0.5,0.5,0.999755859375,0.340087890625,0,1.0,1.0,1.0,1.0,1.0,0.34033203125,1,Y,tuple:pure_Y,85,01010101,pure_Y,Y,1,1,pure_Y,0,1.0,1.0,1.0,0,0,0,1.0,1.0
adaptive_exploratory_posthoc_with_fresh_seed_replication,c2b300e77cded6df7ba8,151,fresh,0.9,3,nested,1,3,4,2,3,interval,3,1,0,1,0,0,left,0,1,0,1,0,0,left,0,1,4,5,3,4,interval,4,1,4,5,3,4,interval,4,1,4,5,3,4,interval,4,4,probe_selective_before_causal,4,probe_selective_before_behavior,0,unresolved_on_log_grid,1,3,4,2,3,interval,3,0,,,8192,,right,8192,0,,,8192,,right,8192,0,,,8192,,right,8192,0,,,8192,,right,8192,0,,,8192,,right,8192,,censored,,censored,,censored,1,9,13,7,9,interval,9,1,117,161,85,117,interval,117,1,117,161,85,117,interval,117,1,161,222,117,161,interval,161,1,161,222,117,161,interval,161,1,161,222,117,161,interval,161,44,unresolved_on_log_grid,44,unresolved_on_log_grid,0,unresolved_on_log_grid,D -> P -> Y,P -> Y,1,2,0,0.01654052734375,0.0,0.9830322265625,0.00042724609375,Y,tuple:pure_Y,85,Y -> Y,tuple:pure_Y -> tuple:pure_Y,0.5,0.5,0.5,0.5,1.0,0.325439453125,0,0.5,0.5,0.5,0.5,0.6689453125,-0.005615234375,0,1.0,1.0,1.0,1.0,1.0,0.325439453125,1,Y,tuple:pure_Y,85,01010101,pure_Y,Y,1,1,pure_Y,0,1.0,1.0,1.0,0,0,0,1.0,1.0
adaptive_exploratory_posthoc_with_fresh_seed_replication,c42ee1fa858ae4204886,151,fresh,0.9,5,independent,1,3,4,2,3,interval,3,1,0,1,0,0,left,0,1,0,1,0,0,left,0,1,4,5,3,4,interval,4,1,4,5,3,4,interval,4,1,4,5,3,4,interval,4,4,probe_selective_before_causal,4,probe_selective_before_behavior,0,unresolved_on_log_grid,1,3,4,2,3,interval,3,1,62,85,45,62,interval,62,1,45,62,33,45,interval,45,0,,,8192,,right,8192,0,,,8192,,right,8192,0,,,8192,,right,8192,,censored,,censored,,censored,1,45,62,33,45,interval,45,1,1085,1491,790,1085,interval,1085,1,790,1085,575,790,interval,790,1,1085,1491,790,1085,interval,1085,1,1085,1491,790,1085,interval,1085,1,1085,1491,790,1085,interval,1085,295,unresolved_on_log_grid,295,unresolved_on_log_grid,0,unresolved_on_log_grid,D -> P -> D -> Y,P -> Y,1,2,0,0.008544921875,0.0,0.88555908203125,0.10589599609375,Y,tuple:pure_Y,85,Y -> Y,tuple:pure_Y -> tuple:pure_Y,0.505615234375,0.5050048828125,0.5,0.5001220703125,0.98095703125,0.351806640625,0,0.505615234375,0.5054931640625,0.5,0.5,0.9072265625,0.278076171875,0,0.994384765625,0.9945556640625,1.0,1.0,1.0,0.370849609375,1,Y,tuple:pure_Y,85,01010101,pure_Y,Y,1,1,pure_Y,0,1.0,1.0,1.0,0,0,0,1.0,1.0
adaptive_exploratory_posthoc_with_fresh_seed_replication,fa716253a75310ac8037,151,fresh,0.9,5,nested,1,3,4,2,3,interval,3,1,0,1,0,0,left,0,1,0,1,0,0,left,0,1,4,5,3,4,interval,4,1,4,5,3,4,interval,4,1,4,5,3,4,interval,4,4,probe_selective_before_causal,4,probe_selective_before_behavior,0,unresolved_on_log_grid,1,3,4,2,3,interval,3,0,,,8192,,right,8192,0,,,8192,,right,8192,0,,,8192,,right,8192,0,,,8192,,right,8192,0,,,8192,,right,8192,,censored,,censored,,censored,1,45,62,33,45,interval,45,1,418,575,304,418,interval,418,1,418,575,304,418,interval,418,1,575,790,418,575,interval,575,1,575,790,418,575,interval,575,1,575,790,418,575,interval,575,157,unresolved_on_log_grid,157,unresolved_on_log_grid,0,unresolved_on_log_grid,D -> P -> D -> Y,P -> Y,1,2,0,0.04364013671875,0.0,0.93939208984375,0.0169677734375,Y,tuple:pure_Y,85,Y -> Y,tuple:pure_Y -> tuple:pure_Y,0.5,0.5,0.5,0.5,0.998046875,0.376953125,0,0.5,0.5,0.5,0.5,0.646728515625,0.025634765625,0,1.0,1.0,1.0,1.0,1.0,0.37890625,1,Y,tuple:pure_Y,85,01010101,pure_Y,Y,1,1,pure_Y,0,1.0,1.0,1.0,0,0,0,1.0,1.0
adaptive_exploratory_posthoc_with_fresh_seed_replication,baf2397c65411304489e,151,fresh,0.95,3,independent,1,3,4,2,3,interval,3,1,0,1,0,0,left,0,1,0,1,0,0,left,0,1,4,5,3,4,interval,4,1,4,5,3,4,interval,4,1,4,5,3,4,interval,4,4,probe_selective_before_causal,4,probe_selective_before_behavior,0,unresolved_on_log_grid,1,4,5,3,4,interval,4,1,45,62,33,45,interval,45,1,45,62,33,45,interval,45,1,85,117,62,85,interval,85,1,85,117,62,85,interval,85,1,85,117,62,85,interval,85,40,probe_selective_before_causal,40,probe_selective_before_behavior,0,unresolved_on_log_grid,1,9,13,7,9,interval,9,1,222,304,161,222,interval,222,1,222,304,161,222,interval,222,1,304,418,222,304,interval,304,1,304,418,222,304,interval,304,1,304,418,222,304,interval,304,82,unresolved_on_log_grid,82,unresolved_on_log_grid,0,unresolved_on_log_grid,D -> P -> D -> Q -> D -> Y,P -> Q -> Y,2,3,0,0.006103515625,0.014404296875,0.9678955078125,0.0115966796875,Y,tuple:pure_Y,85,Y -> Y,tuple:pure_Y -> tuple:pure_Y,0.5,0.5,0.5,0.5,1.0,0.317626953125,0,0.5,0.5,0.5,0.5,1.0,0.317626953125,0,1.0,1.0,1.0,1.0,1.0,0.317626953125,1,Y,tuple:pure_Y,85,01010101,pure_Y,Y,1,1,pure_Y,0,1.0,1.0,1.0,0,0,0,1.0,1.0
adaptive_exploratory_posthoc_with_fresh_seed_replication,9226db9511a6aea404ad,151,fresh,0.95,3,nested,1,3,4,2,3,interval,3,1,0,1,0,0,left,0,1,0,1,0,0,left,0,1,4,5,3,4,interval,4,1,4,5,3,4,interval,4,1,4,5,3,4,interval,4,4,probe_selective_before_causal,4,probe_selective_before_behavior,0,unresolved_on_log_grid,1,3,4,2,3,interval,3,1,62,85,45,62,interval,62,1,62,85,45,62,interval,62,1,117,161,85,117,interval,117,1,117,161,85,117,interval,117,1,117,161,85,117,interval,117,55,probe_selective_before_causal,55,probe_selective_before_behavior,0,unresolved_on_log_grid,1,9,13,7,9,interval,9,1,161,222,117,161,interval,161,1,161,222,117,161,interval,161,1,304,418,222,304,interval,304,1,304,418,222,304,interval,304,1,304,418,222,304,interval,304,143,probe_selective_before_causal,143,probe_selective_before_behavior,0,unresolved_on_log_grid,D -> P -> D -> Q -> D -> Y,P -> Q -> Y,2,3,0,0.008544921875,0.01104736328125,0.9678955078125,0.01251220703125,Y,tuple:pure_Y,85,Y -> Y,tuple:pure_Y -> tuple:pure_Y,0.5,0.5,0.5,0.5,0.998291015625,0.27197265625,0,0.5,0.5,0.5,0.5,1.0,0.273681640625,0,1.0,1.0,1.0,1.0,1.0,0.273681640625,1,Y,tuple:pure_Y,85,01010101,pure_Y,Y,1,1,pure_Y,0,1.0,1.0,1.0,0,0,0,1.0,1.0
adaptive_exploratory_posthoc_with_fresh_seed_replication,9c26d372911c05bfe4b8,151,fresh,0.95,5,independent,1,3,4,2,3,interval,3,1,0,1,0,0,left,0,1,0,1,0,0,left,0,1,4,5,3,4,interval,4,1,4,5,3,4,interval,4,1,4,5,3,4,interval,4,4,probe_selective_before_causal,4,probe_selective_before_behavior,0,unresolved_on_log_grid,1,4,5,3,4,interval,4,1,45,62,33,45,interval,45,1,45,62,33,45,interval,45,1,85,117,62,85,interval,85,1,85,117,62,85,interval,85,1,85,117,62,85,interval,85,40,probe_selective_before_causal,40,probe_selective_before_behavior,0,unresolved_on_log_grid,1,45,62,33,45,interval,45,1,1491,2048,1085,1491,interval,1491,1,1085,1491,790,1085,interval,1085,1,2435,2896,2048,2435,interval,2435,1,2435,2896,2048,2435,interval,2435,1,2435,2896,2048,2435,interval,2435,1350,probe_selective_before_causal,1350,probe_selective_before_behavior,0,unresolved_on_log_grid,D -> P -> D -> Q -> D -> Y,P -> Q -> Y,2,3,0,0.006103515625,0.0516357421875,0.72637939453125,0.21588134765625,D,raw_codeword_patch,85,D -> Y,raw_codeword_patch -> tuple:pure_Y,0.59228515625,0.590087890625,0.52783203125,0.525634765625,0.97265625,0.357177734375,0,0.611328125,0.60931396484375,0.52880859375,0.5289306640625,0.932373046875,0.31689453125,0,0.88818359375,0.8892333984375,0.97119140625,0.9706298828125,0.999755859375,0.38427734375,1,Y,tuple:pure_Y,85,01010101,pure_Y,Y,1,1,pure_Y,0,0.97119140625,0.984375,0.978515625,0,0,0,0.9622395833333334,0.998046875
adaptive_exploratory_posthoc_with_fresh_seed_replication,4ad1d85a64b12eff01d0,151,fresh,0.95,5,nested,1,3,4,2,3,interval,3,1,0,1,0,0,left,0,1,0,1,0,0,left,0,1,4,5,3,4,interval,4,1,4,5,3,4,interval,4,1,4,5,3,4,interval,4,4,probe_selective_before_causal,4,probe_selective_before_behavior,0,unresolved_on_log_grid,1,3,4,2,3,interval,3,1,62,85,45,62,interval,62,1,45,62,33,45,interval,45,1,117,161,85,117,interval,117,1,117,161,85,117,interval,117,1,117,161,85,117,interval,117,72,probe_selective_before_causal,72,probe_selective_before_behavior,0,unresolved_on_log_grid,1,45,62,33,45,interval,45,1,790,1085,575,790,interval,790,1,790,1085,575,790,interval,790,0,,,8192,,right,8192,0,,,8192,,right,8192,0,,,8192,,right,8192,,censored,,censored,,censored,D -> P -> D -> Q -> D,P -> Q,1,2,0,0.008544921875,0.07098388671875,0.0,0.92047119140625,D,tuple:nested_support_gate_Y_if_P_equals_Q_else_Q,113,D -> D,tuple:nested_support_gate_Y_if_P_equals_Q_else_Q -> tuple:nested_support_gate_Y_if_P_equals_Q_else_Q,0.259521484375,0.25830078125,0.300048828125,0.3006591796875,0.976806640625,0.330078125,0,0.741943359375,0.742919921875,0.699951171875,0.69866943359375,0.9990234375,0.352294921875,0,0.758056640625,0.7574951171875,0.800048828125,0.80068359375,1.0,0.353271484375,0,D,tuple:nested_support_gate_Y_if_P_equals_Q_else_Q,113,01110001,nested_support_gate_Y_if_P_equals_Q_else_Q,P+Q+Y,3,0,nested_support_gate_Y_if_P_equals_Q_else_Q,0,0.949951171875,0.94921875,0.983642578125,1,0,0,1.0,0.2001953125
adaptive_exploratory_posthoc_with_fresh_seed_replication,a513934ee834e9932afa,151,fresh,0.99,3,independent,1,3,4,2,3,interval,3,1,0,1,0,0,left,0,1,0,1,0,0,left,0,1,4,5,3,4,interval,4,1,4,5,3,4,interval,4,1,4,5,3,4,interval,4,4,probe_selective_before_causal,4,probe_selective_before_behavior,0,unresolved_on_log_grid,1,4,5,3,4,interval,4,1,45,62,33,45,interval,45,1,45,62,33,45,interval,45,1,85,117,62,85,interval,85,1,85,117,62,85,interval,85,1,85,117,62,85,interval,85,40,probe_selective_before_causal,40,probe_selective_before_behavior,0,unresolved_on_log_grid,1,9,13,7,9,interval,9,1,418,575,304,418,interval,418,1,418,575,304,418,interval,418,1,2896,3444,2435,2896,interval,2896,1,2896,3444,2435,2896,interval,2896,1,2896,3444,2435,2896,interval,2896,2478,probe_selective_before_causal,2478,probe_selective_before_behavior,0,unresolved_on_log_grid,D -> P -> D -> Q -> D -> Y,P -> Q -> Y,2,3,0,0.006103515625,0.0516357421875,0.67462158203125,0.26763916015625,D,raw_codeword_patch,87,D -> Y,raw_codeword_patch -> tuple:pure_Y,0.616943359375,0.619140625,0.517822265625,0.5166015625,0.99658203125,0.322509765625,0,0.618896484375,0.6182861328125,0.517822265625,0.517333984375,0.9990234375,0.324951171875,0,0.881103515625,0.8806559244791667,0.982177734375,0.9820963541666667,1.0,0.325927734375,1,Y,tuple:pure_Y,85,01010101,pure_Y,Y,1,1,pure_Y,0,0.982177734375,1.0,0.982177734375,0,0,0,0.9762369791666666,1.0
adaptive_exploratory_posthoc_with_fresh_seed_replication,fd3b0e7619a4ea86e6a8,151,fresh,0.99,3,nested,1,3,4,2,3,interval,3,1,0,1,0,0,left,0,1,0,1,0,0,left,0,1,4,5,3,4,interval,4,1,4,5,3,4,interval,4,1,4,5,3,4,interval,4,4,probe_selective_before_causal,4,probe_selective_before_behavior,0,unresolved_on_log_grid,1,3,4,2,3,interval,3,1,45,62,33,45,interval,45,1,45,62,33,45,interval,45,1,85,117,62,85,interval,85,1,85,117,62,85,interval,85,1,85,117,62,85,interval,85,40,probe_selective_before_causal,40,probe_selective_before_behavior,0,unresolved_on_log_grid,1,9,13,7,9,interval,9,1,418,575,304,418,interval,418,1,418,575,304,418,interval,418,1,6890,8192,5793,6890,interval,6890,1,6890,8192,5793,6890,interval,6890,1,6890,8192,5793,6890,interval,6890,6472,probe_selective_before_causal,6472,probe_selective_before_behavior,0,unresolved_on_log_grid,D -> P -> D -> Q -> D -> Y,P -> Q -> Y,2,3,0,0.006103515625,0.0516357421875,0.22589111328125,0.71636962890625,D,tuple:nested_support_gate_Y_if_P_equals_Q_else_Q,113,D -> Y,tuple:nested_support_gate_Y_if_P_equals_Q_else_Q -> tuple:pure_Y,0.3271484375,0.32275390625,0.425048828125,0.42724609375,0.998046875,0.30615234375,0,0.689453125,0.68994140625,0.575439453125,0.57598876953125,1.0,0.30810546875,0,0.810546875,0.8076171875,0.924560546875,0.9239095052083333,1.0,0.30810546875,1,Y,tuple:pure_Y,85,01010101,pure_Y,Y,1,1,pure_Y,0,0.924560546875,0.921875,0.946044921875,0,0,0,0.9996744791666666,0.69921875
adaptive_exploratory_posthoc_with_fresh_seed_replication,c676f2dc5ccb170c55af,151,fresh,0.99,5,independent,1,3,4,2,3,interval,3,1,0,1,0,0,left,0,1,0,1,0,0,left,0,1,4,5,3,4,interval,4,1,4,5,3,4,interval,4,1,4,5,3,4,interval,4,4,probe_selective_before_causal,4,probe_selective_before_behavior,0,unresolved_on_log_grid,1,4,5,3,4,interval,4,1,45,62,33,45,interval,45,1,45,62,33,45,interval,45,1,85,117,62,85,interval,85,1,85,117,62,85,interval,85,1,85,117,62,85,interval,85,40,probe_selective_before_causal,40,probe_selective_before_behavior,0,unresolved_on_log_grid,1,45,62,33,45,interval,45,0,,,8192,,right,8192,0,,,8192,,right,8192,0,,,8192,,right,8192,0,,,8192,,right,8192,0,,,8192,,right,8192,,censored,,censored,,censored,D -> P -> D -> Q,P -> Q,1,2,0,0.006103515625,0.99102783203125,0.0,0.00286865234375,Q,tuple:pure_Q,51,Q -> Q,tuple:pure_Q -> tuple:pure_Q,0.534423828125,0.5328369140625,0.538330078125,0.5360107421875,0.945068359375,0.350341796875,0,0.965087890625,0.9630126953125,0.961181640625,0.95941162109375,0.9970703125,0.40234375,1,0.510009765625,0.5108154296875,0.516357421875,0.5177734375,0.6162109375,0.021484375,0,Q,tuple:pure_Q,51,00110011,pure_Q,Q,1,1,pure_Q,0,0.961181640625,0.98828125,0.961669921875,0,0,0,0.6520182291666666,0.109375
adaptive_exploratory_posthoc_with_fresh_seed_replication,e2d9e70427e09276a7bf,151,fresh,0.99,5,nested,1,3,4,2,3,interval,3,1,0,1,0,0,left,0,1,0,1,0,0,left,0,1,4,5,3,4,interval,4,1,4,5,3,4,interval,4,1,4,5,3,4,interval,4,4,probe_selective_before_causal,4,probe_selective_before_behavior,0,unresolved_on_log_grid,1,3,4,2,3,interval,3,1,45,62,33,45,interval,45,1,45,62,33,45,interval,45,1,85,117,62,85,interval,85,1,85,117,62,85,interval,85,1,85,117,62,85,interval,85,40,probe_selective_before_causal,40,probe_selective_before_behavior,0,unresolved_on_log_grid,1,45,62,33,45,interval,45,0,,,8192,,right,8192,0,,,8192,,right,8192,0,,,8192,,right,8192,0,,,8192,,right,8192,0,,,8192,,right,8192,,censored,,censored,,censored,D -> P -> D -> Q,P -> Q,1,2,0,0.006103515625,0.99102783203125,0.0,0.00286865234375,Q,tuple:pure_Q,51,Q -> Q,tuple:pure_Q -> tuple:pure_Q,0.498291015625,0.4976806640625,0.494873046875,0.4940185546875,0.94091796875,0.335205078125,0,0.998291015625,0.9974365234375,0.991943359375,0.992919921875,0.99951171875,0.393798828125,1,0.501708984375,0.5015625,0.507568359375,0.5065185546875,0.623291015625,0.017578125,0,Q,tuple:pure_Q,51,00110011,pure_Q,Q,1,1,pure_Q,0,0.991943359375,1.0,0.991943359375,0,0,0,0.6748046875,0.005859375
