seed,trajectory,local_step,global_step,eligible_intersection,target_accuracy,boolean_signature,boolean_signature_int,tuple_consistency,behavior_P,causal_P,causal_probability_P,probe_final_hidden_P,probe_first_hidden_P,probe_selective_final_hidden_P,control_P,pure_P,behavior_Q,causal_Q,causal_probability_Q,probe_final_hidden_Q,probe_first_hidden_Q,probe_selective_final_hidden_Q,control_Q,pure_Q,behavior_Y,causal_Y,causal_probability_Y,probe_final_hidden_Y,probe_first_hidden_Y,probe_selective_final_hidden_Y,control_Y,pure_Y,control_taxonomy
157,independent_carry,0,45,True,0.501708984375,00001111,15,0.993408203125,0.993408203125,0.99365234375,0.8737932832000994,1.0,1.0,0.372802734375,0.9935302734375,True,0.506591796875,0.5059814453125,0.5584982300405517,0.97265625,0.937744140625,0.345458984375,0.50628662109375,False,0.501708984375,0.5003662109375,0.5011806410061961,0.51953125,0.515380859375,-0.107666015625,0.50103759765625,False,P
157,independent_carry,1,46,True,0.502197265625,00001111,15,0.989990234375,0.989990234375,0.9906005859375,0.8618674381649567,1.0,1.0,0.37548828125,0.99029541015625,True,0.510009765625,0.5093994140625,0.5646796058239113,0.979248046875,0.9443359375,0.354736328125,0.50970458984375,False,0.502197265625,0.500244140625,0.5012672071054235,0.521728515625,0.519775390625,-0.102783203125,0.501220703125,False,P
157,independent_carry,2,47,True,0.50244140625,00001111,15,0.98583984375,0.98583984375,0.98583984375,0.8467740570127547,1.0,1.0,0.3740234375,0.98583984375,True,0.51416015625,0.51348876953125,0.5720797269505409,0.983642578125,0.95068359375,0.357666015625,0.513824462890625,False,0.50244140625,0.5008544921875,0.5013744077066368,0.523681640625,0.522216796875,-0.102294921875,0.50164794921875,False,P
157,independent_carry,3,48,True,0.50244140625,00001111,15,0.97900390625,0.97900390625,0.9774169921875,0.8287056836835287,1.0,1.0,0.376708984375,0.97821044921875,True,0.52099609375,0.52081298828125,0.5805335165975871,0.9873046875,0.956787109375,0.364013671875,0.520904541015625,False,0.50244140625,0.5008951822916666,0.5015032171774455,0.523681640625,0.524658203125,-0.099609375,0.5016682942708333,False,P
157,independent_carry,4,49,True,0.502197265625,00001111,15,0.967041015625,0.967041015625,0.9644775390625,0.8081199510255759,1.0,1.0,0.37646484375,0.96575927734375,True,0.532958984375,0.53228759765625,0.5897655663189496,0.990234375,0.963623046875,0.36669921875,0.532623291015625,False,0.502197265625,0.5016276041666666,0.501629100809236,0.525634765625,0.524658203125,-0.097900390625,0.5019124348958333,False,P
157,independent_carry,5,50,True,0.503173828125,00001111,15,0.958251953125,0.958251953125,0.953369140625,0.7862451519471233,1.0,1.0,0.371337890625,0.955810546875,True,0.541748046875,0.54248046875,0.5992037472513851,0.994140625,0.970703125,0.365478515625,0.5421142578125,False,0.503173828125,0.5026448567708334,0.5017562569470996,0.527099609375,0.52587890625,-0.1015625,0.5029093424479167,False,P
157,independent_carry,7,52,True,0.502685546875,00001111,15,0.924072265625,0.924072265625,0.91650390625,0.739412556240638,1.0,1.0,0.36572265625,0.9202880859375,True,0.575927734375,0.5772705078125,0.61816491658643,0.997802734375,0.981689453125,0.363525390625,0.57659912109375,False,0.502685546875,0.5030517578125,0.5019651663584425,0.531982421875,0.53125,-0.102294921875,0.50286865234375,False,P
157,independent_carry,9,54,True,0.509033203125,00001111,15,0.848388671875,0.848388671875,0.846435546875,0.6925027474169907,1.0,1.0,0.364990234375,0.847412109375,False,0.651611328125,0.65130615234375,0.6359189591384828,0.99951171875,0.9912109375,0.364501953125,0.651458740234375,False,0.509033203125,0.506591796875,0.5020624909041337,0.528076171875,0.535400390625,-0.10693359375,0.5078125,False,mixed_or_none
157,independent_carry,13,58,True,0.509033203125,00110011,51,0.871826171875,0.628173828125,0.6279296875,0.6125659358125453,0.999755859375,1.0,0.359130859375,0.6280517578125,False,0.871826171875,0.869384765625,0.6661629284405978,1.0,0.998779296875,0.359375,0.87060546875,False,0.509033203125,0.5073649088541666,0.5020200533471362,0.53466796875,0.548095703125,-0.10595703125,0.5081990559895833,False,mixed_or_none
157,independent_carry,17,62,True,0.501953125,00110011,51,0.98193359375,0.51806640625,0.5194091796875,0.5591503843896923,0.998779296875,1.0,0.350830078125,0.51873779296875,False,0.98193359375,0.9815673828125,0.6996984827001154,1.0,0.999755859375,0.35205078125,0.98175048828125,True,0.501953125,0.5016682942708334,0.501975845571698,0.5380859375,0.55859375,-0.10986328125,0.5018107096354167,False,Q
157,independent_carry,24,69,True,0.5,00110011,51,1.0,0.5,0.5,0.5092148747388273,0.996337890625,1.0,0.338623046875,0.5,False,1.0,1.0,0.7811610287046228,1.0,1.0,0.34228515625,1.0,True,0.5,0.5,0.5020096467952206,0.5380859375,0.577392578125,-0.11962890625,0.5,False,Q
157,independent_carry,33,78,True,0.5,00110011,51,1.0,0.5,0.5,0.48849003911206434,0.99365234375,1.0,0.3505859375,0.5,False,1.0,1.0,0.879180085704669,1.0,1.0,0.35693359375,1.0,True,0.5,0.5,0.5023955056003707,0.56494140625,0.614990234375,-0.078125,0.5,False,Q
157,independent_carry,45,90,True,0.5,00110011,51,1.0,0.5,0.5,0.4911576105386285,0.989990234375,1.0,0.353271484375,0.5,False,1.0,1.0,0.9265355266745795,1.0,1.0,0.36328125,1.0,True,0.5,0.5,0.50356351866048,0.5986328125,0.65869140625,-0.0380859375,0.5,False,Q
157,independent_carry,62,107,True,0.5,00110011,51,1.0,0.5,0.5,0.49541386825593314,0.983154296875,0.999755859375,0.322509765625,0.5,False,1.0,1.0,0.8966010291071073,1.0,1.0,0.33935546875,1.0,True,0.5,0.5,0.511143485169431,0.663330078125,0.713623046875,0.002685546875,0.5,False,Q
157,independent_carry,85,130,True,0.5009765625,00110011,51,0.9990234375,0.5,0.5003662109375,0.5032502749026707,0.9814453125,0.99951171875,0.3076171875,0.50018310546875,False,0.9990234375,0.99853515625,0.8745345763995733,1.0,1.0,0.326171875,0.998779296875,True,0.5009765625,0.5015055338541666,0.5281418084233755,0.715576171875,0.747314453125,0.041748046875,0.5012410481770833,False,Q
157,independent_carry,117,162,True,0.5703125,00110011,51,0.9296875,0.50048828125,0.50390625,0.5003081230899646,0.98876953125,0.999267578125,0.2861328125,0.502197265625,False,0.9296875,0.9317626953125,0.8403355140125167,1.0,1.0,0.29736328125,0.93072509765625,True,0.5703125,0.5693359375,0.5786838736028174,0.782958984375,0.779296875,0.080322265625,0.56982421875,False,Q
157,independent_carry,128,173,True,0.607177734375,00110011,51,0.892822265625,0.498779296875,0.4981689453125,0.49477733598110357,0.9873046875,0.99951171875,0.26904296875,0.49847412109375,False,0.892822265625,0.89404296875,0.8202172839709493,1.0,1.0,0.28173828125,0.8934326171875,False,0.607177734375,0.6064453125,0.601491476363515,0.81591796875,0.80078125,0.09765625,0.6068115234375,False,mixed_or_none
157,independent_carry,161,206,True,0.66845703125,00110011,51,0.83154296875,0.50146484375,0.5,0.5002193697011958,0.98388671875,0.998779296875,0.24365234375,0.500732421875,False,0.83154296875,0.832275390625,0.7708475816445168,1.0,1.0,0.259765625,0.8319091796875,False,0.66845703125,0.6680501302083334,0.6744416845541646,0.9326171875,0.919189453125,0.1923828125,0.6682535807291667,False,mixed_or_none
157,independent_carry,222,267,True,1.0,01010101,85,1.0,0.5,0.5,0.49846367892837024,0.9853515625,1.0,0.26806640625,0.5,False,0.5,0.5001220703125,0.5356812491811256,0.998291015625,0.9990234375,0.281005859375,0.50006103515625,False,1.0,0.9997965494791667,0.9582028580330302,1.0,1.0,0.28271484375,0.9998982747395834,True,Y
157,independent_carry,304,349,True,1.0,01010101,85,1.0,0.5,0.5,0.5000007316473641,0.985107421875,1.0,0.255126953125,0.5,False,0.5,0.5,0.506201559876258,0.99658203125,0.99951171875,0.2666015625,0.5,False,1.0,1.0,0.9928239702395116,1.0,1.0,0.27001953125,1.0,True,Y
157,independent_carry,418,463,True,1.0,01010101,85,1.0,0.5,0.5,0.4999955020007653,0.9853515625,0.999755859375,0.246826171875,0.5,False,0.5,0.5,0.5024718349171251,0.995849609375,0.9990234375,0.25732421875,0.5,False,1.0,1.0,0.9971499459274444,1.0,1.0,0.261474609375,1.0,True,Y
157,independent_carry,575,620,True,1.0,01010101,85,1.0,0.5,0.5,0.5000237822732017,0.984619140625,0.999755859375,0.253173828125,0.5,False,0.5,0.5,0.5011512725646553,0.99560546875,0.999267578125,0.26416015625,0.5,False,1.0,1.0,0.9986726667056189,1.0,1.0,0.2685546875,1.0,True,Y
157,independent_carry,790,835,True,1.0,01010101,85,1.0,0.5,0.5,0.5000135829887555,0.983154296875,0.999755859375,0.258056640625,0.5,False,0.5,0.5,0.5005739278370716,0.994873046875,0.999267578125,0.269775390625,0.5,False,1.0,1.0,0.9993372245058421,1.0,1.0,0.27490234375,1.0,True,Y
157,independent_carry,1024,1069,True,1.0,01010101,85,1.0,0.5,0.5,0.5000095540041587,0.983154296875,0.999755859375,0.26220703125,0.5,False,0.5,0.5,0.5003308812094794,0.99462890625,0.999267578125,0.273681640625,0.5,False,1.0,1.0,0.9996175561202179,1.0,1.0,0.279052734375,1.0,True,Y
157,independent_reset,0,45,True,0.501708984375,00001111,15,0.993408203125,0.993408203125,0.99365234375,0.8737932832000994,1.0,1.0,0.372802734375,0.9935302734375,True,0.506591796875,0.5059814453125,0.5584982300405517,0.97265625,0.937744140625,0.345458984375,0.50628662109375,False,0.501708984375,0.5003662109375,0.5011806410061961,0.51953125,0.515380859375,-0.107666015625,0.50103759765625,False,P
157,independent_reset,1,46,True,0.501953125,00001111,15,0.98828125,0.98828125,0.988525390625,0.8518682882269731,1.0,1.0,0.372802734375,0.9884033203125,True,0.51171875,0.51104736328125,0.5668388039413407,0.9814453125,0.945068359375,0.354248046875,0.511383056640625,False,0.501953125,0.5004069010416666,0.5012461312387896,0.51953125,0.517578125,-0.107666015625,0.5011800130208333,False,P
157,independent_reset,2,47,True,0.50146484375,00001111,15,0.98193359375,0.98193359375,0.9814453125,0.830472417339857,1.0,1.0,0.374267578125,0.981689453125,True,0.51806640625,0.5172119140625,0.5748894400116613,0.985107421875,0.949951171875,0.359375,0.51763916015625,False,0.50146484375,0.500244140625,0.5013325932394892,0.519775390625,0.517578125,-0.10595703125,0.5008544921875,False,P
157,independent_reset,3,48,True,0.5009765625,00001111,15,0.9755859375,0.9755859375,0.9737548828125,0.80836722546115,1.0,1.0,0.375244140625,0.97467041015625,True,0.5244140625,0.52392578125,0.5827965756786412,0.988037109375,0.956298828125,0.36328125,0.524169921875,False,0.5009765625,0.5005289713541666,0.5014235760527068,0.521728515625,0.5205078125,-0.10302734375,0.5007527669270833,False,P
157,independent_reset,4,49,True,0.501953125,00001111,15,0.96435546875,0.96435546875,0.960205078125,0.7860615633843362,1.0,1.0,0.37255859375,0.9622802734375,True,0.53564453125,0.53533935546875,0.5904316029396517,0.9921875,0.9619140625,0.36474609375,0.535491943359375,False,0.501953125,0.5021158854166666,0.5014991401189602,0.52294921875,0.52490234375,-0.1044921875,0.5020345052083333,False,P
157,independent_reset,5,50,True,0.50244140625,00001111,15,0.95263671875,0.95263671875,0.948486328125,0.7645595710938433,1.0,1.0,0.3720703125,0.9505615234375,True,0.54736328125,0.546142578125,0.5973659563910604,0.994384765625,0.966552734375,0.366455078125,0.5467529296875,False,0.50244140625,0.5026448567708334,0.5015745557839115,0.522705078125,0.526611328125,-0.105224609375,0.5025431315104167,False,P
157,independent_reset,7,52,True,0.501220703125,00001111,15,0.922119140625,0.922119140625,0.9176025390625,0.7234276561936355,1.0,1.0,0.3681640625,0.91986083984375,True,0.577880859375,0.57818603515625,0.6097215899890563,0.997314453125,0.976318359375,0.365478515625,0.578033447265625,False,0.501220703125,0.5021565755208334,0.5016870316777985,0.523193359375,0.528564453125,-0.108642578125,0.5016886393229167,False,P
157,independent_reset,9,54,True,0.5078125,00001111,15,0.87255859375,0.87255859375,0.8677978515625,0.6864190174795164,1.0,1.0,0.36572265625,0.87017822265625,False,0.62744140625,0.62896728515625,0.6205844471503271,0.99951171875,0.984619140625,0.365234375,0.628204345703125,False,0.5078125,0.5067545572916666,0.5017274955789053,0.526611328125,0.53076171875,-0.107666015625,0.5072835286458333,False,mixed_or_none
157,independent_reset,13,58,True,0.508544921875,00010011,19,0.788330078125,0.714111328125,0.7115478515625,0.62525714165828,1.0,1.0,0.3583984375,0.71282958984375,False,0.785888671875,0.78802490234375,0.6398990880075774,1.0,0.99658203125,0.3583984375,0.786956787109375,False,0.508544921875,0.5075276692708334,0.5017383622819347,0.531982421875,0.537841796875,-0.109619140625,0.5080362955729167,False,mixed_or_none
157,independent_reset,17,62,True,0.50390625,00110011,51,0.9248046875,0.5751953125,0.5736083984375,0.5835343621731321,0.99951171875,1.0,0.349853515625,0.57440185546875,False,0.9248046875,0.9249267578125,0.6631122980044732,1.0,0.9990234375,0.350341796875,0.92486572265625,True,0.50390625,0.5042317708333334,0.5017913803438862,0.5390625,0.54443359375,-0.110595703125,0.5040690104166667,False,Q
157,independent_reset,24,69,True,0.49951171875,00110011,51,0.9990234375,0.5009765625,0.500732421875,0.5412451566093586,0.998291015625,1.0,0.344970703125,0.5008544921875,False,0.9990234375,0.99853515625,0.723826113721505,1.0,1.0,0.3466796875,0.998779296875,True,0.49951171875,0.5001627604166666,0.5020806279379172,0.5439453125,0.55712890625,-0.109375,0.4998372395833333,False,Q
157,independent_reset,33,78,True,0.5,00110011,51,1.0,0.5,0.5,0.5104393552000414,0.99755859375,1.0,0.366455078125,0.5,False,1.0,1.0,0.822349825560172,1.0,1.0,0.368896484375,1.0,True,0.5,0.5,0.5025509557950616,0.5546875,0.58251953125,-0.076416015625,0.5,False,Q
157,independent_reset,45,90,True,0.5,00110011,51,1.0,0.5,0.5,0.4984060882185042,0.99658203125,1.0,0.377197265625,0.5,False,1.0,1.0,0.9095083161900871,1.0,1.0,0.380615234375,1.0,True,0.5,0.5,0.5030862823916707,0.5888671875,0.63037109375,-0.030517578125,0.5,False,Q
157,independent_reset,62,107,True,0.5,00110011,51,1.0,0.5,0.5,0.49675319013202424,0.992919921875,1.0,0.334716796875,0.5,False,1.0,1.0,0.9108052274572458,1.0,1.0,0.341796875,1.0,True,0.5,0.5,0.5077396085632215,0.645263671875,0.688232421875,-0.012939453125,0.5,False,Q
157,independent_reset,85,130,True,0.50048828125,00110011,51,0.99951171875,0.49951171875,0.4998779296875,0.5032091250254365,0.9921875,1.0,0.322509765625,0.49969482421875,False,0.99951171875,0.999267578125,0.8750421115462997,1.0,1.0,0.330322265625,0.9993896484375,True,0.50048828125,0.5006917317708334,0.5223523396422951,0.7080078125,0.72412109375,0.038330078125,0.5005900065104167,False,Q
157,independent_reset,117,162,True,0.537109375,00110011,51,0.962890625,0.49951171875,0.5028076171875,0.49938950040924657,0.995849609375,1.0,0.296875,0.50115966796875,False,0.962890625,0.9649658203125,0.8525337420596788,1.0,1.0,0.301025390625,0.96392822265625,True,0.537109375,0.5351969401041666,0.5638734471656117,0.788818359375,0.778564453125,0.08984375,0.5361531575520833,False,Q
157,independent_reset,128,173,True,0.577880859375,00110011,51,0.922119140625,0.492919921875,0.4967041015625,0.49375916696578104,0.996337890625,1.0,0.282958984375,0.49481201171875,False,0.922119140625,0.9248046875,0.8324745030211453,1.0,1.0,0.28662109375,0.9234619140625,True,0.577880859375,0.5756022135416666,0.5865877898537525,0.828125,0.79931640625,0.11474609375,0.5767415364583333,False,Q
157,independent_reset,161,206,True,0.651611328125,00110011,51,0.848388671875,0.497314453125,0.4993896484375,0.5012468433633603,0.995849609375,1.0,0.25439453125,0.49835205078125,False,0.848388671875,0.84930419921875,0.7840305557717351,1.0,1.0,0.258544921875,0.848846435546875,False,0.651611328125,0.6512451171875,0.6602821701666619,0.967529296875,0.919677734375,0.22607421875,0.65142822265625,False,mixed_or_none
157,independent_reset,222,267,True,0.99755859375,01010101,85,0.99755859375,0.49853515625,0.4989013671875,0.49855022421085027,0.996826171875,1.0,0.27197265625,0.49871826171875,False,0.50244140625,0.50201416015625,0.5508179924847255,0.99609375,0.99951171875,0.271240234375,0.502227783203125,False,0.99755859375,0.998046875,0.9416170517161278,1.0,1.0,0.275146484375,0.997802734375,True,Y
157,independent_reset,304,349,True,1.0,01010101,85,1.0,0.5,0.5,0.49995066195635157,0.99755859375,1.0,0.271240234375,0.5,False,0.5,0.5,0.508290277251179,0.9921875,0.999267578125,0.265869140625,0.5,False,1.0,1.0,0.9905261350658585,1.0,1.0,0.273681640625,1.0,True,Y
157,independent_reset,418,463,True,1.0,01010101,85,1.0,0.5,0.5,0.49997102532645304,0.997314453125,1.0,0.2705078125,0.5,False,0.5,0.5,0.5031277754757661,0.99072265625,0.999267578125,0.263916015625,0.5,False,1.0,1.0,0.9964276172443438,1.0,1.0,0.273193359375,1.0,True,Y
157,independent_reset,575,620,True,1.0,01010101,85,1.0,0.5,0.5,0.5000055351547468,0.997314453125,1.0,0.280517578125,0.5,False,0.5,0.5,0.501408998162449,0.990478515625,0.99853515625,0.273681640625,0.5,False,1.0,1.0,0.9983907159416237,1.0,1.0,0.283203125,1.0,True,Y
157,independent_reset,790,835,True,1.0,01010101,85,1.0,0.5,0.5,0.5000010616734659,0.997314453125,1.0,0.287109375,0.5,False,0.5,0.5,0.5006858162081824,0.989501953125,0.99853515625,0.279296875,0.5,False,1.0,1.0,0.9992154352340115,1.0,1.0,0.289794921875,1.0,True,Y
157,independent_reset,1024,1069,True,1.0,01010101,85,1.0,0.5,0.5,0.5000028048582393,0.997802734375,1.0,0.294189453125,0.5,False,0.5,0.5,0.5003892346996368,0.988525390625,0.998291015625,0.284912109375,0.5,False,1.0,1.0,0.9995542321776085,1.0,1.0,0.29638671875,1.0,True,Y
157,nested_carry,0,45,True,0.50048828125,00001111,15,0.99853515625,0.99853515625,0.9984130859375,0.8733363830993511,1.0,1.0,0.3916015625,0.99847412109375,True,0.50146484375,0.5015869140625,0.5214590143140834,0.745849609375,0.818359375,0.137451171875,0.50152587890625,False,0.50048828125,0.5000406901041666,0.5012485503867725,0.518310546875,0.51904296875,-0.090087890625,0.5002644856770833,False,P
157,nested_carry,1,46,True,0.5009765625,00001111,15,0.99755859375,0.99755859375,0.997314453125,0.8604882816401787,1.0,1.0,0.39501953125,0.9974365234375,True,0.50244140625,0.50250244140625,0.522961949380105,0.74609375,0.820556640625,0.14111328125,0.502471923828125,False,0.5009765625,0.5003255208333334,0.5013587538083362,0.5205078125,0.520751953125,-0.08447265625,0.5006510416666667,False,P
157,nested_carry,2,47,True,0.501220703125,00001111,15,0.995849609375,0.995849609375,0.9962158203125,0.8422461321743552,1.0,1.0,0.39208984375,0.99603271484375,True,0.504150390625,0.50390625,0.5249603965171398,0.7548828125,0.824462890625,0.14697265625,0.5040283203125,False,0.501220703125,0.5004069010416666,0.5014983181446896,0.521484375,0.5234375,-0.08642578125,0.5008138020833333,False,P
157,nested_carry,3,48,True,0.502197265625,00001111,15,0.993408203125,0.993408203125,0.9935302734375,0.8194762718325856,1.0,1.0,0.396728515625,0.99346923828125,True,0.506591796875,0.50592041015625,0.5272351121117345,0.76513671875,0.8291015625,0.161865234375,0.506256103515625,False,0.502197265625,0.5002034505208334,0.5016693930038817,0.52099609375,0.528564453125,-0.082275390625,0.5012003580729167,False,P
157,nested_carry,4,49,True,0.500732421875,00001111,15,0.987548828125,0.987548828125,0.988525390625,0.7936181118521604,1.0,1.0,0.396728515625,0.988037109375,True,0.510009765625,0.509765625,0.5295772029650607,0.781494140625,0.83349609375,0.17822265625,0.5098876953125,False,0.500732421875,0.4998372395833333,0.5018491475474184,0.52197265625,0.52880859375,-0.081298828125,0.5002848307291666,False,P
157,nested_carry,5,50,True,0.501708984375,00001111,15,0.979736328125,0.979736328125,0.9808349609375,0.7663081753581523,1.0,1.0,0.39013671875,0.98028564453125,True,0.516357421875,0.5166015625,0.5316420154165714,0.80419921875,0.837890625,0.1943359375,0.5164794921875,False,0.501708984375,0.500732421875,0.5020253095778914,0.524658203125,0.52978515625,-0.085205078125,0.501220703125,False,P
157,nested_carry,7,52,True,0.50048828125,00001111,15,0.96240234375,0.96240234375,0.962646484375,0.7120231243816907,1.0,1.0,0.3798828125,0.9625244140625,True,0.53076171875,0.5299072265625,0.5342957960359159,0.8408203125,0.851806640625,0.220703125,0.53033447265625,False,0.50048828125,0.5010172526041666,0.5023230133485599,0.5361328125,0.540283203125,-0.083984375,0.5007527669270833,False,P
157,nested_carry,9,54,True,0.499267578125,00001111,15,0.947509765625,0.947509765625,0.9461669921875,0.6641349932410822,0.999755859375,1.0,0.384521484375,0.94683837890625,True,0.542724609375,0.542236328125,0.5351845680468105,0.872802734375,0.867919921875,0.257568359375,0.54248046875,False,0.499267578125,0.5012613932291666,0.502538377959577,0.55419921875,0.54345703125,-0.06103515625,0.5002644856770833,False,P
157,nested_carry,13,58,True,0.505859375,00001111,15,0.9287109375,0.9287109375,0.9267578125,0.5925273486827524,0.99658203125,1.0,0.401611328125,0.927734375,True,0.564453125,0.56585693359375,0.5344995710912943,0.905029296875,0.904296875,0.31005859375,0.565155029296875,False,0.505859375,0.505615234375,0.5025979062697793,0.56494140625,0.564208984375,-0.030029296875,0.5057373046875,False,P
157,nested_carry,17,62,True,0.5146484375,00001111,15,0.8447265625,0.8447265625,0.8438720703125,0.5562002307547024,0.9873046875,1.0,0.391845703125,0.84429931640625,False,0.64306640625,0.6412353515625,0.5342511707112327,0.936767578125,0.9375,0.34130859375,0.64215087890625,False,0.5146484375,0.5133056640625,0.5026291921704515,0.57861328125,0.5771484375,-0.016845703125,0.51397705078125,False,mixed_or_none
157,nested_carry,24,69,True,0.517333984375,00000011,3,0.817626953125,0.691162109375,0.687255859375,0.5339525345532359,0.96826171875,1.0,0.367919921875,0.689208984375,False,0.774658203125,0.77978515625,0.5434626950130044,0.985595703125,0.9765625,0.38525390625,0.7772216796875,False,0.517333984375,0.5166015625,0.5032708805608931,0.586669921875,0.6103515625,-0.013671875,0.5169677734375,False,mixed_or_none
157,nested_carry,33,78,True,0.513427734375,00110011,51,0.946533203125,0.545654296875,0.547607421875,0.529882809804383,0.974609375,1.0,0.3662109375,0.546630859375,False,0.946533203125,0.94537353515625,0.58845577605229,1.0,0.998046875,0.3916015625,0.945953369140625,True,0.513427734375,0.5134684244791666,0.5059583602574771,0.6025390625,0.66015625,-0.005859375,0.5134480794270833,False,Q
157,nested_carry,45,90,True,0.500732421875,00110011,51,0.999267578125,0.500732421875,0.5006103515625,0.5276795928478132,0.992431640625,1.0,0.35986328125,0.50067138671875,False,0.999267578125,0.9990234375,0.736445387911168,1.0,1.0,0.367431640625,0.9991455078125,True,0.500732421875,0.5007731119791666,0.5133094829094929,0.633056640625,0.729248046875,0.00048828125,0.5007527669270833,False,Q
157,nested_carry,62,107,True,0.5,00110011,51,1.0,0.5,0.5,0.5045545537231163,0.997802734375,1.0,0.3212890625,0.5,False,1.0,1.0,0.9118490930945329,1.0,1.0,0.323486328125,1.0,True,0.5,0.5,0.5169644670134768,0.7001953125,0.822509765625,0.023681640625,0.5,False,Q
157,nested_carry,85,130,True,0.515625,00110011,51,0.984375,0.4990234375,0.499755859375,0.5003982542689773,0.999755859375,1.0,0.281005859375,0.4993896484375,False,0.984375,0.98370361328125,0.850311336814856,1.0,1.0,0.28125,0.984039306640625,True,0.515625,0.5152994791666666,0.5583688849740974,0.802734375,0.951904296875,0.083984375,0.5154622395833333,False,Q
157,nested_carry,117,162,True,0.6318359375,00110011,51,0.8681640625,0.48876953125,0.4906005859375,0.4982331085055086,0.999267578125,1.0,0.2890625,0.48968505859375,False,0.8681640625,0.8685302734375,0.7770151084000579,1.0,1.0,0.289794921875,0.86834716796875,False,0.6318359375,0.6326497395833334,0.6644867851442686,0.932373046875,0.98583984375,0.22216796875,0.6322428385416667,False,mixed_or_none
157,nested_carry,128,173,True,0.7412109375,01110111,119,0.8408203125,0.48828125,0.4896240234375,0.4921450579843429,0.999267578125,1.0,0.2763671875,0.48895263671875,False,0.7587890625,0.7591552734375,0.7341065522667232,0.99951171875,1.0,0.276611328125,0.75897216796875,False,0.7412109375,0.7412516276041666,0.7179151621576743,0.963134765625,0.9912109375,0.240234375,0.7412312825520833,False,mixed_or_none
157,nested_carry,161,206,True,0.961669921875,01010101,85,0.961669921875,0.499267578125,0.4986572265625,0.49665024871707214,0.999267578125,1.0,0.296142578125,0.49896240234375,False,0.538330078125,0.536376953125,0.607433194068608,0.991455078125,0.998779296875,0.288330078125,0.537353515625,False,0.961669921875,0.9638671875,0.8757817862860486,0.998779296875,1.0,0.295654296875,0.9627685546875,True,Y
157,nested_carry,222,267,True,1.0,01010101,85,1.0,0.5,0.5,0.5002265881465026,0.999755859375,1.0,0.2822265625,0.5,False,0.5,0.5,0.516530351607023,0.98828125,0.99853515625,0.270751953125,0.5,False,1.0,1.0,0.981029957380168,1.0,1.0,0.282470703125,1.0,True,Y
157,nested_carry,304,349,True,1.0,01010101,85,1.0,0.5,0.5,0.5001936790627991,0.999755859375,1.0,0.3037109375,0.5,False,0.5,0.5,0.505338936018502,0.986083984375,0.998046875,0.2900390625,0.5,False,1.0,1.0,0.9939036514424044,1.0,1.0,0.303955078125,1.0,True,Y
157,nested_carry,418,463,True,1.0,01010101,85,1.0,0.5,0.5,0.5000919176713093,0.999755859375,1.0,0.31201171875,0.5,False,0.5,0.5,0.5022750619457523,0.986328125,0.998291015625,0.298583984375,0.5,False,1.0,1.0,0.9974000715323057,1.0,1.0,0.312255859375,1.0,True,Y
157,nested_carry,575,620,True,1.0,01010101,85,1.0,0.5,0.5,0.5000597763662433,1.0,1.0,0.317626953125,0.5,False,0.5,0.5,0.5010765570137898,0.986572265625,0.997802734375,0.30419921875,0.5,False,1.0,1.0,0.9987707534163441,1.0,1.0,0.317626953125,1.0,True,Y
157,nested_carry,790,835,True,1.0,01010101,85,1.0,0.5,0.5,0.5000308431477467,1.0,1.0,0.32177734375,0.5,False,0.5,0.5,0.5005311162782067,0.987548828125,0.99755859375,0.309326171875,0.5,False,1.0,1.0,0.999392196100179,1.0,1.0,0.32177734375,1.0,True,Y
157,nested_carry,1024,1069,True,1.0,01010101,85,1.0,0.5,0.5,0.5000159378603604,1.0,1.0,0.32421875,0.5,False,0.5,0.5,0.5003077764787529,0.98779296875,0.997802734375,0.31201171875,0.5,False,1.0,1.0,0.9996474517684941,1.0,1.0,0.32421875,1.0,True,Y
157,nested_reset,0,45,True,0.50048828125,00001111,15,0.99853515625,0.99853515625,0.9984130859375,0.8733363830993511,1.0,1.0,0.3916015625,0.99847412109375,True,0.50146484375,0.5015869140625,0.5214590143140834,0.745849609375,0.818359375,0.137451171875,0.50152587890625,False,0.50048828125,0.5000406901041666,0.5012485503867725,0.518310546875,0.51904296875,-0.090087890625,0.5002644856770833,False,P
157,nested_reset,1,46,True,0.50048828125,00001111,15,0.9970703125,0.9970703125,0.996826171875,0.8480220730002377,1.0,1.0,0.39404296875,0.9969482421875,True,0.5029296875,0.50311279296875,0.5245629745304646,0.75732421875,0.826171875,0.1513671875,0.503021240234375,False,0.50048828125,0.4999593098958333,0.501377959940257,0.522705078125,0.521728515625,-0.083251953125,0.5002237955729166,False,P
157,nested_reset,2,47,True,0.5009765625,00001111,15,0.99365234375,0.99365234375,0.993408203125,0.8220769005692428,1.0,1.0,0.391845703125,0.9935302734375,True,0.505859375,0.50567626953125,0.5273647172580848,0.771728515625,0.83349609375,0.16357421875,0.505767822265625,False,0.5009765625,0.4998779296875,0.5014992407381687,0.51806640625,0.52294921875,-0.090087890625,0.50042724609375,False,P
157,nested_reset,3,48,True,0.500244140625,00001111,15,0.988525390625,0.988525390625,0.989501953125,0.7955281497073703,1.0,1.0,0.391357421875,0.989013671875,True,0.509033203125,0.50872802734375,0.5299002741487838,0.792236328125,0.839111328125,0.18359375,0.508880615234375,False,0.500244140625,0.4991455078125,0.501621801091934,0.524169921875,0.521728515625,-0.08447265625,0.49969482421875,False,P
157,nested_reset,4,49,True,0.5009765625,00001111,15,0.98388671875,0.98388671875,0.9840087890625,0.7690155996088337,1.0,1.0,0.3896484375,0.98394775390625,True,0.51318359375,0.51318359375,0.5321690078586885,0.817138671875,0.846435546875,0.206787109375,0.51318359375,False,0.5009765625,0.4999186197916667,0.5017359156576601,0.526123046875,0.525146484375,-0.084228515625,0.5004475911458334,False,P
157,nested_reset,5,50,True,0.501708984375,00001111,15,0.977294921875,0.977294921875,0.9783935546875,0.7435470279105681,1.0,1.0,0.386962890625,0.97784423828125,True,0.517822265625,0.51763916015625,0.5339717135213834,0.838134765625,0.852783203125,0.22509765625,0.517730712890625,False,0.501708984375,0.5005289713541666,0.5018316441916622,0.523681640625,0.5302734375,-0.08935546875,0.5011189778645833,False,P
157,nested_reset,7,52,True,0.50146484375,00001111,15,0.9658203125,0.9658203125,0.96533203125,0.696982803871602,0.999755859375,1.0,0.38623046875,0.965576171875,True,0.52783203125,0.52801513671875,0.5362699398833091,0.867919921875,0.867431640625,0.25439453125,0.527923583984375,False,0.50146484375,0.5011393229166666,0.5020201317401503,0.543701171875,0.53759765625,-0.06982421875,0.5013020833333333,False,P
157,nested_reset,9,54,True,0.500732421875,00001111,15,0.955810546875,0.955810546875,0.9547119140625,0.6584151992068884,0.999755859375,1.0,0.383544921875,0.95526123046875,True,0.536865234375,0.535888671875,0.537477488595872,0.888671875,0.88037109375,0.2724609375,0.536376953125,False,0.500732421875,0.5008138020833334,0.502137560888246,0.55908203125,0.5390625,-0.05712890625,0.5007731119791667,False,P
157,nested_reset,13,58,True,0.504150390625,00001111,15,0.933837890625,0.933837890625,0.930908203125,0.6007507003624004,0.998779296875,1.0,0.385986328125,0.932373046875,True,0.560791015625,0.5621337890625,0.5384789500997252,0.927734375,0.909423828125,0.31494140625,0.56146240234375,False,0.504150390625,0.5031331380208334,0.5022495373216618,0.561767578125,0.549072265625,-0.051025390625,0.5036417643229167,False,P
157,nested_reset,17,62,True,0.510986328125,00001111,15,0.862060546875,0.862060546875,0.85986328125,0.5685905608552827,0.99169921875,1.0,0.3837890625,0.8609619140625,False,0.631591796875,0.63177490234375,0.5406310975239683,0.964599609375,0.939208984375,0.356689453125,0.631683349609375,False,0.510986328125,0.5098470052083334,0.5023916749040941,0.56103515625,0.55810546875,-0.046875,0.5104166666666667,False,mixed_or_none
157,nested_reset,24,69,True,0.5205078125,00010011,19,0.796875,0.7119140625,0.7061767578125,0.5449753811459591,0.9814453125,1.0,0.37353515625,0.70904541015625,False,0.7783203125,0.7833251953125,0.5531222861067601,0.994873046875,0.974365234375,0.386962890625,0.78082275390625,False,0.5205078125,0.5169270833333334,0.5029328404883885,0.556884765625,0.572021484375,-0.051025390625,0.5187174479166667,False,mixed_or_none
157,nested_reset,33,78,True,0.510498046875,00110011,51,0.944091796875,0.552978515625,0.554443359375,0.5389054016100854,0.98291015625,1.0,0.355224609375,0.5537109375,False,0.944091796875,0.944091796875,0.5982663801243104,1.0,0.996826171875,0.372314453125,0.944091796875,True,0.510498046875,0.5092366536458334,0.5045874371153014,0.577392578125,0.605712890625,-0.05029296875,0.5098673502604167,False,Q
157,nested_reset,45,90,True,0.5,00110011,51,1.0,0.5,0.500244140625,0.538979327337469,0.996337890625,1.0,0.345703125,0.5001220703125,False,1.0,0.99945068359375,0.7283233380996978,1.0,1.0,0.349365234375,0.999725341796875,True,0.5,0.5000813802083334,0.5089166353132945,0.617431640625,0.677978515625,-0.033203125,0.5000406901041667,False,Q
157,nested_reset,62,107,True,0.5,00110011,51,1.0,0.5,0.5,0.5071019172493437,0.99951171875,1.0,0.326904296875,0.5,False,1.0,1.0,0.9025247272556136,1.0,1.0,0.327392578125,1.0,True,0.5,0.5,0.5119155912194145,0.685546875,0.74267578125,0.012939453125,0.5,False,Q
157,nested_reset,85,130,True,0.50390625,00110011,51,0.99609375,0.49853515625,0.500244140625,0.49850725935355894,1.0,1.0,0.303466796875,0.4993896484375,False,0.99609375,0.99554443359375,0.8715561121288723,1.0,1.0,0.303466796875,0.995819091796875,True,0.50390625,0.5043538411458334,0.5340397641526706,0.74658203125,0.78662109375,0.050048828125,0.5041300455729167,False,Q
157,nested_reset,117,162,True,0.575439453125,00110011,51,0.924560546875,0.502685546875,0.50341796875,0.49987037304440657,0.999755859375,1.0,0.306640625,0.5030517578125,False,0.924560546875,0.925537109375,0.8257321969809264,1.0,1.0,0.306884765625,0.925048828125,True,0.575439453125,0.5762939453125,0.5979281584642868,0.865234375,0.90673828125,0.172119140625,0.57586669921875,False,Q
157,nested_reset,128,173,True,0.633544921875,00110011,51,0.866455078125,0.490478515625,0.4892578125,0.49227040570628,0.999755859375,1.0,0.297119140625,0.4898681640625,False,0.866455078125,0.8671875,0.7922776070838176,1.0,1.0,0.29736328125,0.8668212890625,False,0.633544921875,0.634765625,0.6406557809484935,0.9189453125,0.953125,0.21630859375,0.6341552734375,False,mixed_or_none
157,nested_reset,161,206,True,0.864501953125,01010101,85,0.864501953125,0.497802734375,0.4962158203125,0.4984295222563644,1.0,1.0,0.27294921875,0.49700927734375,False,0.635498046875,0.63470458984375,0.6692982356443486,0.999267578125,1.0,0.272216796875,0.635101318359375,False,0.864501953125,0.8654378255208333,0.8008803270674427,0.99462890625,0.99951171875,0.267578125,0.8649698893229166,False,mixed_or_none
157,nested_reset,222,267,True,1.0,01010101,85,1.0,0.5,0.5,0.5003902491449013,1.0,1.0,0.283203125,0.5,False,0.5,0.5,0.5194290708188857,0.99658203125,0.998291015625,0.27978515625,0.5,False,1.0,1.0,0.9774395375214968,1.0,1.0,0.283203125,1.0,True,Y
157,nested_reset,304,349,True,1.0,01010101,85,1.0,0.5,0.5,0.5002971365211905,0.99951171875,1.0,0.285888671875,0.5,False,0.5,0.5,0.5053459727719232,0.996337890625,0.998046875,0.28271484375,0.5,False,1.0,1.0,0.993842488410192,1.0,1.0,0.286376953125,1.0,True,Y
157,nested_reset,418,463,True,1.0,01010101,85,1.0,0.5,0.5,0.5001219378602689,0.999267578125,1.0,0.288818359375,0.5,False,0.5,0.5,0.502178711479418,0.996337890625,0.997314453125,0.285888671875,0.5,False,1.0,1.0,0.9974878612590754,1.0,1.0,0.28955078125,1.0,True,Y
157,nested_reset,575,620,True,1.0,01010101,85,1.0,0.5,0.5,0.5000645236353568,0.9990234375,1.0,0.2880859375,0.5,False,0.5,0.5,0.5010162735683653,0.996826171875,0.9970703125,0.285888671875,0.5,False,1.0,1.0,0.9988296948522384,1.0,1.0,0.2890625,1.0,True,Y
157,nested_reset,790,835,True,1.0,01010101,85,1.0,0.5,0.5,0.500027743050044,0.9990234375,1.0,0.285888671875,0.5,False,0.5,0.5,0.5004986032825325,0.99658203125,0.996826171875,0.283447265625,0.5,False,1.0,1.0,0.9994254282617925,1.0,1.0,0.286865234375,1.0,True,Y
157,nested_reset,1024,1069,True,1.0,01010101,85,1.0,0.5,0.5,0.500014424531083,0.9990234375,1.0,0.28466796875,0.5,False,0.5,0.5,0.5002843732858013,0.99609375,0.99658203125,0.28173828125,0.5,False,1.0,1.0,0.9996723990142751,1.0,1.0,0.28564453125,1.0,True,Y
157,scratch,0,45,True,0.4951171875,11111111,255,0.8935546875,0.5185546875,0.521240234375,0.5018274639874839,0.990966796875,0.999267578125,0.392822265625,0.5198974609375,False,0.4921875,0.4937744140625,0.5003788308724286,0.673828125,0.7529296875,0.07568359375,0.49298095703125,False,0.4951171875,0.4957275390625,0.5000792912190015,0.50830078125,0.490478515625,-0.08984375,0.49542236328125,False,mixed_or_none
157,scratch,1,46,True,0.497802734375,11111111,255,0.990478515625,0.503173828125,0.5030517578125,0.502177561212688,0.9912109375,0.999267578125,0.39111328125,0.50311279296875,False,0.500732421875,0.5001220703125,0.5011122314521752,0.696533203125,0.755126953125,0.096435546875,0.50042724609375,False,0.497802734375,0.4990234375,0.5001501402100068,0.513671875,0.4912109375,-0.08642578125,0.4984130859375,False,mixed_or_none
157,scratch,2,47,True,0.499267578125,11111111,255,0.989990234375,0.504150390625,0.503173828125,0.5024591405389208,0.9912109375,0.999267578125,0.388427734375,0.503662109375,False,0.503173828125,0.50164794921875,0.502050475250895,0.709716796875,0.7529296875,0.10693359375,0.502410888671875,False,0.499267578125,0.5001627604166666,0.5002245526285072,0.52001953125,0.4912109375,-0.082763671875,0.4997151692708333,False,mixed_or_none
157,scratch,3,48,True,0.496337890625,11111111,255,0.976318359375,0.506103515625,0.5064697265625,0.5025630648332055,0.99072265625,0.999267578125,0.384765625,0.50628662109375,False,0.509033203125,0.5059814453125,0.5030010598333589,0.724853515625,0.75439453125,0.118896484375,0.50750732421875,False,0.496337890625,0.4989013671875,0.500293036082507,0.520751953125,0.4931640625,-0.085205078125,0.49761962890625,False,mixed_or_none
157,scratch,4,49,True,0.499755859375,11111111,255,0.959716796875,0.515380859375,0.51513671875,0.5036149025531996,0.98974609375,0.999267578125,0.38232421875,0.5152587890625,False,0.517333984375,0.51458740234375,0.5040348161279142,0.7451171875,0.75830078125,0.1376953125,0.515960693359375,False,0.499755859375,0.50146484375,0.5003583723578655,0.523193359375,0.49169921875,-0.084228515625,0.5006103515625,False,mixed_or_none
157,scratch,5,50,True,0.5048828125,11111111,255,0.9072265625,0.5390625,0.5391845703125,0.5048812042454836,0.98974609375,0.999267578125,0.385009765625,0.53912353515625,False,0.5361328125,0.53778076171875,0.5050388337828926,0.766845703125,0.760009765625,0.162109375,0.536956787109375,False,0.5048828125,0.5038248697916666,0.5004164925469133,0.525390625,0.48876953125,-0.079345703125,0.5043538411458333,False,mixed_or_none
157,scratch,7,52,True,0.515380859375,00111111,63,0.692626953125,0.604248046875,0.6025390625,0.5065351190173466,0.9873046875,0.99951171875,0.38525390625,0.6033935546875,False,0.600341796875,0.6090087890625,0.5070517575741805,0.80322265625,0.77001953125,0.201171875,0.60467529296875,False,0.515380859375,0.5102132161458334,0.5005138073896104,0.52880859375,0.493408203125,-0.0732421875,0.5127970377604167,False,mixed_or_none
157,scratch,9,54,True,0.507080078125,00000011,3,0.703857421875,0.622314453125,0.6239013671875,0.5083095508912743,0.984619140625,0.99951171875,0.378662109375,0.62310791015625,False,0.643310546875,0.6422119140625,0.5093639681675977,0.849609375,0.778076171875,0.24365234375,0.64276123046875,False,0.507080078125,0.5074869791666666,0.5006273039767265,0.532470703125,0.4921875,-0.073486328125,0.5072835286458333,False,mixed_or_none
157,scratch,13,58,True,0.511474609375,00000011,3,0.753173828125,0.581298828125,0.5814208984375,0.5083757814942789,0.97900390625,0.99951171875,0.367919921875,0.58135986328125,False,0.655517578125,0.6561279296875,0.5159808201503499,0.924560546875,0.803955078125,0.3134765625,0.65582275390625,False,0.511474609375,0.5063069661458334,0.5009179536722599,0.550048828125,0.494873046875,-0.06103515625,0.5088907877604167,False,mixed_or_none
157,scratch,17,62,True,0.501708984375,00110011,51,0.750244140625,0.566162109375,0.5655517578125,0.5075751453533927,0.978759765625,0.99951171875,0.363037109375,0.56585693359375,False,0.750244140625,0.74896240234375,0.5269764279692487,0.976318359375,0.834228515625,0.360595703125,0.749603271484375,False,0.501708984375,0.5061442057291666,0.5013191291458637,0.56201171875,0.496826171875,-0.0537109375,0.5039265950520833,False,mixed_or_none
157,scratch,24,69,True,0.496826171875,00110011,51,0.881103515625,0.531494140625,0.526611328125,0.5046396565216467,0.9736328125,0.999755859375,0.348876953125,0.529052734375,False,0.881103515625,0.88116455078125,0.5602139389753089,1.0,0.901611328125,0.375244140625,0.881134033203125,False,0.496826171875,0.5050862630208334,0.5022167215831354,0.5859375,0.50244140625,-0.038818359375,0.5009562174479167,False,mixed_or_none
157,scratch,33,78,True,0.49755859375,00110011,51,0.9892578125,0.505859375,0.5062255859375,0.5027517079933808,0.973876953125,1.0,0.33935546875,0.50604248046875,False,0.9892578125,0.98834228515625,0.6522419851425303,1.0,0.982666015625,0.365478515625,0.988800048828125,True,0.49755859375,0.4986979166666667,0.5032648782318232,0.60302734375,0.5107421875,-0.031494140625,0.49812825520833337,False,Q
157,scratch,45,90,True,0.5,00110011,51,1.0,0.5,0.5,0.49940647214311246,0.979736328125,1.0,0.3349609375,0.5,False,1.0,1.0,0.8525266029381224,1.0,1.0,0.355224609375,1.0,True,0.5,0.5,0.5038412476186556,0.622802734375,0.541259765625,-0.02197265625,0.5,False,Q
157,scratch,62,107,True,0.5,00110011,51,1.0,0.5,0.5,0.4976501698929122,0.975830078125,1.0,0.276611328125,0.5,False,1.0,1.0,0.9196069568351712,1.0,1.0,0.30078125,1.0,True,0.5,0.5,0.5056872102356308,0.765625,0.613525390625,0.06640625,0.5,False,Q
157,scratch,85,130,True,0.5,00110011,51,1.0,0.5,0.5,0.50255381981384,0.9599609375,1.0,0.248291015625,0.5,False,1.0,0.99981689453125,0.8737604954553415,1.0,1.0,0.288330078125,0.999908447265625,True,0.5,0.5000813802083334,0.5209277610744967,0.89111328125,0.733642578125,0.179443359375,0.5000406901041667,False,Q
157,scratch,117,162,True,0.520263671875,00110011,51,0.979736328125,0.500732421875,0.5008544921875,0.49800452550910385,0.96044921875,0.999755859375,0.21728515625,0.50079345703125,False,0.979736328125,0.97979736328125,0.844386885123337,1.0,0.999755859375,0.2568359375,0.979766845703125,True,0.520263671875,0.5207112630208334,0.5794371787321977,0.9931640625,0.87109375,0.25,0.5204874674479167,False,Q
157,scratch,128,173,True,0.56787109375,00110011,51,0.93212890625,0.48974609375,0.49072265625,0.4896887191322932,0.956787109375,0.99951171875,0.20849609375,0.490234375,False,0.93212890625,0.93072509765625,0.8043034094283589,1.0,0.998046875,0.251708984375,0.931427001953125,True,0.56787109375,0.568603515625,0.6305275171695581,0.998779296875,0.910888671875,0.25048828125,0.5682373046875,False,Q
157,scratch,161,206,True,0.999755859375,01010101,85,0.999755859375,0.500244140625,0.4996337890625,0.49903410119302233,0.9404296875,0.9990234375,0.173828125,0.49993896484375,False,0.500244140625,0.50030517578125,0.5820684953704868,1.0,0.996337890625,0.2333984375,0.500274658203125,False,0.999755859375,0.9995524088541667,0.9035095923746226,1.0,0.97705078125,0.2333984375,0.9996541341145834,True,Y
157,scratch,222,267,True,1.0,01010101,85,1.0,0.5,0.5,0.4999537282575676,0.949951171875,0.999267578125,0.189453125,0.5,False,0.5,0.5,0.5077849538598125,0.995849609375,0.99365234375,0.2353515625,0.5,False,1.0,1.0,0.9906784976562566,1.0,0.997314453125,0.239501953125,1.0,True,Y
157,scratch,304,349,True,1.0,01010101,85,1.0,0.5,0.5,0.49998220015435363,0.95068359375,0.999267578125,0.1875,0.5,False,0.5,0.5,0.5028664907422841,0.993896484375,0.99462890625,0.230712890625,0.5,False,1.0,1.0,0.9965528801190053,1.0,0.9990234375,0.23681640625,1.0,True,Y
157,scratch,418,463,True,1.0,01010101,85,1.0,0.5,0.5,0.4999928391354012,0.9501953125,0.999267578125,0.1875,0.5,False,0.5,0.5,0.5013099085299446,0.993408203125,0.99365234375,0.230712890625,0.5,False,1.0,1.0,0.9984221985577477,1.0,0.999267578125,0.2373046875,1.0,True,Y
157,scratch,575,620,True,1.0,01010101,85,1.0,0.5,0.5,0.4999992156577634,0.951416015625,0.999267578125,0.186767578125,0.5,False,0.5,0.5,0.5006485012998575,0.9931640625,0.9921875,0.228515625,0.5,False,1.0,1.0,0.9992181084470622,1.0,0.99951171875,0.2353515625,1.0,True,Y
157,scratch,790,835,True,1.0,01010101,85,1.0,0.5,0.5,0.4999994091565096,0.952880859375,0.999267578125,0.190673828125,0.5,False,0.5,0.5,0.5003299693713293,0.992919921875,0.9921875,0.230712890625,0.5,False,1.0,1.0,0.9996013983748337,1.0,0.999755859375,0.23779296875,1.0,True,Y
157,scratch,1024,1069,True,1.0,01010101,85,1.0,0.5,0.5,0.4999997692336732,0.951171875,0.9990234375,0.18603515625,0.5,False,0.5,0.5,0.5001920182259665,0.992431640625,0.991455078125,0.227294921875,0.5,False,1.0,1.0,0.9997678656907574,1.0,0.999755859375,0.23486328125,1.0,True,Y
157,sham,0,45,True,0.5,00000000,0,1.0,0.5,0.5,0.4995097608856419,0.96728515625,0.999267578125,0.379150390625,0.5,False,0.5,0.5,0.49983729189273096,0.646484375,0.74755859375,0.058349609375,0.5,False,0.5,0.5,0.5001124689161134,0.514404296875,0.493896484375,-0.07373046875,0.5,False,mixed_or_none
157,sham,1,46,True,0.501220703125,00000000,0,0.990478515625,0.504150390625,0.5042724609375,0.49964481331903654,0.97265625,0.99951171875,0.378173828125,0.50421142578125,False,0.499755859375,0.499267578125,0.5000782955926907,0.65185546875,0.747314453125,0.057373046875,0.49951171875,False,0.501220703125,0.5001220703125,0.5001502452015513,0.512451171875,0.493896484375,-0.08203125,0.50067138671875,False,mixed_or_none
157,sham,2,47,True,0.501708984375,00000000,0,0.814697265625,0.510986328125,0.504638671875,0.4997246699445121,0.973876953125,0.999755859375,0.37451171875,0.5078125,False,0.520751953125,0.5155029296875,0.5004401032891242,0.6513671875,0.749267578125,0.052001953125,0.51812744140625,False,0.501708984375,0.501953125,0.5001830354068598,0.51171875,0.498046875,-0.087646484375,0.5018310546875,False,mixed_or_none
157,sham,3,48,True,0.51318359375,11111111,255,0.64111328125,0.46875,0.468017578125,0.4996260786125267,0.97119140625,0.999755859375,0.374267578125,0.4683837890625,False,0.55908203125,0.5537109375,0.5008310398534728,0.66455078125,0.7470703125,0.067626953125,0.556396484375,False,0.51318359375,0.5164388020833334,0.5002164324042891,0.513916015625,0.502197265625,-0.0830078125,0.5148111979166667,False,mixed_or_none
157,sham,4,49,True,0.5107421875,11111111,255,0.92626953125,0.49072265625,0.484130859375,0.499830066815601,0.96875,0.999755859375,0.3701171875,0.4874267578125,False,0.533203125,0.53436279296875,0.5012418720244664,0.6728515625,0.746826171875,0.07421875,0.533782958984375,False,0.5107421875,0.5096435546875,0.5002501169201501,0.522705078125,0.499267578125,-0.075927734375,0.51019287109375,False,mixed_or_none
157,sham,5,50,True,0.50390625,11111111,255,0.98046875,0.49658203125,0.4932861328125,0.5002014825447815,0.96728515625,0.999755859375,0.364501953125,0.49493408203125,False,0.51318359375,0.51409912109375,0.5016678894532031,0.6923828125,0.748291015625,0.089599609375,0.513641357421875,False,0.50390625,0.5026448567708334,0.5002833571218003,0.528076171875,0.50244140625,-0.07470703125,0.5032755533854167,False,mixed_or_none
157,sham,7,52,True,0.503173828125,11111111,255,0.980712890625,0.496826171875,0.494384765625,0.5008194672539341,0.963134765625,0.999755859375,0.365966796875,0.49560546875,False,0.516357421875,0.51556396484375,0.5026005087335039,0.729736328125,0.753662109375,0.132568359375,0.515960693359375,False,0.503173828125,0.5022786458333334,0.5003650197891859,0.535400390625,0.50537109375,-0.061767578125,0.5027262369791667,False,mixed_or_none
157,sham,9,54,True,0.510498046875,11111111,255,0.943115234375,0.503662109375,0.500244140625,0.5015787722045704,0.962890625,0.999755859375,0.3642578125,0.501953125,False,0.542236328125,0.54132080078125,0.5037476037813325,0.77978515625,0.760498046875,0.18115234375,0.541778564453125,False,0.510498046875,0.5074869791666666,0.5004683238139754,0.54150390625,0.509033203125,-0.05712890625,0.5089925130208333,False,mixed_or_none
157,sham,13,58,True,0.52392578125,00111111,63,0.7060546875,0.56884765625,0.55810546875,0.5023892358197818,0.958984375,0.999755859375,0.35107421875,0.5634765625,False,0.67919921875,0.68487548828125,0.5071572725018538,0.85400390625,0.784423828125,0.24609375,0.682037353515625,False,0.52392578125,0.5186767578125,0.5007526012073441,0.537109375,0.51513671875,-0.07080078125,0.52130126953125,False,mixed_or_none
157,sham,17,62,True,0.513916015625,00110011,51,0.725830078125,0.554931640625,0.5545654296875,0.5031964066341633,0.9580078125,0.99951171875,0.345947265625,0.55474853515625,False,0.725830078125,0.7264404296875,0.5134194222796487,0.927490234375,0.82080078125,0.3154296875,0.72613525390625,False,0.513916015625,0.5115966796875,0.5011930805790134,0.549560546875,0.5234375,-0.0625,0.51275634765625,False,mixed_or_none
157,sham,24,69,True,0.515625,00110011,51,0.83544921875,0.52490234375,0.5205078125,0.5032217829868341,0.954345703125,0.99951171875,0.336181640625,0.522705078125,False,0.83544921875,0.836181640625,0.5363846488024567,0.99560546875,0.892578125,0.37744140625,0.8358154296875,False,0.515625,0.515380859375,0.5024344496503307,0.5947265625,0.537353515625,-0.0234375,0.5155029296875,False,mixed_or_none
157,sham,33,78,True,0.502197265625,00110011,51,0.977294921875,0.500244140625,0.500244140625,0.5003246061216008,0.95458984375,1.0,0.3017578125,0.500244140625,False,0.977294921875,0.9779052734375,0.6134522879133082,1.0,0.97265625,0.34716796875,0.97760009765625,True,0.502197265625,0.5028483072916666,0.5049125517974505,0.6572265625,0.565185546875,0.00439453125,0.5025227864583333,False,Q
157,sham,45,90,True,0.5,00110011,51,1.0,0.5,0.5,0.500230014372779,0.943359375,1.0,0.27734375,0.5,False,1.0,1.0,0.8271701336727108,0.9990234375,1.0,0.3330078125,1.0,True,0.5,0.5,0.5075423904774037,0.7138671875,0.65234375,0.0478515625,0.5,False,Q
157,sham,62,107,True,0.5,00110011,51,1.0,0.5,0.5,0.4987404630239628,0.9287109375,1.0,0.236328125,0.5,False,1.0,1.0,0.9221142851135615,1.0,1.0,0.3076171875,1.0,True,0.5,0.5,0.5105497028503345,0.825927734375,0.722412109375,0.133544921875,0.5,False,Q
157,sham,85,130,True,0.505126953125,00110011,51,0.994873046875,0.502197265625,0.5009765625,0.503394284818221,0.916015625,0.999267578125,0.1806640625,0.5015869140625,False,0.994873046875,0.99493408203125,0.8650300972901054,0.999267578125,1.0,0.263916015625,0.994903564453125,True,0.505126953125,0.505126953125,0.5380038712117136,0.961669921875,0.75390625,0.226318359375,0.505126953125,False,Q
157,sham,117,162,True,0.590087890625,00110011,51,0.909912109375,0.499267578125,0.49853515625,0.4980869152058386,0.897705078125,0.99755859375,0.146728515625,0.4989013671875,False,0.909912109375,0.90765380859375,0.8025389758853541,1.0,1.0,0.2490234375,0.908782958984375,True,0.590087890625,0.5939534505208334,0.6349321189327622,1.0,0.823486328125,0.2490234375,0.5920206705729167,False,Q
157,sham,128,173,True,0.680419921875,00110011,51,0.819580078125,0.496337890625,0.4923095703125,0.49217032401155114,0.903076171875,0.996337890625,0.16162109375,0.49432373046875,False,0.819580078125,0.81890869140625,0.7477256357707063,1.0,0.999267578125,0.258544921875,0.819244384765625,False,0.680419921875,0.6832682291666666,0.7042562291575284,1.0,0.857177734375,0.258544921875,0.6818440755208333,False,mixed_or_none
157,sham,161,206,True,1.0,01010101,85,1.0,0.5,0.5,0.498559376660215,0.87646484375,0.994140625,0.11865234375,0.5,False,0.5,0.5,0.5546158625275428,0.999267578125,0.99609375,0.241455078125,0.5,False,1.0,1.0,0.9347090369318376,1.0,0.966796875,0.2421875,1.0,True,Y
157,sham,222,267,True,1.0,01010101,85,1.0,0.5,0.5,0.49991164124384185,0.87939453125,0.994873046875,0.123779296875,0.5,False,0.5,0.5,0.507543452365355,0.9931640625,0.99462890625,0.237548828125,0.5,False,1.0,1.0,0.990928654474887,1.0,0.99560546875,0.244384765625,1.0,True,Y
157,sham,304,349,True,1.0,01010101,85,1.0,0.5,0.5,0.49994712792945434,0.88623046875,0.9951171875,0.132080078125,0.5,False,0.5,0.5,0.5027217003371878,0.992919921875,0.994873046875,0.23876953125,0.5,False,1.0,1.0,0.9967349784437813,1.0,0.998779296875,0.245849609375,1.0,True,Y
157,sham,418,463,True,1.0,01010101,85,1.0,0.5,0.5,0.4999715938813895,0.888671875,0.995361328125,0.134765625,0.5,False,0.5,0.5,0.5011705311645838,0.9921875,0.99462890625,0.23828125,0.5,False,1.0,1.0,0.9986021104667071,1.0,0.999267578125,0.24609375,1.0,True,Y
157,sham,575,620,True,1.0,01010101,85,1.0,0.5,0.5,0.4999914520548887,0.8896484375,0.99560546875,0.137939453125,0.5,False,0.5,0.5,0.5005319303572037,0.99169921875,0.994873046875,0.239990234375,0.5,False,1.0,1.0,0.9993659457920703,1.0,1.0,0.248291015625,1.0,True,Y
157,sham,790,835,True,1.0,01010101,85,1.0,0.5,0.5,0.4999961951955798,0.89013671875,0.996337890625,0.144287109375,0.5,False,0.5,0.5,0.5002499842060083,0.99169921875,0.994384765625,0.245849609375,0.5,False,1.0,1.0,0.9997019971096923,1.0,1.0,0.254150390625,1.0,True,Y
157,sham,1024,1069,True,1.0,01010101,85,1.0,0.5,0.5,0.49999823914226577,0.893310546875,0.99609375,0.148681640625,0.5,False,0.5,0.5,0.5001379488469175,0.991943359375,0.994140625,0.247314453125,0.5,False,1.0,1.0,0.9998356432159745,1.0,1.0,0.25537109375,1.0,True,Y
163,independent_carry,0,45,True,0.50244140625,00001111,15,0.99658203125,0.99658203125,0.9967041015625,0.8816140963133616,1.0,1.0,0.3798828125,0.99664306640625,True,0.50341796875,0.50335693359375,0.546222805594834,0.955078125,0.890380859375,0.3349609375,0.503387451171875,False,0.50244140625,0.5018310546875,0.5026342390058015,0.53125,0.53955078125,-0.0888671875,0.50213623046875,False,P
163,independent_carry,1,46,True,0.502685546875,00001111,15,0.996337890625,0.996337890625,0.9959716796875,0.8720497960217399,1.0,1.0,0.38134765625,0.99615478515625,True,0.503662109375,0.50421142578125,0.5504561145074144,0.96484375,0.899658203125,0.34619140625,0.503936767578125,False,0.502685546875,0.5022786458333334,0.5027846827134824,0.533203125,0.54052734375,-0.08544921875,0.5024820963541667,False,P
163,independent_carry,2,47,True,0.50341796875,00001111,15,0.9951171875,0.9951171875,0.9947509765625,0.8588940600330247,1.0,1.0,0.37841796875,0.99493408203125,True,0.5048828125,0.50543212890625,0.555728391456229,0.970458984375,0.9072265625,0.348876953125,0.505157470703125,False,0.50341796875,0.5027669270833334,0.5030014967288239,0.53564453125,0.54296875,-0.0859375,0.5030924479166667,False,P
163,independent_carry,3,48,True,0.50390625,00001111,15,0.994140625,0.994140625,0.9940185546875,0.8426714270360244,1.0,1.0,0.3740234375,0.99407958984375,True,0.505859375,0.5062255859375,0.5618335968534914,0.978271484375,0.915283203125,0.352294921875,0.50604248046875,False,0.50390625,0.5029296875,0.5032661644054149,0.53662109375,0.546875,-0.08935546875,0.50341796875,False,P
163,independent_carry,4,49,True,0.503173828125,00001111,15,0.994873046875,0.994873046875,0.994873046875,0.82408906800627,1.0,1.0,0.37060546875,0.994873046875,True,0.505126953125,0.505615234375,0.5685370150646372,0.98388671875,0.923095703125,0.3544921875,0.50537109375,False,0.503173828125,0.5028889973958334,0.503561523172045,0.535888671875,0.550537109375,-0.093505859375,0.5030314127604167,False,P
163,independent_carry,5,50,True,0.50439453125,00001111,15,0.99365234375,0.99365234375,0.9940185546875,0.8009066034417818,1.0,1.0,0.370361328125,0.99383544921875,True,0.50634765625,0.5068359375,0.5758777947081573,0.987060546875,0.931396484375,0.357421875,0.506591796875,False,0.50439453125,0.5039876302083334,0.5038661909495152,0.53515625,0.554443359375,-0.094482421875,0.5041910807291667,False,P
163,independent_carry,7,52,True,0.50537109375,00001111,15,0.97705078125,0.97705078125,0.978515625,0.7504106804394017,1.0,1.0,0.359619140625,0.977783203125,True,0.52294921875,0.5235595703125,0.5897162536061404,0.99169921875,0.9541015625,0.351318359375,0.52325439453125,False,0.50537109375,0.5050048828125,0.5043808468401243,0.546875,0.559326171875,-0.093505859375,0.50518798828125,False,P
163,independent_carry,9,54,True,0.50537109375,00001111,15,0.9326171875,0.9326171875,0.9324951171875,0.7011955435385782,1.0,1.0,0.353515625,0.93255615234375,True,0.5673828125,0.567138671875,0.6013337290939815,0.9970703125,0.966796875,0.3505859375,0.5672607421875,False,0.50537109375,0.5043131510416666,0.5047576969695989,0.550537109375,0.565673828125,-0.095947265625,0.5048421223958333,False,P
163,independent_carry,13,58,True,0.51123046875,00000011,3,0.76904296875,0.76025390625,0.7542724609375,0.6225137452739273,0.99951171875,1.0,0.350341796875,0.75726318359375,False,0.7392578125,0.7421875,0.6203220209061139,1.0,0.9912109375,0.350830078125,0.74072265625,False,0.51123046875,0.5109456380208334,0.5052819768077882,0.562255859375,0.573486328125,-0.0869140625,0.5110880533854167,False,mixed_or_none
163,independent_carry,17,62,True,0.512939453125,00110011,51,0.903564453125,0.595947265625,0.59130859375,0.5724791767223846,0.999267578125,1.0,0.350830078125,0.5936279296875,False,0.903564453125,0.90521240234375,0.642358350101396,1.0,0.998046875,0.3515625,0.904388427734375,True,0.512939453125,0.5137125651041666,0.5057323712268905,0.564208984375,0.582763671875,-0.084228515625,0.5133260091145833,False,Q
163,independent_carry,24,69,True,0.50146484375,00110011,51,0.998046875,0.501953125,0.5018310546875,0.5335032364979723,0.99755859375,0.999755859375,0.3447265625,0.50189208984375,False,0.998046875,0.9979248046875,0.7071777988774686,1.0,1.0,0.34716796875,0.99798583984375,True,0.50146484375,0.5014241536458334,0.5074667783291429,0.58837890625,0.600341796875,-0.064453125,0.5014444986979167,False,Q
163,independent_carry,33,78,True,0.5,00110011,51,1.0,0.5,0.5,0.5091014383685897,0.99755859375,0.99951171875,0.348388671875,0.5,False,1.0,1.0,0.8219827319811631,1.0,1.0,0.350830078125,1.0,True,0.5,0.5,0.509535824554795,0.617919921875,0.634765625,-0.03125,0.5,False,Q
163,independent_carry,45,90,True,0.5,00110011,51,1.0,0.5,0.5,0.5013455560702577,0.9970703125,1.0,0.33447265625,0.5,False,1.0,1.0,0.9075988987980222,1.0,1.0,0.33740234375,1.0,True,0.5,0.5,0.511698492127359,0.662353515625,0.669921875,-0.000244140625,0.5,False,Q
163,independent_carry,62,107,True,0.500244140625,00110011,51,0.999755859375,0.499755859375,0.4998779296875,0.4961670119112664,0.996826171875,1.0,0.353515625,0.49981689453125,False,0.999755859375,0.9998779296875,0.8851386278570292,1.0,1.0,0.356689453125,0.99981689453125,True,0.500244140625,0.500244140625,0.5217075357660579,0.727783203125,0.71630859375,0.08447265625,0.500244140625,False,Q
163,independent_carry,85,130,True,0.503173828125,00110011,51,0.996826171875,0.500244140625,0.5008544921875,0.5026019371241173,0.9970703125,1.0,0.347900390625,0.50054931640625,False,0.996826171875,0.99542236328125,0.8721694372572304,1.0,1.0,0.350830078125,0.996124267578125,True,0.503173828125,0.5048014322916666,0.5430402073276276,0.814697265625,0.774658203125,0.16552734375,0.5039876302083333,False,Q
163,independent_carry,117,162,True,0.56689453125,00110011,51,0.93310546875,0.50439453125,0.5015869140625,0.5031906816980546,0.9970703125,1.0,0.330322265625,0.50299072265625,False,0.93310546875,0.93359375,0.81806563957549,1.0,1.0,0.333251953125,0.933349609375,True,0.56689453125,0.568115234375,0.6138706818433368,0.962646484375,0.938232421875,0.2958984375,0.5675048828125,False,Q
163,independent_carry,128,173,True,0.647705078125,00110011,51,0.852294921875,0.505615234375,0.5042724609375,0.5020505962000916,0.99755859375,1.0,0.3291015625,0.50494384765625,False,0.852294921875,0.8497314453125,0.7808357345574595,1.0,1.0,0.33154296875,0.85101318359375,False,0.647705078125,0.649658203125,0.662575051702808,0.974365234375,0.971923828125,0.305908203125,0.648681640625,False,mixed_or_none
163,independent_carry,161,206,True,0.92724609375,01010101,85,0.92724609375,0.49853515625,0.497802734375,0.49762820175712136,0.997802734375,1.0,0.29052734375,0.4981689453125,False,0.57275390625,0.57122802734375,0.6338126317805588,1.0,1.0,0.292724609375,0.571990966796875,False,0.92724609375,0.9264729817708333,0.8468176236874407,0.99951171875,0.999755859375,0.292236328125,0.9268595377604166,True,Y
163,independent_carry,222,267,True,1.0,01010101,85,1.0,0.5,0.5,0.500102650618313,0.998046875,1.0,0.279296875,0.5,False,0.5,0.5,0.5140189086276723,0.9990234375,1.0,0.2802734375,0.5,False,1.0,1.0,0.9839976583531602,1.0,1.0,0.28125,1.0,True,Y
163,independent_carry,304,349,True,1.0,01010101,85,1.0,0.5,0.5,0.5000141691099841,0.99755859375,1.0,0.276123046875,0.5,False,0.5,0.5,0.5041345182898973,0.999267578125,1.0,0.27783203125,0.5,False,1.0,1.0,0.9952392114015549,1.0,1.0,0.278564453125,1.0,True,Y
163,independent_carry,418,463,True,1.0,01010101,85,1.0,0.5,0.5,0.5000029941446628,0.996826171875,1.0,0.272705078125,0.5,False,0.5,0.5,0.5017524205675274,0.99951171875,1.0,0.275390625,0.5,False,1.0,1.0,0.9979738738983324,1.0,1.0,0.27587890625,1.0,True,Y
163,independent_carry,575,620,True,1.0,01010101,85,1.0,0.5,0.5,0.500006418514313,0.9970703125,1.0,0.275634765625,0.5,False,0.5,0.5,0.5008337689217494,0.999755859375,1.0,0.2783203125,0.5,False,1.0,1.0,0.9990343435960232,1.0,1.0,0.278564453125,1.0,True,Y
163,independent_carry,790,835,True,1.0,01010101,85,1.0,0.5,0.5,0.5000044077000645,0.99658203125,1.0,0.277587890625,0.5,False,0.5,0.5,0.5004194343006273,0.999755859375,1.0,0.28076171875,0.5,False,1.0,1.0,0.999513739330254,1.0,1.0,0.281005859375,1.0,True,Y
163,independent_carry,1024,1069,True,1.0,01010101,85,1.0,0.5,0.5,0.50000341744814,0.99658203125,1.0,0.28125,0.5,False,0.5,0.5,0.5002397743015198,0.999755859375,1.0,0.284423828125,0.5,False,1.0,1.0,0.9997214022676209,1.0,1.0,0.28466796875,1.0,True,Y
163,independent_reset,0,45,True,0.50244140625,00001111,15,0.99658203125,0.99658203125,0.9967041015625,0.8816140963133616,1.0,1.0,0.3798828125,0.99664306640625,True,0.50341796875,0.50335693359375,0.546222805594834,0.955078125,0.890380859375,0.3349609375,0.503387451171875,False,0.50244140625,0.5018310546875,0.5026342390058015,0.53125,0.53955078125,-0.0888671875,0.50213623046875,False,P
163,independent_reset,1,46,True,0.501953125,00001111,15,0.994140625,0.994140625,0.9937744140625,0.86096917640016,1.0,1.0,0.3759765625,0.99395751953125,True,0.505859375,0.50592041015625,0.5519626790300785,0.96533203125,0.898193359375,0.34130859375,0.505889892578125,False,0.501953125,0.501953125,0.502805309784477,0.529052734375,0.542724609375,-0.094970703125,0.501953125,False,P
163,independent_reset,2,47,True,0.5029296875,00001111,15,0.9912109375,0.9912109375,0.9915771484375,0.8409954712758492,1.0,1.0,0.37109375,0.99139404296875,True,0.5087890625,0.5087890625,0.5573180644965645,0.96728515625,0.90625,0.33837890625,0.5087890625,False,0.5029296875,0.503173828125,0.5030877770622961,0.53369140625,0.54736328125,-0.09521484375,0.5030517578125,False,P
163,independent_reset,3,48,True,0.5029296875,00001111,15,0.98974609375,0.98974609375,0.98974609375,0.8207177243629367,1.0,1.0,0.3720703125,0.98974609375,True,0.51025390625,0.51031494140625,0.562502138315061,0.972900390625,0.914794921875,0.344970703125,0.510284423828125,False,0.5029296875,0.5032552083333334,0.5033726291371513,0.533203125,0.551513671875,-0.0947265625,0.5030924479166667,False,P
163,independent_reset,4,49,True,0.501953125,00001111,15,0.9921875,0.9921875,0.991943359375,0.8013142221400035,1.0,1.0,0.371337890625,0.9920654296875,True,0.5078125,0.5078125,0.5674719887107759,0.9794921875,0.921875,0.350830078125,0.5078125,False,0.501953125,0.5027669270833334,0.5036279716046943,0.53515625,0.5546875,-0.093505859375,0.5023600260416667,False,P
163,independent_reset,5,50,True,0.503662109375,00001111,15,0.989501953125,0.989501953125,0.9891357421875,0.779249616625331,1.0,1.0,0.368896484375,0.98931884765625,True,0.510498046875,0.5107421875,0.5723316047938547,0.98193359375,0.9267578125,0.350830078125,0.5106201171875,False,0.503662109375,0.5038655598958334,0.5038625951254462,0.53466796875,0.556396484375,-0.096435546875,0.5037638346354167,False,P
163,independent_reset,7,52,True,0.504150390625,00001111,15,0.974853515625,0.974853515625,0.975830078125,0.7369277116950314,1.0,1.0,0.365234375,0.975341796875,True,0.525146484375,0.5260009765625,0.5804772220249518,0.988525390625,0.94091796875,0.353759765625,0.52557373046875,False,0.504150390625,0.50341796875,0.5042721207594126,0.5478515625,0.5595703125,-0.0869140625,0.5037841796875,False,P
163,independent_reset,9,54,True,0.506103515625,00001111,15,0.946044921875,0.946044921875,0.9459228515625,0.6984288982486418,1.0,1.0,0.3623046875,0.94598388671875,True,0.553466796875,0.55340576171875,0.5870780196862259,0.99365234375,0.9541015625,0.35595703125,0.553436279296875,False,0.506103515625,0.5050455729166666,0.504567688623871,0.55078125,0.559326171875,-0.0869140625,0.5055745442708333,False,P
163,independent_reset,13,58,True,0.50830078125,00001111,15,0.84619140625,0.84619140625,0.841552734375,0.6372168790374366,0.999755859375,1.0,0.35693359375,0.8438720703125,False,0.65283203125,0.6527099609375,0.599113694753428,0.99853515625,0.975830078125,0.355712890625,0.65277099609375,False,0.50830078125,0.5068766276041666,0.5051004550222814,0.5625,0.570556640625,-0.080322265625,0.5075887044270833,False,mixed_or_none
163,independent_reset,17,62,True,0.517333984375,00111111,63,0.821533203125,0.704833984375,0.700439453125,0.5953499900266114,0.999267578125,1.0,0.355224609375,0.70263671875,False,0.794189453125,0.79437255859375,0.614165438756167,1.0,0.98974609375,0.35595703125,0.794281005859375,False,0.517333984375,0.5165201822916666,0.5056374764799412,0.56103515625,0.57568359375,-0.0830078125,0.5169270833333333,False,mixed_or_none
163,independent_reset,24,69,True,0.509765625,00110011,51,0.9609375,0.5390625,0.5364990234375,0.5592227222064106,0.9990234375,0.999755859375,0.35546875,0.53778076171875,False,0.9609375,0.95989990234375,0.6570834456010316,1.0,0.99853515625,0.3564453125,0.960418701171875,True,0.509765625,0.5094807942708334,0.507164034845195,0.570068359375,0.588623046875,-0.073486328125,0.5096232096354167,False,Q
163,independent_reset,33,78,True,0.500732421875,00110011,51,0.999267578125,0.500732421875,0.5009765625,0.5338932740524062,0.998779296875,1.0,0.36083984375,0.5008544921875,False,0.999267578125,0.99932861328125,0.7446398440776427,1.0,1.0,0.362060546875,0.999298095703125,True,0.500732421875,0.5008138020833334,0.5097395263817612,0.59912109375,0.609130859375,-0.038818359375,0.5007731119791667,False,Q
163,independent_reset,45,90,True,0.50048828125,00110011,51,0.99951171875,0.50048828125,0.500244140625,0.5143359966935357,0.998779296875,1.0,0.349365234375,0.5003662109375,False,0.99951171875,0.999755859375,0.864450333434189,1.0,1.0,0.3505859375,0.9996337890625,True,0.50048828125,0.5003255208333334,0.5123900329873129,0.63720703125,0.6494140625,-0.01220703125,0.5004069010416667,False,Q
163,independent_reset,62,107,True,0.5,00110011,51,1.0,0.5,0.5,0.4998142632392976,0.998779296875,1.0,0.34521484375,0.5,False,1.0,1.0,0.9009602410237546,1.0,1.0,0.346435546875,1.0,True,0.5,0.5,0.5159088174558223,0.682861328125,0.69287109375,0.029296875,0.5,False,Q
163,independent_reset,85,130,True,0.501708984375,00110011,51,0.998291015625,0.499267578125,0.5001220703125,0.5005753267645269,0.999267578125,1.0,0.324462890625,0.49969482421875,False,0.998291015625,0.99774169921875,0.8768912351352456,1.0,1.0,0.3251953125,0.998016357421875,True,0.501708984375,0.5020751953125,0.5342909145828286,0.750244140625,0.742919921875,0.075439453125,0.50189208984375,False,Q
163,independent_reset,117,162,True,0.524658203125,00110011,51,0.975341796875,0.500732421875,0.5008544921875,0.5039148253689041,0.999267578125,1.0,0.311279296875,0.50079345703125,False,0.975341796875,0.972900390625,0.8414976912163568,1.0,1.0,0.31201171875,0.97412109375,True,0.524658203125,0.5282796223958334,0.5821571956823584,0.919921875,0.91064453125,0.23193359375,0.5264689127604167,False,Q
163,independent_reset,128,173,True,0.572021484375,00110011,51,0.927978515625,0.500244140625,0.50341796875,0.50252761789205,0.9990234375,1.0,0.30810546875,0.5018310546875,False,0.927978515625,0.93035888671875,0.8148263843412709,1.0,1.0,0.30908203125,0.929168701171875,True,0.572021484375,0.5717366536458334,0.6185706470816679,0.963134765625,0.96826171875,0.272216796875,0.5718790690104167,False,Q
163,independent_reset,161,206,True,0.837646484375,01010101,85,0.837646484375,0.494873046875,0.4967041015625,0.49867583528756565,0.999267578125,1.0,0.3037109375,0.49578857421875,False,0.662353515625,0.66217041015625,0.6862055211756728,1.0,0.999755859375,0.304443359375,0.662261962890625,False,0.837646484375,0.8389485677083333,0.783948013957112,0.999267578125,0.99658203125,0.3037109375,0.8382975260416666,False,mixed_or_none
163,independent_reset,222,267,True,1.0,01010101,85,1.0,0.5,0.5,0.500197198125686,0.999267578125,1.0,0.283203125,0.5,False,0.5,0.5,0.5224337271570034,0.99951171875,0.999267578125,0.283447265625,0.5,False,1.0,1.0,0.9744091787459395,1.0,1.0,0.283935546875,1.0,True,Y
163,independent_reset,304,349,True,1.0,01010101,85,1.0,0.5,0.5,0.49993963353533677,0.9990234375,1.0,0.28662109375,0.5,False,0.5,0.5,0.505359421482225,0.99951171875,0.999755859375,0.287109375,0.5,False,1.0,1.0,0.9938108307580873,1.0,1.0,0.28759765625,1.0,True,Y
163,independent_reset,418,463,True,1.0,01010101,85,1.0,0.5,0.5,0.49997564975606484,0.99853515625,1.0,0.284912109375,0.5,False,0.5,0.5,0.5020377371536161,0.999267578125,1.0,0.28564453125,0.5,False,1.0,1.0,0.9976317346285326,1.0,1.0,0.286376953125,1.0,True,Y
163,independent_reset,575,620,True,1.0,01010101,85,1.0,0.5,0.5,0.4999987585273341,0.9990234375,1.0,0.28662109375,0.5,False,0.5,0.5,0.5008971269132393,0.999267578125,1.0,0.286865234375,0.5,False,1.0,1.0,0.9989519838185628,1.0,1.0,0.28759765625,1.0,True,Y
163,independent_reset,790,835,True,1.0,01010101,85,1.0,0.5,0.5,0.500001542591947,0.9990234375,1.0,0.284423828125,0.5,False,0.5,0.5,0.5004275079085938,0.998779296875,0.999755859375,0.2841796875,0.5,False,1.0,1.0,0.9994988471468476,1.0,1.0,0.285400390625,1.0,True,Y
163,independent_reset,1024,1069,True,1.0,01010101,85,1.0,0.5,0.5,0.5000014817757268,0.998779296875,1.0,0.283203125,0.5,False,0.5,0.5,0.5002409831616583,0.9990234375,0.999755859375,0.283447265625,0.5,False,1.0,1.0,0.9997170567671931,1.0,1.0,0.284423828125,1.0,True,Y
163,nested_carry,0,45,True,0.5,00001111,15,1.0,1.0,1.0,0.8785894516424589,1.0,1.0,0.38720703125,1.0,True,0.5,0.5,0.5162326824301328,0.755615234375,0.7421875,0.142822265625,0.5,False,0.5,0.5,0.5027617344193893,0.544189453125,0.55712890625,-0.068603515625,0.5,False,P
163,nested_carry,1,46,True,0.5,00001111,15,1.0,1.0,1.0,0.86819451586526,1.0,1.0,0.38232421875,1.0,True,0.5,0.50006103515625,0.5169572062918745,0.75927734375,0.7451171875,0.1416015625,0.500030517578125,False,0.5,0.5,0.5029801984073822,0.548828125,0.560546875,-0.06884765625,0.5,False,P
163,nested_carry,2,47,True,0.5,00001111,15,1.0,1.0,1.0,0.8534550285362345,1.0,1.0,0.379638671875,1.0,True,0.5,0.50018310546875,0.518061063056473,0.765625,0.74755859375,0.145263671875,0.500091552734375,False,0.5,0.5000406901041666,0.5032759792479119,0.552490234375,0.563720703125,-0.06787109375,0.5000203450520833,False,P
163,nested_carry,3,48,True,0.5,00001111,15,1.0,1.0,0.9998779296875,0.8352886060578122,1.0,1.0,0.37744140625,0.99993896484375,True,0.5,0.50018310546875,0.5193743162430793,0.76953125,0.7529296875,0.14697265625,0.500091552734375,False,0.5,0.5002034505208334,0.5036199287082448,0.55615234375,0.567626953125,-0.06640625,0.5001017252604167,False,P
163,nested_carry,4,49,True,0.5,00001111,15,1.0,1.0,0.99951171875,0.8146357818550046,1.0,1.0,0.379150390625,0.999755859375,True,0.5,0.50018310546875,0.5207655835076054,0.780517578125,0.756591796875,0.15966796875,0.500091552734375,False,0.5,0.500244140625,0.5039729118260391,0.564453125,0.5712890625,-0.056396484375,0.5001220703125,False,P
163,nested_carry,5,50,True,0.500244140625,00001111,15,0.999755859375,0.999755859375,0.9993896484375,0.7896821170232751,1.0,1.0,0.380859375,0.99957275390625,True,0.500244140625,0.5003662109375,0.5222398996528532,0.78955078125,0.76416015625,0.17041015625,0.50030517578125,False,0.500244140625,0.5003662109375,0.5043474310514103,0.56396484375,0.576904296875,-0.05517578125,0.50030517578125,False,P
163,nested_carry,7,52,True,0.501220703125,00001111,15,0.997802734375,0.997802734375,0.9974365234375,0.7328267626758477,1.0,1.0,0.375,0.99761962890625,True,0.502197265625,0.5020751953125,0.5246779605519103,0.81298828125,0.777587890625,0.18798828125,0.50213623046875,False,0.501220703125,0.5012613932291666,0.5050824387173997,0.567138671875,0.5888671875,-0.057861328125,0.5012410481770833,False,P
163,nested_carry,9,54,True,0.5048828125,00001111,15,0.9931640625,0.9931640625,0.9932861328125,0.6775293204361812,1.0,1.0,0.37646484375,0.99322509765625,True,0.50634765625,0.5059814453125,0.5258245066746,0.8330078125,0.7939453125,0.20947265625,0.50616455078125,False,0.5048828125,0.50390625,0.5056118367085066,0.57373046875,0.6015625,-0.0498046875,0.50439453125,False,P
163,nested_carry,13,58,True,0.515625,00001111,15,0.96630859375,0.96630859375,0.96337890625,0.5963390978608105,1.0,1.0,0.37109375,0.96484375,True,0.53125,0.53082275390625,0.5251455615529902,0.861328125,0.827880859375,0.232421875,0.531036376953125,False,0.515625,0.5133870442708334,0.5062321877581154,0.583984375,0.6240234375,-0.044921875,0.5145060221354167,False,P
163,nested_carry,17,62,True,0.5263671875,00001111,15,0.84033203125,0.84033203125,0.837890625,0.5545898788280339,0.999267578125,1.0,0.36279296875,0.839111328125,False,0.62109375,0.6160888671875,0.5246476498056015,0.890380859375,0.857666015625,0.25390625,0.61859130859375,False,0.5263671875,0.5290120442708334,0.5067380808416483,0.613525390625,0.640869140625,-0.02294921875,0.5276896158854167,False,mixed_or_none
163,nested_carry,24,69,True,0.551025390625,00111111,63,0.827880859375,0.693603515625,0.6907958984375,0.5300776868697038,0.99560546875,1.0,0.34619140625,0.69219970703125,False,0.708740234375,0.7005615234375,0.5324775119904774,0.9560546875,0.90869140625,0.306640625,0.70465087890625,False,0.551025390625,0.553955078125,0.5090760676975252,0.6630859375,0.669189453125,0.013671875,0.552490234375,False,mixed_or_none
163,nested_carry,33,78,True,0.564453125,00110011,51,0.849609375,0.58984375,0.58251953125,0.5240665523315309,0.99365234375,1.0,0.337158203125,0.586181640625,False,0.849609375,0.852783203125,0.5618160422551055,0.990966796875,0.9638671875,0.33447265625,0.8511962890625,False,0.564453125,0.56689453125,0.5151396711073092,0.70654296875,0.695068359375,0.050048828125,0.565673828125,False,mixed_or_none
163,nested_carry,45,90,True,0.5400390625,00110011,51,0.95751953125,0.5185546875,0.51806640625,0.5316935790838317,0.994384765625,1.0,0.315185546875,0.518310546875,False,0.95751953125,0.95635986328125,0.6612254891077511,1.0,0.9990234375,0.32080078125,0.956939697265625,True,0.5400390625,0.54150390625,0.5277565212376725,0.747314453125,0.72998046875,0.068115234375,0.540771484375,False,Q
163,nested_carry,62,107,True,0.500732421875,00110011,51,0.999267578125,0.500732421875,0.50048828125,0.5159673880406136,0.99365234375,1.0,0.282958984375,0.5006103515625,False,0.999267578125,0.9993896484375,0.86486641320354,1.0,1.0,0.289306640625,0.99932861328125,True,0.500732421875,0.500732421875,0.5323541019827481,0.797119140625,0.775634765625,0.08642578125,0.500732421875,False,Q
163,nested_carry,85,130,True,0.5087890625,00110011,51,0.9912109375,0.5029296875,0.501220703125,0.4988292240945103,0.998291015625,1.0,0.272216796875,0.5020751953125,False,0.9912109375,0.9913330078125,0.8680178070723121,1.0,1.0,0.27392578125,0.99127197265625,True,0.5087890625,0.5091552734375,0.5599949175498129,0.927490234375,0.91162109375,0.201416015625,0.50897216796875,False,Q
163,nested_carry,117,162,True,0.70947265625,00110011,51,0.79052734375,0.51953125,0.5125732421875,0.5071656057637707,0.995361328125,1.0,0.26513671875,0.51605224609375,False,0.79052734375,0.79180908203125,0.7506701697279075,1.0,1.0,0.269775390625,0.791168212890625,False,0.70947265625,0.70849609375,0.7011464695222703,0.996826171875,1.0,0.2666015625,0.708984375,False,mixed_or_none
163,nested_carry,128,173,True,0.873779296875,01010101,85,0.873779296875,0.503662109375,0.505126953125,0.5034225019601773,0.993408203125,1.0,0.26416015625,0.50439453125,False,0.626220703125,0.6248779296875,0.6773260018080962,1.0,1.0,0.270751953125,0.62554931640625,False,0.873779296875,0.8759358723958333,0.7906939845773151,1.0,1.0,0.270751953125,0.8748575846354166,False,mixed_or_none
163,nested_carry,161,206,True,1.0,01010101,85,1.0,0.5,0.5,0.4991116921359159,0.99609375,1.0,0.27587890625,0.5,False,0.5,0.5,0.5367754353247354,0.99853515625,0.999755859375,0.2783203125,0.5,False,1.0,1.0,0.9568561830392701,1.0,1.0,0.27978515625,1.0,True,Y
163,nested_carry,222,267,True,1.0,01010101,85,1.0,0.5,0.5,0.5000094246645685,0.99755859375,1.0,0.285400390625,0.5,False,0.5,0.5,0.5083946961809205,0.998291015625,0.999755859375,0.2861328125,0.5,False,1.0,1.0,0.9901962821233803,1.0,1.0,0.287841796875,1.0,True,Y
163,nested_carry,304,349,True,1.0,01010101,85,1.0,0.5,0.5,0.4999941594279534,0.99755859375,1.0,0.285888671875,0.5,False,0.5,0.5,0.5035205049827749,0.998046875,0.999755859375,0.286376953125,0.5,False,1.0,1.0,0.9958845845060171,1.0,1.0,0.288330078125,1.0,True,Y
163,nested_carry,418,463,True,1.0,01010101,85,1.0,0.5,0.5,0.49998714347083084,0.997802734375,1.0,0.28564453125,0.5,False,0.5,0.5,0.5016971225853216,0.997802734375,0.99951171875,0.28564453125,0.5,False,1.0,1.0,0.9980163897027716,1.0,1.0,0.287841796875,1.0,True,Y
163,nested_carry,575,620,True,1.0,01010101,85,1.0,0.5,0.5,0.4999991136146505,0.997802734375,1.0,0.28759765625,0.5,False,0.5,0.5,0.5008642169935309,0.998046875,0.999755859375,0.287841796875,0.5,False,1.0,1.0,0.9989914844289491,1.0,1.0,0.289794921875,1.0,True,Y
163,nested_carry,790,835,True,1.0,01010101,85,1.0,0.5,0.5,0.49999939069416877,0.998046875,1.0,0.2939453125,0.5,False,0.5,0.5,0.5004515275388519,0.997802734375,0.999755859375,0.293701171875,0.5,False,1.0,1.0,0.9994736635198749,1.0,1.0,0.2958984375,1.0,True,Y
163,nested_carry,1024,1069,True,1.0,01010101,85,1.0,0.5,0.5,0.49999990253714494,0.998046875,1.0,0.294189453125,0.5,False,0.5,0.5,0.5002669394450843,0.997802734375,0.999755859375,0.2939453125,0.5,False,1.0,1.0,0.9996890491650106,1.0,1.0,0.296142578125,1.0,True,Y
163,nested_reset,0,45,True,0.5,00001111,15,1.0,1.0,1.0,0.8785894516424589,1.0,1.0,0.38720703125,1.0,True,0.5,0.5,0.5162326824301328,0.755615234375,0.7421875,0.142822265625,0.5,False,0.5,0.5,0.5027617344193893,0.544189453125,0.55712890625,-0.068603515625,0.5,False,P
163,nested_reset,1,46,True,0.5,00001111,15,1.0,1.0,1.0,0.855301072737643,1.0,1.0,0.378662109375,1.0,True,0.5,0.50018310546875,0.5182767104398344,0.76611328125,0.751220703125,0.144775390625,0.500091552734375,False,0.5,0.5001220703125,0.5030414757691232,0.55029296875,0.558349609375,-0.071044921875,0.50006103515625,False,P
163,nested_reset,2,47,True,0.499755859375,00001111,15,0.999755859375,0.999755859375,0.99951171875,0.8324986024779576,1.0,1.0,0.378173828125,0.9996337890625,True,0.500244140625,0.50048828125,0.5201661806263934,0.778076171875,0.75927734375,0.15625,0.5003662109375,False,0.499755859375,0.5001220703125,0.5033962927307553,0.553466796875,0.5625,-0.068359375,0.49993896484375,False,P
163,nested_reset,3,48,True,0.500732421875,00001111,15,0.998779296875,0.998779296875,0.998291015625,0.8097153684196602,1.0,1.0,0.37060546875,0.99853515625,True,0.501220703125,0.50115966796875,0.5219163836097805,0.7880859375,0.767578125,0.15869140625,0.501190185546875,False,0.500732421875,0.5008544921875,0.503742546363699,0.554931640625,0.56591796875,-0.074462890625,0.50079345703125,False,P
163,nested_reset,4,49,True,0.501220703125,00001111,15,0.998291015625,0.998291015625,0.998046875,0.7880435737752263,1.0,1.0,0.372314453125,0.9981689453125,True,0.501708984375,0.50146484375,0.5235114092386656,0.799560546875,0.7724609375,0.171875,0.5015869140625,False,0.501220703125,0.5011393229166666,0.5040305999750462,0.55859375,0.569580078125,-0.069091796875,0.5011800130208333,False,P
163,nested_reset,5,50,True,0.501708984375,00001111,15,0.997802734375,0.997802734375,0.997802734375,0.7642386919007871,1.0,1.0,0.3740234375,0.997802734375,True,0.502197265625,0.5018310546875,0.5249807005712424,0.809814453125,0.780517578125,0.183837890625,0.50201416015625,False,0.501708984375,0.5013834635416666,0.5043155694106339,0.560546875,0.57373046875,-0.0654296875,0.5015462239583333,False,P
163,nested_reset,7,52,True,0.502685546875,00001111,15,0.994384765625,0.994384765625,0.9947509765625,0.7159253086226338,1.0,1.0,0.3671875,0.99456787109375,True,0.504638671875,0.504150390625,0.5271190398786412,0.837158203125,0.7958984375,0.204345703125,0.50439453125,False,0.502685546875,0.502685546875,0.5048605628734308,0.560791015625,0.580078125,-0.072021484375,0.502685546875,False,P
163,nested_reset,9,54,True,0.504638671875,00001111,15,0.989501953125,0.989501953125,0.98876953125,0.6723273523432303,1.0,1.0,0.364501953125,0.9891357421875,True,0.509033203125,0.508544921875,0.5282190383016112,0.85546875,0.808349609375,0.219970703125,0.5087890625,False,0.504638671875,0.5039876302083334,0.5052679342412508,0.56494140625,0.5859375,-0.070556640625,0.5043131510416667,False,P
163,nested_reset,13,58,True,0.511474609375,00001111,15,0.967041015625,0.967041015625,0.9671630859375,0.6070549423212203,1.0,1.0,0.367431640625,0.96710205078125,True,0.530517578125,0.52978515625,0.528659957840991,0.882080078125,0.836181640625,0.24951171875,0.5301513671875,False,0.511474609375,0.5098876953125,0.5058761047648094,0.57666015625,0.59716796875,-0.055908203125,0.51068115234375,False,P
163,nested_reset,17,62,True,0.521484375,00001111,15,0.869140625,0.869140625,0.867919921875,0.568894998222406,1.0,1.0,0.355712890625,0.8685302734375,False,0.611328125,0.60675048828125,0.5295765774527064,0.91015625,0.861328125,0.265869140625,0.609039306640625,False,0.521484375,0.5230712890625,0.5064337992396106,0.587158203125,0.613525390625,-0.05712890625,0.52227783203125,False,mixed_or_none
163,nested_reset,24,69,True,0.540283203125,00111111,63,0.854248046875,0.748291015625,0.743408203125,0.5432835419117014,0.998046875,1.0,0.339111328125,0.745849609375,False,0.705322265625,0.7010498046875,0.538666909458571,0.971435546875,0.908935546875,0.3125,0.70318603515625,False,0.540283203125,0.5417073567708334,0.5082961715826504,0.62158203125,0.634765625,-0.037353515625,0.5409952799479167,False,mixed_or_none
163,nested_reset,33,78,True,0.545654296875,00110011,51,0.863525390625,0.617919921875,0.6123046875,0.5359862131667372,0.998046875,1.0,0.333740234375,0.6151123046875,False,0.863525390625,0.86456298828125,0.5679783738308651,0.996337890625,0.9609375,0.33203125,0.864044189453125,False,0.545654296875,0.5481770833333334,0.5128255853081114,0.6669921875,0.669189453125,0.002685546875,0.5469156901041667,False,mixed_or_none
163,nested_reset,45,90,True,0.5302734375,00110011,51,0.96533203125,0.5302734375,0.5303955078125,0.543335406323215,0.99658203125,1.0,0.3203125,0.53033447265625,False,0.96533203125,0.962890625,0.6580135003107856,1.0,0.99755859375,0.32373046875,0.964111328125,True,0.5302734375,0.5320638020833334,0.5216884016127846,0.70947265625,0.700927734375,0.033203125,0.5311686197916667,False,Q
163,nested_reset,62,107,True,0.5,00110011,51,1.0,0.5,0.5,0.5211497233448371,0.998779296875,1.0,0.285400390625,0.5,False,1.0,0.99993896484375,0.848435371016227,1.0,1.0,0.28662109375,0.999969482421875,True,0.5,0.5000813802083334,0.5270139166471692,0.7626953125,0.760986328125,0.04931640625,0.5000406901041667,False,Q
163,nested_reset,85,130,True,0.500244140625,00110011,51,0.999755859375,0.500244140625,0.5,0.49674243701136217,0.999267578125,1.0,0.278076171875,0.5001220703125,False,0.999755859375,0.99969482421875,0.8861769843464391,1.0,1.0,0.27880859375,0.999725341796875,True,0.500244140625,0.5002034505208334,0.5413757188978422,0.867919921875,0.861083984375,0.146728515625,0.5002237955729167,False,Q
163,nested_reset,117,162,True,0.5693359375,00110011,51,0.9306640625,0.51611328125,0.5152587890625,0.5080094671934967,0.999755859375,1.0,0.2666015625,0.51568603515625,False,0.9306640625,0.92938232421875,0.802199801301128,1.0,1.0,0.266845703125,0.930023193359375,True,0.5693359375,0.5721028645833334,0.6345882710125891,0.99072265625,0.99365234375,0.257568359375,0.5707194010416667,False,Q
163,nested_reset,128,173,True,0.71337890625,01110111,119,0.8193359375,0.51025390625,0.5084228515625,0.5040037305724714,1.0,1.0,0.270751953125,0.50933837890625,False,0.78662109375,0.78363037109375,0.7526774695078998,1.0,1.0,0.270751953125,0.785125732421875,False,0.71337890625,0.7137044270833334,0.6976104950862996,0.999755859375,0.998779296875,0.2705078125,0.7135416666666667,False,mixed_or_none
163,nested_reset,161,206,True,0.99267578125,01010101,85,0.99267578125,0.49853515625,0.4996337890625,0.5012404181317666,1.0,1.0,0.2646484375,0.49908447265625,False,0.50732421875,0.50787353515625,0.5813770958316283,0.999267578125,1.0,0.263916015625,0.507598876953125,False,0.99267578125,0.9925537109375,0.9062868944792146,1.0,1.0,0.2646484375,0.99261474609375,True,Y
163,nested_reset,222,267,True,1.0,01010101,85,1.0,0.5,0.5,0.5004116585899633,1.0,1.0,0.286865234375,0.5,False,0.5,0.5,0.5107154317551212,0.9970703125,0.999755859375,0.283935546875,0.5,False,1.0,1.0,0.9876573082146298,1.0,1.0,0.286865234375,1.0,True,Y
163,nested_reset,304,349,True,1.0,01010101,85,1.0,0.5,0.5,0.5000909827385862,1.0,1.0,0.2890625,0.5,False,0.5,0.5,0.5035507933899068,0.99560546875,0.99951171875,0.28466796875,0.5,False,1.0,1.0,0.9958997250174786,1.0,1.0,0.2890625,1.0,True,Y
163,nested_reset,418,463,True,1.0,01010101,85,1.0,0.5,0.5,0.5000304963568263,1.0,1.0,0.2939453125,0.5,False,0.5,0.5,0.5015265617399872,0.994873046875,0.999267578125,0.288818359375,0.5,False,1.0,1.0,0.9982317639111802,1.0,1.0,0.2939453125,1.0,True,Y
163,nested_reset,575,620,True,1.0,01010101,85,1.0,0.5,0.5,0.5000167428718001,1.0,1.0,0.296142578125,0.5,False,0.5,0.5,0.500743927554318,0.99365234375,0.999267578125,0.289794921875,0.5,False,1.0,1.0,0.9991387389507016,1.0,1.0,0.296142578125,1.0,True,Y
163,nested_reset,790,835,True,1.0,01010101,85,1.0,0.5,0.5,0.5000091039987361,0.999755859375,1.0,0.29833984375,0.5,False,0.5,0.5,0.5003763247657604,0.992919921875,0.999267578125,0.29150390625,0.5,False,1.0,1.0,0.9995643205918607,1.0,1.0,0.298583984375,1.0,True,Y
163,nested_reset,1024,1069,True,1.0,01010101,85,1.0,0.5,0.5,0.5000054720884667,0.999755859375,1.0,0.2998046875,0.5,False,0.5,0.5,0.5002170338124592,0.99267578125,0.999267578125,0.292724609375,0.5,False,1.0,1.0,0.9997485353449636,1.0,1.0,0.300048828125,1.0,True,Y
163,scratch,0,45,True,0.519775390625,11111111,255,0.694091796875,0.488525390625,0.4888916015625,0.4990646555889901,0.962646484375,1.0,0.367919921875,0.48870849609375,False,0.492919921875,0.48980712890625,0.49875752020465614,0.681396484375,0.722900390625,0.086669921875,0.491363525390625,False,0.519775390625,0.518310546875,0.4999807499606345,0.527099609375,0.525634765625,-0.067626953125,0.51904296875,False,mixed_or_none
163,scratch,1,46,True,0.486083984375,00000000,0,0.666259765625,0.491455078125,0.4798583984375,0.4993761774879753,0.96435546875,1.0,0.3759765625,0.48565673828125,False,0.499755859375,0.4964599609375,0.49950164364589533,0.6826171875,0.72265625,0.09423828125,0.49810791015625,False,0.486083984375,0.4884847005208333,0.5000643725700938,0.5341796875,0.52685546875,-0.05419921875,0.48728434244791663,False,mixed_or_none
163,scratch,2,47,True,0.490966796875,00000000,0,0.783447265625,0.502197265625,0.4842529296875,0.4994305025777499,0.96044921875,1.0,0.36669921875,0.49322509765625,False,0.507080078125,0.5078125,0.5002605942097248,0.685302734375,0.72314453125,0.091552734375,0.5074462890625,False,0.490966796875,0.4919840494791667,0.5001991238562267,0.534423828125,0.528076171875,-0.059326171875,0.49147542317708337,False,mixed_or_none
163,scratch,3,48,True,0.49609375,00000000,0,0.75,0.50634765625,0.4932861328125,0.5001796946422895,0.962646484375,1.0,0.364501953125,0.49981689453125,False,0.52001953125,0.51953125,0.5010892835010284,0.687744140625,0.72314453125,0.089599609375,0.519775390625,False,0.49609375,0.4969075520833333,0.5003663804729914,0.52294921875,0.526123046875,-0.0751953125,0.49650065104166663,False,mixed_or_none
163,scratch,4,49,True,0.493408203125,00000000,0,0.571533203125,0.510498046875,0.5048828125,0.5006413033920538,0.960693359375,1.0,0.362060546875,0.5076904296875,False,0.537353515625,0.53271484375,0.5018875014355675,0.695556640625,0.722900390625,0.096923828125,0.5350341796875,False,0.493408203125,0.4989013671875,0.5005249030295481,0.5341796875,0.5263671875,-0.064453125,0.49615478515625,False,mixed_or_none
163,scratch,5,50,True,0.49365234375,00111111,63,0.55615234375,0.5107421875,0.5059814453125,0.5005724029991152,0.962890625,1.0,0.36328125,0.50836181640625,False,0.5517578125,0.54345703125,0.5027734998573331,0.7138671875,0.724853515625,0.1142578125,0.547607421875,False,0.49365234375,0.4993082682291667,0.5006742696747392,0.534423828125,0.529296875,-0.065185546875,0.49648030598958337,False,mixed_or_none
163,scratch,7,52,True,0.49658203125,00000000,0,0.59814453125,0.501953125,0.501708984375,0.5005395133403293,0.96484375,1.0,0.36376953125,0.5018310546875,False,0.56298828125,0.5604248046875,0.5044181495440299,0.747802734375,0.731689453125,0.146728515625,0.56170654296875,False,0.49658203125,0.5018717447916666,0.500917352517324,0.537353515625,0.52880859375,-0.063720703125,0.4992268880208333,False,mixed_or_none
163,scratch,9,54,True,0.50390625,00000000,0,0.72216796875,0.484375,0.484375,0.4999574605826386,0.966796875,1.0,0.362060546875,0.484375,False,0.56982421875,0.5699462890625,0.5062695359884601,0.787841796875,0.735595703125,0.18310546875,0.56988525390625,False,0.50390625,0.5061442057291666,0.5011413108399078,0.54150390625,0.527099609375,-0.063232421875,0.5050252278645833,False,mixed_or_none
163,scratch,13,58,True,0.5068359375,00000000,0,0.673828125,0.46630859375,0.468017578125,0.49753432775474665,0.972412109375,0.999755859375,0.371826171875,0.4671630859375,False,0.6064453125,0.60662841796875,0.5112822979267683,0.8701171875,0.762451171875,0.26953125,0.606536865234375,False,0.5068359375,0.5110270182291666,0.5016543945460678,0.5546875,0.52880859375,-0.0458984375,0.5089314778645833,False,mixed_or_none
163,scratch,17,62,True,0.500732421875,11110111,247,0.697998046875,0.464111328125,0.466552734375,0.49436205149692103,0.968994140625,1.0,0.363525390625,0.46533203125,False,0.651123046875,0.65423583984375,0.5186017164295779,0.94384765625,0.79345703125,0.33837890625,0.652679443359375,False,0.500732421875,0.50830078125,0.5020980376059153,0.55712890625,0.531494140625,-0.04833984375,0.5045166015625,False,mixed_or_none
163,scratch,24,69,True,0.5087890625,00110011,51,0.80908203125,0.5283203125,0.52099609375,0.503026536228779,0.967529296875,1.0,0.31982421875,0.524658203125,False,0.80908203125,0.80462646484375,0.5419823517932527,0.994873046875,0.87060546875,0.34716796875,0.806854248046875,False,0.5087890625,0.5181477864583334,0.5034821257727725,0.593505859375,0.531494140625,-0.05419921875,0.5134684244791667,False,mixed_or_none
163,scratch,33,78,True,0.498046875,00110011,51,0.97705078125,0.50341796875,0.5035400390625,0.5053379467223525,0.970947265625,1.0,0.326416015625,0.50347900390625,False,0.97705078125,0.97613525390625,0.6129455359189914,1.0,0.969970703125,0.35546875,0.976593017578125,True,0.498046875,0.5021565755208334,0.5056873591081377,0.6435546875,0.547119140625,-0.0009765625,0.5001017252604167,False,Q
163,scratch,45,90,True,0.5,00110011,51,1.0,0.5,0.5,0.5081851470923051,0.975341796875,0.999755859375,0.31640625,0.5,False,1.0,0.99993896484375,0.8044659775492067,1.0,0.999755859375,0.341064453125,0.999969482421875,True,0.5,0.5,0.5080163563762276,0.67724609375,0.577392578125,0.018310546875,0.5,False,Q
163,scratch,62,107,True,0.5,00110011,51,1.0,0.5,0.5,0.4961806594601862,0.967041015625,0.999755859375,0.283447265625,0.5,False,1.0,1.0,0.907659941496128,1.0,1.0,0.31640625,1.0,True,0.5,0.5,0.5114355502678385,0.750732421875,0.690185546875,0.067138671875,0.5,False,Q
163,scratch,85,130,True,0.501220703125,00110011,51,0.998779296875,0.499755859375,0.5,0.502479998232341,0.941650390625,0.999755859375,0.22021484375,0.4998779296875,False,0.998779296875,0.998779296875,0.8702205125081924,1.0,1.0,0.278564453125,0.998779296875,True,0.501220703125,0.5010172526041666,0.5417671293394857,0.8818359375,0.874267578125,0.160400390625,0.5011189778645833,False,Q
163,scratch,117,162,True,0.664794921875,00110011,51,0.835205078125,0.510498046875,0.5069580078125,0.5033482461841856,0.91748046875,0.999755859375,0.163818359375,0.50872802734375,False,0.835205078125,0.83544921875,0.7673523071159223,1.0,1.0,0.246337890625,0.8353271484375,False,0.664794921875,0.6654866536458334,0.672703080901318,0.99951171875,0.997314453125,0.245849609375,0.6651407877604167,False,mixed_or_none
163,scratch,128,173,True,0.798583984375,01010111,87,0.799560546875,0.508544921875,0.5081787109375,0.5027683678169829,0.900390625,0.999755859375,0.134765625,0.50836181640625,False,0.701416015625,0.7032470703125,0.7055916894145045,1.0,1.0,0.234375,0.70233154296875,False,0.798583984375,0.7967529296875,0.7557673477412246,1.0,1.0,0.234375,0.79766845703125,False,mixed_or_none
163,scratch,161,206,True,1.0,01010101,85,1.0,0.5,0.5,0.5002181910022857,0.89111328125,0.99951171875,0.135986328125,0.5,False,0.5,0.5,0.5368209662938667,0.999755859375,0.9990234375,0.24462890625,0.5,False,1.0,1.0,0.9568468290589485,1.0,1.0,0.244873046875,1.0,True,Y
163,scratch,222,267,True,1.0,01010101,85,1.0,0.5,0.5,0.5000360514690174,0.89306640625,0.997802734375,0.15234375,0.5,False,0.5,0.5,0.5075349337208166,0.996826171875,0.99755859375,0.256103515625,0.5,False,1.0,1.0,0.9912646944295986,1.0,1.0,0.25927734375,1.0,True,Y
163,scratch,304,349,True,1.0,01010101,85,1.0,0.5,0.5,0.499973724328861,0.890625,0.997314453125,0.156982421875,0.5,False,0.5,0.5,0.5030713978482885,0.992919921875,0.9970703125,0.25927734375,0.5,False,1.0,1.0,0.9964266270685382,1.0,1.0,0.266357421875,1.0,True,Y
163,scratch,418,463,True,1.0,01010101,85,1.0,0.5,0.5,0.4999834077277511,0.891845703125,0.99658203125,0.166259765625,0.5,False,0.5,0.5,0.501447694808685,0.990478515625,0.99658203125,0.264892578125,0.5,False,1.0,1.0,0.9983105934083478,1.0,1.0,0.2744140625,1.0,True,Y
163,scratch,575,620,True,1.0,01010101,85,1.0,0.5,0.5,0.49999269367908145,0.894775390625,0.996337890625,0.169677734375,0.5,False,0.5,0.5,0.5007380876806631,0.98779296875,0.996337890625,0.2626953125,0.5,False,1.0,1.0,0.9991408538218449,1.0,1.0,0.27490234375,1.0,True,Y
163,scratch,790,835,True,1.0,01010101,85,1.0,0.5,0.5,0.4999968322803893,0.898681640625,0.996337890625,0.177001953125,0.5,False,0.5,0.5,0.5003852003180748,0.98779296875,0.99609375,0.26611328125,0.5,False,1.0,1.0,0.9995523890586886,1.0,1.0,0.2783203125,1.0,True,Y
163,scratch,1024,1069,True,1.0,01010101,85,1.0,0.5,0.5,0.4999978229738108,0.904052734375,0.99609375,0.180908203125,0.5,False,0.5,0.5,0.5002267207853495,0.985595703125,0.995361328125,0.262451171875,0.5,False,1.0,1.0,0.999736672386109,1.0,1.0,0.27685546875,1.0,True,Y
163,sham,0,45,True,0.49853515625,00000000,0,0.9130859375,0.46728515625,0.467041015625,0.4992761566020305,0.852783203125,0.999755859375,0.27734375,0.4671630859375,False,0.48974609375,0.49468994140625,0.49961553797377534,0.641845703125,0.719970703125,0.06640625,0.492218017578125,False,0.49853515625,0.4970296223958333,0.4999676585655187,0.54248046875,0.51904296875,-0.032958984375,0.49778238932291663,False,mixed_or_none
163,sham,1,46,True,0.502685546875,00000000,0,0.977294921875,0.492919921875,0.4915771484375,0.49903621271193616,0.857666015625,1.0,0.28173828125,0.49224853515625,False,0.502685546875,0.502197265625,0.49993450589042626,0.64453125,0.72265625,0.068603515625,0.50244140625,False,0.502685546875,0.5006917317708334,0.5000566732941708,0.535400390625,0.5205078125,-0.04052734375,0.5016886393229167,False,mixed_or_none
163,sham,2,47,True,0.50439453125,00000000,0,0.95947265625,0.48876953125,0.4874267578125,0.4985946733077855,0.857666015625,1.0,0.282470703125,0.48809814453125,False,0.505859375,0.50408935546875,0.5002924761995557,0.6416015625,0.718994140625,0.06640625,0.504974365234375,False,0.50439453125,0.5019938151041666,0.5001406397404874,0.535400390625,0.5234375,-0.039794921875,0.5031941731770833,False,mixed_or_none
163,sham,3,48,True,0.510009765625,00000000,0,0.877685546875,0.482666015625,0.474853515625,0.4986396887056812,0.85205078125,1.0,0.275146484375,0.478759765625,False,0.515869140625,0.51507568359375,0.5006739222330187,0.649169921875,0.719482421875,0.072265625,0.515472412109375,False,0.510009765625,0.5093994140625,0.5002114318545623,0.5390625,0.524169921875,-0.037841796875,0.50970458984375,False,mixed_or_none
163,sham,4,49,True,0.50048828125,00000000,0,0.68896484375,0.4580078125,0.4527587890625,0.49865174257332134,0.85400390625,1.0,0.27685546875,0.45538330078125,False,0.53564453125,0.53131103515625,0.5010583078354411,0.65673828125,0.72021484375,0.07958984375,0.533477783203125,False,0.50048828125,0.5095621744791666,0.5002749011418548,0.531494140625,0.522705078125,-0.045654296875,0.5050252278645833,False,mixed_or_none
163,sham,5,50,True,0.496337890625,00110000,48,0.573486328125,0.450439453125,0.442138671875,0.4983594877537721,0.855224609375,1.0,0.27880859375,0.4462890625,False,0.548583984375,0.5499267578125,0.5014985207135819,0.6748046875,0.72265625,0.098388671875,0.54925537109375,False,0.496337890625,0.50390625,0.5003375072898745,0.5322265625,0.524169921875,-0.044189453125,0.5001220703125,False,mixed_or_none
163,sham,7,52,True,0.498779296875,00110000,48,0.616943359375,0.448486328125,0.440673828125,0.49807485459342477,0.862548828125,1.0,0.29443359375,0.444580078125,False,0.562744140625,0.5638427734375,0.5023390533365866,0.712646484375,0.726806640625,0.14453125,0.56329345703125,False,0.498779296875,0.508056640625,0.5004909184449937,0.54296875,0.524169921875,-0.025146484375,0.50341796875,False,mixed_or_none
163,sham,9,54,True,0.504150390625,00000000,0,0.689697265625,0.453369140625,0.4444580078125,0.4976392631479424,0.87841796875,1.0,0.30908203125,0.44891357421875,False,0.568603515625,0.5704345703125,0.5033127505018092,0.754150390625,0.73583984375,0.184814453125,0.56951904296875,False,0.504150390625,0.5111083984375,0.5006686452955685,0.551025390625,0.5224609375,-0.018310546875,0.50762939453125,False,mixed_or_none
163,sham,13,58,True,0.51123046875,00110000,48,0.66650390625,0.44189453125,0.4410400390625,0.4967723838113741,0.902587890625,1.0,0.326416015625,0.44146728515625,False,0.611328125,0.6103515625,0.5063675710528825,0.8359375,0.75537109375,0.259765625,0.61083984375,False,0.51123046875,0.5169270833333334,0.5010416839373881,0.568115234375,0.52294921875,-0.008056640625,0.5140787760416667,False,mixed_or_none
163,sham,17,62,True,0.511474609375,11110111,247,0.685791015625,0.461181640625,0.4598388671875,0.49573737304117466,0.903076171875,1.0,0.311279296875,0.46051025390625,False,0.653076171875,0.65643310546875,0.511573437611149,0.912353515625,0.7822265625,0.320556640625,0.654754638671875,False,0.511474609375,0.5157470703125,0.5014630503435897,0.5791015625,0.52490234375,-0.0126953125,0.51361083984375,False,mixed_or_none
163,sham,24,69,True,0.51611328125,00110111,55,0.7607421875,0.529296875,0.5189208984375,0.501538866485908,0.925048828125,0.999755859375,0.29931640625,0.52410888671875,False,0.7470703125,0.74566650390625,0.5305245854088337,0.9912109375,0.84765625,0.365478515625,0.746368408203125,False,0.51611328125,0.519287109375,0.50267317211831,0.61376953125,0.529296875,-0.011962890625,0.5177001953125,False,mixed_or_none
163,sham,33,78,True,0.510498046875,00110011,51,0.973388671875,0.505126953125,0.50634765625,0.5043920900068275,0.936767578125,0.999267578125,0.272705078125,0.5057373046875,False,0.973388671875,0.97174072265625,0.5963073350332618,1.0,0.94580078125,0.3359375,0.972564697265625,True,0.510498046875,0.5097249348958334,0.5049283847629944,0.6142578125,0.537841796875,-0.0498046875,0.5101114908854167,False,Q
163,sham,45,90,True,0.5,00110011,51,1.0,0.5,0.5,0.511053572492853,0.9501953125,0.999755859375,0.265380859375,0.5,False,1.0,0.99993896484375,0.7879076497936996,1.0,0.9990234375,0.315185546875,0.999969482421875,True,0.5,0.5,0.5065587187190774,0.6572265625,0.558349609375,-0.027587890625,0.5,False,Q
163,sham,62,107,True,0.5,00110011,51,1.0,0.5,0.5,0.49774871564356094,0.939208984375,1.0,0.27392578125,0.5,False,1.0,1.0,0.9018667162507982,1.0,1.0,0.334716796875,1.0,True,0.5,0.5,0.5126215630124175,0.773193359375,0.627685546875,0.10791015625,0.5,False,Q
163,sham,85,130,True,0.5,00110011,51,1.0,0.5,0.4998779296875,0.5020770262143373,0.9130859375,0.999755859375,0.208740234375,0.49993896484375,False,1.0,1.0,0.8741022104858089,1.0,0.999755859375,0.295654296875,1.0,True,0.5,0.5,0.5485678935468896,0.960205078125,0.805419921875,0.255859375,0.5,False,Q
163,sham,117,162,True,0.779296875,01010101,85,0.779296875,0.49951171875,0.5,0.5030775327520746,0.876708984375,0.99951171875,0.123779296875,0.499755859375,False,0.720703125,0.721923828125,0.7118447738533944,1.0,0.997314453125,0.2470703125,0.7213134765625,False,0.779296875,0.7796223958333333,0.751550629173837,1.0,0.958984375,0.2470703125,0.7794596354166666,False,mixed_or_none
163,sham,128,173,True,0.942138671875,01010101,85,0.942138671875,0.495361328125,0.4949951171875,0.5000901560843596,0.855712890625,0.998046875,0.094970703125,0.49517822265625,False,0.557861328125,0.55706787109375,0.6355456632049523,1.0,0.995849609375,0.2392578125,0.557464599609375,False,0.942138671875,0.943115234375,0.8443097747703403,1.0,0.987060546875,0.2392578125,0.942626953125,True,Y
163,sham,161,206,True,1.0,01010101,85,1.0,0.5,0.5,0.4996622085473825,0.865966796875,0.99755859375,0.110595703125,0.5,False,0.5,0.5,0.5229093254544479,1.0,0.986328125,0.24462890625,0.5,False,1.0,1.0,0.9736295382303,1.0,0.999755859375,0.24462890625,1.0,True,Y
163,sham,222,267,True,1.0,01010101,85,1.0,0.5,0.5,0.500015127356877,0.865478515625,0.996826171875,0.102783203125,0.5,False,0.5,0.5,0.5060102001714799,1.0,0.98486328125,0.2373046875,0.5,False,1.0,1.0,0.9931023790526605,1.0,1.0,0.2373046875,1.0,True,Y
163,sham,304,349,True,1.0,01010101,85,1.0,0.5,0.5,0.49999718619189026,0.861083984375,0.996337890625,0.09765625,0.5,False,0.5,0.5,0.5025416530742433,1.0,0.982421875,0.236572265625,0.5,False,1.0,1.0,0.9970711997872994,1.0,1.0,0.236572265625,1.0,True,Y
163,sham,418,463,True,1.0,01010101,85,1.0,0.5,0.5,0.499994003317919,0.865478515625,0.996337890625,0.10009765625,0.5,False,0.5,0.5,0.5012007687455026,1.0,0.98046875,0.234619140625,0.5,False,1.0,1.0,0.9986088895923684,1.0,1.0,0.234619140625,1.0,True,Y
163,sham,575,620,True,1.0,01010101,85,1.0,0.5,0.5,0.4999980174411194,0.865234375,0.996826171875,0.099609375,0.5,False,0.5,0.5,0.5006120720617749,1.0,0.97900390625,0.234375,0.5,False,1.0,1.0,0.9992926783969316,1.0,1.0,0.234375,1.0,True,Y
163,sham,790,835,True,1.0,01010101,85,1.0,0.5,0.5,0.49999884247253273,0.86572265625,0.996826171875,0.099365234375,0.5,False,0.5,0.5,0.5003153887317975,1.0,0.977783203125,0.233642578125,0.5,False,1.0,1.0,0.9996352808545779,1.0,1.0,0.233642578125,1.0,True,Y
163,sham,1024,1069,True,1.0,01010101,85,1.0,0.5,0.5,0.4999992770790228,0.866943359375,0.996826171875,0.100830078125,0.5,False,0.5,0.5,0.5001834667378406,1.0,0.977294921875,0.23388671875,0.5,False,1.0,1.0,0.9997874552249175,1.0,1.0,0.23388671875,1.0,True,Y
167,independent_carry,0,45,True,0.501708984375,00001111,15,0.990478515625,0.990478515625,0.990966796875,0.8526724227063264,1.0,1.0,0.419189453125,0.99072265625,True,0.509521484375,0.50830078125,0.5758312837146176,0.98681640625,0.934814453125,0.406005859375,0.5089111328125,False,0.501708984375,0.5010172526041666,0.5009148757293312,0.51416015625,0.51416015625,-0.066650390625,0.5013631184895833,False,P
167,independent_carry,1,46,True,0.50244140625,00001111,15,0.98583984375,0.98583984375,0.985595703125,0.8387857985654739,1.0,1.0,0.41650390625,0.9857177734375,True,0.51416015625,0.51416015625,0.583500165319112,0.989501953125,0.940673828125,0.406005859375,0.51416015625,False,0.50244140625,0.5012613932291666,0.5009726688663868,0.51708984375,0.513916015625,-0.06640625,0.5018513997395833,False,P
167,independent_carry,2,47,True,0.49951171875,00001111,15,0.97119140625,0.97119140625,0.973876953125,0.8195041860716321,1.0,1.0,0.415283203125,0.9725341796875,True,0.52880859375,0.526123046875,0.5931210238460563,0.992431640625,0.947509765625,0.40771484375,0.5274658203125,False,0.49951171875,0.5,0.5010178313199217,0.51953125,0.51416015625,-0.065185546875,0.499755859375,False,P
167,independent_carry,3,48,True,0.5029296875,00001111,15,0.95654296875,0.95654296875,0.9591064453125,0.7972188707713437,1.0,1.0,0.41015625,0.95782470703125,True,0.54345703125,0.5411376953125,0.6035457820691207,0.994873046875,0.95703125,0.405029296875,0.54229736328125,False,0.5029296875,0.5028076171875,0.5010442913812129,0.520751953125,0.51708984375,-0.069091796875,0.50286865234375,False,P
167,independent_carry,4,49,True,0.500244140625,00001111,15,0.935302734375,0.935302734375,0.936279296875,0.771657185103755,1.0,1.0,0.405517578125,0.935791015625,True,0.564697265625,0.564453125,0.6144738109574596,0.996826171875,0.964111328125,0.40234375,0.5645751953125,False,0.500244140625,0.5020345052083334,0.5010537628176797,0.5205078125,0.519287109375,-0.073974609375,0.5011393229166667,False,P
167,independent_carry,5,50,True,0.497314453125,00001111,15,0.912353515625,0.912353515625,0.9122314453125,0.746429112741557,1.0,1.0,0.403076171875,0.91229248046875,True,0.587646484375,0.58746337890625,0.6253780587295334,0.998291015625,0.969482421875,0.4013671875,0.587554931640625,False,0.497314453125,0.5008138020833334,0.5010684938750215,0.517578125,0.51953125,-0.079345703125,0.4990641276041667,False,P
167,independent_carry,7,52,True,0.49560546875,00000011,3,0.8505859375,0.84423828125,0.8416748046875,0.6950366444898199,1.0,1.0,0.3984375,0.84295654296875,False,0.65576171875,0.6551513671875,0.6466101577750252,0.9990234375,0.9833984375,0.3974609375,0.65545654296875,False,0.49560546875,0.501220703125,0.5010674725422709,0.522216796875,0.517333984375,-0.079345703125,0.4984130859375,False,mixed_or_none
167,independent_carry,9,54,True,0.499755859375,00110011,51,0.774658203125,0.725341796875,0.7216796875,0.6496181490684402,1.0,1.0,0.40087890625,0.7235107421875,False,0.774658203125,0.77978515625,0.6648750803344666,0.99951171875,0.993896484375,0.400390625,0.7772216796875,False,0.499755859375,0.5041910807291666,0.5010911783537626,0.531494140625,0.5205078125,-0.067626953125,0.5019734700520833,False,mixed_or_none
167,independent_carry,13,58,True,0.5,00110011,51,0.94677734375,0.55322265625,0.55224609375,0.5783807247377722,1.0,1.0,0.396484375,0.552734375,False,0.94677734375,0.9468994140625,0.6935506057578643,1.0,0.999267578125,0.396484375,0.94683837890625,True,0.5,0.5009765625,0.5011052097460648,0.53369140625,0.51171875,-0.06982421875,0.50048828125,False,Q
167,independent_carry,17,62,True,0.500244140625,00110011,51,0.999267578125,0.500732421875,0.50048828125,0.5297702883697384,1.0,1.0,0.384521484375,0.5006103515625,False,0.999267578125,0.99920654296875,0.7304880079936585,1.0,1.0,0.384521484375,0.999237060546875,True,0.500244140625,0.5001220703125,0.5009245189467301,0.535888671875,0.516845703125,-0.07958984375,0.50018310546875,False,Q
167,independent_carry,24,69,True,0.5,00110011,51,1.0,0.5,0.5,0.4961259664346459,0.999755859375,1.0,0.376708984375,0.5,False,1.0,1.0,0.8129220816725709,1.0,1.0,0.376953125,1.0,True,0.5,0.5,0.5009122942709101,0.53955078125,0.52294921875,-0.08349609375,0.5,False,Q
167,independent_carry,33,78,True,0.5,00110011,51,1.0,0.5,0.5,0.49014941630890907,0.997802734375,1.0,0.363525390625,0.5,False,1.0,1.0,0.8862199929664112,1.0,1.0,0.36572265625,1.0,True,0.5,0.5,0.5008519434500474,0.54345703125,0.5244140625,-0.0908203125,0.5,False,Q
167,independent_carry,45,90,True,0.5,00110011,51,1.0,0.5,0.5,0.49520381885937026,0.997314453125,1.0,0.35888671875,0.5,False,1.0,1.0,0.9188936346431009,1.0,1.0,0.361572265625,1.0,True,0.5,0.5,0.5008186265975973,0.54931640625,0.536865234375,-0.089111328125,0.5,False,Q
167,independent_carry,62,107,True,0.5,00110011,51,1.0,0.5,0.5,0.49975857357105835,0.994873046875,1.0,0.3515625,0.5,False,1.0,1.0,0.8909498806789974,1.0,1.0,0.356689453125,1.0,True,0.5,0.5,0.5017715292948445,0.567626953125,0.574462890625,-0.07568359375,0.5,False,Q
167,independent_carry,85,130,True,0.5,00110011,51,1.0,0.5,0.5,0.5013334267846172,0.991943359375,1.0,0.335205078125,0.5,False,1.0,1.0,0.9001451813378324,1.0,1.0,0.34326171875,1.0,True,0.5,0.5,0.5036790829708374,0.619384765625,0.63818359375,-0.037353515625,0.5,False,Q
167,independent_carry,117,162,True,0.5,00110011,51,1.0,0.5,0.5,0.5006804306214726,0.9873046875,1.0,0.330322265625,0.5,False,1.0,1.0,0.8917187089451094,1.0,1.0,0.343017578125,1.0,True,0.5,0.5,0.5112854512448736,0.75732421875,0.734375,0.100341796875,0.5,False,Q
167,independent_carry,128,173,True,0.500244140625,00110011,51,0.999755859375,0.500244140625,0.5001220703125,0.5018020896988988,0.9873046875,1.0,0.322021484375,0.50018310546875,False,0.999755859375,0.9998779296875,0.8878384415664842,1.0,1.0,0.334716796875,0.99981689453125,True,0.500244140625,0.5001220703125,0.5170228126764275,0.83056640625,0.75341796875,0.165283203125,0.50018310546875,False,Q
167,independent_carry,161,206,True,0.502685546875,00110011,51,0.997314453125,0.501708984375,0.5008544921875,0.49768979423641446,0.99072265625,1.0,0.30322265625,0.50128173828125,False,0.997314453125,0.99737548828125,0.8606067460622009,0.999755859375,1.0,0.312255859375,0.997344970703125,True,0.502685546875,0.5027669270833334,0.552064776992442,0.989990234375,0.818603515625,0.302490234375,0.5027262369791667,False,Q
167,independent_carry,222,267,True,0.996826171875,01010101,85,0.996826171875,0.501220703125,0.5001220703125,0.4989836195413094,0.984130859375,0.99951171875,0.24609375,0.50067138671875,False,0.503173828125,0.502197265625,0.5767963409747809,0.999755859375,1.0,0.26171875,0.502685546875,False,0.996826171875,0.9976806640625,0.9118873342987759,1.0,1.0,0.261962890625,0.99725341796875,True,Y
167,independent_carry,304,349,True,1.0,01010101,85,1.0,0.5,0.5,0.4998591300153779,0.978759765625,1.0,0.240478515625,0.5,False,0.5,0.5,0.508510896101411,0.997802734375,1.0,0.259521484375,0.5,False,1.0,1.0,0.990351854259991,1.0,1.0,0.26171875,1.0,True,Y
167,independent_carry,418,463,True,1.0,01010101,85,1.0,0.5,0.5,0.49996711076672834,0.976806640625,1.0,0.238525390625,0.5,False,0.5,0.5,0.5030322011245782,0.997314453125,1.0,0.259033203125,0.5,False,1.0,1.0,0.9965627542616871,1.0,1.0,0.26171875,1.0,True,Y
167,independent_carry,575,620,True,1.0,01010101,85,1.0,0.5,0.5,0.4999892997062028,0.9755859375,1.0,0.238525390625,0.5,False,0.5,0.5,0.5013651357051544,0.9970703125,1.0,0.260009765625,0.5,False,1.0,1.0,0.9984561097456532,1.0,1.0,0.262939453125,1.0,True,Y
167,independent_carry,790,835,True,1.0,01010101,85,1.0,0.5,0.5,0.4999964075584864,0.975830078125,1.0,0.238525390625,0.5,False,0.5,0.5,0.5006656477671929,0.9970703125,0.999755859375,0.259765625,0.5,False,1.0,1.0,0.99924754839976,1.0,1.0,0.2626953125,1.0,True,Y
167,independent_carry,1024,1069,True,1.0,01010101,85,1.0,0.5,0.5,0.49999748174462094,0.976806640625,1.0,0.238525390625,0.5,False,0.5,0.5,0.5003797595330136,0.996826171875,0.999755859375,0.258544921875,0.5,False,1.0,1.0,0.9995709398147075,1.0,1.0,0.26171875,1.0,True,Y
167,independent_reset,0,45,True,0.501708984375,00001111,15,0.990478515625,0.990478515625,0.990966796875,0.8526724227063264,1.0,1.0,0.419189453125,0.99072265625,True,0.509521484375,0.50830078125,0.5758312837146176,0.98681640625,0.934814453125,0.406005859375,0.5089111328125,False,0.501708984375,0.5010172526041666,0.5009148757293312,0.51416015625,0.51416015625,-0.066650390625,0.5013631184895833,False,P
167,independent_reset,1,46,True,0.501708984375,00001111,15,0.974365234375,0.974365234375,0.9761962890625,0.8273883294241902,1.0,1.0,0.412353515625,0.97528076171875,True,0.525634765625,0.5238037109375,0.5858850650077159,0.989013671875,0.939453125,0.4013671875,0.52471923828125,False,0.501708984375,0.5008138020833334,0.5009667884605694,0.515869140625,0.511962890625,-0.07177734375,0.5012613932291667,False,P
167,independent_reset,2,47,True,0.50048828125,00001111,15,0.9560546875,0.9560546875,0.9569091796875,0.8009379820684032,1.0,1.0,0.41650390625,0.95648193359375,True,0.5439453125,0.5428466796875,0.5952747584374021,0.991943359375,0.947021484375,0.408447265625,0.54339599609375,False,0.50048828125,0.5008138020833334,0.5009809026898727,0.5205078125,0.511962890625,-0.06298828125,0.5006510416666667,False,P
167,independent_reset,3,48,True,0.499267578125,00001111,15,0.942138671875,0.942138671875,0.9405517578125,0.7768509478415245,1.0,1.0,0.412353515625,0.94134521484375,True,0.557861328125,0.5577392578125,0.6032980916924193,0.994384765625,0.9560546875,0.40673828125,0.55780029296875,False,0.499267578125,0.5003662109375,0.5009889383508286,0.516845703125,0.51171875,-0.07080078125,0.49981689453125,False,P
167,independent_reset,4,49,True,0.50439453125,00001111,15,0.923828125,0.923828125,0.9232177734375,0.7526258671647745,1.0,1.0,0.40771484375,0.92352294921875,True,0.576171875,0.576904296875,0.6107047364195037,0.995361328125,0.96044921875,0.403076171875,0.5765380859375,False,0.50439453125,0.5049641927083334,0.5009880678305182,0.518310546875,0.513916015625,-0.073974609375,0.5046793619791667,False,P
167,independent_reset,5,50,True,0.500244140625,00001111,15,0.910400390625,0.910400390625,0.91015625,0.7313679022692385,1.0,1.0,0.404541015625,0.9102783203125,True,0.589599609375,0.58966064453125,0.6178482067749295,0.996826171875,0.964599609375,0.4013671875,0.589630126953125,False,0.500244140625,0.5032958984375,0.5010105361319441,0.519287109375,0.51220703125,-0.076171875,0.50177001953125,False,P
167,independent_reset,7,52,True,0.496826171875,00001111,15,0.865478515625,0.865478515625,0.8634033203125,0.6901027988074848,0.99951171875,1.0,0.3984375,0.86444091796875,False,0.634521484375,0.63409423828125,0.6309729368520687,0.998046875,0.9755859375,0.39697265625,0.634307861328125,False,0.496826171875,0.5016276041666666,0.5010443328148277,0.52978515625,0.5107421875,-0.0712890625,0.4992268880208333,False,mixed_or_none
167,independent_reset,9,54,True,0.49560546875,00001111,15,0.77587890625,0.77587890625,0.77392578125,0.6547068270980775,1.0,1.0,0.3994140625,0.77490234375,False,0.72412109375,0.7264404296875,0.6421754489061148,0.9990234375,0.98486328125,0.3984375,0.72528076171875,False,0.49560546875,0.5001220703125,0.5010672086689035,0.528564453125,0.5126953125,-0.072021484375,0.49786376953125,False,mixed_or_none
167,independent_reset,13,58,True,0.50537109375,00110011,51,0.88134765625,0.61865234375,0.6158447265625,0.5977207770164001,0.999755859375,1.0,0.399658203125,0.61724853515625,False,0.88134765625,0.8853759765625,0.6633613322654804,1.0,0.994873046875,0.39990234375,0.88336181640625,False,0.50537109375,0.5034586588541666,0.5010444128312311,0.519775390625,0.513671875,-0.080322265625,0.5044148763020833,False,mixed_or_none
167,independent_reset,17,62,True,0.505126953125,00110011,51,0.978759765625,0.521240234375,0.5205078125,0.556332574622717,0.99951171875,1.0,0.395263671875,0.5208740234375,False,0.978759765625,0.97955322265625,0.6910555388824454,1.0,0.999267578125,0.395751953125,0.979156494140625,True,0.505126953125,0.5022379557291666,0.5009278935527719,0.52197265625,0.513671875,-0.082275390625,0.5036824544270833,False,Q
167,independent_reset,24,69,True,0.5,00110011,51,1.0,0.5,0.5001220703125,0.5221481330002185,0.9990234375,1.0,0.384033203125,0.50006103515625,False,1.0,0.99993896484375,0.7564200423779812,1.0,1.0,0.385009765625,0.999969482421875,True,0.5,0.5,0.5010321473158834,0.522216796875,0.51220703125,-0.0927734375,0.5,False,Q
167,independent_reset,33,78,True,0.5,00110011,51,1.0,0.5,0.5,0.5061235521408348,0.99951171875,1.0,0.373046875,0.5,False,1.0,1.0,0.8394624155712513,1.0,1.0,0.37353515625,1.0,True,0.5,0.5,0.501054132652682,0.53466796875,0.515380859375,-0.091796875,0.5,False,Q
167,independent_reset,45,90,True,0.5,00110011,51,1.0,0.5,0.5,0.5024335401954889,0.999267578125,1.0,0.37841796875,0.5,False,1.0,1.0,0.9075919578165907,1.0,1.0,0.379150390625,1.0,True,0.5,0.5,0.5009094393734985,0.537109375,0.5244140625,-0.083740234375,0.5,False,Q
167,independent_reset,62,107,True,0.5,00110011,51,1.0,0.5,0.5,0.5009391346627681,0.998291015625,1.0,0.367919921875,0.5,False,1.0,1.0,0.9017302924109729,1.0,1.0,0.36962890625,1.0,True,0.5,0.5,0.5014988418845431,0.54541015625,0.55322265625,-0.0849609375,0.5,False,Q
167,independent_reset,85,130,True,0.5,00110011,51,1.0,0.5,0.5,0.5003875306351737,0.99853515625,1.0,0.34326171875,0.5,False,1.0,1.0,0.8969094242930561,1.0,1.0,0.3447265625,1.0,True,0.5,0.5,0.5033889607042434,0.589599609375,0.62060546875,-0.065673828125,0.5,False,Q
167,independent_reset,117,162,True,0.5,00110011,51,1.0,0.5,0.5,0.5013162243846205,0.99755859375,1.0,0.32763671875,0.5,False,1.0,1.0,0.8923829843153264,1.0,1.0,0.330078125,1.0,True,0.5,0.5,0.5096086973073545,0.701416015625,0.71875,0.031494140625,0.5,False,Q
167,independent_reset,128,173,True,0.5,00110011,51,1.0,0.5,0.5,0.5021910874658208,0.99755859375,1.0,0.3154296875,0.5,False,1.0,1.0,0.8899081495640115,1.0,1.0,0.31787109375,1.0,True,0.5,0.5000406901041666,0.5141412693813274,0.76806640625,0.7490234375,0.0859375,0.5000203450520833,False,Q
167,independent_reset,161,206,True,0.50341796875,00110011,51,0.99658203125,0.50146484375,0.5006103515625,0.49812524885186704,0.99755859375,1.0,0.298095703125,0.50103759765625,False,0.99658203125,0.9970703125,0.8660556452892764,1.0,1.0,0.300537109375,0.996826171875,True,0.50341796875,0.5030517578125,0.542934373645766,0.94580078125,0.8349609375,0.246337890625,0.50323486328125,False,Q
167,independent_reset,222,267,True,0.9765625,01010101,85,0.9765625,0.5009765625,0.4996337890625,0.49901700396509024,0.9951171875,1.0,0.246826171875,0.50030517578125,False,0.5234375,0.52105712890625,0.6102892979268678,1.0,1.0,0.251708984375,0.522247314453125,False,0.9765625,0.9779866536458333,0.8734636088203083,1.0,0.999755859375,0.251708984375,0.9772745768229166,True,Y
167,independent_reset,304,349,True,1.0,01010101,85,1.0,0.5,0.5,0.4997931306646095,0.993896484375,1.0,0.262939453125,0.5,False,0.5,0.5,0.511007451496412,0.99853515625,1.0,0.267578125,0.5,False,1.0,1.0,0.9876108023859342,1.0,1.0,0.26904296875,1.0,True,Y
167,independent_reset,418,463,True,1.0,01010101,85,1.0,0.5,0.5,0.4999913969809633,0.995361328125,1.0,0.269287109375,0.5,False,0.5,0.5,0.5034692324508432,0.99853515625,1.0,0.2724609375,0.5,False,1.0,1.0,0.9960957246661508,1.0,1.0,0.27392578125,1.0,True,Y
167,independent_reset,575,620,True,1.0,01010101,85,1.0,0.5,0.5,0.5000083511765324,0.99560546875,1.0,0.27294921875,0.5,False,0.5,0.5,0.5014853258976668,0.99853515625,1.0,0.27587890625,0.5,False,1.0,1.0,0.9983326479190944,1.0,1.0,0.27734375,1.0,True,Y
167,independent_reset,790,835,True,1.0,01010101,85,1.0,0.5,0.5,0.5000079258601774,0.99560546875,1.0,0.279296875,0.5,False,0.5,0.5,0.500698450744242,0.998291015625,1.0,0.281982421875,0.5,False,1.0,1.0,0.9992161094910901,1.0,1.0,0.28369140625,1.0,True,Y
167,independent_reset,1024,1069,True,1.0,01010101,85,1.0,0.5,0.5,0.5000048541149378,0.99560546875,1.0,0.278564453125,0.5,False,0.5,0.5,0.5003900513807059,0.998291015625,1.0,0.28125,0.5,False,1.0,1.0,0.9995622166726876,1.0,1.0,0.282958984375,1.0,True,Y
167,nested_carry,0,45,True,0.5,00001111,15,1.0,1.0,1.0,0.8612408379242618,1.0,1.0,0.42041015625,1.0,True,0.5,0.5,0.5210241413464708,0.83740234375,0.789306640625,0.2578125,0.5,False,0.5,0.5,0.5011712950357338,0.525634765625,0.527099609375,-0.053955078125,0.5,False,P
167,nested_carry,1,46,True,0.5,00001111,15,1.0,1.0,1.0,0.8478494127655862,1.0,1.0,0.416259765625,1.0,True,0.5,0.50006103515625,0.5221047149372551,0.840087890625,0.79296875,0.25634765625,0.500030517578125,False,0.5,0.5,0.5012406231826658,0.52880859375,0.52734375,-0.054931640625,0.5,False,P
167,nested_carry,2,47,True,0.500244140625,00001111,15,0.999755859375,0.999755859375,0.9998779296875,0.82829260201387,1.0,1.0,0.4169921875,0.99981689453125,True,0.500244140625,0.50018310546875,0.5237851150250795,0.83935546875,0.796142578125,0.25634765625,0.500213623046875,False,0.500244140625,0.5001627604166666,0.5013082637192553,0.528564453125,0.528564453125,-0.054443359375,0.5002034505208333,False,P
167,nested_carry,3,48,True,0.499755859375,00001111,15,0.998779296875,0.998779296875,0.998779296875,0.8047136738152119,1.0,1.0,0.413330078125,0.998779296875,True,0.501220703125,0.50079345703125,0.5256536413326545,0.8447265625,0.799560546875,0.258056640625,0.501007080078125,False,0.499755859375,0.5,0.5013666507940246,0.53564453125,0.53076171875,-0.051025390625,0.4998779296875,False,P
167,nested_carry,4,49,True,0.500732421875,00001111,15,0.996337890625,0.996337890625,0.9970703125,0.7772371347119197,1.0,1.0,0.413330078125,0.9967041015625,True,0.503662109375,0.5030517578125,0.5275404093187259,0.85400390625,0.8046875,0.267333984375,0.50335693359375,False,0.500732421875,0.5004475911458334,0.5014166338571023,0.534423828125,0.531982421875,-0.05224609375,0.5005900065104167,False,P
167,nested_carry,5,50,True,0.502685546875,00001111,15,0.993408203125,0.993408203125,0.9937744140625,0.7491074399925551,1.0,1.0,0.408935546875,0.99359130859375,True,0.506591796875,0.50628662109375,0.5292693726630137,0.85888671875,0.81201171875,0.267822265625,0.506439208984375,False,0.502685546875,0.5013834635416666,0.5014595567233121,0.53759765625,0.531005859375,-0.053466796875,0.5020345052083333,False,P
167,nested_carry,7,52,True,0.503173828125,00001111,15,0.978271484375,0.978271484375,0.9775390625,0.6912906775693013,1.0,1.0,0.407470703125,0.9779052734375,True,0.521728515625,0.52032470703125,0.5320386467130221,0.87841796875,0.826904296875,0.285888671875,0.521026611328125,False,0.503173828125,0.5020751953125,0.5015162416222082,0.5400390625,0.53076171875,-0.052490234375,0.50262451171875,False,P
167,nested_carry,9,54,True,0.501220703125,00001111,15,0.965087890625,0.965087890625,0.964599609375,0.6416485757494937,1.0,1.0,0.400146484375,0.96484375,True,0.534912109375,0.53497314453125,0.533518820850535,0.901611328125,0.843994140625,0.3017578125,0.534942626953125,False,0.501220703125,0.5018717447916666,0.501547865315478,0.5400390625,0.533447265625,-0.059814453125,0.5015462239583333,False,P
167,nested_carry,13,58,True,0.498779296875,00001111,15,0.903076171875,0.903076171875,0.902099609375,0.5737179174424756,1.0,1.0,0.383544921875,0.902587890625,True,0.593994140625,0.5965576171875,0.5339319585359223,0.93359375,0.881103515625,0.317138671875,0.59527587890625,False,0.498779296875,0.5033365885416666,0.5016216088208376,0.552001953125,0.54052734375,-0.064453125,0.5010579427083333,False,P
167,nested_carry,17,62,True,0.50439453125,00111111,63,0.751953125,0.7451171875,0.7413330078125,0.5383890904663027,0.99853515625,1.0,0.379638671875,0.74322509765625,False,0.7216796875,0.72479248046875,0.5367053621767423,0.96337890625,0.912841796875,0.344482421875,0.723236083984375,False,0.50439453125,0.5079752604166666,0.5016360695528961,0.561767578125,0.5498046875,-0.05712890625,0.5061848958333333,False,mixed_or_none
167,nested_carry,24,69,True,0.509521484375,00110011,51,0.826904296875,0.582275390625,0.57958984375,0.5157384474436142,0.995849609375,1.0,0.37109375,0.5809326171875,False,0.826904296875,0.831298828125,0.5557059526680564,0.995849609375,0.9619140625,0.37109375,0.8291015625,False,0.509521484375,0.5087483723958334,0.5019420666259478,0.567138671875,0.55908203125,-0.0576171875,0.5091349283854167,False,mixed_or_none
167,nested_carry,33,78,True,0.5029296875,00110011,51,0.97021484375,0.52392578125,0.5238037109375,0.5137549601703585,0.994140625,1.0,0.355712890625,0.52386474609375,False,0.97021484375,0.969482421875,0.6130980034316094,1.0,0.994140625,0.361572265625,0.9698486328125,True,0.5029296875,0.50146484375,0.5027413550953572,0.57373046875,0.570556640625,-0.064697265625,0.502197265625,False,Q
167,nested_carry,45,90,True,0.500244140625,00110011,51,0.999755859375,0.500244140625,0.5006103515625,0.5211224623010807,0.99462890625,1.0,0.350341796875,0.50042724609375,False,0.999755859375,0.9998779296875,0.7593399559555309,1.0,1.0,0.355712890625,0.99981689453125,True,0.500244140625,0.5,0.5035396988708433,0.615478515625,0.58056640625,-0.02880859375,0.5001220703125,False,Q
167,nested_carry,62,107,True,0.5,00110011,51,1.0,0.5,0.5,0.5069710623410324,0.996337890625,1.0,0.337890625,0.5,False,1.0,1.0,0.9099221541830635,1.0,1.0,0.341552734375,1.0,True,0.5,0.5,0.5035401641944831,0.7109375,0.63037109375,0.052490234375,0.5,False,Q
167,nested_carry,85,130,True,0.5,00110011,51,1.0,0.5,0.5,0.4974478264937759,0.99658203125,1.0,0.325439453125,0.5,False,1.0,1.0,0.8970920564621144,1.0,1.0,0.328857421875,1.0,True,0.5,0.5,0.5112608646840805,0.812744140625,0.711181640625,0.1416015625,0.5,False,Q
167,nested_carry,117,162,True,0.501708984375,00110011,51,0.998291015625,0.501220703125,0.5009765625,0.5019436275433291,0.99365234375,1.0,0.295166015625,0.5010986328125,False,0.998291015625,0.998046875,0.8676017303925475,1.0,1.0,0.301513671875,0.9981689453125,True,0.501708984375,0.5019938151041666,0.5455406340386939,0.973876953125,0.78466796875,0.275390625,0.5018513997395833,False,Q
167,nested_carry,128,173,True,0.50830078125,00110011,51,0.99169921875,0.50390625,0.5025634765625,0.5021658163839512,0.99365234375,1.0,0.277099609375,0.50323486328125,False,0.99169921875,0.9910888671875,0.8474668243351331,1.0,1.0,0.283447265625,0.99139404296875,True,0.50830078125,0.5082194010416666,0.5766521017600933,0.996826171875,0.790283203125,0.2802734375,0.5082600911458333,False,Q
167,nested_carry,161,206,True,0.90576171875,01010101,85,0.90576171875,0.48779296875,0.48974609375,0.4956282212159566,0.990966796875,1.0,0.264404296875,0.48876953125,False,0.59423828125,0.5916748046875,0.6630083132803395,0.99951171875,1.0,0.27294921875,0.59295654296875,False,0.90576171875,0.9063313802083333,0.806772687649328,1.0,0.91455078125,0.2734375,0.9060465494791666,True,Y
167,nested_carry,222,267,True,1.0,01010101,85,1.0,0.5,0.5,0.5002148922646384,0.985107421875,1.0,0.254638671875,0.5,False,0.5,0.5,0.5174897685704557,0.998046875,1.0,0.267578125,0.5,False,1.0,1.0,0.9797840542764773,1.0,0.984375,0.26953125,1.0,True,Y
167,nested_carry,304,349,True,1.0,01010101,85,1.0,0.5,0.5,0.4998797189814514,0.984375,1.0,0.24609375,0.5,False,0.5,0.5,0.505540513009842,0.997802734375,1.0,0.259521484375,0.5,False,1.0,1.0,0.9935574799172944,1.0,0.990966796875,0.26171875,1.0,True,Y
167,nested_carry,418,463,True,1.0,01010101,85,1.0,0.5,0.5,0.4999923140649564,0.984130859375,1.0,0.236328125,0.5,False,0.5,0.5,0.5023622422144167,0.99853515625,1.0,0.250732421875,0.5,False,1.0,1.0,0.9972504785298468,1.0,0.994384765625,0.252197265625,1.0,True,Y
167,nested_carry,575,620,True,1.0,01010101,85,1.0,0.5,0.5,0.5000019270993391,0.984130859375,1.0,0.23193359375,0.5,False,0.5,0.5,0.5011347340891406,0.998779296875,1.0,0.24658203125,0.5,False,1.0,1.0,0.9986794068688096,1.0,0.995361328125,0.247802734375,1.0,True,Y
167,nested_carry,790,835,True,1.0,01010101,85,1.0,0.5,0.5,0.500001533687951,0.986328125,1.0,0.235107421875,0.5,False,0.5,0.5,0.5005691373572816,0.998779296875,1.0,0.24755859375,0.5,False,1.0,1.0,0.9993379137892124,1.0,0.996337890625,0.248779296875,1.0,True,Y
167,nested_carry,1024,1069,True,1.0,01010101,85,1.0,0.5,0.5,0.5000008154325198,0.9853515625,1.0,0.23486328125,0.5,False,0.5,0.5,0.5003250549287901,0.998779296875,1.0,0.248291015625,0.5,False,1.0,1.0,0.9996217520560551,1.0,0.997802734375,0.24951171875,1.0,True,Y
167,nested_reset,0,45,True,0.5,00001111,15,1.0,1.0,1.0,0.8612408379242618,1.0,1.0,0.42041015625,1.0,True,0.5,0.5,0.5210241413464708,0.83740234375,0.789306640625,0.2578125,0.5,False,0.5,0.5,0.5011712950357338,0.525634765625,0.527099609375,-0.053955078125,0.5,False,P
167,nested_reset,1,46,True,0.500244140625,00001111,15,0.999755859375,0.999755859375,0.9998779296875,0.8354185616490062,1.0,1.0,0.415283203125,0.99981689453125,True,0.500244140625,0.50018310546875,0.5238339006972618,0.84521484375,0.798095703125,0.260498046875,0.500213623046875,False,0.500244140625,0.5001627604166666,0.5012581399447479,0.525146484375,0.52587890625,-0.0595703125,0.5002034505208333,False,P
167,nested_reset,2,47,True,0.49951171875,00001111,15,0.9990234375,0.9990234375,0.999267578125,0.807933535625773,1.0,1.0,0.408447265625,0.9991455078125,True,0.5009765625,0.50079345703125,0.5265612215996948,0.8544921875,0.802001953125,0.262939453125,0.500885009765625,False,0.49951171875,0.4998372395833333,0.501310363028961,0.525390625,0.52734375,-0.066162109375,0.49967447916666663,False,P
167,nested_reset,3,48,True,0.499755859375,00001111,15,0.996826171875,0.996826171875,0.996826171875,0.7808695464984138,1.0,1.0,0.405029296875,0.996826171875,True,0.503173828125,0.5029296875,0.5288495319723806,0.863037109375,0.808837890625,0.26806640625,0.5030517578125,False,0.499755859375,0.4999593098958333,0.5013528404876155,0.532470703125,0.528564453125,-0.0625,0.49985758463541663,False,P
167,nested_reset,4,49,True,0.502685546875,00001111,15,0.990966796875,0.990966796875,0.99169921875,0.7533082313419946,1.0,1.0,0.402587890625,0.9913330078125,True,0.509033203125,0.5079345703125,0.530816961924883,0.874267578125,0.816650390625,0.27685546875,0.50848388671875,False,0.502685546875,0.5010579427083334,0.5013833819453337,0.53564453125,0.528564453125,-0.061767578125,0.5018717447916667,False,P
167,nested_reset,5,50,True,0.503173828125,00001111,15,0.986572265625,0.986572265625,0.9869384765625,0.7280402822711219,1.0,1.0,0.401123046875,0.98675537109375,True,0.513427734375,0.51239013671875,0.5324970717155512,0.88330078125,0.8212890625,0.284423828125,0.512908935546875,False,0.503173828125,0.5010579427083334,0.5014205771975547,0.539794921875,0.52783203125,-0.05908203125,0.5021158854166667,False,P
167,nested_reset,7,52,True,0.50341796875,00001111,15,0.97705078125,0.97705078125,0.975830078125,0.6803605465648572,1.0,1.0,0.40234375,0.9764404296875,True,0.52294921875,0.52337646484375,0.5351395607025369,0.897216796875,0.839111328125,0.299560546875,0.523162841796875,False,0.50341796875,0.5019938151041666,0.5014642819836936,0.542236328125,0.5263671875,-0.055419921875,0.5027058919270833,False,P
167,nested_reset,9,54,True,0.50244140625,00001111,15,0.966796875,0.966796875,0.9654541015625,0.6415973711444967,1.0,1.0,0.39111328125,0.96612548828125,True,0.533203125,0.5328369140625,0.5369180866497565,0.9140625,0.85595703125,0.30517578125,0.53302001953125,False,0.50244140625,0.5019938151041666,0.501523495985249,0.552978515625,0.528564453125,-0.055908203125,0.5022176106770833,False,P
167,nested_reset,13,58,True,0.500732421875,00001111,15,0.906494140625,0.906494140625,0.905517578125,0.586460331555964,1.0,1.0,0.384033203125,0.906005859375,True,0.592041015625,0.59063720703125,0.5395298374005203,0.942138671875,0.888916015625,0.326171875,0.591339111328125,False,0.500732421875,0.503173828125,0.5016373531585696,0.55517578125,0.527099609375,-0.060791015625,0.501953125,False,P
167,nested_reset,17,62,True,0.495849609375,00001111,15,0.792236328125,0.792236328125,0.79296875,0.553283389856274,0.999267578125,1.0,0.3837890625,0.7926025390625,False,0.696533203125,0.6956787109375,0.5444269121962652,0.970703125,0.916015625,0.355224609375,0.69610595703125,False,0.495849609375,0.5037841796875,0.501704494896359,0.546142578125,0.531982421875,-0.0693359375,0.49981689453125,False,mixed_or_none
167,nested_reset,24,69,True,0.509033203125,00110011,51,0.847412109375,0.620361328125,0.61669921875,0.5284448149641863,0.998046875,1.0,0.373779296875,0.6185302734375,False,0.847412109375,0.85076904296875,0.5650357561662598,0.99755859375,0.95703125,0.373291015625,0.849090576171875,False,0.509033203125,0.5085856119791666,0.5020288292430384,0.545654296875,0.537353515625,-0.07861328125,0.5088094075520833,False,mixed_or_none
167,nested_reset,33,78,True,0.504638671875,00110011,51,0.964111328125,0.534423828125,0.5330810546875,0.5249946437151145,0.9970703125,1.0,0.3623046875,0.53375244140625,False,0.964111328125,0.96337890625,0.6194907334388069,1.0,0.991455078125,0.365234375,0.9637451171875,True,0.504638671875,0.5026448567708334,0.5027299833599974,0.562744140625,0.537353515625,-0.072021484375,0.5036417643229167,False,Q
167,nested_reset,45,90,True,0.5009765625,00110011,51,0.9990234375,0.5009765625,0.5008544921875,0.5295079728003105,0.998291015625,1.0,0.3486328125,0.50091552734375,False,0.9990234375,0.999267578125,0.7521758467157701,1.0,1.0,0.350341796875,0.9991455078125,True,0.5009765625,0.50048828125,0.5033863516301922,0.58740234375,0.549560546875,-0.062255859375,0.500732421875,False,Q
167,nested_reset,62,107,True,0.5,00110011,51,1.0,0.5,0.5,0.5100396399820629,0.99853515625,1.0,0.32275390625,0.5,False,1.0,1.0,0.9019874265419081,1.0,1.0,0.32421875,1.0,True,0.5,0.5,0.5032833840175754,0.63330078125,0.58203125,-0.04248046875,0.5,False,Q
167,nested_reset,85,130,True,0.5,00110011,51,1.0,0.5,0.5,0.49642200817924625,0.997802734375,1.0,0.3046875,0.5,False,1.0,1.0,0.900229426862379,1.0,1.0,0.306884765625,1.0,True,0.5,0.5,0.509188877979081,0.766845703125,0.6669921875,0.07373046875,0.5,False,Q
167,nested_reset,117,162,True,0.5009765625,00110011,51,0.9990234375,0.50048828125,0.50048828125,0.5042117683427059,0.995361328125,1.0,0.2734375,0.50048828125,False,0.9990234375,0.99896240234375,0.8740438456351765,1.0,1.0,0.278076171875,0.998992919921875,True,0.5009765625,0.5008544921875,0.5360054518735858,0.93798828125,0.770263671875,0.216064453125,0.50091552734375,False,Q
167,nested_reset,128,173,True,0.50341796875,00110011,51,0.99658203125,0.501953125,0.501220703125,0.5039575664703003,0.996337890625,1.0,0.26416015625,0.5015869140625,False,0.99658203125,0.9957275390625,0.85953435427268,1.0,1.0,0.267822265625,0.99615478515625,True,0.50341796875,0.5039876302083334,0.5597514487825821,0.9814453125,0.8076171875,0.249267578125,0.5037027994791667,False,Q
167,nested_reset,161,206,True,0.805419921875,01110101,117,0.813232421875,0.478759765625,0.483642578125,0.493660832111839,0.993408203125,1.0,0.228759765625,0.481201171875,False,0.694580078125,0.6920166015625,0.7067520592819863,1.0,1.0,0.2353515625,0.69329833984375,False,0.805419921875,0.8042399088541667,0.7526860916768927,1.0,0.956298828125,0.2353515625,0.8048299153645834,False,mixed_or_none
167,nested_reset,222,267,True,1.0,01010101,85,1.0,0.5,0.5,0.5001694333702288,0.99072265625,1.0,0.218017578125,0.5,False,0.5,0.5,0.5201313976956158,0.999755859375,1.0,0.22705078125,0.5,False,1.0,1.0,0.9768403564022894,1.0,1.0,0.227294921875,1.0,True,Y
167,nested_reset,304,349,True,1.0,01010101,85,1.0,0.5,0.5,0.49998501011691154,0.98974609375,1.0,0.221435546875,0.5,False,0.5,0.5,0.5059312891273263,1.0,0.99951171875,0.231689453125,0.5,False,1.0,1.0,0.9931696651917648,1.0,1.0,0.231689453125,1.0,True,Y
167,nested_reset,418,463,True,1.0,01010101,85,1.0,0.5,0.5,0.5000043132218307,0.99169921875,1.0,0.227294921875,0.5,False,0.5,0.5,0.5024212964565182,0.99951171875,0.99951171875,0.235107421875,0.5,False,1.0,1.0,0.9972097525959751,1.0,1.0,0.235595703125,1.0,True,Y
167,nested_reset,575,620,True,1.0,01010101,85,1.0,0.5,0.5,0.5000102486286995,0.9931640625,1.0,0.234130859375,0.5,False,0.5,0.5,0.5011365354505258,0.99951171875,0.99951171875,0.240478515625,0.5,False,1.0,1.0,0.9986915208732146,1.0,1.0,0.240966796875,1.0,True,Y
167,nested_reset,790,835,True,1.0,01010101,85,1.0,0.5,0.5,0.500006357439937,0.99365234375,1.0,0.239990234375,0.5,False,0.5,0.5,0.5005614153309437,0.999267578125,0.99951171875,0.24560546875,0.5,False,1.0,1.0,0.9993533523744764,1.0,1.0,0.246337890625,1.0,True,Y
167,nested_reset,1024,1069,True,1.0,01010101,85,1.0,0.5,0.5,0.500002845099425,0.994384765625,1.0,0.244384765625,0.5,False,0.5,0.5,0.5003189593535954,0.9990234375,0.99951171875,0.2490234375,0.5,False,1.0,1.0,0.9996323809631671,1.0,1.0,0.25,1.0,True,Y
167,scratch,0,45,True,0.50146484375,00000000,0,0.927734375,0.5556640625,0.5557861328125,0.5057492492245046,0.958740234375,0.99755859375,0.386474609375,0.55572509765625,False,0.501953125,0.50042724609375,0.500977046177201,0.6865234375,0.750732421875,0.1142578125,0.501190185546875,False,0.50146484375,0.5026448567708334,0.5000042445892038,0.530517578125,0.51220703125,-0.041748046875,0.5020548502604167,False,mixed_or_none
167,scratch,1,46,True,0.499755859375,00000000,0,0.992431640625,0.507568359375,0.5091552734375,0.506582151609178,0.959228515625,0.997314453125,0.38720703125,0.50836181640625,False,0.499755859375,0.5010986328125,0.5019160725703731,0.69482421875,0.751708984375,0.122802734375,0.50042724609375,False,0.499755859375,0.4997965494791667,0.5000717583259005,0.52978515625,0.509033203125,-0.042236328125,0.49977620442708337,False,mixed_or_none
167,scratch,2,47,True,0.494873046875,00000000,0,0.950927734375,0.537353515625,0.54248046875,0.5069628003101546,0.959228515625,0.9970703125,0.382568359375,0.5399169921875,False,0.510986328125,0.51171875,0.5029294850065421,0.708251953125,0.755615234375,0.131591796875,0.5113525390625,False,0.494873046875,0.4977620442708333,0.5001462170834122,0.52685546875,0.50927734375,-0.0498046875,0.49631754557291663,False,mixed_or_none
167,scratch,3,48,True,0.5029296875,00000000,0,0.84716796875,0.58740234375,0.5858154296875,0.5075019404152309,0.959228515625,0.9970703125,0.376708984375,0.58660888671875,False,0.5400390625,0.5394287109375,0.5039753831021676,0.732666015625,0.76025390625,0.150146484375,0.53973388671875,False,0.5029296875,0.5040690104166666,0.5002430587179825,0.53466796875,0.507080078125,-0.0478515625,0.5034993489583333,False,mixed_or_none
167,scratch,4,49,True,0.503662109375,00000000,0,0.770263671875,0.601806640625,0.5986328125,0.5074525159382889,0.955810546875,0.996826171875,0.368408203125,0.6002197265625,False,0.551025390625,0.5577392578125,0.5050857692121996,0.76025390625,0.76611328125,0.1728515625,0.55438232421875,False,0.503662109375,0.5056559244791666,0.5003411079492,0.53466796875,0.509033203125,-0.052734375,0.5046590169270833,False,mixed_or_none
167,scratch,5,50,True,0.5068359375,00000011,3,0.64794921875,0.6162109375,0.619140625,0.5077490761829903,0.95556640625,0.997314453125,0.36474609375,0.61767578125,False,0.568359375,0.584228515625,0.5062244373014997,0.783203125,0.771240234375,0.1923828125,0.5762939453125,False,0.5068359375,0.5080973307291666,0.5004342002417184,0.541015625,0.509521484375,-0.0498046875,0.5074666341145833,False,mixed_or_none
167,scratch,7,52,True,0.513427734375,00111111,63,0.632080078125,0.590087890625,0.5894775390625,0.5070896033252317,0.951416015625,0.997314453125,0.361572265625,0.58978271484375,False,0.594970703125,0.60833740234375,0.5088455600076074,0.83349609375,0.779541015625,0.24365234375,0.601654052734375,False,0.513427734375,0.5129801432291666,0.5005937814166431,0.538330078125,0.509521484375,-0.051513671875,0.5132039388020833,False,mixed_or_none
167,scratch,9,54,True,0.501708984375,00111111,63,0.676025390625,0.569091796875,0.5687255859375,0.5074837537831598,0.95263671875,0.99755859375,0.3603515625,0.56890869140625,False,0.610107421875,0.621826171875,0.5120137209653586,0.874755859375,0.7890625,0.282470703125,0.615966796875,False,0.501708984375,0.5072428385416666,0.500746584527219,0.54150390625,0.509765625,-0.05078125,0.5044759114583333,False,mixed_or_none
167,scratch,13,58,True,0.509033203125,00110011,51,0.667724609375,0.560302734375,0.5667724609375,0.507603642507019,0.9521484375,0.99755859375,0.355712890625,0.56353759765625,False,0.667724609375,0.68231201171875,0.520831094352213,0.94189453125,0.813720703125,0.345458984375,0.675018310546875,False,0.509033203125,0.5130615234375,0.5010590916749864,0.54345703125,0.507568359375,-0.052978515625,0.51104736328125,False,mixed_or_none
167,scratch,17,62,True,0.5107421875,00000001,1,0.73681640625,0.52685546875,0.52587890625,0.5037457745929855,0.953369140625,0.998046875,0.34326171875,0.5263671875,False,0.685546875,0.689697265625,0.5337827955444513,0.986083984375,0.843505859375,0.3759765625,0.6876220703125,False,0.5107421875,0.5147705078125,0.5013819271797315,0.55029296875,0.50830078125,-0.059814453125,0.51275634765625,False,mixed_or_none
167,scratch,24,69,True,0.5126953125,00110011,51,0.8984375,0.4970703125,0.4976806640625,0.4975570894889154,0.9423828125,0.99853515625,0.30126953125,0.49737548828125,False,0.8984375,0.90081787109375,0.573689381694344,0.999755859375,0.89990234375,0.358642578125,0.899627685546875,False,0.5126953125,0.509521484375,0.5020544315025055,0.56298828125,0.509033203125,-0.078125,0.5111083984375,False,mixed_or_none
167,scratch,33,78,True,0.500732421875,00110011,51,0.999267578125,0.499755859375,0.4990234375,0.49637859628243386,0.9384765625,0.999267578125,0.273193359375,0.4993896484375,False,0.999267578125,0.99920654296875,0.6748089258982164,1.0,0.97265625,0.334716796875,0.999237060546875,True,0.500732421875,0.5004069010416666,0.5027708619000448,0.575439453125,0.51416015625,-0.08984375,0.5005696614583333,False,Q
167,scratch,45,90,True,0.5,00110011,51,1.0,0.5,0.5,0.5070796528015552,0.9423828125,0.998779296875,0.27978515625,0.5,False,1.0,1.0,0.8644159697612902,1.0,0.998291015625,0.33740234375,1.0,True,0.5,0.5,0.502698869172505,0.628662109375,0.527587890625,-0.033935546875,0.5,False,Q
167,scratch,62,107,True,0.5,00110011,51,1.0,0.5,0.5,0.5033639957433611,0.91845703125,0.9990234375,0.24560546875,0.5,False,1.0,1.0,0.9102271809941737,1.0,1.0,0.3271484375,1.0,True,0.5,0.5000406901041666,0.5044049127718745,0.696533203125,0.578369140625,0.023681640625,0.5000203450520833,False,Q
167,scratch,85,130,True,0.5,00110011,51,1.0,0.5,0.5,0.4970662712357124,0.889892578125,0.997802734375,0.198974609375,0.5,False,1.0,1.0,0.8872118396228461,1.0,1.0,0.30908203125,1.0,True,0.5,0.5,0.5163141228414425,0.855712890625,0.7451171875,0.164794921875,0.5,False,Q
167,scratch,117,162,True,0.529052734375,00110011,51,0.970947265625,0.504638671875,0.50341796875,0.5049259545327599,0.876708984375,0.995849609375,0.119140625,0.5040283203125,False,0.970947265625,0.97015380859375,0.8303613638930233,1.0,0.999755859375,0.242431640625,0.970550537109375,True,0.529052734375,0.5290934244791666,0.5947491352308085,0.970947265625,0.93798828125,0.21337890625,0.5290730794270833,False,Q
167,scratch,128,173,True,0.638671875,00110011,51,0.861328125,0.50244140625,0.505615234375,0.5037050295066512,0.87060546875,0.994873046875,0.103271484375,0.5040283203125,False,0.861328125,0.862548828125,0.7742077519528863,1.0,0.99951171875,0.232666015625,0.8619384765625,False,0.638671875,0.6376139322916666,0.667271145776661,0.995361328125,0.961181640625,0.22802734375,0.6381429036458333,False,mixed_or_none
167,scratch,161,206,True,0.9970703125,01010101,85,0.9970703125,0.4990234375,0.4991455078125,0.4988975474966872,0.87939453125,0.992431640625,0.096435546875,0.49908447265625,False,0.5029296875,0.50238037109375,0.5602686085523354,1.0,0.996826171875,0.217041015625,0.502655029296875,False,0.9970703125,0.9970703125,0.9299791913779645,1.0,1.0,0.217041015625,0.9970703125,True,Y
167,scratch,222,267,True,1.0,01010101,85,1.0,0.5,0.5,0.4999023846101192,0.87646484375,0.99169921875,0.099609375,0.5,False,0.5,0.5,0.5060210595840399,1.0,0.992919921875,0.22314453125,0.5,False,1.0,1.0,0.9928054447727648,1.0,1.0,0.22314453125,1.0,True,Y
167,scratch,304,349,True,1.0,01010101,85,1.0,0.5,0.5,0.49994462692866454,0.88232421875,0.990966796875,0.109375,0.5,False,0.5,0.5,0.5023661720187779,1.0,0.9931640625,0.22705078125,0.5,False,1.0,1.0,0.997174697435125,1.0,1.0,0.22705078125,1.0,True,Y
167,scratch,418,463,True,1.0,01010101,85,1.0,0.5,0.5,0.4999758715006673,0.879150390625,0.9912109375,0.106201171875,0.5,False,0.5,0.5,0.5011022100105387,1.0,0.992919921875,0.22705078125,0.5,False,1.0,1.0,0.9986865963751663,1.0,1.0,0.22705078125,1.0,True,Y
167,scratch,575,620,True,1.0,01010101,85,1.0,0.5,0.5,0.4999912385138135,0.880615234375,0.991455078125,0.10498046875,0.5,False,0.5,0.5,0.5005453179516235,1.0,0.992919921875,0.224365234375,0.5,False,1.0,1.0,0.9993492422024475,1.0,1.0,0.224365234375,1.0,True,Y
167,scratch,790,835,True,1.0,01010101,85,1.0,0.5,0.5,0.4999948431801634,0.879150390625,0.9912109375,0.105224609375,0.5,False,0.5,0.5,0.5002793033011326,1.0,0.9931640625,0.22607421875,0.5,False,1.0,1.0,0.9996665551700137,1.0,1.0,0.22607421875,1.0,True,Y
167,scratch,1024,1069,True,1.0,01010101,85,1.0,0.5,0.5,0.49999651562602576,0.87841796875,0.9912109375,0.10498046875,0.5,False,0.5,0.5,0.5001623154938808,1.0,0.992919921875,0.2265625,0.5,False,1.0,1.0,0.9998060694359323,1.0,1.0,0.2265625,1.0,True,Y
167,sham,0,45,True,0.507080078125,11111111,255,0.830322265625,0.477294921875,0.4759521484375,0.49824105123048956,0.87109375,0.99658203125,0.296142578125,0.47662353515625,False,0.469970703125,0.4698486328125,0.4996808560008858,0.638427734375,0.74560546875,0.0634765625,0.46990966796875,False,0.507080078125,0.5066324869791666,0.49994955928700413,0.54296875,0.499755859375,-0.031982421875,0.5068562825520833,False,mixed_or_none
167,sham,1,46,True,0.483642578125,00000000,0,0.634521484375,0.426513671875,0.432373046875,0.49861577077181735,0.86962890625,0.996337890625,0.297119140625,0.429443359375,False,0.521240234375,0.51885986328125,0.4999984711108194,0.642822265625,0.742919921875,0.0703125,0.520050048828125,False,0.483642578125,0.4859619140625,0.4999654878284131,0.54248046875,0.503173828125,-0.030029296875,0.48480224609375,False,mixed_or_none
167,sham,2,47,True,0.4970703125,00000000,0,0.83056640625,0.451171875,0.4495849609375,0.49905500509560446,0.86767578125,0.99609375,0.3017578125,0.45037841796875,False,0.52880859375,0.5257568359375,0.5004412438290974,0.65673828125,0.743408203125,0.0908203125,0.52728271484375,False,0.4970703125,0.49755859375,0.500005789961771,0.545654296875,0.505126953125,-0.020263671875,0.497314453125,False,mixed_or_none
167,sham,3,48,True,0.497802734375,00000000,0,0.896240234375,0.480712890625,0.477294921875,0.49957239605860404,0.86962890625,0.99609375,0.304931640625,0.47900390625,False,0.523193359375,0.52545166015625,0.500910400268625,0.6748046875,0.745361328125,0.110107421875,0.524322509765625,False,0.497802734375,0.4969075520833333,0.5000556481180549,0.543212890625,0.503173828125,-0.021484375,0.49735514322916663,False,mixed_or_none
167,sham,4,49,True,0.501220703125,00000000,0,0.946044921875,0.492431640625,0.4898681640625,0.4997931839438826,0.868408203125,0.996337890625,0.301025390625,0.49114990234375,False,0.517822265625,0.5211181640625,0.5014124777319359,0.691650390625,0.747802734375,0.124267578125,0.51947021484375,False,0.501220703125,0.501220703125,0.5001063675911885,0.539306640625,0.503662109375,-0.028076171875,0.501220703125,False,mixed_or_none
167,sham,5,50,True,0.501708984375,00000000,0,0.927490234375,0.493896484375,0.4935302734375,0.5000614131776201,0.865234375,0.996826171875,0.29833984375,0.49371337890625,False,0.524658203125,0.52874755859375,0.501968482942865,0.713623046875,0.74951171875,0.146728515625,0.526702880859375,False,0.501708984375,0.5013834635416666,0.5001626615832262,0.539306640625,0.504150390625,-0.027587890625,0.5015462239583333,False,mixed_or_none
167,sham,7,52,True,0.505126953125,00000000,0,0.883056640625,0.494873046875,0.4952392578125,0.5002214327082284,0.8681640625,0.997314453125,0.29638671875,0.49505615234375,False,0.551513671875,0.55755615234375,0.5032652864621667,0.752685546875,0.7587890625,0.180908203125,0.554534912109375,False,0.505126953125,0.5034993489583334,0.5002880312278967,0.544677734375,0.50830078125,-0.027099609375,0.5043131510416667,False,mixed_or_none
167,sham,9,54,True,0.5146484375,00000000,0,0.74560546875,0.515625,0.5169677734375,0.5008058845128818,0.86865234375,0.99755859375,0.28759765625,0.51629638671875,False,0.6005859375,0.60693359375,0.5048273733117926,0.799560546875,0.7666015625,0.218505859375,0.603759765625,False,0.5146484375,0.5153401692708334,0.5004235469492618,0.550048828125,0.50634765625,-0.031005859375,0.5149943033854167,False,mixed_or_none
167,sham,13,58,True,0.519287109375,00110011,51,0.651123046875,0.533447265625,0.5396728515625,0.5019283822494492,0.873779296875,0.9970703125,0.286865234375,0.53656005859375,False,0.651123046875,0.65826416015625,0.5094473034264565,0.890625,0.783935546875,0.3037109375,0.654693603515625,False,0.519287109375,0.52197265625,0.5007493046850231,0.5615234375,0.51220703125,-0.025390625,0.5206298828125,False,mixed_or_none
167,sham,17,62,True,0.51513671875,00000001,1,0.70849609375,0.51171875,0.52099609375,0.5012355900845767,0.8779296875,0.99658203125,0.276123046875,0.516357421875,False,0.70068359375,0.70440673828125,0.5178239584535377,0.962158203125,0.81396484375,0.3603515625,0.702545166015625,False,0.51513671875,0.5214436848958334,0.5011445382092452,0.567626953125,0.51123046875,-0.0341796875,0.5182902018229167,False,mixed_or_none
167,sham,24,69,True,0.51953125,00110011,51,0.86865234375,0.4912109375,0.4962158203125,0.4987312587506215,0.887451171875,0.9970703125,0.2587890625,0.49371337890625,False,0.86865234375,0.87213134765625,0.546543875192756,0.998779296875,0.876220703125,0.3701171875,0.870391845703125,False,0.51953125,0.5170084635416666,0.5019279542834343,0.572509765625,0.516845703125,-0.05615234375,0.5182698567708333,False,mixed_or_none
167,sham,33,78,True,0.502197265625,00110011,51,0.996337890625,0.498291015625,0.4981689453125,0.4967885344815593,0.875,0.998046875,0.220947265625,0.49822998046875,False,0.996337890625,0.9967041015625,0.6313385739860904,1.0,0.95947265625,0.345947265625,0.99652099609375,True,0.502197265625,0.5010172526041666,0.5030736356187157,0.589599609375,0.523681640625,-0.064453125,0.5016072591145833,False,Q
167,sham,45,90,True,0.5,00110011,51,1.0,0.5,0.5,0.5056205487238721,0.903564453125,0.9990234375,0.236328125,0.5,False,1.0,1.0,0.8389255539200486,1.0,0.99853515625,0.332763671875,1.0,True,0.5,0.5,0.503814928970955,0.638671875,0.53369140625,-0.028564453125,0.5,False,Q
167,sham,62,107,True,0.5,00110011,51,1.0,0.5,0.5,0.5029302102541563,0.8779296875,0.998779296875,0.2021484375,0.5,False,1.0,1.0,0.9169132388108543,1.0,0.999755859375,0.32421875,1.0,True,0.5,0.5,0.5056991761559138,0.75830078125,0.570556640625,0.08251953125,0.5,False,Q
167,sham,85,130,True,0.5,00110011,51,1.0,0.5,0.5,0.4976126418170608,0.841064453125,0.997314453125,0.137451171875,0.5,False,1.0,0.999755859375,0.882819670448984,1.0,0.999755859375,0.29638671875,0.9998779296875,True,0.5,0.5000406901041666,0.5201351634607541,0.9462890625,0.695556640625,0.24267578125,0.5000203450520833,False,Q
167,sham,117,162,True,0.52734375,00110011,51,0.97265625,0.5009765625,0.50244140625,0.5032598651464075,0.818603515625,0.996826171875,0.061279296875,0.501708984375,False,0.97265625,0.97235107421875,0.8234549553311038,1.0,0.999267578125,0.24267578125,0.972503662109375,True,0.52734375,0.5275472005208334,0.6089673899892569,1.0,0.976318359375,0.24267578125,0.5274454752604167,False,Q
167,sham,128,173,True,0.66357421875,00010001,17,0.85595703125,0.498046875,0.5028076171875,0.5051846588450523,0.814208984375,0.99658203125,0.048095703125,0.50042724609375,False,0.83642578125,0.83404541015625,0.7606374028711471,1.0,0.998779296875,0.23388671875,0.835235595703125,False,0.66357421875,0.6653238932291666,0.6888730656035483,1.0,0.998779296875,0.23388671875,0.6644490559895833,False,mixed_or_none
167,sham,161,206,True,1.0,01010101,85,1.0,0.5,0.5,0.5010741315144619,0.808837890625,0.99560546875,0.04736328125,0.5,False,0.5,0.5,0.5441041139350722,1.0,0.99560546875,0.238525390625,0.5,False,1.0,1.0,0.9461314778110863,1.0,1.0,0.238525390625,1.0,True,Y
167,sham,222,267,True,1.0,01010101,85,1.0,0.5,0.5,0.4999807300650253,0.839599609375,0.99658203125,0.068359375,0.5,False,0.5,0.5,0.5066437765347341,1.0,0.995361328125,0.228759765625,0.5,False,1.0,1.0,0.991835835456292,1.0,1.0,0.228759765625,1.0,True,Y
167,sham,304,349,True,1.0,01010101,85,1.0,0.5,0.5,0.49997224477802504,0.848876953125,0.996337890625,0.07470703125,0.5,False,0.5,0.5,0.5026030801117465,1.0,0.994873046875,0.225830078125,0.5,False,1.0,1.0,0.9967793304766812,1.0,1.0,0.225830078125,1.0,True,Y
167,sham,418,463,True,1.0,01010101,85,1.0,0.5,0.5,0.49998495246361535,0.85546875,0.996826171875,0.080322265625,0.5,False,0.5,0.5,0.5012133323911296,0.999755859375,0.99365234375,0.224609375,0.5,False,1.0,1.0,0.9985019846193874,1.0,1.0,0.224853515625,1.0,True,Y
167,sham,575,620,True,1.0,01010101,85,1.0,0.5,0.5,0.499992664278346,0.858154296875,0.9970703125,0.085205078125,0.5,False,0.5,0.5,0.5005882285275545,0.999755859375,0.99365234375,0.226806640625,0.5,False,1.0,1.0,0.9992694479936062,1.0,1.0,0.22705078125,1.0,True,Y
167,sham,790,835,True,1.0,01010101,85,1.0,0.5,0.5,0.4999963050608068,0.860595703125,0.9970703125,0.0859375,0.5,False,0.5,0.5,0.5002977537700908,0.999755859375,0.99365234375,0.22509765625,0.5,False,1.0,1.0,0.9996291722828772,1.0,1.0,0.225341796875,1.0,True,Y
167,sham,1024,1069,True,1.0,01010101,85,1.0,0.5,0.5,0.4999973751789906,0.859619140625,0.99755859375,0.084228515625,0.5,False,0.5,0.5,0.5001719886411947,0.999755859375,0.994140625,0.224365234375,0.5,False,1.0,1.0,0.9997853572746589,1.0,1.0,0.224609375,1.0,True,Y
173,independent_carry,0,45,True,0.500244140625,00001111,15,0.997314453125,0.997314453125,0.997802734375,0.8849378788083211,1.0,1.0,0.400146484375,0.99755859375,True,0.502685546875,0.50274658203125,0.5435301501950373,0.90576171875,0.9052734375,0.305908203125,0.502716064453125,False,0.500244140625,0.5005696614583334,0.5014385418163766,0.54443359375,0.54931640625,-0.055419921875,0.5004069010416667,False,P
173,independent_carry,1,46,True,0.499267578125,00001111,15,0.996826171875,0.996826171875,0.99755859375,0.8746912486965599,1.0,1.0,0.39599609375,0.9971923828125,True,0.503173828125,0.50299072265625,0.5477351769683875,0.912841796875,0.91162109375,0.308837890625,0.503082275390625,False,0.499267578125,0.5001627604166666,0.5015554410867763,0.5517578125,0.5517578125,-0.05224609375,0.4997151692708333,False,P
173,independent_carry,2,47,True,0.498779296875,00001111,15,0.995361328125,0.995361328125,0.9959716796875,0.8599568166494658,1.0,1.0,0.39453125,0.99566650390625,True,0.504638671875,0.5040283203125,0.5532281589674362,0.9228515625,0.921142578125,0.3173828125,0.50433349609375,False,0.498779296875,0.5,0.5016959692565482,0.555419921875,0.554931640625,-0.050048828125,0.4993896484375,False,P
173,independent_carry,3,48,True,0.497802734375,00001111,15,0.992431640625,0.992431640625,0.9932861328125,0.8404976657304621,1.0,1.0,0.391357421875,0.99285888671875,True,0.507568359375,0.5064697265625,0.5596471410305343,0.92822265625,0.928955078125,0.319580078125,0.50701904296875,False,0.497802734375,0.4990641276041667,0.5018570429484052,0.554931640625,0.554931640625,-0.0537109375,0.49843343098958337,False,P
173,independent_carry,4,49,True,0.502197265625,00001111,15,0.984130859375,0.984130859375,0.9859619140625,0.8170203547339704,1.0,1.0,0.38330078125,0.98504638671875,True,0.515869140625,0.5140380859375,0.5666916163315807,0.93310546875,0.939453125,0.31640625,0.51495361328125,False,0.502197265625,0.5017496744791666,0.5020178403941841,0.54931640625,0.55712890625,-0.0673828125,0.5019734700520833,False,P
173,independent_carry,5,50,True,0.503173828125,00001111,15,0.973876953125,0.973876953125,0.9759521484375,0.7906670501012908,1.0,1.0,0.37939453125,0.97491455078125,True,0.526123046875,0.5240478515625,0.5735528557618248,0.942138671875,0.947265625,0.321533203125,0.52508544921875,False,0.503173828125,0.5025634765625,0.5021667173703984,0.551513671875,0.557861328125,-0.069091796875,0.50286865234375,False,P
173,independent_carry,7,52,True,0.507080078125,00001111,15,0.944091796875,0.944091796875,0.94384765625,0.7365537084422829,1.0,1.0,0.37060546875,0.9439697265625,True,0.555908203125,0.55596923828125,0.5851082506043652,0.960693359375,0.963134765625,0.331298828125,0.555938720703125,False,0.507080078125,0.505126953125,0.5023833211978531,0.555908203125,0.568603515625,-0.073486328125,0.506103515625,False,P
173,independent_carry,9,54,True,0.507568359375,00001111,15,0.888916015625,0.888916015625,0.890869140625,0.6842367426686956,0.99951171875,1.0,0.37548828125,0.889892578125,False,0.611083984375,0.60968017578125,0.5933552220711513,0.974609375,0.9755859375,0.3505859375,0.610382080078125,False,0.507568359375,0.504150390625,0.5024903059863435,0.555419921875,0.578857421875,-0.068603515625,0.505859375,False,mixed_or_none
173,independent_carry,13,58,True,0.512451171875,00111111,63,0.875732421875,0.769775390625,0.7703857421875,0.6075392195409854,0.998779296875,1.0,0.3720703125,0.77008056640625,False,0.730224609375,0.7283935546875,0.6045713484391829,0.99365234375,0.993896484375,0.366943359375,0.72930908203125,False,0.512451171875,0.5098876953125,0.5026099116186938,0.558837890625,0.59814453125,-0.06787109375,0.51116943359375,False,mixed_or_none
173,independent_carry,17,62,True,0.509521484375,00110011,51,0.909423828125,0.588623046875,0.593505859375,0.5601702686839319,0.99853515625,1.0,0.36669921875,0.591064453125,False,0.909423828125,0.9127197265625,0.6177328612512867,0.99853515625,0.999267578125,0.36669921875,0.91107177734375,True,0.509521484375,0.5072835286458334,0.5030115646619089,0.58154296875,0.625732421875,-0.05029296875,0.5084025065104167,False,Q
173,independent_carry,24,69,True,0.50537109375,00110011,51,0.990234375,0.50634765625,0.5059814453125,0.5175916662435882,0.998291015625,1.0,0.355712890625,0.50616455078125,False,0.990234375,0.99029541015625,0.6674674719309664,1.0,1.0,0.357421875,0.990264892578125,True,0.50537109375,0.5040283203125,0.5048097453041324,0.64599609375,0.67041015625,0.00341796875,0.50469970703125,False,Q
173,independent_carry,33,78,True,0.5,00110011,51,0.99951171875,0.49951171875,0.49951171875,0.4982167863981969,0.996826171875,1.0,0.34814453125,0.49951171875,False,0.99951171875,0.999755859375,0.7818463010313568,1.0,1.0,0.351318359375,0.9996337890625,True,0.5,0.4999593098958333,0.507922887915773,0.720947265625,0.732421875,0.072265625,0.49997965494791663,False,Q
173,independent_carry,45,90,True,0.5,00110011,51,1.0,0.5,0.5,0.4981596926296682,0.994384765625,1.0,0.326416015625,0.5,False,1.0,1.0,0.89371625233808,1.0,1.0,0.33203125,1.0,True,0.5,0.5,0.5107574828727558,0.793212890625,0.814697265625,0.125244140625,0.5,False,Q
173,independent_carry,62,107,True,0.5,00110011,51,1.0,0.5,0.5,0.5015009851980353,0.993408203125,1.0,0.3095703125,0.5,False,1.0,1.0,0.9071993343483145,1.0,1.0,0.316162109375,1.0,True,0.5,0.5,0.5201318781573906,0.8623046875,0.88623046875,0.178466796875,0.5,False,Q
173,independent_carry,85,130,True,0.50390625,00110011,51,0.99609375,0.4970703125,0.4989013671875,0.49617877857606046,0.991943359375,1.0,0.29541015625,0.49798583984375,False,0.99609375,0.99658203125,0.8517473170923339,1.0,1.0,0.303466796875,0.996337890625,True,0.50390625,0.504150390625,0.5631132989516119,0.97705078125,0.994140625,0.280517578125,0.5040283203125,False,Q
173,independent_carry,117,162,True,0.704833984375,00110011,51,0.795166015625,0.510986328125,0.5113525390625,0.5066722273741239,0.994384765625,0.999755859375,0.27978515625,0.51116943359375,False,0.795166015625,0.79461669921875,0.7496810233174045,1.0,1.0,0.285400390625,0.794891357421875,False,0.704833984375,0.7056884765625,0.7115255014242365,1.0,1.0,0.285400390625,0.70526123046875,False,mixed_or_none
173,independent_carry,128,173,True,0.9130859375,01010101,85,0.9130859375,0.49755859375,0.4979248046875,0.49503061934128806,0.995361328125,0.99951171875,0.27978515625,0.49774169921875,False,0.5869140625,0.5863037109375,0.6745590037437705,1.0,1.0,0.284423828125,0.58660888671875,False,0.9130859375,0.9136149088541667,0.7990150747456484,1.0,1.0,0.284423828125,0.9133504231770834,True,Y
173,independent_carry,161,206,True,1.0,01010101,85,1.0,0.5,0.499755859375,0.5001936132221667,0.99658203125,0.99951171875,0.299072265625,0.4998779296875,False,0.5,0.5,0.5428137863921698,0.998046875,1.0,0.300537109375,0.5,False,1.0,0.9998372395833333,0.9502666125487835,1.0,1.0,0.302490234375,0.9999186197916666,True,Y
173,independent_carry,222,267,True,1.0,01010101,85,1.0,0.5,0.5,0.49994299744317217,0.99658203125,0.999755859375,0.3076171875,0.5,False,0.5,0.5,0.5109121116380343,1.0,1.0,0.31103515625,0.5,False,1.0,1.0,0.9873540914920549,1.0,1.0,0.31103515625,1.0,True,Y
173,independent_carry,304,349,True,1.0,01010101,85,1.0,0.5,0.5,0.5000075476997677,0.997314453125,0.999755859375,0.314453125,0.5,False,0.5,0.5,0.5045596245559224,1.0,1.0,0.317138671875,0.5,False,1.0,1.0,0.9947309557316135,1.0,1.0,0.317138671875,1.0,True,Y
173,independent_carry,418,463,True,1.0,01010101,85,1.0,0.5,0.5,0.4999914136377687,0.997314453125,1.0,0.31640625,0.5,False,0.5,0.5,0.5021496954634219,1.0,1.0,0.319091796875,0.5,False,1.0,1.0,0.9975115076663768,1.0,1.0,0.319091796875,1.0,True,Y
173,independent_carry,575,620,True,1.0,01010101,85,1.0,0.5,0.5,0.5000032033702287,0.9970703125,1.0,0.320068359375,0.5,False,0.5,0.5,0.5010753679160047,1.0,1.0,0.322998046875,0.5,False,1.0,1.0,0.9987541788876548,1.0,1.0,0.322998046875,1.0,True,Y
173,independent_carry,790,835,True,1.0,01010101,85,1.0,0.5,0.5,0.4999994269982882,0.99658203125,1.0,0.3212890625,0.5,False,0.5,0.5,0.5005559930253989,1.0,1.0,0.32470703125,0.5,False,1.0,1.0,0.999355117624324,1.0,1.0,0.32470703125,1.0,True,Y
173,independent_carry,1024,1069,True,1.0,01010101,85,1.0,0.5,0.5,0.4999998022382202,0.996826171875,1.0,0.3212890625,0.5,False,0.5,0.5,0.5003261456347418,1.0,1.0,0.324462890625,0.5,False,1.0,1.0,0.9996212935665161,1.0,1.0,0.324462890625,1.0,True,Y
173,independent_reset,0,45,True,0.500244140625,00001111,15,0.997314453125,0.997314453125,0.997802734375,0.8849378788083211,1.0,1.0,0.400146484375,0.99755859375,True,0.502685546875,0.50274658203125,0.5435301501950373,0.90576171875,0.9052734375,0.305908203125,0.502716064453125,False,0.500244140625,0.5005696614583334,0.5014385418163766,0.54443359375,0.54931640625,-0.055419921875,0.5004069010416667,False,P
173,independent_reset,1,46,True,0.4990234375,00001111,15,0.998046875,0.998046875,0.998046875,0.8680931684645409,1.0,1.0,0.3974609375,0.998046875,True,0.501953125,0.5018310546875,0.5486882870351962,0.912353515625,0.912353515625,0.309814453125,0.50189208984375,False,0.4990234375,0.4997965494791667,0.5015867329469488,0.553466796875,0.548095703125,-0.049072265625,0.49940999348958337,False,P
173,independent_reset,2,47,True,0.5,00001111,15,0.99560546875,0.99560546875,0.995361328125,0.8454646960832549,1.0,1.0,0.38720703125,0.9954833984375,True,0.50439453125,0.50439453125,0.5549409213025343,0.917236328125,0.918212890625,0.304443359375,0.50439453125,False,0.5,0.5003662109375,0.501752597357047,0.55029296875,0.552001953125,-0.0625,0.50018310546875,False,P
173,independent_reset,3,48,True,0.5,00001111,15,0.9892578125,0.9892578125,0.9896240234375,0.8211288852754578,1.0,1.0,0.383056640625,0.98944091796875,True,0.5107421875,0.5101318359375,0.5606698608891058,0.922119140625,0.926025390625,0.30517578125,0.51043701171875,False,0.5,0.5002848307291666,0.5018910825826868,0.5478515625,0.55224609375,-0.069091796875,0.5001424153645833,False,P
173,independent_reset,4,49,True,0.502685546875,00001111,15,0.975830078125,0.975830078125,0.97705078125,0.7952243010985758,1.0,1.0,0.37939453125,0.9764404296875,True,0.524169921875,0.5224609375,0.5660098418744373,0.92724609375,0.930908203125,0.306640625,0.5233154296875,False,0.502685546875,0.5013427734375,0.5020040049593449,0.545654296875,0.552978515625,-0.074951171875,0.50201416015625,False,P
173,independent_reset,5,50,True,0.504150390625,00001111,15,0.963134765625,0.963134765625,0.9630126953125,0.7706875801945005,1.0,1.0,0.377685546875,0.96307373046875,True,0.536865234375,0.5350341796875,0.5703632050832088,0.934814453125,0.9375,0.3125,0.53594970703125,False,0.504150390625,0.50244140625,0.5020954504624883,0.54443359375,0.556396484375,-0.077880859375,0.5032958984375,False,P
173,independent_reset,7,52,True,0.50634765625,00001111,15,0.94189453125,0.94189453125,0.942626953125,0.7269095716480317,1.0,1.0,0.378173828125,0.9422607421875,True,0.55810546875,0.55682373046875,0.5769309339949813,0.952880859375,0.9521484375,0.3310546875,0.557464599609375,False,0.50634765625,0.503173828125,0.5021886260261552,0.52734375,0.563720703125,-0.094482421875,0.5047607421875,False,P
173,independent_reset,9,54,True,0.509765625,00001111,15,0.912109375,0.912109375,0.915283203125,0.686618891739086,0.999755859375,1.0,0.378173828125,0.9136962890625,True,0.58740234375,0.5853271484375,0.5818118702993479,0.96728515625,0.9638671875,0.345703125,0.58636474609375,False,0.509765625,0.5054931640625,0.5022302698025983,0.53271484375,0.572021484375,-0.0888671875,0.50762939453125,False,P
173,independent_reset,13,58,True,0.5107421875,00011111,31,0.8583984375,0.8447265625,0.8433837890625,0.6252281021458728,0.999267578125,1.0,0.37744140625,0.84405517578125,False,0.65478515625,0.65423583984375,0.5893074630989239,0.98583984375,0.981201171875,0.364013671875,0.654510498046875,False,0.5107421875,0.5080159505208334,0.5023852799558922,0.5400390625,0.58837890625,-0.081787109375,0.5093790690104167,False,mixed_or_none
173,independent_reset,17,62,True,0.51611328125,00110011,51,0.79736328125,0.70068359375,0.7044677734375,0.5842943270149475,0.999267578125,1.0,0.371337890625,0.70257568359375,False,0.79736328125,0.79486083984375,0.5979253451479598,0.99462890625,0.992431640625,0.36669921875,0.796112060546875,False,0.51611328125,0.51171875,0.5027020904256838,0.556396484375,0.60498046875,-0.071533203125,0.513916015625,False,mixed_or_none
173,independent_reset,24,69,True,0.506591796875,00110011,51,0.941650390625,0.551513671875,0.5518798828125,0.5446716860854365,0.9990234375,1.0,0.3544921875,0.55169677734375,False,0.941650390625,0.94244384765625,0.6286294719930363,0.999267578125,1.0,0.354736328125,0.942047119140625,True,0.506591796875,0.5067138671875,0.5038626437640781,0.58056640625,0.640380859375,-0.06396484375,0.50665283203125,False,Q
173,independent_reset,33,78,True,0.499267578125,00110011,51,0.998291015625,0.500732421875,0.50048828125,0.5234800782443486,0.998779296875,1.0,0.343017578125,0.5006103515625,False,0.998291015625,0.9986572265625,0.7079321638645952,1.0,1.0,0.34423828125,0.99847412109375,True,0.499267578125,0.4998372395833333,0.5064534707110235,0.63671875,0.6865234375,-0.01904296875,0.49955240885416663,False,Q
173,independent_reset,45,90,True,0.5,00110011,51,1.0,0.5,0.5,0.5078917927369784,0.9990234375,1.0,0.339599609375,0.5,False,1.0,1.0,0.839691860837021,1.0,1.0,0.340576171875,1.0,True,0.5,0.5,0.5096940401377201,0.701171875,0.763671875,0.041748046875,0.5,False,Q
173,independent_reset,62,107,True,0.5,00110011,51,1.0,0.5,0.5,0.5028187469172731,0.99853515625,1.0,0.30908203125,0.5,False,1.0,1.0,0.9145008564154767,1.0,1.0,0.310546875,1.0,True,0.5,0.5,0.5137315807865221,0.789794921875,0.84375,0.100341796875,0.5,False,Q
173,independent_reset,85,130,True,0.500244140625,00110011,51,0.999755859375,0.499755859375,0.5,0.49443281689087,0.99853515625,1.0,0.305419921875,0.4998779296875,False,0.999755859375,0.999755859375,0.8676978429445908,1.0,1.0,0.306884765625,0.999755859375,True,0.500244140625,0.5005289713541666,0.5404768641652532,0.910400390625,0.94970703125,0.21728515625,0.5003865559895833,False,Q
173,independent_reset,117,162,True,0.536376953125,00110011,51,0.963623046875,0.503662109375,0.5048828125,0.5105619681049527,0.9970703125,0.99951171875,0.29833984375,0.5042724609375,False,0.963623046875,0.96246337890625,0.8233432156475236,1.0,1.0,0.30126953125,0.963043212890625,True,0.536376953125,0.53759765625,0.6198171088520166,0.99853515625,1.0,0.2998046875,0.5369873046875,False,Q
173,independent_reset,128,173,True,0.625244140625,00110011,51,0.874755859375,0.492431640625,0.4920654296875,0.4954294982239066,0.99853515625,1.0,0.29345703125,0.49224853515625,False,0.874755859375,0.87603759765625,0.7778942157474368,1.0,1.0,0.294921875,0.875396728515625,False,0.625244140625,0.6239013671875,0.676793951298982,0.999755859375,1.0,0.294677734375,0.62457275390625,False,mixed_or_none
173,independent_reset,161,206,True,0.97998046875,01010101,85,0.97998046875,0.49658203125,0.498291015625,0.49907046311140896,0.998779296875,1.0,0.3037109375,0.4974365234375,False,0.52001953125,0.51837158203125,0.6047603678572082,1.0,1.0,0.304931640625,0.519195556640625,False,0.97998046875,0.9800618489583333,0.8787986663793597,1.0,1.0,0.304931640625,0.9800211588541666,True,Y
173,independent_reset,222,267,True,1.0,01010101,85,1.0,0.5,0.5,0.4998144719562538,0.99951171875,1.0,0.2958984375,0.5,False,0.5,0.5,0.5167002445925419,1.0,1.0,0.29638671875,0.5,False,1.0,1.0,0.9807698449401625,1.0,1.0,0.29638671875,1.0,True,Y
173,independent_reset,304,349,True,1.0,01010101,85,1.0,0.5,0.5,0.5000145425105436,1.0,1.0,0.301025390625,0.5,False,0.5,0.5,0.5056056447601951,0.999755859375,1.0,0.30078125,0.5,False,1.0,1.0,0.9935495090906341,1.0,1.0,0.301025390625,1.0,True,Y
173,independent_reset,418,463,True,1.0,01010101,85,1.0,0.5,0.5,0.4999895736121713,0.99951171875,1.0,0.302734375,0.5,False,0.5,0.5,0.5023810925968318,0.999755859375,1.0,0.302978515625,0.5,False,1.0,1.0,0.9972489300228,1.0,1.0,0.30322265625,1.0,True,Y
173,independent_reset,575,620,True,1.0,01010101,85,1.0,0.5,0.5,0.4999952407578658,0.99951171875,1.0,0.30224609375,0.5,False,0.5,0.5,0.501111329816952,0.999755859375,1.0,0.302490234375,0.5,False,1.0,1.0,0.9987134946154159,1.0,1.0,0.302734375,1.0,True,Y
173,independent_reset,790,835,True,1.0,01010101,85,1.0,0.5,0.5,0.49999328738389914,0.999267578125,1.0,0.303955078125,0.5,False,0.5,0.5,0.5005475485513533,0.999755859375,1.0,0.304443359375,0.5,False,1.0,1.0,0.999364799546866,1.0,1.0,0.3046875,1.0,True,Y
173,independent_reset,1024,1069,True,1.0,01010101,85,1.0,0.5,0.5,0.4999961052018178,0.999267578125,1.0,0.302734375,0.5,False,0.5,0.5,0.500311406893664,0.999755859375,1.0,0.30322265625,0.5,False,1.0,1.0,0.999638209947348,1.0,1.0,0.303466796875,1.0,True,Y
173,nested_carry,0,45,True,0.5,00001111,15,1.0,1.0,1.0,0.883252253694255,1.0,1.0,0.41064453125,1.0,True,0.5,0.5,0.5166278663585665,0.726318359375,0.755615234375,0.136962890625,0.5,False,0.5,0.4999593098958333,0.5017580622967466,0.61865234375,0.54736328125,0.029296875,0.49997965494791663,False,P
173,nested_carry,1,46,True,0.5,00001111,15,1.0,1.0,0.9998779296875,0.8724484977391757,1.0,1.0,0.408447265625,0.99993896484375,True,0.5,0.50006103515625,0.5175886351034994,0.727783203125,0.755615234375,0.13623046875,0.500030517578125,False,0.5,0.4999186197916667,0.501895405047774,0.624267578125,0.5458984375,0.03271484375,0.49995930989583337,False,P
173,nested_carry,2,47,True,0.49951171875,00001111,15,0.99951171875,0.99951171875,0.9996337890625,0.8559287455575211,1.0,1.0,0.406005859375,0.99957275390625,True,0.50048828125,0.50042724609375,0.5191828030461412,0.72802734375,0.755126953125,0.134033203125,0.500457763671875,False,0.49951171875,0.4996744791666667,0.5020729397330588,0.626708984375,0.54541015625,0.03271484375,0.49959309895833337,False,P
173,nested_carry,3,48,True,0.5,00001111,15,0.9990234375,0.9990234375,0.998779296875,0.834180296702113,1.0,1.0,0.4052734375,0.9989013671875,True,0.5009765625,0.50079345703125,0.5211184943450929,0.730712890625,0.760498046875,0.135986328125,0.500885009765625,False,0.5,0.4999186197916667,0.5022881458016689,0.628173828125,0.546142578125,0.033447265625,0.49995930989583337,False,P
173,nested_carry,4,49,True,0.49951171875,00001111,15,0.99658203125,0.99658203125,0.996337890625,0.8071284248195959,1.0,1.0,0.40380859375,0.9964599609375,True,0.50341796875,0.50262451171875,0.5233549207436485,0.72900390625,0.766357421875,0.1328125,0.503021240234375,False,0.49951171875,0.4998779296875,0.5025010074799753,0.626220703125,0.549072265625,0.030029296875,0.49969482421875,False,P
173,nested_carry,5,50,True,0.500732421875,00001111,15,0.992919921875,0.992919921875,0.9921875,0.7766780653574876,1.0,1.0,0.408447265625,0.9925537109375,True,0.506591796875,0.5064697265625,0.5253571649892887,0.73193359375,0.76953125,0.140380859375,0.50653076171875,False,0.500732421875,0.5007731119791666,0.5027208323716286,0.62060546875,0.55517578125,0.029052734375,0.5007527669270833,False,P
173,nested_carry,7,52,True,0.502197265625,00001111,15,0.970458984375,0.970458984375,0.969482421875,0.7144368793999367,1.0,1.0,0.39892578125,0.969970703125,True,0.527587890625,0.5260009765625,0.5278489730224032,0.736328125,0.775390625,0.13525390625,0.52679443359375,False,0.502197265625,0.5018310546875,0.5031187379863798,0.6162109375,0.559326171875,0.01513671875,0.50201416015625,False,P
173,nested_carry,9,54,True,0.508056640625,00001111,15,0.927978515625,0.927978515625,0.925048828125,0.6572327263180878,0.999755859375,1.0,0.396484375,0.926513671875,True,0.557373046875,0.55731201171875,0.5279366367544689,0.750244140625,0.78857421875,0.14697265625,0.557342529296875,False,0.508056640625,0.5052083333333334,0.5034476866709946,0.624755859375,0.573974609375,0.021484375,0.5066324869791667,False,P
173,nested_carry,13,58,True,0.523193359375,00011111,31,0.871337890625,0.852783203125,0.85546875,0.5852213051051259,0.996826171875,1.0,0.39453125,0.8541259765625,False,0.606689453125,0.60595703125,0.5246074712945418,0.77734375,0.818115234375,0.175048828125,0.6063232421875,False,0.523193359375,0.51708984375,0.5042025209756192,0.63720703125,0.59326171875,0.034912109375,0.5201416015625,False,mixed_or_none
173,nested_carry,17,62,True,0.52587890625,00001111,15,0.88623046875,0.88623046875,0.8841552734375,0.5500737238832695,0.991943359375,1.0,0.39892578125,0.88519287109375,False,0.5986328125,0.5987548828125,0.5220439874534519,0.820556640625,0.858642578125,0.2275390625,0.59869384765625,False,0.52587890625,0.5229899088541666,0.505105414530603,0.676513671875,0.616943359375,0.08349609375,0.5244344075520833,False,mixed_or_none
173,nested_carry,24,69,True,0.544921875,00000011,3,0.84326171875,0.6669921875,0.67041015625,0.5255167175377895,0.981689453125,1.0,0.390380859375,0.668701171875,False,0.67529296875,0.6759033203125,0.5227907961456728,0.891357421875,0.913330078125,0.300048828125,0.67559814453125,False,0.544921875,0.5487874348958334,0.507467189762759,0.719482421875,0.667724609375,0.128173828125,0.5468546549479167,False,mixed_or_none
173,nested_carry,33,78,True,0.5888671875,00010011,19,0.82568359375,0.63525390625,0.6348876953125,0.5227414446012134,0.976318359375,1.0,0.370361328125,0.63507080078125,False,0.81103515625,0.81109619140625,0.5380139241379625,0.966552734375,0.96826171875,0.360595703125,0.811065673828125,False,0.5888671875,0.5859781901041666,0.5135493922740008,0.7705078125,0.751708984375,0.16455078125,0.5874226888020833,False,mixed_or_none
173,nested_carry,45,90,True,0.572021484375,00110011,51,0.909423828125,0.562744140625,0.5660400390625,0.5324412224610977,0.98291015625,0.999755859375,0.349609375,0.56439208984375,False,0.909423828125,0.9083251953125,0.5931691149743273,0.997802734375,1.0,0.364501953125,0.90887451171875,True,0.572021484375,0.5725911458333334,0.5299866629714403,0.856201171875,0.869140625,0.222900390625,0.5723063151041667,False,Q
173,nested_carry,62,107,True,0.5029296875,00110011,51,0.9970703125,0.5029296875,0.502685546875,0.528165273428232,0.989013671875,1.0,0.297607421875,0.5028076171875,False,0.9970703125,0.996826171875,0.7809240033778033,1.0,1.0,0.30859375,0.9969482421875,True,0.5029296875,0.5028889973958334,0.5616805757745609,0.9765625,0.98974609375,0.28515625,0.5029093424479167,False,Q
173,nested_carry,85,130,True,0.53955078125,00110011,51,0.96044921875,0.482421875,0.4832763671875,0.4872094312333339,0.994140625,1.0,0.282470703125,0.48284912109375,False,0.96044921875,0.95855712890625,0.8235182798870613,1.0,1.0,0.288330078125,0.959503173828125,True,0.53955078125,0.5411376953125,0.6257117408430168,0.999755859375,1.0,0.2880859375,0.54034423828125,False,Q
173,nested_carry,117,162,True,0.99658203125,01010101,85,0.99658203125,0.50244140625,0.50341796875,0.5100348244071656,0.990966796875,1.0,0.312255859375,0.5029296875,False,0.50341796875,0.50341796875,0.6093395992016041,0.999755859375,1.0,0.321044921875,0.50341796875,False,0.99658203125,0.99658203125,0.8710927070958354,1.0,1.0,0.3212890625,0.99658203125,True,Y
173,nested_carry,128,173,True,1.0,01010101,85,1.0,0.5,0.5,0.5016885813800803,0.990234375,1.0,0.311279296875,0.5,False,0.5,0.5,0.5647984384907061,0.99951171875,1.0,0.320556640625,0.5,False,1.0,0.9999593098958333,0.9235226279677102,1.0,1.0,0.321044921875,0.9999796549479166,True,Y
173,nested_carry,161,206,True,1.0,01010101,85,1.0,0.5,0.5,0.5005798447106296,0.9912109375,1.0,0.328369140625,0.5,False,0.5,0.5,0.5192945864678995,0.99951171875,1.0,0.336669921875,0.5,False,1.0,1.0,0.9770482072666036,1.0,1.0,0.337158203125,1.0,True,Y
173,nested_carry,222,267,True,1.0,01010101,85,1.0,0.5,0.5,0.5001109141713018,0.99072265625,1.0,0.33203125,0.5,False,0.5,0.5,0.5061475771999202,0.99951171875,1.0,0.3408203125,0.5,False,1.0,1.0,0.9926011861550794,1.0,1.0,0.34130859375,1.0,True,Y
173,nested_carry,304,349,True,1.0,01010101,85,1.0,0.5,0.5,0.5000664474326896,0.990966796875,1.0,0.337158203125,0.5,False,0.5,0.5,0.5026229799053152,0.99951171875,1.0,0.345703125,0.5,False,1.0,1.0,0.9968306348495704,1.0,1.0,0.34619140625,1.0,True,Y
173,nested_carry,418,463,True,1.0,01010101,85,1.0,0.5,0.5,0.5000323719942957,0.991455078125,1.0,0.334716796875,0.5,False,0.5,0.5,0.5012073443519626,0.99951171875,1.0,0.3427734375,0.5,False,1.0,1.0,0.998534027372519,1.0,1.0,0.34326171875,1.0,True,Y
173,nested_carry,575,620,True,1.0,01010101,85,1.0,0.5,0.5,0.500018106979134,0.992919921875,1.0,0.3310546875,0.5,False,0.5,0.5,0.5005823397377719,0.99951171875,1.0,0.337646484375,0.5,False,1.0,1.0,0.9992918560998649,1.0,1.0,0.338134765625,1.0,True,Y
173,nested_carry,790,835,True,1.0,01010101,85,1.0,0.5,0.5,0.5000095879535378,0.992919921875,1.0,0.329345703125,0.5,False,0.5,0.5,0.5002876428864034,0.99951171875,1.0,0.3359375,0.5,False,1.0,1.0,0.9996498441769763,1.0,1.0,0.33642578125,1.0,True,Y
173,nested_carry,1024,1069,True,1.0,01010101,85,1.0,0.5,0.5,0.5000057235995181,0.993408203125,1.0,0.327392578125,0.5,False,0.5,0.5,0.5001637465774408,0.99951171875,1.0,0.33349609375,0.5,False,1.0,1.0,0.9998009099901539,1.0,1.0,0.333984375,1.0,True,Y
173,nested_reset,0,45,True,0.5,00001111,15,1.0,1.0,1.0,0.883252253694255,1.0,1.0,0.41064453125,1.0,True,0.5,0.5,0.5166278663585665,0.726318359375,0.755615234375,0.136962890625,0.5,False,0.5,0.4999593098958333,0.5017580622967466,0.61865234375,0.54736328125,0.029296875,0.49997965494791663,False,P
173,nested_reset,1,46,True,0.499755859375,00001111,15,0.999755859375,0.999755859375,0.999755859375,0.8627312136641243,1.0,1.0,0.4111328125,0.999755859375,True,0.500244140625,0.50030517578125,0.519042558063073,0.733642578125,0.7587890625,0.144775390625,0.500274658203125,False,0.499755859375,0.4997965494791667,0.5019013617720358,0.627685546875,0.544677734375,0.038818359375,0.49977620442708337,False,P
173,nested_reset,2,47,True,0.50048828125,00001111,15,0.998046875,0.998046875,0.997802734375,0.8363154141105166,1.0,1.0,0.41259765625,0.9979248046875,True,0.501953125,0.50164794921875,0.5218196736408335,0.729736328125,0.762939453125,0.142333984375,0.501800537109375,False,0.50048828125,0.5002034505208334,0.5020879911927366,0.6328125,0.547119140625,0.04541015625,0.5003458658854167,False,P
173,nested_reset,3,48,True,0.500732421875,00001111,15,0.995361328125,0.995361328125,0.995361328125,0.8083502363318436,1.0,1.0,0.4140625,0.995361328125,True,0.504150390625,0.50396728515625,0.52421705613043,0.733154296875,0.7666015625,0.147216796875,0.504058837890625,False,0.500732421875,0.5006103515625,0.5022903255175755,0.632080078125,0.551025390625,0.046142578125,0.50067138671875,False,P
173,nested_reset,4,49,True,0.501220703125,00001111,15,0.987060546875,0.987060546875,0.9866943359375,0.7781740970769757,1.0,1.0,0.411376953125,0.98687744140625,True,0.512451171875,0.51251220703125,0.5263740647112573,0.733154296875,0.769775390625,0.14453125,0.512481689453125,False,0.501220703125,0.5003662109375,0.5024581804767125,0.632080078125,0.5517578125,0.04345703125,0.50079345703125,False,P
173,nested_reset,5,50,True,0.50244140625,00001111,15,0.97509765625,0.97509765625,0.974853515625,0.7497348766050567,1.0,1.0,0.410888671875,0.9749755859375,True,0.52294921875,0.5225830078125,0.5278725008607514,0.735107421875,0.7724609375,0.14599609375,0.52276611328125,False,0.50244140625,0.5010986328125,0.5026135598675737,0.624755859375,0.5537109375,0.03564453125,0.50177001953125,False,P
173,nested_reset,7,52,True,0.5078125,00001111,15,0.94384765625,0.94384765625,0.944091796875,0.7009428608871512,1.0,1.0,0.40234375,0.9439697265625,True,0.54541015625,0.5439453125,0.5292972898184428,0.74658203125,0.7861328125,0.14892578125,0.544677734375,False,0.5078125,0.5045572916666666,0.5028986783483212,0.623779296875,0.5546875,0.026123046875,0.5061848958333333,False,P
173,nested_reset,9,54,True,0.51220703125,00001111,15,0.91552734375,0.91552734375,0.915283203125,0.6589705100417651,0.99951171875,1.0,0.40283203125,0.9154052734375,True,0.56640625,0.5650634765625,0.5292603260482966,0.757080078125,0.796630859375,0.160400390625,0.56573486328125,False,0.51220703125,0.507568359375,0.5031235016892429,0.62158203125,0.560791015625,0.02490234375,0.5098876953125,False,P
173,nested_reset,13,58,True,0.5146484375,00001111,15,0.900390625,0.900390625,0.89892578125,0.6024445330139451,0.99755859375,1.0,0.40283203125,0.899658203125,False,0.583984375,0.58282470703125,0.5274617805403555,0.775634765625,0.822998046875,0.180908203125,0.583404541015625,False,0.5146484375,0.5104573567708334,0.503729136767936,0.642822265625,0.5751953125,0.048095703125,0.5125528971354167,False,mixed_or_none
173,nested_reset,17,62,True,0.51416015625,00001111,15,0.92578125,0.92578125,0.923828125,0.5692741652956946,0.994384765625,1.0,0.40234375,0.9248046875,True,0.568359375,0.568359375,0.525899747142037,0.8037109375,0.85595703125,0.211669921875,0.568359375,False,0.51416015625,0.5133870442708334,0.5044200289758214,0.67578125,0.59033203125,0.083740234375,0.5137736002604167,False,P
173,nested_reset,24,69,True,0.541259765625,00000011,3,0.852294921875,0.755615234375,0.7598876953125,0.5414565079794397,0.986328125,1.0,0.395263671875,0.75775146484375,False,0.675537109375,0.671875,0.5277033412477125,0.8759765625,0.904296875,0.284912109375,0.6737060546875,False,0.541259765625,0.5397542317708334,0.5059312365661662,0.713623046875,0.617431640625,0.12255859375,0.5405069986979167,False,mixed_or_none
173,nested_reset,33,78,True,0.56640625,00010111,23,0.79150390625,0.69189453125,0.6925048828125,0.535309130342202,0.982177734375,1.0,0.38037109375,0.69219970703125,False,0.77978515625,0.779052734375,0.5429526744391888,0.9521484375,0.956298828125,0.350341796875,0.7794189453125,False,0.56640625,0.563232421875,0.5095519044996922,0.746826171875,0.677001953125,0.14501953125,0.5648193359375,False,mixed_or_none
173,nested_reset,45,90,True,0.55859375,00110011,51,0.89501953125,0.591796875,0.594970703125,0.5478015628091331,0.9912109375,1.0,0.365966796875,0.5933837890625,False,0.89501953125,0.894775390625,0.5949685964256093,0.9970703125,0.9990234375,0.371826171875,0.8948974609375,False,0.55859375,0.5546061197916666,0.518437794509661,0.79931640625,0.769775390625,0.174072265625,0.5565999348958333,False,mixed_or_none
173,nested_reset,62,107,True,0.5009765625,00110011,51,0.9990234375,0.5009765625,0.500732421875,0.5365319465382776,0.99755859375,1.0,0.324951171875,0.5008544921875,False,0.9990234375,0.9989013671875,0.7710892520648882,1.0,1.0,0.327392578125,0.99896240234375,True,0.5009765625,0.5008544921875,0.5363125133690588,0.928955078125,0.91162109375,0.25634765625,0.50091552734375,False,Q
173,nested_reset,85,130,True,0.502685546875,00110011,51,0.997314453125,0.498291015625,0.4986572265625,0.4824338937955617,0.99853515625,1.0,0.2568359375,0.49847412109375,False,0.997314453125,0.99749755859375,0.8720118796203044,1.0,1.0,0.25830078125,0.997406005859375,True,0.502685546875,0.5025227864583334,0.5627517033391007,0.9873046875,0.999267578125,0.24560546875,0.5026041666666667,False,Q
173,nested_reset,117,162,True,0.82958984375,01010111,87,0.8447265625,0.5419921875,0.547607421875,0.5173707794533682,0.99951171875,1.0,0.271240234375,0.5447998046875,False,0.67041015625,0.6650390625,0.7015883020144337,1.0,1.0,0.271728515625,0.667724609375,False,0.82958984375,0.8314208984375,0.7616366523424165,1.0,1.0,0.271728515625,0.83050537109375,False,mixed_or_none
173,nested_reset,128,173,True,0.983642578125,01010101,85,0.983642578125,0.500732421875,0.5037841796875,0.5025650850237514,0.999755859375,1.0,0.289306640625,0.50225830078125,False,0.516357421875,0.51580810546875,0.6267032804956192,1.0,1.0,0.28955078125,0.516082763671875,False,0.983642578125,0.9834391276041667,0.8512824927001148,1.0,1.0,0.28955078125,0.9835408528645834,True,Y
173,nested_reset,161,206,True,1.0,01010101,85,1.0,0.5,0.5,0.5008788271273176,0.999755859375,1.0,0.31298828125,0.5,False,0.5,0.5,0.5274341085036031,1.0,1.0,0.313232421875,0.5,False,1.0,1.0,0.9677008194467889,1.0,1.0,0.313232421875,1.0,True,Y
173,nested_reset,222,267,True,1.0,01010101,85,1.0,0.5,0.5,0.5000955938420953,0.999267578125,1.0,0.32666015625,0.5,False,0.5,0.5,0.5073812486692713,1.0,1.0,0.327392578125,0.5,False,1.0,1.0,0.9912946236507854,1.0,1.0,0.327392578125,1.0,True,Y
173,nested_reset,304,349,True,1.0,01010101,85,1.0,0.5,0.5,0.5000435512715146,0.99951171875,1.0,0.32861328125,0.5,False,0.5,0.5,0.5031893764155978,1.0,1.0,0.3291015625,0.5,False,1.0,1.0,0.9962473593477239,1.0,1.0,0.3291015625,1.0,True,Y
173,nested_reset,418,463,True,1.0,01010101,85,1.0,0.5,0.5,0.5000107714039467,0.9990234375,1.0,0.3330078125,0.5,False,0.5,0.5,0.5015232557926642,1.0,1.0,0.333984375,0.5,False,1.0,1.0,0.9982067379030584,1.0,1.0,0.333984375,1.0,True,Y
173,nested_reset,575,620,True,1.0,01010101,85,1.0,0.5,0.5,0.5000068079475785,0.998779296875,1.0,0.337158203125,0.5,False,0.5,0.5,0.5007716336803321,1.0,1.0,0.33837890625,0.5,False,1.0,1.0,0.9990919969182936,1.0,1.0,0.33837890625,1.0,True,Y
173,nested_reset,790,835,True,1.0,01010101,85,1.0,0.5,0.5,0.5000015065221312,0.9990234375,1.0,0.345703125,0.5,False,0.5,0.5,0.5003975405942472,1.0,1.0,0.3466796875,0.5,False,1.0,1.0,0.9995314522245251,1.0,1.0,0.3466796875,1.0,True,Y
173,nested_reset,1024,1069,True,1.0,01010101,85,1.0,0.5,0.5,0.5000014593327058,0.998779296875,1.0,0.34765625,0.5,False,0.5,0.5,0.5002332885939869,1.0,1.0,0.348876953125,0.5,False,1.0,1.0,0.9997249558164638,1.0,1.0,0.348876953125,1.0,True,Y
173,scratch,0,45,True,0.504638671875,11111111,255,0.594482421875,0.467041015625,0.4656982421875,0.49851257148777817,0.956298828125,0.998291015625,0.378173828125,0.46636962890625,False,0.507080078125,0.49688720703125,0.5000817808966403,0.6748046875,0.7119140625,0.0966796875,0.501983642578125,False,0.504638671875,0.502685546875,0.5001999070617321,0.549560546875,0.507568359375,-0.028564453125,0.503662109375,False,mixed_or_none
173,scratch,1,46,True,0.498779296875,11111111,255,0.908935546875,0.495361328125,0.49609375,0.5003730419485674,0.95849609375,0.998291015625,0.385009765625,0.4957275390625,False,0.501708984375,0.4976806640625,0.5007758738609751,0.674560546875,0.711181640625,0.10107421875,0.49969482421875,False,0.498779296875,0.4989827473958333,0.5002842350907759,0.55517578125,0.509521484375,-0.018310546875,0.49888102213541663,False,mixed_or_none
173,scratch,2,47,True,0.50390625,11111111,255,0.962890625,0.49951171875,0.5001220703125,0.5015620134463008,0.958251953125,0.998291015625,0.37841796875,0.49981689453125,False,0.5087890625,0.50592041015625,0.5014834000366061,0.67236328125,0.71142578125,0.092529296875,0.507354736328125,False,0.50390625,0.5027669270833334,0.5003936427354717,0.56103515625,0.510498046875,-0.018798828125,0.5033365885416667,False,mixed_or_none
173,scratch,3,48,True,0.505126953125,11111111,255,0.906982421875,0.510009765625,0.51171875,0.503080909196167,0.962158203125,0.998046875,0.378662109375,0.5108642578125,False,0.524169921875,0.51727294921875,0.5021425471026585,0.677490234375,0.712158203125,0.093994140625,0.520721435546875,False,0.505126953125,0.5043538411458334,0.5005090267704959,0.55859375,0.5126953125,-0.02490234375,0.5047403971354167,False,mixed_or_none
173,scratch,4,49,True,0.509765625,11111111,255,0.83056640625,0.533203125,0.529541015625,0.5039003690668827,0.9619140625,0.998046875,0.3779296875,0.5313720703125,False,0.548828125,0.53778076171875,0.5028255640149218,0.691162109375,0.714111328125,0.107177734375,0.543304443359375,False,0.509765625,0.5086263020833334,0.5006473908803918,0.566650390625,0.5126953125,-0.017333984375,0.5091959635416667,False,mixed_or_none
173,scratch,5,50,True,0.510498046875,11111111,255,0.676025390625,0.561279296875,0.557373046875,0.504323583715412,0.963134765625,0.998046875,0.381103515625,0.559326171875,False,0.567626953125,0.55462646484375,0.5035512527896209,0.704833984375,0.718017578125,0.122802734375,0.561126708984375,False,0.510498046875,0.5094807942708334,0.5007942527702852,0.57080078125,0.511474609375,-0.01123046875,0.5099894205729167,False,mixed_or_none
173,scratch,7,52,True,0.518310546875,00000011,3,0.638916015625,0.590087890625,0.5955810546875,0.506083514897738,0.960205078125,0.998046875,0.370361328125,0.59283447265625,False,0.584716796875,0.57025146484375,0.5051364636224702,0.737548828125,0.72314453125,0.147705078125,0.577484130859375,False,0.518310546875,0.5166829427083334,0.5010755196436956,0.576904296875,0.512939453125,-0.012939453125,0.5174967447916667,False,mixed_or_none
173,scratch,9,54,True,0.521484375,00000011,3,0.671875,0.58642578125,0.5904541015625,0.5065737922004668,0.95947265625,0.998291015625,0.361083984375,0.58843994140625,False,0.60498046875,0.5897216796875,0.5070866331853001,0.772216796875,0.733154296875,0.173828125,0.59735107421875,False,0.521484375,0.5185953776041666,0.501366490724558,0.58544921875,0.51025390625,-0.012939453125,0.5200398763020833,False,mixed_or_none
173,scratch,13,58,True,0.532958984375,00110011,51,0.653564453125,0.584716796875,0.5921630859375,0.507874626736107,0.96630859375,0.997802734375,0.349853515625,0.58843994140625,False,0.653564453125,0.6434326171875,0.512344315308654,0.845703125,0.75732421875,0.229248046875,0.64849853515625,False,0.532958984375,0.5269775390625,0.5020505543090319,0.6083984375,0.509765625,-0.008056640625,0.52996826171875,False,mixed_or_none
173,scratch,17,62,True,0.53125,00110011,51,0.70556640625,0.55517578125,0.557861328125,0.5070184208455026,0.968017578125,0.99755859375,0.34521484375,0.5565185546875,False,0.70556640625,0.692138671875,0.5203040240801183,0.915771484375,0.787353515625,0.29296875,0.6988525390625,False,0.53125,0.5267333984375,0.502938605270334,0.633544921875,0.5166015625,0.0107421875,0.52899169921875,False,mixed_or_none
173,scratch,24,69,True,0.522705078125,00110011,51,0.795654296875,0.508544921875,0.5067138671875,0.5011742239240544,0.964599609375,0.997314453125,0.3232421875,0.50762939453125,False,0.795654296875,0.78692626953125,0.5455999055523064,0.9853515625,0.849365234375,0.343994140625,0.791290283203125,False,0.522705078125,0.5233154296875,0.5052797399344638,0.678955078125,0.5234375,0.03759765625,0.52301025390625,False,mixed_or_none
173,scratch,33,78,True,0.5126953125,00110011,51,0.94873046875,0.49365234375,0.4951171875,0.5000737446275821,0.9560546875,0.998291015625,0.285400390625,0.494384765625,False,0.94873046875,0.94842529296875,0.6162894536581742,1.0,0.94921875,0.329345703125,0.948577880859375,True,0.5126953125,0.5137532552083334,0.5098418675231695,0.75927734375,0.542236328125,0.088623046875,0.5132242838541667,False,Q
173,scratch,45,90,True,0.5,00110011,51,1.0,0.5,0.500244140625,0.5004226290896194,0.951904296875,0.998779296875,0.279296875,0.5001220703125,False,1.0,0.99993896484375,0.7999346586483972,1.0,0.9990234375,0.327392578125,0.999969482421875,True,0.5,0.5,0.5148223762607089,0.837158203125,0.5947265625,0.16455078125,0.5,False,Q
173,scratch,62,107,True,0.5,00110011,51,1.0,0.5,0.5,0.5037928235328577,0.949462890625,0.999267578125,0.257080078125,0.5,False,1.0,1.0,0.9153055151515149,1.0,1.0,0.3076171875,1.0,True,0.5,0.5,0.5179631979759978,0.943603515625,0.68896484375,0.251220703125,0.5,False,Q
173,scratch,85,130,True,0.526611328125,00110011,51,0.973388671875,0.498291015625,0.49951171875,0.49255873973069136,0.917724609375,0.999267578125,0.207275390625,0.4989013671875,False,0.973388671875,0.9715576171875,0.8259597359144022,1.0,1.0,0.28955078125,0.97247314453125,True,0.526611328125,0.5279541015625,0.5891837666749314,0.99951171875,0.931396484375,0.2890625,0.52728271484375,False,Q
173,scratch,117,162,True,0.978759765625,01010101,85,0.978759765625,0.508056640625,0.507568359375,0.5094545759472455,0.892333984375,0.99755859375,0.138427734375,0.5078125,False,0.521240234375,0.520751953125,0.6157125713537466,1.0,0.999755859375,0.24609375,0.52099609375,False,0.978759765625,0.9781494140625,0.8646762640263257,1.0,0.998291015625,0.24609375,0.97845458984375,True,Y
173,scratch,128,173,True,0.99951171875,01010101,85,0.99951171875,0.5,0.5001220703125,0.5016589135702093,0.892578125,0.9970703125,0.133056640625,0.50006103515625,False,0.50048828125,0.50079345703125,0.5540580913907003,1.0,0.99951171875,0.240478515625,0.500640869140625,False,0.99951171875,0.9994303385416667,0.9363991547259223,1.0,0.999755859375,0.240478515625,0.9994710286458334,True,Y
173,scratch,161,206,True,1.0,01010101,85,1.0,0.5,0.5,0.5004110529920197,0.905029296875,0.9970703125,0.1494140625,0.5,False,0.5,0.5,0.511736697283296,1.0,0.9990234375,0.244384765625,0.5,False,1.0,1.0,0.985888548080027,1.0,1.0,0.244384765625,1.0,True,Y
173,scratch,222,267,True,1.0,01010101,85,1.0,0.5,0.5,0.5000844309590706,0.906494140625,0.99658203125,0.15283203125,0.5,False,0.5,0.5,0.5040506163084646,1.0,0.99853515625,0.246337890625,0.5,False,1.0,1.0,0.9951219766788457,1.0,1.0,0.246337890625,1.0,True,Y
173,scratch,304,349,True,1.0,01010101,85,1.0,0.5,0.5,0.500047959939329,0.907470703125,0.996337890625,0.155029296875,0.5,False,0.5,0.5,0.5018349703501199,1.0,0.99853515625,0.24755859375,0.5,False,1.0,1.0,0.9977870650910452,1.0,1.0,0.24755859375,1.0,True,Y
173,scratch,418,463,True,1.0,01010101,85,1.0,0.5,0.5,0.5000244517554748,0.907958984375,0.995849609375,0.162841796875,0.5,False,0.5,0.5,0.5008813911758808,1.0,0.99853515625,0.2548828125,0.5,False,1.0,1.0,0.9989350587371182,1.0,1.0,0.2548828125,1.0,True,Y
173,scratch,575,620,True,1.0,01010101,85,1.0,0.5,0.5,0.5000110125982156,0.908203125,0.995849609375,0.17138671875,0.5,False,0.5,0.5,0.5004389692854899,1.0,0.99853515625,0.26318359375,0.5,False,1.0,1.0,0.9994689140216051,1.0,1.0,0.26318359375,1.0,True,Y
173,scratch,790,835,True,1.0,01010101,85,1.0,0.5,0.5,0.5000054439173007,0.906005859375,0.996337890625,0.174072265625,0.5,False,0.5,0.5,0.5002258797746729,1.0,0.99853515625,0.26806640625,0.5,False,1.0,1.0,0.9997267849053844,1.0,1.0,0.26806640625,1.0,True,Y
173,scratch,1024,1069,True,1.0,01010101,85,1.0,0.5,0.5,0.5000035350805696,0.908203125,0.99609375,0.177734375,0.5,False,0.5,0.5,0.5001317451876788,1.0,0.99853515625,0.26953125,0.5,False,1.0,1.0,0.9998406967004361,1.0,1.0,0.26953125,1.0,True,Y
173,sham,0,45,True,0.478759765625,11111111,255,0.725830078125,0.443115234375,0.43798828125,0.49900226229490396,0.888671875,0.99853515625,0.31982421875,0.4405517578125,False,0.502685546875,0.491943359375,0.4996972389259195,0.65283203125,0.713623046875,0.083984375,0.497314453125,False,0.478759765625,0.4861246744791667,0.49985256027892083,0.5498046875,0.504150390625,-0.01904296875,0.48244222005208337,False,mixed_or_none
173,sham,1,46,True,0.4990234375,11111111,255,0.96630859375,0.494140625,0.4945068359375,0.49987462563984886,0.894775390625,0.998291015625,0.322021484375,0.49432373046875,False,0.5048828125,0.5048828125,0.5001239217909612,0.646728515625,0.7080078125,0.073974609375,0.5048828125,False,0.4990234375,0.4986165364583333,0.4999432649132379,0.542236328125,0.503662109375,-0.030517578125,0.49881998697916663,False,mixed_or_none
173,sham,2,47,True,0.5,11111111,255,0.9931640625,0.49853515625,0.499267578125,0.5003828345614345,0.8984375,0.998046875,0.331787109375,0.4989013671875,False,0.5029296875,0.50311279296875,0.5005191930590247,0.65625,0.708740234375,0.089599609375,0.503021240234375,False,0.5,0.4996744791666667,0.5000301027550053,0.5400390625,0.503173828125,-0.026611328125,0.49983723958333337,False,mixed_or_none
173,sham,3,48,True,0.500732421875,11111111,255,0.963134765625,0.504638671875,0.5028076171875,0.5009792055654076,0.899169921875,0.998291015625,0.3291015625,0.50372314453125,False,0.514892578125,0.51446533203125,0.500889853583843,0.663818359375,0.71142578125,0.09375,0.514678955078125,False,0.500732421875,0.5010172526041666,0.5001002193953773,0.53955078125,0.5068359375,-0.030517578125,0.5008748372395833,False,mixed_or_none
173,sham,4,49,True,0.500244140625,11111111,255,0.929931640625,0.512939453125,0.5111083984375,0.5013150566166346,0.900634765625,0.998046875,0.33056640625,0.51202392578125,False,0.530517578125,0.5267333984375,0.501261034567049,0.66748046875,0.71337890625,0.097412109375,0.52862548828125,False,0.500244140625,0.501953125,0.5001816466403086,0.5419921875,0.508056640625,-0.028076171875,0.5010986328125,False,mixed_or_none
173,sham,5,50,True,0.508056640625,11111111,255,0.839111328125,0.528564453125,0.5242919921875,0.501506825421018,0.906005859375,0.998291015625,0.328857421875,0.52642822265625,False,0.563232421875,0.5513916015625,0.5016877201587041,0.681396484375,0.716552734375,0.104248046875,0.55731201171875,False,0.508056640625,0.5067138671875,0.5002614732788904,0.544677734375,0.5107421875,-0.032470703125,0.50738525390625,False,mixed_or_none
173,sham,7,52,True,0.51953125,00111111,63,0.63916015625,0.56298828125,0.5704345703125,0.502348947808227,0.906494140625,0.998291015625,0.33154296875,0.56671142578125,False,0.6083984375,0.588134765625,0.5027061574913725,0.71728515625,0.7265625,0.142333984375,0.5982666015625,False,0.51953125,0.5163167317708334,0.5004365322936896,0.552978515625,0.51318359375,-0.02197265625,0.5179239908854167,False,mixed_or_none
173,sham,9,54,True,0.522216796875,00110011,51,0.623779296875,0.576904296875,0.5794677734375,0.5027074018576018,0.9072265625,0.998291015625,0.321044921875,0.57818603515625,False,0.623779296875,0.610595703125,0.5040554893232567,0.754150390625,0.73291015625,0.16796875,0.6171875,False,0.522216796875,0.519287109375,0.5006435172715684,0.5556640625,0.513427734375,-0.030517578125,0.520751953125,False,mixed_or_none
173,sham,13,58,True,0.525634765625,00010011,19,0.684326171875,0.580810546875,0.583740234375,0.5038500570060639,0.912841796875,0.99853515625,0.325927734375,0.582275390625,False,0.680908203125,0.66796875,0.5080409032332025,0.831787109375,0.7578125,0.244873046875,0.6744384765625,False,0.525634765625,0.5205078125,0.5010979679555196,0.5634765625,0.51513671875,-0.0234375,0.5230712890625,False,mixed_or_none
173,sham,17,62,True,0.5283203125,00110011,51,0.732421875,0.55712890625,0.5616455078125,0.504274966056066,0.9287109375,0.99853515625,0.34033203125,0.55938720703125,False,0.732421875,0.72247314453125,0.5145547954723719,0.907958984375,0.7880859375,0.319580078125,0.727447509765625,False,0.5283203125,0.5215657552083334,0.5016461249381732,0.57373046875,0.51220703125,-0.0146484375,0.5249430338541667,False,mixed_or_none
173,sham,24,69,True,0.515625,00110011,51,0.82861328125,0.521484375,0.5223388671875,0.5033176959907402,0.944580078125,0.997802734375,0.329345703125,0.52191162109375,False,0.82861328125,0.82012939453125,0.5380443272539431,0.989501953125,0.85205078125,0.374267578125,0.824371337890625,False,0.515625,0.5164794921875,0.5031833977899447,0.642578125,0.51025390625,0.02734375,0.51605224609375,False,mixed_or_none
173,sham,33,78,True,0.50244140625,00110011,51,0.96240234375,0.5,0.50341796875,0.5029817549921323,0.9609375,0.998779296875,0.284423828125,0.501708984375,False,0.96240234375,0.9613037109375,0.6146125941935964,1.0,0.934326171875,0.323486328125,0.96185302734375,True,0.50244140625,0.5056966145833334,0.5056910061188276,0.665283203125,0.525634765625,-0.01123046875,0.5040690104166667,False,Q
173,sham,45,90,True,0.5,00110011,51,1.0,0.5,0.5,0.500303319937358,0.956298828125,1.0,0.26708984375,0.5,False,1.0,1.0,0.8217587271101756,1.0,0.99755859375,0.310791015625,1.0,True,0.5,0.5,0.5065971048228375,0.703857421875,0.530029296875,0.0146484375,0.5,False,Q
173,sham,62,107,True,0.5,00110011,51,1.0,0.5,0.5,0.5020962743347346,0.953369140625,0.999755859375,0.233642578125,0.5,False,1.0,1.0,0.9230069226762955,1.0,1.0,0.2802734375,1.0,True,0.5,0.5,0.5068771601660427,0.819091796875,0.55859375,0.099365234375,0.5,False,Q
173,sham,85,130,True,0.500732421875,00110011,51,0.999267578125,0.500244140625,0.4998779296875,0.4982836535981686,0.939697265625,0.999267578125,0.205078125,0.50006103515625,False,0.999267578125,0.99951171875,0.8668000854963921,1.0,0.99951171875,0.265380859375,0.9993896484375,True,0.500732421875,0.5010172526041666,0.530085973994335,0.92333984375,0.70068359375,0.188720703125,0.5008748372395833,False,Q
173,sham,117,162,True,0.5732421875,00110011,51,0.9267578125,0.498046875,0.5015869140625,0.5071755077166211,0.914794921875,0.998779296875,0.140625,0.49981689453125,False,0.9267578125,0.92645263671875,0.8145476270502916,1.0,0.999755859375,0.225830078125,0.926605224609375,True,0.5732421875,0.5721842447916666,0.6238723288900241,1.0,0.946533203125,0.225830078125,0.5727132161458333,False,Q
173,sham,128,173,True,0.719970703125,01110111,119,0.784912109375,0.492919921875,0.501953125,0.5008338556475547,0.89990234375,0.997802734375,0.127197265625,0.4974365234375,False,0.780029296875,0.7796630859375,0.742154624561852,1.0,1.0,0.227294921875,0.77984619140625,False,0.719970703125,0.7227376302083334,0.7070941460956958,1.0,0.97314453125,0.227294921875,0.7213541666666667,False,mixed_or_none
173,sham,161,206,True,0.99658203125,01010101,85,0.99658203125,0.5009765625,0.500732421875,0.5015001399269639,0.916015625,0.997802734375,0.132080078125,0.5008544921875,False,0.50341796875,0.5029296875,0.5522945866602342,1.0,0.99951171875,0.216064453125,0.503173828125,False,0.99658203125,0.9967854817708333,0.9387293596570381,1.0,0.99951171875,0.216064453125,0.9966837565104166,True,Y
173,sham,222,267,True,1.0,01010101,85,1.0,0.5,0.5,0.4999559901755558,0.90869140625,0.99609375,0.130126953125,0.5,False,0.5,0.5,0.5070665053082746,1.0,0.998779296875,0.221435546875,0.5,False,1.0,1.0,0.991550299915753,1.0,1.0,0.221435546875,1.0,True,Y
173,sham,304,349,True,1.0,01010101,85,1.0,0.5,0.5,0.49999785184681833,0.906005859375,0.99560546875,0.13134765625,0.5,False,0.5,0.5,0.5027966504623621,1.0,0.998779296875,0.225341796875,0.5,False,1.0,1.0,0.9966462438714427,1.0,1.0,0.225341796875,1.0,True,Y
173,sham,418,463,True,1.0,01010101,85,1.0,0.5,0.5,0.4999956655459341,0.90673828125,0.9951171875,0.13037109375,0.5,False,0.5,0.5,0.5012991280392656,0.99951171875,0.998779296875,0.22314453125,0.5,False,1.0,1.0,0.9984384472881067,1.0,1.0,0.2236328125,1.0,True,Y
173,sham,575,620,True,1.0,01010101,85,1.0,0.5,0.5,0.4999962827094873,0.912109375,0.99462890625,0.137939453125,0.5,False,0.5,0.5,0.5006409284144261,0.9990234375,0.99853515625,0.224853515625,0.5,False,1.0,1.0,0.9992284994544793,1.0,1.0,0.225830078125,1.0,True,Y
173,sham,790,835,True,1.0,01010101,85,1.0,0.5,0.5,0.4999986037247659,0.914306640625,0.993896484375,0.1396484375,0.5,False,0.5,0.5,0.5003301917922252,0.9990234375,0.998291015625,0.224365234375,0.5,False,1.0,1.0,0.9996034032424728,1.0,1.0,0.225341796875,1.0,True,Y
173,sham,1024,1069,True,1.0,01010101,85,1.0,0.5,0.5,0.4999995650488822,0.9150390625,0.99365234375,0.14501953125,0.5,False,0.5,0.5,0.5001929505392037,0.9990234375,0.998291015625,0.22900390625,0.5,False,1.0,1.0,0.9997686597558106,1.0,1.0,0.22998046875,1.0,True,Y
179,independent_carry,0,45,True,0.501953125,00001111,15,0.98828125,0.98828125,0.987548828125,0.8711381972037187,1.0,1.0,0.406494140625,0.9879150390625,True,0.51171875,0.5107421875,0.5813851304552463,0.9990234375,0.953857421875,0.405517578125,0.51123046875,False,0.501953125,0.5015462239583334,0.5006810006686194,0.500244140625,0.50244140625,-0.09326171875,0.5017496744791667,False,P
179,independent_carry,1,46,True,0.501708984375,00001111,15,0.985107421875,0.985107421875,0.9835205078125,0.8592078390834621,1.0,1.0,0.408935546875,0.98431396484375,True,0.514892578125,0.51446533203125,0.5896655256613548,0.999267578125,0.96142578125,0.408203125,0.514678955078125,False,0.501708984375,0.5010579427083334,0.5006955081348428,0.50439453125,0.50439453125,-0.086669921875,0.5013834635416667,False,P
179,independent_carry,2,47,True,0.5009765625,00001111,15,0.97900390625,0.97900390625,0.977294921875,0.8432252193440302,1.0,1.0,0.410400390625,0.9781494140625,True,0.52099609375,0.5213623046875,0.6002088264749257,0.999755859375,0.968994140625,0.41015625,0.52117919921875,False,0.5009765625,0.5010986328125,0.5007296061852172,0.504638671875,0.503662109375,-0.0849609375,0.50103759765625,False,P
179,independent_carry,3,48,True,0.50146484375,00001111,15,0.9716796875,0.9716796875,0.9697265625,0.8245410317987945,1.0,1.0,0.404052734375,0.970703125,True,0.5283203125,0.5308837890625,0.6117059604938822,1.0,0.97607421875,0.404052734375,0.52960205078125,False,0.50146484375,0.5021565755208334,0.5007775921445109,0.505126953125,0.505126953125,-0.0908203125,0.5018107096354167,False,P
179,independent_carry,4,49,True,0.500732421875,00001111,15,0.958740234375,0.958740234375,0.9566650390625,0.8032579840197044,1.0,1.0,0.405517578125,0.95770263671875,True,0.541259765625,0.54278564453125,0.6241299953811819,1.0,0.98193359375,0.405517578125,0.542022705078125,False,0.500732421875,0.5013427734375,0.5008273715638001,0.50537109375,0.50537109375,-0.089111328125,0.50103759765625,False,P
179,independent_carry,5,50,True,0.4990234375,00001111,15,0.9384765625,0.9384765625,0.933837890625,0.7795907675972712,1.0,1.0,0.409423828125,0.9361572265625,True,0.5615234375,0.56488037109375,0.6373655002345441,1.0,0.987548828125,0.409423828125,0.563201904296875,False,0.4990234375,0.5015462239583334,0.5008495275246807,0.5048828125,0.50537109375,-0.085693359375,0.5002848307291667,False,P
179,independent_carry,7,52,True,0.501708984375,00001111,15,0.865966796875,0.865966796875,0.8603515625,0.7315560006760713,1.0,1.0,0.412841796875,0.8631591796875,False,0.634033203125,0.63836669921875,0.6629456147127062,1.0,0.99365234375,0.412841796875,0.636199951171875,False,0.501708984375,0.5036214192708334,0.5008192477786636,0.508056640625,0.505126953125,-0.0791015625,0.5026652018229167,False,mixed_or_none
179,independent_carry,9,54,True,0.498779296875,00000011,3,0.806396484375,0.741943359375,0.743408203125,0.6844887656561319,1.0,1.0,0.4130859375,0.74267578125,False,0.758056640625,0.76104736328125,0.6861144681112247,1.0,0.996826171875,0.4130859375,0.759552001953125,False,0.498779296875,0.4989013671875,0.5007906516174204,0.5087890625,0.50537109375,-0.078125,0.49884033203125,False,mixed_or_none
179,independent_carry,13,58,True,0.499755859375,00110011,51,0.922607421875,0.577392578125,0.577392578125,0.607472090664215,0.9990234375,0.99951171875,0.3984375,0.577392578125,False,0.922607421875,0.92413330078125,0.7233065132533849,1.0,1.0,0.3994140625,0.923370361328125,True,0.499755859375,0.4987386067708333,0.5008058149139588,0.513427734375,0.502685546875,-0.087158203125,0.49924723307291663,False,Q
179,independent_carry,17,62,True,0.501220703125,00110011,51,0.994384765625,0.505615234375,0.505615234375,0.558857120275384,0.997802734375,0.999267578125,0.37548828125,0.505615234375,False,0.994384765625,0.9942626953125,0.7654008457118706,1.0,1.0,0.377685546875,0.99432373046875,True,0.501220703125,0.5005696614583334,0.5007863677121762,0.52587890625,0.506103515625,-0.096435546875,0.5008951822916667,False,Q
179,independent_carry,24,69,True,0.5,00110011,51,1.0,0.5,0.5,0.5147882410102272,0.995361328125,0.998779296875,0.360107421875,0.5,False,1.0,1.0,0.8364711994187672,1.0,1.0,0.36474609375,1.0,True,0.5,0.5,0.5006869977635631,0.51953125,0.499267578125,-0.11572265625,0.5,False,Q
179,independent_carry,33,78,True,0.5,00110011,51,1.0,0.5,0.5,0.4962419287177357,0.994384765625,0.99853515625,0.36328125,0.5,False,1.0,1.0,0.898481942084497,1.0,1.0,0.368896484375,1.0,True,0.5,0.5,0.5006804184950066,0.519287109375,0.501953125,-0.11181640625,0.5,False,Q
179,independent_carry,45,90,True,0.5,00110011,51,1.0,0.5,0.5,0.49367002398742377,0.991455078125,0.99853515625,0.3544921875,0.5,False,1.0,1.0,0.9163585828234067,1.0,1.0,0.363037109375,1.0,True,0.5,0.5,0.5006763743803955,0.52587890625,0.4990234375,-0.111083984375,0.5,False,Q
179,independent_carry,62,107,True,0.5,00110011,51,1.0,0.5,0.5,0.49653676105323435,0.98681640625,0.998046875,0.365478515625,0.5,False,1.0,1.0,0.8857153313575871,1.0,1.0,0.378662109375,1.0,True,0.5,0.5,0.5013927833582592,0.536376953125,0.505126953125,-0.0849609375,0.5,False,Q
179,independent_carry,85,130,True,0.5,00110011,51,1.0,0.5,0.5,0.502380800438344,0.975830078125,0.997314453125,0.332275390625,0.5,False,1.0,1.0,0.8999237379422171,1.0,1.0,0.3564453125,1.0,True,0.5,0.5,0.5022912023147649,0.56982421875,0.528076171875,-0.07373046875,0.5,False,Q
179,independent_carry,117,162,True,0.5,00110011,51,1.0,0.5,0.5,0.5013290185957949,0.972900390625,0.998779296875,0.307373046875,0.5,False,1.0,1.0,0.8909845548045973,1.0,1.0,0.33447265625,1.0,True,0.5,0.5,0.5074739587842444,0.65478515625,0.57861328125,-0.0107421875,0.5,False,Q
179,independent_carry,128,173,True,0.5,00110011,51,1.0,0.5,0.5,0.49988845457272474,0.97216796875,0.9990234375,0.306640625,0.5,False,1.0,1.0,0.8956457087384238,1.0,1.0,0.33447265625,1.0,True,0.5,0.5,0.5096289686514606,0.68701171875,0.608642578125,0.021484375,0.5,False,Q
179,independent_carry,161,206,True,0.500244140625,00110011,51,0.999755859375,0.500244140625,0.5,0.5027802669870246,0.966064453125,0.998291015625,0.254638671875,0.5001220703125,False,0.999755859375,0.999755859375,0.8780859609752305,1.0,1.0,0.28857421875,0.999755859375,True,0.500244140625,0.5002034505208334,0.531181247538719,0.854736328125,0.71630859375,0.143310546875,0.5002237955729167,False,Q
179,independent_carry,222,267,True,0.883544921875,01010101,85,0.883544921875,0.497802734375,0.49853515625,0.49940884229095145,0.978759765625,0.99658203125,0.2236328125,0.4981689453125,False,0.616455078125,0.62054443359375,0.6707038219421411,0.9990234375,0.999755859375,0.243896484375,0.618499755859375,False,0.883544921875,0.8817545572916667,0.8073375971565022,1.0,0.975341796875,0.244873046875,0.8826497395833334,False,mixed_or_none
179,independent_carry,304,349,True,1.0,01010101,85,1.0,0.5,0.5,0.4996937248490277,0.9814453125,0.996826171875,0.2333984375,0.5,False,0.5,0.5,0.5134023600428086,0.995361328125,0.999755859375,0.247314453125,0.5,False,1.0,1.0,0.9849370135727418,1.0,0.999755859375,0.251953125,1.0,True,Y
179,independent_carry,418,463,True,1.0,01010101,85,1.0,0.5,0.5,0.4999317207668647,0.979736328125,0.997802734375,0.235595703125,0.5,False,0.5,0.5,0.5042345481478541,0.99609375,0.99951171875,0.251953125,0.5,False,1.0,1.0,0.9952487173792228,1.0,1.0,0.255859375,1.0,True,Y
179,independent_carry,575,620,True,1.0,01010101,85,1.0,0.5,0.5,0.4999817188819839,0.977294921875,0.998291015625,0.241943359375,0.5,False,0.5,0.5,0.5018363777338992,0.99560546875,0.99951171875,0.26025390625,0.5,False,1.0,1.0,0.9979434162081138,1.0,1.0,0.2646484375,1.0,True,Y
179,independent_carry,790,835,True,1.0,01010101,85,1.0,0.5,0.5,0.499993117169554,0.97705078125,0.99853515625,0.249755859375,0.5,False,0.5,0.5,0.5008893807747816,0.995361328125,0.99951171875,0.26806640625,0.5,False,1.0,1.0,0.9990053244543426,1.0,1.0,0.272705078125,1.0,True,Y
179,independent_carry,1024,1069,True,1.0,01010101,85,1.0,0.5,0.5,0.4999979037396019,0.9775390625,0.99853515625,0.25048828125,0.5,False,0.5,0.5,0.5004990388560061,0.995849609375,0.99951171875,0.268798828125,0.5,False,1.0,1.0,0.999440461365076,1.0,1.0,0.27294921875,1.0,True,Y
179,independent_reset,0,45,True,0.501953125,00001111,15,0.98828125,0.98828125,0.987548828125,0.8711381972037187,1.0,1.0,0.406494140625,0.9879150390625,True,0.51171875,0.5107421875,0.5813851304552463,0.9990234375,0.953857421875,0.405517578125,0.51123046875,False,0.501953125,0.5015462239583334,0.5006810006686194,0.500244140625,0.50244140625,-0.09326171875,0.5017496744791667,False,P
179,independent_reset,1,46,True,0.501708984375,00001111,15,0.985107421875,0.985107421875,0.984130859375,0.8516818425042647,1.0,1.0,0.40380859375,0.984619140625,True,0.514892578125,0.5152587890625,0.5921175049404835,0.999267578125,0.9599609375,0.403076171875,0.51507568359375,False,0.501708984375,0.5013834635416666,0.5007047327392758,0.505859375,0.504150390625,-0.09033203125,0.5015462239583333,False,P
179,independent_reset,2,47,True,0.49951171875,00001111,15,0.97265625,0.97265625,0.9716796875,0.8290809741500031,1.0,1.0,0.400634765625,0.97216796875,True,0.52734375,0.5283203125,0.6038694189970135,0.999267578125,0.966552734375,0.39990234375,0.52783203125,False,0.49951171875,0.5011393229166666,0.5007296065237611,0.510986328125,0.50390625,-0.08837890625,0.5003255208333333,False,P
179,independent_reset,3,48,True,0.4990234375,00001111,15,0.9697265625,0.9697265625,0.9676513671875,0.809623383397699,1.0,1.0,0.394775390625,0.96868896484375,True,0.5302734375,0.53228759765625,0.6133557315381403,0.99951171875,0.972900390625,0.394287109375,0.531280517578125,False,0.4990234375,0.5009765625,0.5007742843461097,0.510498046875,0.503662109375,-0.0947265625,0.5,False,P
179,independent_reset,4,49,True,0.5,00001111,15,0.96484375,0.96484375,0.96337890625,0.7904229793503427,1.0,1.0,0.404541015625,0.964111328125,True,0.53515625,0.5362548828125,0.6223553917984195,0.999755859375,0.978759765625,0.404296875,0.53570556640625,False,0.5,0.5019938151041666,0.5008264545470832,0.508056640625,0.504150390625,-0.08740234375,0.5009969075520833,False,P
179,independent_reset,5,50,True,0.500244140625,00001111,15,0.956298828125,0.956298828125,0.95458984375,0.7696144154306284,1.0,1.0,0.409423828125,0.9554443359375,True,0.543701171875,0.5479736328125,0.6315484595313033,1.0,0.983154296875,0.409423828125,0.54583740234375,False,0.500244140625,0.502685546875,0.5008538459941241,0.51123046875,0.5048828125,-0.079345703125,0.50146484375,False,P
179,independent_reset,7,52,True,0.50244140625,00001111,15,0.908203125,0.908203125,0.90673828125,0.7293802686898325,1.0,1.0,0.406494140625,0.907470703125,True,0.591796875,0.5970458984375,0.6482639429566375,1.0,0.990478515625,0.406494140625,0.59442138671875,False,0.50244140625,0.5054117838541666,0.5008530021002048,0.506103515625,0.50146484375,-0.08740234375,0.5039265950520833,False,P
179,independent_reset,9,54,True,0.501953125,00000011,3,0.833984375,0.8125,0.8111572265625,0.6913632968694943,0.999755859375,1.0,0.40234375,0.81182861328125,False,0.6875,0.6922607421875,0.6625399441307891,1.0,0.994384765625,0.402587890625,0.68988037109375,False,0.501953125,0.5038248697916666,0.5008457778269287,0.510986328125,0.5029296875,-0.08642578125,0.5028889973958333,False,mixed_or_none
179,independent_reset,13,58,True,0.510986328125,00000011,3,0.876708984375,0.655517578125,0.6551513671875,0.6293574885365683,0.999267578125,0.99951171875,0.3916015625,0.65533447265625,False,0.844482421875,0.8477783203125,0.6866414025835041,1.0,0.997802734375,0.392333984375,0.84613037109375,False,0.510986328125,0.5033772786458334,0.5008988180732425,0.509521484375,0.502197265625,-0.09814453125,0.5071818033854167,False,mixed_or_none
179,independent_reset,17,62,True,0.501953125,00110011,51,0.966796875,0.533203125,0.53466796875,0.5898916631094308,0.998779296875,0.99951171875,0.374267578125,0.533935546875,False,0.966796875,0.96533203125,0.7191510970597423,1.0,0.999755859375,0.37548828125,0.966064453125,True,0.501953125,0.5017496744791666,0.5009041018968525,0.5166015625,0.50244140625,-0.10791015625,0.5018513997395833,False,Q
179,independent_reset,24,69,True,0.49951171875,00110011,51,0.99853515625,0.50146484375,0.5020751953125,0.5484669195524994,0.996826171875,0.99853515625,0.361572265625,0.50177001953125,False,0.99853515625,0.99853515625,0.7791415474165587,1.0,1.0,0.36474609375,0.99853515625,True,0.49951171875,0.4995930989583333,0.5008493584425048,0.518798828125,0.502197265625,-0.116455078125,0.49955240885416663,False,Q
179,independent_reset,33,78,True,0.5,00110011,51,1.0,0.5,0.5,0.5184922354494172,0.995849609375,0.998779296875,0.367919921875,0.5,False,1.0,1.0,0.8561243605470275,1.0,1.0,0.3720703125,1.0,True,0.5,0.5,0.5008316929341857,0.509765625,0.496826171875,-0.1181640625,0.5,False,Q
179,independent_reset,45,90,True,0.5,00110011,51,1.0,0.5,0.5,0.5029639930120487,0.995849609375,0.99951171875,0.364501953125,0.5,False,1.0,1.0,0.9098345836791822,1.0,1.0,0.36865234375,1.0,True,0.5,0.5,0.5006066824062856,0.51416015625,0.5029296875,-0.1171875,0.5,False,Q
179,independent_reset,62,107,True,0.5,00110011,51,1.0,0.5,0.5,0.49828797177084133,0.996337890625,0.999755859375,0.368408203125,0.5,False,1.0,1.0,0.8967145175172738,1.0,1.0,0.3720703125,1.0,True,0.5,0.5,0.5010032705953837,0.517333984375,0.507568359375,-0.110595703125,0.5,False,Q
179,independent_reset,85,130,True,0.5,00110011,51,1.0,0.5,0.5,0.5015470459404274,0.989501953125,0.999267578125,0.339599609375,0.5,False,1.0,1.0,0.8960117471162865,1.0,1.0,0.35009765625,1.0,True,0.5,0.5,0.5015894304637404,0.537841796875,0.513916015625,-0.112060546875,0.5,False,Q
179,independent_reset,117,162,True,0.5,00110011,51,1.0,0.5,0.5,0.5019389059131758,0.986328125,0.999755859375,0.306396484375,0.5,False,1.0,1.0,0.8928388058510036,1.0,1.0,0.320068359375,1.0,True,0.5,0.5,0.5045513034629533,0.634033203125,0.54345703125,-0.0458984375,0.5,False,Q
179,independent_reset,128,173,True,0.5,00110011,51,1.0,0.5,0.5,0.5008811587699186,0.9873046875,0.99951171875,0.31884765625,0.5,False,1.0,1.0,0.8965650270902533,1.0,1.0,0.33154296875,1.0,True,0.5,0.5,0.5060117628548412,0.660400390625,0.56103515625,-0.008056640625,0.5,False,Q
179,independent_reset,161,206,True,0.500244140625,00110011,51,0.999755859375,0.500244140625,0.5001220703125,0.5029324158871511,0.98291015625,0.99951171875,0.272216796875,0.50018310546875,False,0.999755859375,0.9998779296875,0.8857308304302333,1.0,1.0,0.289306640625,0.99981689453125,True,0.500244140625,0.5001220703125,0.5187224471590383,0.771484375,0.643310546875,0.060791015625,0.50018310546875,False,Q
179,independent_reset,222,267,True,0.7763671875,01110111,119,0.79736328125,0.498046875,0.5008544921875,0.5009517678764005,0.986328125,0.999755859375,0.226318359375,0.49945068359375,False,0.7236328125,0.72674560546875,0.7292769339930543,0.99951171875,1.0,0.239501953125,0.725189208984375,False,0.7763671875,0.7752685546875,0.7368958603284186,1.0,0.998291015625,0.239990234375,0.77581787109375,False,mixed_or_none
179,independent_reset,304,349,True,1.0,01010101,85,1.0,0.5,0.5,0.4990076622545657,0.98095703125,0.9990234375,0.245361328125,0.5,False,0.5,0.5,0.5181388908147254,0.99755859375,0.999267578125,0.261962890625,0.5,False,1.0,1.0,0.9798968400919779,1.0,1.0,0.264404296875,1.0,True,Y
179,independent_reset,418,463,True,1.0,01010101,85,1.0,0.5,0.5,0.4998274859569948,0.98291015625,0.9990234375,0.246337890625,0.5,False,0.5,0.5,0.5050324591516079,0.997802734375,0.999267578125,0.26123046875,0.5,False,1.0,1.0,0.9944199382883208,1.0,1.0,0.263427734375,1.0,True,Y
179,independent_reset,575,620,True,1.0,01010101,85,1.0,0.5,0.5,0.49992998326735516,0.98388671875,0.9990234375,0.244873046875,0.5,False,0.5,0.5,0.5020982746169712,0.9970703125,0.9990234375,0.258056640625,0.5,False,1.0,1.0,0.9976823469019596,1.0,1.0,0.260986328125,1.0,True,Y
179,independent_reset,790,835,True,1.0,01010101,85,1.0,0.5,0.5,0.4999686486672605,0.9853515625,0.9990234375,0.24462890625,0.5,False,0.5,0.5,0.5009851102391222,0.996337890625,0.9990234375,0.255615234375,0.5,False,1.0,1.0,0.9989127938747475,1.0,1.0,0.25927734375,1.0,True,Y
179,independent_reset,1024,1069,True,1.0,01010101,85,1.0,0.5,0.5,0.49998380549826127,0.98681640625,0.9990234375,0.249267578125,0.5,False,0.5,0.5,0.5005407320045893,0.995849609375,0.9990234375,0.25830078125,0.5,False,1.0,1.0,0.9994009902555514,1.0,1.0,0.262451171875,1.0,True,Y
179,nested_carry,0,45,True,0.50048828125,00001111,15,0.99951171875,0.99951171875,0.9996337890625,0.8758193131591516,1.0,1.0,0.3984375,0.99957275390625,True,0.50048828125,0.50030517578125,0.5297450560741583,0.8818359375,0.828125,0.2802734375,0.500396728515625,False,0.50048828125,0.5003255208333334,0.500934606962726,0.51806640625,0.502197265625,-0.08349609375,0.5004069010416667,False,P
179,nested_carry,1,46,True,0.50048828125,00001111,15,0.99951171875,0.99951171875,0.9996337890625,0.8651857037074928,1.0,1.0,0.395263671875,0.99957275390625,True,0.50048828125,0.50030517578125,0.5311961757720329,0.88916015625,0.83056640625,0.284423828125,0.500396728515625,False,0.50048828125,0.5003255208333334,0.5009527990513947,0.514404296875,0.503173828125,-0.09033203125,0.5004069010416667,False,P
179,nested_carry,2,47,True,0.5,00001111,15,0.9990234375,0.9990234375,0.999267578125,0.8494141647727201,1.0,1.0,0.39404296875,0.9991455078125,True,0.5009765625,0.5006103515625,0.5336652903773147,0.8974609375,0.833984375,0.29150390625,0.50079345703125,False,0.5,0.5000813802083334,0.500999922012085,0.51806640625,0.5029296875,-0.087890625,0.5000406901041667,False,P
179,nested_carry,3,48,True,0.50048828125,00001111,15,0.99853515625,0.99853515625,0.9990234375,0.8305268238288338,1.0,1.0,0.39013671875,0.998779296875,True,0.50146484375,0.50128173828125,0.5362755421513645,0.902099609375,0.839599609375,0.292236328125,0.501373291015625,False,0.50048828125,0.5005289713541666,0.5010560629549209,0.522216796875,0.50341796875,-0.087646484375,0.5005086263020833,False,P
179,nested_carry,4,49,True,0.50048828125,00001111,15,0.998046875,0.998046875,0.9984130859375,0.8086592475532396,1.0,1.0,0.390380859375,0.99822998046875,True,0.501953125,0.5015869140625,0.5390657272087634,0.915771484375,0.84619140625,0.30615234375,0.50177001953125,False,0.50048828125,0.5005289713541666,0.5011222900175418,0.526123046875,0.50390625,-0.08349609375,0.5005086263020833,False,P
179,nested_carry,5,50,True,0.49951171875,00001111,15,0.9970703125,0.9970703125,0.9974365234375,0.7834707440326099,1.0,1.0,0.39013671875,0.99725341796875,True,0.5029296875,0.50250244140625,0.5420822704756527,0.930908203125,0.854736328125,0.321044921875,0.502716064453125,False,0.49951171875,0.4998372395833333,0.5011728143599344,0.527099609375,0.504150390625,-0.082763671875,0.49967447916666663,False,P
179,nested_carry,7,52,True,0.49853515625,00001111,15,0.99365234375,0.99365234375,0.993896484375,0.7310385116540375,1.0,1.0,0.389404296875,0.9937744140625,True,0.50634765625,0.5059814453125,0.5473166173679429,0.954833984375,0.867919921875,0.34423828125,0.50616455078125,False,0.49853515625,0.4994710286458333,0.5012505529636455,0.53173828125,0.51025390625,-0.078857421875,0.49900309244791663,False,P
179,nested_carry,9,54,True,0.499755859375,00001111,15,0.986572265625,0.986572265625,0.9874267578125,0.6810501904667209,1.0,1.0,0.382568359375,0.98699951171875,True,0.513427734375,0.51251220703125,0.550490837367493,0.966064453125,0.884765625,0.3486328125,0.512969970703125,False,0.499755859375,0.5006103515625,0.5013456698716902,0.531494140625,0.5126953125,-0.0859375,0.50018310546875,False,P
179,nested_carry,13,58,True,0.5029296875,00001111,15,0.90478515625,0.90478515625,0.904052734375,0.6058783061054717,0.998779296875,1.0,0.373291015625,0.9044189453125,True,0.59375,0.59246826171875,0.5525602392475608,0.982177734375,0.923583984375,0.356689453125,0.593109130859375,False,0.5029296875,0.5037027994791666,0.5014781864384884,0.53369140625,0.516845703125,-0.091796875,0.5033162434895833,False,P
179,nested_carry,17,62,True,0.508544921875,00000011,3,0.868896484375,0.764892578125,0.7647705078125,0.5664510906550023,0.99462890625,0.999755859375,0.38623046875,0.76483154296875,False,0.721923828125,0.7247314453125,0.5587651567729827,0.989990234375,0.9501953125,0.381591796875,0.72332763671875,False,0.508544921875,0.5075276692708334,0.5015708434187194,0.52978515625,0.515380859375,-0.07861328125,0.5080362955729167,False,mixed_or_none
179,nested_carry,24,69,True,0.50927734375,00110011,51,0.90380859375,0.59423828125,0.5953369140625,0.539226873811727,0.97998046875,0.999755859375,0.377685546875,0.59478759765625,False,0.90380859375,0.904296875,0.5898565553166942,0.999755859375,0.982177734375,0.3974609375,0.904052734375,True,0.50927734375,0.5069580078125,0.5019991498175828,0.544677734375,0.5126953125,-0.0576171875,0.50811767578125,False,Q
179,nested_carry,33,78,True,0.49951171875,00110011,51,0.99560546875,0.50390625,0.5064697265625,0.525163966139677,0.97705078125,0.999755859375,0.357177734375,0.50518798828125,False,0.99560546875,0.99395751953125,0.6753969547337635,1.0,1.0,0.380126953125,0.994781494140625,True,0.49951171875,0.4997965494791667,0.5024200217892194,0.52880859375,0.513671875,-0.091064453125,0.49965413411458337,False,Q
179,nested_carry,45,90,True,0.5,00110011,51,1.0,0.5,0.5,0.510632620490853,0.984375,1.0,0.345458984375,0.5,False,1.0,1.0,0.8432612574276341,1.0,1.0,0.361083984375,1.0,True,0.5,0.5,0.5017410853147966,0.53125,0.5078125,-0.107666015625,0.5,False,Q
179,nested_carry,62,107,True,0.5,00110011,51,1.0,0.5,0.5,0.5018590307115723,0.982666015625,1.0,0.3486328125,0.5,False,1.0,1.0,0.9102961804180966,1.0,1.0,0.365966796875,1.0,True,0.5,0.5,0.5019212915628495,0.53662109375,0.5078125,-0.097412109375,0.5,False,Q
179,nested_carry,85,130,True,0.5,00110011,51,1.0,0.5,0.5,0.5033923580031654,0.969482421875,1.0,0.289794921875,0.5,False,1.0,1.0,0.894842300156529,1.0,1.0,0.3203125,1.0,True,0.5,0.5,0.5035184132038565,0.571533203125,0.53076171875,-0.108154296875,0.5,False,Q
179,nested_carry,117,162,True,0.5,00110011,51,1.0,0.5,0.5,0.5012763371631781,0.96484375,1.0,0.27099609375,0.5,False,1.0,1.0,0.893953924410431,1.0,1.0,0.30615234375,1.0,True,0.5,0.5,0.5103301742057896,0.65380859375,0.5869140625,-0.0400390625,0.5,False,Q
179,nested_carry,128,173,True,0.5,00110011,51,1.0,0.5,0.5,0.5002467560161445,0.9697265625,1.0,0.266357421875,0.5,False,1.0,1.0,0.8925536321617173,1.0,1.0,0.296630859375,1.0,True,0.5,0.5,0.5138774869029895,0.70458984375,0.61962890625,0.001220703125,0.5,False,Q
179,nested_carry,161,206,True,0.502685546875,00110011,51,0.997314453125,0.500732421875,0.5003662109375,0.5052181943071912,0.955810546875,0.998779296875,0.225830078125,0.50054931640625,False,0.997314453125,0.9971923828125,0.8689532848939385,1.0,1.0,0.27001953125,0.99725341796875,True,0.502685546875,0.5026041666666666,0.5452694723833356,0.928955078125,0.796875,0.198974609375,0.5026448567708333,False,Q
179,nested_carry,222,267,True,0.900390625,01010101,85,0.900390625,0.51220703125,0.5130615234375,0.5063511498965363,0.962158203125,0.998779296875,0.1904296875,0.51263427734375,False,0.599609375,0.60040283203125,0.6519405636537741,0.99951171875,0.999755859375,0.227783203125,0.600006103515625,False,0.900390625,0.9024658203125,0.8291698286644464,0.999755859375,1.0,0.22802734375,0.90142822265625,True,Y
179,nested_carry,304,349,True,1.0,01010101,85,1.0,0.5,0.5,0.5003195125893786,0.96630859375,0.9990234375,0.195556640625,0.5,False,0.5,0.5,0.5113656152478596,0.998291015625,0.999755859375,0.2275390625,0.5,False,1.0,1.0,0.9870618565070344,1.0,1.0,0.229248046875,1.0,True,Y
179,nested_carry,418,463,True,1.0,01010101,85,1.0,0.5,0.5,0.5001155794677158,0.96484375,0.9990234375,0.198486328125,0.5,False,0.5,0.5,0.5036180856185778,0.99853515625,0.999755859375,0.232177734375,0.5,False,1.0,1.0,0.9959178313181976,1.0,1.0,0.233642578125,1.0,True,Y
179,nested_carry,575,620,True,1.0,01010101,85,1.0,0.5,0.5,0.5000542437970485,0.966552734375,0.999267578125,0.2001953125,0.5,False,0.5,0.5,0.5015235421106292,0.99853515625,0.999755859375,0.232177734375,0.5,False,1.0,1.0,0.9982771957957866,1.0,1.0,0.233642578125,1.0,True,Y
179,nested_carry,790,835,True,1.0,01010101,85,1.0,0.5,0.5,0.5000268396636007,0.96923828125,0.999267578125,0.202392578125,0.5,False,0.5,0.5,0.5007293677672615,0.998046875,0.999755859375,0.231201171875,0.5,False,1.0,1.0,0.9991761212762467,1.0,1.0,0.233154296875,1.0,True,Y
179,nested_carry,1024,1069,True,1.0,01010101,85,1.0,0.5,0.5,0.5000146497221576,0.970458984375,0.999267578125,0.20458984375,0.5,False,0.5,0.5,0.500406628125589,0.998046875,0.999755859375,0.232177734375,0.5,False,1.0,1.0,0.9995393049462071,1.0,1.0,0.234130859375,1.0,True,Y
179,nested_reset,0,45,True,0.50048828125,00001111,15,0.99951171875,0.99951171875,0.9996337890625,0.8758193131591516,1.0,1.0,0.3984375,0.99957275390625,True,0.50048828125,0.50030517578125,0.5297450560741583,0.8818359375,0.828125,0.2802734375,0.500396728515625,False,0.50048828125,0.5003255208333334,0.500934606962726,0.51806640625,0.502197265625,-0.08349609375,0.5004069010416667,False,P
179,nested_reset,1,46,True,0.50048828125,00001111,15,0.99853515625,0.99853515625,0.9991455078125,0.8532606749130582,1.0,1.0,0.396728515625,0.99884033203125,True,0.50146484375,0.50091552734375,0.5338581235648182,0.890625,0.833984375,0.287353515625,0.501190185546875,False,0.50048828125,0.5002848307291666,0.5009630633108861,0.51904296875,0.501708984375,-0.084228515625,0.5003865559895833,False,P
179,nested_reset,2,47,True,0.5009765625,00001111,15,0.9970703125,0.9970703125,0.9970703125,0.8284163053089721,1.0,1.0,0.396240234375,0.9970703125,True,0.5029296875,0.5029296875,0.5381432938285996,0.89892578125,0.840087890625,0.295166015625,0.5029296875,False,0.5009765625,0.5006917317708334,0.5010154179018605,0.517578125,0.502197265625,-0.086181640625,0.5008341471354167,False,P
179,nested_reset,3,48,True,0.50146484375,00001111,15,0.9951171875,0.9951171875,0.995361328125,0.805750222516654,1.0,1.0,0.389404296875,0.9952392578125,True,0.5048828125,0.50445556640625,0.5413566744857129,0.910400390625,0.84765625,0.2998046875,0.504669189453125,False,0.50146484375,0.5008138020833334,0.5010619992342913,0.515380859375,0.5048828125,-0.09521484375,0.5011393229166667,False,P
179,nested_reset,4,49,True,0.500732421875,00001111,15,0.994384765625,0.994384765625,0.9942626953125,0.7834683151685276,1.0,1.0,0.385498046875,0.99432373046875,True,0.505615234375,0.505615234375,0.5441496069563452,0.923583984375,0.859375,0.30908203125,0.505615234375,False,0.500732421875,0.5004069010416666,0.501119069533455,0.515869140625,0.506103515625,-0.0986328125,0.5005696614583333,False,P
179,nested_reset,5,50,True,0.501220703125,00001111,15,0.990966796875,0.990966796875,0.9913330078125,0.7600519660287375,1.0,1.0,0.386962890625,0.99114990234375,True,0.509033203125,0.5081787109375,0.5468048245762874,0.938720703125,0.8671875,0.32568359375,0.50860595703125,False,0.501220703125,0.5010986328125,0.5011690619910132,0.51806640625,0.50244140625,-0.094970703125,0.50115966796875,False,P
179,nested_reset,7,52,True,0.49951171875,00001111,15,0.98681640625,0.98681640625,0.98681640625,0.7166705587904914,1.0,1.0,0.38525390625,0.98681640625,True,0.51318359375,0.51202392578125,0.5509704812962282,0.958251953125,0.877197265625,0.343505859375,0.512603759765625,False,0.49951171875,0.5008951822916666,0.5012514591567654,0.522705078125,0.505126953125,-0.092041015625,0.5002034505208333,False,P
179,nested_reset,9,54,True,0.4990234375,00001111,15,0.98828125,0.98828125,0.9886474609375,0.6788232040762131,1.0,1.0,0.38037109375,0.98846435546875,True,0.51171875,0.51123046875,0.5535357938970894,0.968505859375,0.893798828125,0.348876953125,0.511474609375,False,0.4990234375,0.500244140625,0.5013084279807143,0.52587890625,0.5087890625,-0.09375,0.4996337890625,False,P
179,nested_reset,13,58,True,0.50146484375,00001111,15,0.92626953125,0.92626953125,0.9261474609375,0.6195345210161369,0.99951171875,1.0,0.387939453125,0.92620849609375,True,0.57373046875,0.57476806640625,0.5560814107700613,0.982666015625,0.924072265625,0.37109375,0.574249267578125,False,0.50146484375,0.5035400390625,0.5013611963000636,0.521728515625,0.513671875,-0.08984375,0.50250244140625,False,P
179,nested_reset,17,62,True,0.504150390625,00000011,3,0.885009765625,0.807373046875,0.8079833984375,0.5853216446348325,0.9990234375,1.0,0.392578125,0.80767822265625,False,0.687744140625,0.689453125,0.5628037267097541,0.99169921875,0.947265625,0.38525390625,0.6885986328125,False,0.504150390625,0.5056559244791666,0.5014115213861838,0.524658203125,0.514404296875,-0.081787109375,0.5049031575520833,False,mixed_or_none
179,nested_reset,24,69,True,0.50244140625,00110011,51,0.83544921875,0.66455078125,0.6649169921875,0.5594482122493587,0.9951171875,1.0,0.386474609375,0.66473388671875,False,0.83544921875,0.83734130859375,0.5906389593928941,0.999755859375,0.97705078125,0.39111328125,0.836395263671875,False,0.50244140625,0.5042317708333334,0.501742716006877,0.5244140625,0.513916015625,-0.084228515625,0.5033365885416667,False,mixed_or_none
179,nested_reset,33,78,True,0.50390625,00110011,51,0.9716796875,0.5283203125,0.53173828125,0.5463533360394242,0.993408203125,1.0,0.38916015625,0.530029296875,False,0.9716796875,0.969970703125,0.6582838029269885,1.0,0.99755859375,0.395751953125,0.9708251953125,True,0.50390625,0.5029296875,0.5021497688909953,0.518310546875,0.518798828125,-0.0859375,0.50341796875,False,Q
179,nested_reset,45,90,True,0.5,00110011,51,1.0,0.5,0.5001220703125,0.5289727369659569,0.994873046875,1.0,0.374267578125,0.50006103515625,False,1.0,0.99993896484375,0.7981688753500058,1.0,1.0,0.37939453125,0.999969482421875,True,0.5,0.5,0.5018444180495134,0.5166015625,0.507568359375,-0.10400390625,0.5,False,Q
179,nested_reset,62,107,True,0.5,00110011,51,1.0,0.5,0.5,0.5047689561272601,0.99462890625,1.0,0.353271484375,0.5,False,1.0,1.0,0.9034114782929006,1.0,1.0,0.358642578125,1.0,True,0.5,0.5,0.5016279303796128,0.51513671875,0.508056640625,-0.126220703125,0.5,False,Q
179,nested_reset,85,130,True,0.5,00110011,51,1.0,0.5,0.5,0.5012785573653393,0.990966796875,1.0,0.336669921875,0.5,False,1.0,1.0,0.900332600689508,1.0,1.0,0.345703125,1.0,True,0.5,0.5,0.5026989111898427,0.546630859375,0.5205078125,-0.107666015625,0.5,False,Q
179,nested_reset,117,162,True,0.5,00110011,51,1.0,0.5,0.5,0.5024040598652693,0.9833984375,0.999755859375,0.299072265625,0.5,False,1.0,1.0,0.8937033799415215,1.0,1.0,0.315673828125,1.0,True,0.5,0.5,0.508383904053114,0.6162109375,0.586181640625,-0.068115234375,0.5,False,Q
179,nested_reset,128,173,True,0.5,00110011,51,1.0,0.5,0.5,0.5006278003913416,0.9794921875,0.999755859375,0.288818359375,0.5,False,1.0,1.0,0.8933115678347233,1.0,1.0,0.309326171875,1.0,True,0.5,0.5,0.5114772678489475,0.659912109375,0.628173828125,-0.03076171875,0.5,False,Q
179,nested_reset,161,206,True,0.501708984375,00110011,51,0.998291015625,0.501220703125,0.500732421875,0.5065983219635994,0.974853515625,0.9990234375,0.26513671875,0.5009765625,False,0.998291015625,0.99798583984375,0.8729281862671545,1.0,1.0,0.290283203125,0.998138427734375,True,0.501708984375,0.5015869140625,0.5411466532151478,0.8603515625,0.793212890625,0.150634765625,0.50164794921875,False,Q
179,nested_reset,222,267,True,0.9326171875,01010101,85,0.9326171875,0.50830078125,0.5062255859375,0.5031242751034937,0.9912109375,0.999267578125,0.244873046875,0.50726318359375,False,0.5673828125,0.56890869140625,0.6347528895792445,0.993896484375,0.999755859375,0.24755859375,0.568145751953125,False,0.9326171875,0.9328206380208333,0.8475854852000877,0.9990234375,1.0,0.252685546875,0.9327189127604166,True,Y
179,nested_reset,304,349,True,1.0,01010101,85,1.0,0.5,0.5,0.4999803713600165,0.993408203125,1.0,0.263427734375,0.5,False,0.5,0.5,0.5101670338115271,0.9892578125,0.999267578125,0.25927734375,0.5,False,1.0,1.0,0.9884382982014677,1.0,1.0,0.27001953125,1.0,True,Y
179,nested_reset,418,463,True,1.0,01010101,85,1.0,0.5,0.5,0.5000068338023077,0.994873046875,1.0,0.263671875,0.5,False,0.5,0.5,0.5033165440372362,0.9892578125,0.999267578125,0.258056640625,0.5,False,1.0,1.0,0.9962466877407696,1.0,1.0,0.268798828125,1.0,True,Y
179,nested_reset,575,620,True,1.0,01010101,85,1.0,0.5,0.5,0.5000107135661662,0.9951171875,1.0,0.26708984375,0.5,False,0.5,0.5,0.5014089531258427,0.98974609375,0.999267578125,0.26171875,0.5,False,1.0,1.0,0.9984009456731464,1.0,1.0,0.27197265625,1.0,True,Y
179,nested_reset,790,835,True,1.0,01010101,85,1.0,0.5,0.5,0.5000048654206801,0.9951171875,1.0,0.266845703125,0.5,False,0.5,0.5,0.5006701000395073,0.990966796875,0.998779296875,0.2626953125,0.5,False,1.0,1.0,0.9992390942645477,1.0,1.0,0.271728515625,1.0,True,Y
179,nested_reset,1024,1069,True,1.0,01010101,85,1.0,0.5,0.5,0.5000023846729506,0.994873046875,1.0,0.266845703125,0.5,False,0.5,0.5,0.5003684100172551,0.991943359375,0.998779296875,0.263916015625,0.5,False,1.0,1.0,0.9995792657649163,1.0,1.0,0.27197265625,1.0,True,Y
179,scratch,0,45,True,0.501708984375,00000000,0,0.996826171875,0.500732421875,0.5010986328125,0.5031473701895436,0.9482421875,0.997314453125,0.361328125,0.50091552734375,False,0.499755859375,0.50030517578125,0.4999991265027042,0.697998046875,0.726318359375,0.111083984375,0.500030517578125,False,0.501708984375,0.5009358723958334,0.4999707363490113,0.534423828125,0.505859375,-0.052490234375,0.5013224283854167,False,mixed_or_none
179,scratch,1,46,True,0.5029296875,00000000,0,0.77685546875,0.5625,0.5640869140625,0.5033792197050901,0.9482421875,0.997314453125,0.364501953125,0.56329345703125,False,0.49560546875,0.50750732421875,0.5010294638167611,0.70263671875,0.7265625,0.118896484375,0.501556396484375,False,0.5029296875,0.4979654947916667,0.5000629003164861,0.53271484375,0.502685546875,-0.051025390625,0.5004475911458334,False,mixed_or_none
179,scratch,2,47,True,0.50390625,00111111,63,0.66162109375,0.62158203125,0.6156005859375,0.5044397793042217,0.945068359375,0.997802734375,0.357421875,0.61859130859375,False,0.53955078125,0.54833984375,0.5021034211234364,0.7041015625,0.727783203125,0.116455078125,0.5439453125,False,0.50390625,0.5000813802083334,0.5001395228531015,0.53466796875,0.504638671875,-0.052978515625,0.5019938151041667,False,mixed_or_none
179,scratch,3,48,True,0.506103515625,01111111,127,0.696533203125,0.610107421875,0.6041259765625,0.5048028610044689,0.94287109375,0.997802734375,0.359619140625,0.60711669921875,False,0.553466796875,0.5634765625,0.5030443238441273,0.726806640625,0.732421875,0.1435546875,0.5584716796875,False,0.506103515625,0.5011393229166666,0.500225706960409,0.533935546875,0.504638671875,-0.04931640625,0.5036214192708333,False,mixed_or_none
179,scratch,4,49,True,0.51318359375,11111111,255,0.72900390625,0.6044921875,0.60107421875,0.505315001167743,0.942138671875,0.997802734375,0.352783203125,0.602783203125,False,0.564453125,0.57464599609375,0.5040426256433963,0.745361328125,0.735595703125,0.156005859375,0.569549560546875,False,0.51318359375,0.5079345703125,0.5003095349767074,0.5400390625,0.5068359375,-0.04931640625,0.51055908203125,False,mixed_or_none
179,scratch,5,50,True,0.516845703125,11111111,255,0.830810546875,0.574951171875,0.5711669921875,0.5055763945453576,0.939453125,0.998291015625,0.349609375,0.57305908203125,False,0.557861328125,0.5679931640625,0.5051227786081226,0.76611328125,0.738037109375,0.17626953125,0.56292724609375,False,0.516845703125,0.5097249348958334,0.5003873494861565,0.540771484375,0.50830078125,-0.049072265625,0.5132853190104167,False,mixed_or_none
179,scratch,7,52,True,0.513916015625,11111111,255,0.852783203125,0.571533203125,0.5712890625,0.506941597273059,0.943603515625,0.998291015625,0.352294921875,0.5714111328125,False,0.572998046875,0.58123779296875,0.5075957996192672,0.81005859375,0.746337890625,0.21875,0.577117919921875,False,0.513916015625,0.5085042317708334,0.5005348209148416,0.545166015625,0.510986328125,-0.046142578125,0.5112101236979167,False,mixed_or_none
179,scratch,9,54,True,0.511962890625,00111111,63,0.727783203125,0.620361328125,0.6138916015625,0.5077613516133969,0.941650390625,0.99853515625,0.3447265625,0.61712646484375,False,0.656005859375,0.6688232421875,0.5102649875904337,0.861572265625,0.763671875,0.2646484375,0.66241455078125,False,0.511962890625,0.5060221354166666,0.5006514111844534,0.543212890625,0.512939453125,-0.0537109375,0.5089925130208333,False,mixed_or_none
179,scratch,13,58,True,0.5029296875,00000001,1,0.8056640625,0.59375,0.5867919921875,0.5082471969694906,0.937744140625,0.997314453125,0.33544921875,0.59027099609375,False,0.65966796875,0.6689453125,0.5169429855437797,0.939697265625,0.79150390625,0.33740234375,0.664306640625,False,0.5029296875,0.502685546875,0.500899323680363,0.544189453125,0.510009765625,-0.05810546875,0.5028076171875,False,mixed_or_none
179,scratch,17,62,True,0.50830078125,00000011,3,0.814453125,0.5908203125,0.583740234375,0.5103292576889784,0.94140625,0.99755859375,0.3232421875,0.5872802734375,False,0.75,0.75750732421875,0.5292057827306038,0.98095703125,0.827392578125,0.36279296875,0.753753662109375,False,0.50830078125,0.5059407552083334,0.501324095776493,0.544189453125,0.51123046875,-0.073974609375,0.5071207682291667,False,mixed_or_none
179,scratch,24,69,True,0.504150390625,00110011,51,0.927490234375,0.556884765625,0.5570068359375,0.5160889231868415,0.948974609375,0.99755859375,0.310546875,0.55694580078125,False,0.927490234375,0.93023681640625,0.5710827660462066,0.999755859375,0.894775390625,0.361328125,0.928863525390625,True,0.504150390625,0.5033365885416666,0.5021680688118774,0.56884765625,0.50927734375,-0.069580078125,0.5037434895833333,False,Q
179,scratch,33,78,True,0.499755859375,00110011,51,0.998779296875,0.501220703125,0.5010986328125,0.5147053446243842,0.93896484375,0.998291015625,0.294189453125,0.50115966796875,False,0.998779296875,0.9989013671875,0.6883671573056178,1.0,0.973388671875,0.355224609375,0.99884033203125,True,0.499755859375,0.5000406901041666,0.502790921749949,0.572509765625,0.51806640625,-0.072265625,0.4998982747395833,False,Q
179,scratch,45,90,True,0.5,00110011,51,1.0,0.5,0.5,0.4980204051371647,0.928466796875,0.99853515625,0.28369140625,0.5,False,1.0,1.0,0.8853541307988881,1.0,0.9990234375,0.355224609375,1.0,True,0.5,0.5,0.5021217140503469,0.58740234375,0.537353515625,-0.057373046875,0.5,False,Q
179,scratch,62,107,True,0.5,00110011,51,1.0,0.5,0.5,0.49629494606538027,0.9033203125,0.999267578125,0.25732421875,0.5,False,1.0,1.0,0.9018627268448601,1.0,0.99951171875,0.35400390625,1.0,True,0.5,0.5,0.5041599630591275,0.674072265625,0.568603515625,0.028076171875,0.5,False,Q
179,scratch,85,130,True,0.5,00110011,51,1.0,0.5,0.5,0.5004602825127062,0.89013671875,0.99951171875,0.222900390625,0.5,False,1.0,1.0,0.8844585814999215,1.0,0.99951171875,0.332763671875,1.0,True,0.5,0.5,0.5147690901522248,0.880126953125,0.7744140625,0.212890625,0.5,False,Q
179,scratch,117,162,True,0.518310546875,00110011,51,0.981689453125,0.498779296875,0.4989013671875,0.4964245535679699,0.88427734375,0.9990234375,0.14990234375,0.49884033203125,False,0.981689453125,0.98248291015625,0.8230969730925703,1.0,0.9990234375,0.265625,0.982086181640625,True,0.518310546875,0.5174560546875,0.6086387999313495,1.0,1.0,0.265625,0.51788330078125,False,Q
179,scratch,128,173,True,0.68310546875,00110011,51,0.81689453125,0.49462890625,0.4910888671875,0.4970263423708281,0.9169921875,0.999267578125,0.17236328125,0.49285888671875,False,0.81689453125,0.81781005859375,0.7477624508050127,1.0,0.998046875,0.25537109375,0.817352294921875,False,0.68310546875,0.6770426432291666,0.7027159394393154,1.0,1.0,0.25537109375,0.6800740559895833,False,mixed_or_none
179,scratch,161,206,True,1.0,01010101,85,1.0,0.5,0.5,0.5013710152680693,0.9541015625,0.998779296875,0.2001953125,0.5,False,0.5,0.5,0.5313637367194486,0.999755859375,0.99755859375,0.245849609375,0.5,False,1.0,1.0,0.962383356955048,1.0,1.0,0.24609375,1.0,True,Y
179,scratch,222,267,True,1.0,01010101,85,1.0,0.5,0.5,0.4999731713052357,0.957275390625,0.998291015625,0.205078125,0.5,False,0.5,0.5,0.5050571115132929,1.0,0.9970703125,0.247802734375,0.5,False,1.0,1.0,0.993893967916766,1.0,1.0,0.247802734375,1.0,True,Y
179,scratch,304,349,True,1.0,01010101,85,1.0,0.5,0.5,0.4999971480061634,0.957763671875,0.998291015625,0.211669921875,0.5,False,0.5,0.5,0.5020995775579207,1.0,0.9970703125,0.25390625,0.5,False,1.0,1.0,0.9974632960113781,1.0,1.0,0.25390625,1.0,True,Y
179,scratch,418,463,True,1.0,01010101,85,1.0,0.5,0.5,0.4999989910880616,0.958984375,0.998046875,0.2138671875,0.5,False,0.5,0.5,0.5009887144819336,1.0,0.996826171875,0.2548828125,0.5,False,1.0,1.0,0.9988026410760462,1.0,1.0,0.2548828125,1.0,True,Y
179,scratch,575,620,True,1.0,01010101,85,1.0,0.5,0.5,0.5000011689380689,0.963623046875,0.998291015625,0.22021484375,0.5,False,0.5,0.5,0.5004910975103085,1.0,0.996337890625,0.256591796875,0.5,False,1.0,1.0,0.99940362135102,1.0,1.0,0.256591796875,1.0,True,Y
179,scratch,790,835,True,1.0,01010101,85,1.0,0.5,0.5,0.5000007472896031,0.964599609375,0.998291015625,0.2216796875,0.5,False,0.5,0.5,0.5002513422550121,1.0,0.99609375,0.257080078125,0.5,False,1.0,1.0,0.9996940677520376,1.0,1.0,0.257080078125,1.0,True,Y
179,scratch,1024,1069,True,1.0,01010101,85,1.0,0.5,0.5,0.5000004649350697,0.965087890625,0.998291015625,0.221435546875,0.5,False,0.5,0.5,0.5001466624569055,1.0,0.996337890625,0.25634765625,0.5,False,1.0,1.0,0.9998212013024181,1.0,1.0,0.25634765625,1.0,True,Y
179,sham,0,45,True,0.501708984375,11111111,255,0.992919921875,0.503662109375,0.503173828125,0.5009906764453302,0.8828125,0.99853515625,0.324462890625,0.50341796875,False,0.501708984375,0.50091552734375,0.5001675361236316,0.680419921875,0.731201171875,0.1220703125,0.501312255859375,False,0.501708984375,0.500732421875,0.49995222656280164,0.5263671875,0.506103515625,-0.031982421875,0.501220703125,False,mixed_or_none
179,sham,1,46,True,0.50048828125,11111111,255,0.99951171875,0.50048828125,0.50048828125,0.5010557643401649,0.889892578125,0.997802734375,0.33251953125,0.50048828125,False,0.5,0.5001220703125,0.5008123153290015,0.6923828125,0.73486328125,0.135009765625,0.50006103515625,False,0.50048828125,0.5002848307291666,0.4999992074936478,0.52294921875,0.507080078125,-0.034423828125,0.5003865559895833,False,mixed_or_none
179,sham,2,47,True,0.500244140625,11111111,255,0.999755859375,0.500244140625,0.5001220703125,0.5018611873562291,0.896240234375,0.99755859375,0.34033203125,0.50018310546875,False,0.500244140625,0.50018310546875,0.5014892873943505,0.7119140625,0.73876953125,0.156005859375,0.500213623046875,False,0.500244140625,0.5001220703125,0.5000489918927211,0.527587890625,0.507080078125,-0.0283203125,0.50018310546875,False,mixed_or_none
179,sham,3,48,True,0.502685546875,11111111,255,0.994873046875,0.504150390625,0.5037841796875,0.5022333185668756,0.897705078125,0.997314453125,0.3369140625,0.50396728515625,False,0.503173828125,0.50445556640625,0.5020348901653873,0.73046875,0.744873046875,0.169677734375,0.503814697265625,False,0.502685546875,0.5013427734375,0.5001032607461138,0.535888671875,0.507568359375,-0.02490234375,0.50201416015625,False,mixed_or_none
179,sham,4,49,True,0.509033203125,11111111,255,0.973876953125,0.515869140625,0.517822265625,0.5026022612747816,0.899658203125,0.99755859375,0.337890625,0.516845703125,False,0.515869140625,0.5203857421875,0.5026496522811527,0.74853515625,0.7529296875,0.186767578125,0.51812744140625,False,0.509033203125,0.5054524739583334,0.5001622785686383,0.53125,0.50634765625,-0.030517578125,0.5072428385416667,False,mixed_or_none
179,sham,5,50,True,0.51123046875,11111111,255,0.96484375,0.51611328125,0.519287109375,0.5028096815884951,0.901611328125,0.99755859375,0.3359375,0.5177001953125,False,0.52294921875,0.5269775390625,0.50339046697945,0.76953125,0.75927734375,0.203857421875,0.52496337890625,False,0.51123046875,0.5059814453125,0.5002207412200488,0.5390625,0.5087890625,-0.026611328125,0.50860595703125,False,mixed_or_none
179,sham,7,52,True,0.510009765625,11111111,255,0.904541015625,0.535888671875,0.540771484375,0.503687522943664,0.901123046875,0.99755859375,0.33203125,0.538330078125,False,0.568603515625,0.57318115234375,0.5051405600987899,0.82373046875,0.7685546875,0.254638671875,0.570892333984375,False,0.510009765625,0.5065511067708334,0.5003431467535885,0.543212890625,0.510498046875,-0.02587890625,0.5082804361979167,False,mixed_or_none
179,sham,9,54,True,0.52294921875,00111111,63,0.7451171875,0.59033203125,0.5897216796875,0.5042139158121688,0.89990234375,0.997802734375,0.32568359375,0.59002685546875,False,0.6796875,0.6881103515625,0.5071411649212307,0.873046875,0.782470703125,0.298828125,0.68389892578125,False,0.52294921875,0.5119222005208334,0.500480025895579,0.5400390625,0.51220703125,-0.0341796875,0.5174357096354167,False,mixed_or_none
179,sham,13,58,True,0.5166015625,00000011,3,0.7861328125,0.58642578125,0.5787353515625,0.50448631855806,0.904052734375,0.998046875,0.32373046875,0.58258056640625,False,0.703125,0.715576171875,0.5126683000100767,0.9453125,0.816162109375,0.364990234375,0.7093505859375,False,0.5166015625,0.5099283854166666,0.5007895835558578,0.54296875,0.512939453125,-0.037353515625,0.5132649739583333,False,mixed_or_none
179,sham,17,62,True,0.51220703125,00110011,51,0.8017578125,0.564453125,0.5662841796875,0.5061273340149661,0.908203125,0.997802734375,0.324462890625,0.56536865234375,False,0.8017578125,0.80780029296875,0.5234558459303861,0.98388671875,0.85302734375,0.400146484375,0.804779052734375,False,0.51220703125,0.50732421875,0.5011582684292128,0.540283203125,0.518310546875,-0.04345703125,0.509765625,False,mixed_or_none
179,sham,24,69,True,0.509765625,00110011,51,0.9130859375,0.55078125,0.5499267578125,0.5113504204641688,0.919677734375,0.998291015625,0.311279296875,0.55035400390625,False,0.9130859375,0.91925048828125,0.5605057511962122,0.999755859375,0.9150390625,0.391357421875,0.916168212890625,True,0.509765625,0.508056640625,0.5019789086325777,0.541748046875,0.524658203125,-0.066650390625,0.5089111328125,False,Q
179,sham,33,78,True,0.49951171875,00110011,51,0.99755859375,0.50146484375,0.5025634765625,0.5125461842621845,0.92041015625,0.9990234375,0.3037109375,0.50201416015625,False,0.99755859375,0.9979248046875,0.662699865058855,1.0,0.9814453125,0.38330078125,0.99774169921875,True,0.49951171875,0.5004475911458334,0.503172887121981,0.554931640625,0.5361328125,-0.061767578125,0.4999796549479167,False,Q
179,sham,45,90,True,0.5,00110011,51,1.0,0.5,0.5,0.49986831521153946,0.90478515625,1.0,0.244384765625,0.5,False,1.0,1.0,0.858080484102428,1.0,0.99951171875,0.339599609375,1.0,True,0.5,0.5,0.5036816027449944,0.580322265625,0.58203125,-0.080078125,0.5,False,Q
179,sham,62,107,True,0.5,00110011,51,1.0,0.5,0.5,0.497258136316187,0.8837890625,0.999755859375,0.201904296875,0.5,False,1.0,1.0,0.9068788076098301,1.0,1.0,0.318115234375,1.0,True,0.5,0.5,0.5069701662843007,0.68798828125,0.6435546875,0.006103515625,0.5,False,Q
179,sham,85,130,True,0.500244140625,00110011,51,0.999755859375,0.500244140625,0.5001220703125,0.49831667866154833,0.8818359375,0.999755859375,0.16650390625,0.50018310546875,False,0.999755859375,0.9998779296875,0.8806881579287977,1.0,0.999755859375,0.28466796875,0.99981689453125,True,0.500244140625,0.5001220703125,0.5216891352743582,0.74267578125,0.74658203125,0.02734375,0.50018310546875,False,Q
179,sham,117,162,True,0.548583984375,00110011,51,0.951416015625,0.494384765625,0.4974365234375,0.4961939926218461,0.862548828125,1.0,0.17138671875,0.49591064453125,False,0.951416015625,0.9520263671875,0.8420150331647273,1.0,0.998779296875,0.308837890625,0.95172119140625,True,0.548583984375,0.5489095052083334,0.579689625864608,0.93017578125,0.868896484375,0.239013671875,0.5487467447916667,False,Q
179,sham,128,173,True,0.5888671875,00110011,51,0.9111328125,0.4873046875,0.491455078125,0.49344484268742617,0.854248046875,1.0,0.14013671875,0.4893798828125,False,0.9111328125,0.90997314453125,0.8140480274224735,1.0,0.997802734375,0.285888671875,0.910552978515625,True,0.5888671875,0.5904541015625,0.6172978649528444,0.989990234375,0.934814453125,0.27587890625,0.58966064453125,False,Q
179,sham,161,206,True,0.942626953125,01010101,85,0.942626953125,0.510986328125,0.50732421875,0.5072008015638494,0.85009765625,1.0,0.155517578125,0.5091552734375,False,0.557373046875,0.55865478515625,0.6262523329992412,1.0,0.995849609375,0.305419921875,0.558013916015625,False,0.942626953125,0.9402262369791667,0.8525909838481878,1.0,1.0,0.305419921875,0.9414265950520834,True,Y
179,sham,222,267,True,1.0,01010101,85,1.0,0.5,0.5,0.50008829881737,0.88818359375,1.0,0.1953125,0.5,False,0.5,0.5,0.5097567638995759,0.998046875,0.991455078125,0.30517578125,0.5,False,1.0,1.0,0.9884555827453305,1.0,1.0,0.30712890625,1.0,True,Y
179,sham,304,349,True,1.0,01010101,85,1.0,0.5,0.5,0.49991355712285374,0.886962890625,1.0,0.21728515625,0.5,False,0.5,0.5,0.5032787326773098,0.994384765625,0.989990234375,0.32470703125,0.5,False,1.0,1.0,0.9960803713750148,1.0,1.0,0.330322265625,1.0,True,Y
179,sham,418,463,True,1.0,01010101,85,1.0,0.5,0.5,0.49997128491823806,0.885498046875,1.0,0.215087890625,0.5,False,0.5,0.5,0.5014586320845817,0.992919921875,0.989013671875,0.322509765625,0.5,False,1.0,1.0,0.9982490513119895,1.0,1.0,0.32958984375,1.0,True,Y
179,sham,575,620,True,1.0,01010101,85,1.0,0.5,0.5,0.4999896310795164,0.8828125,1.0,0.20654296875,0.5,False,0.5,0.5,0.5007085028052617,0.991455078125,0.98876953125,0.315185546875,0.5,False,1.0,1.0,0.999146011625595,1.0,1.0,0.32373046875,1.0,True,Y
179,sham,790,835,True,1.0,01010101,85,1.0,0.5,0.5,0.4999950807466243,0.87890625,1.0,0.204833984375,0.5,False,0.5,0.5,0.5003603989766909,0.989501953125,0.98828125,0.3154296875,0.5,False,1.0,1.0,0.9995647746559198,1.0,1.0,0.325927734375,1.0,True,Y
179,sham,1024,1069,True,1.0,01010101,85,1.0,0.5,0.5,0.49999762827227556,0.878662109375,1.0,0.20458984375,0.5,False,0.5,0.5,0.5002081863491513,0.988037109375,0.987548828125,0.31396484375,0.5,False,1.0,1.0,0.9997474898341614,1.0,1.0,0.325927734375,1.0,True,Y
181,independent_carry,0,45,True,0.501220703125,00001111,15,0.997314453125,0.997314453125,0.99755859375,0.8869925228899759,1.0,1.0,0.424560546875,0.9974365234375,True,0.502685546875,0.50286865234375,0.5442953499779929,0.84326171875,0.907958984375,0.267822265625,0.502777099609375,False,0.501220703125,0.5013020833333334,0.5025248599535092,0.538330078125,0.552978515625,-0.037109375,0.5012613932291667,False,P
181,independent_carry,1,46,True,0.500244140625,00001111,15,0.998291015625,0.998291015625,0.9984130859375,0.8777320361574424,1.0,1.0,0.426513671875,0.99835205078125,True,0.501708984375,0.5020751953125,0.5488504282659631,0.857666015625,0.915771484375,0.2841796875,0.50189208984375,False,0.500244140625,0.5006917317708334,0.502680430934107,0.542724609375,0.553466796875,-0.03076171875,0.5004679361979167,False,P
181,independent_carry,2,47,True,0.49951171875,00001111,15,0.998046875,0.998046875,0.9981689453125,0.8630138045123792,1.0,1.0,0.426513671875,0.99810791015625,True,0.501953125,0.502197265625,0.5550708423932414,0.8740234375,0.924560546875,0.300537109375,0.5020751953125,False,0.49951171875,0.5003255208333334,0.5029138686152516,0.539794921875,0.552978515625,-0.03369140625,0.4999186197916667,False,P
181,independent_carry,3,48,True,0.49853515625,00001111,15,0.99560546875,0.99560546875,0.996337890625,0.8442698317735391,1.0,1.0,0.425048828125,0.9959716796875,True,0.50439453125,0.5042724609375,0.562065868798218,0.88916015625,0.9306640625,0.314208984375,0.50433349609375,False,0.49853515625,0.4996337890625,0.5032154002209336,0.5380859375,0.5537109375,-0.036865234375,0.49908447265625,False,P
181,independent_carry,4,49,True,0.49853515625,00001111,15,0.9912109375,0.9912109375,0.991943359375,0.8225728954447886,1.0,1.0,0.4267578125,0.9915771484375,True,0.5087890625,0.50787353515625,0.569672728653246,0.904052734375,0.936767578125,0.330810546875,0.508331298828125,False,0.49853515625,0.4994710286458333,0.5035519261923529,0.53564453125,0.556884765625,-0.03759765625,0.49900309244791663,False,P
181,independent_carry,5,50,True,0.499755859375,00001111,15,0.987548828125,0.987548828125,0.988525390625,0.798250284293013,1.0,1.0,0.4287109375,0.988037109375,True,0.512451171875,0.51239013671875,0.5774635306844974,0.913818359375,0.9443359375,0.342529296875,0.512420654296875,False,0.499755859375,0.500732421875,0.5038933080196214,0.53759765625,0.557861328125,-0.03369140625,0.500244140625,False,P
181,independent_carry,7,52,True,0.5029296875,00001111,15,0.96337890625,0.96337890625,0.9632568359375,0.7477097237987294,1.0,1.0,0.425048828125,0.96331787109375,True,0.53662109375,0.537353515625,0.5917209704349322,0.939697265625,0.958984375,0.36474609375,0.5369873046875,False,0.5029296875,0.503173828125,0.5044795484304142,0.5361328125,0.5615234375,-0.038818359375,0.5030517578125,False,P
181,independent_carry,9,54,True,0.51416015625,00001111,15,0.91455078125,0.91455078125,0.9129638671875,0.6974205581348891,1.0,1.0,0.42333984375,0.91375732421875,True,0.58544921875,0.58807373046875,0.6036793649393436,0.961669921875,0.97021484375,0.385009765625,0.586761474609375,False,0.51416015625,0.5088704427083334,0.5049375165344382,0.544921875,0.570556640625,-0.03173828125,0.5115152994791667,False,P
181,independent_carry,13,58,True,0.518798828125,00000011,3,0.816650390625,0.751220703125,0.747314453125,0.6161637512389979,0.9990234375,1.0,0.408935546875,0.749267578125,False,0.748779296875,0.75323486328125,0.6199546904879416,0.98876953125,0.989013671875,0.398681640625,0.751007080078125,False,0.518798828125,0.5174967447916666,0.505574905163246,0.560546875,0.583740234375,-0.029541015625,0.5181477864583333,False,mixed_or_none
181,independent_carry,17,62,True,0.512939453125,00110011,51,0.869873046875,0.629150390625,0.6256103515625,0.5675366000178929,0.99462890625,1.0,0.392578125,0.62738037109375,False,0.869873046875,0.87225341796875,0.6375189885245929,0.998291015625,0.999267578125,0.396240234375,0.871063232421875,False,0.512939453125,0.5122477213541666,0.506250905871736,0.576416015625,0.58837890625,-0.025634765625,0.5125935872395833,False,mixed_or_none
181,independent_carry,24,69,True,0.507568359375,00110011,51,0.981689453125,0.515869140625,0.5115966796875,0.5266170271253148,0.990966796875,1.0,0.383056640625,0.51373291015625,False,0.981689453125,0.98297119140625,0.6864500490216752,1.0,1.0,0.39208984375,0.982330322265625,True,0.507568359375,0.5062255859375,0.5080180466013517,0.59033203125,0.605224609375,-0.017578125,0.50689697265625,False,Q
181,independent_carry,33,78,True,0.5009765625,00110011,51,0.9990234375,0.50048828125,0.5001220703125,0.5090413849147138,0.989013671875,1.0,0.3720703125,0.50030517578125,False,0.9990234375,0.99920654296875,0.7940403441598081,1.0,1.0,0.383056640625,0.999114990234375,True,0.5009765625,0.500732421875,0.5107080988626723,0.609619140625,0.624267578125,-0.00732421875,0.5008544921875,False,Q
181,independent_carry,45,90,True,0.5,00110011,51,1.0,0.5,0.5,0.5007490619297191,0.99169921875,1.0,0.347412109375,0.5,False,1.0,1.0,0.9019808964211116,1.0,1.0,0.355712890625,1.0,True,0.5,0.5,0.5113175427984638,0.6435546875,0.648681640625,-0.000732421875,0.5,False,Q
181,independent_carry,62,107,True,0.5,00110011,51,1.0,0.5,0.5,0.5006894921391067,0.993408203125,1.0,0.328125,0.5,False,1.0,1.0,0.9033005017475151,1.0,1.0,0.334716796875,1.0,True,0.5,0.5,0.5179139513782423,0.703369140625,0.727294921875,0.0380859375,0.5,False,Q
181,independent_carry,85,130,True,0.529296875,00110011,51,0.970703125,0.50048828125,0.4974365234375,0.4987944369009587,0.993408203125,1.0,0.333251953125,0.49896240234375,False,0.970703125,0.9705810546875,0.863428117802822,1.0,1.0,0.33984375,0.97064208984375,True,0.529296875,0.5297444661458334,0.5425102425226204,0.76220703125,0.771728515625,0.10205078125,0.5295206705729167,False,Q
181,independent_carry,117,162,True,0.551025390625,00110011,51,0.948974609375,0.493896484375,0.4952392578125,0.49945930831523816,0.989501953125,1.0,0.32421875,0.49456787109375,False,0.948974609375,0.95001220703125,0.8454827559032193,1.0,1.0,0.334716796875,0.949493408203125,True,0.551025390625,0.5506998697916666,0.5839817821086679,0.909423828125,0.936279296875,0.244140625,0.5508626302083333,False,Q
181,independent_carry,128,173,True,0.579833984375,00110011,51,0.920166015625,0.494384765625,0.49267578125,0.4951184967359688,0.991455078125,1.0,0.322021484375,0.4935302734375,False,0.920166015625,0.919921875,0.8156465080183442,1.0,1.0,0.33056640625,0.9200439453125,True,0.579833984375,0.5813802083333334,0.6170893598034172,0.95654296875,0.985595703125,0.287109375,0.5806070963541667,False,Q
181,independent_carry,161,206,True,0.808349609375,01010101,85,0.808349609375,0.504638671875,0.5009765625,0.4970412078995834,0.990478515625,1.0,0.290283203125,0.5028076171875,False,0.691650390625,0.69012451171875,0.7004113022388712,1.0,1.0,0.2998046875,0.690887451171875,False,0.808349609375,0.8101806640625,0.7681954084830213,0.9990234375,1.0,0.298828125,0.80926513671875,False,mixed_or_none
181,independent_carry,222,267,True,1.0,01010101,85,1.0,0.5,0.5,0.4987483027829642,0.98583984375,0.999755859375,0.31494140625,0.5,False,0.5,0.5,0.5291246796536742,0.999755859375,0.99951171875,0.328857421875,0.5,False,1.0,1.0,0.9670157836208175,1.0,1.0,0.3291015625,1.0,True,Y
181,independent_carry,304,349,True,1.0,01010101,85,1.0,0.5,0.5,0.49958015725485855,0.983154296875,0.999755859375,0.3427734375,0.5,False,0.5,0.5,0.5075237119063817,0.999755859375,0.99951171875,0.359375,0.5,False,1.0,1.0,0.9915016776240655,1.0,1.0,0.359619140625,1.0,True,Y
181,independent_carry,418,463,True,1.0,01010101,85,1.0,0.5,0.5,0.49988525111233795,0.9833984375,0.999755859375,0.339599609375,0.5,False,0.5,0.5,0.5029919153470378,0.99951171875,0.999267578125,0.355712890625,0.5,False,1.0,1.0,0.9966238040598547,1.0,1.0,0.356201171875,1.0,True,Y
181,independent_carry,575,620,True,1.0,01010101,85,1.0,0.5,0.5,0.4999328076956428,0.984130859375,1.0,0.342529296875,0.5,False,0.5,0.5,0.5013476469835062,0.99951171875,0.9990234375,0.35791015625,0.5,False,1.0,1.0,0.998473487682445,1.0,1.0,0.3583984375,1.0,True,Y
181,independent_carry,790,835,True,1.0,01010101,85,1.0,0.5,0.5,0.4999630464077754,0.983642578125,1.0,0.341064453125,0.5,False,0.5,0.5,0.5006627685404283,0.99951171875,0.9990234375,0.35693359375,0.5,False,1.0,1.0,0.999248245308378,1.0,1.0,0.357421875,1.0,True,Y
181,independent_carry,1024,1069,True,1.0,01010101,85,1.0,0.5,0.5,0.4999744187723139,0.981689453125,1.0,0.3388671875,0.5,False,0.5,0.5,0.5003801567408047,0.999267578125,0.9990234375,0.3564453125,0.5,False,1.0,1.0,0.999568268955322,1.0,1.0,0.357177734375,1.0,True,Y
181,independent_reset,0,45,True,0.501220703125,00001111,15,0.997314453125,0.997314453125,0.99755859375,0.8869925228899759,1.0,1.0,0.424560546875,0.9974365234375,True,0.502685546875,0.50286865234375,0.5442953499779929,0.84326171875,0.907958984375,0.267822265625,0.502777099609375,False,0.501220703125,0.5013020833333334,0.5025248599535092,0.538330078125,0.552978515625,-0.037109375,0.5012613932291667,False,P
181,independent_reset,1,46,True,0.500244140625,00001111,15,0.996826171875,0.996826171875,0.9967041015625,0.8669442936805598,1.0,1.0,0.419677734375,0.99676513671875,True,0.503173828125,0.50347900390625,0.5504785861323912,0.85400390625,0.914306640625,0.273681640625,0.503326416015625,False,0.500244140625,0.5006917317708334,0.5028402428419931,0.5322265625,0.555419921875,-0.048095703125,0.5004679361979167,False,P
181,independent_reset,2,47,True,0.5,00001111,15,0.99658203125,0.99658203125,0.9964599609375,0.845994970445707,1.0,1.0,0.42333984375,0.99652099609375,True,0.50341796875,0.504150390625,0.5570257940314847,0.8671875,0.921630859375,0.29052734375,0.5037841796875,False,0.5,0.5006917317708334,0.5031327827644517,0.533203125,0.553466796875,-0.04345703125,0.5003458658854167,False,P
181,independent_reset,3,48,True,0.500732421875,00001111,15,0.994384765625,0.994384765625,0.9935302734375,0.8232187691491566,1.0,1.0,0.42626953125,0.99395751953125,True,0.505615234375,0.5069580078125,0.5631763537482093,0.8798828125,0.92529296875,0.30615234375,0.50628662109375,False,0.500732421875,0.5013427734375,0.503403897903772,0.535400390625,0.55517578125,-0.038330078125,0.50103759765625,False,P
181,independent_reset,4,49,True,0.5,00001111,15,0.98974609375,0.98974609375,0.9881591796875,0.8013238428194717,1.0,1.0,0.429931640625,0.98895263671875,True,0.51025390625,0.51104736328125,0.5690301789993826,0.892578125,0.931396484375,0.322509765625,0.510650634765625,False,0.5,0.5013020833333334,0.503654407938655,0.53564453125,0.554443359375,-0.034423828125,0.5006510416666667,False,P
181,independent_reset,5,50,True,0.50244140625,00001111,15,0.9853515625,0.9853515625,0.9835205078125,0.7787963673619516,1.0,1.0,0.4287109375,0.98443603515625,True,0.5146484375,0.51513671875,0.5745208576891395,0.89990234375,0.935302734375,0.32861328125,0.514892578125,False,0.50244140625,0.5026448567708334,0.5038987700151636,0.53564453125,0.55712890625,-0.03564453125,0.5025431315104167,False,P
181,independent_reset,7,52,True,0.50732421875,00001111,15,0.9677734375,0.9677734375,0.9669189453125,0.7349458068329869,1.0,1.0,0.420654296875,0.96734619140625,True,0.5322265625,0.5321044921875,0.5837009683300121,0.921875,0.946533203125,0.342529296875,0.53216552734375,False,0.50732421875,0.5052897135416666,0.5043639081295566,0.532958984375,0.559814453125,-0.04638671875,0.5063069661458333,False,P
181,independent_reset,9,54,True,0.511474609375,00001111,15,0.931396484375,0.931396484375,0.9302978515625,0.6944051608646463,1.0,1.0,0.42041015625,0.93084716796875,True,0.568603515625,0.569091796875,0.5910203246895087,0.941650390625,0.95751953125,0.362060546875,0.56884765625,False,0.511474609375,0.5074869791666666,0.5047890258263282,0.542236328125,0.56689453125,-0.037353515625,0.5094807942708333,False,P
181,independent_reset,13,58,True,0.52001953125,00001111,15,0.8212890625,0.8212890625,0.81982421875,0.6290708060157958,1.0,1.0,0.411865234375,0.820556640625,False,0.6787109375,0.68267822265625,0.6013091827759991,0.973388671875,0.9755859375,0.38525390625,0.680694580078125,False,0.52001953125,0.5181477864583334,0.5053976698574634,0.557373046875,0.576416015625,-0.03076171875,0.5190836588541667,False,mixed_or_none
181,independent_reset,17,62,True,0.515869140625,00110111,55,0.804931640625,0.712158203125,0.7120361328125,0.5870948743047434,0.998046875,1.0,0.406982421875,0.71209716796875,False,0.787353515625,0.78863525390625,0.6127560004595992,0.99072265625,0.9892578125,0.399658203125,0.787994384765625,False,0.515869140625,0.5156656901041666,0.5059447638455234,0.5732421875,0.587890625,-0.017822265625,0.5157674153645833,False,mixed_or_none
181,independent_reset,24,69,True,0.511962890625,00110011,51,0.931396484375,0.566162109375,0.5616455078125,0.547280575048137,0.995849609375,1.0,0.3974609375,0.56390380859375,False,0.931396484375,0.93084716796875,0.6446341280165292,0.99951171875,0.999267578125,0.401123046875,0.931121826171875,True,0.511962890625,0.5120849609375,0.5072543011725814,0.591552734375,0.60302734375,-0.0068359375,0.51202392578125,False,Q
181,independent_reset,33,78,True,0.505126953125,00110011,51,0.987060546875,0.511474609375,0.508544921875,0.5276113771385393,0.995849609375,1.0,0.388671875,0.510009765625,False,0.987060546875,0.988525390625,0.7246151499415117,1.0,1.0,0.392822265625,0.98779296875,True,0.505126953125,0.5041910807291666,0.5098779473328273,0.602294921875,0.61962890625,-0.0048828125,0.5046590169270833,False,Q
181,independent_reset,45,90,True,0.50048828125,00110011,51,0.99951171875,0.50048828125,0.5003662109375,0.5122580258267586,0.997314453125,1.0,0.362060546875,0.50042724609375,False,0.99951171875,0.99957275390625,0.8534344245295307,1.0,1.0,0.36474609375,0.999542236328125,True,0.50048828125,0.5004069010416666,0.5118608051641442,0.627685546875,0.62939453125,-0.007568359375,0.5004475911458333,False,Q
181,independent_reset,62,107,True,0.5,00110011,51,1.0,0.5,0.5,0.5033268071904362,0.9970703125,1.0,0.32470703125,0.5,False,1.0,1.0,0.9128511434146727,1.0,1.0,0.32763671875,1.0,True,0.5,0.5,0.5134124775085238,0.67724609375,0.705322265625,0.0048828125,0.5,False,Q
181,independent_reset,85,130,True,0.5126953125,00110011,51,0.9873046875,0.49658203125,0.49560546875,0.49388039955497004,0.9990234375,1.0,0.347412109375,0.49609375,False,0.9873046875,0.98663330078125,0.8697046150257286,1.0,1.0,0.348388671875,0.986968994140625,True,0.5126953125,0.5122884114583334,0.5340613104561833,0.72998046875,0.7490234375,0.078369140625,0.5124918619791667,False,Q
181,independent_reset,117,162,True,0.535400390625,00110011,51,0.964599609375,0.490478515625,0.4923095703125,0.4988705301219363,0.997314453125,1.0,0.341552734375,0.49139404296875,False,0.964599609375,0.96649169921875,0.8521905756907031,1.0,1.0,0.34423828125,0.965545654296875,True,0.535400390625,0.5338134765625,0.5742957240770132,0.8974609375,0.893310546875,0.24169921875,0.53460693359375,False,Q
181,independent_reset,128,173,True,0.56689453125,00110011,51,0.93310546875,0.490234375,0.4879150390625,0.4905578874066699,0.996337890625,1.0,0.337890625,0.48907470703125,False,0.93310546875,0.93426513671875,0.8227402183797257,1.0,1.0,0.341552734375,0.933685302734375,True,0.56689453125,0.5656331380208334,0.6070084321733755,0.9453125,0.956298828125,0.286865234375,0.5662638346354167,False,Q
181,independent_reset,161,206,True,0.777587890625,01010101,85,0.777587890625,0.508056640625,0.50390625,0.5009473375218371,0.997314453125,1.0,0.334228515625,0.5059814453125,False,0.722412109375,0.7215576171875,0.713194102909946,1.0,1.0,0.3369140625,0.72198486328125,False,0.777587890625,0.7790120442708333,0.7510584349269829,0.9990234375,1.0,0.3359375,0.7782999674479166,False,mixed_or_none
181,independent_reset,222,267,True,1.0,01010101,85,1.0,0.5,0.5,0.4983230246797448,0.991943359375,1.0,0.31787109375,0.5,False,0.5,0.5,0.5340518246844344,0.998779296875,0.99951171875,0.32470703125,0.5,False,1.0,1.0,0.9617007441034853,1.0,1.0,0.325927734375,1.0,True,Y
181,independent_reset,304,349,True,1.0,01010101,85,1.0,0.5,0.5,0.4997226992322345,0.991455078125,1.0,0.316650390625,0.5,False,0.5,0.5,0.5069345435869421,0.99853515625,0.99951171875,0.32373046875,0.5,False,1.0,1.0,0.9922542608078344,1.0,1.0,0.3251953125,1.0,True,Y
181,independent_reset,418,463,True,1.0,01010101,85,1.0,0.5,0.5,0.4998917511680031,0.991455078125,1.0,0.314453125,0.5,False,0.5,0.5,0.5025648080194054,0.99853515625,0.999267578125,0.321533203125,0.5,False,1.0,1.0,0.9971349243490084,1.0,1.0,0.322998046875,1.0,True,Y
181,independent_reset,575,620,True,1.0,01010101,85,1.0,0.5,0.5,0.4999523942720215,0.991455078125,1.0,0.314697265625,0.5,False,0.5,0.5,0.5011403751686733,0.99853515625,0.999267578125,0.32177734375,0.5,False,1.0,1.0,0.9987223293875298,1.0,1.0,0.3232421875,1.0,True,Y
181,independent_reset,790,835,True,1.0,01010101,85,1.0,0.5,0.5,0.4999841917511863,0.991943359375,1.0,0.312744140625,0.5,False,0.5,0.5,0.5005569113680868,0.99853515625,0.999267578125,0.3193359375,0.5,False,1.0,1.0,0.9993758282643466,1.0,1.0,0.32080078125,1.0,True,Y
181,independent_reset,1024,1069,True,1.0,01010101,85,1.0,0.5,0.5,0.49999092245750965,0.99267578125,1.0,0.309326171875,0.5,False,0.5,0.5,0.5003166969941538,0.99853515625,0.999267578125,0.315185546875,0.5,False,1.0,1.0,0.9996449008622894,1.0,1.0,0.316650390625,1.0,True,Y
181,nested_carry,0,45,True,0.5,00001111,15,1.0,1.0,1.0,0.8825076179804339,1.0,1.0,0.43017578125,1.0,True,0.5,0.5,0.5140202501759044,0.68310546875,0.765625,0.11328125,0.5,False,0.5,0.5,0.5029627768987832,0.5771484375,0.576904296875,0.00732421875,0.5,False,P
181,nested_carry,1,46,True,0.5,00001111,15,1.0,1.0,1.0,0.8743617393256722,1.0,1.0,0.431640625,1.0,True,0.5,0.5,0.5146683122776632,0.68212890625,0.766845703125,0.11376953125,0.5,False,0.5,0.5,0.5031278391008499,0.5791015625,0.582275390625,0.0107421875,0.5,False,P
181,nested_carry,2,47,True,0.5,00001111,15,1.0,1.0,1.0,0.8608491171294885,1.0,1.0,0.43798828125,1.0,True,0.5,0.5,0.5158571257127529,0.68310546875,0.77197265625,0.12109375,0.5,False,0.5,0.5,0.5033842623386967,0.577392578125,0.58544921875,0.015380859375,0.5,False,P
181,nested_carry,3,48,True,0.5,00001111,15,1.0,1.0,1.0,0.84196380315119,1.0,1.0,0.435791015625,1.0,True,0.5,0.50006103515625,0.5173530980744622,0.68701171875,0.77734375,0.122802734375,0.500030517578125,False,0.5,0.5,0.5037268168944083,0.575439453125,0.59228515625,0.01123046875,0.5,False,P
181,nested_carry,4,49,True,0.5,00001111,15,1.0,1.0,1.0,0.8199791947791157,1.0,1.0,0.439453125,1.0,True,0.5,0.50006103515625,0.5190595878866326,0.68408203125,0.781494140625,0.12353515625,0.500030517578125,False,0.5,0.5,0.5041110555148306,0.575439453125,0.596923828125,0.014892578125,0.5,False,P
181,nested_carry,5,50,True,0.499755859375,00001111,15,0.999755859375,0.999755859375,0.9998779296875,0.7942807279509052,1.0,1.0,0.439697265625,0.99981689453125,True,0.500244140625,0.50018310546875,0.520860921218016,0.68603515625,0.7880859375,0.125732421875,0.500213623046875,False,0.499755859375,0.4999186197916667,0.504518486498685,0.577392578125,0.60009765625,0.01708984375,0.49983723958333337,False,P
181,nested_carry,7,52,True,0.4990234375,00001111,15,0.9990234375,0.9990234375,0.999267578125,0.7381704739898074,0.999755859375,1.0,0.43310546875,0.9991455078125,True,0.5009765625,0.5008544921875,0.5240563568342879,0.702392578125,0.8017578125,0.1357421875,0.50091552734375,False,0.4990234375,0.4997151692708333,0.5052899232790952,0.5712890625,0.61474609375,0.004638671875,0.49936930338541663,False,P
181,nested_carry,9,54,True,0.5,00001111,15,0.9970703125,0.9970703125,0.99755859375,0.6825483531710065,1.0,1.0,0.43701171875,0.997314453125,True,0.5029296875,0.50299072265625,0.5263534721462427,0.7333984375,0.8173828125,0.17041015625,0.502960205078125,False,0.5,0.5006103515625,0.505874206523202,0.574951171875,0.629150390625,0.011962890625,0.50030517578125,False,P
181,nested_carry,13,58,True,0.51318359375,00001111,15,0.95751953125,0.95751953125,0.9603271484375,0.5963071323337287,0.998779296875,1.0,0.41455078125,0.95892333984375,True,0.53759765625,0.5377197265625,0.5270694741723273,0.82861328125,0.856689453125,0.244384765625,0.53765869140625,False,0.51318359375,0.5121663411458334,0.5062810696352307,0.600341796875,0.65771484375,0.01611328125,0.5126749674479167,False,P
181,nested_carry,17,62,True,0.53515625,00001111,15,0.86328125,0.86328125,0.863037109375,0.5530389159843603,0.989013671875,1.0,0.40625,0.8631591796875,False,0.61962890625,0.621337890625,0.5271759077695537,0.87646484375,0.88916015625,0.293701171875,0.6204833984375,False,0.53515625,0.5305989583333334,0.5064698252296347,0.631103515625,0.671142578125,0.04833984375,0.5328776041666667,False,mixed_or_none
181,nested_carry,24,69,True,0.54541015625,00111111,63,0.7900390625,0.69970703125,0.70068359375,0.5251195582947885,0.959228515625,1.0,0.353515625,0.7001953125,False,0.7138671875,0.71197509765625,0.5340357055389863,0.92919921875,0.944580078125,0.323486328125,0.712921142578125,False,0.54541015625,0.5454915364583334,0.507690195203679,0.643310546875,0.689208984375,0.03759765625,0.5454508463541667,False,mixed_or_none
181,nested_carry,33,78,True,0.54248046875,00110111,55,0.787109375,0.6005859375,0.6009521484375,0.5181759961116399,0.94921875,0.999755859375,0.312255859375,0.60076904296875,False,0.7685546875,0.76507568359375,0.5633108652651394,0.9736328125,0.990478515625,0.336669921875,0.766815185546875,False,0.54248046875,0.5428059895833334,0.5116636764511248,0.65673828125,0.6962890625,0.019775390625,0.5426432291666667,False,mixed_or_none
181,nested_carry,45,90,True,0.53271484375,00110011,51,0.89892578125,0.55908203125,0.5533447265625,0.5217235801470872,0.959716796875,1.0,0.3076171875,0.55621337890625,False,0.89892578125,0.8978271484375,0.6533433693280716,0.9990234375,1.0,0.346923828125,0.89837646484375,False,0.53271484375,0.5304361979166666,0.5197811432679041,0.674072265625,0.697021484375,0.02197265625,0.5315755208333333,False,mixed_or_none
181,nested_carry,62,107,True,0.501708984375,00110011,51,0.998291015625,0.501220703125,0.500732421875,0.518746448693185,0.986083984375,1.0,0.315185546875,0.5009765625,False,0.998291015625,0.99835205078125,0.84755792371341,1.0,1.0,0.3291015625,0.998321533203125,True,0.501708984375,0.50146484375,0.5267363261735709,0.755126953125,0.727294921875,0.084228515625,0.5015869140625,False,Q
181,nested_carry,85,130,True,0.525146484375,00110011,51,0.974853515625,0.497314453125,0.49609375,0.4937739408689776,0.991943359375,1.0,0.292236328125,0.4967041015625,False,0.974853515625,0.97589111328125,0.8809880197014999,1.0,1.0,0.30029296875,0.975372314453125,True,0.525146484375,0.524169921875,0.544689246012465,0.870361328125,0.780517578125,0.170654296875,0.524658203125,False,Q
181,nested_carry,117,162,True,0.581298828125,00110011,51,0.918701171875,0.497314453125,0.4970703125,0.5027566393787062,0.9892578125,1.0,0.27490234375,0.4971923828125,False,0.918701171875,0.91802978515625,0.8160769910631291,1.0,1.0,0.28564453125,0.918365478515625,True,0.581298828125,0.5824788411458334,0.6155070481949771,0.9794921875,0.968017578125,0.26513671875,0.5818888346354167,False,Q
181,nested_carry,128,173,True,0.64208984375,00110011,51,0.85791015625,0.5009765625,0.4967041015625,0.4984751673160157,0.990234375,1.0,0.27734375,0.49884033203125,False,0.85791015625,0.857177734375,0.7777812001356801,1.0,1.0,0.287109375,0.8575439453125,False,0.64208984375,0.6435139973958334,0.6664216088984743,0.994384765625,0.994873046875,0.281494140625,0.6428019205729167,False,mixed_or_none
181,nested_carry,161,206,True,0.98876953125,01010101,85,0.98876953125,0.49951171875,0.500244140625,0.5020011482337982,0.98779296875,1.0,0.2861328125,0.4998779296875,False,0.51123046875,0.512451171875,0.604038092418267,0.999755859375,1.0,0.298095703125,0.5118408203125,False,0.98876953125,0.9874267578125,0.8796964321340339,1.0,1.0,0.29833984375,0.98809814453125,True,Y
181,nested_carry,222,267,True,1.0,01010101,85,1.0,0.5,0.5,0.49985650236339746,0.9873046875,1.0,0.2744140625,0.5,False,0.5,0.5,0.5149815173379475,1.0,1.0,0.287109375,0.5,False,1.0,1.0,0.9826322589733747,1.0,1.0,0.287109375,1.0,True,Y
181,nested_carry,304,349,True,1.0,01010101,85,1.0,0.5,0.5,0.4999530985626249,0.98193359375,1.0,0.262939453125,0.5,False,0.5,0.5,0.5051779767590957,1.0,1.0,0.281005859375,0.5,False,1.0,1.0,0.9940471804861097,1.0,1.0,0.281005859375,1.0,True,Y
181,nested_carry,418,463,True,1.0,01010101,85,1.0,0.5,0.5,0.49999731136882575,0.980712890625,1.0,0.256103515625,0.5,False,0.5,0.5,0.5023354358303986,1.0,1.0,0.275390625,0.5,False,1.0,1.0,0.9973190370256009,1.0,1.0,0.275390625,1.0,True,Y
181,nested_carry,575,620,True,1.0,01010101,85,1.0,0.5,0.5,0.4999957656802142,0.98046875,1.0,0.257568359375,0.5,False,0.5,0.5,0.5011414336520431,1.0,1.0,0.277099609375,0.5,False,1.0,1.0,0.9986884597113679,1.0,1.0,0.277099609375,1.0,True,Y
181,nested_carry,790,835,True,1.0,01010101,85,1.0,0.5,0.5,0.4999998031999167,0.978759765625,1.0,0.259765625,0.5,False,0.5,0.5,0.500587980914488,1.0,0.999755859375,0.281005859375,0.5,False,1.0,1.0,0.9993254740487076,1.0,1.0,0.281005859375,1.0,True,Y
181,nested_carry,1024,1069,True,1.0,01010101,85,1.0,0.5,0.5,0.49999997688811815,0.978515625,1.0,0.261962890625,0.5,False,0.5,0.5,0.500342327586401,1.0,0.999755859375,0.283447265625,0.5,False,1.0,1.0,0.9996073068892379,0.999267578125,1.0,0.28271484375,1.0,True,Y
181,nested_reset,0,45,True,0.5,00001111,15,1.0,1.0,1.0,0.8825076179804339,1.0,1.0,0.43017578125,1.0,True,0.5,0.5,0.5140202501759044,0.68310546875,0.765625,0.11328125,0.5,False,0.5,0.5,0.5029627768987832,0.5771484375,0.576904296875,0.00732421875,0.5,False,P
181,nested_reset,1,46,True,0.5,00001111,15,1.0,1.0,1.0,0.8613961451186761,1.0,1.0,0.431884765625,1.0,True,0.5,0.5,0.5160252233404689,0.687744140625,0.773681640625,0.11962890625,0.5,False,0.5,0.5,0.5033290118064825,0.57666015625,0.580810546875,0.008544921875,0.5,False,P
181,nested_reset,2,47,True,0.5,00001111,15,1.0,1.0,1.0,0.8392175631600792,1.0,1.0,0.43408203125,1.0,True,0.5,0.5,0.5180927731319256,0.692626953125,0.781005859375,0.126708984375,0.5,False,0.5,0.5,0.5036918332129123,0.57568359375,0.58154296875,0.009765625,0.5,False,P
181,nested_reset,3,48,True,0.5,00001111,15,1.0,1.0,1.0,0.8148530409473564,1.0,1.0,0.43359375,1.0,True,0.5,0.50006103515625,0.5200875232331208,0.696044921875,0.78564453125,0.129638671875,0.500030517578125,False,0.5,0.5000406901041666,0.50401566070021,0.574951171875,0.588134765625,0.008544921875,0.5000203450520833,False,P
181,nested_reset,4,49,True,0.50048828125,00001111,15,0.99951171875,0.99951171875,0.99951171875,0.7916538145911338,1.0,1.0,0.432373046875,0.99951171875,True,0.50048828125,0.50048828125,0.5219448821518653,0.694091796875,0.792724609375,0.12646484375,0.50048828125,False,0.50048828125,0.5003662109375,0.5043129895986629,0.570068359375,0.591552734375,0.00244140625,0.50042724609375,False,P
181,nested_reset,5,50,True,0.500244140625,00001111,15,0.999267578125,0.999267578125,0.9993896484375,0.7676730849482585,1.0,1.0,0.429443359375,0.99932861328125,True,0.500732421875,0.50091552734375,0.5236384958437713,0.691650390625,0.800048828125,0.12109375,0.500823974609375,False,0.500244140625,0.5003255208333334,0.5045929203407179,0.566162109375,0.597900390625,-0.00439453125,0.5002848307291667,False,P
181,nested_reset,7,52,True,0.501220703125,00001111,15,0.998291015625,0.998291015625,0.998291015625,0.7205226620920139,1.0,1.0,0.42724609375,0.998291015625,True,0.501220703125,0.50201416015625,0.5264585641243844,0.708740234375,0.81494140625,0.135986328125,0.501617431640625,False,0.501220703125,0.501220703125,0.5050913403633973,0.5654296875,0.607666015625,-0.00732421875,0.501220703125,False,P
181,nested_reset,9,54,True,0.50244140625,00001111,15,0.9951171875,0.9951171875,0.9957275390625,0.6771915881357584,1.0,1.0,0.43505859375,0.99542236328125,True,0.50439453125,0.50494384765625,0.52858871988166,0.7392578125,0.82568359375,0.17431640625,0.504669189453125,False,0.50244140625,0.5023600260416666,0.5055132995996272,0.57080078125,0.619873046875,0.005859375,0.5024007161458333,False,P
181,nested_reset,13,58,True,0.509033203125,00001111,15,0.972412109375,0.972412109375,0.9718017578125,0.6081759490460349,0.99951171875,1.0,0.414794921875,0.97210693359375,True,0.527099609375,0.52899169921875,0.5303746454226799,0.822265625,0.85693359375,0.237548828125,0.528045654296875,False,0.509033203125,0.50830078125,0.5060247594651687,0.6015625,0.632568359375,0.016845703125,0.5086669921875,False,P
181,nested_reset,17,62,True,0.5263671875,00001111,15,0.89501953125,0.89501953125,0.8929443359375,0.5686728671594092,0.997802734375,1.0,0.405029296875,0.89398193359375,False,0.5986328125,0.60247802734375,0.5318981632418163,0.878173828125,0.885986328125,0.285400390625,0.600555419921875,False,0.5263671875,0.5229085286458334,0.5063954622517378,0.625,0.647705078125,0.0322265625,0.5246378580729167,False,mixed_or_none
181,nested_reset,24,69,True,0.5458984375,00111111,63,0.83251953125,0.72705078125,0.72900390625,0.5372078817484487,0.984375,1.0,0.387451171875,0.72802734375,False,0.7041015625,0.704833984375,0.5394537972160932,0.93994140625,0.934814453125,0.343017578125,0.7044677734375,False,0.5458984375,0.5406901041666666,0.5076777830704756,0.643310546875,0.667236328125,0.04638671875,0.5432942708333333,False,mixed_or_none
181,nested_reset,33,78,True,0.540283203125,00110111,55,0.810302734375,0.625732421875,0.6258544921875,0.5279509964345697,0.973876953125,1.0,0.34814453125,0.62579345703125,False,0.799072265625,0.7978515625,0.5686943058543847,0.98583984375,0.98046875,0.360107421875,0.7984619140625,False,0.540283203125,0.5400797526041666,0.5112984016435288,0.65087890625,0.6845703125,0.025146484375,0.5401814778645833,False,mixed_or_none
181,nested_reset,45,90,True,0.524658203125,00110011,51,0.938232421875,0.551025390625,0.542724609375,0.5304133637670804,0.983154296875,1.0,0.3271484375,0.546875,False,0.938232421875,0.93994140625,0.6594405071872849,0.999267578125,1.0,0.34326171875,0.9390869140625,True,0.524658203125,0.5223795572916666,0.51800793836759,0.693359375,0.684814453125,0.037353515625,0.5235188802083333,False,Q
181,nested_reset,62,107,True,0.5009765625,00110011,51,0.9990234375,0.50048828125,0.500244140625,0.5197425840667504,0.99853515625,1.0,0.322265625,0.5003662109375,False,0.9990234375,0.99908447265625,0.8567869915373572,1.0,1.0,0.32373046875,0.999053955078125,True,0.5009765625,0.5010172526041666,0.5217169715391115,0.750732421875,0.727783203125,0.074462890625,0.5009969075520833,False,Q
181,nested_reset,85,130,True,0.51025390625,00110011,51,0.98974609375,0.4970703125,0.496826171875,0.4921319608743977,0.998779296875,1.0,0.326416015625,0.4969482421875,False,0.98974609375,0.989501953125,0.8834628962037766,1.0,1.0,0.32763671875,0.9896240234375,True,0.51025390625,0.5108642578125,0.5380914945467534,0.84716796875,0.78515625,0.1748046875,0.51055908203125,False,Q
181,nested_reset,117,162,True,0.552734375,00110011,51,0.947265625,0.494140625,0.4959716796875,0.5019486569426347,0.995361328125,1.0,0.32763671875,0.49505615234375,False,0.947265625,0.94952392578125,0.8308629073498722,1.0,1.0,0.332275390625,0.948394775390625,True,0.552734375,0.5518798828125,0.5979740204119237,0.962646484375,0.945068359375,0.294921875,0.55230712890625,False,Q
181,nested_reset,128,173,True,0.614013671875,00110011,51,0.885986328125,0.494384765625,0.4920654296875,0.49414214016022073,0.99755859375,1.0,0.302978515625,0.49322509765625,False,0.885986328125,0.88720703125,0.7934494142861225,1.0,1.0,0.305419921875,0.8865966796875,False,0.614013671875,0.6133219401041666,0.6427506505678925,0.980224609375,0.983642578125,0.28564453125,0.6136678059895833,False,mixed_or_none
181,nested_reset,161,206,True,0.929443359375,01010101,85,0.929443359375,0.502197265625,0.5015869140625,0.5019131048740865,0.992431640625,1.0,0.269287109375,0.50189208984375,False,0.570556640625,0.5697021484375,0.6381391842263846,0.999755859375,1.0,0.276611328125,0.57012939453125,False,0.929443359375,0.9288736979166667,0.8391957158617969,1.0,1.0,0.27685546875,0.9291585286458334,True,Y
181,nested_reset,222,267,True,1.0,01010101,85,1.0,0.5,0.5,0.4998156631477054,0.990234375,1.0,0.239990234375,0.5,False,0.5,0.5,0.5152974050105357,0.99951171875,1.0,0.249267578125,0.5,False,1.0,1.0,0.9823209886261985,1.0,1.0,0.249755859375,1.0,True,Y
181,nested_reset,304,349,True,1.0,01010101,85,1.0,0.5,0.5,0.49997355402959354,0.9892578125,1.0,0.238525390625,0.5,False,0.5,0.5,0.5043035429286167,0.99951171875,1.0,0.248779296875,0.5,False,1.0,1.0,0.9950259466352078,1.0,1.0,0.249267578125,1.0,True,Y
181,nested_reset,418,463,True,1.0,01010101,85,1.0,0.5,0.5,0.5000029951472315,0.989013671875,1.0,0.23828125,0.5,False,0.5,0.5,0.5017953863701019,0.99951171875,1.0,0.248779296875,0.5,False,1.0,1.0,0.9979206916625862,1.0,1.0,0.249267578125,1.0,True,Y
181,nested_reset,575,620,True,1.0,01010101,85,1.0,0.5,0.5,0.49999593414749305,0.9892578125,1.0,0.24072265625,0.5,False,0.5,0.5,0.5008555152961252,0.99951171875,1.0,0.2509765625,0.5,False,1.0,1.0,0.9990073564284596,1.0,1.0,0.25146484375,1.0,True,Y
181,nested_reset,790,835,True,1.0,01010101,85,1.0,0.5,0.5,0.49999880358028725,0.989501953125,1.0,0.244873046875,0.5,False,0.5,0.5,0.5004330032082271,0.999267578125,1.0,0.254638671875,0.5,False,1.0,1.0,0.9994973041593795,1.0,1.0,0.25537109375,1.0,True,Y
181,nested_reset,1024,1069,True,1.0,01010101,85,1.0,0.5,0.5,0.4999982566564268,0.990234375,1.0,0.244140625,0.5,False,0.5,0.5,0.5002513733552106,0.99951171875,1.0,0.25341796875,0.5,False,1.0,1.0,0.9997079939344882,1.0,1.0,0.25390625,1.0,True,Y
181,scratch,0,45,True,0.501220703125,11111111,255,0.990966796875,0.491943359375,0.4921875,0.49204579824613626,0.9755859375,1.0,0.402587890625,0.4920654296875,False,0.501220703125,0.50048828125,0.5000777133555505,0.63525390625,0.6982421875,0.062255859375,0.5008544921875,False,0.501220703125,0.5010172526041666,0.5001150480852027,0.54833984375,0.529296875,-0.024658203125,0.5011189778645833,False,mixed_or_none
181,scratch,1,46,True,0.51171875,11111111,255,0.82666015625,0.416015625,0.4234619140625,0.49376486804154485,0.972412109375,1.0,0.40087890625,0.41973876953125,False,0.50927734375,0.50775146484375,0.5006021798987066,0.648681640625,0.696533203125,0.0771484375,0.508514404296875,False,0.51171875,0.5081380208333334,0.5002590383855091,0.546630859375,0.530029296875,-0.02490234375,0.5099283854166667,False,mixed_or_none
181,scratch,2,47,True,0.51416015625,00110000,48,0.6181640625,0.39111328125,0.3941650390625,0.4960827142933257,0.972412109375,1.0,0.40625,0.39263916015625,False,0.53466796875,0.52850341796875,0.5012112599028298,0.65625,0.693603515625,0.090087890625,0.531585693359375,False,0.51416015625,0.5059814453125,0.500364260514705,0.546875,0.531494140625,-0.019287109375,0.51007080078125,False,mixed_or_none
181,scratch,3,48,True,0.509521484375,00000000,0,0.901611328125,0.455322265625,0.4578857421875,0.49782411453430875,0.973388671875,0.999755859375,0.400390625,0.45660400390625,False,0.518310546875,0.5142822265625,0.501784616660413,0.67578125,0.693115234375,0.102783203125,0.51629638671875,False,0.509521484375,0.5102132161458334,0.5004548957649883,0.545654296875,0.53125,-0.02734375,0.5098673502604167,False,mixed_or_none
181,scratch,4,49,True,0.5087890625,00000000,0,0.95556640625,0.48046875,0.48046875,0.4996512062250348,0.97216796875,0.999755859375,0.40087890625,0.48046875,False,0.513671875,0.511962890625,0.5025535773882566,0.69140625,0.69287109375,0.1201171875,0.5128173828125,False,0.5087890625,0.508544921875,0.5005569231308336,0.550537109375,0.52880859375,-0.020751953125,0.5086669921875,False,mixed_or_none
181,scratch,5,50,True,0.509765625,00000000,0,0.95361328125,0.48583984375,0.4849853515625,0.5004459237935588,0.974365234375,0.999755859375,0.400390625,0.48541259765625,False,0.52099609375,0.51873779296875,0.5033916722320183,0.70849609375,0.694091796875,0.134521484375,0.519866943359375,False,0.509765625,0.5085856119791666,0.5006706752770275,0.554443359375,0.528076171875,-0.01953125,0.5091756184895833,False,mixed_or_none
181,scratch,7,52,True,0.513916015625,00000000,0,0.944580078125,0.496337890625,0.494384765625,0.5021483620153973,0.9775390625,0.999755859375,0.40869140625,0.495361328125,False,0.533935546875,0.53173828125,0.5052257955058584,0.7490234375,0.70068359375,0.18017578125,0.5328369140625,False,0.513916015625,0.5098876953125,0.5008727987003412,0.55126953125,0.53125,-0.017578125,0.51190185546875,False,mixed_or_none
181,scratch,9,54,True,0.526611328125,00000000,0,0.846923828125,0.509033203125,0.50830078125,0.503121276250648,0.97998046875,0.999755859375,0.406005859375,0.5086669921875,False,0.563720703125,0.56549072265625,0.5073864909388214,0.7802734375,0.7099609375,0.206298828125,0.564605712890625,False,0.526611328125,0.5189208984375,0.5011278725404648,0.55859375,0.5341796875,-0.015380859375,0.52276611328125,False,mixed_or_none
181,scratch,13,58,True,0.534912109375,00110011,51,0.632080078125,0.517333984375,0.520751953125,0.5022380492019176,0.984130859375,1.0,0.404052734375,0.51904296875,False,0.632080078125,0.62744140625,0.5130643400011643,0.861572265625,0.73583984375,0.281494140625,0.6297607421875,False,0.534912109375,0.5271402994791666,0.5016934077991336,0.577880859375,0.531982421875,-0.002197265625,0.5310262044270833,False,mixed_or_none
181,scratch,17,62,True,0.515625,11111111,255,0.75390625,0.5224609375,0.52880859375,0.5017699231460948,0.983154296875,1.0,0.383056640625,0.525634765625,False,0.67333984375,0.674560546875,0.5218883356528926,0.92626953125,0.772705078125,0.326171875,0.6739501953125,False,0.515625,0.5061848958333334,0.5023037278871345,0.59814453125,0.531982421875,-0.001953125,0.5109049479166667,False,mixed_or_none
181,scratch,24,69,True,0.518310546875,00110011,51,0.797119140625,0.504638671875,0.50390625,0.4987793535154293,0.97900390625,1.0,0.353759765625,0.5042724609375,False,0.797119140625,0.80096435546875,0.5492950166735324,0.993408203125,0.8369140625,0.3681640625,0.799041748046875,False,0.518310546875,0.5141194661458334,0.5039765607172835,0.640625,0.550048828125,0.015380859375,0.5162150065104167,False,mixed_or_none
181,scratch,33,78,True,0.5224609375,00110011,51,0.94677734375,0.5048828125,0.499267578125,0.49769777985391506,0.966796875,1.0,0.314453125,0.5020751953125,False,0.94677734375,0.94866943359375,0.629254349220967,1.0,0.933349609375,0.34765625,0.947723388671875,True,0.5224609375,0.5201416015625,0.5074968079964376,0.6884765625,0.573486328125,0.0361328125,0.52130126953125,False,Q
181,scratch,45,90,True,0.5,00110011,51,1.0,0.5,0.5,0.5011242657653828,0.966796875,1.0,0.28515625,0.5,False,1.0,0.99993896484375,0.8183185140656777,1.0,0.994873046875,0.318359375,0.999969482421875,True,0.5,0.5000406901041666,0.5106330727892986,0.777587890625,0.60009765625,0.095947265625,0.5000203450520833,False,Q
181,scratch,62,107,True,0.5,00110011,51,1.0,0.5,0.5,0.50481667772619,0.9619140625,1.0,0.253173828125,0.5,False,1.0,1.0,0.9164245726223706,1.0,1.0,0.291259765625,1.0,True,0.5,0.5,0.5133728055413691,0.8427734375,0.723876953125,0.134033203125,0.5,False,Q
181,scratch,85,130,True,0.50537109375,00110011,51,0.99462890625,0.49658203125,0.4969482421875,0.489179724594261,0.947265625,0.999755859375,0.208251953125,0.49676513671875,False,0.99462890625,0.99468994140625,0.8564258993571904,1.0,1.0,0.260986328125,0.994659423828125,True,0.50537109375,0.5052490234375,0.554528718533769,0.9599609375,0.9072265625,0.220947265625,0.50531005859375,False,Q
181,scratch,117,162,True,0.722412109375,01110111,119,0.813720703125,0.505615234375,0.503173828125,0.5006516635217967,0.938720703125,0.99951171875,0.177734375,0.50439453125,False,0.777587890625,0.77777099609375,0.732562296907231,1.0,0.9990234375,0.239013671875,0.777679443359375,False,0.722412109375,0.7222086588541666,0.7225672919592574,1.0,1.0,0.239013671875,0.7223103841145833,False,mixed_or_none
181,scratch,128,173,True,0.89794921875,01010101,85,0.89794921875,0.49560546875,0.497802734375,0.4962649439767758,0.94140625,0.99853515625,0.186279296875,0.4967041015625,False,0.60205078125,0.6016845703125,0.6512502516895633,1.0,0.998779296875,0.244873046875,0.60186767578125,False,0.89794921875,0.8989664713541667,0.819323139099827,1.0,1.0,0.244873046875,0.8984578450520834,False,mixed_or_none
181,scratch,161,206,True,1.0,01010101,85,1.0,0.5,0.5,0.5007895065522189,0.94970703125,0.998779296875,0.211669921875,0.5,False,0.5,0.5,0.5230879951448622,1.0,0.995849609375,0.261962890625,0.5,False,1.0,1.0,0.9720497978864682,1.0,1.0,0.261962890625,1.0,True,Y
181,scratch,222,267,True,1.0,01010101,85,1.0,0.5,0.5,0.5000559823119641,0.949951171875,0.9990234375,0.204345703125,0.5,False,0.5,0.5,0.5055770110443558,1.0,0.994384765625,0.25439453125,0.5,False,1.0,1.0,0.9932691766964901,1.0,1.0,0.25439453125,1.0,True,Y
181,scratch,304,349,True,1.0,01010101,85,1.0,0.5,0.5,0.5000163935831818,0.947509765625,0.9990234375,0.200927734375,0.5,False,0.5,0.5,0.5023179719326617,1.0,0.994384765625,0.25341796875,0.5,False,1.0,1.0,0.9971900196676768,1.0,1.0,0.25341796875,1.0,True,Y
181,scratch,418,463,True,1.0,01010101,85,1.0,0.5,0.5,0.5000106853637837,0.949462890625,0.999267578125,0.19580078125,0.5,False,0.5,0.5,0.5010968770498212,1.0,0.993896484375,0.246337890625,0.5,False,1.0,1.0,0.998667165559892,1.0,1.0,0.246337890625,1.0,True,Y
181,scratch,575,620,True,1.0,01010101,85,1.0,0.5,0.5,0.5000026220189182,0.949462890625,0.999267578125,0.195068359375,0.5,False,0.5,0.5,0.5005455724811614,1.0,0.99365234375,0.24560546875,0.5,False,1.0,1.0,0.9993355954784742,1.0,1.0,0.24560546875,1.0,True,Y
181,scratch,790,835,True,1.0,01010101,85,1.0,0.5,0.5,0.5000022870040727,0.94775390625,0.999267578125,0.19482421875,0.5,False,0.5,0.5,0.5002808533993824,1.0,0.993896484375,0.2470703125,0.5,False,1.0,1.0,0.9996577500276125,1.0,1.0,0.2470703125,1.0,True,Y
181,scratch,1024,1069,True,1.0,01010101,85,1.0,0.5,0.5,0.5000012093427778,0.9453125,0.999267578125,0.19189453125,0.5,False,0.5,0.5,0.5001639396376526,1.0,0.99365234375,0.24658203125,0.5,False,1.0,1.0,0.9998001990928282,1.0,1.0,0.24658203125,1.0,True,Y
181,sham,0,45,True,0.49951171875,00100100,36,0.51513671875,0.4951171875,0.4873046875,0.4997851475349922,0.8427734375,0.999755859375,0.27978515625,0.4912109375,False,0.5009765625,0.49847412109375,0.49997964673931417,0.634765625,0.703125,0.07177734375,0.499725341796875,False,0.49951171875,0.502685546875,0.49998361545759057,0.52587890625,0.537109375,-0.037109375,0.5010986328125,False,mixed_or_none
181,sham,1,46,True,0.509765625,00000000,0,0.62451171875,0.5244140625,0.52197265625,0.5001540002975643,0.84716796875,0.999755859375,0.281982421875,0.523193359375,False,0.51513671875,0.51544189453125,0.5003306798602468,0.625,0.707763671875,0.059814453125,0.515289306640625,False,0.509765625,0.5076904296875,0.500042663815069,0.523193359375,0.535400390625,-0.0419921875,0.50872802734375,False,mixed_or_none
181,sham,2,47,True,0.509033203125,00000000,0,0.760986328125,0.548583984375,0.542724609375,0.5006395378515333,0.845458984375,0.999755859375,0.29638671875,0.545654296875,False,0.509033203125,0.51251220703125,0.5006653197400672,0.61279296875,0.7080078125,0.063720703125,0.510772705078125,False,0.509033203125,0.50439453125,0.5000872165880035,0.518798828125,0.539306640625,-0.0302734375,0.5067138671875,False,mixed_or_none
181,sham,3,48,True,0.502197265625,00000000,0,0.907470703125,0.521728515625,0.5242919921875,0.5009683547528159,0.845703125,0.999755859375,0.29150390625,0.52301025390625,False,0.514892578125,0.51092529296875,0.5009779569494485,0.623046875,0.708251953125,0.06884765625,0.512908935546875,False,0.502197265625,0.500732421875,0.5001375858353606,0.517822265625,0.5400390625,-0.036376953125,0.50146484375,False,mixed_or_none
181,sham,4,49,True,0.502197265625,00000000,0,0.932861328125,0.527587890625,0.5257568359375,0.5014870551748406,0.8466796875,0.999755859375,0.2900390625,0.52667236328125,False,0.520263671875,0.51666259765625,0.5013524836540684,0.634521484375,0.708984375,0.077880859375,0.518463134765625,False,0.502197265625,0.5015869140625,0.5001898050009738,0.516845703125,0.54052734375,-0.039794921875,0.50189208984375,False,mixed_or_none
181,sham,5,50,True,0.505859375,00000000,0,0.93359375,0.52783203125,0.52490234375,0.5016860459827855,0.8466796875,0.999755859375,0.297119140625,0.5263671875,False,0.5263671875,0.5224609375,0.5017687829753901,0.650146484375,0.712646484375,0.1005859375,0.5244140625,False,0.505859375,0.5035807291666666,0.5002380830081226,0.517822265625,0.538818359375,-0.03173828125,0.5047200520833333,False,mixed_or_none
181,sham,7,52,True,0.501708984375,00000000,0,0.954833984375,0.520263671875,0.517333984375,0.5022282988097687,0.85498046875,0.999755859375,0.305908203125,0.518798828125,False,0.528076171875,0.5272216796875,0.5027946429106867,0.680908203125,0.716552734375,0.1318359375,0.52764892578125,False,0.501708984375,0.5024820963541666,0.5003438576624489,0.525634765625,0.53955078125,-0.0234375,0.5020955403645833,False,mixed_or_none
181,sham,9,54,True,0.50390625,00000000,0,0.9404296875,0.52587890625,0.5234375,0.5027886627646705,0.864990234375,1.0,0.306640625,0.524658203125,False,0.53955078125,0.5404052734375,0.5041627206332648,0.715576171875,0.723388671875,0.1572265625,0.53997802734375,False,0.50390625,0.5042317708333334,0.5004744346086775,0.53076171875,0.541259765625,-0.027587890625,0.5040690104166667,False,mixed_or_none
181,sham,13,58,True,0.510009765625,00000000,0,0.839111328125,0.544189453125,0.535888671875,0.5031628690274648,0.88330078125,1.0,0.319580078125,0.5400390625,False,0.597412109375,0.59759521484375,0.5082091008673418,0.80517578125,0.746826171875,0.241455078125,0.597503662109375,False,0.510009765625,0.5057779947916666,0.5008570079713937,0.54833984375,0.549560546875,-0.015380859375,0.5078938802083333,False,mixed_or_none
181,sham,17,62,True,0.53466796875,00110011,51,0.7099609375,0.57080078125,0.567138671875,0.5038706332401872,0.90380859375,1.0,0.32470703125,0.5689697265625,False,0.7099609375,0.709228515625,0.5146862082416992,0.873779296875,0.782470703125,0.294677734375,0.7095947265625,False,0.53466796875,0.5268147786458334,0.5013811333350641,0.5595703125,0.5458984375,-0.01953125,0.5307413736979167,False,mixed_or_none
181,sham,24,69,True,0.525146484375,00110011,51,0.849853515625,0.534912109375,0.5335693359375,0.5040231688083036,0.9248046875,1.0,0.30419921875,0.53424072265625,False,0.849853515625,0.8502197265625,0.5382930260585167,0.98876953125,0.849365234375,0.3681640625,0.85003662109375,False,0.525146484375,0.5185546875,0.5025025112942914,0.602783203125,0.550537109375,-0.017822265625,0.5218505859375,False,mixed_or_none
181,sham,33,78,True,0.505126953125,00110011,51,0.992431640625,0.504150390625,0.5008544921875,0.5026159457554024,0.9228515625,0.999755859375,0.2724609375,0.50250244140625,False,0.992431640625,0.99212646484375,0.6177906774206379,1.0,0.94140625,0.349609375,0.992279052734375,True,0.505126953125,0.5045166015625,0.5047421906485078,0.61474609375,0.559326171875,-0.03564453125,0.50482177734375,False,Q
181,sham,45,90,True,0.5,00110011,51,1.0,0.5,0.5,0.49965887208937837,0.925048828125,1.0,0.25537109375,0.5,False,1.0,1.0,0.827673727478417,1.0,0.99560546875,0.330322265625,1.0,True,0.5,0.5,0.5053204372954895,0.63330078125,0.573974609375,-0.036376953125,0.5,False,Q
181,sham,62,107,True,0.5,00110011,51,1.0,0.5,0.5,0.5036524960882744,0.89013671875,1.0,0.2060546875,0.5,False,1.0,1.0,0.9236796842974687,1.0,1.0,0.31591796875,1.0,True,0.5,0.5,0.5074262218496173,0.72900390625,0.672119140625,0.044921875,0.5,False,Q
181,sham,85,130,True,0.5,00110011,51,1.0,0.5,0.5,0.4961072142727027,0.85986328125,1.0,0.14501953125,0.5,False,1.0,1.0,0.8794118883673313,1.0,0.99951171875,0.28515625,1.0,True,0.5,0.5,0.5258359452820007,0.90478515625,0.81396484375,0.18994140625,0.5,False,Q
181,sham,117,162,True,0.560302734375,00110011,51,0.939697265625,0.500244140625,0.498291015625,0.5005083693234196,0.834716796875,1.0,0.074951171875,0.499267578125,False,0.939697265625,0.93963623046875,0.8096515085708081,1.0,0.99755859375,0.240234375,0.939666748046875,True,0.560302734375,0.5596110026041666,0.6277693987853138,1.0,0.984375,0.240234375,0.5599568684895833,False,Q
181,sham,128,173,True,0.725341796875,00110001,49,0.781982421875,0.493408203125,0.4935302734375,0.4958613674005597,0.826171875,1.0,0.052978515625,0.49346923828125,False,0.774658203125,0.7735595703125,0.7360711055881446,1.0,0.995849609375,0.226806640625,0.77410888671875,False,0.725341796875,0.7256673177083334,0.7161787683930992,1.0,0.99462890625,0.226806640625,0.7255045572916667,False,mixed_or_none
181,sham,161,206,True,1.0,01010101,85,1.0,0.5,0.5,0.49934055393706017,0.813232421875,0.998779296875,0.036376953125,0.5,False,0.5,0.5,0.5378881125494308,1.0,0.98974609375,0.22314453125,0.5,False,1.0,1.0,0.9539645967402048,1.0,1.0,0.22314453125,1.0,True,Y
181,sham,222,267,True,1.0,01010101,85,1.0,0.5,0.5,0.4998933628816981,0.82373046875,0.997802734375,0.056640625,0.5,False,0.5,0.5,0.5057440167338491,1.0,0.989013671875,0.23291015625,0.5,False,1.0,1.0,0.9928431165302938,1.0,1.0,0.23291015625,1.0,True,Y
181,sham,304,349,True,1.0,01010101,85,1.0,0.5,0.5,0.4999485747941401,0.83203125,0.997802734375,0.064453125,0.5,False,0.5,0.5,0.5022526609063891,1.0,0.988525390625,0.232421875,0.5,False,1.0,1.0,0.9971864258352565,1.0,1.0,0.232421875,1.0,True,Y
181,sham,418,463,True,1.0,01010101,85,1.0,0.5,0.5,0.4999831783903466,0.83642578125,0.997802734375,0.065185546875,0.5,False,0.5,0.5,0.5010333074698419,1.0,0.988037109375,0.228759765625,0.5,False,1.0,1.0,0.9987034132585844,1.0,1.0,0.228759765625,1.0,True,Y
181,sham,575,620,True,1.0,01010101,85,1.0,0.5,0.5,0.4999914657445766,0.841552734375,0.997314453125,0.071044921875,0.5,False,0.5,0.5,0.5005028031137138,0.99951171875,0.987548828125,0.22900390625,0.5,False,1.0,1.0,0.999365916224908,1.0,1.0,0.2294921875,1.0,True,Y
181,sham,790,835,True,1.0,01010101,85,1.0,0.5,0.5,0.4999971785871243,0.8408203125,0.9970703125,0.070556640625,0.5,False,0.5,0.5,0.5002573989967412,0.99951171875,0.987548828125,0.229248046875,0.5,False,1.0,1.0,0.9996752335479069,1.0,1.0,0.229736328125,1.0,True,Y
181,sham,1024,1069,True,1.0,01010101,85,1.0,0.5,0.5,0.4999987595012428,0.839111328125,0.99755859375,0.069091796875,0.5,False,0.5,0.5,0.5001492015285615,0.99951171875,0.98779296875,0.2294921875,0.5,False,1.0,1.0,0.9998115567567711,1.0,1.0,0.22998046875,1.0,True,Y
191,independent_carry,0,45,True,0.500244140625,00001111,15,0.999267578125,0.999267578125,0.9986572265625,0.8655455100864824,1.0,1.0,0.41455078125,0.99896240234375,True,0.500732421875,0.50177001953125,0.5685949663455391,0.989501953125,0.97900390625,0.404052734375,0.501251220703125,False,0.500244140625,0.5005696614583334,0.5010202136683046,0.513916015625,0.513427734375,-0.071533203125,0.5004069010416667,False,P
191,independent_carry,1,46,True,0.500732421875,00001111,15,0.997802734375,0.997802734375,0.9976806640625,0.8532559418861849,1.0,1.0,0.409423828125,0.99774169921875,True,0.502197265625,0.5030517578125,0.5760750599920625,0.99169921875,0.982421875,0.401123046875,0.50262451171875,False,0.500732421875,0.5010986328125,0.5010582218733515,0.5107421875,0.5166015625,-0.079833984375,0.50091552734375,False,P
191,independent_carry,2,47,True,0.500244140625,00001111,15,0.996337890625,0.996337890625,0.99609375,0.8368242893021306,1.0,1.0,0.41357421875,0.9962158203125,True,0.503662109375,0.50408935546875,0.5855620812367996,0.99462890625,0.986328125,0.408203125,0.503875732421875,False,0.500244140625,0.5009765625,0.5010946188900587,0.5146484375,0.51513671875,-0.07177734375,0.5006103515625,False,P
191,independent_carry,3,48,True,0.501708984375,00001111,15,0.990478515625,0.990478515625,0.990234375,0.8157765951852951,1.0,1.0,0.40966796875,0.9903564453125,True,0.509521484375,0.50933837890625,0.5965646276263936,0.995849609375,0.9912109375,0.405517578125,0.509429931640625,False,0.501708984375,0.5017903645833334,0.5011151674599162,0.513671875,0.51318359375,-0.07666015625,0.5017496744791667,False,P
191,independent_carry,4,49,True,0.502197265625,00001111,15,0.982666015625,0.982666015625,0.9822998046875,0.7927742878505609,1.0,1.0,0.411865234375,0.98248291015625,True,0.517333984375,0.5167236328125,0.6085136964042765,0.99755859375,0.99365234375,0.409423828125,0.51702880859375,False,0.502197265625,0.5016682942708334,0.5011277618004096,0.516845703125,0.513427734375,-0.0712890625,0.5019327799479167,False,P
191,independent_carry,5,50,True,0.505126953125,00001111,15,0.966552734375,0.966552734375,0.96728515625,0.7679743908362905,1.0,1.0,0.409912109375,0.9669189453125,True,0.533447265625,0.53265380859375,0.6210724859121888,0.998291015625,0.995849609375,0.408203125,0.533050537109375,False,0.505126953125,0.503662109375,0.5011200069382841,0.51806640625,0.514404296875,-0.072021484375,0.50439453125,False,P
191,independent_carry,7,52,True,0.506103515625,00001111,15,0.892333984375,0.892333984375,0.892578125,0.7160505016194352,1.0,1.0,0.4033203125,0.8924560546875,False,0.607666015625,0.60791015625,0.645595771383894,0.999755859375,0.9990234375,0.403076171875,0.6077880859375,False,0.506103515625,0.503662109375,0.5010821891097341,0.513916015625,0.514892578125,-0.082763671875,0.5048828125,False,mixed_or_none
191,independent_carry,9,54,True,0.514892578125,00010011,19,0.771240234375,0.741943359375,0.74267578125,0.6670289883832711,1.0,1.0,0.39697265625,0.7423095703125,False,0.758056640625,0.75775146484375,0.6678819972141218,1.0,0.99951171875,0.39697265625,0.757904052734375,False,0.514892578125,0.5082194010416666,0.5010577319960788,0.5166015625,0.5146484375,-0.08642578125,0.5115559895833333,False,mixed_or_none
191,independent_carry,13,58,True,0.5,00110011,51,0.95947265625,0.54052734375,0.5400390625,0.5898205518988041,1.0,1.0,0.38232421875,0.540283203125,False,0.95947265625,0.95989990234375,0.7087814456057225,1.0,1.0,0.38232421875,0.959686279296875,True,0.5,0.5004475911458334,0.5009243219640735,0.509033203125,0.51708984375,-0.108642578125,0.5002237955729167,False,Q
191,independent_carry,17,62,True,0.500244140625,00110011,51,0.999267578125,0.500732421875,0.50048828125,0.539280145780701,0.99951171875,1.0,0.370849609375,0.5006103515625,False,0.999267578125,0.99945068359375,0.7507571344702221,1.0,1.0,0.371337890625,0.999359130859375,True,0.500244140625,0.5000813802083334,0.5008172274541226,0.504638671875,0.5224609375,-0.1240234375,0.5001627604166667,False,Q
191,independent_carry,24,69,True,0.5,00110011,51,1.0,0.5,0.5,0.49415899816706305,0.997802734375,1.0,0.35888671875,0.5,False,1.0,1.0,0.8304773943678994,1.0,1.0,0.361083984375,1.0,True,0.5,0.5,0.5007597987288441,0.505859375,0.522705078125,-0.133056640625,0.5,False,Q
191,independent_carry,33,78,True,0.5,00110011,51,1.0,0.5,0.5,0.4871733850205795,0.995361328125,1.0,0.3623046875,0.5,False,1.0,1.0,0.9017675174117546,1.0,1.0,0.366943359375,1.0,True,0.5,0.5,0.5007254256634515,0.515625,0.51806640625,-0.117431640625,0.5,False,Q
191,independent_carry,45,90,True,0.5,00110011,51,1.0,0.5,0.5,0.4879770998879271,0.990478515625,1.0,0.356201171875,0.5,False,1.0,1.0,0.9147055730544108,1.0,1.0,0.36572265625,1.0,True,0.5,0.5,0.5008927526410001,0.525146484375,0.523681640625,-0.109130859375,0.5,False,Q
191,independent_carry,62,107,True,0.5,00110011,51,1.0,0.5,0.5,0.49046323664703545,0.984130859375,1.0,0.338623046875,0.5,False,1.0,1.0,0.8954254496605972,1.0,1.0,0.3544921875,1.0,True,0.5,0.5,0.501413567225491,0.53173828125,0.53564453125,-0.11376953125,0.5,False,Q
191,independent_carry,85,130,True,0.5,00110011,51,1.0,0.5,0.5,0.5052465885121517,0.982421875,1.0,0.326416015625,0.5,False,1.0,1.0,0.8958601988574888,1.0,1.0,0.343994140625,1.0,True,0.5,0.5,0.5029265384573265,0.55908203125,0.5830078125,-0.096923828125,0.5,False,Q
191,independent_carry,117,162,True,0.5,00110011,51,1.0,0.5,0.4998779296875,0.4992932303635669,0.982177734375,1.0,0.328369140625,0.49993896484375,False,1.0,1.0,0.8971122740701715,1.0,1.0,0.34619140625,1.0,True,0.5,0.5000406901041666,0.509116214177207,0.64501953125,0.68896484375,-0.0087890625,0.5000203450520833,False,Q
191,independent_carry,128,173,True,0.5,00110011,51,1.0,0.5,0.5,0.501365509653695,0.975341796875,1.0,0.320556640625,0.5,False,1.0,0.99993896484375,0.889084330941523,1.0,1.0,0.34521484375,0.999969482421875,True,0.5,0.5001220703125,0.5135491965392485,0.688720703125,0.71337890625,0.033935546875,0.50006103515625,False,Q
191,independent_carry,161,206,True,0.50341796875,00110011,51,0.99658203125,0.50146484375,0.4998779296875,0.49923954185889896,0.9697265625,1.0,0.278076171875,0.50067138671875,False,0.99658203125,0.99658203125,0.8792596636375511,1.0,1.0,0.308349609375,0.99658203125,True,0.50341796875,0.5027669270833334,0.5362950435757167,0.82763671875,0.8623046875,0.135986328125,0.5030924479166667,False,Q
191,independent_carry,222,267,True,0.92919921875,01010101,85,0.92919921875,0.50927734375,0.5079345703125,0.5048422614180428,0.96826171875,0.999267578125,0.254638671875,0.50860595703125,False,0.57080078125,0.5692138671875,0.6220638619635228,0.999755859375,1.0,0.2861328125,0.57000732421875,False,0.92919921875,0.9302571614583333,0.8611814090372543,1.0,1.0,0.286376953125,0.9297281901041666,True,Y
191,independent_carry,304,349,True,1.0,01010101,85,1.0,0.5,0.5,0.5000608056312065,0.97412109375,0.998779296875,0.2353515625,0.5,False,0.5,0.5,0.5097140189433986,0.998291015625,1.0,0.259521484375,0.5,False,1.0,1.0,0.9889048658673132,1.0,1.0,0.26123046875,1.0,True,Y
191,independent_carry,418,463,True,1.0,01010101,85,1.0,0.5,0.5,0.5000401482567304,0.974853515625,0.998779296875,0.239013671875,0.5,False,0.5,0.5,0.5033769393849516,0.99853515625,1.0,0.2626953125,0.5,False,1.0,1.0,0.9961437618882159,1.0,1.0,0.26416015625,1.0,True,Y
191,independent_carry,575,620,True,1.0,01010101,85,1.0,0.5,0.5,0.5000265118583719,0.975341796875,0.999267578125,0.23974609375,0.5,False,0.5,0.5,0.5014746042034206,0.99853515625,1.0,0.262939453125,0.5,False,1.0,1.0,0.9983131915083312,1.0,1.0,0.264404296875,1.0,True,Y
191,independent_carry,790,835,True,1.0,01010101,85,1.0,0.5,0.5,0.5000175892999207,0.974365234375,0.99951171875,0.239013671875,0.5,False,0.5,0.5,0.5007222597946545,0.998291015625,1.0,0.262939453125,0.5,False,1.0,1.0,0.9991747267439821,1.0,1.0,0.2646484375,1.0,True,Y
191,independent_carry,1024,1069,True,1.0,01010101,85,1.0,0.5,0.5,0.5000124107563348,0.975341796875,0.99951171875,0.2392578125,0.5,False,0.5,0.5,0.5004146486607761,0.997802734375,1.0,0.26171875,0.5,False,1.0,1.0,0.999527006607567,1.0,1.0,0.263916015625,1.0,True,Y
191,independent_reset,0,45,True,0.500244140625,00001111,15,0.999267578125,0.999267578125,0.9986572265625,0.8655455100864824,1.0,1.0,0.41455078125,0.99896240234375,True,0.500732421875,0.50177001953125,0.5685949663455391,0.989501953125,0.97900390625,0.404052734375,0.501251220703125,False,0.500244140625,0.5005696614583334,0.5010202136683046,0.513916015625,0.513427734375,-0.071533203125,0.5004069010416667,False,P
191,independent_reset,1,46,True,0.500244140625,00001111,15,0.992431640625,0.992431640625,0.9935302734375,0.8418805765414005,1.0,1.0,0.409912109375,0.99298095703125,True,0.507568359375,0.50811767578125,0.5783511923649771,0.991455078125,0.9814453125,0.4013671875,0.507843017578125,False,0.500244140625,0.50146484375,0.5009816665305596,0.515869140625,0.51318359375,-0.07421875,0.5008544921875,False,P
191,independent_reset,2,47,True,0.501220703125,00001111,15,0.989501953125,0.989501953125,0.9896240234375,0.8204444779143237,1.0,1.0,0.410400390625,0.98956298828125,True,0.510498046875,0.51214599609375,0.587783417397088,0.994873046875,0.984619140625,0.4052734375,0.511322021484375,False,0.501220703125,0.501953125,0.5009615782029925,0.51611328125,0.511962890625,-0.073486328125,0.5015869140625,False,P
191,independent_reset,3,48,True,0.503173828125,00001111,15,0.977294921875,0.977294921875,0.9781494140625,0.7972948678017496,1.0,1.0,0.414306640625,0.97772216796875,True,0.522705078125,0.523681640625,0.5969050303176029,0.995849609375,0.98828125,0.41015625,0.523193359375,False,0.503173828125,0.5030517578125,0.5009296022580817,0.51416015625,0.509765625,-0.071533203125,0.50311279296875,False,P
191,independent_reset,4,49,True,0.503662109375,00001111,15,0.968994140625,0.968994140625,0.9693603515625,0.7764958737159876,1.0,1.0,0.412353515625,0.96917724609375,True,0.531005859375,0.53240966796875,0.6056705239553561,0.99609375,0.991455078125,0.408447265625,0.531707763671875,False,0.503662109375,0.5038248697916666,0.5009151725524753,0.517578125,0.512451171875,-0.070068359375,0.5037434895833333,False,P
191,independent_reset,5,50,True,0.503662109375,00001111,15,0.957275390625,0.957275390625,0.959228515625,0.7560049444965111,1.0,1.0,0.41455078125,0.958251953125,True,0.542724609375,0.54254150390625,0.6143280560156859,0.99853515625,0.9931640625,0.4130859375,0.542633056640625,False,0.503662109375,0.503662109375,0.5009018306765157,0.51318359375,0.51318359375,-0.072265625,0.503662109375,False,P
191,independent_reset,7,52,True,0.505859375,00001111,15,0.916015625,0.916015625,0.9150390625,0.7159647460385978,1.0,1.0,0.412841796875,0.91552734375,True,0.583984375,0.5841064453125,0.6304086456928204,0.99951171875,0.9970703125,0.412353515625,0.58404541015625,False,0.505859375,0.505615234375,0.5008862634988664,0.51416015625,0.51171875,-0.072998046875,0.5057373046875,False,P
191,independent_reset,9,54,True,0.507568359375,00001111,15,0.833740234375,0.833740234375,0.83349609375,0.6793576960196729,1.0,1.0,0.406494140625,0.8336181640625,False,0.666259765625,0.66845703125,0.6450449576655947,0.999755859375,0.99853515625,0.40625,0.6673583984375,False,0.507568359375,0.5052490234375,0.5008953313929579,0.51025390625,0.513916015625,-0.083251953125,0.50640869140625,False,mixed_or_none
191,independent_reset,13,58,True,0.505615234375,00110011,51,0.886962890625,0.613037109375,0.613525390625,0.6197655197482247,1.0,1.0,0.392333984375,0.61328125,False,0.886962890625,0.88726806640625,0.6734858226457909,0.999755859375,1.0,0.39208984375,0.887115478515625,False,0.505615234375,0.5021158854166666,0.5008309204421659,0.50732421875,0.513671875,-0.100341796875,0.5038655598958333,False,mixed_or_none
191,independent_reset,17,62,True,0.50146484375,00110011,51,0.982421875,0.517578125,0.519287109375,0.5765128568219533,0.99951171875,1.0,0.380126953125,0.5184326171875,False,0.982421875,0.98138427734375,0.7035051566345897,1.0,1.0,0.380615234375,0.981903076171875,True,0.50146484375,0.5006917317708334,0.5007580325421829,0.508056640625,0.51708984375,-0.111328125,0.5010782877604167,False,Q
191,independent_reset,24,69,True,0.5,00110011,51,1.0,0.5,0.5,0.5285354949419627,0.9990234375,1.0,0.375732421875,0.5,False,1.0,1.0,0.7666443594423782,1.0,1.0,0.376708984375,1.0,True,0.5,0.5,0.5006993943359436,0.502197265625,0.521240234375,-0.12109375,0.5,False,Q
191,independent_reset,33,78,True,0.5,00110011,51,1.0,0.5,0.5,0.505050881788538,0.998046875,1.0,0.375,0.5,False,1.0,1.0,0.8505070728217101,1.0,1.0,0.376953125,1.0,True,0.5,0.5,0.5007794132910024,0.517333984375,0.521728515625,-0.105712890625,0.5,False,Q
191,independent_reset,45,90,True,0.5,00110011,51,1.0,0.5,0.5,0.49490800571398585,0.99609375,1.0,0.3759765625,0.5,False,1.0,1.0,0.9072818681831744,1.0,1.0,0.3798828125,1.0,True,0.5,0.5,0.5007448145793899,0.52197265625,0.520751953125,-0.09814453125,0.5,False,Q
191,independent_reset,62,107,True,0.5,00110011,51,1.0,0.5,0.5,0.4911702163229465,0.993408203125,1.0,0.348876953125,0.5,False,1.0,1.0,0.9059363793003722,1.0,1.0,0.35546875,1.0,True,0.5,0.5,0.501022110097997,0.51904296875,0.523193359375,-0.12548828125,0.5,False,Q
191,independent_reset,85,130,True,0.5,00110011,51,1.0,0.5,0.5,0.506433778193283,0.9931640625,1.0,0.345458984375,0.5,False,1.0,1.0,0.8923250902899539,1.0,1.0,0.352294921875,1.0,True,0.5,0.5,0.502275569832297,0.5458984375,0.554931640625,-0.101806640625,0.5,False,Q
191,independent_reset,117,162,True,0.5,00110011,51,1.0,0.5,0.5,0.4986251279522107,0.991455078125,1.0,0.35107421875,0.5,False,1.0,1.0,0.899168916262232,1.0,1.0,0.359619140625,1.0,True,0.5,0.5,0.5062387056407918,0.61767578125,0.640869140625,-0.022705078125,0.5,False,Q
191,independent_reset,128,173,True,0.5,00110011,51,1.0,0.5,0.5,0.5020866171663869,0.989990234375,1.0,0.352294921875,0.5,False,1.0,1.0,0.890612572711612,1.0,1.0,0.3623046875,1.0,True,0.5,0.5,0.5096133956475424,0.645263671875,0.668701171875,0.007568359375,0.5,False,Q
191,independent_reset,161,206,True,0.50048828125,00110011,51,0.99951171875,0.5,0.4996337890625,0.49877074203240335,0.98974609375,1.0,0.312744140625,0.49981689453125,False,0.99951171875,0.9991455078125,0.8853819323640598,1.0,1.0,0.322998046875,0.99932861328125,True,0.50048828125,0.5006510416666666,0.5242197085895907,0.774658203125,0.785400390625,0.09765625,0.5005696614583333,False,Q
191,independent_reset,222,267,True,0.82958984375,01010101,85,0.82958984375,0.51708984375,0.5118408203125,0.5055648009894345,0.984375,1.0,0.2939453125,0.51446533203125,False,0.67041015625,0.666015625,0.695909775630883,1.0,1.0,0.3095703125,0.668212890625,False,0.82958984375,0.8297119140625,0.7762914665941298,1.0,1.0,0.3095703125,0.82965087890625,False,mixed_or_none
191,independent_reset,304,349,True,1.0,01010101,85,1.0,0.5,0.5,0.5002025852287798,0.98291015625,1.0,0.286376953125,0.5,False,0.5,0.5,0.5079675918085255,0.999755859375,1.0,0.30322265625,0.5,False,1.0,1.0,0.9908240381519842,1.0,1.0,0.303466796875,1.0,True,Y
191,independent_reset,418,463,True,1.0,01010101,85,1.0,0.5,0.5,0.5000419915877552,0.983154296875,1.0,0.2919921875,0.5,False,0.5,0.5,0.5018663102835916,0.99951171875,1.0,0.308349609375,0.5,False,1.0,1.0,0.9978455988159485,1.0,1.0,0.308837890625,1.0,True,Y
191,independent_reset,575,620,True,1.0,01010101,85,1.0,0.5,0.5,0.5000232398570781,0.982177734375,1.0,0.293212890625,0.5,False,0.5,0.5,0.5007320247648506,0.99951171875,1.0,0.310546875,0.5,False,1.0,1.0,0.9991522720672521,1.0,1.0,0.31103515625,1.0,True,Y
191,independent_reset,790,835,True,1.0,01010101,85,1.0,0.5,0.5,0.500013404955332,0.9814453125,1.0,0.29833984375,0.5,False,0.5,0.5,0.500336781263925,0.999267578125,1.0,0.316162109375,0.5,False,1.0,1.0,0.9996098691605555,1.0,1.0,0.31689453125,1.0,True,Y
191,independent_reset,1024,1069,True,1.0,01010101,85,1.0,0.5,0.5,0.5000085614857749,0.980712890625,1.0,0.298583984375,0.5,False,0.5,0.5,0.5001872876015254,0.9990234375,1.0,0.31689453125,0.5,False,1.0,1.0,0.999783207290579,1.0,1.0,0.31787109375,1.0,True,Y
191,nested_carry,0,45,True,0.5,00001111,15,1.0,1.0,0.9998779296875,0.8694035803325115,1.0,1.0,0.384765625,0.99993896484375,True,0.5,0.50006103515625,0.521715006185219,0.801025390625,0.8681640625,0.185791015625,0.500030517578125,False,0.5,0.5000813802083334,0.5010642622972348,0.503662109375,0.518310546875,-0.111572265625,0.5000406901041667,False,P
191,nested_carry,1,46,True,0.5,00001111,15,1.0,1.0,0.9998779296875,0.8590171373303723,1.0,1.0,0.383544921875,0.99993896484375,True,0.5,0.50018310546875,0.5224060273573865,0.807373046875,0.86767578125,0.19091796875,0.500091552734375,False,0.5,0.5000406901041666,0.5011169133059697,0.505615234375,0.517333984375,-0.11083984375,0.5000203450520833,False,P
191,nested_carry,2,47,True,0.5,00001111,15,1.0,1.0,0.9998779296875,0.8434211957611595,1.0,1.0,0.3876953125,0.99993896484375,True,0.5,0.50018310546875,0.5235973126773701,0.817626953125,0.871826171875,0.205322265625,0.500091552734375,False,0.5,0.5,0.5011776227122573,0.501708984375,0.51708984375,-0.110595703125,0.5,False,P
191,nested_carry,3,48,True,0.5,00001111,15,1.0,1.0,0.9998779296875,0.8229899866416752,1.0,1.0,0.39013671875,0.99993896484375,True,0.5,0.50030517578125,0.5249727531576611,0.824951171875,0.874267578125,0.215087890625,0.500152587890625,False,0.5,0.5000406901041666,0.5012289726573318,0.5068359375,0.516845703125,-0.10302734375,0.5000203450520833,False,P
191,nested_carry,4,49,True,0.5,00001111,15,0.99951171875,0.99951171875,0.9996337890625,0.7994866961494266,1.0,1.0,0.384765625,0.99957275390625,True,0.50048828125,0.50067138671875,0.5265204880011084,0.8349609375,0.88232421875,0.2197265625,0.500579833984375,False,0.5,0.5000813802083334,0.5012714028353015,0.5087890625,0.52099609375,-0.1064453125,0.5000406901041667,False,P
191,nested_carry,5,50,True,0.5,00001111,15,0.99951171875,0.99951171875,0.9991455078125,0.773436807705213,1.0,1.0,0.390380859375,0.99932861328125,True,0.50048828125,0.5008544921875,0.5281161837409415,0.8408203125,0.8876953125,0.231201171875,0.50067138671875,False,0.5,0.5001627604166666,0.5012991053160157,0.50390625,0.52197265625,-0.105712890625,0.5000813802083333,False,P
191,nested_carry,7,52,True,0.498779296875,00001111,15,0.996826171875,0.996826171875,0.99658203125,0.71794849338638,1.0,1.0,0.393310546875,0.9967041015625,True,0.503173828125,0.5030517578125,0.5307682873256705,0.8515625,0.90478515625,0.244873046875,0.50311279296875,False,0.498779296875,0.5000813802083334,0.5013004789492017,0.51318359375,0.519775390625,-0.093505859375,0.4994303385416667,False,P
191,nested_carry,9,54,True,0.500244140625,00001111,15,0.989990234375,0.989990234375,0.988525390625,0.6648946916992298,1.0,1.0,0.3994140625,0.9892578125,True,0.510009765625,0.509521484375,0.5323874959642463,0.8662109375,0.919921875,0.265625,0.509765625,False,0.500244140625,0.5013834635416666,0.5012441952394454,0.52001953125,0.521240234375,-0.08056640625,0.5008138020833333,False,P
191,nested_carry,13,58,True,0.50341796875,00001111,15,0.9580078125,0.9580078125,0.9583740234375,0.58865088048078,0.999755859375,1.0,0.405517578125,0.95819091796875,True,0.54150390625,0.54083251953125,0.5330350623221848,0.900146484375,0.9453125,0.305908203125,0.541168212890625,False,0.50341796875,0.502197265625,0.5011222707454666,0.529296875,0.521484375,-0.06494140625,0.5028076171875,False,P
191,nested_carry,17,62,True,0.51611328125,00001111,15,0.83447265625,0.83447265625,0.83740234375,0.5497025980106807,0.9990234375,1.0,0.409423828125,0.8359375,False,0.66357421875,0.6619873046875,0.5344358211808462,0.941162109375,0.970703125,0.3515625,0.66278076171875,False,0.51611328125,0.5099283854166666,0.5010591080567142,0.53515625,0.517333984375,-0.054443359375,0.5130208333333333,False,mixed_or_none
191,nested_carry,24,69,True,0.504150390625,00110011,51,0.905029296875,0.590576171875,0.5902099609375,0.5235387402787897,0.995361328125,1.0,0.40771484375,0.59039306640625,False,0.905029296875,0.90252685546875,0.5483831344900869,0.9951171875,0.994873046875,0.407470703125,0.903778076171875,True,0.504150390625,0.50390625,0.5010333955746606,0.525146484375,0.512939453125,-0.0625,0.5040283203125,False,Q
191,nested_carry,33,78,True,0.502197265625,00110011,51,0.991943359375,0.507568359375,0.5072021484375,0.5220287777754373,0.99365234375,1.0,0.395263671875,0.50738525390625,False,0.991943359375,0.9915771484375,0.6056940032229112,1.0,1.0,0.401611328125,0.99176025390625,True,0.502197265625,0.5017496744791666,0.5014078251607452,0.52392578125,0.51611328125,-0.074462890625,0.5019734700520833,False,Q
191,nested_carry,45,90,True,0.5,00110011,51,1.0,0.5,0.5,0.5177385706318917,0.992919921875,1.0,0.364501953125,0.5,False,1.0,1.0,0.7686819813668587,1.0,1.0,0.37158203125,1.0,True,0.5,0.5,0.5018915755315599,0.531005859375,0.517822265625,-0.097412109375,0.5,False,Q
191,nested_carry,62,107,True,0.5,00110011,51,1.0,0.5,0.5,0.49881483020817124,0.993896484375,1.0,0.352783203125,0.5,False,1.0,1.0,0.9231191717178097,1.0,1.0,0.35888671875,1.0,True,0.5,0.5,0.5012404440943955,0.551025390625,0.52392578125,-0.090087890625,0.5,False,Q
191,nested_carry,85,130,True,0.5,00110011,51,1.0,0.5,0.5,0.5062028543948225,0.989501953125,1.0,0.345703125,0.5,False,1.0,1.0,0.8902841368024983,1.0,1.0,0.356201171875,1.0,True,0.5,0.5,0.5037648077256472,0.580322265625,0.554443359375,-0.0634765625,0.5,False,Q
191,nested_carry,117,162,True,0.5,00110011,51,1.0,0.5,0.5,0.49886391336510233,0.985595703125,1.0,0.30712890625,0.5,False,1.0,1.0,0.8951074850468451,1.0,1.0,0.321533203125,1.0,True,0.5,0.5,0.5134573178092406,0.7099609375,0.6669921875,0.031494140625,0.5,False,Q
191,nested_carry,128,173,True,0.500244140625,00110011,51,0.999755859375,0.500244140625,0.5001220703125,0.5040033275133273,0.984130859375,1.0,0.299072265625,0.50018310546875,False,0.999755859375,0.99981689453125,0.8832629992872638,1.0,1.0,0.31494140625,0.999786376953125,True,0.500244140625,0.500244140625,0.5232589002897595,0.7861328125,0.732421875,0.10107421875,0.500244140625,False,Q
191,nested_carry,161,206,True,0.548095703125,00110011,51,0.951904296875,0.494873046875,0.49365234375,0.49820176740432653,0.989013671875,1.0,0.272705078125,0.4942626953125,False,0.951904296875,0.95281982421875,0.8320885834709261,1.0,1.0,0.28369140625,0.952362060546875,True,0.548095703125,0.5452473958333334,0.5973094551018313,0.958740234375,0.91357421875,0.242431640625,0.5466715494791667,False,Q
191,nested_carry,222,267,True,0.998046875,01010101,85,0.998046875,0.5009765625,0.5006103515625,0.502163080178028,0.99072265625,1.0,0.25146484375,0.50079345703125,False,0.501953125,0.50164794921875,0.5575547148559235,1.0,1.0,0.2607421875,0.501800537109375,False,0.998046875,0.9976399739583333,0.9344871334730738,1.0,1.0,0.2607421875,0.9978434244791666,True,Y
191,nested_carry,304,349,True,1.0,01010101,85,1.0,0.5,0.5,0.5000837840463163,0.9912109375,1.0,0.25,0.5,False,0.5,0.5,0.508251055171607,0.999755859375,1.0,0.258544921875,0.5,False,1.0,1.0,0.9905918578394057,0.999755859375,1.0,0.258544921875,1.0,True,Y
191,nested_carry,418,463,True,1.0,01010101,85,1.0,0.5,0.5,0.5000227142920801,0.99169921875,1.0,0.255126953125,0.5,False,0.5,0.5,0.5031354527541999,0.999755859375,1.0,0.26318359375,0.5,False,1.0,1.0,0.9964199915080663,1.0,1.0,0.263427734375,1.0,True,Y
191,nested_carry,575,620,True,1.0,01010101,85,1.0,0.5,0.5,0.5000091087893593,0.9912109375,1.0,0.256103515625,0.5,False,0.5,0.5,0.5014206073289104,1.0,1.0,0.264892578125,0.5,False,1.0,1.0,0.9983746468040713,1.0,1.0,0.264892578125,1.0,True,Y
191,nested_carry,790,835,True,1.0,01010101,85,1.0,0.5,0.5,0.5000075139413837,0.990966796875,1.0,0.258544921875,0.5,False,0.5,0.5,0.500700509446793,1.0,1.0,0.267578125,0.5,False,1.0,1.0,0.9991984677850574,1.0,1.0,0.267578125,1.0,True,Y
191,nested_carry,1024,1069,True,1.0,01010101,85,1.0,0.5,0.5,0.5000049444313465,0.99169921875,1.0,0.261962890625,0.5,False,0.5,0.5,0.5003995428388238,1.0,1.0,0.270263671875,0.5,False,1.0,1.0,0.999542800296134,1.0,1.0,0.270263671875,1.0,True,Y
191,nested_reset,0,45,True,0.5,00001111,15,1.0,1.0,0.9998779296875,0.8694035803325115,1.0,1.0,0.384765625,0.99993896484375,True,0.5,0.50006103515625,0.521715006185219,0.801025390625,0.8681640625,0.185791015625,0.500030517578125,False,0.5,0.5000813802083334,0.5010642622972348,0.503662109375,0.518310546875,-0.111572265625,0.5000406901041667,False,P
191,nested_reset,1,46,True,0.499755859375,00001111,15,0.999755859375,0.999755859375,0.999755859375,0.8469295838232871,1.0,1.0,0.38818359375,0.999755859375,True,0.500244140625,0.50054931640625,0.5238829900223276,0.82275390625,0.87451171875,0.2109375,0.500396728515625,False,0.499755859375,0.4999593098958333,0.5011249866377395,0.50537109375,0.517578125,-0.1064453125,0.49985758463541663,False,P
191,nested_reset,2,47,True,0.499755859375,00001111,15,0.999755859375,0.999755859375,0.999755859375,0.8238060439677203,1.0,1.0,0.391357421875,0.999755859375,True,0.500244140625,0.5006103515625,0.5259675011605774,0.82861328125,0.881103515625,0.219970703125,0.50042724609375,False,0.499755859375,0.4999593098958333,0.5011646466593511,0.502685546875,0.51611328125,-0.10595703125,0.49985758463541663,False,P
191,nested_reset,3,48,True,0.499267578125,00001111,15,0.998779296875,0.998779296875,0.9990234375,0.7994653444631823,1.0,1.0,0.39013671875,0.9989013671875,True,0.500732421875,0.50128173828125,0.5277571030485066,0.835693359375,0.8876953125,0.225830078125,0.501007080078125,False,0.499267578125,0.4998372395833333,0.5011788864407215,0.5029296875,0.5166015625,-0.10693359375,0.49955240885416663,False,P
191,nested_reset,4,49,True,0.4990234375,00001111,15,0.99755859375,0.99755859375,0.9984130859375,0.7760434210384288,1.0,1.0,0.38916015625,0.99798583984375,True,0.501953125,0.5023193359375,0.5294407032586562,0.84375,0.896728515625,0.23291015625,0.50213623046875,False,0.4990234375,0.4999593098958333,0.5011930555979325,0.499267578125,0.517578125,-0.111572265625,0.49949137369791663,False,P
191,nested_reset,5,50,True,0.49853515625,00001111,15,0.9970703125,0.9970703125,0.9974365234375,0.7526797240914291,1.0,1.0,0.3916015625,0.99725341796875,True,0.50244140625,0.5029296875,0.5310176978982217,0.854736328125,0.905517578125,0.246337890625,0.502685546875,False,0.49853515625,0.5,0.5012012317542756,0.504150390625,0.52001953125,-0.104248046875,0.499267578125,False,P
191,nested_reset,7,52,True,0.498046875,00001111,15,0.994140625,0.994140625,0.994384765625,0.7078056501963148,1.0,1.0,0.397705078125,0.9942626953125,True,0.505859375,0.5067138671875,0.5335176164030443,0.864501953125,0.91845703125,0.26220703125,0.50628662109375,False,0.498046875,0.4999186197916667,0.5011854339531344,0.50390625,0.517578125,-0.098388671875,0.49898274739583337,False,P
191,nested_reset,9,54,True,0.497802734375,00001111,15,0.988037109375,0.988037109375,0.9862060546875,0.6675986474827039,1.0,1.0,0.41455078125,0.98712158203125,True,0.511962890625,0.51300048828125,0.5353665981045189,0.879638671875,0.93115234375,0.294189453125,0.512481689453125,False,0.497802734375,0.50048828125,0.5011578840798132,0.512451171875,0.5185546875,-0.072998046875,0.4991455078125,False,P
191,nested_reset,13,58,True,0.502197265625,00001111,15,0.963623046875,0.963623046875,0.9635009765625,0.607750568235185,1.0,1.0,0.41357421875,0.96356201171875,True,0.536376953125,0.53466796875,0.5378953994682171,0.9150390625,0.953369140625,0.32861328125,0.5355224609375,False,0.502197265625,0.5032958984375,0.5010899199982859,0.5224609375,0.51611328125,-0.06396484375,0.50274658203125,False,P
191,nested_reset,17,62,True,0.5166015625,00001111,15,0.88916015625,0.88916015625,0.8907470703125,0.5717249454606648,0.999755859375,1.0,0.411376953125,0.88995361328125,False,0.61083984375,0.61187744140625,0.5411169588769077,0.95068359375,0.9716796875,0.3623046875,0.611358642578125,False,0.5166015625,0.509033203125,0.5010736188759848,0.520263671875,0.515380859375,-0.068115234375,0.5128173828125,False,mixed_or_none
191,nested_reset,24,69,True,0.510986328125,00110011,51,0.835693359375,0.663818359375,0.661865234375,0.5411565272853597,0.998291015625,1.0,0.410400390625,0.662841796875,False,0.835693359375,0.836181640625,0.5555484260291933,0.9931640625,0.9931640625,0.4052734375,0.8359375,False,0.510986328125,0.5069173177083334,0.5011210562626099,0.524658203125,0.51611328125,-0.063232421875,0.5089518229166667,False,mixed_or_none
191,nested_reset,33,78,True,0.504150390625,00110011,51,0.972412109375,0.527587890625,0.5267333984375,0.5352747296011141,0.99609375,1.0,0.403564453125,0.52716064453125,False,0.972412109375,0.97174072265625,0.6046770600989502,1.0,1.0,0.407470703125,0.972076416015625,True,0.504150390625,0.5034586588541666,0.5013343975269929,0.527099609375,0.518798828125,-0.0654296875,0.5038045247395833,False,Q
191,nested_reset,45,90,True,0.5,00110011,51,1.0,0.5,0.500244140625,0.5264805236620013,0.9951171875,1.0,0.382568359375,0.5001220703125,False,1.0,0.9998779296875,0.7357355834352848,1.0,1.0,0.387451171875,0.99993896484375,True,0.5,0.5,0.5017625339224296,0.53662109375,0.51513671875,-0.075927734375,0.5,False,Q
191,nested_reset,62,107,True,0.5,00110011,51,1.0,0.5,0.5,0.4994251657331517,0.998046875,1.0,0.339599609375,0.5,False,1.0,1.0,0.9083426628178894,1.0,1.0,0.341552734375,1.0,True,0.5,0.5,0.5012754720094428,0.55859375,0.52099609375,-0.099853515625,0.5,False,Q
191,nested_reset,85,130,True,0.5,00110011,51,1.0,0.5,0.5,0.5061232725578191,0.9970703125,1.0,0.348388671875,0.5,False,1.0,1.0,0.8974037422976663,1.0,1.0,0.351318359375,1.0,True,0.5,0.5,0.5027613254780066,0.562744140625,0.532470703125,-0.0859375,0.5,False,Q
191,nested_reset,117,162,True,0.5,00110011,51,1.0,0.5,0.5,0.49867930090254914,0.993896484375,1.0,0.344482421875,0.5,False,1.0,1.0,0.8957318754100829,1.0,1.0,0.3505859375,1.0,True,0.5,0.5,0.5086748327946932,0.657470703125,0.614501953125,0.008056640625,0.5,False,Q
191,nested_reset,128,173,True,0.5,00110011,51,1.0,0.5,0.5,0.504737304835885,0.992919921875,1.0,0.324462890625,0.5,False,1.0,1.0,0.8879664359595207,1.0,1.0,0.33154296875,1.0,True,0.5,0.5,0.5142910135312759,0.709228515625,0.677001953125,0.040771484375,0.5,False,Q
191,nested_reset,161,206,True,0.512939453125,00110011,51,0.987060546875,0.497802734375,0.4970703125,0.4982180149011388,0.994384765625,1.0,0.259765625,0.4974365234375,False,0.987060546875,0.98797607421875,0.8558543571898328,1.0,1.0,0.265380859375,0.987518310546875,True,0.512939453125,0.5117594401041666,0.5652834997142308,0.91943359375,0.894287109375,0.184814453125,0.5123494466145833,False,Q
191,nested_reset,222,267,True,0.985107421875,01010101,85,0.985107421875,0.504150390625,0.50244140625,0.5040120291997364,0.99560546875,1.0,0.263916015625,0.5032958984375,False,0.514892578125,0.51507568359375,0.5831833516078173,1.0,1.0,0.268310546875,0.514984130859375,False,0.985107421875,0.9843343098958333,0.9059104787851637,1.0,1.0,0.268310546875,0.9847208658854166,True,Y
191,nested_reset,304,349,True,1.0,01010101,85,1.0,0.5,0.5,0.5001760054992718,0.99609375,1.0,0.256103515625,0.5,False,0.5,0.5,0.506175734532513,0.99951171875,1.0,0.259521484375,0.5,False,1.0,1.0,0.9928140149532592,1.0,1.0,0.260009765625,1.0,True,Y
191,nested_reset,418,463,True,1.0,01010101,85,1.0,0.5,0.5,0.500055403918672,0.994873046875,1.0,0.26123046875,0.5,False,0.5,0.5,0.5015933889264942,0.998779296875,1.0,0.26513671875,0.5,False,1.0,1.0,0.9981328931532867,1.0,1.0,0.266357421875,1.0,True,Y
191,nested_reset,575,620,True,1.0,01010101,85,1.0,0.5,0.5,0.5000234510412271,0.994384765625,1.0,0.270751953125,0.5,False,0.5,0.5,0.500640051982137,0.99853515625,1.0,0.27490234375,0.5,False,1.0,1.0,0.9992461982372969,1.0,1.0,0.2763671875,1.0,True,Y
191,nested_reset,790,835,True,1.0,01010101,85,1.0,0.5,0.5,0.5000117713273156,0.99462890625,1.0,0.27734375,0.5,False,0.5,0.5,0.5003005443842535,0.998779296875,1.0,0.281494140625,0.5,False,1.0,1.0,0.9996453227764075,1.0,1.0,0.28271484375,1.0,True,Y
191,nested_reset,1024,1069,True,1.0,01010101,85,1.0,0.5,0.5,0.5000069104393053,0.99462890625,1.0,0.281982421875,0.5,False,0.5,0.5,0.5001685704431512,0.998779296875,1.0,0.2861328125,0.5,False,1.0,1.0,0.9998009304418016,1.0,1.0,0.287353515625,1.0,True,Y
191,scratch,0,45,True,0.49755859375,11111111,255,0.9189453125,0.498046875,0.4974365234375,0.4997295350140588,0.967041015625,0.9990234375,0.397216796875,0.49774169921875,False,0.49658203125,0.5018310546875,0.5007043282402855,0.662841796875,0.71484375,0.093017578125,0.49920654296875,False,0.49755859375,0.4989420572916667,0.49979422668505913,0.526123046875,0.519287109375,-0.043701171875,0.49825032552083337,False,mixed_or_none
191,scratch,1,46,True,0.501708984375,11111111,255,0.799560546875,0.499267578125,0.5054931640625,0.4999499849567119,0.969482421875,0.998779296875,0.40185546875,0.50238037109375,False,0.519287109375,0.52197265625,0.5017639794651207,0.65869140625,0.720458984375,0.091064453125,0.5206298828125,False,0.501708984375,0.5000813802083334,0.499875312980521,0.520751953125,0.516357421875,-0.046875,0.5008951822916667,False,mixed_or_none
191,scratch,2,47,True,0.505859375,11111111,255,0.599609375,0.48486328125,0.4827880859375,0.49874051152531,0.969482421875,0.998779296875,0.406005859375,0.48382568359375,False,0.54736328125,0.5467529296875,0.5027992179932527,0.6640625,0.723388671875,0.1005859375,0.54705810546875,False,0.505859375,0.500732421875,0.4999567164979574,0.521240234375,0.5166015625,-0.042236328125,0.5032958984375,False,mixed_or_none
191,scratch,3,48,True,0.500244140625,00000000,0,0.626220703125,0.471435546875,0.47265625,0.49809212856265417,0.966064453125,0.998779296875,0.395751953125,0.4720458984375,False,0.564208984375,0.56298828125,0.5038777964163174,0.68408203125,0.7265625,0.11376953125,0.5635986328125,False,0.500244140625,0.501708984375,0.5000306754425592,0.52734375,0.51708984375,-0.04296875,0.5009765625,False,mixed_or_none
191,scratch,4,49,True,0.502197265625,00000000,0,0.657958984375,0.464599609375,0.46728515625,0.4974764291119038,0.965576171875,0.99951171875,0.391845703125,0.4659423828125,False,0.576904296875,0.574951171875,0.5050725216969064,0.6962890625,0.73095703125,0.12255859375,0.575927734375,False,0.502197265625,0.5027262369791666,0.5000970398134226,0.524169921875,0.51416015625,-0.049560546875,0.5024617513020833,False,mixed_or_none
191,scratch,5,50,True,0.50634765625,00000000,0,0.666015625,0.47119140625,0.4720458984375,0.4974113765896263,0.96435546875,0.99951171875,0.387939453125,0.47161865234375,False,0.58984375,0.58843994140625,0.5063158761548302,0.718994140625,0.73681640625,0.142578125,0.589141845703125,False,0.50634765625,0.5045572916666666,0.500170746866415,0.526611328125,0.513427734375,-0.0498046875,0.5054524739583333,False,mixed_or_none
191,scratch,7,52,True,0.509521484375,00100000,32,0.645263671875,0.469482421875,0.472900390625,0.49726592895762317,0.962890625,0.99951171875,0.376708984375,0.47119140625,False,0.613525390625,0.6109619140625,0.5090270330255098,0.763427734375,0.75341796875,0.17724609375,0.61224365234375,False,0.509521484375,0.5052490234375,0.5003268112033873,0.5341796875,0.511962890625,-0.052001953125,0.50738525390625,False,mixed_or_none
191,scratch,9,54,True,0.5107421875,00110011,51,0.64208984375,0.47021484375,0.472412109375,0.49670834757038207,0.962158203125,0.99951171875,0.38134765625,0.4713134765625,False,0.64208984375,0.635986328125,0.5122166292837379,0.80810546875,0.767822265625,0.227294921875,0.6390380859375,False,0.5107421875,0.5042317708333334,0.5004813665195994,0.5458984375,0.511962890625,-0.034912109375,0.5074869791666667,False,mixed_or_none
191,scratch,13,58,True,0.52587890625,00110011,51,0.669921875,0.47412109375,0.474365234375,0.49684399362304077,0.962890625,0.999755859375,0.360107421875,0.4742431640625,False,0.669921875,0.6624755859375,0.5207337658892859,0.8896484375,0.810302734375,0.286865234375,0.66619873046875,False,0.52587890625,0.5142008463541666,0.5007788844886185,0.541748046875,0.5126953125,-0.06103515625,0.5200398763020833,False,mixed_or_none
191,scratch,17,62,True,0.519775390625,00110011,51,0.730224609375,0.488525390625,0.48828125,0.4975854216039366,0.958984375,0.99951171875,0.34375,0.4884033203125,False,0.730224609375,0.72998046875,0.5332833481041537,0.958740234375,0.850830078125,0.343505859375,0.7301025390625,False,0.519775390625,0.5135904947916666,0.5011198933828382,0.548583984375,0.5078125,-0.066650390625,0.5166829427083333,False,mixed_or_none
191,scratch,24,69,True,0.514404296875,00110011,51,0.821044921875,0.474365234375,0.4801025390625,0.49423342151359195,0.950927734375,0.999267578125,0.311767578125,0.47723388671875,False,0.821044921875,0.81732177734375,0.5721696299158857,0.9990234375,0.927978515625,0.35986328125,0.819183349609375,False,0.514404296875,0.5070393880208334,0.5017076949537403,0.5517578125,0.507080078125,-0.08740234375,0.5107218424479167,False,mixed_or_none
191,scratch,33,78,True,0.50244140625,00110011,51,0.98779296875,0.4990234375,0.4998779296875,0.5037286545130892,0.94677734375,0.9990234375,0.29150390625,0.49945068359375,False,0.98779296875,0.9854736328125,0.6738785309873049,1.0,0.99072265625,0.3447265625,0.98663330078125,True,0.50244140625,0.5023193359375,0.5022625171288635,0.556640625,0.505126953125,-0.0986328125,0.50238037109375,False,Q
191,scratch,45,90,True,0.5,00110011,51,1.0,0.5,0.5,0.4969791075476893,0.935791015625,1.0,0.265380859375,0.5,False,1.0,1.0,0.8557005752359955,1.0,1.0,0.32958984375,1.0,True,0.5,0.5,0.5020516510696087,0.55029296875,0.513671875,-0.1201171875,0.5,False,Q
191,scratch,62,107,True,0.5,00110011,51,1.0,0.5,0.5,0.4954040489600382,0.923828125,0.999755859375,0.24609375,0.5,False,1.0,1.0,0.9213427014048561,1.0,1.0,0.322265625,1.0,True,0.5,0.5,0.5025261098233718,0.560546875,0.55078125,-0.1171875,0.5,False,Q
191,scratch,85,130,True,0.5,00110011,51,1.0,0.5,0.5,0.5081144400318036,0.91357421875,0.998779296875,0.237060546875,0.5,False,1.0,1.0,0.8857578840355662,1.0,1.0,0.323486328125,1.0,True,0.5,0.5,0.5077818526045542,0.639892578125,0.647216796875,-0.03662109375,0.5,False,Q
191,scratch,117,162,True,0.5,00110011,51,1.0,0.5,0.5,0.4964565930519021,0.8994140625,0.9970703125,0.193359375,0.5,False,1.0,0.99993896484375,0.8824674985382328,1.0,1.0,0.2939453125,0.999969482421875,True,0.5,0.5,0.5325941150529083,0.854736328125,0.8818359375,0.148681640625,0.5,False,Q
191,scratch,128,173,True,0.510009765625,00110011,51,0.989990234375,0.497802734375,0.4984130859375,0.5034736965731902,0.896240234375,0.995361328125,0.17431640625,0.49810791015625,False,0.989990234375,0.99114990234375,0.8544933802959598,1.0,1.0,0.278076171875,0.990570068359375,True,0.510009765625,0.5104573567708334,0.5599306867039121,0.925537109375,0.949951171875,0.20361328125,0.5102335611979167,False,Q
191,scratch,161,206,True,0.8095703125,01010101,85,0.8095703125,0.51123046875,0.5078125,0.502577242549797,0.92138671875,0.990234375,0.17138671875,0.509521484375,False,0.6904296875,0.688232421875,0.7077862339652992,1.0,1.0,0.25,0.6893310546875,False,0.8095703125,0.8105061848958333,0.7539010726326973,1.0,1.0,0.25,0.8100382486979166,False,mixed_or_none
191,scratch,222,267,True,1.0,01010101,85,1.0,0.5,0.5,0.5005217594822735,0.93701171875,0.9833984375,0.16650390625,0.5,False,0.5,0.5,0.517367035030826,0.996337890625,0.9990234375,0.225830078125,0.5,False,1.0,1.0,0.9800619474144543,1.0,1.0,0.2294921875,1.0,True,Y
191,scratch,304,349,True,1.0,01010101,85,1.0,0.5,0.5,0.49998407463392874,0.93603515625,0.9833984375,0.162109375,0.5,False,0.5,0.5,0.505233625498049,0.994140625,0.998779296875,0.22021484375,0.5,False,1.0,1.0,0.9939868097092404,1.0,1.0,0.22607421875,1.0,True,Y
191,scratch,418,463,True,1.0,01010101,85,1.0,0.5,0.5,0.5000086835660262,0.93603515625,0.983154296875,0.162841796875,0.5,False,0.5,0.5,0.502268126432865,0.992919921875,0.998779296875,0.2197265625,0.5,False,1.0,1.0,0.9974065948615523,1.0,1.0,0.226806640625,1.0,True,Y
191,scratch,575,620,True,1.0,01010101,85,1.0,0.5,0.5,0.5000028410078652,0.934814453125,0.981201171875,0.1630859375,0.5,False,0.5,0.5,0.5010689549528686,0.99267578125,0.998779296875,0.220947265625,0.5,False,1.0,1.0,0.9987792003187776,1.0,1.0,0.228271484375,1.0,True,Y
191,scratch,790,835,True,1.0,01010101,85,1.0,0.5,0.5,0.49999977880659924,0.934814453125,0.97802734375,0.1650390625,0.5,False,0.5,0.5,0.5005263144786227,0.9931640625,0.99853515625,0.223388671875,0.5,False,1.0,1.0,0.9993982065064893,1.0,1.0,0.230224609375,1.0,True,Y
191,scratch,1024,1069,True,1.0,01010101,85,1.0,0.5,0.5,0.5000003055521923,0.935546875,0.976318359375,0.164794921875,0.5,False,0.5,0.5,0.5002989745827712,0.993408203125,0.99853515625,0.22265625,0.5,False,1.0,1.0,0.9996577390715702,1.0,1.0,0.229248046875,1.0,True,Y
191,sham,0,45,True,0.49169921875,11111111,255,0.60498046875,0.5458984375,0.5399169921875,0.5005799658475422,0.899169921875,0.998046875,0.335693359375,0.54290771484375,False,0.49560546875,0.49853515625,0.49998462713419706,0.6708984375,0.72021484375,0.107421875,0.4970703125,False,0.49169921875,0.4901529947916667,0.4998750258641077,0.53515625,0.515380859375,-0.0283203125,0.49092610677083337,False,mixed_or_none
191,sham,1,46,True,0.491943359375,11111111,255,0.736083984375,0.564697265625,0.5496826171875,0.5007698393626977,0.8955078125,0.99853515625,0.3369140625,0.55718994140625,False,0.521728515625,0.5247802734375,0.5005098827958329,0.6748046875,0.719482421875,0.1162109375,0.52325439453125,False,0.491943359375,0.493896484375,0.4999137689371127,0.531005859375,0.515625,-0.027587890625,0.492919921875,False,mixed_or_none
191,sham,2,47,True,0.496337890625,00111111,63,0.584228515625,0.532958984375,0.5294189453125,0.5003470679813213,0.89501953125,0.998779296875,0.32958984375,0.53118896484375,False,0.564208984375,0.5633544921875,0.5010404171486246,0.694580078125,0.72021484375,0.129150390625,0.56378173828125,False,0.496337890625,0.4951171875,0.4999570562524993,0.537353515625,0.516357421875,-0.028076171875,0.4957275390625,False,mixed_or_none
191,sham,3,48,True,0.5009765625,00000000,0,0.6728515625,0.5107421875,0.5078125,0.5000161550061115,0.89697265625,0.9990234375,0.322021484375,0.50927734375,False,0.5849609375,0.5867919921875,0.5016063047566295,0.710205078125,0.72216796875,0.13525390625,0.58587646484375,False,0.5009765625,0.5005696614583334,0.49999113718258287,0.538818359375,0.517578125,-0.0361328125,0.5007731119791667,False,mixed_or_none
191,sham,4,49,True,0.50439453125,00000000,0,0.7216796875,0.5009765625,0.5018310546875,0.499758837036124,0.895263671875,0.999267578125,0.314208984375,0.50140380859375,False,0.60400390625,0.60321044921875,0.5021941693140535,0.73095703125,0.725830078125,0.14990234375,0.603607177734375,False,0.50439453125,0.5033772786458334,0.5000316333977873,0.53955078125,0.51416015625,-0.04150390625,0.5038859049479167,False,mixed_or_none
191,sham,5,50,True,0.505615234375,00000000,0,0.738037109375,0.499267578125,0.5009765625,0.49974802428491816,0.895263671875,0.99951171875,0.31494140625,0.5001220703125,False,0.620849609375,0.6199951171875,0.5028059720272795,0.750244140625,0.734619140625,0.169921875,0.62042236328125,False,0.505615234375,0.504638671875,0.5000698009517068,0.536376953125,0.514892578125,-0.0439453125,0.505126953125,False,mixed_or_none
191,sham,7,52,True,0.50634765625,00000000,0,0.767578125,0.49658203125,0.4935302734375,0.4996230314526934,0.89306640625,0.99951171875,0.3125,0.49505615234375,False,0.6357421875,0.63726806640625,0.5041819953775839,0.802490234375,0.745361328125,0.221923828125,0.636505126953125,False,0.50634765625,0.5057373046875,0.5001503011641822,0.534912109375,0.52001953125,-0.045654296875,0.50604248046875,False,mixed_or_none
191,sham,9,54,True,0.50634765625,00000000,0,0.74609375,0.4873046875,0.4871826171875,0.49918488578332354,0.888671875,0.99951171875,0.295654296875,0.48724365234375,False,0.669921875,0.66802978515625,0.5058967912026814,0.843994140625,0.7587890625,0.2509765625,0.668975830078125,False,0.50634765625,0.5065104166666666,0.5002390126962565,0.5322265625,0.520751953125,-0.060791015625,0.5064290364583333,False,mixed_or_none
191,sham,13,58,True,0.51025390625,00110011,51,0.75,0.47998046875,0.482177734375,0.49844584511947126,0.8955078125,0.999267578125,0.296875,0.4810791015625,False,0.75,0.7447509765625,0.510985651383555,0.9228515625,0.796142578125,0.32421875,0.74737548828125,False,0.51025390625,0.5105794270833334,0.5004435555237555,0.53173828125,0.5224609375,-0.06689453125,0.5104166666666667,False,mixed_or_none
191,sham,17,62,True,0.51806640625,00110011,51,0.79443359375,0.48046875,0.479248046875,0.49777794611322307,0.89599609375,0.998779296875,0.293212890625,0.4798583984375,False,0.79443359375,0.7940673828125,0.5194333047461613,0.978271484375,0.834716796875,0.37548828125,0.79425048828125,False,0.51806640625,0.5148111979166666,0.500728702876533,0.55029296875,0.521484375,-0.052490234375,0.5164388020833333,False,mixed_or_none
191,sham,24,69,True,0.517822265625,00110011,51,0.870849609375,0.465087890625,0.469482421875,0.4937663736472733,0.921875,0.998779296875,0.302490234375,0.46728515625,False,0.870849609375,0.8704833984375,0.5502978364189718,1.0,0.90625,0.380615234375,0.87066650390625,False,0.517822265625,0.5113932291666666,0.5014742596609806,0.559814453125,0.52734375,-0.0595703125,0.5146077473958333,False,mixed_or_none
191,sham,33,78,True,0.500244140625,00110011,51,0.986083984375,0.497802734375,0.4976806640625,0.4988500803950236,0.9462890625,0.999267578125,0.307861328125,0.49774169921875,False,0.986083984375,0.98345947265625,0.6430655555220023,1.0,0.983642578125,0.361572265625,0.984771728515625,True,0.500244140625,0.5014241536458334,0.5027818967617804,0.595458984375,0.531494140625,-0.04296875,0.5008341471354167,False,Q
191,sham,45,90,True,0.5,00110011,51,1.0,0.5,0.5,0.4952726190981206,0.9482421875,0.999755859375,0.31201171875,0.5,False,1.0,1.0,0.8402633256588068,1.0,1.0,0.36376953125,1.0,True,0.5,0.5,0.5034785477798766,0.603759765625,0.546630859375,-0.032470703125,0.5,False,Q
191,sham,62,107,True,0.5,00110011,51,1.0,0.5,0.5,0.4951998803992769,0.93017578125,0.999755859375,0.27001953125,0.5,False,1.0,1.0,0.9199284739663607,1.0,1.0,0.33984375,1.0,True,0.5,0.5,0.5052510011730603,0.645751953125,0.6005859375,-0.014404296875,0.5,False,Q
191,sham,85,130,True,0.5,00110011,51,1.0,0.5,0.5,0.5099819582324208,0.91357421875,0.9990234375,0.246826171875,0.5,False,1.0,1.0,0.8766155722774511,1.0,1.0,0.333251953125,1.0,True,0.5,0.5,0.5230942537138145,0.804931640625,0.7978515625,0.13818359375,0.5,False,Q
191,sham,117,162,True,0.547607421875,00110011,51,0.952392578125,0.494384765625,0.493896484375,0.49463213099409903,0.860107421875,0.99609375,0.154052734375,0.494140625,False,0.952392578125,0.95263671875,0.8312315269706589,1.0,1.0,0.2939453125,0.9525146484375,True,0.547607421875,0.5475667317708334,0.6046477816031528,0.989990234375,0.9990234375,0.283935546875,0.5475870768229167,False,Q
191,sham,128,173,True,0.649658203125,00110011,51,0.850341796875,0.510498046875,0.50830078125,0.5050377568678004,0.837890625,0.99609375,0.10107421875,0.5093994140625,False,0.850341796875,0.85052490234375,0.7700399647488559,1.0,1.0,0.26318359375,0.850433349609375,False,0.649658203125,0.6477457682291666,0.6766915518327524,0.99853515625,1.0,0.26171875,0.6487019856770833,False,mixed_or_none
191,sham,161,206,True,0.99658203125,01010101,85,0.99658203125,0.50048828125,0.4998779296875,0.49951044108362014,0.861083984375,0.994140625,0.115966796875,0.50018310546875,False,0.50341796875,0.50311279296875,0.569947726914039,0.99853515625,0.99951171875,0.25341796875,0.503265380859375,False,0.99658203125,0.9966634114583333,0.9194018324352264,1.0,1.0,0.2548828125,0.9966227213541666,True,Y
191,sham,222,267,True,1.0,01010101,85,1.0,0.5,0.5,0.5003133153611729,0.875732421875,0.99462890625,0.11767578125,0.5,False,0.5,0.5,0.509129046515996,0.9970703125,0.997802734375,0.239013671875,0.5,False,1.0,1.0,0.9893378207563885,1.0,1.0,0.241943359375,1.0,True,Y
191,sham,304,349,True,1.0,01010101,85,1.0,0.5,0.5,0.5000138522242249,0.87548828125,0.994873046875,0.12255859375,0.5,False,0.5,0.5,0.5034950071300228,0.9970703125,0.997314453125,0.244140625,0.5,False,1.0,1.0,0.9959127813125597,1.0,1.0,0.2470703125,1.0,True,Y
191,sham,418,463,True,1.0,01010101,85,1.0,0.5,0.5,0.5000104092741311,0.874267578125,0.99560546875,0.129638671875,0.5,False,0.5,0.5,0.5016077239672334,0.99755859375,0.9970703125,0.2529296875,0.5,False,1.0,1.0,0.9981184002321413,1.0,1.0,0.25537109375,1.0,True,Y
191,sham,575,620,True,1.0,01010101,85,1.0,0.5,0.5,0.5000038525477802,0.878662109375,0.994140625,0.13427734375,0.5,False,0.5,0.5,0.5007846236167421,0.997314453125,0.9970703125,0.2529296875,0.5,False,1.0,1.0,0.9990787648252899,1.0,1.0,0.255615234375,1.0,True,Y
191,sham,790,835,True,1.0,01010101,85,1.0,0.5,0.5,0.500003475645268,0.880615234375,0.99462890625,0.13720703125,0.5,False,0.5,0.5,0.5003983049258229,0.99658203125,0.996826171875,0.253173828125,0.5,False,1.0,1.0,0.9995314335754033,1.0,1.0,0.256591796875,1.0,True,Y
191,sham,1024,1069,True,1.0,01010101,85,1.0,0.5,0.5,0.5000018155931583,0.883056640625,0.994384765625,0.138671875,0.5,False,0.5,0.5,0.5002316966312955,0.9970703125,0.99658203125,0.252685546875,0.5,False,1.0,1.0,0.9997271721195644,1.0,1.0,0.255615234375,1.0,True,Y
193,independent_carry,0,45,True,0.5,00001111,15,0.9990234375,0.9990234375,0.9989013671875,0.8717447210884404,1.0,1.0,0.39501953125,0.99896240234375,True,0.5009765625,0.50079345703125,0.5541180613314358,0.967529296875,0.92578125,0.362548828125,0.500885009765625,False,0.5,0.5000813802083334,0.5044280622858619,0.600830078125,0.6826171875,-0.004150390625,0.5000406901041667,False,P
193,independent_carry,1,46,True,0.500732421875,00001111,15,0.998291015625,0.998291015625,0.9984130859375,0.8616194181176221,1.0,1.0,0.39208984375,0.99835205078125,True,0.501708984375,0.5013427734375,0.5588880484795089,0.97314453125,0.931884765625,0.365234375,0.50152587890625,False,0.500732421875,0.5006103515625,0.5049387787385601,0.608154296875,0.69580078125,0.000244140625,0.50067138671875,False,P
193,independent_carry,2,47,True,0.5009765625,00001111,15,0.998046875,0.998046875,0.998291015625,0.8466066090793001,1.0,1.0,0.394287109375,0.9981689453125,True,0.501953125,0.5018310546875,0.5651963949028777,0.97705078125,0.937255859375,0.371337890625,0.50189208984375,False,0.5009765625,0.5008544921875,0.5055647680502511,0.613525390625,0.71142578125,0.0078125,0.50091552734375,False,P
193,independent_carry,3,48,True,0.5009765625,00001111,15,0.99755859375,0.99755859375,0.9979248046875,0.8276514830160178,1.0,1.0,0.391357421875,0.99774169921875,True,0.50244140625,0.5023193359375,0.5726131367315209,0.981201171875,0.94580078125,0.37255859375,0.50238037109375,False,0.5009765625,0.5009765625,0.5062830503015922,0.62744140625,0.72802734375,0.018798828125,0.5009765625,False,P
193,independent_carry,4,49,True,0.501953125,00001111,15,0.99462890625,0.99462890625,0.9952392578125,0.8054372103708564,1.0,1.0,0.389892578125,0.99493408203125,True,0.50537109375,0.5045166015625,0.5805827165163541,0.982177734375,0.952392578125,0.3720703125,0.50494384765625,False,0.501953125,0.5021158854166666,0.5070817851723695,0.635498046875,0.746337890625,0.025390625,0.5020345052083333,False,P
193,independent_carry,5,50,True,0.502685546875,00001111,15,0.991455078125,0.991455078125,0.9908447265625,0.7819308877371531,1.0,1.0,0.3896484375,0.99114990234375,True,0.508544921875,0.508544921875,0.5881985271145006,0.986083984375,0.957763671875,0.375732421875,0.508544921875,False,0.502685546875,0.5036214192708334,0.5079389073409105,0.653564453125,0.76904296875,0.043212890625,0.5031534830729167,False,P
193,independent_carry,7,52,True,0.50732421875,00001111,15,0.96435546875,0.96435546875,0.9627685546875,0.7314565547353087,1.0,1.0,0.390869140625,0.96356201171875,True,0.53564453125,0.53546142578125,0.6032479257538129,0.98876953125,0.97021484375,0.379638671875,0.535552978515625,False,0.50732421875,0.5110677083333334,0.5096143151836386,0.676513671875,0.805419921875,0.0673828125,0.5091959635416667,False,P
193,independent_carry,9,54,True,0.525390625,00001111,15,0.89892578125,0.89892578125,0.89697265625,0.6838020695127975,0.99951171875,1.0,0.38818359375,0.89794921875,False,0.60107421875,0.59747314453125,0.6167270012357171,0.9892578125,0.982666015625,0.3779296875,0.599273681640625,False,0.525390625,0.5294596354166666,0.5112471097415169,0.700439453125,0.842529296875,0.089111328125,0.5274251302083333,False,mixed_or_none
193,independent_carry,13,58,True,0.5341796875,00110011,51,0.82373046875,0.67578125,0.675048828125,0.6077344732155034,0.999755859375,1.0,0.389892578125,0.6754150390625,False,0.82373046875,0.82110595703125,0.6388393451201827,0.9951171875,0.99462890625,0.38525390625,0.822418212890625,False,0.5341796875,0.5359700520833334,0.5146610732102251,0.744873046875,0.899169921875,0.135009765625,0.5350748697916667,False,mixed_or_none
193,independent_carry,17,62,True,0.52099609375,00110011,51,0.9375,0.5576171875,0.5560302734375,0.5603315015524487,0.99951171875,1.0,0.376220703125,0.55682373046875,False,0.9375,0.9395751953125,0.6644880899696173,0.99853515625,0.998291015625,0.375244140625,0.93853759765625,True,0.52099609375,0.5246175130208334,0.5189289010402374,0.7900390625,0.9287109375,0.166748046875,0.5228068033854167,False,Q
193,independent_carry,24,69,True,0.505615234375,00110011,51,0.991455078125,0.506103515625,0.505615234375,0.5188055492846835,0.9990234375,1.0,0.35400390625,0.505859375,False,0.991455078125,0.99078369140625,0.732177899432708,1.0,1.0,0.35498046875,0.991119384765625,True,0.505615234375,0.5060628255208334,0.5284985096518683,0.828369140625,0.939697265625,0.183349609375,0.5058390299479167,False,Q
193,independent_carry,33,78,True,0.5,00110011,51,1.0,0.5,0.5,0.498230239797007,0.998779296875,1.0,0.336181640625,0.5,False,1.0,1.0,0.8390566667237324,1.0,1.0,0.33740234375,1.0,True,0.5,0.5,0.5340395733100084,0.86669921875,0.956298828125,0.2041015625,0.5,False,Q
193,independent_carry,45,90,True,0.50048828125,00110011,51,0.99951171875,0.49951171875,0.5,0.49575843916207685,0.997802734375,1.0,0.3134765625,0.499755859375,False,0.99951171875,0.999755859375,0.894184129753331,1.0,1.0,0.315673828125,0.9996337890625,True,0.50048828125,0.5003255208333334,0.5400162499148324,0.9267578125,0.978759765625,0.242431640625,0.5004069010416667,False,Q
193,independent_carry,62,107,True,0.50244140625,00110011,51,0.99755859375,0.49853515625,0.4991455078125,0.4958027794889485,0.998291015625,1.0,0.30224609375,0.49884033203125,False,0.99755859375,0.99700927734375,0.8570396437667926,1.0,1.0,0.303955078125,0.997283935546875,True,0.50244140625,0.50244140625,0.580825029857477,0.978515625,0.996337890625,0.282470703125,0.50244140625,False,Q
193,independent_carry,85,130,True,0.65283203125,00110011,51,0.84716796875,0.45947265625,0.466552734375,0.4835045089781445,0.997802734375,1.0,0.31884765625,0.4630126953125,False,0.84716796875,0.84478759765625,0.7577235292203862,1.0,1.0,0.321044921875,0.845977783203125,False,0.65283203125,0.6559651692708334,0.6949154186009739,0.99853515625,0.999755859375,0.319580078125,0.6543986002604167,False,mixed_or_none
193,independent_carry,117,162,True,0.989013671875,01010101,85,0.989013671875,0.496826171875,0.49853515625,0.49751006067461767,0.998046875,0.999755859375,0.356689453125,0.4976806640625,False,0.510986328125,0.510498046875,0.608247456391579,0.9951171875,0.999267578125,0.353759765625,0.5107421875,False,0.989013671875,0.9901936848958333,0.8772936236525373,1.0,1.0,0.358642578125,0.9896036783854166,True,Y
193,independent_carry,128,173,True,0.99951171875,01010101,85,0.99951171875,0.5,0.5001220703125,0.4993933562207101,0.99755859375,0.999755859375,0.36572265625,0.50006103515625,False,0.50048828125,0.50042724609375,0.5722980730361261,0.99462890625,0.999267578125,0.36279296875,0.500457763671875,False,0.99951171875,0.9993896484375,0.9177943409883584,1.0,1.0,0.3681640625,0.99945068359375,True,Y
193,independent_carry,161,206,True,1.0,01010101,85,1.0,0.5,0.5,0.499989034389527,0.997802734375,1.0,0.37744140625,0.5,False,0.5,0.5,0.5268111878171517,0.99462890625,0.9990234375,0.374267578125,0.5,False,1.0,1.0,0.9694041147941399,1.0,1.0,0.379638671875,1.0,True,Y
193,independent_carry,222,267,True,1.0,01010101,85,1.0,0.5,0.5,0.5000262792482855,0.9970703125,1.0,0.383056640625,0.5,False,0.5,0.5,0.5096381088649231,0.997802734375,0.998046875,0.3837890625,0.5,False,1.0,1.0,0.988952244320604,1.0,1.0,0.385986328125,1.0,True,Y
193,independent_carry,304,349,True,1.0,01010101,85,1.0,0.5,0.5,0.5000390396231812,0.996337890625,1.0,0.378173828125,0.5,False,0.5,0.5,0.5044188738640351,0.99755859375,0.99755859375,0.37939453125,0.5,False,1.0,1.0,0.9949186367667839,1.0,1.0,0.3818359375,1.0,True,Y
193,independent_carry,418,463,True,1.0,01010101,85,1.0,0.5,0.5,0.5000330973781899,0.99658203125,1.0,0.377197265625,0.5,False,0.5,0.5,0.5021317235263022,0.996826171875,0.9970703125,0.37744140625,0.5,False,1.0,1.0,0.9975423253476006,1.0,1.0,0.380615234375,1.0,True,Y
193,independent_carry,575,620,True,1.0,01010101,85,1.0,0.5,0.5,0.5000139150066996,0.99658203125,1.0,0.376708984375,0.5,False,0.5,0.5,0.501065402120475,0.996337890625,0.9970703125,0.37646484375,0.5,False,1.0,1.0,0.9987676513262991,1.0,1.0,0.380126953125,1.0,True,Y
193,independent_carry,790,835,True,1.0,01010101,85,1.0,0.5,0.5,0.500009802056842,0.99560546875,1.0,0.37255859375,0.5,False,0.5,0.5,0.5005458028446153,0.995849609375,0.99658203125,0.372802734375,0.5,False,1.0,1.0,0.9993679475997819,1.0,1.0,0.376953125,1.0,True,Y
193,independent_carry,1024,1069,True,1.0,01010101,85,1.0,0.5,0.5,0.5000066285287056,0.99462890625,1.0,0.37158203125,0.5,False,0.5,0.5,0.5003154698352801,0.995849609375,0.99658203125,0.372802734375,0.5,False,1.0,1.0,0.9996342911859375,1.0,1.0,0.376953125,1.0,True,Y
193,independent_reset,0,45,True,0.5,00001111,15,0.9990234375,0.9990234375,0.9989013671875,0.8717447210884404,1.0,1.0,0.39501953125,0.99896240234375,True,0.5009765625,0.50079345703125,0.5541180613314358,0.967529296875,0.92578125,0.362548828125,0.500885009765625,False,0.5,0.5000813802083334,0.5044280622858619,0.600830078125,0.6826171875,-0.004150390625,0.5000406901041667,False,P
193,independent_reset,1,46,True,0.500732421875,00001111,15,0.998291015625,0.998291015625,0.99853515625,0.851321526742641,1.0,1.0,0.394287109375,0.9984130859375,True,0.501708984375,0.50128173828125,0.5606323503492447,0.971923828125,0.9306640625,0.3662109375,0.501495361328125,False,0.500732421875,0.5006510416666666,0.5050603742680142,0.607177734375,0.69580078125,0.00146484375,0.5006917317708333,False,P
193,independent_reset,2,47,True,0.500732421875,00001111,15,0.997802734375,0.997802734375,0.998291015625,0.8290964416129083,1.0,1.0,0.393798828125,0.998046875,True,0.502197265625,0.50189208984375,0.5672491166286012,0.974853515625,0.93798828125,0.36865234375,0.502044677734375,False,0.500732421875,0.5006510416666666,0.5057170300691138,0.614501953125,0.711181640625,0.00830078125,0.5006917317708333,False,P
193,independent_reset,3,48,True,0.50146484375,00001111,15,0.99560546875,0.99560546875,0.9962158203125,0.8062566609910734,1.0,1.0,0.39208984375,0.99591064453125,True,0.50439453125,0.50384521484375,0.5735421571434879,0.9775390625,0.943115234375,0.36962890625,0.504119873046875,False,0.50146484375,0.5019124348958334,0.5063740843959041,0.624267578125,0.724609375,0.016357421875,0.5016886393229167,False,P
193,independent_reset,4,49,True,0.503173828125,00001111,15,0.992431640625,0.992431640625,0.9931640625,0.7832111505799455,1.0,1.0,0.39208984375,0.9927978515625,True,0.507568359375,0.50775146484375,0.5792555161649893,0.9775390625,0.94873046875,0.36962890625,0.507659912109375,False,0.503173828125,0.503662109375,0.5070181072805915,0.636962890625,0.74169921875,0.029052734375,0.50341796875,False,P
193,independent_reset,5,50,True,0.50341796875,00001111,15,0.986328125,0.986328125,0.9866943359375,0.7620077048677865,1.0,1.0,0.392578125,0.98651123046875,True,0.513671875,0.513671875,0.5839956632193953,0.98095703125,0.953125,0.37353515625,0.513671875,False,0.50341796875,0.5047607421875,0.5076585287365121,0.6474609375,0.755615234375,0.0400390625,0.50408935546875,False,P
193,independent_reset,7,52,True,0.5087890625,00001111,15,0.96044921875,0.96044921875,0.960693359375,0.7207451045556318,0.999755859375,1.0,0.38916015625,0.9605712890625,True,0.53955078125,0.538818359375,0.5927185039620144,0.983154296875,0.96142578125,0.37255859375,0.5391845703125,False,0.5087890625,0.5108642578125,0.5088577280751101,0.6650390625,0.78271484375,0.054443359375,0.50982666015625,False,P
193,independent_reset,9,54,True,0.519775390625,00001111,15,0.920166015625,0.920166015625,0.918212890625,0.6843693025585853,1.0,1.0,0.3876953125,0.919189453125,True,0.579833984375,0.5787353515625,0.6005695923006937,0.98583984375,0.97021484375,0.37353515625,0.57928466796875,False,0.519775390625,0.5214436848958334,0.509992263855102,0.679443359375,0.806884765625,0.067138671875,0.5206095377604167,False,P
193,independent_reset,13,58,True,0.539794921875,00000111,7,0.819091796875,0.781982421875,0.7784423828125,0.6265493523463179,0.999755859375,1.0,0.38330078125,0.78021240234375,False,0.718017578125,0.7161865234375,0.6147738405919376,0.98974609375,0.986083984375,0.373291015625,0.71710205078125,False,0.539794921875,0.5393473307291666,0.5123603504812696,0.708984375,0.852783203125,0.092529296875,0.5395711263020833,False,mixed_or_none
193,independent_reset,17,62,True,0.53076171875,00110011,51,0.8525390625,0.64599609375,0.647705078125,0.5879707635880737,0.99951171875,1.0,0.382080078125,0.6468505859375,False,0.8525390625,0.85040283203125,0.6318457609347187,0.995361328125,0.9931640625,0.3779296875,0.851470947265625,False,0.53076171875,0.534423828125,0.5152002066793553,0.74609375,0.887451171875,0.128662109375,0.5325927734375,False,mixed_or_none
193,independent_reset,24,69,True,0.515869140625,00110011,51,0.967529296875,0.531494140625,0.5308837890625,0.551054155953619,0.999755859375,1.0,0.362060546875,0.53118896484375,False,0.967529296875,0.96759033203125,0.6781853995040743,0.99951171875,0.998291015625,0.36181640625,0.967559814453125,True,0.515869140625,0.51708984375,0.5222130150090984,0.8017578125,0.93017578125,0.1640625,0.5164794921875,False,Q
193,independent_reset,33,78,True,0.50048828125,00110011,51,0.99951171875,0.50048828125,0.5009765625,0.5229262319497986,0.999755859375,1.0,0.3564453125,0.500732421875,False,0.99951171875,0.99920654296875,0.7688136765858977,1.0,1.0,0.356689453125,0.999359130859375,True,0.50048828125,0.5012613932291666,0.5311364404344864,0.848876953125,0.94921875,0.20556640625,0.5008748372395833,False,Q
193,independent_reset,45,90,True,0.500732421875,00110011,51,0.999267578125,0.499755859375,0.5001220703125,0.5079275810564826,0.99951171875,1.0,0.350830078125,0.49993896484375,False,0.999267578125,0.99951171875,0.8673846400084053,1.0,1.0,0.351318359375,0.9993896484375,True,0.500732421875,0.5006103515625,0.5350656012585103,0.896484375,0.968505859375,0.247802734375,0.50067138671875,False,Q
193,independent_reset,62,107,True,0.5,00110011,51,1.0,0.5,0.5,0.5001382739939039,1.0,1.0,0.338134765625,0.5,False,1.0,1.0,0.8855175977544303,1.0,1.0,0.338134765625,1.0,True,0.5,0.5,0.5520814036228424,0.966552734375,0.99267578125,0.3046875,0.5,False,Q
193,independent_reset,85,130,True,0.5419921875,00110011,51,0.9580078125,0.478515625,0.477783203125,0.4841433737307166,1.0,1.0,0.34130859375,0.4781494140625,False,0.9580078125,0.9560546875,0.8006409960521845,1.0,1.0,0.34130859375,0.95703125,True,0.5419921875,0.5445963541666666,0.6362128165523131,0.997802734375,0.999267578125,0.339111328125,0.5432942708333333,False,Q
193,independent_reset,117,162,True,0.90576171875,01010101,85,0.90576171875,0.498046875,0.501953125,0.4981757000789127,1.0,1.0,0.34375,0.5,False,0.59423828125,0.5941162109375,0.6755255021026896,1.0,1.0,0.34375,0.59417724609375,False,0.90576171875,0.9066975911458333,0.7999403815800399,1.0,0.999755859375,0.34375,0.9062296549479166,True,Y
193,independent_reset,128,173,True,0.974609375,01010101,85,0.974609375,0.5,0.50244140625,0.49843396189911465,1.0,1.0,0.33935546875,0.501220703125,False,0.525390625,0.5247802734375,0.621771428832987,1.0,1.0,0.33935546875,0.52508544921875,False,0.974609375,0.9758707682291667,0.8594532794452188,1.0,1.0,0.33935546875,0.9752400716145834,True,Y
193,independent_reset,161,206,True,1.0,01010101,85,1.0,0.5,0.5,0.49983502963286375,1.0,1.0,0.372314453125,0.5,False,0.5,0.5,0.5401170221316236,0.99951171875,0.999267578125,0.371826171875,0.5,False,1.0,1.0,0.9539381828325679,1.0,1.0,0.372314453125,1.0,True,Y
193,independent_reset,222,267,True,1.0,01010101,85,1.0,0.5,0.5,0.5000824828369873,1.0,1.0,0.374267578125,0.5,False,0.5,0.5,0.5110363336868506,0.9990234375,0.999267578125,0.373291015625,0.5,False,1.0,1.0,0.987251688960952,1.0,1.0,0.374267578125,1.0,True,Y
193,independent_reset,304,349,True,1.0,01010101,85,1.0,0.5,0.5,0.5000470765075746,1.0,1.0,0.373046875,0.5,False,0.5,0.5,0.5045472492896785,0.99853515625,0.99951171875,0.37158203125,0.5,False,1.0,1.0,0.9947363375197671,1.0,1.0,0.373046875,1.0,True,Y
193,independent_reset,418,463,True,1.0,01010101,85,1.0,0.5,0.5,0.500044489537199,1.0,1.0,0.371826171875,0.5,False,0.5,0.5,0.5021255424457998,0.99853515625,0.99951171875,0.370361328125,0.5,False,1.0,1.0,0.9975352765455656,1.0,1.0,0.371826171875,1.0,True,Y
193,independent_reset,575,620,True,1.0,01010101,85,1.0,0.5,0.5,0.500028496569969,1.0,1.0,0.369873046875,0.5,False,0.5,0.5,0.5010664779984476,0.99853515625,0.99951171875,0.368408203125,0.5,False,1.0,1.0,0.9987598476352906,1.0,1.0,0.369873046875,1.0,True,Y
193,independent_reset,790,835,True,1.0,01010101,85,1.0,0.5,0.5,0.5000156883313642,1.0,1.0,0.367919921875,0.5,False,0.5,0.5,0.5005530668324889,0.99853515625,0.99951171875,0.366455078125,0.5,False,1.0,1.0,0.9993557104641391,1.0,1.0,0.367919921875,1.0,True,Y
193,independent_reset,1024,1069,True,1.0,01010101,85,1.0,0.5,0.5,0.5000089324870505,0.999755859375,1.0,0.365234375,0.5,False,0.5,0.5,0.5003257411938983,0.99853515625,0.99951171875,0.364013671875,0.5,False,1.0,1.0,0.9996203164702719,1.0,1.0,0.365478515625,1.0,True,Y
193,nested_carry,0,45,True,0.5,00001111,15,1.0,1.0,1.0,0.8731334318483517,1.0,1.0,0.410888671875,1.0,True,0.5,0.50006103515625,0.5174766658337785,0.74609375,0.789306640625,0.156982421875,0.500030517578125,False,0.5,0.5,0.5046723057112127,0.575927734375,0.697509765625,-0.01318359375,0.5,False,P
193,nested_carry,1,46,True,0.5,00001111,15,1.0,1.0,1.0,0.863004343456195,1.0,1.0,0.41015625,1.0,True,0.5,0.50006103515625,0.5182141545690231,0.7509765625,0.787841796875,0.1611328125,0.500030517578125,False,0.5,0.5,0.505185657029587,0.582275390625,0.71484375,-0.007568359375,0.5,False,P
193,nested_carry,2,47,True,0.5,00001111,15,1.0,1.0,1.0,0.8474649013796238,1.0,1.0,0.413330078125,1.0,True,0.5,0.50006103515625,0.5194555992455947,0.7587890625,0.79150390625,0.172119140625,0.500030517578125,False,0.5,0.5,0.5058359485114652,0.59375,0.73046875,0.007080078125,0.5,False,P
193,nested_carry,3,48,True,0.5,00001111,15,1.0,1.0,1.0,0.8275300909817969,1.0,1.0,0.408935546875,1.0,True,0.5,0.50006103515625,0.5210120640461798,0.769287109375,0.795654296875,0.17822265625,0.500030517578125,False,0.5,0.5,0.5065826781199539,0.601318359375,0.74853515625,0.01025390625,0.5,False,P
193,nested_carry,4,49,True,0.5,00001111,15,1.0,1.0,1.0,0.8039397929742453,1.0,1.0,0.41064453125,1.0,True,0.5,0.50006103515625,0.5226299525110535,0.774169921875,0.80224609375,0.184814453125,0.500030517578125,False,0.5,0.5,0.5073957373489664,0.60986328125,0.770751953125,0.0205078125,0.5,False,P
193,nested_carry,5,50,True,0.5,00001111,15,1.0,1.0,1.0,0.7785812240974059,1.0,1.0,0.4111328125,1.0,True,0.5,0.50006103515625,0.523998068861295,0.792236328125,0.80810546875,0.203369140625,0.500030517578125,False,0.5,0.5,0.508242874442628,0.618896484375,0.792724609375,0.030029296875,0.5,False,P
193,nested_carry,7,52,True,0.500732421875,00001111,15,0.999267578125,0.999267578125,0.9996337890625,0.7242182031883764,1.0,1.0,0.41015625,0.99945068359375,True,0.500732421875,0.50067138671875,0.5263227698775079,0.8232421875,0.81640625,0.2333984375,0.500701904296875,False,0.500732421875,0.5006103515625,0.5098431759251417,0.642578125,0.83349609375,0.052734375,0.50067138671875,False,P
193,nested_carry,9,54,True,0.501953125,00001111,15,0.998046875,0.998046875,0.99853515625,0.6734197041559548,0.999755859375,1.0,0.40771484375,0.998291015625,True,0.501953125,0.501953125,0.5276098468366824,0.8388671875,0.827392578125,0.246826171875,0.501953125,False,0.501953125,0.5014241536458334,0.5112044564872925,0.665771484375,0.872314453125,0.07373046875,0.5016886393229167,False,P
193,nested_carry,13,58,True,0.51953125,00001111,15,0.96875,0.96875,0.96875,0.5979818999068748,0.999755859375,1.0,0.3974609375,0.96875,True,0.52880859375,0.528564453125,0.5274693708338898,0.854736328125,0.85498046875,0.25244140625,0.5286865234375,False,0.51953125,0.5194905598958334,0.5135789657665998,0.711669921875,0.921142578125,0.109375,0.5195109049479167,False,P
193,nested_carry,17,62,True,0.575927734375,00000111,7,0.874755859375,0.854736328125,0.8538818359375,0.5568933900763597,0.997314453125,1.0,0.386962890625,0.85430908203125,False,0.623291015625,0.62109375,0.5276715927228427,0.867919921875,0.881103515625,0.257568359375,0.6221923828125,False,0.575927734375,0.5754801432291666,0.5162734580245301,0.77392578125,0.95068359375,0.16357421875,0.5757039388020833,False,mixed_or_none
193,nested_carry,24,69,True,0.642578125,00010111,23,0.80224609375,0.67138671875,0.669189453125,0.5292882793063629,0.994384765625,1.0,0.36279296875,0.6702880859375,False,0.73193359375,0.72918701171875,0.536691116078814,0.90966796875,0.919189453125,0.278076171875,0.730560302734375,False,0.642578125,0.642822265625,0.5242813749880124,0.850830078125,0.95947265625,0.21923828125,0.6427001953125,False,mixed_or_none
193,nested_carry,33,78,True,0.646484375,00110011,51,0.81787109375,0.58251953125,0.577392578125,0.523641216415904,0.993408203125,0.99951171875,0.346923828125,0.5799560546875,False,0.81787109375,0.8160400390625,0.5721836516400295,0.971435546875,0.966796875,0.324951171875,0.81695556640625,False,0.646484375,0.6460367838541666,0.5424490645851816,0.909912109375,0.973388671875,0.263427734375,0.6462605794270833,False,mixed_or_none
193,nested_carry,45,90,True,0.572998046875,00110011,51,0.926513671875,0.539306640625,0.5343017578125,0.5285458835041069,0.99609375,1.0,0.353271484375,0.53680419921875,False,0.926513671875,0.9256591796875,0.6841712001795888,1.0,0.9990234375,0.357177734375,0.92608642578125,True,0.572998046875,0.5724283854166666,0.5813002894280261,0.96435546875,0.992431640625,0.321533203125,0.5727132161458333,False,Q
193,nested_carry,62,107,True,0.512939453125,00110011,51,0.987060546875,0.502685546875,0.5028076171875,0.5076378853508262,0.996337890625,1.0,0.33935546875,0.50274658203125,False,0.987060546875,0.986083984375,0.8374285343405488,1.0,1.0,0.343017578125,0.986572265625,True,0.512939453125,0.5128987630208334,0.6067168087406907,0.9970703125,0.999755859375,0.340087890625,0.5129191080729167,False,Q
193,nested_carry,85,130,True,0.82666015625,01010101,85,0.82666015625,0.46826171875,0.47021484375,0.48453343522240583,0.99560546875,1.0,0.3203125,0.46923828125,False,0.67333984375,0.672119140625,0.7000138831987819,1.0,1.0,0.32470703125,0.6727294921875,False,0.82666015625,0.8314208984375,0.7656182838798503,1.0,1.0,0.32470703125,0.82904052734375,False,mixed_or_none
193,nested_carry,117,162,True,0.998046875,01010101,85,0.998046875,0.5009765625,0.5009765625,0.5001870423050405,0.99267578125,1.0,0.3388671875,0.5009765625,False,0.501953125,0.50189208984375,0.5585117698358647,0.998046875,1.0,0.34423828125,0.501922607421875,False,0.998046875,0.998046875,0.9307916576718123,1.0,1.0,0.34619140625,0.998046875,True,Y
193,nested_carry,128,173,True,0.999267578125,01010101,85,0.999267578125,0.500732421875,0.5006103515625,0.5011919389773404,0.9921875,1.0,0.3427734375,0.50067138671875,False,0.500732421875,0.50054931640625,0.5419029659322366,0.997314453125,1.0,0.347900390625,0.500640869140625,False,0.999267578125,0.9994710286458333,0.9511011496042805,1.0,1.0,0.3505859375,0.9993693033854166,True,Y
193,nested_carry,161,206,True,1.0,01010101,85,1.0,0.5,0.5,0.5005582875994254,0.99267578125,1.0,0.35107421875,0.5,False,0.5,0.5,0.517889766163675,0.997314453125,0.999755859375,0.355712890625,0.5,False,1.0,1.0,0.9793895232635235,1.0,1.0,0.3583984375,1.0,True,Y
193,nested_carry,222,267,True,1.0,01010101,85,1.0,0.5,0.5,0.5001595501224266,0.993408203125,1.0,0.35498046875,0.5,False,0.5,0.5,0.5068350173959365,0.9970703125,0.999755859375,0.358642578125,0.5,False,1.0,1.0,0.992138328989778,0.999755859375,1.0,0.361328125,1.0,True,Y
193,nested_carry,304,349,True,1.0,01010101,85,1.0,0.5,0.5,0.5000582470153903,0.993408203125,1.0,0.350830078125,0.5,False,0.5,0.5,0.5031861952673371,0.996826171875,0.999755859375,0.354248046875,0.5,False,1.0,1.0,0.9963308903738113,0.999755859375,1.0,0.357177734375,1.0,True,Y
193,nested_carry,418,463,True,1.0,01010101,85,1.0,0.5,0.5,0.5000356022563966,0.991455078125,1.0,0.34765625,0.5,False,0.5,0.5,0.5015609693819804,0.996826171875,1.0,0.35302734375,0.5,False,1.0,1.0,0.9982001762078059,1.0,1.0,0.356201171875,1.0,True,Y
193,nested_carry,575,620,True,1.0,01010101,85,1.0,0.5,0.5,0.5000214323541996,0.990966796875,1.0,0.345703125,0.5,False,0.5,0.5,0.5008000843916868,0.996337890625,0.999755859375,0.35107421875,0.5,False,1.0,1.0,0.9990743904187134,1.0,1.0,0.354736328125,1.0,True,Y
193,nested_carry,790,835,True,1.0,01010101,85,1.0,0.5,0.5,0.5000112732959182,0.990966796875,1.0,0.34521484375,0.5,False,0.5,0.5,0.5004160793053873,0.995849609375,0.999755859375,0.35009765625,0.5,False,1.0,1.0,0.9995174224552723,1.0,1.0,0.354248046875,1.0,True,Y
193,nested_carry,1024,1069,True,1.0,01010101,85,1.0,0.5,0.5,0.5000072001889623,0.990966796875,1.0,0.34033203125,0.5,False,0.5,0.5,0.5002432136157453,0.995849609375,0.999755859375,0.34521484375,0.5,False,1.0,1.0,0.9997175526596027,1.0,1.0,0.349365234375,1.0,True,Y
193,nested_reset,0,45,True,0.5,00001111,15,1.0,1.0,1.0,0.8731334318483517,1.0,1.0,0.410888671875,1.0,True,0.5,0.50006103515625,0.5174766658337785,0.74609375,0.789306640625,0.156982421875,0.500030517578125,False,0.5,0.5,0.5046723057112127,0.575927734375,0.697509765625,-0.01318359375,0.5,False,P
193,nested_reset,1,46,True,0.5,00001111,15,1.0,1.0,1.0,0.8511707067345002,1.0,1.0,0.41259765625,1.0,True,0.5,0.50006103515625,0.5195083381115209,0.757080078125,0.7939453125,0.169677734375,0.500030517578125,False,0.5,0.5,0.5053908245176593,0.5830078125,0.715087890625,-0.00439453125,0.5,False,P
193,nested_reset,2,47,True,0.5,00001111,15,1.0,1.0,1.0,0.8276194578400333,1.0,1.0,0.408935546875,1.0,True,0.5,0.50006103515625,0.5215092490843364,0.7666015625,0.797119140625,0.175537109375,0.500030517578125,False,0.5,0.5,0.5060715036529309,0.592041015625,0.733154296875,0.0009765625,0.5,False,P
193,nested_reset,3,48,True,0.500244140625,00001111,15,0.999755859375,0.999755859375,0.9998779296875,0.8032436749493831,1.0,1.0,0.412841796875,0.99981689453125,True,0.500244140625,0.50018310546875,0.5233604624540404,0.777587890625,0.80419921875,0.1904296875,0.500213623046875,False,0.500244140625,0.5001220703125,0.506741065646173,0.601318359375,0.74658203125,0.01416015625,0.50018310546875,False,P
193,nested_reset,4,49,True,0.500244140625,00001111,15,0.999755859375,0.999755859375,0.9998779296875,0.7785687934546361,1.0,1.0,0.414306640625,0.99981689453125,True,0.500244140625,0.50018310546875,0.5249218747946864,0.78857421875,0.806640625,0.202880859375,0.500213623046875,False,0.500244140625,0.5001627604166666,0.5073901486634822,0.608154296875,0.760009765625,0.0224609375,0.5002034505208333,False,P
193,nested_reset,5,50,True,0.500244140625,00001111,15,0.999755859375,0.999755859375,0.999755859375,0.755381138726411,1.0,1.0,0.41064453125,0.999755859375,True,0.500244140625,0.500244140625,0.5260305528254957,0.803955078125,0.81201171875,0.214599609375,0.500244140625,False,0.500244140625,0.5002034505208334,0.508020615885768,0.617431640625,0.7763671875,0.028076171875,0.5002237955729167,False,P
193,nested_reset,7,52,True,0.501220703125,00001111,15,0.998779296875,0.998779296875,0.9991455078125,0.7105196286955442,1.0,1.0,0.40283203125,0.99896240234375,True,0.501220703125,0.50103759765625,0.5277393659496223,0.828125,0.823974609375,0.23095703125,0.501129150390625,False,0.501220703125,0.5009358723958334,0.5091442358224171,0.638671875,0.80712890625,0.04150390625,0.5010782877604167,False,P
193,nested_reset,9,54,True,0.502197265625,00001111,15,0.996826171875,0.996826171875,0.9974365234375,0.6711872875452937,1.0,1.0,0.39990234375,0.99713134765625,True,0.503173828125,0.50372314453125,0.5288136910482963,0.84130859375,0.832275390625,0.2412109375,0.503448486328125,False,0.502197265625,0.5017496744791666,0.5101174667820852,0.65576171875,0.839111328125,0.0556640625,0.5019734700520833,False,P
193,nested_reset,13,58,True,0.51416015625,00001111,15,0.97412109375,0.97412109375,0.9736328125,0.6116396562239212,0.999267578125,1.0,0.397705078125,0.973876953125,True,0.52392578125,0.52423095703125,0.5295001034070721,0.859130859375,0.853271484375,0.257568359375,0.524078369140625,False,0.51416015625,0.5134684244791666,0.5119643180308322,0.686767578125,0.87841796875,0.085205078125,0.5138142903645833,False,P
193,nested_reset,17,62,True,0.542724609375,00001111,15,0.905517578125,0.905517578125,0.90576171875,0.5752129311387213,0.99853515625,1.0,0.389892578125,0.9056396484375,True,0.586181640625,0.58538818359375,0.5306788228836548,0.8671875,0.872314453125,0.258544921875,0.585784912109375,False,0.542724609375,0.5420328776041666,0.5140275741279219,0.726318359375,0.91357421875,0.11767578125,0.5423787434895833,False,P
193,nested_reset,24,69,True,0.603759765625,00010111,23,0.821533203125,0.761474609375,0.7615966796875,0.5468644534894169,0.9970703125,1.0,0.3623046875,0.76153564453125,False,0.703369140625,0.70135498046875,0.5393948101638846,0.908935546875,0.903564453125,0.274169921875,0.702362060546875,False,0.603759765625,0.6038004557291666,0.5198047834219095,0.808837890625,0.9482421875,0.174072265625,0.6037801106770833,False,mixed_or_none
193,nested_reset,33,78,True,0.613037109375,00110111,55,0.833740234375,0.623291015625,0.6221923828125,0.5377990326056806,0.997314453125,1.0,0.359130859375,0.62274169921875,False,0.827392578125,0.8245849609375,0.5703636198515184,0.972412109375,0.955078125,0.334228515625,0.82598876953125,False,0.613037109375,0.6148681640625,0.5327444460324384,0.88232421875,0.962646484375,0.244140625,0.61395263671875,False,mixed_or_none
193,nested_reset,45,90,True,0.564208984375,00110011,51,0.930908203125,0.551025390625,0.543701171875,0.538910935964628,0.998779296875,1.0,0.36572265625,0.54736328125,False,0.930908203125,0.92974853515625,0.6634052716949177,0.999755859375,0.996826171875,0.36669921875,0.930328369140625,True,0.564208984375,0.5634765625,0.5588616953072912,0.93701171875,0.984619140625,0.303955078125,0.5638427734375,False,Q
193,nested_reset,62,107,True,0.505126953125,00110011,51,0.994873046875,0.503173828125,0.501953125,0.5109981441214929,0.9990234375,1.0,0.3525390625,0.5025634765625,False,0.994873046875,0.99578857421875,0.8423071860548638,0.99951171875,1.0,0.35302734375,0.995330810546875,True,0.505126953125,0.5042317708333334,0.5763589390250726,0.9853515625,0.99853515625,0.3388671875,0.5046793619791667,False,Q
193,nested_reset,85,130,True,0.612060546875,00110011,51,0.887939453125,0.463134765625,0.4610595703125,0.48301703048739636,0.99951171875,1.0,0.335693359375,0.46209716796875,False,0.887939453125,0.88592529296875,0.7789061239507781,1.0,1.0,0.336181640625,0.886932373046875,False,0.612060546875,0.6133219401041666,0.6724628051800374,1.0,1.0,0.336181640625,0.6126912434895833,False,mixed_or_none
193,nested_reset,117,162,True,0.979736328125,01010101,85,0.979736328125,0.501708984375,0.502197265625,0.5004232338510647,0.99951171875,1.0,0.327392578125,0.501953125,False,0.520263671875,0.51885986328125,0.6078502463251402,0.999755859375,1.0,0.32763671875,0.519561767578125,False,0.979736328125,0.9814453125,0.8738983539898493,1.0,1.0,0.327880859375,0.9805908203125,True,Y
193,nested_reset,128,173,True,0.99658203125,01010101,85,0.99658203125,0.5029296875,0.5020751953125,0.5009965245572093,0.99951171875,1.0,0.3330078125,0.50250244140625,False,0.50341796875,0.50286865234375,0.5722948405320061,0.999755859375,1.0,0.333251953125,0.503143310546875,False,0.99658203125,0.9975179036458333,0.9158293762112566,1.0,1.0,0.33349609375,0.9970499674479166,True,Y
193,nested_reset,161,206,True,1.0,01010101,85,1.0,0.5,0.5,0.500579052299475,0.999267578125,1.0,0.346923828125,0.5,False,0.5,0.5,0.5243445465474289,0.99951171875,1.0,0.34716796875,0.5,False,1.0,1.0,0.9719100066939432,1.0,1.0,0.34765625,1.0,True,Y
193,nested_reset,222,267,True,1.0,01010101,85,1.0,0.5,0.5,0.5000677556663844,0.999267578125,1.0,0.343017578125,0.5,False,0.5,0.5,0.5075444110550525,0.99853515625,1.0,0.34228515625,0.5,False,1.0,1.0,0.9912431797357886,1.0,1.0,0.34375,1.0,True,Y
193,nested_reset,304,349,True,1.0,01010101,85,1.0,0.5,0.5,0.4999938143238074,0.9990234375,1.0,0.34326171875,0.5,False,0.5,0.5,0.5030777165156923,0.998779296875,1.0,0.343017578125,0.5,False,1.0,1.0,0.9964122522310419,1.0,1.0,0.34423828125,1.0,True,Y
193,nested_reset,418,463,True,1.0,01010101,85,1.0,0.5,0.5,0.4999851064709266,0.998779296875,1.0,0.337646484375,0.5,False,0.5,0.5,0.5011557077416355,0.998779296875,1.0,0.337646484375,0.5,False,1.0,1.0,0.9986504398365694,1.0,1.0,0.3388671875,1.0,True,Y
193,nested_reset,575,620,True,1.0,01010101,85,1.0,0.5,0.5,0.49999484869125593,0.99853515625,1.0,0.3330078125,0.5,False,0.5,0.5,0.5005418812642966,0.998779296875,1.0,0.333251953125,0.5,False,1.0,1.0,0.9993664429948323,1.0,1.0,0.33447265625,1.0,True,Y
193,nested_reset,790,835,True,1.0,01010101,85,1.0,0.5,0.5,0.4999976499535142,0.99853515625,1.0,0.337158203125,0.5,False,0.5,0.5,0.500271925257165,0.99853515625,1.0,0.337158203125,0.5,False,1.0,1.0,0.9996821434510257,1.0,1.0,0.338623046875,1.0,True,Y
193,nested_reset,1024,1069,True,1.0,01010101,85,1.0,0.5,0.5,0.49999891030076726,0.99853515625,1.0,0.336181640625,0.5,False,0.5,0.5,0.5001573430901559,0.99853515625,1.0,0.336181640625,0.5,False,1.0,1.0,0.9998161119943603,1.0,1.0,0.337646484375,1.0,True,Y
193,scratch,0,45,True,0.49658203125,11111111,255,0.658203125,0.53564453125,0.53759765625,0.5019528627693336,0.958740234375,0.9990234375,0.385986328125,0.53662109375,False,0.50146484375,0.50323486328125,0.5002549146338119,0.67431640625,0.741943359375,0.1015625,0.502349853515625,False,0.49658203125,0.5011800130208334,0.50016608325486,0.531005859375,0.5244140625,-0.041748046875,0.4988810221354167,False,mixed_or_none
193,scratch,1,46,True,0.509765625,11111111,255,0.82470703125,0.515625,0.5169677734375,0.5015801011113703,0.962158203125,0.9990234375,0.38671875,0.51629638671875,False,0.513671875,0.51361083984375,0.5010690692020686,0.677978515625,0.74365234375,0.1025390625,0.513641357421875,False,0.509765625,0.5076497395833334,0.5002777776787921,0.533447265625,0.524658203125,-0.0419921875,0.5087076822916667,False,mixed_or_none
193,scratch,2,47,True,0.50341796875,11111111,255,0.82080078125,0.50146484375,0.5001220703125,0.5003553520685357,0.96240234375,0.9990234375,0.386962890625,0.50079345703125,False,0.52734375,0.5252685546875,0.501838854052299,0.6826171875,0.741943359375,0.107177734375,0.52630615234375,False,0.50341796875,0.5041910807291666,0.5003706124296298,0.52880859375,0.5244140625,-0.046630859375,0.5038045247395833,False,mixed_or_none
193,scratch,3,48,True,0.50048828125,11111111,255,0.6201171875,0.5048828125,0.500244140625,0.49991780974724503,0.9609375,0.998779296875,0.3837890625,0.5025634765625,False,0.55615234375,0.54925537109375,0.5026091927899736,0.6884765625,0.74560546875,0.111328125,0.552703857421875,False,0.50048828125,0.5015462239583334,0.5004588149852812,0.530029296875,0.52294921875,-0.047119140625,0.5010172526041667,False,mixed_or_none
193,scratch,4,49,True,0.517822265625,00110011,51,0.558349609375,0.481689453125,0.4794921875,0.49879543901859197,0.96240234375,0.998779296875,0.38720703125,0.4805908203125,False,0.558349609375,0.55731201171875,0.5035272011130467,0.698486328125,0.744140625,0.123291015625,0.557830810546875,False,0.517822265625,0.5104166666666666,0.5005569903311236,0.536865234375,0.52392578125,-0.038330078125,0.5141194661458333,False,mixed_or_none
193,scratch,5,50,True,0.5126953125,01110011,115,0.58056640625,0.46923828125,0.4595947265625,0.4976240490147627,0.9619140625,0.99853515625,0.384521484375,0.46441650390625,False,0.5693359375,0.56732177734375,0.5044488118859148,0.71142578125,0.744873046875,0.134033203125,0.568328857421875,False,0.5126953125,0.5085856119791666,0.5006654402231633,0.543212890625,0.524658203125,-0.0341796875,0.5106404622395833,False,mixed_or_none
193,scratch,7,52,True,0.51416015625,11110011,243,0.60986328125,0.4443359375,0.4378662109375,0.49535848103984187,0.9638671875,0.998779296875,0.3857421875,0.44110107421875,False,0.58740234375,0.583984375,0.5066251854802047,0.7451171875,0.754638671875,0.1669921875,0.585693359375,False,0.51416015625,0.5087076822916666,0.5009017265609244,0.551025390625,0.52392578125,-0.027099609375,0.5114339192708333,False,mixed_or_none
193,scratch,9,54,True,0.512939453125,00110000,48,0.621826171875,0.437744140625,0.434326171875,0.493822916419834,0.96484375,0.998779296875,0.38232421875,0.43603515625,False,0.609619140625,0.60858154296875,0.50933727001502,0.778076171875,0.768798828125,0.195556640625,0.609100341796875,False,0.512939453125,0.5078125,0.5011545087453156,0.559814453125,0.524658203125,-0.022705078125,0.5103759765625,False,mixed_or_none
193,scratch,13,58,True,0.51513671875,00110000,48,0.68798828125,0.44921875,0.4432373046875,0.49183233323070014,0.9619140625,0.9990234375,0.36474609375,0.44622802734375,False,0.630859375,0.63201904296875,0.5168278990764926,0.84814453125,0.803466796875,0.2509765625,0.631439208984375,False,0.51513671875,0.5095621744791666,0.5017761942830506,0.58984375,0.53564453125,-0.00732421875,0.5123494466145833,False,mixed_or_none
193,scratch,17,62,True,0.516357421875,00110000,48,0.693115234375,0.463623046875,0.4571533203125,0.49296324682485393,0.958251953125,0.9990234375,0.356201171875,0.46038818359375,False,0.679931640625,0.68157958984375,0.5275894612567253,0.908203125,0.84130859375,0.30615234375,0.680755615234375,False,0.516357421875,0.5162760416666666,0.5026690249752388,0.6162109375,0.5419921875,0.01416015625,0.5163167317708333,False,mixed_or_none
193,scratch,24,69,True,0.5166015625,00110011,51,0.81689453125,0.50537109375,0.5040283203125,0.501802822291045,0.9580078125,0.999267578125,0.331787109375,0.50469970703125,False,0.81689453125,0.8155517578125,0.5615637217115531,0.98046875,0.913330078125,0.354248046875,0.81622314453125,False,0.5166015625,0.5155436197916666,0.505062365589121,0.65869140625,0.55419921875,0.032470703125,0.5160725911458333,False,mixed_or_none
193,scratch,33,78,True,0.50830078125,00110011,51,0.95068359375,0.50244140625,0.5009765625,0.506943373406554,0.961669921875,0.999755859375,0.294677734375,0.501708984375,False,0.95068359375,0.94940185546875,0.6553798486317943,0.999755859375,0.97607421875,0.332763671875,0.950042724609375,True,0.50830078125,0.510009765625,0.5095030434654605,0.681640625,0.60302734375,0.0146484375,0.5091552734375,False,Q
193,scratch,45,90,True,0.5,00110011,51,1.0,0.5,0.5,0.5078671008318758,0.96240234375,1.0,0.260986328125,0.5,False,1.0,1.0,0.8434824006168541,1.0,0.999755859375,0.298583984375,1.0,True,0.5,0.5000406901041666,0.5143178326771751,0.766845703125,0.711181640625,0.0654296875,0.5000203450520833,False,Q
193,scratch,62,107,True,0.5,00110011,51,1.0,0.5,0.5,0.4999718224007782,0.96044921875,1.0,0.23095703125,0.5,False,1.0,0.99993896484375,0.9005980013069481,1.0,1.0,0.2705078125,0.999969482421875,True,0.5,0.5000406901041666,0.5247659998908971,0.918212890625,0.8271484375,0.188720703125,0.5000203450520833,False,Q
193,scratch,85,130,True,0.536376953125,00110011,51,0.963623046875,0.499267578125,0.497314453125,0.4918982751264192,0.923095703125,1.0,0.177001953125,0.498291015625,False,0.963623046875,0.9632568359375,0.8287534141637,1.0,1.0,0.25390625,0.96343994140625,True,0.536376953125,0.5370279947916666,0.5883086428422587,0.998291015625,0.919677734375,0.252197265625,0.5367024739583333,False,Q
193,scratch,117,162,True,0.787109375,01010001,81,0.7958984375,0.4853515625,0.491943359375,0.49679980354627706,0.913818359375,0.99951171875,0.15673828125,0.4886474609375,False,0.712890625,0.71002197265625,0.7002993585914584,1.0,0.998291015625,0.242919921875,0.711456298828125,False,0.787109375,0.7902425130208333,0.7666266953697956,1.0,0.99609375,0.242919921875,0.7886759440104166,False,mixed_or_none
193,scratch,128,173,True,0.944091796875,01010101,85,0.944091796875,0.503662109375,0.50341796875,0.5016658532878817,0.916259765625,0.997802734375,0.155029296875,0.5035400390625,False,0.555908203125,0.5545654296875,0.6246811674763729,0.99853515625,0.997314453125,0.2373046875,0.55523681640625,False,0.944091796875,0.9437662760416667,0.8510233389503703,1.0,0.999267578125,0.23876953125,0.9439290364583334,True,Y
193,scratch,161,206,True,1.0,01010101,85,1.0,0.5,0.5,0.4993295971047348,0.91943359375,0.998046875,0.150634765625,0.5,False,0.5,0.5,0.5242338951380274,0.995849609375,0.989501953125,0.22705078125,0.5,False,1.0,1.0,0.9717620862922713,1.0,1.0,0.231201171875,1.0,True,Y
193,scratch,222,267,True,1.0,01010101,85,1.0,0.5,0.5,0.499945662696265,0.93017578125,0.996337890625,0.15478515625,0.5,False,0.5,0.5,0.5062400406096311,0.99462890625,0.988525390625,0.21923828125,0.5,False,1.0,1.0,0.992666833162249,1.0,1.0,0.224609375,1.0,True,Y
193,scratch,304,349,True,1.0,01010101,85,1.0,0.5,0.5,0.499979181566465,0.9326171875,0.996337890625,0.150634765625,0.5,False,0.5,0.5,0.5027171599144818,0.993408203125,0.98828125,0.21142578125,0.5,False,1.0,1.0,0.9967999755589743,1.0,1.0,0.218017578125,1.0,True,Y
193,scratch,418,463,True,1.0,01010101,85,1.0,0.5,0.5,0.4999970881257972,0.932373046875,0.996337890625,0.15087890625,0.5,False,0.5,0.5,0.5012987644614009,0.994873046875,0.987060546875,0.21337890625,0.5,False,1.0,1.0,0.9984691557595811,1.0,1.0,0.218505859375,1.0,True,Y
193,scratch,575,620,True,1.0,01010101,85,1.0,0.5,0.5,0.4999976048316957,0.9345703125,0.99609375,0.150146484375,0.5,False,0.5,0.5,0.5006550878409045,0.993896484375,0.98681640625,0.20947265625,0.5,False,1.0,1.0,0.9992269800889595,1.0,1.0,0.215576171875,1.0,True,Y
193,scratch,790,835,True,1.0,01010101,85,1.0,0.5,0.5,0.4999993978634842,0.935302734375,0.995849609375,0.152587890625,0.5,False,0.5,0.5,0.5003408027300661,0.9921875,0.986328125,0.20947265625,0.5,False,1.0,1.0,0.9995980499394983,1.0,1.0,0.21728515625,1.0,True,Y
193,scratch,1024,1069,True,1.0,01010101,85,1.0,0.5,0.5,0.5000001925588887,0.93408203125,0.99560546875,0.1484375,0.5,False,0.5,0.5,0.5002000891154355,0.9912109375,0.9853515625,0.20556640625,0.5,False,1.0,1.0,0.9997640770031406,1.0,1.0,0.21435546875,1.0,True,Y
193,sham,0,45,True,0.506591796875,00001111,15,0.552001953125,0.552001953125,0.5513916015625,0.5007165505659148,0.914306640625,0.9990234375,0.357666015625,0.55169677734375,False,0.489990234375,0.48272705078125,0.4997477520292559,0.62646484375,0.732421875,0.06982421875,0.486358642578125,False,0.506591796875,0.508544921875,0.5001496987634819,0.522216796875,0.525146484375,-0.034423828125,0.507568359375,False,mixed_or_none
193,sham,1,46,True,0.51220703125,11111111,255,0.68701171875,0.5419921875,0.5340576171875,0.5005872345721045,0.908935546875,0.9990234375,0.3466796875,0.53802490234375,False,0.5224609375,0.5159912109375,0.5002647570709479,0.6240234375,0.732177734375,0.061767578125,0.51922607421875,False,0.51220703125,0.5106608072916666,0.5002042308821076,0.52587890625,0.52490234375,-0.036376953125,0.5114339192708333,False,mixed_or_none
193,sham,2,47,True,0.506591796875,11111111,255,0.716552734375,0.505126953125,0.4976806640625,0.49997832258918645,0.900146484375,0.998779296875,0.330078125,0.50140380859375,False,0.544189453125,0.5372314453125,0.5007381086239076,0.63818359375,0.730712890625,0.068115234375,0.54071044921875,False,0.506591796875,0.50927734375,0.5002678677775765,0.54052734375,0.530029296875,-0.029541015625,0.5079345703125,False,mixed_or_none
193,sham,3,48,True,0.525390625,01110111,119,0.56103515625,0.482421875,0.4801025390625,0.4994896046073336,0.897705078125,0.998779296875,0.330322265625,0.48126220703125,False,0.55859375,0.55206298828125,0.5012160249371108,0.656005859375,0.729736328125,0.088623046875,0.555328369140625,False,0.525390625,0.5180257161458334,0.5003311590267553,0.541259765625,0.5322265625,-0.026123046875,0.5217081705729167,False,mixed_or_none
193,sham,4,49,True,0.5205078125,00110001,49,0.56787109375,0.4638671875,0.463134765625,0.4989730709857322,0.895263671875,0.998779296875,0.324951171875,0.4635009765625,False,0.56591796875,0.5618896484375,0.5017152962600253,0.666748046875,0.72802734375,0.096435546875,0.56390380859375,False,0.5205078125,0.513916015625,0.5004100119077751,0.546142578125,0.53369140625,-0.024169921875,0.5172119140625,False,mixed_or_none
193,sham,5,50,True,0.519775390625,01110011,115,0.579345703125,0.458251953125,0.4515380859375,0.49855336871790085,0.898681640625,0.998291015625,0.330322265625,0.45489501953125,False,0.574462890625,0.5718994140625,0.5021842829036355,0.6806640625,0.729248046875,0.1123046875,0.57318115234375,False,0.519775390625,0.515869140625,0.5004894004512,0.550537109375,0.5361328125,-0.017822265625,0.517822265625,False,mixed_or_none
193,sham,7,52,True,0.522216796875,11110011,243,0.615478515625,0.439208984375,0.432861328125,0.49752274355736575,0.896728515625,0.99853515625,0.325927734375,0.43603515625,False,0.591552734375,0.5869140625,0.5032621171573483,0.703125,0.7373046875,0.13232421875,0.5892333984375,False,0.522216796875,0.5188802083333334,0.5006707280173093,0.5556640625,0.5390625,-0.01513671875,0.5205485026041667,False,mixed_or_none
193,sham,9,54,True,0.524658203125,00110011,51,0.609619140625,0.428466796875,0.426025390625,0.4964998183868318,0.902099609375,0.998779296875,0.326904296875,0.42724609375,False,0.609619140625,0.602294921875,0.5046232488915303,0.73046875,0.743896484375,0.1552734375,0.60595703125,False,0.524658203125,0.5195719401041666,0.5008945045122823,0.56005859375,0.545166015625,-0.01513671875,0.5221150716145833,False,mixed_or_none
193,sham,13,58,True,0.521240234375,00110000,48,0.664306640625,0.431396484375,0.4283447265625,0.4951062159647422,0.896728515625,0.998779296875,0.311279296875,0.42987060546875,False,0.632568359375,0.63116455078125,0.5085307614870571,0.8037109375,0.76904296875,0.21826171875,0.631866455078125,False,0.521240234375,0.5151774088541666,0.5014629989636591,0.58349609375,0.552978515625,-0.001953125,0.5182088216145833,False,mixed_or_none
193,sham,17,62,True,0.531005859375,00110000,48,0.703857421875,0.449462890625,0.4483642578125,0.4952547596920372,0.9013671875,0.9990234375,0.30615234375,0.44891357421875,False,0.683349609375,0.68292236328125,0.5151970007748188,0.885498046875,0.804443359375,0.290283203125,0.683135986328125,False,0.531005859375,0.5270182291666666,0.5022760714271176,0.60888671875,0.565673828125,0.013671875,0.5290120442708333,False,mixed_or_none
193,sham,24,69,True,0.53955078125,00110011,51,0.81396484375,0.50146484375,0.501220703125,0.5010304358659637,0.911376953125,0.998779296875,0.290283203125,0.5013427734375,False,0.81396484375,0.81146240234375,0.5392901652636711,0.97802734375,0.879638671875,0.35693359375,0.812713623046875,False,0.53955078125,0.5355224609375,0.5048256664496479,0.680908203125,0.587646484375,0.059814453125,0.53753662109375,False,mixed_or_none
193,sham,33,78,True,0.515380859375,00110011,51,0.946044921875,0.504638671875,0.5068359375,0.5096275232081361,0.907958984375,0.998779296875,0.2509765625,0.5057373046875,False,0.946044921875,0.94384765625,0.6166890961994741,1.0,0.96484375,0.343017578125,0.9449462890625,True,0.515380859375,0.5154215494791666,0.5104272722913943,0.720947265625,0.618896484375,0.06396484375,0.5154012044270833,False,Q
193,sham,45,90,True,0.5,00110011,51,1.0,0.5,0.5,0.5116763187304423,0.903564453125,0.9990234375,0.20654296875,0.5,False,1.0,0.99993896484375,0.8022618892144194,1.0,0.999267578125,0.302978515625,0.999969482421875,True,0.5,0.5001627604166666,0.5194387097545449,0.825927734375,0.68994140625,0.12890625,0.5000813802083333,False,Q
193,sham,62,107,True,0.5,00110011,51,1.0,0.5,0.5,0.49920810001575966,0.8720703125,0.999267578125,0.131103515625,0.5,False,1.0,0.999755859375,0.8995063606786375,1.0,1.0,0.259033203125,0.9998779296875,True,0.5,0.5001627604166666,0.532285124919305,0.964599609375,0.821044921875,0.2236328125,0.5000813802083333,False,Q
193,sham,85,130,True,0.5947265625,00110011,51,0.9052734375,0.490234375,0.4930419921875,0.49222943891814624,0.8515625,0.9990234375,0.105224609375,0.49163818359375,False,0.9052734375,0.90460205078125,0.7938296330832687,1.0,0.999755859375,0.253662109375,0.904937744140625,True,0.5947265625,0.595947265625,0.6380782750433704,1.0,0.936279296875,0.253662109375,0.5953369140625,False,Q
193,sham,117,162,True,0.99267578125,01010101,85,0.99267578125,0.50244140625,0.501953125,0.5001166451546079,0.842529296875,0.99853515625,0.095947265625,0.502197265625,False,0.50732421875,0.50775146484375,0.5932724617966179,1.0,0.9990234375,0.25341796875,0.507537841796875,False,0.99267578125,0.9923502604166667,0.8902744587773852,1.0,1.0,0.25341796875,0.9925130208333334,True,Y
193,sham,128,173,True,1.0,01010101,85,1.0,0.5,0.5,0.5016505093474121,0.84521484375,0.998291015625,0.09619140625,0.5,False,0.5,0.5,0.5475561342778003,1.0,0.99853515625,0.2509765625,0.5,False,1.0,1.0,0.9438835511388424,1.0,1.0,0.2509765625,1.0,True,Y
193,sham,161,206,True,1.0,01010101,85,1.0,0.5,0.5,0.5001546791290837,0.859130859375,0.99755859375,0.096435546875,0.5,False,0.5,0.5,0.5110725635138923,0.99951171875,0.998046875,0.23681640625,0.5,False,1.0,1.0,0.986673930084897,1.0,1.0,0.2373046875,1.0,True,Y
193,sham,222,267,True,1.0,01010101,85,1.0,0.5,0.5,0.5000324192905428,0.863037109375,0.99658203125,0.0947265625,0.5,False,0.5,0.5,0.5039709119943957,0.99951171875,0.997802734375,0.231201171875,0.5,False,1.0,1.0,0.9952211267881368,1.0,1.0,0.231689453125,1.0,True,Y
193,sham,304,349,True,1.0,01010101,85,1.0,0.5,0.5,0.5000129504408498,0.865478515625,0.996826171875,0.091064453125,0.5,False,0.5,0.5,0.5018543949351426,0.999267578125,0.998046875,0.224853515625,0.5,False,1.0,1.0,0.9977592980501317,1.0,1.0,0.2255859375,1.0,True,Y
193,sham,418,463,True,1.0,01010101,85,1.0,0.5,0.5,0.5000051926188105,0.869140625,0.996826171875,0.0966796875,0.5,False,0.5,0.5,0.5009149939357119,0.9990234375,0.997802734375,0.2265625,0.5,False,1.0,1.0,0.9988921816192666,1.0,1.0,0.2275390625,1.0,True,Y
193,sham,575,620,True,1.0,01010101,85,1.0,0.5,0.5,0.5000024214330272,0.876708984375,0.996826171875,0.11083984375,0.5,False,0.5,0.5,0.5004684992077945,0.998291015625,0.997802734375,0.232421875,0.5,False,1.0,1.0,0.9994317437231703,1.0,1.0,0.234130859375,1.0,True,Y
193,sham,790,835,True,1.0,01010101,85,1.0,0.5,0.5,0.5000012376939961,0.881103515625,0.99658203125,0.115966796875,0.5,False,0.5,0.5,0.5002469427787186,0.997802734375,0.997802734375,0.232666015625,0.5,False,1.0,1.0,0.9997008347213845,1.0,1.0,0.23486328125,1.0,True,Y
193,sham,1024,1069,True,1.0,01010101,85,1.0,0.5,0.5,0.5000006010379306,0.88427734375,0.996826171875,0.118408203125,0.5,False,0.5,0.5,0.5001458130556048,0.998046875,0.997802734375,0.232177734375,0.5,False,1.0,1.0,0.9998233349698253,1.0,1.0,0.234130859375,1.0,True,Y
197,independent_carry,0,45,True,0.501220703125,00001111,15,0.987548828125,0.987548828125,0.9873046875,0.8664494871892987,1.0,1.0,0.358642578125,0.9874267578125,True,0.512451171875,0.51220703125,0.57600982117827,0.998779296875,0.989501953125,0.357421875,0.5123291015625,False,0.501220703125,0.5016276041666666,0.5021879794096907,0.534912109375,0.516357421875,-0.1064453125,0.5014241536458333,False,P
197,independent_carry,1,46,True,0.50048828125,00001111,15,0.9873046875,0.9873046875,0.9874267578125,0.853836421297246,1.0,1.0,0.3564453125,0.98736572265625,True,0.5126953125,0.51300048828125,0.5842716359480778,0.999267578125,0.990966796875,0.355712890625,0.512847900390625,False,0.50048828125,0.5009765625,0.5023611843088366,0.533203125,0.517333984375,-0.1103515625,0.500732421875,False,P
197,independent_carry,2,47,True,0.499755859375,00001111,15,0.983154296875,0.983154296875,0.9832763671875,0.8363391477132358,1.0,1.0,0.356689453125,0.98321533203125,True,0.516845703125,0.51708984375,0.5947254244488808,0.99951171875,0.9912109375,0.356201171875,0.5169677734375,False,0.499755859375,0.5011800130208334,0.5025135003256569,0.534423828125,0.515625,-0.10888671875,0.5004679361979167,False,P
197,independent_carry,3,48,True,0.5,00001111,15,0.970703125,0.970703125,0.970458984375,0.8135567171872194,1.0,1.0,0.350341796875,0.9705810546875,True,0.529296875,0.530029296875,0.6073619986827168,0.99951171875,0.9931640625,0.349853515625,0.5296630859375,False,0.5,0.502197265625,0.5026556436237756,0.538330078125,0.5166015625,-0.111328125,0.5010986328125,False,P
197,independent_carry,4,49,True,0.503173828125,00001111,15,0.945556640625,0.945556640625,0.945556640625,0.7885504979320235,1.0,1.0,0.343017578125,0.945556640625,True,0.554443359375,0.55303955078125,0.6212678358898506,0.999755859375,0.993896484375,0.3427734375,0.553741455078125,False,0.503173828125,0.5052490234375,0.5027582856063207,0.53564453125,0.518310546875,-0.121337890625,0.50421142578125,False,P
197,independent_carry,5,50,True,0.507080078125,00001111,15,0.916259765625,0.916259765625,0.915283203125,0.7617345957531709,1.0,1.0,0.33251953125,0.915771484375,True,0.583740234375,0.5826416015625,0.6364189944182826,0.999755859375,0.995849609375,0.332275390625,0.58319091796875,False,0.507080078125,0.5092366536458334,0.5028349340948993,0.537109375,0.5185546875,-0.13037109375,0.5081583658854167,False,P
197,independent_carry,7,52,True,0.5048828125,00001111,15,0.80908203125,0.80908203125,0.8043212890625,0.7045088382715031,1.0,1.0,0.32861328125,0.80670166015625,False,0.69091796875,0.6881103515625,0.6675924203741241,1.0,0.99951171875,0.32861328125,0.68951416015625,False,0.5048828125,0.5105387369791666,0.5029239322147186,0.54296875,0.521240234375,-0.12841796875,0.5077107747395833,False,mixed_or_none
197,independent_carry,9,54,True,0.50439453125,00110011,51,0.83984375,0.66015625,0.6533203125,0.6512477602736224,1.0,1.0,0.330810546875,0.65673828125,False,0.83984375,0.83721923828125,0.6959271796054122,1.0,1.0,0.330810546875,0.838531494140625,False,0.50439453125,0.5066324869791666,0.5028722257202161,0.541015625,0.52197265625,-0.128173828125,0.5055135091145833,False,mixed_or_none
197,independent_carry,13,58,True,0.50146484375,00110011,51,0.9921875,0.5078125,0.5076904296875,0.5715524154662297,0.99951171875,1.0,0.332275390625,0.50775146484375,False,0.9921875,0.990966796875,0.7421309447853588,1.0,1.0,0.332763671875,0.9915771484375,True,0.50146484375,0.4997965494791667,0.5025998196560596,0.528076171875,0.52490234375,-0.13916015625,0.5006306966145834,False,Q
197,independent_carry,17,62,True,0.5,00110011,51,1.0,0.5,0.5,0.5273728562434381,0.99951171875,1.0,0.32861328125,0.5,False,1.0,0.99993896484375,0.7801671867759931,1.0,1.0,0.3291015625,0.999969482421875,True,0.5,0.5,0.5024181623536903,0.52685546875,0.529541015625,-0.14404296875,0.5,False,Q
197,independent_carry,24,69,True,0.5,00110011,51,1.0,0.5,0.5,0.49299335932041577,0.99853515625,1.0,0.322509765625,0.5,False,1.0,1.0,0.8464426664467156,1.0,1.0,0.323974609375,1.0,True,0.5,0.5,0.5021104940734307,0.539794921875,0.53271484375,-0.13623046875,0.5,False,Q
197,independent_carry,33,78,True,0.5,00110011,51,1.0,0.5,0.5,0.484063683350229,0.997314453125,1.0,0.314453125,0.5,False,1.0,1.0,0.9032650454796733,1.0,1.0,0.317138671875,1.0,True,0.5,0.5,0.50156430610355,0.54150390625,0.535400390625,-0.141357421875,0.5,False,Q
197,independent_carry,45,90,True,0.5,00110011,51,1.0,0.5,0.5,0.48647533219820693,0.99365234375,1.0,0.309326171875,0.5,False,1.0,1.0,0.9114716166654154,1.0,1.0,0.315673828125,1.0,True,0.5,0.5,0.5016257706228099,0.56103515625,0.541015625,-0.123291015625,0.5,False,Q
197,independent_carry,62,107,True,0.5,00110011,51,1.0,0.5,0.5,0.49540100576958357,0.98974609375,1.0,0.30517578125,0.5,False,1.0,1.0,0.896895818567519,1.0,1.0,0.3154296875,1.0,True,0.5,0.5,0.5032933913579171,0.618896484375,0.545654296875,-0.065673828125,0.5,False,Q
197,independent_carry,85,130,True,0.5,00110011,51,1.0,0.5,0.5,0.500157770655136,0.98779296875,1.0,0.281982421875,0.5,False,1.0,1.0,0.8924014052950217,1.0,1.0,0.294189453125,1.0,True,0.5,0.5,0.5080535498875112,0.7509765625,0.5859375,0.045166015625,0.5,False,Q
197,independent_carry,117,162,True,0.501220703125,00110011,51,0.998779296875,0.501220703125,0.5009765625,0.5029922381298114,0.987060546875,0.999755859375,0.264404296875,0.5010986328125,False,0.998779296875,0.99884033203125,0.8905871519898949,1.0,1.0,0.27734375,0.998809814453125,True,0.501220703125,0.5008138020833334,0.5270119709539764,0.866943359375,0.7431640625,0.144287109375,0.5010172526041667,False,Q
197,independent_carry,128,173,True,0.51171875,00110011,51,0.98828125,0.5029296875,0.5009765625,0.5020704282887165,0.983642578125,0.99951171875,0.24462890625,0.501953125,False,0.98828125,0.987548828125,0.8769616389002908,1.0,1.0,0.260986328125,0.9879150390625,True,0.51171875,0.5111083984375,0.5423213484511239,0.9296875,0.8349609375,0.190673828125,0.51141357421875,False,Q
197,independent_carry,161,206,True,0.590087890625,00110011,51,0.909912109375,0.503173828125,0.5003662109375,0.5035337621044613,0.979736328125,0.9990234375,0.244140625,0.50177001953125,False,0.909912109375,0.9075927734375,0.795724077227099,1.0,1.0,0.264404296875,0.90875244140625,True,0.590087890625,0.5914713541666666,0.6494401744605585,0.99951171875,1.0,0.263916015625,0.5907796223958333,False,Q
197,independent_carry,222,267,True,1.0,01010101,85,1.0,0.5,0.5,0.49870681975233566,0.98193359375,1.0,0.25830078125,0.5,False,0.5,0.5,0.5285354347158008,0.9970703125,1.0,0.2734375,0.5,False,1.0,1.0,0.9668832559801062,1.0,1.0,0.2763671875,1.0,True,Y
197,independent_carry,304,349,True,1.0,01010101,85,1.0,0.5,0.5,0.5000678673349461,0.98291015625,1.0,0.2802734375,0.5,False,0.5,0.5,0.5056597874383334,0.99462890625,0.999755859375,0.2919921875,0.5,False,1.0,1.0,0.9934089975634444,1.0,1.0,0.29736328125,1.0,True,Y
197,independent_carry,418,463,True,1.0,01010101,85,1.0,0.5,0.5,0.5000356209192411,0.984375,1.0,0.278564453125,0.5,False,0.5,0.5,0.5022333452889252,0.995361328125,0.999755859375,0.28955078125,0.5,False,1.0,1.0,0.9973955828682886,1.0,1.0,0.294189453125,1.0,True,Y
197,independent_carry,575,620,True,1.0,01010101,85,1.0,0.5,0.5,0.5000226325011617,0.985107421875,1.0,0.277099609375,0.5,False,0.5,0.5,0.5010414349036222,0.99462890625,0.999755859375,0.28662109375,0.5,False,1.0,1.0,0.9987863014664315,1.0,1.0,0.2919921875,1.0,True,Y
197,independent_carry,790,835,True,1.0,01010101,85,1.0,0.5,0.5,0.5000123177733166,0.98681640625,1.0,0.2783203125,0.5,False,0.5,0.5,0.5005184520179146,0.994873046875,0.99951171875,0.286376953125,0.5,False,1.0,1.0,0.999396655206968,1.0,1.0,0.29150390625,1.0,True,Y
197,independent_carry,1024,1069,True,1.0,01010101,85,1.0,0.5,0.5,0.5000075504312468,0.987548828125,1.0,0.280029296875,0.5,False,0.5,0.5,0.5002982784278064,0.994140625,0.999267578125,0.28662109375,0.5,False,1.0,1.0,0.9996531245009475,1.0,1.0,0.29248046875,1.0,True,Y
197,independent_reset,0,45,True,0.501220703125,00001111,15,0.987548828125,0.987548828125,0.9873046875,0.8664494871892987,1.0,1.0,0.358642578125,0.9874267578125,True,0.512451171875,0.51220703125,0.57600982117827,0.998779296875,0.989501953125,0.357421875,0.5123291015625,False,0.501220703125,0.5016276041666666,0.5021879794096907,0.534912109375,0.516357421875,-0.1064453125,0.5014241536458333,False,P
197,independent_reset,1,46,True,0.49951171875,00001111,15,0.98974609375,0.98974609375,0.9901123046875,0.8466379853433783,1.0,1.0,0.359375,0.98992919921875,True,0.51025390625,0.5107421875,0.5854596916589547,0.99853515625,0.990234375,0.35791015625,0.510498046875,False,0.49951171875,0.50048828125,0.5023438806619952,0.536376953125,0.51513671875,-0.104248046875,0.5,False,P
197,independent_reset,2,47,True,0.500732421875,00001111,15,0.987060546875,0.987060546875,0.9866943359375,0.8251829773163012,1.0,1.0,0.360595703125,0.98687744140625,True,0.512939453125,0.513427734375,0.5956311685581606,0.9990234375,0.99072265625,0.359619140625,0.51318359375,False,0.500732421875,0.50244140625,0.5024136559123596,0.537109375,0.513916015625,-0.102294921875,0.5015869140625,False,P
197,independent_reset,3,48,True,0.50146484375,00001111,15,0.97998046875,0.97998046875,0.977783203125,0.8009916461441364,1.0,1.0,0.357666015625,0.9788818359375,True,0.52001953125,0.5216064453125,0.6067272978588147,0.999267578125,0.991455078125,0.35693359375,0.52081298828125,False,0.50146484375,0.5037027994791666,0.5025009008888984,0.534423828125,0.516845703125,-0.10791015625,0.5025838216145833,False,P
197,independent_reset,4,49,True,0.501220703125,00001111,15,0.960693359375,0.960693359375,0.9619140625,0.7772106312411523,1.0,1.0,0.352294921875,0.9613037109375,True,0.539306640625,0.53839111328125,0.6179512664479536,0.999267578125,0.99267578125,0.3515625,0.538848876953125,False,0.501220703125,0.5040283203125,0.5025539367732282,0.535888671875,0.515380859375,-0.11181640625,0.50262451171875,False,P
197,independent_reset,5,50,True,0.50146484375,00001111,15,0.9384765625,0.9384765625,0.9398193359375,0.7533335631567675,1.0,1.0,0.3447265625,0.93914794921875,True,0.5615234375,0.55877685546875,0.6293434478235942,0.99951171875,0.99462890625,0.34423828125,0.560150146484375,False,0.50146484375,0.5053304036458334,0.5025942982702915,0.537353515625,0.5166015625,-0.117919921875,0.5033976236979167,False,P
197,independent_reset,7,52,True,0.50830078125,00001111,15,0.85546875,0.85546875,0.8541259765625,0.7063921102369807,1.0,1.0,0.344970703125,0.85479736328125,False,0.64453125,0.6429443359375,0.650742441692144,1.0,0.9970703125,0.344970703125,0.64373779296875,False,0.50830078125,0.5105794270833334,0.5026594767023718,0.540283203125,0.51708984375,-0.11474609375,0.5094401041666667,False,mixed_or_none
197,independent_reset,9,54,True,0.5126953125,00000011,3,0.78759765625,0.73779296875,0.7332763671875,0.6654621504334595,1.0,1.0,0.339599609375,0.73553466796875,False,0.76220703125,0.76116943359375,0.6695876706256723,1.0,0.999267578125,0.339599609375,0.761688232421875,False,0.5126953125,0.5109049479166666,0.5026518541847246,0.532958984375,0.51904296875,-0.12744140625,0.5118001302083333,False,mixed_or_none
197,independent_reset,13,58,True,0.50341796875,00110011,51,0.94921875,0.55078125,0.5474853515625,0.6024798819630742,0.99951171875,1.0,0.3359375,0.54913330078125,False,0.94921875,0.94659423828125,0.703122215798762,1.0,1.0,0.33642578125,0.947906494140625,True,0.50341796875,0.5012613932291666,0.5025649853192631,0.52734375,0.525390625,-0.13623046875,0.5023396809895833,False,Q
197,independent_reset,17,62,True,0.499755859375,00110011,51,0.996337890625,0.503662109375,0.50341796875,0.5619235609414293,0.99951171875,1.0,0.33447265625,0.5035400390625,False,0.996337890625,0.99639892578125,0.734492680002284,1.0,1.0,0.3349609375,0.996368408203125,True,0.499755859375,0.4998372395833333,0.5024934399731945,0.533203125,0.52490234375,-0.1318359375,0.49979654947916663,False,Q
197,independent_reset,24,69,True,0.5,00110011,51,1.0,0.5,0.5,0.5217106952604628,0.998779296875,1.0,0.328125,0.5,False,1.0,1.0,0.7961708164541289,1.0,1.0,0.329345703125,1.0,True,0.5,0.5,0.5024242693551974,0.52978515625,0.52978515625,-0.140869140625,0.5,False,Q
197,independent_reset,33,78,True,0.5,00110011,51,1.0,0.5,0.5,0.498656285391375,0.998291015625,1.0,0.32763671875,0.5,False,1.0,1.0,0.8692147628610364,1.0,1.0,0.329345703125,1.0,True,0.5,0.5,0.5021446408021576,0.533447265625,0.533447265625,-0.13720703125,0.5,False,Q
197,independent_reset,45,90,True,0.5,00110011,51,1.0,0.5,0.5,0.49399379326952275,0.997802734375,1.0,0.328369140625,0.5,False,1.0,1.0,0.9106491734875024,1.0,1.0,0.33056640625,1.0,True,0.5,0.5,0.5018773959948555,0.541259765625,0.534912109375,-0.128173828125,0.5,False,Q
197,independent_reset,62,107,True,0.5,00110011,51,1.0,0.5,0.5,0.4979739684063422,0.994140625,1.0,0.315185546875,0.5,False,1.0,1.0,0.9047696873939621,1.0,1.0,0.321044921875,1.0,True,0.5,0.5,0.503194938427017,0.565185546875,0.54345703125,-0.11376953125,0.5,False,Q
197,independent_reset,85,130,True,0.5,00110011,51,1.0,0.5,0.5,0.5013338590102665,0.99267578125,1.0,0.302734375,0.5,False,1.0,1.0,0.8887469414359244,1.0,1.0,0.31005859375,1.0,True,0.5,0.5,0.5068063364503128,0.615234375,0.577880859375,-0.07470703125,0.5,False,Q
197,independent_reset,117,162,True,0.500244140625,00110011,51,0.999755859375,0.500244140625,0.5001220703125,0.5035209428833967,0.98779296875,1.0,0.264404296875,0.50018310546875,False,0.999755859375,0.99957275390625,0.8943659172146826,1.0,1.0,0.276611328125,0.999664306640625,True,0.500244140625,0.5002034505208334,0.5216904526925543,0.8359375,0.811279296875,0.112548828125,0.5002237955729167,False,Q
197,independent_reset,128,173,True,0.5048828125,00110011,51,0.9951171875,0.50146484375,0.500732421875,0.5014025816560846,0.9873046875,1.0,0.26318359375,0.5010986328125,False,0.9951171875,0.9949951171875,0.8824532333134073,1.0,1.0,0.27587890625,0.99505615234375,True,0.5048828125,0.5040690104166666,0.5348791096824227,0.887939453125,0.915771484375,0.163818359375,0.5044759114583333,False,Q
197,independent_reset,161,206,True,0.57275390625,00110011,51,0.92724609375,0.50341796875,0.5015869140625,0.5044623394782777,0.984130859375,0.99951171875,0.239501953125,0.50250244140625,False,0.92724609375,0.9217529296875,0.8114756017232514,1.0,1.0,0.25537109375,0.92449951171875,True,0.57275390625,0.5760904947916666,0.6325802244241049,0.998291015625,0.999755859375,0.253662109375,0.5744222005208333,False,Q
197,independent_reset,222,267,True,1.0,01010101,85,1.0,0.5,0.5,0.49915077133366065,0.98828125,1.0,0.260986328125,0.5,False,0.5,0.5,0.5294952410139164,0.998291015625,0.99853515625,0.27099609375,0.5,False,1.0,1.0,0.9660838289782034,1.0,1.0,0.272705078125,1.0,True,Y
197,independent_reset,304,349,True,1.0,01010101,85,1.0,0.5,0.5,0.5000929797993248,0.986572265625,1.0,0.284912109375,0.5,False,0.5,0.5,0.5058168093906822,0.997802734375,0.99853515625,0.296142578125,0.5,False,1.0,1.0,0.9932793211020361,1.0,1.0,0.29833984375,1.0,True,Y
197,independent_reset,418,463,True,1.0,01010101,85,1.0,0.5,0.5,0.5000545613043442,0.987548828125,1.0,0.28857421875,0.5,False,0.5,0.5,0.5022912411528724,0.997802734375,0.99853515625,0.298828125,0.5,False,1.0,1.0,0.997347595685474,1.0,1.0,0.301025390625,1.0,True,Y
197,independent_reset,575,620,True,1.0,01010101,85,1.0,0.5,0.5,0.5000265900719818,0.98828125,1.0,0.290771484375,0.5,False,0.5,0.5,0.501068577926121,0.997802734375,0.99853515625,0.30029296875,0.5,False,1.0,1.0,0.9987648556589372,1.0,1.0,0.302490234375,1.0,True,Y
197,independent_reset,790,835,True,1.0,01010101,85,1.0,0.5,0.5,0.5000108942636583,0.9892578125,1.0,0.2900390625,0.5,False,0.5,0.5,0.5005301691886715,0.998046875,0.99853515625,0.298828125,0.5,False,1.0,1.0,0.9993880020643586,1.0,1.0,0.30078125,1.0,True,Y
197,independent_reset,1024,1069,True,1.0,01010101,85,1.0,0.5,0.5,0.500005545750724,0.9892578125,1.0,0.2900390625,0.5,False,0.5,0.5,0.5003050373035148,0.998046875,0.99853515625,0.298828125,0.5,False,1.0,1.0,0.9996480858852343,1.0,1.0,0.30078125,1.0,True,Y
197,nested_carry,0,45,True,0.5,00001111,15,1.0,1.0,1.0,0.87923014289584,1.0,1.0,0.403564453125,1.0,True,0.5,0.5,0.519023281861294,0.845703125,0.880859375,0.249267578125,0.5,False,0.5,0.5,0.5023655373441711,0.529541015625,0.527099609375,-0.06689453125,0.5,False,P
197,nested_carry,1,46,True,0.5,00001111,15,1.0,1.0,1.0,0.8677372537238904,1.0,1.0,0.400146484375,1.0,True,0.5,0.5,0.5200655346313648,0.845703125,0.882080078125,0.245849609375,0.5,False,0.5,0.5,0.5025866792151492,0.533203125,0.5263671875,-0.066650390625,0.5,False,P
197,nested_carry,2,47,True,0.5,00001111,15,1.0,1.0,1.0,0.8506809729012594,1.0,1.0,0.396484375,1.0,True,0.5,0.5,0.5216293855765013,0.84912109375,0.885009765625,0.24560546875,0.5,False,0.5,0.5,0.5028414659088178,0.535888671875,0.52685546875,-0.067626953125,0.5,False,P
197,nested_carry,3,48,True,0.500244140625,00001111,15,0.998779296875,0.998779296875,0.999267578125,0.8275936145088046,1.0,1.0,0.395751953125,0.9990234375,True,0.501220703125,0.50079345703125,0.5236904285739062,0.851806640625,0.8896484375,0.24755859375,0.501007080078125,False,0.500244140625,0.5001220703125,0.5031243089816846,0.537841796875,0.52685546875,-0.06640625,0.50018310546875,False,P
197,nested_carry,4,49,True,0.50048828125,00001111,15,0.99658203125,0.99658203125,0.997314453125,0.8014954851775484,1.0,1.0,0.390625,0.9969482421875,True,0.50341796875,0.5029296875,0.5260323589923352,0.860595703125,0.896728515625,0.251220703125,0.503173828125,False,0.50048828125,0.5006510416666666,0.5033746814843293,0.53759765625,0.527587890625,-0.07177734375,0.5005696614583333,False,P
197,nested_carry,5,50,True,0.500244140625,00001111,15,0.992919921875,0.992919921875,0.9930419921875,0.7730046962007898,1.0,1.0,0.385986328125,0.99298095703125,True,0.507080078125,0.5068359375,0.5286223021762034,0.87060546875,0.9013671875,0.256591796875,0.5069580078125,False,0.500244140625,0.5011800130208334,0.5035886616770936,0.538818359375,0.52978515625,-0.0751953125,0.5007120768229167,False,P
197,nested_carry,7,52,True,0.5029296875,00001111,15,0.97314453125,0.97314453125,0.9749755859375,0.712409042074561,1.0,1.0,0.3828125,0.97406005859375,True,0.52685546875,0.525634765625,0.5338964621340807,0.88916015625,0.9169921875,0.27197265625,0.5262451171875,False,0.5029296875,0.5044759114583334,0.5039077984205361,0.54248046875,0.536376953125,-0.07470703125,0.5037027994791667,False,P
197,nested_carry,9,54,True,0.507080078125,00001111,15,0.948974609375,0.948974609375,0.9510498046875,0.6585575860768016,0.999755859375,1.0,0.387939453125,0.95001220703125,True,0.550537109375,0.54888916015625,0.5387244089148491,0.914306640625,0.930908203125,0.302490234375,0.549713134765625,False,0.507080078125,0.5081380208333334,0.5039933348432951,0.5537109375,0.53759765625,-0.05810546875,0.5076090494791667,False,P
197,nested_carry,13,58,True,0.51953125,00001111,15,0.8759765625,0.8759765625,0.8717041015625,0.5822547901324857,0.9990234375,1.0,0.36279296875,0.87384033203125,False,0.6220703125,0.6212158203125,0.5473589492545827,0.95458984375,0.956298828125,0.318359375,0.62164306640625,False,0.51953125,0.5190836588541666,0.5039365600882737,0.56591796875,0.551513671875,-0.0703125,0.5193074544270833,False,mixed_or_none
197,nested_carry,17,62,True,0.523681640625,00000011,3,0.883056640625,0.688720703125,0.68701171875,0.5422606673010057,0.99365234375,1.0,0.346923828125,0.6878662109375,False,0.757568359375,0.75244140625,0.558207987281066,0.98291015625,0.9765625,0.336181640625,0.7550048828125,False,0.523681640625,0.5222981770833334,0.5040330676572988,0.5625,0.5634765625,-0.084228515625,0.5229899088541667,False,mixed_or_none
197,nested_carry,24,69,True,0.50634765625,00110011,51,0.89501953125,0.537109375,0.53662109375,0.5135445747257552,0.9873046875,1.0,0.3330078125,0.536865234375,False,0.89501953125,0.89239501953125,0.5931670013972032,0.99951171875,0.994384765625,0.34521484375,0.893707275390625,False,0.50634765625,0.5055338541666666,0.5044784556475675,0.562255859375,0.57470703125,-0.092041015625,0.5059407552083333,False,mixed_or_none
197,nested_carry,33,78,True,0.503662109375,00110011,51,0.994384765625,0.499755859375,0.5,0.5002783455920162,0.983154296875,1.0,0.300537109375,0.4998779296875,False,0.994384765625,0.9940185546875,0.6821843124237077,1.0,1.0,0.3173828125,0.99420166015625,True,0.503662109375,0.5029703776041666,0.5053844303767697,0.5615234375,0.58837890625,-0.12109375,0.5033162434895833,False,Q
197,nested_carry,45,90,True,0.5,00110011,51,1.0,0.5,0.5,0.4971511210889996,0.986328125,1.0,0.295166015625,0.5,False,1.0,1.0,0.8469031855190359,1.0,1.0,0.308837890625,1.0,True,0.5,0.5,0.5065535468515385,0.59619140625,0.619140625,-0.094970703125,0.5,False,Q
197,nested_carry,62,107,True,0.5,00110011,51,1.0,0.5,0.5,0.5030499980920861,0.984130859375,1.0,0.29052734375,0.5,False,1.0,1.0,0.9162699778354262,1.0,1.0,0.306396484375,1.0,True,0.5,0.5,0.5093154954967913,0.64453125,0.72998046875,-0.049072265625,0.5,False,Q
197,nested_carry,85,130,True,0.500244140625,00110011,51,0.999755859375,0.500244140625,0.5001220703125,0.5013204413833041,0.98193359375,1.0,0.242431640625,0.50018310546875,False,0.999755859375,0.9998779296875,0.8758070418639257,1.0,1.0,0.260498046875,0.99981689453125,True,0.500244140625,0.5002034505208334,0.5307714011426453,0.796630859375,0.955078125,0.05712890625,0.5002237955729167,False,Q
197,nested_carry,117,162,True,0.516845703125,00110011,51,0.983154296875,0.502685546875,0.5020751953125,0.5030974151949588,0.980712890625,1.0,0.225830078125,0.50238037109375,False,0.983154296875,0.981689453125,0.8444899764038236,1.0,1.0,0.2451171875,0.982421875,True,0.516845703125,0.5183512369791666,0.5960834450518887,0.96484375,1.0,0.2099609375,0.5175984700520833,False,Q
197,nested_carry,128,173,True,0.58349609375,00110011,51,0.91650390625,0.4970703125,0.4984130859375,0.5021844029175766,0.98486328125,1.0,0.22119140625,0.49774169921875,False,0.91650390625,0.91156005859375,0.8065695924309286,1.0,1.0,0.236328125,0.914031982421875,True,0.58349609375,0.587890625,0.6412276275077649,0.9873046875,1.0,0.2236328125,0.585693359375,False,Q
197,nested_carry,161,206,True,0.978759765625,01010101,85,0.978759765625,0.505126953125,0.5010986328125,0.5030389675323783,0.98046875,1.0,0.21923828125,0.50311279296875,False,0.521240234375,0.52264404296875,0.6182042856265813,0.99951171875,0.999755859375,0.23828125,0.521942138671875,False,0.978759765625,0.9779459635416667,0.8631592519168745,1.0,1.0,0.23876953125,0.9783528645833334,True,Y
197,nested_carry,222,267,True,1.0,01010101,85,1.0,0.5,0.5,0.4994651028657932,0.985595703125,1.0,0.253173828125,0.5,False,0.5,0.5,0.5138501625108446,0.998779296875,0.997802734375,0.266357421875,0.5,False,1.0,1.0,0.9839710866341687,1.0,1.0,0.267578125,1.0,True,Y
197,nested_carry,304,349,True,1.0,01010101,85,1.0,0.5,0.5,0.5000321601977541,0.9873046875,1.0,0.256103515625,0.5,False,0.5,0.5,0.5046741193565376,0.998291015625,0.997802734375,0.26708984375,0.5,False,1.0,1.0,0.9945922031474754,1.0,1.0,0.268798828125,1.0,True,Y
197,nested_carry,418,463,True,1.0,01010101,85,1.0,0.5,0.5,0.5000133365725774,0.989501953125,1.0,0.2568359375,0.5,False,0.5,0.5,0.5020743936494738,0.997802734375,0.998046875,0.26513671875,0.5,False,1.0,1.0,0.9975961606484223,1.0,1.0,0.267333984375,1.0,True,Y
197,nested_carry,575,620,True,1.0,01010101,85,1.0,0.5,0.5,0.5000090459529644,0.990234375,1.0,0.255859375,0.5,False,0.5,0.5,0.5010271993296805,0.9970703125,0.998046875,0.2626953125,0.5,False,1.0,1.0,0.9988119753433573,1.0,1.0,0.265625,1.0,True,Y
197,nested_carry,790,835,True,1.0,01010101,85,1.0,0.5,0.5,0.5000035893256706,0.989990234375,1.0,0.255859375,0.5,False,0.5,0.5,0.5005266221960948,0.997314453125,0.99853515625,0.26318359375,0.5,False,1.0,1.0,0.9993916440091317,1.0,1.0,0.265869140625,1.0,True,Y
197,nested_carry,1024,1069,True,1.0,01010101,85,1.0,0.5,0.5,0.5000023871221422,0.989990234375,1.0,0.26025390625,0.5,False,0.5,0.5,0.5003083890720517,0.9970703125,0.99853515625,0.267333984375,0.5,False,1.0,1.0,0.9996443044912036,1.0,1.0,0.270263671875,1.0,True,Y
197,nested_reset,0,45,True,0.5,00001111,15,1.0,1.0,1.0,0.87923014289584,1.0,1.0,0.403564453125,1.0,True,0.5,0.5,0.519023281861294,0.845703125,0.880859375,0.249267578125,0.5,False,0.5,0.5,0.5023655373441711,0.529541015625,0.527099609375,-0.06689453125,0.5,False,P
197,nested_reset,1,46,True,0.5,00001111,15,1.0,1.0,1.0,0.8573804914319861,1.0,1.0,0.39892578125,1.0,True,0.5,0.5,0.521479190815753,0.85205078125,0.886474609375,0.2509765625,0.5,False,0.5,0.5,0.502667396605457,0.539794921875,0.524169921875,-0.061279296875,0.5,False,P
197,nested_reset,2,47,True,0.5,00001111,15,1.0,1.0,1.0,0.8336186654226415,1.0,1.0,0.396484375,1.0,True,0.5,0.5,0.5239099518093249,0.861572265625,0.890625,0.258056640625,0.5,False,0.5,0.5001220703125,0.5028998959959464,0.532958984375,0.5263671875,-0.070556640625,0.50006103515625,False,P
197,nested_reset,3,48,True,0.5009765625,00001111,15,0.998046875,0.998046875,0.9981689453125,0.8068399272880644,1.0,1.0,0.388671875,0.99810791015625,True,0.501953125,0.50189208984375,0.526580774640197,0.87109375,0.899658203125,0.259765625,0.501922607421875,False,0.5009765625,0.5010172526041666,0.5031440629089486,0.53369140625,0.525390625,-0.07763671875,0.5009969075520833,False,P
197,nested_reset,4,49,True,0.5,00001111,15,0.99462890625,0.99462890625,0.9951171875,0.7809002866312408,1.0,1.0,0.382080078125,0.994873046875,True,0.50537109375,0.50457763671875,0.5292873057388885,0.87890625,0.907958984375,0.260986328125,0.504974365234375,False,0.5,0.5008951822916666,0.5033191739373938,0.5361328125,0.525390625,-0.081787109375,0.5004475911458333,False,P
197,nested_reset,5,50,True,0.500732421875,00001111,15,0.992919921875,0.992919921875,0.9932861328125,0.755335505843745,1.0,1.0,0.3818359375,0.99310302734375,True,0.507080078125,0.5068359375,0.5320738541724839,0.888916015625,0.914794921875,0.270751953125,0.5069580078125,False,0.500732421875,0.5018310546875,0.503452969738104,0.540771484375,0.528076171875,-0.077392578125,0.50128173828125,False,P
197,nested_reset,7,52,True,0.5009765625,00001111,15,0.98291015625,0.98291015625,0.9837646484375,0.7053685145764007,1.0,1.0,0.38671875,0.98333740234375,True,0.51708984375,0.51708984375,0.5375032259740108,0.906005859375,0.9267578125,0.292724609375,0.51708984375,False,0.5009765625,0.5027262369791666,0.5036774117323665,0.544677734375,0.5302734375,-0.068603515625,0.5018513997395833,False,P
197,nested_reset,9,54,True,0.50341796875,00001111,15,0.96875,0.96875,0.97216796875,0.6630314909130459,1.0,1.0,0.37939453125,0.970458984375,True,0.53076171875,0.5289306640625,0.5424975691088487,0.9267578125,0.934326171875,0.30615234375,0.52984619140625,False,0.50341796875,0.5050455729166666,0.503794888206683,0.552490234375,0.53173828125,-0.068115234375,0.5042317708333333,False,P
197,nested_reset,13,58,True,0.51318359375,00001111,15,0.90869140625,0.90869140625,0.907958984375,0.6010688532126973,0.999267578125,1.0,0.375,0.9083251953125,True,0.59130859375,0.58905029296875,0.5517987372969606,0.961181640625,0.95703125,0.3369140625,0.590179443359375,False,0.51318359375,0.5125732421875,0.5039219547650832,0.55419921875,0.54248046875,-0.070068359375,0.51287841796875,False,P
197,nested_reset,17,62,True,0.517578125,00000011,3,0.884765625,0.7607421875,0.75927734375,0.5645914762242575,0.995361328125,1.0,0.352783203125,0.760009765625,False,0.7294921875,0.72515869140625,0.5622697961112324,0.983642578125,0.97216796875,0.341064453125,0.727325439453125,False,0.517578125,0.5176595052083334,0.5040088208937398,0.553955078125,0.546630859375,-0.088623046875,0.5176188151041667,False,mixed_or_none
197,nested_reset,24,69,True,0.508056640625,00110011,51,0.883544921875,0.590087890625,0.5865478515625,0.5334720060485523,0.991455078125,1.0,0.333740234375,0.58831787109375,False,0.883544921875,0.8807373046875,0.59095437835654,0.998291015625,0.991455078125,0.340576171875,0.88214111328125,False,0.508056640625,0.5081787109375,0.5044343642007061,0.552734375,0.559814453125,-0.10498046875,0.50811767578125,False,mixed_or_none
197,nested_reset,33,78,True,0.506103515625,00110011,51,0.988525390625,0.509033203125,0.509033203125,0.5159166024075514,0.9921875,1.0,0.319091796875,0.509033203125,False,0.988525390625,0.98699951171875,0.6571777449255496,1.0,1.0,0.326904296875,0.987762451171875,True,0.506103515625,0.5054931640625,0.5050786703193907,0.54736328125,0.5732421875,-0.125732421875,0.50579833984375,False,Q
197,nested_reset,45,90,True,0.5,00110011,51,1.0,0.5,0.5,0.5042781223419704,0.994384765625,1.0,0.3095703125,0.5,False,1.0,1.0,0.7962029141553912,1.0,1.0,0.315185546875,1.0,True,0.5,0.5,0.5062978198454371,0.565673828125,0.593017578125,-0.119140625,0.5,False,Q
197,nested_reset,62,107,True,0.5,00110011,51,1.0,0.5,0.5,0.5036390908962546,0.99658203125,1.0,0.31298828125,0.5,False,1.0,1.0,0.9109739829639131,1.0,1.0,0.31640625,1.0,True,0.5,0.5,0.5071901315111157,0.622314453125,0.6826171875,-0.061279296875,0.5,False,Q
197,nested_reset,85,130,True,0.5,00110011,51,1.0,0.5,0.5,0.5005989191482448,0.995361328125,1.0,0.302734375,0.5,False,1.0,1.0,0.8842623148373022,1.0,1.0,0.307373046875,1.0,True,0.5,0.5,0.522643524639128,0.753662109375,0.908935546875,0.06103515625,0.5,False,Q
197,nested_reset,117,162,True,0.50732421875,00110011,51,0.99267578125,0.50146484375,0.50048828125,0.5032412053304958,0.995361328125,1.0,0.24951171875,0.5009765625,False,0.99267578125,0.9918212890625,0.856312065875683,1.0,1.0,0.254150390625,0.99224853515625,True,0.50732421875,0.5080159505208334,0.5787109485766483,0.963134765625,1.0,0.21728515625,0.5076700846354167,False,Q
197,nested_reset,128,173,True,0.549072265625,00110011,51,0.950927734375,0.499755859375,0.4984130859375,0.5013483286946742,0.99658203125,1.0,0.2421875,0.49908447265625,False,0.950927734375,0.94769287109375,0.8242181387357067,1.0,1.0,0.24560546875,0.949310302734375,True,0.549072265625,0.5518798828125,0.6190372888234907,0.995361328125,1.0,0.240966796875,0.55047607421875,False,Q
197,nested_reset,161,206,True,0.9755859375,01010101,85,0.9755859375,0.50341796875,0.5006103515625,0.5028337868899703,0.998046875,1.0,0.252197265625,0.50201416015625,False,0.5244140625,0.52764892578125,0.6330710790442486,1.0,1.0,0.254150390625,0.526031494140625,False,0.9755859375,0.9728190104166667,0.8473431773571454,1.0,1.0,0.254150390625,0.9742024739583334,True,Y
197,nested_reset,222,267,True,1.0,01010101,85,1.0,0.5,0.5,0.499731454429927,0.999267578125,1.0,0.264892578125,0.5,False,0.5,0.5,0.5156295474037206,0.998291015625,0.998291015625,0.263916015625,0.5,False,1.0,1.0,0.9820361221662364,1.0,1.0,0.265625,1.0,True,Y
197,nested_reset,304,349,True,1.0,01010101,85,1.0,0.5,0.5,0.5000697603509179,0.99951171875,1.0,0.26953125,0.5,False,0.5,0.5,0.5051779649711043,0.99755859375,0.998046875,0.267578125,0.5,False,1.0,1.0,0.9940570885160471,1.0,1.0,0.27001953125,1.0,True,Y
197,nested_reset,418,463,True,1.0,01010101,85,1.0,0.5,0.5,0.5000202055395652,0.99951171875,1.0,0.273193359375,0.5,False,0.5,0.5,0.5021986134602184,0.996826171875,0.997314453125,0.2705078125,0.5,False,1.0,1.0,0.9974674179262866,1.0,1.0,0.273681640625,1.0,True,Y
197,nested_reset,575,620,True,1.0,01010101,85,1.0,0.5,0.5,0.5000083125148355,0.99951171875,1.0,0.283935546875,0.5,False,0.5,0.5,0.5010488127575603,0.9970703125,0.997314453125,0.281494140625,0.5,False,1.0,1.0,0.9987925203752255,1.0,1.0,0.284423828125,1.0,True,Y
197,nested_reset,790,835,True,1.0,01010101,85,1.0,0.5,0.5,0.5000013856738943,0.999755859375,1.0,0.286865234375,0.5,False,0.5,0.5,0.5005218057820474,0.996826171875,0.9970703125,0.283935546875,0.5,False,1.0,1.0,0.999399631891162,1.0,1.0,0.287109375,1.0,True,Y
197,nested_reset,1024,1069,True,1.0,01010101,85,1.0,0.5,0.5,0.500000617919417,0.999755859375,1.0,0.288330078125,0.5,False,0.5,0.5,0.5003000736462371,0.996337890625,0.9970703125,0.284912109375,0.5,False,1.0,1.0,0.9996551397519851,1.0,1.0,0.28857421875,1.0,True,Y
197,scratch,0,45,True,0.49853515625,11110000,240,0.5693359375,0.4306640625,0.4398193359375,0.4974342131707942,0.955810546875,1.0,0.363525390625,0.43524169921875,False,0.49658203125,0.4957275390625,0.4999565366865118,0.7041015625,0.759033203125,0.11181640625,0.49615478515625,False,0.49853515625,0.494873046875,0.49992626672074497,0.53369140625,0.523193359375,-0.05859375,0.4967041015625,False,mixed_or_none
197,scratch,1,46,True,0.499267578125,11111111,255,0.782470703125,0.458251953125,0.472900390625,0.49905330952255733,0.955322265625,1.0,0.361328125,0.465576171875,False,0.502197265625,0.50189208984375,0.5006201775325705,0.71044921875,0.758056640625,0.116455078125,0.502044677734375,False,0.499267578125,0.5022786458333334,0.49999874137637546,0.535888671875,0.521728515625,-0.05810546875,0.5007731119791667,False,mixed_or_none
197,scratch,2,47,True,0.496337890625,11111111,255,0.888916015625,0.477294921875,0.4881591796875,0.5000134048913477,0.956787109375,1.0,0.37060546875,0.48272705078125,False,0.513916015625,0.512939453125,0.5014354652547522,0.724609375,0.755859375,0.138427734375,0.513427734375,False,0.496337890625,0.5028483072916666,0.5000999139404853,0.545166015625,0.52197265625,-0.041015625,0.4995930989583333,False,mixed_or_none
197,scratch,3,48,True,0.506591796875,11111111,255,0.950927734375,0.480712890625,0.484619140625,0.5000314936301588,0.95654296875,0.9990234375,0.372802734375,0.482666015625,False,0.517822265625,0.517333984375,0.5023934186681664,0.744140625,0.756591796875,0.160400390625,0.517578125,False,0.506591796875,0.5049641927083334,0.5001986988403014,0.542724609375,0.52099609375,-0.041015625,0.5057779947916667,False,mixed_or_none
197,scratch,4,49,True,0.497802734375,11111111,255,0.869384765625,0.478759765625,0.48095703125,0.49986729199327223,0.959228515625,0.9990234375,0.37646484375,0.4798583984375,False,0.545654296875,0.542724609375,0.5034754909514277,0.7626953125,0.76123046875,0.179931640625,0.544189453125,False,0.497802734375,0.5035400390625,0.5002930214598463,0.542236328125,0.519775390625,-0.04052734375,0.50067138671875,False,mixed_or_none
197,scratch,5,50,True,0.48681640625,11111111,255,0.6884765625,0.48876953125,0.481201171875,0.4991460802325514,0.9599609375,0.9990234375,0.370361328125,0.4849853515625,False,0.5830078125,0.5792236328125,0.5046845157577124,0.7841796875,0.76513671875,0.194580078125,0.58111572265625,False,0.48681640625,0.5040283203125,0.5003794394089623,0.53857421875,0.519775390625,-0.051025390625,0.49542236328125,False,mixed_or_none
197,scratch,7,52,True,0.496826171875,00110001,49,0.607666015625,0.476806640625,0.476806640625,0.4978215780070378,0.960205078125,0.9990234375,0.3662109375,0.476806640625,False,0.606201171875,0.604248046875,0.5074388428166499,0.834716796875,0.773681640625,0.24072265625,0.605224609375,False,0.496826171875,0.50537109375,0.5005383651365364,0.533935546875,0.52001953125,-0.06005859375,0.5010986328125,False,mixed_or_none
197,scratch,9,54,True,0.504150390625,00110001,49,0.652099609375,0.488037109375,0.4859619140625,0.4979899867456253,0.960205078125,0.998779296875,0.366943359375,0.48699951171875,False,0.648681640625,0.64154052734375,0.5107058211594292,0.880126953125,0.787109375,0.286865234375,0.645111083984375,False,0.504150390625,0.508544921875,0.500702175235248,0.54541015625,0.52001953125,-0.0478515625,0.50634765625,False,mixed_or_none
197,scratch,13,58,True,0.51123046875,00110011,51,0.72216796875,0.486328125,0.480224609375,0.496979686376302,0.958251953125,0.998779296875,0.3642578125,0.4832763671875,False,0.72216796875,0.7139892578125,0.5198943212228728,0.956298828125,0.816162109375,0.3623046875,0.71807861328125,False,0.51123046875,0.5109049479166666,0.5010321808673077,0.5546875,0.516845703125,-0.039306640625,0.5110677083333333,False,mixed_or_none
197,scratch,17,62,True,0.517822265625,00010000,16,0.753173828125,0.484130859375,0.477294921875,0.49521856484003074,0.957763671875,0.99853515625,0.36181640625,0.480712890625,False,0.729736328125,0.72467041015625,0.5342081035875664,0.990966796875,0.846435546875,0.39501953125,0.727203369140625,False,0.517822265625,0.51513671875,0.5014681002373351,0.551025390625,0.521728515625,-0.044921875,0.5164794921875,False,mixed_or_none
197,scratch,24,69,True,0.51220703125,00110011,51,0.91845703125,0.4794921875,0.47900390625,0.4938622212064644,0.960205078125,0.998779296875,0.3408203125,0.479248046875,False,0.91845703125,0.91644287109375,0.5791066351182003,1.0,0.92041015625,0.380615234375,0.917449951171875,True,0.51220703125,0.5109456380208334,0.5023439907338202,0.570068359375,0.52392578125,-0.04931640625,0.5115763346354167,False,Q
197,scratch,33,78,True,0.5,00110011,51,0.99853515625,0.49951171875,0.4996337890625,0.4909714603103945,0.966064453125,0.999267578125,0.32470703125,0.49957275390625,False,0.99853515625,0.99749755859375,0.6914201640330248,1.0,0.984130859375,0.358642578125,0.998016357421875,True,0.5,0.50048828125,0.502857774260322,0.597412109375,0.525146484375,-0.0439453125,0.500244140625,False,Q
197,scratch,45,90,True,0.5,00110011,51,1.0,0.5,0.5,0.49890493082558174,0.957763671875,0.999267578125,0.284423828125,0.5,False,1.0,1.0,0.8624197862576449,1.0,1.0,0.32666015625,1.0,True,0.5,0.5,0.5030872257464767,0.620361328125,0.543212890625,-0.052978515625,0.5,False,Q
197,scratch,62,107,True,0.5,00110011,51,1.0,0.5,0.5,0.5039043180579429,0.93701171875,0.998046875,0.263916015625,0.5,False,1.0,1.0,0.9148093928307384,1.0,1.0,0.326904296875,1.0,True,0.5,0.5,0.5057256707239807,0.700927734375,0.607421875,0.02783203125,0.5,False,Q
197,scratch,85,130,True,0.500244140625,00110011,51,0.999755859375,0.500244140625,0.500244140625,0.5001223458764242,0.901611328125,0.99609375,0.2001953125,0.500244140625,False,0.999755859375,0.99945068359375,0.8741802516282311,1.0,1.0,0.298583984375,0.999603271484375,True,0.500244140625,0.5004069010416666,0.5271090534332836,0.866455078125,0.821044921875,0.1650390625,0.5003255208333333,False,Q
197,scratch,117,162,True,0.57958984375,00110011,51,0.92041015625,0.50537109375,0.503662109375,0.5017859102413758,0.890869140625,0.9912109375,0.15771484375,0.5045166015625,False,0.92041015625,0.91790771484375,0.8239814895923027,1.0,1.0,0.266845703125,0.919158935546875,True,0.57958984375,0.580322265625,0.613754355611929,0.990234375,0.969482421875,0.257080078125,0.5799560546875,False,Q
197,scratch,128,173,True,0.612548828125,00110011,51,0.887451171875,0.503173828125,0.503662109375,0.501606192631407,0.881103515625,0.98779296875,0.15283203125,0.50341796875,False,0.887451171875,0.88348388671875,0.7926235345445292,1.0,0.999755859375,0.271728515625,0.885467529296875,False,0.612548828125,0.6129150390625,0.6614946251109508,0.998291015625,0.993896484375,0.27001953125,0.61273193359375,False,mixed_or_none
197,scratch,161,206,True,0.995361328125,01010101,85,0.995361328125,0.501708984375,0.499755859375,0.5003269406524934,0.8388671875,0.97998046875,0.093017578125,0.500732421875,False,0.504638671875,0.506103515625,0.5928656191013912,1.0,0.998046875,0.254150390625,0.50537109375,False,0.995361328125,0.9949951171875,0.894000659264717,1.0,1.0,0.254150390625,0.99517822265625,True,Y
197,scratch,222,267,True,1.0,01010101,85,1.0,0.5,0.5,0.4995416620265757,0.832763671875,0.981689453125,0.066650390625,0.5,False,0.5,0.5,0.5116096625020116,0.999755859375,0.993896484375,0.233642578125,0.5,False,1.0,1.0,0.9868093750103484,1.0,1.0,0.23388671875,1.0,True,Y
197,scratch,304,349,True,1.0,01010101,85,1.0,0.5,0.5,0.4999889477369532,0.843017578125,0.980712890625,0.078369140625,0.5,False,0.5,0.5,0.5039243800272095,0.99951171875,0.99365234375,0.23486328125,0.5,False,1.0,1.0,0.9955103010799589,1.0,1.0,0.2353515625,1.0,True,Y
197,scratch,418,463,True,1.0,01010101,85,1.0,0.5,0.5,0.4999948457363172,0.843994140625,0.980224609375,0.084716796875,0.5,False,0.5,0.5,0.5017144854566228,0.999267578125,0.9931640625,0.239990234375,0.5,False,1.0,1.0,0.9980287870680178,1.0,1.0,0.24072265625,1.0,True,Y
197,scratch,575,620,True,1.0,01010101,85,1.0,0.5,0.5,0.49999782791806735,0.84814453125,0.981201171875,0.090576171875,0.5,False,0.5,0.5,0.5008228665315589,0.999267578125,0.99169921875,0.24169921875,0.5,False,1.0,1.0,0.9990508115942889,1.0,1.0,0.242431640625,1.0,True,Y
197,scratch,790,835,True,1.0,01010101,85,1.0,0.5,0.5,0.4999981749141055,0.853271484375,0.98193359375,0.09765625,0.5,False,0.5,0.5,0.5004166874724529,0.9990234375,0.991455078125,0.243408203125,0.5,False,1.0,1.0,0.9995189735641639,1.0,1.0,0.244384765625,1.0,True,Y
197,scratch,1024,1069,True,1.0,01010101,85,1.0,0.5,0.5,0.49999900360782645,0.855712890625,0.981689453125,0.09716796875,0.5,False,0.5,0.5,0.5002421524010235,0.9990234375,0.991455078125,0.240478515625,0.5,False,1.0,1.0,0.9997203712557332,1.0,1.0,0.241455078125,1.0,True,Y
197,sham,0,45,True,0.503662109375,11111111,255,0.954833984375,0.470458984375,0.4744873046875,0.4974156131498169,0.899169921875,0.99853515625,0.3291015625,0.47247314453125,False,0.494873046875,0.49737548828125,0.4997399617152333,0.669189453125,0.74072265625,0.09912109375,0.496124267578125,False,0.503662109375,0.5022786458333334,0.5000678242434626,0.532470703125,0.5224609375,-0.03759765625,0.5029703776041667,False,mixed_or_none
197,sham,1,46,True,0.500244140625,11111111,255,0.986083984375,0.488525390625,0.491455078125,0.49788541081860493,0.89697265625,0.998291015625,0.327392578125,0.489990234375,False,0.500732421875,0.5035400390625,0.5001566619853282,0.674560546875,0.73486328125,0.10498046875,0.50213623046875,False,0.500244140625,0.4998779296875,0.5001537052923568,0.538330078125,0.52392578125,-0.03125,0.50006103515625,False,mixed_or_none
197,sham,2,47,True,0.501708984375,11111111,255,0.971435546875,0.479736328125,0.48193359375,0.49804855291894023,0.90185546875,0.998291015625,0.333984375,0.4808349609375,False,0.515380859375,0.51556396484375,0.5006030104409266,0.681640625,0.732177734375,0.11376953125,0.515472412109375,False,0.501708984375,0.5007731119791666,0.5002372815583227,0.53564453125,0.525146484375,-0.0322265625,0.5012410481770833,False,mixed_or_none
197,sham,3,48,True,0.4990234375,11111111,255,0.9599609375,0.47412109375,0.47607421875,0.4977582419734769,0.90283203125,0.998291015625,0.330078125,0.47509765625,False,0.5244140625,0.523681640625,0.5010949140034717,0.698486328125,0.732421875,0.125732421875,0.5240478515625,False,0.4990234375,0.4991861979166667,0.5003213930390646,0.541015625,0.52685546875,-0.03173828125,0.49910481770833337,False,mixed_or_none
197,sham,4,49,True,0.49755859375,11111111,255,0.8994140625,0.45361328125,0.45458984375,0.4974698072268816,0.908203125,0.998291015625,0.332763671875,0.4541015625,False,0.53955078125,0.540283203125,0.5016472369094492,0.713134765625,0.736328125,0.1376953125,0.5399169921875,False,0.49755859375,0.5027262369791666,0.5004076057561472,0.54150390625,0.52490234375,-0.033935546875,0.5001424153645833,False,mixed_or_none
197,sham,5,50,True,0.49951171875,11111111,255,0.75341796875,0.427734375,0.4227294921875,0.49693883559411467,0.91064453125,0.998291015625,0.33056640625,0.42523193359375,False,0.55712890625,0.5552978515625,0.5022643512680404,0.7353515625,0.7353515625,0.1552734375,0.55621337890625,False,0.49951171875,0.5088297526041666,0.50049822337035,0.55029296875,0.52099609375,-0.02978515625,0.5041707356770833,False,mixed_or_none
197,sham,7,52,True,0.507568359375,10110000,176,0.589111328125,0.413330078125,0.401123046875,0.49612412943858203,0.915771484375,0.998291015625,0.331298828125,0.4072265625,False,0.572509765625,0.57647705078125,0.5036779870494567,0.781494140625,0.740234375,0.197021484375,0.574493408203125,False,0.507568359375,0.515380859375,0.5007015202755573,0.55859375,0.52001953125,-0.02587890625,0.511474609375,False,mixed_or_none
197,sham,9,54,True,0.514404296875,00110000,48,0.638427734375,0.428466796875,0.4210205078125,0.4962786078174608,0.92041015625,0.998046875,0.327880859375,0.42474365234375,False,0.597900390625,0.6004638671875,0.5053676883717844,0.834228515625,0.7490234375,0.24169921875,0.59918212890625,False,0.514404296875,0.5198974609375,0.5009201664865323,0.566162109375,0.5185546875,-0.0263671875,0.51715087890625,False,mixed_or_none
197,sham,13,58,True,0.525146484375,00010000,16,0.747802734375,0.466552734375,0.4552001953125,0.4962782743793151,0.9228515625,0.997314453125,0.32373046875,0.46087646484375,False,0.650634765625,0.6490478515625,0.5103084475015338,0.920166015625,0.78076171875,0.321044921875,0.64984130859375,False,0.525146484375,0.5222574869791666,0.5014641713546426,0.587158203125,0.51953125,-0.011962890625,0.5237019856770833,False,mixed_or_none
197,sham,17,62,True,0.531494140625,00000000,0,0.843505859375,0.481689453125,0.476318359375,0.49552702119198266,0.925048828125,0.996826171875,0.316650390625,0.47900390625,False,0.618408203125,0.61968994140625,0.5183508020465485,0.97802734375,0.8134765625,0.36962890625,0.619049072265625,False,0.531494140625,0.5277099609375,0.502298976828406,0.6220703125,0.525634765625,0.013671875,0.52960205078125,False,mixed_or_none
197,sham,24,69,True,0.537841796875,00110001,49,0.787353515625,0.473388671875,0.4678955078125,0.49477456803309094,0.92236328125,0.997314453125,0.29638671875,0.47064208984375,False,0.775634765625,0.771240234375,0.5461189630577283,0.999755859375,0.884521484375,0.373779296875,0.7734375,False,0.537841796875,0.5361735026041666,0.5045536064427982,0.681884765625,0.53173828125,0.055908203125,0.5370076497395833,False,mixed_or_none
197,sham,33,78,True,0.509521484375,00110011,51,0.983642578125,0.498779296875,0.4986572265625,0.4928874024827897,0.90869140625,0.998779296875,0.26708984375,0.49871826171875,False,0.983642578125,0.9833984375,0.6266430952295311,1.0,0.972900390625,0.3583984375,0.9835205078125,True,0.509521484375,0.5088297526041666,0.508241851442009,0.751953125,0.5400390625,0.1103515625,0.5091756184895833,False,Q
197,sham,45,90,True,0.5,00110011,51,1.0,0.5,0.5,0.49688341344089487,0.91015625,0.99951171875,0.25048828125,0.5,False,1.0,1.0,0.8156197049037609,1.0,0.999267578125,0.34033203125,1.0,True,0.5,0.5,0.5131182356800087,0.835205078125,0.5810546875,0.175537109375,0.5,False,Q
197,sham,62,107,True,0.5,00110011,51,1.0,0.5,0.5,0.5045768787183301,0.900634765625,0.999755859375,0.21240234375,0.5,False,1.0,0.99993896484375,0.9072959978368543,1.0,1.0,0.311767578125,0.999969482421875,True,0.5,0.5,0.5206444050688535,0.953857421875,0.682861328125,0.265625,0.5,False,Q
197,sham,85,130,True,0.54931640625,00110011,51,0.95068359375,0.49755859375,0.4974365234375,0.4983195317130383,0.853271484375,0.996826171875,0.125732421875,0.49749755859375,False,0.95068359375,0.95074462890625,0.8201957532057519,1.0,0.99951171875,0.2724609375,0.950714111328125,True,0.54931640625,0.5498453776041666,0.6023592698678202,0.994873046875,0.879638671875,0.267333984375,0.5495808919270833,False,Q
197,sham,117,162,True,0.870361328125,00010101,21,0.871337890625,0.500244140625,0.4986572265625,0.49950235739532084,0.84521484375,0.992431640625,0.114501953125,0.49945068359375,False,0.629638671875,0.62738037109375,0.661571489646191,1.0,0.99658203125,0.269287109375,0.628509521484375,False,0.870361328125,0.8701578776041667,0.8149648207810889,1.0,1.0,0.269287109375,0.8702596028645834,False,mixed_or_none
197,sham,128,173,True,0.994384765625,01010101,85,0.994384765625,0.501220703125,0.5003662109375,0.49861908679261985,0.840087890625,0.990966796875,0.10595703125,0.50079345703125,False,0.505615234375,0.50482177734375,0.5881142538493144,1.0,0.9951171875,0.265869140625,0.505218505859375,False,0.994384765625,0.9940185546875,0.8963808409411804,1.0,1.0,0.265869140625,0.99420166015625,True,Y
197,sham,161,206,True,1.0,01010101,85,1.0,0.5,0.5,0.4996265908364674,0.826171875,0.990966796875,0.075439453125,0.5,False,0.5,0.5,0.5212969858944074,1.0,0.9931640625,0.249267578125,0.5,False,1.0,1.0,0.9752204513426006,1.0,1.0,0.249267578125,1.0,True,Y
197,sham,222,267,True,1.0,01010101,85,1.0,0.5,0.5,0.4998974186741362,0.820556640625,0.9892578125,0.079833984375,0.5,False,0.5,0.5,0.50613210669023,1.0,0.9921875,0.25927734375,0.5,False,1.0,1.0,0.9928531805893417,1.0,1.0,0.25927734375,1.0,True,Y
197,sham,304,349,True,1.0,01010101,85,1.0,0.5,0.5,0.4999962323664253,0.810791015625,0.98876953125,0.072998046875,0.5,False,0.5,0.5,0.5025406628605639,1.0,0.99072265625,0.26220703125,0.5,False,1.0,1.0,0.9969963953972798,1.0,1.0,0.26220703125,1.0,True,Y
197,sham,418,463,True,1.0,01010101,85,1.0,0.5,0.5,0.49999554163272153,0.8037109375,0.98974609375,0.0673828125,0.5,False,0.5,0.5,0.5012124979160166,1.0,0.989501953125,0.263671875,0.5,False,1.0,1.0,0.9985600234543757,1.0,1.0,0.263671875,1.0,True,Y
197,sham,575,620,True,1.0,01010101,85,1.0,0.5,0.5,0.4999990996160878,0.7978515625,0.989990234375,0.06884765625,0.5,False,0.5,0.5,0.5006118748401648,1.0,0.98876953125,0.27099609375,0.5,False,1.0,1.0,0.9992718476289209,1.0,1.0,0.27099609375,1.0,True,Y
197,sham,790,835,True,1.0,01010101,85,1.0,0.5,0.5,0.4999995993760238,0.79541015625,0.990478515625,0.067138671875,0.5,False,0.5,0.5,0.5003151554556263,1.0,0.98779296875,0.271728515625,0.5,False,1.0,1.0,0.9996245285298411,1.0,1.0,0.271728515625,1.0,True,Y
197,sham,1024,1069,True,1.0,01010101,85,1.0,0.5,0.5,0.5000000660798767,0.79638671875,0.99072265625,0.073974609375,0.5,False,0.5,0.5,0.5001842868221725,0.999755859375,0.987548828125,0.27734375,0.5,False,1.0,1.0,0.9997804122297469,1.0,1.0,0.277587890625,1.0,True,Y
199,independent_carry,0,45,True,0.5,00001111,15,1.0,1.0,0.9998779296875,0.8941367124229653,1.0,1.0,0.39794921875,0.99993896484375,True,0.5,0.50018310546875,0.5420184110916886,0.96337890625,0.89892578125,0.361328125,0.500091552734375,False,0.5,0.4999186197916667,0.5009781277187922,0.51513671875,0.5068359375,-0.0869140625,0.49995930989583337,False,P
199,independent_carry,1,46,True,0.499755859375,00001111,15,0.999755859375,0.999755859375,0.99951171875,0.885435288749967,1.0,1.0,0.3994140625,0.9996337890625,True,0.500244140625,0.5003662109375,0.5463800398368639,0.97216796875,0.90625,0.37158203125,0.50030517578125,False,0.499755859375,0.4998779296875,0.5010358505234156,0.51708984375,0.5068359375,-0.08349609375,0.49981689453125,False,P
199,independent_carry,2,47,True,0.49951171875,00001111,15,0.99951171875,0.99951171875,0.9993896484375,0.8726133368975701,1.0,1.0,0.396484375,0.99945068359375,True,0.50048828125,0.50054931640625,0.5519485305092423,0.97705078125,0.91162109375,0.37353515625,0.500518798828125,False,0.49951171875,0.4997965494791667,0.5010906381286748,0.520263671875,0.50732421875,-0.083251953125,0.49965413411458337,False,P
199,independent_carry,3,48,True,0.499755859375,00001111,15,0.999267578125,0.999267578125,0.9991455078125,0.8554774518734635,1.0,1.0,0.393798828125,0.99920654296875,True,0.500732421875,0.500732421875,0.5588116368659213,0.97998046875,0.921142578125,0.373779296875,0.500732421875,False,0.499755859375,0.4997965494791667,0.5011549405042823,0.526123046875,0.508056640625,-0.080078125,0.49977620442708337,False,P
199,independent_carry,4,49,True,0.49951171875,00001111,15,0.9990234375,0.9990234375,0.9981689453125,0.8342524407203531,1.0,1.0,0.3896484375,0.99859619140625,True,0.5009765625,0.50115966796875,0.5668315204452702,0.984619140625,0.931396484375,0.374267578125,0.501068115234375,False,0.49951171875,0.4998372395833333,0.5012296639475886,0.52880859375,0.507568359375,-0.08154296875,0.49967447916666663,False,P
199,independent_carry,5,50,True,0.4990234375,00001111,15,0.9951171875,0.9951171875,0.9952392578125,0.8098309034950282,1.0,1.0,0.389404296875,0.99517822265625,True,0.5048828125,0.5040283203125,0.5754103847679841,0.987060546875,0.938720703125,0.37646484375,0.50445556640625,False,0.4990234375,0.4998779296875,0.5012952860801527,0.533203125,0.509765625,-0.077392578125,0.49945068359375,False,P
199,independent_carry,7,52,True,0.4970703125,00001111,15,0.97216796875,0.97216796875,0.9752197265625,0.7555743887444017,1.0,1.0,0.393310546875,0.97369384765625,True,0.52783203125,0.5263671875,0.592547164838458,0.990478515625,0.953857421875,0.3837890625,0.527099609375,False,0.4970703125,0.5001627604166666,0.501399570931459,0.530517578125,0.508544921875,-0.076171875,0.4986165364583333,False,P
199,independent_carry,9,54,True,0.501220703125,00001111,15,0.917724609375,0.917724609375,0.9190673828125,0.7029633852274199,1.0,1.0,0.386474609375,0.91839599609375,True,0.582275390625,0.58013916015625,0.608139989070165,0.99609375,0.96435546875,0.382568359375,0.581207275390625,False,0.501220703125,0.5034586588541666,0.5014033475452051,0.5322265625,0.507080078125,-0.081298828125,0.5023396809895833,False,P
199,independent_carry,13,58,True,0.50390625,00110011,51,0.80029296875,0.69677734375,0.7022705078125,0.6144875278873712,0.999755859375,1.0,0.362060546875,0.69952392578125,False,0.80029296875,0.79736328125,0.6357223641114477,0.999755859375,0.985107421875,0.362060546875,0.798828125,False,0.50390625,0.5028076171875,0.5011995641702258,0.528564453125,0.506591796875,-0.109130859375,0.50335693359375,False,mixed_or_none
199,independent_carry,17,62,True,0.504150390625,00110011,51,0.940185546875,0.555908203125,0.5546875,0.5565249017686962,0.999755859375,1.0,0.353515625,0.5552978515625,False,0.940185546875,0.94207763671875,0.6644405553484657,1.0,0.995361328125,0.353759765625,0.941131591796875,True,0.504150390625,0.5023600260416666,0.5009590821610077,0.521240234375,0.505615234375,-0.125,0.5032552083333333,False,Q
199,independent_carry,24,69,True,0.500244140625,00110011,51,0.998291015625,0.501708984375,0.500732421875,0.5064214127639521,0.99951171875,1.0,0.351806640625,0.501220703125,False,0.998291015625,0.9981689453125,0.7363551800524142,1.0,1.0,0.352294921875,0.99822998046875,True,0.500244140625,0.5002034505208334,0.5006770526428143,0.531005859375,0.503662109375,-0.11669921875,0.5002237955729167,False,Q
199,independent_carry,33,78,True,0.5,00110011,51,1.0,0.5,0.5,0.4917395018818902,0.999267578125,1.0,0.347412109375,0.5,False,1.0,1.0,0.8440955138616048,1.0,1.0,0.34814453125,1.0,True,0.5,0.5,0.5004826795519816,0.53466796875,0.50390625,-0.1171875,0.5,False,Q
199,independent_carry,45,90,True,0.5,00110011,51,1.0,0.5,0.5,0.491423584230754,0.997314453125,1.0,0.35888671875,0.5,False,1.0,1.0,0.9120279607107061,1.0,1.0,0.361572265625,1.0,True,0.5,0.5,0.5003738576744963,0.537109375,0.504150390625,-0.101318359375,0.5,False,Q
199,independent_carry,62,107,True,0.5,00110011,51,1.0,0.5,0.5,0.49427748741464544,0.994384765625,1.0,0.343994140625,0.5,False,1.0,1.0,0.8979489924528266,1.0,1.0,0.349609375,1.0,True,0.5,0.4999593098958333,0.5006708015502721,0.552490234375,0.505126953125,-0.097900390625,0.49997965494791663,False,Q
199,independent_carry,85,130,True,0.5,00110011,51,1.0,0.5,0.5,0.5055386132740026,0.9912109375,1.0,0.322998046875,0.5,False,1.0,1.0,0.8945697392778671,1.0,1.0,0.331787109375,1.0,True,0.5,0.5,0.5012704142377544,0.578857421875,0.51806640625,-0.08935546875,0.5,False,Q
199,independent_carry,117,162,True,0.5,00110011,51,1.0,0.5,0.5,0.5001999968626362,0.991943359375,1.0,0.3173828125,0.5,False,1.0,1.0,0.8962574191439932,1.0,1.0,0.325439453125,1.0,True,0.5,0.5,0.5032384108351461,0.665771484375,0.5498046875,-0.0087890625,0.5,False,Q
199,independent_carry,128,173,True,0.5,00110011,51,1.0,0.5,0.5,0.5012164683575308,0.98876953125,1.0,0.32080078125,0.5,False,1.0,1.0,0.9007862060112757,1.0,1.0,0.33203125,1.0,True,0.5,0.5,0.5047228884429822,0.729736328125,0.5888671875,0.061767578125,0.5,False,Q
199,independent_carry,161,206,True,0.500244140625,00110011,51,0.999755859375,0.500244140625,0.5,0.4999728003235637,0.978271484375,1.0,0.304443359375,0.5001220703125,False,0.999755859375,0.99981689453125,0.8794705055503473,1.0,1.0,0.326171875,0.999786376953125,True,0.500244140625,0.5001220703125,0.5214383164000698,0.940673828125,0.769287109375,0.266845703125,0.50018310546875,False,Q
199,independent_carry,222,267,True,0.808349609375,01010101,85,0.808349609375,0.505126953125,0.5052490234375,0.5031015905119636,0.98193359375,1.0,0.267333984375,0.50518798828125,False,0.691650390625,0.69207763671875,0.7077716452420669,1.0,1.0,0.285400390625,0.691864013671875,False,0.808349609375,0.8096110026041667,0.7592240641601131,1.0,0.97216796875,0.285400390625,0.8089803059895834,False,mixed_or_none
199,independent_carry,304,349,True,1.0,01010101,85,1.0,0.5,0.5,0.500306963777103,0.984619140625,1.0,0.247314453125,0.5,False,0.5,0.5,0.5132075926631142,1.0,1.0,0.2626953125,0.5,False,1.0,1.0,0.9851578241059207,1.0,0.99755859375,0.2626953125,1.0,True,Y
199,independent_carry,418,463,True,1.0,01010101,85,1.0,0.5,0.5,0.5000359457635701,0.986572265625,1.0,0.249755859375,0.5,False,0.5,0.5,0.5038825548385701,1.0,1.0,0.26318359375,0.5,False,1.0,1.0,0.9956465875818343,1.0,0.99951171875,0.26318359375,1.0,True,Y
199,independent_carry,575,620,True,1.0,01010101,85,1.0,0.5,0.5,0.5000039190734936,0.987548828125,1.0,0.246337890625,0.5,False,0.5,0.5,0.5016062216058166,1.0,1.0,0.2587890625,0.5,False,1.0,1.0,0.9982024007416508,1.0,0.999755859375,0.2587890625,1.0,True,Y
199,independent_carry,790,835,True,1.0,01010101,85,1.0,0.5,0.5,0.5000040061959583,0.98681640625,1.0,0.23583984375,0.5,False,0.5,0.5,0.5007436616875044,1.0,1.0,0.2490234375,0.5,False,1.0,1.0,0.9991668771122577,1.0,1.0,0.2490234375,1.0,True,Y
199,independent_carry,1024,1069,True,1.0,01010101,85,1.0,0.5,0.5,0.5000024122367096,0.98779296875,1.0,0.231689453125,0.5,False,0.5,0.5,0.5004074141181342,1.0,1.0,0.243896484375,0.5,False,1.0,1.0,0.9995432737539411,1.0,1.0,0.243896484375,1.0,True,Y
199,independent_reset,0,45,True,0.5,00001111,15,1.0,1.0,0.9998779296875,0.8941367124229653,1.0,1.0,0.39794921875,0.99993896484375,True,0.5,0.50018310546875,0.5420184110916886,0.96337890625,0.89892578125,0.361328125,0.500091552734375,False,0.5,0.4999186197916667,0.5009781277187922,0.51513671875,0.5068359375,-0.0869140625,0.49995930989583337,False,P
199,independent_reset,1,46,True,0.5,00001111,15,0.99951171875,0.99951171875,0.9991455078125,0.8742957353611764,1.0,1.0,0.39599609375,0.99932861328125,True,0.50048828125,0.5006103515625,0.5488016729684991,0.96923828125,0.90380859375,0.365234375,0.50054931640625,False,0.5,0.5000406901041666,0.5010128218829214,0.52197265625,0.506103515625,-0.08203125,0.5000203450520833,False,P
199,independent_reset,2,47,True,0.49951171875,00001111,15,0.9990234375,0.9990234375,0.9986572265625,0.8538594285608718,0.998046875,1.0,0.3984375,0.99884033203125,True,0.5009765625,0.50091552734375,0.5549743306598148,0.975341796875,0.910400390625,0.375732421875,0.500946044921875,False,0.49951171875,0.4995930989583333,0.5010551049287114,0.5244140625,0.504638671875,-0.0751953125,0.49955240885416663,False,P
199,independent_reset,3,48,True,0.49951171875,00001111,15,0.99853515625,0.99853515625,0.9981689453125,0.8319579141754603,1.0,1.0,0.401123046875,0.99835205078125,True,0.50146484375,0.50164794921875,0.561225758434621,0.978759765625,0.91552734375,0.3798828125,0.501556396484375,False,0.49951171875,0.4999186197916667,0.5011025071593828,0.52685546875,0.5107421875,-0.072021484375,0.49971516927083337,False,P
199,independent_reset,4,49,True,0.4990234375,00001111,15,0.9970703125,0.9970703125,0.9964599609375,0.80890415056944,1.0,1.0,0.40234375,0.99676513671875,True,0.5029296875,0.503662109375,0.5674878097937406,0.982421875,0.921630859375,0.384765625,0.5032958984375,False,0.4990234375,0.4996744791666667,0.5011536891949557,0.530517578125,0.51123046875,-0.067138671875,0.49934895833333337,False,P
199,independent_reset,5,50,True,0.498291015625,00001111,15,0.990478515625,0.990478515625,0.990478515625,0.7856460728210983,1.0,1.0,0.40380859375,0.990478515625,True,0.509521484375,0.50958251953125,0.5732932395008701,0.98388671875,0.927490234375,0.3876953125,0.509552001953125,False,0.498291015625,0.4996744791666667,0.5012004030327925,0.53125,0.50927734375,-0.06494140625,0.49898274739583337,False,P
199,independent_reset,7,52,True,0.4951171875,00001111,15,0.9658203125,0.9658203125,0.968505859375,0.7401199228445414,1.0,1.0,0.39111328125,0.9671630859375,True,0.5341796875,0.533935546875,0.5836995502205607,0.986572265625,0.939697265625,0.377685546875,0.5340576171875,False,0.4951171875,0.4989827473958333,0.5012673443009581,0.531982421875,0.510009765625,-0.076904296875,0.49704996744791663,False,P
199,independent_reset,9,54,True,0.49462890625,00001111,15,0.9287109375,0.9287109375,0.931396484375,0.6994854565650659,1.0,1.0,0.385009765625,0.9300537109375,True,0.5712890625,0.57025146484375,0.5927527067189227,0.990966796875,0.950927734375,0.3759765625,0.570770263671875,False,0.49462890625,0.5006103515625,0.50125800605518,0.526123046875,0.5087890625,-0.0888671875,0.49761962890625,False,P
199,independent_reset,13,58,True,0.497802734375,00001111,15,0.792724609375,0.792724609375,0.79736328125,0.6317830103789146,1.0,1.0,0.380126953125,0.7950439453125,False,0.706298828125,0.70556640625,0.609437972272259,0.99755859375,0.96923828125,0.377685546875,0.7059326171875,False,0.497802734375,0.4988199869791667,0.5011912116458623,0.517578125,0.508056640625,-0.102294921875,0.49831136067708337,False,mixed_or_none
199,independent_reset,17,62,True,0.506591796875,00110011,51,0.848876953125,0.648681640625,0.648681640625,0.5837599178048399,1.0,1.0,0.360107421875,0.648681640625,False,0.848876953125,0.8509521484375,0.626981676915335,0.99951171875,0.9833984375,0.359619140625,0.84991455078125,False,0.506591796875,0.5028483072916666,0.5010862815420273,0.51708984375,0.505615234375,-0.122802734375,0.5047200520833333,False,mixed_or_none
199,independent_reset,24,69,True,0.502685546875,00110011,51,0.975341796875,0.521728515625,0.519287109375,0.5354655054811283,0.999267578125,1.0,0.35693359375,0.5205078125,False,0.975341796875,0.9757080078125,0.6714478606831047,1.0,0.99658203125,0.357666015625,0.97552490234375,True,0.502685546875,0.5002848307291666,0.5008893615570332,0.523193359375,0.505615234375,-0.119140625,0.5014851888020833,False,Q
199,independent_reset,33,78,True,0.499755859375,00110011,51,0.999755859375,0.500244140625,0.5001220703125,0.513277000205163,0.998779296875,1.0,0.35302734375,0.50018310546875,False,0.999755859375,0.99981689453125,0.7580370847149208,1.0,0.999755859375,0.354248046875,0.999786376953125,True,0.499755859375,0.4997965494791667,0.5007594489088563,0.53759765625,0.50537109375,-0.108154296875,0.49977620442708337,False,Q
199,independent_reset,45,90,True,0.5,00110011,51,1.0,0.5,0.5,0.49937305843710933,0.99951171875,1.0,0.35400390625,0.5,False,1.0,1.0,0.8691987690132403,1.0,1.0,0.3544921875,1.0,True,0.5,0.5,0.500549510486397,0.53173828125,0.504150390625,-0.11376953125,0.5,False,Q
199,independent_reset,62,107,True,0.5,00110011,51,1.0,0.5,0.5,0.4983795635936431,0.998779296875,1.0,0.347412109375,0.5,False,1.0,1.0,0.908007427379165,1.0,1.0,0.3486328125,1.0,True,0.5,0.5,0.5006122993686895,0.538330078125,0.5078125,-0.113037109375,0.5,False,Q
199,independent_reset,85,130,True,0.5,00110011,51,1.0,0.5,0.5,0.5056997011033137,0.99609375,1.0,0.33935546875,0.5,False,1.0,1.0,0.8947069143836566,1.0,1.0,0.34326171875,1.0,True,0.5,0.5,0.5010594213600904,0.542236328125,0.51025390625,-0.114501953125,0.5,False,Q
199,independent_reset,117,162,True,0.5,00110011,51,1.0,0.5,0.5,0.5005809246239599,0.99609375,1.0,0.33203125,0.5,False,1.0,1.0,0.898471279613326,1.0,1.0,0.3359375,1.0,True,0.5,0.5,0.502309602439327,0.6044921875,0.53173828125,-0.0595703125,0.5,False,Q
199,independent_reset,128,173,True,0.5,00110011,51,1.0,0.5,0.5,0.5023054356686553,0.99560546875,1.0,0.32861328125,0.5,False,1.0,1.0,0.9013813265242587,1.0,1.0,0.3330078125,1.0,True,0.5,0.5,0.5033833306740081,0.6953125,0.554443359375,0.0283203125,0.5,False,Q
199,independent_reset,161,206,True,0.500244140625,00110011,51,0.999755859375,0.500244140625,0.5,0.5005221043497964,0.99169921875,1.0,0.31982421875,0.5001220703125,False,0.999755859375,0.9998779296875,0.885307399639147,1.0,1.0,0.328125,0.99981689453125,True,0.500244140625,0.5001220703125,0.5150563827281436,0.943603515625,0.748046875,0.271728515625,0.50018310546875,False,Q
199,independent_reset,222,267,True,0.696044921875,00110011,51,0.803955078125,0.508056640625,0.51318359375,0.5078486349501454,0.981689453125,1.0,0.283935546875,0.5106201171875,False,0.803955078125,0.800048828125,0.7551516093162854,1.0,1.0,0.30224609375,0.802001953125,False,0.696044921875,0.6975504557291666,0.7023903146026942,1.0,0.9736328125,0.30224609375,0.6967976888020833,False,mixed_or_none
199,independent_reset,304,349,True,1.0,01010101,85,1.0,0.5,0.5,0.5007557271998031,0.982666015625,1.0,0.240966796875,0.5,False,0.5,0.5,0.518214954059093,0.999755859375,0.999755859375,0.258056640625,0.5,False,1.0,1.0,0.9797501282787784,1.0,1.0,0.25830078125,1.0,True,Y
199,independent_reset,418,463,True,1.0,01010101,85,1.0,0.5,0.5,0.49997418614870903,0.985107421875,1.0,0.24072265625,0.5,False,0.5,0.5,0.5047597490965257,0.99951171875,0.999755859375,0.255126953125,0.5,False,1.0,1.0,0.9947490991616881,1.0,1.0,0.255615234375,1.0,True,Y
199,independent_reset,575,620,True,1.0,01010101,85,1.0,0.5,0.5,0.4999624785670964,0.986083984375,1.0,0.240478515625,0.5,False,0.5,0.5,0.5018964679889475,0.9990234375,1.0,0.25341796875,0.5,False,1.0,1.0,0.9979121314907997,1.0,1.0,0.25439453125,1.0,True,Y
199,independent_reset,790,835,True,1.0,01010101,85,1.0,0.5,0.5,0.4999775831742567,0.98779296875,1.0,0.241455078125,0.5,False,0.5,0.5,0.5008670191424331,0.99853515625,1.0,0.252197265625,0.5,False,1.0,1.0,0.9990455509451717,1.0,1.0,0.253662109375,1.0,True,Y
199,independent_reset,1024,1069,True,1.0,01010101,85,1.0,0.5,0.5,0.49998446654903034,0.98828125,1.0,0.24169921875,0.5,False,0.5,0.5,0.5004788201034415,0.99853515625,1.0,0.251953125,0.5,False,1.0,1.0,0.9994732239189357,1.0,1.0,0.25341796875,1.0,True,Y
199,nested_carry,0,45,True,0.5,00001111,15,1.0,1.0,1.0,0.8931966878044435,1.0,1.0,0.397216796875,1.0,True,0.5,0.5,0.5150489974561364,0.7744140625,0.786865234375,0.171630859375,0.5,False,0.5,0.5,0.5011429381672807,0.5341796875,0.50439453125,-0.068603515625,0.5,False,P
199,nested_carry,1,46,True,0.5,00001111,15,1.0,1.0,1.0,0.8848265643418551,1.0,1.0,0.39794921875,1.0,True,0.5,0.5,0.515832478433757,0.779052734375,0.790771484375,0.177001953125,0.5,False,0.5,0.5,0.5012240706322225,0.537841796875,0.50390625,-0.064208984375,0.5,False,P
199,nested_carry,2,47,True,0.5,00001111,15,1.0,1.0,1.0,0.8718430249023369,1.0,1.0,0.392822265625,1.0,True,0.5,0.5,0.5170470109240846,0.7890625,0.795654296875,0.181884765625,0.5,False,0.5,0.5,0.5012954838609156,0.54052734375,0.50537109375,-0.066650390625,0.5,False,P
199,nested_carry,3,48,True,0.5,00001111,15,1.0,1.0,1.0,0.8541810821303902,1.0,1.0,0.39013671875,1.0,True,0.5,0.5,0.5186624776566554,0.796875,0.799560546875,0.18701171875,0.5,False,0.5,0.5,0.5013702999720409,0.543701171875,0.505859375,-0.066162109375,0.5,False,P
199,nested_carry,4,49,True,0.5,00001111,15,1.0,1.0,1.0,0.832128704938466,1.0,1.0,0.3857421875,1.0,True,0.5,0.5,0.520588756494567,0.80517578125,0.803955078125,0.19091796875,0.5,False,0.5,0.5,0.5014516383991998,0.548828125,0.510009765625,-0.0654296875,0.5,False,P
199,nested_carry,5,50,True,0.5,00001111,15,1.0,1.0,1.0,0.8064564084116091,1.0,1.0,0.379638671875,1.0,True,0.5,0.5,0.5225528501569391,0.81689453125,0.812744140625,0.196533203125,0.5,False,0.5,0.5,0.5015252597868173,0.558349609375,0.509521484375,-0.06201171875,0.5,False,P
199,nested_carry,7,52,True,0.499755859375,00001111,15,0.999755859375,0.999755859375,0.9996337890625,0.7490813318712563,1.0,1.0,0.38134765625,0.99969482421875,True,0.500244140625,0.5003662109375,0.5258020655684427,0.8349609375,0.825927734375,0.21630859375,0.50030517578125,False,0.499755859375,0.4999593098958333,0.5016705370394152,0.561279296875,0.510498046875,-0.057373046875,0.49985758463541663,False,P
199,nested_carry,9,54,True,0.49853515625,00001111,15,0.99560546875,0.99560546875,0.995849609375,0.6944525146141463,1.0,1.0,0.38916015625,0.9957275390625,True,0.50439453125,0.5040283203125,0.5275826543189743,0.845947265625,0.84228515625,0.235107421875,0.50421142578125,False,0.49853515625,0.4997965494791667,0.5018244796426036,0.560791015625,0.51513671875,-0.050048828125,0.49916585286458337,False,P
199,nested_carry,13,58,True,0.49853515625,00001111,15,0.97216796875,0.97216796875,0.9755859375,0.6115758587771687,1.0,1.0,0.382568359375,0.973876953125,True,0.52734375,0.525146484375,0.5283601539083078,0.86962890625,0.87451171875,0.252197265625,0.5262451171875,False,0.49853515625,0.5011800130208334,0.5018545137840082,0.56005859375,0.521484375,-0.057373046875,0.4998575846354167,False,P
199,nested_carry,17,62,True,0.50048828125,00001111,15,0.884765625,0.884765625,0.89013671875,0.564671036069053,0.9990234375,1.0,0.380859375,0.887451171875,False,0.60302734375,0.59844970703125,0.5294976502989706,0.89892578125,0.90576171875,0.28076171875,0.600738525390625,False,0.50048828125,0.5022379557291666,0.5017168147590322,0.55419921875,0.527099609375,-0.06396484375,0.5013631184895833,False,mixed_or_none
199,nested_carry,24,69,True,0.517333984375,00000011,3,0.792236328125,0.682861328125,0.6884765625,0.5290975164620279,0.991943359375,1.0,0.3662109375,0.6856689453125,False,0.761474609375,0.7552490234375,0.5403850324003482,0.956787109375,0.951904296875,0.3310546875,0.75836181640625,False,0.517333984375,0.5099690755208334,0.5016796168012425,0.553955078125,0.52490234375,-0.07177734375,0.5136515299479167,False,mixed_or_none
199,nested_carry,33,78,True,0.51513671875,00110011,51,0.9189453125,0.5546875,0.552978515625,0.518998182433547,0.98681640625,1.0,0.339599609375,0.5538330078125,False,0.9189453125,0.9195556640625,0.581696224357153,0.994873046875,0.992431640625,0.34765625,0.91925048828125,True,0.51513671875,0.510986328125,0.5020430544925202,0.56884765625,0.52783203125,-0.078369140625,0.5130615234375,False,Q
199,nested_carry,45,90,True,0.501708984375,00110011,51,0.998291015625,0.500732421875,0.500732421875,0.5131058714882051,0.9951171875,1.0,0.341552734375,0.500732421875,False,0.998291015625,0.9986572265625,0.711845005893806,1.0,1.0,0.346435546875,0.99847412109375,True,0.501708984375,0.5013427734375,0.502116522184347,0.59765625,0.526123046875,-0.055908203125,0.50152587890625,False,Q
199,nested_carry,62,107,True,0.5,00110011,51,1.0,0.5,0.5,0.5018645888153022,0.9970703125,1.0,0.3525390625,0.5,False,1.0,1.0,0.8910912289771492,1.0,1.0,0.35546875,1.0,True,0.5,0.5,0.5014982191121582,0.597412109375,0.54296875,-0.047119140625,0.5,False,Q
199,nested_carry,85,130,True,0.5,00110011,51,1.0,0.5,0.5,0.5047906281099133,0.99658203125,1.0,0.327392578125,0.5,False,1.0,1.0,0.8948795754669758,1.0,1.0,0.330810546875,1.0,True,0.5,0.5,0.5054916541883389,0.682373046875,0.702392578125,0.01318359375,0.5,False,Q
199,nested_carry,117,162,True,0.5,00110011,51,1.0,0.5,0.5,0.49956671437817585,0.996826171875,1.0,0.30029296875,0.5,False,1.0,1.0,0.8873887583138718,1.0,1.0,0.303466796875,1.0,True,0.5,0.5,0.5231912403990243,0.86474609375,0.7265625,0.168212890625,0.5,False,Q
199,nested_carry,128,173,True,0.503173828125,00110011,51,0.996826171875,0.501220703125,0.50048828125,0.5012167703924307,0.997314453125,1.0,0.305908203125,0.5008544921875,False,0.996826171875,0.9969482421875,0.8828198342909712,0.999755859375,1.0,0.308349609375,0.99688720703125,True,0.503173828125,0.5028483072916666,0.5351930996313979,0.930419921875,0.750732421875,0.239013671875,0.5030110677083333,False,Q
199,nested_carry,161,206,True,0.57470703125,00110011,51,0.92529296875,0.5048828125,0.501953125,0.5030290894831841,0.99560546875,1.0,0.2900390625,0.50341796875,False,0.92529296875,0.9249267578125,0.8136985414481277,1.0,1.0,0.29443359375,0.92510986328125,True,0.57470703125,0.5738525390625,0.6155416445918042,0.999267578125,0.921630859375,0.293701171875,0.57427978515625,False,Q
199,nested_carry,222,267,True,0.996826171875,01010101,85,0.996826171875,0.501220703125,0.4996337890625,0.5038368300510585,0.996337890625,1.0,0.2568359375,0.50042724609375,False,0.503173828125,0.5032958984375,0.5590653705339275,0.998291015625,1.0,0.2587890625,0.50323486328125,False,0.996826171875,0.9970703125,0.9323006417679209,1.0,1.0,0.260498046875,0.9969482421875,True,Y
199,nested_carry,304,349,True,1.0,01010101,85,1.0,0.5,0.5,0.5000471232678048,0.997802734375,1.0,0.26220703125,0.5,False,0.5,0.5,0.5076178543619383,0.997802734375,1.0,0.26220703125,0.5,False,1.0,1.0,0.9912857574760328,1.0,1.0,0.264404296875,1.0,True,Y
199,nested_carry,418,463,True,1.0,01010101,85,1.0,0.5,0.5,0.499988354997202,0.998046875,1.0,0.262939453125,0.5,False,0.5,0.5,0.5028308667519028,0.99755859375,0.999755859375,0.262451171875,0.5,False,1.0,1.0,0.9967826296920779,1.0,1.0,0.264892578125,1.0,True,Y
199,nested_carry,575,620,True,1.0,01010101,85,1.0,0.5,0.5,0.4999892601831461,0.997802734375,1.0,0.2666015625,0.5,False,0.5,0.5,0.5012571039900398,0.997314453125,0.999755859375,0.26611328125,0.5,False,1.0,1.0,0.9985700261134121,1.0,1.0,0.268798828125,1.0,True,Y
199,nested_carry,790,835,True,1.0,01010101,85,1.0,0.5,0.5,0.4999935892525922,0.997314453125,1.0,0.270751953125,0.5,False,0.5,0.5,0.5005978822873807,0.996826171875,0.999755859375,0.270263671875,0.5,False,1.0,1.0,0.99931677163133,1.0,1.0,0.2734375,1.0,True,Y
199,nested_carry,1024,1069,True,1.0,01010101,85,1.0,0.5,0.5,0.4999945919007533,0.99755859375,1.0,0.27294921875,0.5,False,0.5,0.5,0.5003354634914428,0.996337890625,0.999755859375,0.271728515625,0.5,False,1.0,1.0,0.9996161131624277,1.0,1.0,0.275390625,1.0,True,Y
199,nested_reset,0,45,True,0.5,00001111,15,1.0,1.0,1.0,0.8931966878044435,1.0,1.0,0.397216796875,1.0,True,0.5,0.5,0.5150489974561364,0.7744140625,0.786865234375,0.171630859375,0.5,False,0.5,0.5,0.5011429381672807,0.5341796875,0.50439453125,-0.068603515625,0.5,False,P
199,nested_reset,1,46,True,0.5,00001111,15,1.0,1.0,1.0,0.8730459827370463,1.0,1.0,0.39599609375,1.0,True,0.5,0.5,0.5173542599883174,0.797119140625,0.79443359375,0.193115234375,0.5,False,0.5,0.5,0.5012004922282689,0.536376953125,0.50439453125,-0.067626953125,0.5,False,P
199,nested_reset,2,47,True,0.5,00001111,15,1.0,1.0,1.0,0.8511237946814806,1.0,1.0,0.38916015625,1.0,True,0.5,0.5,0.5195453853829015,0.809814453125,0.8017578125,0.198974609375,0.5,False,0.5,0.5,0.5012335148307571,0.54345703125,0.50927734375,-0.0673828125,0.5,False,P
199,nested_reset,3,48,True,0.5,00001111,15,1.0,1.0,1.0,0.8272934285211446,1.0,1.0,0.388427734375,1.0,True,0.5,0.5,0.5217291480725282,0.824462890625,0.806640625,0.212890625,0.5,False,0.5,0.5,0.5012711967167922,0.544189453125,0.509765625,-0.0673828125,0.5,False,P
199,nested_reset,4,49,True,0.5,00001111,15,1.0,1.0,1.0,0.8021476681257277,1.0,1.0,0.38232421875,1.0,True,0.5,0.5,0.523847192570747,0.83447265625,0.815185546875,0.216796875,0.5,False,0.5,0.5,0.5013170193380007,0.543212890625,0.510986328125,-0.074462890625,0.5,False,P
199,nested_reset,5,50,True,0.499755859375,00001111,15,0.999755859375,0.999755859375,0.999755859375,0.7766046410654068,1.0,1.0,0.381591796875,0.999755859375,True,0.500244140625,0.50030517578125,0.5256646083313554,0.838623046875,0.81982421875,0.22021484375,0.500274658203125,False,0.499755859375,0.4998372395833333,0.5013696673914481,0.540771484375,0.51220703125,-0.07763671875,0.49979654947916663,False,P
199,nested_reset,7,52,True,0.4990234375,00001111,15,0.9951171875,0.9951171875,0.9959716796875,0.727492725623963,1.0,1.0,0.392822265625,0.99554443359375,True,0.5048828125,0.50390625,0.5283625525781568,0.846435546875,0.834716796875,0.2392578125,0.50439453125,False,0.4990234375,0.4995524088541667,0.5015059980394173,0.552490234375,0.515869140625,-0.0546875,0.49928792317708337,False,P
199,nested_reset,9,54,True,0.49951171875,00001111,15,0.990234375,0.990234375,0.9918212890625,0.6856066549486663,1.0,1.0,0.38720703125,0.99102783203125,True,0.509765625,0.50830078125,0.5301339677060595,0.849609375,0.846923828125,0.23681640625,0.509033203125,False,0.49951171875,0.4996744791666667,0.5016545985225945,0.556396484375,0.514404296875,-0.056396484375,0.49959309895833337,False,P
199,nested_reset,13,58,True,0.498046875,00001111,15,0.96826171875,0.96826171875,0.9718017578125,0.6207478528928018,0.999755859375,1.0,0.372802734375,0.97003173828125,True,0.53125,0.52880859375,0.5328105669957719,0.880615234375,0.876220703125,0.253662109375,0.530029296875,False,0.498046875,0.5010579427083334,0.5017297797222617,0.55908203125,0.518798828125,-0.06787109375,0.4995524088541667,False,P
199,nested_reset,17,62,True,0.502197265625,00001111,15,0.896240234375,0.896240234375,0.902587890625,0.578810111621252,0.99951171875,1.0,0.37109375,0.8994140625,False,0.597412109375,0.5938720703125,0.5361218507160991,0.916015625,0.90185546875,0.28759765625,0.59564208984375,False,0.502197265625,0.50146484375,0.5016197589518115,0.558349609375,0.521484375,-0.070068359375,0.5018310546875,False,mixed_or_none
199,nested_reset,24,69,True,0.510498046875,00110011,51,0.775146484375,0.703369140625,0.70703125,0.5395243022114338,0.997314453125,1.0,0.360595703125,0.7052001953125,False,0.775146484375,0.7745361328125,0.5492568031977199,0.968505859375,0.94580078125,0.331787109375,0.77484130859375,False,0.510498046875,0.5081787109375,0.5015638023041981,0.541748046875,0.52587890625,-0.094970703125,0.50933837890625,False,mixed_or_none
199,nested_reset,33,78,True,0.508056640625,00110011,51,0.912841796875,0.562744140625,0.5596923828125,0.522226858911478,0.9970703125,1.0,0.344482421875,0.56121826171875,False,0.912841796875,0.91326904296875,0.5920191172520429,0.996826171875,0.984375,0.34423828125,0.913055419921875,True,0.508056640625,0.50732421875,0.5017130257665062,0.546630859375,0.522216796875,-0.10595703125,0.5076904296875,False,Q
199,nested_reset,45,90,True,0.501953125,00110011,51,0.99755859375,0.5009765625,0.500732421875,0.5139370661754223,0.998291015625,1.0,0.346923828125,0.5008544921875,False,0.99755859375,0.998046875,0.707741632387931,1.0,1.0,0.3486328125,0.997802734375,True,0.501953125,0.5017903645833334,0.5017966306457589,0.571533203125,0.524658203125,-0.079833984375,0.5018717447916667,False,Q
199,nested_reset,62,107,True,0.5,00110011,51,1.0,0.5,0.5,0.5032257196478996,0.999755859375,1.0,0.35791015625,0.5,False,1.0,1.0,0.8816789350336263,1.0,1.0,0.358154296875,1.0,True,0.5,0.5,0.5015420725889109,0.582275390625,0.53515625,-0.0595703125,0.5,False,Q
199,nested_reset,85,130,True,0.5,00110011,51,1.0,0.5,0.5,0.5050917683702857,0.99853515625,1.0,0.343505859375,0.5,False,1.0,1.0,0.9013651185789997,1.0,1.0,0.344970703125,1.0,True,0.5,0.5,0.5048708693204479,0.67333984375,0.6591796875,0.018310546875,0.5,False,Q
199,nested_reset,117,162,True,0.5,00110011,51,1.0,0.5,0.5,0.501252488453142,0.9990234375,1.0,0.3154296875,0.5,False,1.0,1.0,0.8864575289073087,1.0,1.0,0.31640625,1.0,True,0.5,0.5,0.5231198911608781,0.867919921875,0.725341796875,0.184326171875,0.5,False,Q
199,nested_reset,128,173,True,0.501953125,00110011,51,0.998046875,0.5,0.4998779296875,0.5022808613081615,0.9990234375,1.0,0.318115234375,0.49993896484375,False,0.998046875,0.9981689453125,0.883025874393534,1.0,1.0,0.319091796875,0.99810791015625,True,0.501953125,0.5015462239583334,0.5347227049638412,0.948486328125,0.750732421875,0.267578125,0.5017496744791667,False,Q
199,nested_reset,161,206,True,0.58642578125,00110011,51,0.91357421875,0.5107421875,0.5068359375,0.5031802564212368,0.999755859375,1.0,0.306884765625,0.5087890625,False,0.91357421875,0.9105224609375,0.8116793100467515,1.0,1.0,0.30712890625,0.91204833984375,True,0.58642578125,0.5865071614583334,0.6177335876506721,0.999755859375,0.91064453125,0.306884765625,0.5864664713541667,False,Q
199,nested_reset,222,267,True,0.984130859375,01010101,85,0.984130859375,0.498779296875,0.4979248046875,0.5045183853026477,0.999267578125,1.0,0.280517578125,0.49835205078125,False,0.515869140625,0.51654052734375,0.5841021138993214,0.99853515625,1.0,0.27978515625,0.516204833984375,False,0.984130859375,0.9831949869791667,0.9037588654568585,1.0,1.0,0.28125,0.9836629231770834,True,Y
199,nested_reset,304,349,True,1.0,01010101,85,1.0,0.5,0.5,0.49998846964462657,0.997802734375,1.0,0.28076171875,0.5,False,0.5,0.5,0.5090493976942163,0.997314453125,0.999755859375,0.2802734375,0.5,False,1.0,1.0,0.9896831273278983,1.0,1.0,0.282958984375,1.0,True,Y
199,nested_reset,418,463,True,1.0,01010101,85,1.0,0.5,0.5,0.4999476690900563,0.997314453125,1.0,0.2783203125,0.5,False,0.5,0.5,0.5031770553439252,0.997802734375,0.999267578125,0.27880859375,0.5,False,1.0,1.0,0.9964005535828859,1.0,1.0,0.281005859375,1.0,True,Y
199,nested_reset,575,620,True,1.0,01010101,85,1.0,0.5,0.5,0.49996755271825205,0.9970703125,1.0,0.289794921875,0.5,False,0.5,0.5,0.5013758335185249,0.997314453125,0.9990234375,0.2900390625,0.5,False,1.0,1.0,0.9984431197682977,1.0,1.0,0.292724609375,1.0,True,Y
199,nested_reset,790,835,True,1.0,01010101,85,1.0,0.5,0.5,0.4999845230331017,0.997314453125,1.0,0.2998046875,0.5,False,0.5,0.5,0.5006430117865577,0.997314453125,0.9990234375,0.2998046875,0.5,False,1.0,1.0,0.9992699397369271,1.0,1.0,0.302490234375,1.0,True,Y
199,nested_reset,1024,1069,True,1.0,01010101,85,1.0,0.5,0.5,0.4999902573538185,0.99755859375,1.0,0.30419921875,0.5,False,0.5,0.5,0.500358538228268,0.996826171875,0.999267578125,0.303466796875,0.5,False,1.0,1.0,0.999592827424407,1.0,1.0,0.306640625,1.0,True,Y
199,scratch,0,45,True,0.506103515625,00000000,0,0.873779296875,0.463623046875,0.4586181640625,0.4980066382103387,0.939453125,0.998046875,0.354248046875,0.46112060546875,False,0.499267578125,0.4974365234375,0.5001279564758379,0.627197265625,0.69482421875,0.0419921875,0.49835205078125,False,0.506103515625,0.5050048828125,0.49993680181918687,0.543701171875,0.51025390625,-0.04150390625,0.50555419921875,False,mixed_or_none
199,scratch,1,46,True,0.5087890625,00000000,0,0.88525390625,0.48486328125,0.485107421875,0.5005895645988699,0.933349609375,0.998046875,0.35107421875,0.4849853515625,False,0.50830078125,0.5074462890625,0.5006817869650958,0.63037109375,0.6953125,0.048095703125,0.50787353515625,False,0.5087890625,0.5077311197916666,0.5000253909399568,0.548095703125,0.508544921875,-0.0341796875,0.5082600911458333,False,mixed_or_none
199,scratch,2,47,True,0.505126953125,00000000,0,0.701904296875,0.489990234375,0.4989013671875,0.5009976943354236,0.930419921875,0.99853515625,0.345947265625,0.49444580078125,False,0.524169921875,0.52764892578125,0.5011790405388834,0.6279296875,0.697509765625,0.04345703125,0.525909423828125,False,0.505126953125,0.5048014322916666,0.5001098883342356,0.552734375,0.509033203125,-0.03173828125,0.5049641927083333,False,mixed_or_none
199,scratch,3,48,True,0.508544921875,00000000,0,0.704833984375,0.496826171875,0.5120849609375,0.5014380619181925,0.926513671875,0.99853515625,0.3369140625,0.50445556640625,False,0.540771484375,0.54449462890625,0.5017250084560241,0.63037109375,0.701416015625,0.040771484375,0.542633056640625,False,0.508544921875,0.5067545572916666,0.5001961807928945,0.563232421875,0.510009765625,-0.0263671875,0.5076497395833333,False,mixed_or_none
199,scratch,4,49,True,0.517822265625,00000000,0,0.658935546875,0.512939453125,0.526123046875,0.5016771127218572,0.924072265625,0.99853515625,0.33251953125,0.51953125,False,0.558837890625,0.56378173828125,0.5022964328882367,0.644287109375,0.704833984375,0.052734375,0.561309814453125,False,0.517822265625,0.510009765625,0.5002788305369856,0.565185546875,0.509765625,-0.0263671875,0.513916015625,False,mixed_or_none
199,scratch,5,50,True,0.51953125,00000000,0,0.61767578125,0.5205078125,0.533203125,0.5017117410979115,0.921875,0.998291015625,0.33203125,0.52685546875,False,0.57177734375,0.57415771484375,0.5028605398495489,0.656005859375,0.705322265625,0.066162109375,0.572967529296875,False,0.51953125,0.5113118489583334,0.5003513246348045,0.56494140625,0.512451171875,-0.02490234375,0.5154215494791667,False,mixed_or_none
199,scratch,7,52,True,0.524658203125,00010011,19,0.596923828125,0.526611328125,0.5399169921875,0.5018287269290228,0.918212890625,0.998291015625,0.32568359375,0.53326416015625,False,0.591064453125,0.5894775390625,0.5040689515303479,0.6796875,0.7119140625,0.087158203125,0.59027099609375,False,0.524658203125,0.5118815104166666,0.5005221020607084,0.568115234375,0.517822265625,-0.0244140625,0.5182698567708333,False,mixed_or_none
199,scratch,9,54,True,0.521484375,00000000,0,0.71875,0.53662109375,0.5482177734375,0.5024215698118769,0.91552734375,0.99853515625,0.324951171875,0.54241943359375,False,0.59814453125,0.59686279296875,0.5054958387171594,0.7041015625,0.72265625,0.113525390625,0.597503662109375,False,0.521484375,0.5099690755208334,0.5007054175834343,0.581298828125,0.5205078125,-0.00927734375,0.5157267252604167,False,mixed_or_none
199,scratch,13,58,True,0.528564453125,00000000,0,0.744384765625,0.535888671875,0.5462646484375,0.5032280948758789,0.912109375,0.99853515625,0.3095703125,0.54107666015625,False,0.620361328125,0.61688232421875,0.5094491169639024,0.774169921875,0.743408203125,0.171630859375,0.618621826171875,False,0.528564453125,0.5141194661458334,0.5011501270822745,0.60009765625,0.52734375,-0.00244140625,0.5213419596354167,False,mixed_or_none
199,scratch,17,62,True,0.531494140625,00110011,51,0.687744140625,0.536865234375,0.54736328125,0.5033932625981562,0.9189453125,0.99853515625,0.30712890625,0.5421142578125,False,0.687744140625,0.68231201171875,0.5156956217415888,0.85302734375,0.775390625,0.2412109375,0.685028076171875,False,0.531494140625,0.5198160807291666,0.5018361818612166,0.636474609375,0.529296875,0.024658203125,0.5256551106770833,False,mixed_or_none
199,scratch,24,69,True,0.52880859375,00110011,51,0.791015625,0.4951171875,0.5042724609375,0.4991099517131608,0.91357421875,0.998779296875,0.271484375,0.49969482421875,False,0.791015625,0.78985595703125,0.5382094977302797,0.971435546875,0.834716796875,0.329345703125,0.790435791015625,False,0.52880859375,0.5192057291666666,0.5034323119758974,0.69140625,0.53515625,0.04931640625,0.5240071614583333,False,mixed_or_none
199,scratch,33,78,True,0.508056640625,00110011,51,0.953369140625,0.507080078125,0.5059814453125,0.502250094115428,0.909423828125,0.997802734375,0.238037109375,0.50653076171875,False,0.953369140625,0.95013427734375,0.6110247124354025,0.99951171875,0.914794921875,0.328125,0.951751708984375,True,0.508056640625,0.5071614583333334,0.5066994743752063,0.7646484375,0.551025390625,0.09326171875,0.5076090494791667,False,Q
199,scratch,45,90,True,0.5,00110011,51,1.0,0.5,0.5,0.4972146823267049,0.89794921875,0.996826171875,0.214599609375,0.5,False,1.0,1.0,0.8031763650322992,1.0,0.98876953125,0.316650390625,1.0,True,0.5,0.5,0.5085701378728812,0.82958984375,0.588134765625,0.146240234375,0.5,False,Q
199,scratch,62,107,True,0.5009765625,00110011,51,0.99658203125,0.4990234375,0.4996337890625,0.4973693442944029,0.882568359375,0.99658203125,0.19580078125,0.49932861328125,False,0.99658203125,0.99639892578125,0.903609807578571,1.0,0.9990234375,0.313232421875,0.996490478515625,True,0.5009765625,0.5008951822916666,0.5099937328165054,0.877197265625,0.69775390625,0.1904296875,0.5009358723958333,False,Q
199,scratch,85,130,True,0.50390625,00110011,51,0.99609375,0.501953125,0.50146484375,0.5082116178332008,0.843505859375,0.994384765625,0.10791015625,0.501708984375,False,0.99609375,0.995849609375,0.8578841947804523,1.0,0.9970703125,0.264404296875,0.9959716796875,True,0.50390625,0.5040690104166666,0.5485840971778494,0.995361328125,0.913818359375,0.259765625,0.5039876302083333,False,Q
199,scratch,117,162,True,0.802490234375,00010101,21,0.808837890625,0.502685546875,0.50732421875,0.5022809127243538,0.874267578125,0.99267578125,0.130126953125,0.5050048828125,False,0.697509765625,0.69384765625,0.7067589771539777,1.0,0.994384765625,0.255859375,0.6956787109375,False,0.802490234375,0.8043212890625,0.7537437069636297,1.0,1.0,0.255859375,0.80340576171875,False,mixed_or_none
199,scratch,128,173,True,0.947021484375,01010101,85,0.947021484375,0.499755859375,0.498046875,0.49981344093489233,0.88671875,0.991455078125,0.150634765625,0.4989013671875,False,0.552978515625,0.55242919921875,0.6184086996450262,1.0,0.9912109375,0.263916015625,0.552703857421875,False,0.947021484375,0.9478759765625,0.857160860264176,1.0,1.0,0.263916015625,0.94744873046875,True,Y
199,scratch,161,206,True,1.0,01010101,85,1.0,0.5,0.5,0.5003734857359534,0.887939453125,0.99169921875,0.12353515625,0.5,False,0.5,0.5,0.5211784334707493,0.9990234375,0.98681640625,0.234619140625,0.5,False,1.0,1.0,0.9747996946213711,1.0,1.0,0.235595703125,1.0,True,Y
199,scratch,222,267,True,1.0,01010101,85,1.0,0.5,0.5,0.5000680093135542,0.908203125,0.99267578125,0.140380859375,0.5,False,0.5,0.5,0.5054978171147928,0.99755859375,0.983154296875,0.229736328125,0.5,False,1.0,1.0,0.993468779359987,1.0,1.0,0.232177734375,1.0,True,Y
199,scratch,304,349,True,1.0,01010101,85,1.0,0.5,0.5,0.5000150733982615,0.9169921875,0.992919921875,0.154052734375,0.5,False,0.5,0.5,0.5023297880508528,0.9970703125,0.9833984375,0.234130859375,0.5,False,1.0,1.0,0.9972091315065668,1.0,1.0,0.237060546875,1.0,True,Y
199,scratch,418,463,True,1.0,01010101,85,1.0,0.5,0.5,0.4999975891856634,0.924072265625,0.992919921875,0.163330078125,0.5,False,0.5,0.5,0.5011358434180129,0.996826171875,0.98291015625,0.236083984375,0.5,False,1.0,1.0,0.9986425145315989,1.0,1.0,0.2392578125,1.0,True,Y
199,scratch,575,620,True,1.0,01010101,85,1.0,0.5,0.5,0.49999566259809436,0.927001953125,0.9931640625,0.174072265625,0.5,False,0.5,0.5,0.5005815382789509,0.99609375,0.98193359375,0.2431640625,0.5,False,1.0,1.0,0.9993067385359273,1.0,1.0,0.2470703125,1.0,True,Y
199,scratch,790,835,True,1.0,01010101,85,1.0,0.5,0.5,0.49999704225489544,0.925537109375,0.992919921875,0.178955078125,0.5,False,0.5,0.5,0.5002996036389904,0.995849609375,0.9814453125,0.249267578125,0.5,False,1.0,1.0,0.9996420219343127,1.0,1.0,0.25341796875,1.0,True,Y
199,scratch,1024,1069,True,1.0,01010101,85,1.0,0.5,0.5,0.4999981914584872,0.92529296875,0.99267578125,0.185302734375,0.5,False,0.5,0.5,0.5001760351497052,0.995361328125,0.981201171875,0.25537109375,0.5,False,1.0,1.0,0.9997897255167649,1.0,1.0,0.260009765625,1.0,True,Y
199,sham,0,45,True,0.509765625,00000000,0,0.91796875,0.482421875,0.4853515625,0.4992697939239654,0.840576171875,0.998291015625,0.272216796875,0.48388671875,False,0.4853515625,0.4920654296875,0.5000036541034327,0.570556640625,0.66650390625,0.002197265625,0.48870849609375,False,0.509765625,0.5021158854166666,0.500038387058464,0.52880859375,0.526611328125,-0.03955078125,0.5059407552083333,False,mixed_or_none
199,sham,1,46,True,0.5048828125,00000000,0,0.9677734375,0.5078125,0.5067138671875,0.5001121850082191,0.838623046875,0.998291015625,0.263916015625,0.50726318359375,False,0.4951171875,0.49981689453125,0.5002592087886408,0.5771484375,0.66943359375,0.00244140625,0.497467041015625,False,0.5048828125,0.5000813802083334,0.5000725687382187,0.527099609375,0.524169921875,-0.047607421875,0.5024820963541667,False,mixed_or_none
199,sham,2,47,True,0.5029296875,00000000,0,0.8974609375,0.51025390625,0.513427734375,0.5003537977266954,0.831298828125,0.998291015625,0.259033203125,0.5118408203125,False,0.5068359375,0.51470947265625,0.5005024034624433,0.593017578125,0.667724609375,0.020751953125,0.510772705078125,False,0.5029296875,0.4988199869791667,0.5001090500639712,0.5380859375,0.5244140625,-0.0341796875,0.5008748372395834,False,mixed_or_none
199,sham,3,48,True,0.50146484375,00000000,0,0.89697265625,0.515625,0.51904296875,0.5004997024265672,0.824951171875,0.998291015625,0.2451171875,0.517333984375,False,0.51220703125,0.52093505859375,0.5007611162734869,0.60498046875,0.669189453125,0.025146484375,0.516571044921875,False,0.50146484375,0.4966634114583333,0.5001541187987795,0.5380859375,0.519287109375,-0.041748046875,0.49906412760416663,False,mixed_or_none
199,sham,4,49,True,0.502197265625,00000000,0,0.881591796875,0.526611328125,0.5281982421875,0.5006555393599527,0.824951171875,0.998046875,0.248779296875,0.52740478515625,False,0.522705078125,0.52972412109375,0.5010464687151807,0.61669921875,0.66943359375,0.04052734375,0.526214599609375,False,0.502197265625,0.4958089192708333,0.5002000145356228,0.547119140625,0.51904296875,-0.029052734375,0.49900309244791663,False,mixed_or_none
199,sham,5,50,True,0.5078125,00000000,0,0.8544921875,0.53125,0.53857421875,0.5007437694171131,0.824951171875,0.998046875,0.244873046875,0.534912109375,False,0.53466796875,0.540283203125,0.5013287594488905,0.625244140625,0.674560546875,0.045166015625,0.5374755859375,False,0.5078125,0.4986979166666667,0.5002486585962146,0.552490234375,0.521728515625,-0.027587890625,0.5032552083333334,False,mixed_or_none
199,sham,7,52,True,0.51611328125,00000000,0,0.7861328125,0.54443359375,0.546142578125,0.5008327348986119,0.82958984375,0.998046875,0.23828125,0.5452880859375,False,0.54931640625,0.55670166015625,0.5019951157367768,0.638916015625,0.685302734375,0.047607421875,0.553009033203125,False,0.51611328125,0.5027669270833334,0.500380646968971,0.561767578125,0.518798828125,-0.029541015625,0.5094401041666667,False,mixed_or_none
199,sham,9,54,True,0.505859375,00000000,0,0.83740234375,0.52978515625,0.536376953125,0.5010603553573063,0.8330078125,0.997802734375,0.239501953125,0.5330810546875,False,0.55322265625,0.55615234375,0.5028151407444645,0.663330078125,0.694580078125,0.06982421875,0.5546875,False,0.505859375,0.4958089192708333,0.5005433165432499,0.56689453125,0.521484375,-0.026611328125,0.5008341471354166,False,mixed_or_none
199,sham,13,58,True,0.501708984375,00000000,0,0.820068359375,0.534912109375,0.536376953125,0.5017421574869129,0.841796875,0.997802734375,0.24755859375,0.53564453125,False,0.579345703125,0.582763671875,0.5053199911288726,0.722900390625,0.72314453125,0.128662109375,0.5810546875,False,0.501708984375,0.4950764973958333,0.5009627787235859,0.577880859375,0.521240234375,-0.016357421875,0.49839274088541663,False,mixed_or_none
199,sham,17,62,True,0.509521484375,00000001,1,0.699951171875,0.532958984375,0.5360107421875,0.5019192427179632,0.83544921875,0.997314453125,0.2333984375,0.53448486328125,False,0.656982421875,0.6519775390625,0.5095023341021316,0.802734375,0.750732421875,0.20068359375,0.65447998046875,False,0.509521484375,0.5055338541666666,0.5016042967982073,0.586669921875,0.518310546875,-0.015380859375,0.5075276692708333,False,mixed_or_none
199,sham,24,69,True,0.52490234375,00110011,51,0.7626953125,0.49853515625,0.496826171875,0.49960270072083157,0.81787109375,0.997314453125,0.2158203125,0.4976806640625,False,0.7626953125,0.76495361328125,0.5247844472967476,0.9462890625,0.818359375,0.34423828125,0.763824462890625,False,0.52490234375,0.51708984375,0.5034517433312924,0.61328125,0.531494140625,0.01123046875,0.52099609375,False,mixed_or_none
199,sham,33,78,True,0.519775390625,00110011,51,0.916259765625,0.501708984375,0.500244140625,0.5007796787003129,0.8193359375,0.99658203125,0.197998046875,0.5009765625,False,0.916259765625,0.91363525390625,0.5769873097993412,0.999755859375,0.906494140625,0.37841796875,0.914947509765625,True,0.519775390625,0.5179443359375,0.5078197016051365,0.691162109375,0.554931640625,0.06982421875,0.51885986328125,False,Q
199,sham,45,90,True,0.501220703125,00110011,51,0.998779296875,0.499755859375,0.5001220703125,0.49981684114608965,0.78125,0.99658203125,0.131591796875,0.49993896484375,False,0.998779296875,0.99908447265625,0.7358037538993576,1.0,0.989501953125,0.350341796875,0.998931884765625,True,0.501220703125,0.5013020833333334,0.5148414935292897,0.839599609375,0.6279296875,0.18994140625,0.5012613932291667,False,Q
199,sham,62,107,True,0.5,00110011,51,1.0,0.5,0.5,0.49942495349989097,0.75634765625,0.99609375,0.101806640625,0.5,False,1.0,0.99993896484375,0.8939582683329041,1.0,1.0,0.345458984375,0.999969482421875,True,0.5,0.500244140625,0.5184378776665857,0.95263671875,0.7705078125,0.298095703125,0.5001220703125,False,Q
199,sham,85,130,True,0.541259765625,00110011,51,0.958740234375,0.513916015625,0.513427734375,0.508018505190147,0.747314453125,0.991943359375,0.017333984375,0.513671875,False,0.958740234375,0.958251953125,0.8358159478919613,1.0,0.999267578125,0.27001953125,0.95849609375,True,0.541259765625,0.5401204427083334,0.578255254692715,0.99951171875,0.93408203125,0.26953125,0.5406901041666667,False,Q
199,sham,117,162,True,0.84765625,01010101,85,0.84765625,0.4970703125,0.494873046875,0.499080166718551,0.71142578125,0.992431640625,-0.0205078125,0.4959716796875,False,0.65234375,0.6512451171875,0.6742886343858107,1.0,0.998779296875,0.26806640625,0.65179443359375,False,0.84765625,0.8476969401041667,0.7934988560769916,1.0,1.0,0.26806640625,0.8476765950520834,False,mixed_or_none
199,sham,128,173,True,0.998291015625,01010101,85,0.998291015625,0.499267578125,0.4998779296875,0.4998540830277308,0.71728515625,0.993408203125,-0.0107421875,0.49957275390625,False,0.501708984375,0.5013427734375,0.5990684791504834,1.0,0.997314453125,0.27197265625,0.50152587890625,False,0.998291015625,0.9986572265625,0.8824287487382707,1.0,1.0,0.27197265625,0.99847412109375,True,Y
199,sham,161,206,True,1.0,01010101,85,1.0,0.5,0.5,0.5000518327728977,0.735595703125,0.989501953125,0.00048828125,0.5,False,0.5,0.5,0.5171581821484095,1.0,0.99609375,0.264892578125,0.5,False,1.0,1.0,0.9790309073672174,1.0,1.0,0.264892578125,1.0,True,Y
199,sham,222,267,True,1.0,01010101,85,1.0,0.5,0.5,0.5000735845328721,0.746826171875,0.990966796875,-0.0029296875,0.5,False,0.5,0.5,0.5049623265865028,1.0,0.994873046875,0.250244140625,0.5,False,1.0,1.0,0.9939427333776476,1.0,1.0,0.250244140625,1.0,True,Y
199,sham,304,349,True,1.0,01010101,85,1.0,0.5,0.5,0.5000304633562414,0.74365234375,0.990478515625,-0.01611328125,0.5,False,0.5,0.5,0.5021929486487744,1.0,0.9951171875,0.240234375,0.5,False,1.0,1.0,0.9973184907575852,1.0,1.0,0.240234375,1.0,True,Y
199,sham,418,463,True,1.0,01010101,85,1.0,0.5,0.5,0.5000070304624739,0.745361328125,0.9892578125,-0.01611328125,0.5,False,0.5,0.5,0.5010525103087853,1.0,0.995361328125,0.238525390625,0.5,False,1.0,1.0,0.9987105877426441,1.0,1.0,0.238525390625,1.0,True,Y
199,sham,575,620,True,1.0,01010101,85,1.0,0.5,0.5,0.5000036839760644,0.7509765625,0.988525390625,-0.0185546875,0.5,False,0.5,0.5,0.5005306685552471,1.0,0.9951171875,0.23046875,0.5,False,1.0,1.0,0.9993499011881519,1.0,1.0,0.23046875,1.0,True,Y
199,sham,790,835,True,1.0,01010101,85,1.0,0.5,0.5,0.5000010520965638,0.749755859375,0.987548828125,-0.02099609375,0.5,False,0.5,0.5,0.5002728149828927,1.0,0.995361328125,0.229248046875,0.5,False,1.0,1.0,0.9996654761055646,1.0,1.0,0.229248046875,1.0,True,Y
199,sham,1024,1069,True,1.0,01010101,85,1.0,0.5,0.5,0.5000004994146456,0.748291015625,0.987060546875,-0.024658203125,0.5,False,0.5,0.5,0.5001589569422544,1.0,0.9951171875,0.22705078125,0.5,False,1.0,1.0,0.9998051031613286,1.0,1.0,0.22705078125,1.0,True,Y
211,independent_carry,0,45,True,0.500732421875,00001111,15,0.995849609375,0.995849609375,0.9959716796875,0.8717155323268554,1.0,1.0,0.40771484375,0.99591064453125,True,0.504150390625,0.50433349609375,0.5683554484101005,0.947265625,0.97119140625,0.35498046875,0.504241943359375,False,0.500732421875,0.5010986328125,0.5018904448976114,0.5576171875,0.57080078125,-0.03466796875,0.50091552734375,False,P
211,independent_carry,1,46,True,0.500732421875,00001111,15,0.993896484375,0.993896484375,0.992431640625,0.860496983315693,1.0,1.0,0.406494140625,0.9931640625,True,0.506103515625,0.505859375,0.5753375025517706,0.9560546875,0.974365234375,0.362548828125,0.5059814453125,False,0.500732421875,0.5010172526041666,0.5020665347384952,0.56298828125,0.575439453125,-0.030517578125,0.5008748372395833,False,P
211,independent_carry,2,47,True,0.50048828125,00001111,15,0.98828125,0.98828125,0.986328125,0.8436898043017882,1.0,1.0,0.39794921875,0.9873046875,True,0.51171875,0.51275634765625,0.5842342327168083,0.963134765625,0.97998046875,0.361083984375,0.512237548828125,False,0.50048828125,0.50048828125,0.5023205456892734,0.564697265625,0.579833984375,-0.037353515625,0.50048828125,False,P
211,independent_carry,3,48,True,0.50048828125,00001111,15,0.974609375,0.974609375,0.9697265625,0.8235330276000534,1.0,1.0,0.395263671875,0.97216796875,True,0.525390625,0.52813720703125,0.5942917595040924,0.971435546875,0.98291015625,0.36669921875,0.526763916015625,False,0.50048828125,0.5008951822916666,0.5026235709495385,0.566162109375,0.584228515625,-0.03857421875,0.5006917317708333,False,P
211,independent_carry,4,49,True,0.499267578125,00001111,15,0.957763671875,0.957763671875,0.9520263671875,0.801647968353123,1.0,1.0,0.393798828125,0.95489501953125,True,0.542236328125,0.548095703125,0.6049151116002986,0.97705078125,0.9873046875,0.370849609375,0.545166015625,False,0.499267578125,0.5013020833333334,0.5029312964607431,0.569580078125,0.588134765625,-0.03662109375,0.5002848307291667,False,P
211,independent_carry,5,50,True,0.499755859375,00001111,15,0.943115234375,0.943115234375,0.93896484375,0.7813130633315828,1.0,1.0,0.392333984375,0.9410400390625,True,0.556884765625,0.560546875,0.6154923765639277,0.98291015625,0.990234375,0.375244140625,0.5587158203125,False,0.499755859375,0.5021158854166666,0.503209653407919,0.57421875,0.594482421875,-0.033447265625,0.5009358723958333,False,P
211,independent_carry,7,52,True,0.50634765625,00001111,15,0.90869140625,0.90869140625,0.907470703125,0.7379628440268704,0.999755859375,1.0,0.388671875,0.9080810546875,True,0.59130859375,0.5931396484375,0.6368339742846778,0.990478515625,0.99560546875,0.37939453125,0.59222412109375,False,0.50634765625,0.5065104166666666,0.5036733919835473,0.57373046875,0.615478515625,-0.037353515625,0.5064290364583333,False,P
211,independent_carry,9,54,True,0.50732421875,00001111,15,0.82275390625,0.82275390625,0.82275390625,0.6933777482944413,0.999755859375,1.0,0.37744140625,0.82275390625,False,0.67724609375,0.67926025390625,0.656502496487479,0.997314453125,0.998291015625,0.375,0.678253173828125,False,0.50732421875,0.5075276692708334,0.5040237738145928,0.58203125,0.634033203125,-0.040283203125,0.5074259440104167,False,mixed_or_none
211,independent_carry,13,58,True,0.50439453125,00110011,51,0.89794921875,0.60205078125,0.598388671875,0.6195306451017211,0.99951171875,1.0,0.374267578125,0.6002197265625,False,0.89794921875,0.8997802734375,0.6922571677985648,1.0,1.0,0.374755859375,0.89886474609375,False,0.50439453125,0.5055338541666666,0.5047993589310662,0.602294921875,0.66943359375,-0.02294921875,0.5049641927083333,False,mixed_or_none
211,independent_carry,17,62,True,0.5,00110011,51,0.99267578125,0.50732421875,0.5076904296875,0.5669693842594641,0.997314453125,0.999755859375,0.359619140625,0.50750732421875,False,0.99267578125,0.99359130859375,0.7290074873325425,1.0,1.0,0.3623046875,0.993133544921875,True,0.5,0.5000813802083334,0.5057359788571707,0.613525390625,0.69677734375,-0.024169921875,0.5000406901041667,False,Q
211,independent_carry,24,69,True,0.5,00110011,51,1.0,0.5,0.5,0.5163771160353463,0.994384765625,0.99951171875,0.3427734375,0.5,False,1.0,1.0,0.8046490862526048,1.0,1.0,0.348388671875,1.0,True,0.5,0.5,0.5073440987346536,0.63818359375,0.720947265625,-0.013427734375,0.5,False,Q
211,independent_carry,33,78,True,0.5,00110011,51,1.0,0.5,0.5,0.4949299553701445,0.994384765625,0.999267578125,0.3291015625,0.5,False,1.0,1.0,0.8848563784100029,1.0,1.0,0.334716796875,1.0,True,0.5,0.5,0.5088302087926194,0.663330078125,0.7294921875,-0.001953125,0.5,False,Q
211,independent_carry,45,90,True,0.5,00110011,51,1.0,0.5,0.5,0.4926603511710215,0.992919921875,0.9990234375,0.32421875,0.5,False,1.0,1.0,0.9101298748768887,1.0,1.0,0.331298828125,1.0,True,0.5,0.5000813802083334,0.5115370311138564,0.700927734375,0.752685546875,0.0322265625,0.5000406901041667,False,Q
211,independent_carry,62,107,True,0.5,00110011,51,1.0,0.5,0.4998779296875,0.49478084747549744,0.992919921875,0.9990234375,0.32958984375,0.49993896484375,False,1.0,0.9998779296875,0.8827215699583422,1.0,1.0,0.336669921875,0.99993896484375,True,0.5,0.5000813802083334,0.5241081738614883,0.7626953125,0.8076171875,0.099365234375,0.5000406901041667,False,Q
211,independent_carry,85,130,True,0.5068359375,00110011,51,0.9931640625,0.49853515625,0.4998779296875,0.5032529698994415,0.994873046875,0.999267578125,0.324951171875,0.49920654296875,False,0.9931640625,0.9925537109375,0.8628588124292439,1.0,1.0,0.330078125,0.99285888671875,True,0.5068359375,0.5073649088541666,0.5590229030716611,0.87158203125,0.924072265625,0.20166015625,0.5071004231770833,False,Q
211,independent_carry,117,162,True,0.6953125,00110011,51,0.8046875,0.50537109375,0.5076904296875,0.5067303053368909,0.99609375,0.99951171875,0.33203125,0.50653076171875,False,0.8046875,0.8033447265625,0.7572126015192009,1.0,1.0,0.3359375,0.80401611328125,False,0.6953125,0.6939290364583334,0.6926783955304986,0.97705078125,0.988525390625,0.31298828125,0.6946207682291667,False,mixed_or_none
211,independent_carry,128,173,True,0.767333984375,00010001,17,0.776611328125,0.507568359375,0.508544921875,0.5074406422450249,0.9970703125,0.99951171875,0.343017578125,0.508056640625,False,0.732666015625,0.729248046875,0.7146563052471372,1.0,1.0,0.345947265625,0.73095703125,False,0.767333984375,0.767333984375,0.74816323081109,0.99658203125,0.9970703125,0.342529296875,0.767333984375,False,mixed_or_none
211,independent_carry,161,206,True,0.9990234375,01010101,85,0.9990234375,0.5,0.5001220703125,0.4993427116992895,0.996826171875,1.0,0.34521484375,0.50006103515625,False,0.5009765625,0.5008544921875,0.5607959769344393,1.0,1.0,0.348388671875,0.50091552734375,False,0.9990234375,0.9991455078125,0.9287425460389955,1.0,1.0,0.348388671875,0.99908447265625,True,Y
211,independent_carry,222,267,True,1.0,01010101,85,1.0,0.5,0.5,0.49987469307883364,0.995361328125,1.0,0.338623046875,0.5,False,0.5,0.5,0.5107787661173897,1.0,1.0,0.34326171875,0.5,False,1.0,1.0,0.987333078904874,1.0,1.0,0.34326171875,1.0,True,Y
211,independent_carry,304,349,True,1.0,01010101,85,1.0,0.5,0.5,0.4998387858468269,0.994873046875,1.0,0.330322265625,0.5,False,0.5,0.5,0.5041119017920226,0.999755859375,1.0,0.335205078125,0.5,False,1.0,1.0,0.995179704976445,1.0,1.0,0.33544921875,1.0,True,Y
211,independent_carry,418,463,True,1.0,01010101,85,1.0,0.5,0.5,0.49992539625320176,0.994140625,1.0,0.332763671875,0.5,False,0.5,0.5,0.5018926776205741,0.999755859375,1.0,0.33837890625,0.5,False,1.0,1.0,0.9977835123802175,1.0,1.0,0.338623046875,1.0,True,Y
211,independent_carry,575,620,True,1.0,01010101,85,1.0,0.5,0.5,0.4999580255785458,0.993408203125,1.0,0.329345703125,0.5,False,0.5,0.5,0.5009456804382736,0.999755859375,1.0,0.335693359375,0.5,False,1.0,1.0,0.9988970959938432,1.0,1.0,0.3359375,1.0,True,Y
211,independent_carry,790,835,True,1.0,01010101,85,1.0,0.5,0.5,0.4999834868286607,0.99365234375,1.0,0.32568359375,0.5,False,0.5,0.5,0.5004816097050637,0.999755859375,1.0,0.331787109375,0.5,False,1.0,1.0,0.9994387871431929,1.0,1.0,0.33203125,1.0,True,Y
211,independent_carry,1024,1069,True,1.0,01010101,85,1.0,0.5,0.5,0.4999933796040714,0.993896484375,1.0,0.32080078125,0.5,False,0.5,0.5,0.5002810005700792,0.999755859375,1.0,0.32666015625,0.5,False,1.0,1.0,0.9996730936313931,1.0,1.0,0.326904296875,1.0,True,Y
211,independent_reset,0,45,True,0.500732421875,00001111,15,0.995849609375,0.995849609375,0.9959716796875,0.8717155323268554,1.0,1.0,0.40771484375,0.99591064453125,True,0.504150390625,0.50433349609375,0.5683554484101005,0.947265625,0.97119140625,0.35498046875,0.504241943359375,False,0.500732421875,0.5010986328125,0.5018904448976114,0.5576171875,0.57080078125,-0.03466796875,0.50091552734375,False,P
211,independent_reset,1,46,True,0.5009765625,00001111,15,0.99267578125,0.99267578125,0.9912109375,0.8518801095443579,1.0,1.0,0.4072265625,0.991943359375,True,0.50732421875,0.50701904296875,0.5777371504322037,0.954345703125,0.9755859375,0.361572265625,0.507171630859375,False,0.5009765625,0.5010172526041666,0.5021934627922257,0.5615234375,0.5771484375,-0.03125,0.5009969075520833,False,P
211,independent_reset,2,47,True,0.501953125,00001111,15,0.98681640625,0.98681640625,0.9849853515625,0.8303307974143076,1.0,1.0,0.40625,0.98590087890625,True,0.51318359375,0.51312255859375,0.5864736762791243,0.963134765625,0.979248046875,0.369384765625,0.513153076171875,False,0.501953125,0.5013427734375,0.5025194772283679,0.56201171875,0.582763671875,-0.03173828125,0.50164794921875,False,P
211,independent_reset,3,48,True,0.5029296875,00001111,15,0.9755859375,0.9755859375,0.9732666015625,0.8086609420444233,1.0,1.0,0.397705078125,0.97442626953125,True,0.5244140625,0.52557373046875,0.5948635038986814,0.9697265625,0.981201171875,0.367431640625,0.524993896484375,False,0.5029296875,0.5026448567708334,0.5028521334683723,0.561279296875,0.58642578125,-0.041015625,0.5027872721354167,False,P
211,independent_reset,4,49,True,0.503173828125,00001111,15,0.963623046875,0.963623046875,0.9609375,0.7872442665090069,1.0,1.0,0.392578125,0.9622802734375,True,0.536376953125,0.53814697265625,0.6029544520320118,0.974609375,0.984375,0.3671875,0.537261962890625,False,0.503173828125,0.5025634765625,0.503120936319924,0.564697265625,0.59228515625,-0.042724609375,0.50286865234375,False,P
211,independent_reset,5,50,True,0.503173828125,00001111,15,0.957763671875,0.957763671875,0.955810546875,0.7680315638053861,1.0,1.0,0.3876953125,0.956787109375,True,0.542236328125,0.5435791015625,0.6103800952355659,0.979248046875,0.987548828125,0.366943359375,0.54290771484375,False,0.503173828125,0.5028483072916666,0.5033315194763979,0.5634765625,0.5947265625,-0.048828125,0.5030110677083333,False,P
211,independent_reset,7,52,True,0.511474609375,00001111,15,0.924072265625,0.924072265625,0.925048828125,0.7295176815922255,1.0,1.0,0.382080078125,0.924560546875,True,0.575927734375,0.5738525390625,0.6237345147369731,0.987548828125,0.991943359375,0.36962890625,0.57489013671875,False,0.511474609375,0.5079752604166666,0.5037059698473302,0.56494140625,0.612060546875,-0.052978515625,0.5097249348958333,False,P
211,independent_reset,9,54,True,0.51025390625,00001111,15,0.8681640625,0.8681640625,0.8714599609375,0.6951222118992414,1.0,1.0,0.380859375,0.86981201171875,False,0.6318359375,0.6307373046875,0.6360330103225817,0.994873046875,0.99609375,0.375732421875,0.63128662109375,False,0.51025390625,0.5068766276041666,0.5040537259903042,0.57080078125,0.621826171875,-0.04833984375,0.5085652669270833,False,mixed_or_none
211,independent_reset,13,58,True,0.511474609375,00110011,51,0.801513671875,0.698486328125,0.6981201171875,0.6387218370764872,0.99951171875,1.0,0.379638671875,0.69830322265625,False,0.801513671875,0.80145263671875,0.6595244108240707,0.9990234375,0.998779296875,0.379150390625,0.801483154296875,False,0.511474609375,0.510498046875,0.504795044671635,0.587646484375,0.64404296875,-0.0322265625,0.510986328125,False,mixed_or_none
211,independent_reset,17,62,True,0.509033203125,00110011,51,0.938232421875,0.561767578125,0.5592041015625,0.5966480052980921,0.9990234375,1.0,0.36474609375,0.56048583984375,False,0.938232421875,0.94158935546875,0.685171330238897,1.0,0.999755859375,0.36572265625,0.939910888671875,True,0.509033203125,0.508056640625,0.5055511743117442,0.605224609375,0.66748046875,-0.029052734375,0.508544921875,False,Q
211,independent_reset,24,69,True,0.499755859375,00110011,51,0.999755859375,0.500244140625,0.5006103515625,0.5506494180740893,0.997314453125,0.999755859375,0.353759765625,0.50042724609375,False,0.999755859375,0.9996337890625,0.7436457066198261,1.0,1.0,0.3564453125,0.99969482421875,True,0.499755859375,0.4999186197916667,0.507008749523287,0.62158203125,0.69970703125,-0.02197265625,0.49983723958333337,False,Q
211,independent_reset,33,78,True,0.5,00110011,51,1.0,0.5,0.5,0.5181765633033979,0.99609375,1.0,0.3388671875,0.5,False,1.0,1.0,0.8325040123691645,1.0,1.0,0.3427734375,1.0,True,0.5,0.5,0.5088381568841113,0.638671875,0.71875,-0.0185546875,0.5,False,Q
211,independent_reset,45,90,True,0.5,00110011,51,1.0,0.5,0.5,0.5023571306358245,0.9951171875,1.0,0.3173828125,0.5,False,1.0,1.0,0.9020580842148731,1.0,1.0,0.322265625,1.0,True,0.5,0.5,0.5096849932664369,0.673583984375,0.736572265625,-0.004150390625,0.5,False,Q
211,independent_reset,62,107,True,0.5,00110011,51,1.0,0.5,0.4998779296875,0.4960562566003287,0.99609375,1.0,0.333251953125,0.49993896484375,False,1.0,1.0,0.8969149724774886,1.0,1.0,0.337158203125,1.0,True,0.5,0.5,0.5168554887341805,0.712646484375,0.77783203125,0.0498046875,0.5,False,Q
211,independent_reset,85,130,True,0.502197265625,00110011,51,0.997802734375,0.498779296875,0.4993896484375,0.5024209649609396,0.997314453125,1.0,0.32275390625,0.49908447265625,False,0.997802734375,0.99798583984375,0.8729294423556305,1.0,1.0,0.325439453125,0.997894287109375,True,0.502197265625,0.5021158854166666,0.5393379446986728,0.809814453125,0.877197265625,0.13525390625,0.5021565755208333,False,Q
211,independent_reset,117,162,True,0.573974609375,00110011,51,0.926025390625,0.495849609375,0.5001220703125,0.5062445740833796,0.998046875,1.0,0.32763671875,0.49798583984375,False,0.926025390625,0.92315673828125,0.8084766993478043,1.0,1.0,0.32958984375,0.924591064453125,True,0.573974609375,0.5740152994791666,0.6310527904095032,0.9716796875,0.98583984375,0.30126953125,0.5739949544270833,False,Q
211,independent_reset,128,173,True,0.657958984375,00110011,51,0.842041015625,0.509521484375,0.510009765625,0.5086922542750735,0.99853515625,1.0,0.347900390625,0.509765625,False,0.842041015625,0.83740234375,0.7691229579991296,1.0,1.0,0.349365234375,0.8397216796875,False,0.657958984375,0.6586100260416666,0.6835039454109549,0.9921875,0.99658203125,0.341552734375,0.6582845052083333,False,mixed_or_none
211,independent_reset,161,206,True,0.99365234375,01010101,85,0.99365234375,0.498046875,0.4971923828125,0.49732328716074076,0.99853515625,1.0,0.335205078125,0.49761962890625,False,0.50634765625,0.50750732421875,0.5880726269499906,0.999755859375,1.0,0.33642578125,0.506927490234375,False,0.99365234375,0.9925944010416667,0.8972806178856572,1.0,1.0,0.336669921875,0.9931233723958334,True,Y
211,independent_reset,222,267,True,1.0,01010101,85,1.0,0.5,0.5,0.5000842733612011,0.99755859375,1.0,0.3251953125,0.5,False,0.5,0.5,0.512263385079596,0.99951171875,1.0,0.3271484375,0.5,False,1.0,1.0,0.9856811642599459,1.0,1.0,0.32763671875,1.0,True,Y
211,independent_reset,304,349,True,1.0,01010101,85,1.0,0.5,0.5,0.49988284693241236,0.99609375,1.0,0.321533203125,0.5,False,0.5,0.5,0.503781562316545,0.99951171875,1.0,0.324951171875,0.5,False,1.0,1.0,0.9955604330555041,1.0,1.0,0.325439453125,1.0,True,Y
211,independent_reset,418,463,True,1.0,01010101,85,1.0,0.5,0.5,0.4999645487072182,0.995849609375,1.0,0.317138671875,0.5,False,0.5,0.5,0.5014558852049864,0.999755859375,1.0,0.321044921875,0.5,False,1.0,1.0,0.9982864090705046,1.0,1.0,0.3212890625,1.0,True,Y
211,independent_reset,575,620,True,1.0,01010101,85,1.0,0.5,0.5,0.49998829018915925,0.996337890625,1.0,0.309326171875,0.5,False,0.5,0.5,0.5006108340201421,0.999755859375,1.0,0.312744140625,0.5,False,1.0,1.0,0.9992800296510163,1.0,1.0,0.31298828125,1.0,True,Y
211,independent_reset,790,835,True,1.0,01010101,85,1.0,0.5,0.5,0.49999577602074435,0.99658203125,1.0,0.318603515625,0.5,False,0.5,0.5,0.5002725530786105,0.999755859375,1.0,0.32177734375,0.5,False,1.0,1.0,0.9996786099997912,1.0,1.0,0.322021484375,1.0,True,Y
211,independent_reset,1024,1069,True,1.0,01010101,85,1.0,0.5,0.5,0.49999829263710344,0.996826171875,1.0,0.319091796875,0.5,False,0.5,0.5,0.5001461075664226,0.999755859375,1.0,0.322021484375,0.5,False,1.0,1.0,0.9998279252567661,1.0,1.0,0.322265625,1.0,True,Y
211,nested_carry,0,45,True,0.5,00001111,15,1.0,1.0,1.0,0.8684850917037912,1.0,1.0,0.417236328125,1.0,True,0.5,0.50006103515625,0.5228753683390833,0.78759765625,0.857666015625,0.204833984375,0.500030517578125,False,0.5,0.5001220703125,0.5020482888061748,0.55517578125,0.59228515625,-0.027587890625,0.50006103515625,False,P
211,nested_carry,1,46,True,0.5,00001111,15,1.0,1.0,1.0,0.8587572406671844,1.0,1.0,0.41748046875,1.0,True,0.5,0.50006103515625,0.523681960446336,0.791748046875,0.859130859375,0.209228515625,0.500030517578125,False,0.5,0.5000813802083334,0.5021842669575347,0.5615234375,0.6005859375,-0.02099609375,0.5000406901041667,False,P
211,nested_carry,2,47,True,0.5,00001111,15,1.0,1.0,1.0,0.8433005353937426,1.0,1.0,0.416259765625,1.0,True,0.5,0.50006103515625,0.5250759273895089,0.79833984375,0.864013671875,0.214599609375,0.500030517578125,False,0.5,0.5001220703125,0.5023946599532401,0.563720703125,0.60986328125,-0.02001953125,0.50006103515625,False,P
211,nested_carry,3,48,True,0.5,00001111,15,1.0,1.0,0.9998779296875,0.8236426072417029,1.0,1.0,0.415283203125,0.99993896484375,True,0.5,0.50018310546875,0.5268249280583384,0.804931640625,0.868896484375,0.22021484375,0.500091552734375,False,0.5,0.500244140625,0.502665626690164,0.561279296875,0.61669921875,-0.0234375,0.5001220703125,False,P
211,nested_carry,4,49,True,0.499267578125,00001111,15,0.999267578125,0.999267578125,0.9993896484375,0.7996155329202062,1.0,1.0,0.412353515625,0.99932861328125,True,0.500732421875,0.500732421875,0.5288025931232619,0.810302734375,0.873291015625,0.22265625,0.500732421875,False,0.499267578125,0.5000406901041666,0.5029719860357668,0.56884765625,0.623046875,-0.018798828125,0.4996541341145833,False,P
211,nested_carry,5,50,True,0.49951171875,00001111,15,0.99853515625,0.99853515625,0.9986572265625,0.77246818284113,1.0,1.0,0.41064453125,0.99859619140625,True,0.50146484375,0.50146484375,0.5308096810145785,0.817626953125,0.878662109375,0.228271484375,0.50146484375,False,0.49951171875,0.5004069010416666,0.503318910887426,0.5712890625,0.632568359375,-0.01806640625,0.4999593098958333,False,P
211,nested_carry,7,52,True,0.501220703125,00001111,15,0.992431640625,0.992431640625,0.9931640625,0.7134238778932809,1.0,1.0,0.412109375,0.9927978515625,True,0.507568359375,0.5069580078125,0.5339267924642025,0.834228515625,0.893798828125,0.246337890625,0.50726318359375,False,0.501220703125,0.5027262369791666,0.5039630906922854,0.577392578125,0.6484375,-0.010498046875,0.5019734700520833,False,P
211,nested_carry,9,54,True,0.504150390625,00001111,15,0.979248046875,0.979248046875,0.98095703125,0.6590193888453166,0.99951171875,1.0,0.41748046875,0.9801025390625,True,0.520751953125,0.51983642578125,0.5349727359585849,0.843505859375,0.912841796875,0.261474609375,0.520294189453125,False,0.504150390625,0.505859375,0.5043768639518225,0.584228515625,0.672607421875,0.002197265625,0.5050048828125,False,P
211,nested_carry,13,58,True,0.512939453125,00001111,15,0.928466796875,0.928466796875,0.9306640625,0.5838304815346329,0.99609375,1.0,0.3974609375,0.9295654296875,True,0.568603515625,0.56646728515625,0.5325756017166807,0.85888671875,0.940185546875,0.26025390625,0.567535400390625,False,0.512939453125,0.5138346354166666,0.5047181742083072,0.59814453125,0.70703125,-0.00048828125,0.5133870442708333,False,P
211,nested_carry,17,62,True,0.52978515625,00001111,15,0.822265625,0.822265625,0.8179931640625,0.548767741053988,0.988525390625,1.0,0.373779296875,0.82012939453125,False,0.66064453125,0.659912109375,0.5314994116253076,0.87548828125,0.962890625,0.2607421875,0.6602783203125,False,0.52978515625,0.5267740885416666,0.5051063245598686,0.626953125,0.732666015625,0.01220703125,0.5282796223958333,False,mixed_or_none
211,nested_carry,24,69,True,0.531005859375,00110011,51,0.795166015625,0.681396484375,0.67724609375,0.5304074616282984,0.97119140625,1.0,0.3486328125,0.6793212890625,False,0.795166015625,0.79644775390625,0.5424968186691791,0.926513671875,0.989990234375,0.303955078125,0.795806884765625,False,0.531005859375,0.5343831380208334,0.5069093456949176,0.664306640625,0.7568359375,0.041748046875,0.5326944986979167,False,mixed_or_none
211,nested_carry,33,78,True,0.52685546875,00110011,51,0.93115234375,0.5634765625,0.5623779296875,0.5331639591051135,0.972900390625,1.0,0.34033203125,0.56292724609375,False,0.93115234375,0.93341064453125,0.5890436581201518,0.99072265625,0.999755859375,0.358154296875,0.932281494140625,True,0.52685546875,0.5258382161458334,0.5121450712604594,0.6953125,0.77490234375,0.062744140625,0.5263468424479167,False,Q
211,nested_carry,45,90,True,0.50146484375,00110011,51,0.99853515625,0.50146484375,0.5010986328125,0.5410716684283278,0.985595703125,1.0,0.3505859375,0.50128173828125,False,0.99853515625,0.998779296875,0.7390251499462771,1.0,1.0,0.364990234375,0.9986572265625,True,0.50146484375,0.5016276041666666,0.522986841590115,0.747314453125,0.824951171875,0.1123046875,0.5015462239583333,False,Q
211,nested_carry,62,107,True,0.5,00110011,51,1.0,0.5,0.5,0.5058840438012442,0.992431640625,1.0,0.337890625,0.5,False,1.0,1.0,0.9047074802998365,1.0,1.0,0.345458984375,1.0,True,0.5,0.5,0.5271768834693581,0.855712890625,0.913330078125,0.201171875,0.5,False,Q
211,nested_carry,85,130,True,0.523681640625,00110011,51,0.976318359375,0.493408203125,0.4952392578125,0.4994495275931288,0.99658203125,0.999755859375,0.334228515625,0.49432373046875,False,0.976318359375,0.9749755859375,0.8333282342749364,1.0,1.0,0.337646484375,0.97564697265625,True,0.523681640625,0.5249430338541666,0.5945686373376986,0.947998046875,0.9697265625,0.28564453125,0.5243123372395833,False,Q
211,nested_carry,117,162,True,0.827880859375,01010101,85,0.827880859375,0.497314453125,0.503173828125,0.5029523629353814,0.99560546875,1.0,0.328369140625,0.500244140625,False,0.672119140625,0.67242431640625,0.6904750188991027,1.0,1.0,0.332763671875,0.672271728515625,False,0.827880859375,0.8258870442708333,0.7760851034428291,0.99853515625,0.9990234375,0.331298828125,0.8268839518229166,False,mixed_or_none
211,nested_carry,128,173,True,0.93505859375,01010101,85,0.93505859375,0.49560546875,0.499267578125,0.5032974709243468,0.995849609375,1.0,0.3427734375,0.4974365234375,False,0.56494140625,0.56561279296875,0.635768090517826,1.0,1.0,0.346923828125,0.565277099609375,False,0.93505859375,0.9331461588541667,0.8410676449560659,1.0,1.0,0.346923828125,0.9341023763020834,True,Y
211,nested_carry,161,206,True,1.0,01010101,85,1.0,0.5,0.5,0.500694649217819,0.996826171875,1.0,0.341552734375,0.5,False,0.5,0.5,0.5299354765487322,0.999755859375,1.0,0.344482421875,0.5,False,1.0,1.0,0.9648058702027793,1.0,1.0,0.3447265625,1.0,True,Y
211,nested_carry,222,267,True,1.0,01010101,85,1.0,0.5,0.5,0.5004115909878037,0.99658203125,1.0,0.3427734375,0.5,False,0.5,0.5,0.5071876172521007,0.999755859375,1.0,0.345947265625,0.5,False,1.0,1.0,0.9915367816685856,1.0,1.0,0.34619140625,1.0,True,Y
211,nested_carry,304,349,True,1.0,01010101,85,1.0,0.5,0.5,0.500117817014378,0.99560546875,1.0,0.34228515625,0.5,False,0.5,0.5,0.503044776791792,0.999755859375,1.0,0.346435546875,0.5,False,1.0,1.0,0.99640120183402,1.0,1.0,0.3466796875,1.0,True,Y
211,nested_carry,418,463,True,1.0,01010101,85,1.0,0.5,0.5,0.5000529719199606,0.994140625,1.0,0.34033203125,0.5,False,0.5,0.5,0.5014997430501015,0.999755859375,1.0,0.345947265625,0.5,False,1.0,1.0,0.9982259680335333,1.0,1.0,0.34619140625,1.0,True,Y
211,nested_carry,575,620,True,1.0,01010101,85,1.0,0.5,0.5,0.5000243149378656,0.994384765625,1.0,0.34423828125,0.5,False,0.5,0.5,0.5007739992034071,0.999755859375,1.0,0.349609375,0.5,False,1.0,1.0,0.9990825408269786,1.0,1.0,0.349853515625,1.0,True,Y
211,nested_carry,790,835,True,1.0,01010101,85,1.0,0.5,0.5,0.5000105094930282,0.99365234375,1.0,0.339599609375,0.5,False,0.5,0.5,0.5004056359181278,0.999755859375,1.0,0.345703125,0.5,False,1.0,1.0,0.9995182576214594,1.0,1.0,0.345947265625,1.0,True,Y
211,nested_carry,1024,1069,True,1.0,01010101,85,1.0,0.5,0.5,0.5000053669756745,0.994140625,1.0,0.337890625,0.5,False,0.5,0.5,0.5002405244609062,0.999755859375,1.0,0.343505859375,0.5,False,1.0,1.0,0.9997141704345056,1.0,1.0,0.34375,1.0,True,Y
211,nested_reset,0,45,True,0.5,00001111,15,1.0,1.0,1.0,0.8684850917037912,1.0,1.0,0.417236328125,1.0,True,0.5,0.50006103515625,0.5228753683390833,0.78759765625,0.857666015625,0.204833984375,0.500030517578125,False,0.5,0.5001220703125,0.5020482888061748,0.55517578125,0.59228515625,-0.027587890625,0.50006103515625,False,P
211,nested_reset,1,46,True,0.5,00001111,15,1.0,1.0,1.0,0.8464659373633029,1.0,1.0,0.420654296875,1.0,True,0.5,0.50018310546875,0.5255842857089148,0.797607421875,0.864501953125,0.21826171875,0.500091552734375,False,0.5,0.5001627604166666,0.5023296314644764,0.564697265625,0.603271484375,-0.0146484375,0.5000813802083333,False,P
211,nested_reset,2,47,True,0.499755859375,00001111,15,0.999755859375,0.999755859375,0.999755859375,0.8226418356630112,1.0,1.0,0.424560546875,0.999755859375,True,0.500244140625,0.50042724609375,0.5279955050930802,0.806640625,0.870849609375,0.231201171875,0.500335693359375,False,0.499755859375,0.5001627604166666,0.5026261305155669,0.56787109375,0.608642578125,-0.007568359375,0.4999593098958333,False,P
211,nested_reset,3,48,True,0.49951171875,00001111,15,0.99853515625,0.99853515625,0.9989013671875,0.797919367296642,1.0,1.0,0.41845703125,0.99871826171875,True,0.50146484375,0.50128173828125,0.530195493667207,0.8115234375,0.878173828125,0.22998046875,0.501373291015625,False,0.49951171875,0.5002848307291666,0.5029352969658113,0.564208984375,0.61279296875,-0.017333984375,0.4998982747395833,False,P
211,nested_reset,4,49,True,0.49951171875,00001111,15,0.99658203125,0.99658203125,0.9971923828125,0.7720366755102526,1.0,1.0,0.415283203125,0.99688720703125,True,0.50341796875,0.5028076171875,0.5322155306150911,0.820068359375,0.884521484375,0.2353515625,0.50311279296875,False,0.49951171875,0.5006103515625,0.5032205546627173,0.564208984375,0.62109375,-0.0205078125,0.50006103515625,False,P
211,nested_reset,5,50,True,0.50146484375,00001111,15,0.99462890625,0.99462890625,0.9954833984375,0.7458760002217983,1.0,1.0,0.414794921875,0.99505615234375,True,0.50537109375,0.50469970703125,0.5339493846114024,0.82666015625,0.890869140625,0.241455078125,0.505035400390625,False,0.50146484375,0.5016276041666666,0.5034906861580467,0.572021484375,0.6279296875,-0.01318359375,0.5015462239583333,False,P
211,nested_reset,7,52,True,0.501953125,00001111,15,0.986328125,0.986328125,0.986083984375,0.6956953695343775,1.0,1.0,0.41845703125,0.9862060546875,True,0.513671875,0.513671875,0.536153403829621,0.8427734375,0.90380859375,0.26123046875,0.513671875,False,0.501953125,0.5038655598958334,0.5039266575910949,0.57958984375,0.640869140625,-0.001953125,0.5029093424479167,False,P
211,nested_reset,9,54,True,0.504638671875,00001111,15,0.975341796875,0.975341796875,0.9775390625,0.6550276685970203,0.99951171875,1.0,0.41357421875,0.9764404296875,True,0.524658203125,0.52410888671875,0.5370285899488545,0.860107421875,0.9169921875,0.274169921875,0.524383544921875,False,0.504638671875,0.5059814453125,0.5042126545510236,0.583251953125,0.655029296875,-0.002685546875,0.50531005859375,False,P
211,nested_reset,13,58,True,0.510498046875,00001111,15,0.945556640625,0.945556640625,0.9453125,0.5976267708642801,0.998291015625,1.0,0.4091796875,0.9454345703125,True,0.553955078125,0.5537109375,0.5370047640763039,0.885009765625,0.940185546875,0.2958984375,0.5538330078125,False,0.510498046875,0.5107421875,0.5046879621007374,0.599853515625,0.677734375,0.0107421875,0.5106201171875,False,P
211,nested_reset,17,62,True,0.5185546875,00001111,15,0.8505859375,0.8505859375,0.847900390625,0.5657184360080798,0.99609375,1.0,0.38818359375,0.8492431640625,False,0.638671875,0.63800048828125,0.5383178190422043,0.91552734375,0.96142578125,0.3076171875,0.638336181640625,False,0.5185546875,0.5201822916666666,0.5051901206418297,0.615478515625,0.701171875,0.007568359375,0.5193684895833333,False,mixed_or_none
211,nested_reset,24,69,True,0.527099609375,00010011,19,0.793212890625,0.725341796875,0.7215576171875,0.5459231292455223,0.99462890625,0.999755859375,0.369384765625,0.72344970703125,False,0.768798828125,0.77130126953125,0.551960619125795,0.9677734375,0.9833984375,0.342529296875,0.770050048828125,False,0.527099609375,0.53076171875,0.506710517333573,0.645751953125,0.731689453125,0.0205078125,0.5289306640625,False,mixed_or_none
211,nested_reset,33,78,True,0.526611328125,00110011,51,0.922119140625,0.577392578125,0.5771484375,0.5482258016931553,0.9951171875,1.0,0.356689453125,0.5772705078125,False,0.922119140625,0.92388916015625,0.5991280061260493,0.997802734375,0.998779296875,0.359375,0.923004150390625,True,0.526611328125,0.5247395833333334,0.5108021085531081,0.676513671875,0.759033203125,0.0380859375,0.5256754557291667,False,Q
211,nested_reset,45,90,True,0.501953125,00110011,51,0.99755859375,0.50244140625,0.502197265625,0.5552151316036534,0.996337890625,1.0,0.343017578125,0.5023193359375,False,0.99755859375,0.99798583984375,0.7325634978415488,1.0,1.0,0.3466796875,0.997772216796875,True,0.501953125,0.5020751953125,0.5186076157557097,0.723876953125,0.793701171875,0.070556640625,0.50201416015625,False,Q
211,nested_reset,62,107,True,0.5,00110011,51,1.0,0.5,0.5,0.5078425157706098,0.999267578125,1.0,0.309326171875,0.5,False,1.0,1.0,0.9000872877366484,1.0,1.0,0.31005859375,1.0,True,0.5,0.5,0.5211812145825064,0.82421875,0.8994140625,0.13427734375,0.5,False,Q
211,nested_reset,85,130,True,0.510009765625,00110011,51,0.989990234375,0.497314453125,0.49853515625,0.49862392486935786,0.999755859375,1.0,0.313720703125,0.4979248046875,False,0.989990234375,0.98956298828125,0.8586066400008776,1.0,1.0,0.31396484375,0.989776611328125,True,0.510009765625,0.510009765625,0.5633674131967433,0.93310546875,0.970458984375,0.2470703125,0.510009765625,False,Q
211,nested_reset,117,162,True,0.703857421875,00010011,19,0.800537109375,0.514892578125,0.51416015625,0.5073516376967816,0.999267578125,1.0,0.2841796875,0.5145263671875,False,0.796142578125,0.7950439453125,0.7469533866511443,1.0,1.0,0.284912109375,0.79559326171875,False,0.703857421875,0.7038981119791666,0.7064085642935168,0.997314453125,0.999267578125,0.2822265625,0.7038777669270833,False,mixed_or_none
211,nested_reset,128,173,True,0.823974609375,01010101,85,0.823974609375,0.515869140625,0.5177001953125,0.5090031260587076,0.999755859375,1.0,0.2978515625,0.51678466796875,False,0.676025390625,0.6744384765625,0.6927235476346545,1.0,1.0,0.298095703125,0.67523193359375,False,0.823974609375,0.8236490885416667,0.774282560756635,1.0,1.0,0.298095703125,0.8238118489583334,False,mixed_or_none
211,nested_reset,161,206,True,1.0,01010101,85,1.0,0.5,0.5,0.5002493805689713,1.0,1.0,0.31787109375,0.5,False,0.5,0.5,0.5427762898429015,0.99951171875,1.0,0.3173828125,0.5,False,1.0,1.0,0.9496485420074139,1.0,1.0,0.31787109375,1.0,True,Y
211,nested_reset,222,267,True,1.0,01010101,85,1.0,0.5,0.5,0.5001504657386378,1.0,1.0,0.330322265625,0.5,False,0.5,0.5,0.5083435449794071,0.9990234375,1.0,0.329345703125,0.5,False,1.0,1.0,0.9902011942568636,1.0,1.0,0.330322265625,1.0,True,Y
211,nested_reset,304,349,True,1.0,01010101,85,1.0,0.5,0.5,0.49997841082124556,1.0,1.0,0.33984375,0.5,False,0.5,0.5,0.5033465738865567,0.99853515625,1.0,0.33837890625,0.5,False,1.0,1.0,0.9960665692738773,1.0,1.0,0.33984375,1.0,True,Y
211,nested_reset,418,463,True,1.0,01010101,85,1.0,0.5,0.5,0.4999816514929231,1.0,1.0,0.34375,0.5,False,0.5,0.5,0.5015816253215069,0.99853515625,1.0,0.34228515625,0.5,False,1.0,1.0,0.9981414423836066,1.0,1.0,0.34375,1.0,True,Y
211,nested_reset,575,620,True,1.0,01010101,85,1.0,0.5,0.5,0.4999811855736396,1.0,1.0,0.347412109375,0.5,False,0.5,0.5,0.5008020000217527,0.99853515625,1.0,0.345947265625,0.5,False,1.0,1.0,0.9990570461985111,1.0,1.0,0.347412109375,1.0,True,Y
211,nested_reset,790,835,True,1.0,01010101,85,1.0,0.5,0.5,0.4999902294092969,1.0,1.0,0.346435546875,0.5,False,0.5,0.5,0.5004136605626394,0.99853515625,1.0,0.344970703125,0.5,False,1.0,1.0,0.9995128847908312,1.0,1.0,0.346435546875,1.0,True,Y
211,nested_reset,1024,1069,True,1.0,01010101,85,1.0,0.5,0.5,0.49999517546581107,1.0,1.0,0.345703125,0.5,False,0.5,0.5,0.500242877615092,0.99853515625,1.0,0.34423828125,0.5,False,1.0,1.0,0.9997139442303202,1.0,1.0,0.345703125,1.0,True,Y
211,scratch,0,45,True,0.501953125,00000000,0,0.73486328125,0.48291015625,0.4794921875,0.49830020401385045,0.986083984375,0.999267578125,0.411376953125,0.481201171875,False,0.51025390625,0.5201416015625,0.5006742922228479,0.640380859375,0.71630859375,0.065673828125,0.51519775390625,False,0.501953125,0.503662109375,0.5001019567110706,0.546875,0.517822265625,-0.02783203125,0.5028076171875,False,mixed_or_none
211,scratch,1,46,True,0.506103515625,00000000,0,0.906005859375,0.486083984375,0.489990234375,0.497175948175468,0.986572265625,0.999755859375,0.41259765625,0.488037109375,False,0.530517578125,0.529541015625,0.5014023296954611,0.639404296875,0.71826171875,0.0654296875,0.530029296875,False,0.506103515625,0.5072835286458334,0.5001768456426263,0.539306640625,0.518798828125,-0.03466796875,0.5066935221354167,False,mixed_or_none
211,scratch,2,47,True,0.50341796875,00000000,0,0.9755859375,0.498046875,0.4998779296875,0.49690014321430837,0.98828125,0.999755859375,0.41845703125,0.49896240234375,False,0.51171875,0.513916015625,0.5019958219316695,0.650146484375,0.72265625,0.080322265625,0.5128173828125,False,0.50341796875,0.5034586588541666,0.5002616319295604,0.543212890625,0.51708984375,-0.026611328125,0.5034383138020833,False,mixed_or_none
211,scratch,3,48,True,0.503173828125,00000000,0,0.977783203125,0.501708984375,0.502197265625,0.49777879183416485,0.9873046875,0.999755859375,0.4169921875,0.501953125,False,0.513916015625,0.51556396484375,0.5026898265756516,0.660888671875,0.726318359375,0.090576171875,0.514739990234375,False,0.503173828125,0.5030110677083334,0.5003523292352043,0.5361328125,0.515869140625,-0.0341796875,0.5030924479166667,False,mixed_or_none
211,scratch,4,49,True,0.507568359375,00000000,0,0.954345703125,0.502685546875,0.50390625,0.49807901342611843,0.9873046875,0.99951171875,0.416259765625,0.5032958984375,False,0.528076171875,0.52960205078125,0.5034430635753129,0.67041015625,0.73095703125,0.099365234375,0.528839111328125,False,0.507568359375,0.506103515625,0.5004253177009119,0.537841796875,0.515869140625,-0.033203125,0.5068359375,False,mixed_or_none
211,scratch,5,50,True,0.5126953125,00000000,0,0.88037109375,0.50146484375,0.5035400390625,0.49808579482179144,0.98681640625,0.999267578125,0.419921875,0.50250244140625,False,0.55810546875,0.55767822265625,0.5040913660696749,0.679443359375,0.73388671875,0.112548828125,0.557891845703125,False,0.5126953125,0.51220703125,0.500484487225102,0.53955078125,0.51611328125,-0.02734375,0.512451171875,False,mixed_or_none
211,scratch,7,52,True,0.500732421875,00010000,16,0.578369140625,0.485595703125,0.4776611328125,0.4982059227331696,0.98583984375,0.999267578125,0.422119140625,0.48162841796875,False,0.563720703125,0.56549072265625,0.5053480104114781,0.69384765625,0.74267578125,0.130126953125,0.564605712890625,False,0.500732421875,0.5045572916666666,0.5005805265478952,0.539794921875,0.51318359375,-0.02392578125,0.5026448567708333,False,mixed_or_none
211,scratch,9,54,True,0.5009765625,11110011,243,0.576171875,0.47119140625,0.4697265625,0.49848109946654134,0.985595703125,0.9990234375,0.4208984375,0.470458984375,False,0.55029296875,0.55169677734375,0.506920693675638,0.727783203125,0.7587890625,0.1630859375,0.550994873046875,False,0.5009765625,0.503662109375,0.5007099808503703,0.547607421875,0.5126953125,-0.01708984375,0.5023193359375,False,mixed_or_none
211,scratch,13,58,True,0.509765625,00110011,51,0.5888671875,0.48291015625,0.4764404296875,0.4992601847296804,0.982177734375,0.99853515625,0.41064453125,0.47967529296875,False,0.5888671875,0.59136962890625,0.511207881488621,0.80029296875,0.79296875,0.228759765625,0.590118408203125,False,0.509765625,0.51318359375,0.50110778830635,0.56640625,0.51416015625,-0.005126953125,0.511474609375,False,mixed_or_none
211,scratch,17,62,True,0.512451171875,00110011,51,0.644775390625,0.491455078125,0.4862060546875,0.4995417242870646,0.979736328125,0.99853515625,0.3974609375,0.48883056640625,False,0.644775390625,0.64373779296875,0.5178155488457398,0.861328125,0.82666015625,0.279052734375,0.644256591796875,False,0.512451171875,0.5187581380208334,0.50160610747585,0.584228515625,0.51611328125,0.001953125,0.5156046549479167,False,mixed_or_none
211,scratch,24,69,True,0.522216796875,00110011,51,0.757568359375,0.500732421875,0.49658203125,0.5009816478617013,0.978759765625,0.998779296875,0.369140625,0.4986572265625,False,0.757568359375,0.75567626953125,0.5382736825401147,0.965576171875,0.896484375,0.35595703125,0.756622314453125,False,0.522216796875,0.5263671875,0.5026140517828416,0.611572265625,0.52099609375,0.001953125,0.5242919921875,False,mixed_or_none
211,scratch,33,78,True,0.504638671875,00110011,51,0.919677734375,0.498779296875,0.4981689453125,0.5019280569073293,0.9833984375,0.99853515625,0.3486328125,0.49847412109375,False,0.919677734375,0.9202880859375,0.6032875541002334,1.0,0.9716796875,0.365234375,0.91998291015625,True,0.504638671875,0.5071207682291666,0.5039019205574843,0.62060546875,0.550537109375,-0.01416015625,0.5058797200520833,False,Q
211,scratch,45,90,True,0.500732421875,00110011,51,0.998779296875,0.500244140625,0.4998779296875,0.5027908009330468,0.9833984375,0.99951171875,0.308837890625,0.50006103515625,False,0.998779296875,0.99853515625,0.7829687709029362,1.0,1.0,0.325439453125,0.9986572265625,True,0.500732421875,0.5008951822916666,0.5052386498225506,0.690673828125,0.59912109375,0.01611328125,0.5008138020833333,False,Q
211,scratch,62,107,True,0.5,00110011,51,1.0,0.5,0.5,0.49621757599808003,0.970458984375,0.9990234375,0.29345703125,0.5,False,1.0,1.0,0.9186377935721295,1.0,1.0,0.322998046875,1.0,True,0.5,0.5,0.5076860567056074,0.79052734375,0.759521484375,0.113525390625,0.5,False,Q
211,scratch,85,130,True,0.502685546875,00110011,51,0.997314453125,0.501220703125,0.5009765625,0.5068892365958184,0.9501953125,0.99609375,0.241455078125,0.5010986328125,False,0.997314453125,0.997802734375,0.866330479342118,1.0,1.0,0.291259765625,0.99755859375,True,0.502685546875,0.5021158854166666,0.5392826358388948,0.94775390625,0.94287109375,0.239013671875,0.5024007161458333,False,Q
211,scratch,117,162,True,0.70849609375,00110011,51,0.79150390625,0.50634765625,0.5074462890625,0.5048453809478685,0.94677734375,0.990234375,0.207763671875,0.50689697265625,False,0.79150390625,0.7913818359375,0.7450186488839498,1.0,1.0,0.260986328125,0.79144287109375,False,0.70849609375,0.7072347005208334,0.7100903827735715,1.0,1.0,0.260986328125,0.7078653971354167,False,mixed_or_none
211,scratch,128,173,True,0.887939453125,01010101,85,0.887939453125,0.518310546875,0.5128173828125,0.5045113839140248,0.941162109375,0.990966796875,0.193115234375,0.51556396484375,False,0.612060546875,0.611083984375,0.6668866169442131,1.0,1.0,0.251953125,0.611572265625,False,0.887939453125,0.8888753255208333,0.8069629150586828,1.0,1.0,0.251953125,0.8884073893229166,False,mixed_or_none
211,scratch,161,206,True,1.0,01010101,85,1.0,0.5,0.5,0.5005028242948665,0.93798828125,0.989501953125,0.204345703125,0.5,False,0.5,0.5,0.5265802703343758,1.0,0.99951171875,0.266357421875,0.5,False,1.0,1.0,0.9690934416104522,1.0,1.0,0.266357421875,1.0,True,Y
211,scratch,222,267,True,1.0,01010101,85,1.0,0.5,0.5,0.5000555128112946,0.928955078125,0.98388671875,0.1904296875,0.5,False,0.5,0.5,0.5061025881553932,1.0,0.99951171875,0.261474609375,0.5,False,1.0,1.0,0.9929231660021134,1.0,1.0,0.261474609375,1.0,True,Y
211,scratch,304,349,True,1.0,01010101,85,1.0,0.5,0.5,0.4999758836907609,0.92578125,0.977783203125,0.191650390625,0.5,False,0.5,0.5,0.5025951089352002,1.0,0.99951171875,0.265869140625,0.5,False,1.0,1.0,0.9969876527676653,1.0,1.0,0.265869140625,1.0,True,Y
211,scratch,418,463,True,1.0,01010101,85,1.0,0.5,0.5,0.4999905944338475,0.923828125,0.975830078125,0.19287109375,0.5,False,0.5,0.5,0.5012556992349718,1.0,0.999267578125,0.26904296875,0.5,False,1.0,1.0,0.99854346749143,1.0,1.0,0.26904296875,1.0,True,Y
211,scratch,575,620,True,1.0,01010101,85,1.0,0.5,0.5,0.4999956206906595,0.92529296875,0.9736328125,0.189453125,0.5,False,0.5,0.5,0.5006324456203668,1.0,0.999267578125,0.26416015625,0.5,False,1.0,1.0,0.999264604995739,1.0,1.0,0.26416015625,1.0,True,Y
211,scratch,790,835,True,1.0,01010101,85,1.0,0.5,0.5,0.49999658957589754,0.9267578125,0.972900390625,0.1904296875,0.5,False,0.5,0.5,0.5003277061473647,1.0,0.9990234375,0.263671875,0.5,False,1.0,1.0,0.9996187949199384,1.0,1.0,0.263671875,1.0,True,Y
211,scratch,1024,1069,True,1.0,01010101,85,1.0,0.5,0.5,0.4999983727537962,0.927001953125,0.97314453125,0.190673828125,0.5,False,0.5,0.5,0.5001928061480033,1.0,0.9990234375,0.263671875,0.5,False,1.0,1.0,0.9997756717003627,1.0,1.0,0.263671875,1.0,True,Y
211,sham,0,45,True,0.515380859375,00000000,0,0.643798828125,0.441162109375,0.4407958984375,0.4990541894854682,0.954833984375,0.996337890625,0.398193359375,0.44097900390625,False,0.510498046875,0.51416015625,0.5001213499858427,0.614501953125,0.7080078125,0.057861328125,0.5123291015625,False,0.515380859375,0.5144449869791666,0.5001019973015768,0.531982421875,0.51953125,-0.024658203125,0.5149129231770833,False,mixed_or_none
211,sham,1,46,True,0.505126953125,00000000,0,0.957763671875,0.482177734375,0.4815673828125,0.4982420869566183,0.955810546875,0.997314453125,0.3935546875,0.48187255859375,False,0.509521484375,0.50738525390625,0.5005520714868881,0.615966796875,0.709228515625,0.0537109375,0.508453369140625,False,0.505126953125,0.5069580078125,0.5001442259036947,0.54052734375,0.52294921875,-0.021728515625,0.50604248046875,False,mixed_or_none
211,sham,2,47,True,0.499755859375,00000000,0,0.999267578125,0.499267578125,0.4990234375,0.4978530656113107,0.960205078125,0.99755859375,0.38720703125,0.4991455078125,False,0.500244140625,0.50030517578125,0.5008803137687939,0.619873046875,0.712158203125,0.046875,0.500274658203125,False,0.499755859375,0.4999593098958333,0.5001745218605312,0.546875,0.523193359375,-0.026123046875,0.49985758463541663,False,mixed_or_none
211,sham,3,48,True,0.499755859375,00000000,0,0.999755859375,0.499755859375,0.4998779296875,0.4980873701173148,0.962890625,0.998046875,0.391845703125,0.49981689453125,False,0.500244140625,0.500244140625,0.5012469684255574,0.6240234375,0.719970703125,0.052978515625,0.500244140625,False,0.499755859375,0.4999593098958333,0.5002055626627306,0.54248046875,0.52490234375,-0.028564453125,0.49985758463541663,False,mixed_or_none
211,sham,4,49,True,0.49951171875,00000000,0,0.99951171875,0.49951171875,0.5001220703125,0.4980626052043955,0.962646484375,0.998291015625,0.388671875,0.49981689453125,False,0.50048828125,0.50079345703125,0.5016562669648469,0.637939453125,0.72216796875,0.06396484375,0.500640869140625,False,0.49951171875,0.4999186197916667,0.50024321812593,0.543701171875,0.524169921875,-0.0302734375,0.49971516927083337,False,mixed_or_none
211,sham,5,50,True,0.49951171875,00000000,0,0.9951171875,0.4990234375,0.49853515625,0.4979024539580702,0.959228515625,0.99755859375,0.382080078125,0.498779296875,False,0.50341796875,0.50494384765625,0.5019956710716196,0.6474609375,0.726318359375,0.0703125,0.504180908203125,False,0.49951171875,0.500732421875,0.5002868733825021,0.54638671875,0.525634765625,-0.03076171875,0.5001220703125,False,mixed_or_none
211,sham,7,52,True,0.511962890625,00000000,0,0.910888671875,0.485107421875,0.481689453125,0.4977599174952108,0.95166015625,0.997802734375,0.373779296875,0.4833984375,False,0.543701171875,0.5447998046875,0.5026862165001853,0.66552734375,0.737060546875,0.087646484375,0.54425048828125,False,0.511962890625,0.510498046875,0.5003568729332462,0.548583984375,0.52294921875,-0.029296875,0.51123046875,False,mixed_or_none
211,sham,9,54,True,0.515625,00000000,0,0.791015625,0.46435546875,0.4677734375,0.49782203065536523,0.9501953125,0.99755859375,0.373046875,0.466064453125,False,0.58544921875,0.58013916015625,0.5035839007181611,0.683349609375,0.749267578125,0.106201171875,0.582794189453125,False,0.515625,0.5139973958333334,0.5004225549857608,0.547119140625,0.5205078125,-0.030029296875,0.5148111979166667,False,mixed_or_none
211,sham,13,58,True,0.51416015625,00110000,48,0.63720703125,0.46533203125,0.4681396484375,0.49848828047436466,0.94775390625,0.997802734375,0.37939453125,0.46673583984375,False,0.62255859375,0.6156005859375,0.5060096010576611,0.74609375,0.778564453125,0.177734375,0.61907958984375,False,0.51416015625,0.5189208984375,0.5006210308718831,0.5595703125,0.52197265625,-0.0087890625,0.51654052734375,False,mixed_or_none
211,sham,17,62,True,0.51513671875,00110011,51,0.63916015625,0.478515625,0.4783935546875,0.4989699002631714,0.9453125,0.9970703125,0.367919921875,0.47845458984375,False,0.63916015625,0.63427734375,0.5100356107165606,0.819580078125,0.81201171875,0.2421875,0.63671875,False,0.51513671875,0.5200602213541666,0.5009483621598254,0.568603515625,0.521484375,-0.0087890625,0.5175984700520833,False,mixed_or_none
211,sham,24,69,True,0.52783203125,00110011,51,0.73193359375,0.5029296875,0.5040283203125,0.500644356950751,0.9462890625,0.997314453125,0.362548828125,0.50347900390625,False,0.73193359375,0.7266845703125,0.5242686759751458,0.93115234375,0.8828125,0.347412109375,0.72930908203125,False,0.52783203125,0.5269775390625,0.5018310180173622,0.597412109375,0.526611328125,0.013671875,0.52740478515625,False,mixed_or_none
211,sham,33,78,True,0.511962890625,00110011,51,0.889404296875,0.510498046875,0.5133056640625,0.5035883451342048,0.957763671875,0.997802734375,0.350341796875,0.51190185546875,False,0.889404296875,0.89129638671875,0.5750653312316865,0.999267578125,0.962646484375,0.391845703125,0.890350341796875,False,0.511962890625,0.510986328125,0.5031985376719049,0.621826171875,0.53564453125,0.014404296875,0.511474609375,False,mixed_or_none
211,sham,45,90,True,0.501708984375,00110011,51,0.996826171875,0.500244140625,0.4993896484375,0.5023313428775606,0.967529296875,0.997802734375,0.327392578125,0.49981689453125,False,0.996826171875,0.99658203125,0.7445466006693893,1.0,1.0,0.35986328125,0.9967041015625,True,0.501708984375,0.5010986328125,0.5048846570940819,0.695068359375,0.57958984375,0.054931640625,0.50140380859375,False,Q
211,sham,62,107,True,0.5,00110011,51,1.0,0.5,0.5,0.4962915361649416,0.96826171875,0.998291015625,0.31982421875,0.5,False,1.0,1.0,0.918453239215274,1.0,1.0,0.3515625,1.0,True,0.5,0.5,0.5059213233631749,0.79931640625,0.708740234375,0.15087890625,0.5,False,Q
211,sham,85,130,True,0.5,00110011,51,1.0,0.5,0.5,0.5067765187087296,0.9365234375,0.997314453125,0.243408203125,0.5,False,1.0,1.0,0.8754767464551015,1.0,1.0,0.306884765625,1.0,True,0.5,0.5000406901041666,0.5273842270966224,0.893310546875,0.7841796875,0.2001953125,0.5000203450520833,False,Q
211,sham,117,162,True,0.576904296875,00110011,51,0.923095703125,0.503662109375,0.5050048828125,0.5041718125039961,0.92333984375,0.99609375,0.218017578125,0.50433349609375,False,0.923095703125,0.92401123046875,0.8072314321716744,1.0,1.0,0.294677734375,0.923553466796875,True,0.576904296875,0.5753173828125,0.6315407833631981,0.999755859375,0.99951171875,0.29443359375,0.57611083984375,False,Q
211,sham,128,173,True,0.7216796875,01110111,119,0.8447265625,0.5087890625,0.5115966796875,0.5073480513650078,0.929931640625,0.995849609375,0.232177734375,0.51019287109375,False,0.7783203125,0.7784423828125,0.7403908069387802,1.0,1.0,0.30224609375,0.77838134765625,False,0.7216796875,0.7178548177083334,0.7164741661134535,1.0,1.0,0.30224609375,0.7197672526041667,False,mixed_or_none
211,sham,161,206,True,1.0,01010101,85,1.0,0.5,0.5,0.5001635815440759,0.930419921875,0.992431640625,0.23974609375,0.5,False,0.5,0.5,0.5334478287227981,0.996826171875,0.997802734375,0.30615234375,0.5,False,1.0,1.0,0.9602582812377911,1.0,1.0,0.309326171875,1.0,True,Y
211,sham,222,267,True,1.0,01010101,85,1.0,0.5,0.5,0.500025891427537,0.934326171875,0.99267578125,0.251953125,0.5,False,0.5,0.5,0.5058642190514302,0.990966796875,0.997314453125,0.30859375,0.5,False,1.0,1.0,0.9930468813570397,1.0,1.0,0.317626953125,1.0,True,Y
211,sham,304,349,True,1.0,01010101,85,1.0,0.5,0.5,0.5000033272052617,0.9345703125,0.991943359375,0.253173828125,0.5,False,0.5,0.5,0.5024523880790887,0.98876953125,0.997314453125,0.307373046875,0.5,False,1.0,1.0,0.9970852673003183,1.0,1.0,0.318603515625,1.0,True,Y
211,sham,418,463,True,1.0,01010101,85,1.0,0.5,0.5,0.5000005389945369,0.936767578125,0.992919921875,0.2529296875,0.5,False,0.5,0.5,0.5011821653078057,0.9892578125,0.99755859375,0.305419921875,0.5,False,1.0,1.0,0.9985960694147695,1.0,1.0,0.316162109375,1.0,True,Y
211,sham,575,620,True,1.0,01010101,85,1.0,0.5,0.5,0.4999989979267581,0.941650390625,0.992919921875,0.263916015625,0.5,False,0.5,0.5,0.5006010906674956,0.989990234375,0.99755859375,0.312255859375,0.5,False,1.0,1.0,0.999285979264037,1.0,1.0,0.322265625,1.0,True,Y
211,sham,790,835,True,1.0,01010101,85,1.0,0.5,0.5,0.49999925045480786,0.944580078125,0.993408203125,0.264892578125,0.5,False,0.5,0.5,0.5003105422288833,0.98974609375,0.99755859375,0.31005859375,0.5,False,1.0,1.0,0.9996310909891835,1.0,1.0,0.3203125,1.0,True,Y
211,sham,1024,1069,True,1.0,01010101,85,1.0,0.5,0.5,0.4999996134215993,0.946533203125,0.9931640625,0.2646484375,0.5,False,0.5,0.5,0.5001827096647377,0.98974609375,0.99755859375,0.307861328125,0.5,False,1.0,1.0,0.9997831142134084,1.0,1.0,0.318115234375,1.0,True,Y
223,independent_carry,0,45,True,0.499267578125,00001111,15,0.992919921875,0.992919921875,0.9932861328125,0.8763991741749928,1.0,1.0,0.346435546875,0.99310302734375,True,0.507080078125,0.50714111328125,0.5664311676081393,0.992431640625,0.96630859375,0.3388671875,0.507110595703125,False,0.499267578125,0.4998779296875,0.5014607794981237,0.56103515625,0.505859375,-0.092529296875,0.49957275390625,False,P
223,independent_carry,1,46,True,0.498779296875,00001111,15,0.986083984375,0.986083984375,0.985595703125,0.8614996249797725,1.0,1.0,0.348388671875,0.98583984375,True,0.513916015625,0.5147705078125,0.5749695601038554,0.99267578125,0.969482421875,0.341064453125,0.51434326171875,False,0.498779296875,0.5002848307291666,0.5015703524165119,0.563232421875,0.5068359375,-0.08837890625,0.4995320638020833,False,P
223,independent_carry,2,47,True,0.500244140625,00001111,15,0.973876953125,0.973876953125,0.974609375,0.842894859326173,1.0,1.0,0.350830078125,0.9742431640625,True,0.526123046875,0.526611328125,0.585075049247025,0.994140625,0.974609375,0.344970703125,0.5263671875,False,0.500244140625,0.5019124348958334,0.5016943760422687,0.55859375,0.50634765625,-0.090576171875,0.5010782877604167,False,P
223,independent_carry,3,48,True,0.497314453125,00001111,15,0.956298828125,0.956298828125,0.95654296875,0.8206640417105034,1.0,1.0,0.34912109375,0.9564208984375,True,0.543701171875,0.5445556640625,0.5965006526325194,0.995361328125,0.97998046875,0.344482421875,0.54412841796875,False,0.497314453125,0.5005696614583334,0.5018128464101568,0.549560546875,0.508056640625,-0.101318359375,0.4989420572916667,False,P
223,independent_carry,4,49,True,0.49755859375,00001111,15,0.94189453125,0.94189453125,0.93994140625,0.7985140901412591,1.0,1.0,0.347900390625,0.94091796875,True,0.55810546875,0.558837890625,0.6082178355483241,0.997802734375,0.984619140625,0.345703125,0.5584716796875,False,0.49755859375,0.4997965494791667,0.5019276680223734,0.545166015625,0.511474609375,-0.10693359375,0.49867757161458337,False,P
223,independent_carry,5,50,True,0.49951171875,00001111,15,0.92138671875,0.92138671875,0.917724609375,0.7735999206001912,1.0,1.0,0.345703125,0.9195556640625,True,0.57861328125,0.58258056640625,0.6206752865082609,0.998291015625,0.987060546875,0.343994140625,0.580596923828125,False,0.49951171875,0.5015462239583334,0.5020027986226931,0.54248046875,0.515625,-0.11181640625,0.5005289713541667,False,P
223,independent_carry,7,52,True,0.500732421875,00001111,15,0.857177734375,0.857177734375,0.8568115234375,0.7240932624606697,1.0,1.0,0.340576171875,0.85699462890625,False,0.642822265625,0.64324951171875,0.6460198098988339,0.999267578125,0.99365234375,0.33984375,0.643035888671875,False,0.500732421875,0.5035807291666666,0.5020982833224382,0.541015625,0.515380859375,-0.118408203125,0.5021565755208333,False,mixed_or_none
223,independent_carry,9,54,True,0.504150390625,00000111,7,0.771728515625,0.762939453125,0.7611083984375,0.6777595104192933,0.99951171875,1.0,0.3466796875,0.76202392578125,False,0.737060546875,0.74053955078125,0.6696643595400766,1.0,0.997802734375,0.34716796875,0.738800048828125,False,0.504150390625,0.5055745442708334,0.5020948364250692,0.5439453125,0.51416015625,-0.10888671875,0.5048624674479167,False,mixed_or_none
223,independent_carry,13,58,True,0.50439453125,00110011,51,0.927734375,0.572265625,0.572509765625,0.5981894337486786,0.9990234375,1.0,0.333984375,0.5723876953125,False,0.927734375,0.929443359375,0.7098598604533581,1.0,0.999755859375,0.3349609375,0.9285888671875,True,0.50439453125,0.5008951822916666,0.501744925230769,0.5458984375,0.517822265625,-0.119140625,0.5026448567708333,False,Q
223,independent_carry,17,62,True,0.49951171875,00110011,51,0.9931640625,0.5068359375,0.5069580078125,0.5459323542163935,0.998291015625,1.0,0.335693359375,0.50689697265625,False,0.9931640625,0.99371337890625,0.7493882716201854,1.0,1.0,0.33740234375,0.993438720703125,True,0.49951171875,0.4993896484375,0.5014308877106955,0.539794921875,0.525390625,-0.122802734375,0.49945068359375,False,Q
223,independent_carry,24,69,True,0.5,00110011,51,1.0,0.5,0.5,0.5008540292569718,0.997802734375,1.0,0.338623046875,0.5,False,1.0,1.0,0.8262164486882027,1.0,1.0,0.3408203125,1.0,True,0.5,0.5,0.501354657643858,0.560302734375,0.521484375,-0.098876953125,0.5,False,Q
223,independent_carry,33,78,True,0.5,00110011,51,1.0,0.5,0.5,0.4875960931929078,0.998291015625,1.0,0.328125,0.5,False,1.0,1.0,0.891686761913397,1.0,1.0,0.329833984375,1.0,True,0.5,0.5,0.501516801970249,0.565185546875,0.5205078125,-0.10498046875,0.5,False,Q
223,independent_carry,45,90,True,0.5,00110011,51,1.0,0.5,0.5,0.48926601483078913,0.996337890625,0.999755859375,0.332275390625,0.5,False,1.0,1.0,0.9132917809605785,1.0,1.0,0.3359375,1.0,True,0.5,0.5,0.5021120056026236,0.59619140625,0.532958984375,-0.06787109375,0.5,False,Q
223,independent_carry,62,107,True,0.5,00110011,51,1.0,0.5,0.5,0.4965475999735345,0.99462890625,0.999755859375,0.3349609375,0.5,False,1.0,1.0,0.8870031537369568,1.0,1.0,0.34033203125,1.0,True,0.5,0.5,0.5046254882288775,0.6591796875,0.55615234375,-0.00048828125,0.5,False,Q
223,independent_carry,85,130,True,0.5,00110011,51,1.0,0.5,0.5,0.500065933269507,0.99462890625,0.999755859375,0.32080078125,0.5,False,1.0,1.0,0.8893400591721661,1.0,1.0,0.326171875,1.0,True,0.5,0.5,0.5080657914713699,0.76025390625,0.62255859375,0.08642578125,0.5,False,Q
223,independent_carry,117,162,True,0.500244140625,00110011,51,0.999755859375,0.500244140625,0.5001220703125,0.501892676473642,0.994140625,1.0,0.302490234375,0.50018310546875,False,0.999755859375,0.9998779296875,0.8822933378962975,1.0,1.0,0.308349609375,0.99981689453125,True,0.500244140625,0.5001220703125,0.5288052221027707,0.91455078125,0.79931640625,0.222900390625,0.50018310546875,False,Q
223,independent_carry,128,173,True,0.50048828125,00110011,51,0.99951171875,0.5,0.4998779296875,0.50106738169104,0.99267578125,1.0,0.3037109375,0.49993896484375,False,0.99951171875,0.99969482421875,0.8724840247118251,1.0,1.0,0.31103515625,0.999603271484375,True,0.50048828125,0.5002848307291666,0.5423335856358905,0.953857421875,0.837158203125,0.264892578125,0.5003865559895833,False,Q
223,independent_carry,161,206,True,0.610595703125,00110011,51,0.889404296875,0.490478515625,0.4903564453125,0.4962007460021036,0.996337890625,1.0,0.26904296875,0.49041748046875,False,0.889404296875,0.89190673828125,0.7900395502262343,1.0,1.0,0.272705078125,0.890655517578125,False,0.610595703125,0.6094156901041666,0.6572491269790292,1.0,0.993896484375,0.272705078125,0.6100056966145833,False,mixed_or_none
223,independent_carry,222,267,True,1.0,01010101,85,1.0,0.5,0.5,0.5010416561959926,0.996826171875,1.0,0.228759765625,0.5,False,0.5,0.5,0.5227370802567815,1.0,1.0,0.23193359375,0.5,False,1.0,1.0,0.9740970578687949,1.0,1.0,0.23193359375,1.0,True,Y
223,independent_carry,304,349,True,1.0,01010101,85,1.0,0.5,0.5,0.5001337207727762,0.996826171875,1.0,0.234130859375,0.5,False,0.5,0.5,0.5055051865136942,1.0,1.0,0.2373046875,0.5,False,1.0,1.0,0.9937997723574614,1.0,1.0,0.2373046875,1.0,True,Y
223,independent_carry,418,463,True,1.0,01010101,85,1.0,0.5,0.5,0.5000494324245965,0.996337890625,1.0,0.237060546875,0.5,False,0.5,0.5,0.502271867094245,1.0,1.0,0.24072265625,0.5,False,1.0,1.0,0.9974439056279418,1.0,1.0,0.24072265625,1.0,True,Y
223,independent_carry,575,620,True,1.0,01010101,85,1.0,0.5,0.5,0.5000193967314197,0.99609375,1.0,0.236083984375,0.5,False,0.5,0.5,0.5010707280174256,1.0,1.0,0.239990234375,0.5,False,1.0,1.0,0.9987951063960376,1.0,1.0,0.239990234375,1.0,True,Y
223,independent_carry,790,835,True,1.0,01010101,85,1.0,0.5,0.5,0.500009634489276,0.99609375,1.0,0.235107421875,0.5,False,0.5,0.5,0.500539674186614,1.0,1.0,0.239013671875,0.5,False,1.0,1.0,0.9993933045003349,1.0,1.0,0.239013671875,1.0,True,Y
223,independent_carry,1024,1069,True,1.0,01010101,85,1.0,0.5,0.5,0.5000048928353301,0.995361328125,1.0,0.233154296875,0.5,False,0.5,0.5,0.5003124221500636,1.0,1.0,0.23779296875,0.5,False,1.0,1.0,0.9996486962588438,1.0,1.0,0.23779296875,1.0,True,Y
223,independent_reset,0,45,True,0.499267578125,00001111,15,0.992919921875,0.992919921875,0.9932861328125,0.8763991741749928,1.0,1.0,0.346435546875,0.99310302734375,True,0.507080078125,0.50714111328125,0.5664311676081393,0.992431640625,0.96630859375,0.3388671875,0.507110595703125,False,0.499267578125,0.4998779296875,0.5014607794981237,0.56103515625,0.505859375,-0.092529296875,0.49957275390625,False,P
223,independent_reset,1,46,True,0.499755859375,00001111,15,0.978759765625,0.978759765625,0.9798583984375,0.8523735909931303,1.0,1.0,0.34912109375,0.97930908203125,True,0.521240234375,0.5220947265625,0.5771942473653402,0.993408203125,0.969482421875,0.342529296875,0.52166748046875,False,0.499755859375,0.5015055338541666,0.5016181558476687,0.560302734375,0.50244140625,-0.090576171875,0.5006306966145833,False,P
223,independent_reset,2,47,True,0.500244140625,00001111,15,0.968017578125,0.968017578125,0.9696044921875,0.8317506230289592,1.0,1.0,0.3515625,0.96881103515625,True,0.531982421875,0.53131103515625,0.5867809223840548,0.993896484375,0.974365234375,0.345458984375,0.531646728515625,False,0.500244140625,0.5023193359375,0.501746746731752,0.5537109375,0.5068359375,-0.0947265625,0.50128173828125,False,P
223,independent_reset,3,48,True,0.500244140625,00001111,15,0.957763671875,0.957763671875,0.95751953125,0.8100133622471812,1.0,1.0,0.35400390625,0.9576416015625,True,0.542236328125,0.54241943359375,0.5964526654250738,0.99462890625,0.978515625,0.3486328125,0.542327880859375,False,0.500244140625,0.501708984375,0.501836748720364,0.548828125,0.5087890625,-0.09716796875,0.5009765625,False,P
223,independent_reset,4,49,True,0.499755859375,00001111,15,0.948974609375,0.948974609375,0.9486083984375,0.7902872260408348,1.0,1.0,0.3515625,0.94879150390625,True,0.551025390625,0.55029296875,0.6056214355828224,0.996826171875,0.982666015625,0.348388671875,0.5506591796875,False,0.499755859375,0.5016682942708334,0.5019310859863562,0.547607421875,0.509765625,-0.100830078125,0.5007120768229167,False,P
223,independent_reset,5,50,True,0.498291015625,00001111,15,0.932861328125,0.932861328125,0.931396484375,0.7688714238244625,1.0,1.0,0.35107421875,0.93212890625,True,0.567138671875,0.5675048828125,0.614874067645679,0.996826171875,0.9853515625,0.347900390625,0.56732177734375,False,0.498291015625,0.50244140625,0.5019943765163067,0.54638671875,0.511474609375,-0.1025390625,0.5003662109375,False,P
223,independent_reset,7,52,True,0.49951171875,00001111,15,0.89208984375,0.89208984375,0.88525390625,0.7276674055952205,1.0,1.0,0.342041015625,0.888671875,False,0.60791015625,0.6109619140625,0.6325760732527195,0.998779296875,0.989990234375,0.3408203125,0.60943603515625,False,0.49951171875,0.5043131510416666,0.5020555412835582,0.544677734375,0.511962890625,-0.11328125,0.5019124348958333,False,mixed_or_none
223,independent_reset,9,54,True,0.5029296875,00001111,15,0.822265625,0.822265625,0.8172607421875,0.6904798266744386,1.0,1.0,0.34033203125,0.81976318359375,False,0.677734375,0.6800537109375,0.6484778337551493,0.999267578125,0.993896484375,0.339599609375,0.67889404296875,False,0.5029296875,0.5060628255208334,0.502052870432597,0.548828125,0.508056640625,-0.11083984375,0.5044962565104167,False,mixed_or_none
223,independent_reset,13,58,True,0.507568359375,00110011,51,0.837646484375,0.662353515625,0.6580810546875,0.6265022221359409,0.999755859375,1.0,0.334228515625,0.66021728515625,False,0.837646484375,0.84417724609375,0.6771515753056512,0.999755859375,0.998779296875,0.334228515625,0.840911865234375,False,0.507568359375,0.5071207682291666,0.5018899445564511,0.543212890625,0.513916015625,-0.122314453125,0.5073445638020833,False,mixed_or_none
223,independent_reset,17,62,True,0.501953125,00110011,51,0.95654296875,0.54345703125,0.5440673828125,0.5818355310562255,0.99951171875,1.0,0.327880859375,0.54376220703125,False,0.95654296875,0.956787109375,0.7066795580990742,1.0,1.0,0.328369140625,0.9566650390625,True,0.501953125,0.5009358723958334,0.5017659571881631,0.537109375,0.514404296875,-0.134521484375,0.5014444986979167,False,Q
223,independent_reset,24,69,True,0.499755859375,00110011,51,0.999755859375,0.500244140625,0.5003662109375,0.5324786929909732,0.99951171875,1.0,0.33251953125,0.50030517578125,False,0.999755859375,0.99957275390625,0.7707458760604371,1.0,1.0,0.3330078125,0.999664306640625,True,0.499755859375,0.4998372395833333,0.5015714022341261,0.54296875,0.515380859375,-0.1240234375,0.49979654947916663,False,Q
223,independent_reset,33,78,True,0.5,00110011,51,1.0,0.5,0.5,0.5020128609102049,0.99951171875,1.0,0.327880859375,0.5,False,1.0,1.0,0.8505899437429564,1.0,1.0,0.328369140625,1.0,True,0.5,0.5,0.5016262633814607,0.55078125,0.518798828125,-0.120849609375,0.5,False,Q
223,independent_reset,45,90,True,0.5,00110011,51,1.0,0.5,0.5,0.4935483605460206,0.99951171875,1.0,0.337646484375,0.5,False,1.0,1.0,0.9068289256795709,1.0,1.0,0.338134765625,1.0,True,0.5,0.5,0.5019042549312484,0.583251953125,0.52294921875,-0.07861328125,0.5,False,Q
223,independent_reset,62,107,True,0.5,00110011,51,1.0,0.5,0.5,0.497374909803139,0.99853515625,1.0,0.320068359375,0.5,False,1.0,1.0,0.8992146099816121,1.0,1.0,0.321533203125,1.0,True,0.5,0.5,0.5035062619114149,0.628173828125,0.538818359375,-0.05029296875,0.5,False,Q
223,independent_reset,85,130,True,0.5,00110011,51,1.0,0.5,0.5,0.49896701652890135,0.998046875,1.0,0.313232421875,0.5,False,1.0,1.0,0.8849365393993747,1.0,1.0,0.315185546875,1.0,True,0.5,0.5,0.506664915873824,0.682373046875,0.6201171875,-0.00244140625,0.5,False,Q
223,independent_reset,117,162,True,0.50048828125,00110011,51,0.99951171875,0.5,0.4998779296875,0.5021775813205461,0.99853515625,1.0,0.293212890625,0.49993896484375,False,0.99951171875,0.99969482421875,0.8838330222472787,1.0,1.0,0.294677734375,0.999603271484375,True,0.50048828125,0.500244140625,0.5270311246526648,0.856689453125,0.821044921875,0.1513671875,0.5003662109375,False,Q
223,independent_reset,128,173,True,0.500244140625,00110011,51,0.999755859375,0.499755859375,0.4998779296875,0.49961432899820957,0.99853515625,1.0,0.286865234375,0.49981689453125,False,0.999755859375,0.99981689453125,0.8739021237682494,1.0,1.0,0.288330078125,0.999786376953125,True,0.500244140625,0.500244140625,0.5398051476972904,0.914794921875,0.8779296875,0.203125,0.500244140625,False,Q
223,independent_reset,161,206,True,0.587646484375,00110011,51,0.912353515625,0.482666015625,0.48046875,0.4926928651902472,0.99853515625,1.0,0.256591796875,0.4815673828125,False,0.912353515625,0.9144287109375,0.802375740928179,1.0,1.0,0.258056640625,0.91339111328125,True,0.587646484375,0.5888264973958334,0.6396390301652902,1.0,0.998046875,0.258056640625,0.5882364908854167,False,Q
223,independent_reset,222,267,True,1.0,01010101,85,1.0,0.5,0.5,0.5024053633115312,0.9990234375,1.0,0.234619140625,0.5,False,0.5,0.5,0.5306746284859151,0.999755859375,1.0,0.2353515625,0.5,False,1.0,1.0,0.9655762206095004,1.0,1.0,0.235595703125,1.0,True,Y
223,independent_reset,304,349,True,1.0,01010101,85,1.0,0.5,0.5,0.5002957378319229,0.999267578125,1.0,0.2265625,0.5,False,0.5,0.5,0.5061937514583005,1.0,1.0,0.227294921875,0.5,False,1.0,1.0,0.993075459618515,1.0,1.0,0.227294921875,1.0,True,Y
223,independent_reset,418,463,True,1.0,01010101,85,1.0,0.5,0.5,0.5001325115585927,0.99951171875,1.0,0.23046875,0.5,False,0.5,0.5,0.5024618000492003,1.0,1.0,0.23095703125,0.5,False,1.0,1.0,0.9972528854797338,1.0,1.0,0.23095703125,1.0,True,Y
223,independent_reset,575,620,True,1.0,01010101,85,1.0,0.5,0.5,0.500059693425,0.99951171875,1.0,0.23291015625,0.5,False,0.5,0.5,0.5011269733272861,1.0,1.0,0.2333984375,0.5,False,1.0,1.0,0.9987416852077935,1.0,1.0,0.2333984375,1.0,True,Y
223,independent_reset,790,835,True,1.0,01010101,85,1.0,0.5,0.5,0.5000290123935809,0.999755859375,1.0,0.233154296875,0.5,False,0.5,0.5,0.5005558612903901,1.0,1.0,0.2333984375,0.5,False,1.0,1.0,0.9993799983535616,1.0,1.0,0.2333984375,1.0,True,Y
223,independent_reset,1024,1069,True,1.0,01010101,85,1.0,0.5,0.5,0.5000147515123695,0.999755859375,1.0,0.232177734375,0.5,False,0.5,0.5,0.5003169422219813,1.0,1.0,0.232421875,0.5,False,1.0,1.0,0.9996464760333394,1.0,1.0,0.232421875,1.0,True,Y
223,nested_carry,0,45,True,0.500244140625,00001111,15,0.999755859375,0.999755859375,0.99951171875,0.8789440834664747,1.0,1.0,0.380859375,0.9996337890625,True,0.500244140625,0.50067138671875,0.5220561683597263,0.854736328125,0.85107421875,0.235595703125,0.500457763671875,False,0.500244140625,0.4999593098958333,0.5018579234475057,0.566650390625,0.511962890625,-0.052490234375,0.5001017252604166,False,P
223,nested_carry,1,46,True,0.50048828125,00001111,15,0.99951171875,0.99951171875,0.999267578125,0.8669263283536872,1.0,1.0,0.383056640625,0.9993896484375,True,0.50048828125,0.5008544921875,0.5232438198898093,0.858154296875,0.850830078125,0.2412109375,0.50067138671875,False,0.50048828125,0.5000813802083334,0.5019595809701528,0.572265625,0.51123046875,-0.044677734375,0.5002848307291667,False,P
223,nested_carry,2,47,True,0.50048828125,00001111,15,0.998046875,0.998046875,0.9981689453125,0.8495625132017034,1.0,1.0,0.382080078125,0.99810791015625,True,0.501953125,0.50213623046875,0.525027256294533,0.86962890625,0.853759765625,0.251708984375,0.502044677734375,False,0.50048828125,0.5001220703125,0.5021132968115471,0.580810546875,0.5107421875,-0.037109375,0.50030517578125,False,P
223,nested_carry,3,48,True,0.500244140625,00001111,15,0.997314453125,0.997314453125,0.99755859375,0.8279485786603122,1.0,1.0,0.380615234375,0.9974365234375,True,0.502685546875,0.50299072265625,0.5270898410717422,0.87646484375,0.857666015625,0.257080078125,0.502838134765625,False,0.500244140625,0.5001627604166666,0.5022774601981688,0.585693359375,0.51171875,-0.03369140625,0.5002034505208333,False,P
223,nested_carry,4,49,True,0.501220703125,00001111,15,0.994873046875,0.994873046875,0.99462890625,0.8029417579342583,1.0,1.0,0.380615234375,0.9947509765625,True,0.504638671875,0.5054931640625,0.5292906047888966,0.88427734375,0.863525390625,0.264892578125,0.50506591796875,False,0.501220703125,0.5008138020833334,0.5024715871445843,0.593994140625,0.510986328125,-0.025390625,0.5010172526041667,False,P
223,nested_carry,5,50,True,0.501220703125,00001111,15,0.991455078125,0.991455078125,0.989990234375,0.7750043696394292,1.0,1.0,0.382080078125,0.99072265625,True,0.508056640625,0.5089111328125,0.5314624438120727,0.89794921875,0.871337890625,0.280029296875,0.50848388671875,False,0.501220703125,0.5017496744791666,0.502674504470436,0.5927734375,0.512939453125,-0.025146484375,0.5014851888020833,False,P
223,nested_carry,7,52,True,0.50146484375,00001111,15,0.9697265625,0.9697265625,0.9686279296875,0.717441401595702,0.999755859375,1.0,0.388671875,0.96917724609375,True,0.5263671875,0.5263671875,0.5350422939977523,0.922607421875,0.884033203125,0.3115234375,0.5263671875,False,0.50146484375,0.5022379557291666,0.5031147818742784,0.602294921875,0.5166015625,-0.0087890625,0.5018513997395833,False,P
223,nested_carry,9,54,True,0.5,00001111,15,0.94189453125,0.94189453125,0.941162109375,0.6658211367050846,0.999755859375,1.0,0.391357421875,0.9415283203125,True,0.5458984375,0.5474853515625,0.5371685539268299,0.93896484375,0.904541015625,0.33056640625,0.54669189453125,False,0.5,0.501708984375,0.5034884383031062,0.61767578125,0.51708984375,0.00927734375,0.5008544921875,False,P
223,nested_carry,13,58,True,0.510009765625,00001111,15,0.879638671875,0.879638671875,0.8797607421875,0.5935526256565111,0.998046875,1.0,0.387939453125,0.87969970703125,False,0.596923828125,0.6007080078125,0.5389907851069797,0.962158203125,0.934326171875,0.35205078125,0.59881591796875,False,0.510009765625,0.5120849609375,0.5038961441588065,0.62646484375,0.51611328125,0.016357421875,0.51104736328125,False,mixed_or_none
223,nested_carry,17,62,True,0.516845703125,00001111,15,0.808349609375,0.808349609375,0.8038330078125,0.5585116443705832,0.99267578125,1.0,0.364990234375,0.80609130859375,False,0.671142578125,0.6788330078125,0.5436330099318275,0.97412109375,0.9619140625,0.346435546875,0.67498779296875,False,0.516845703125,0.519287109375,0.5041452541784194,0.64306640625,0.52734375,0.015380859375,0.51806640625,False,mixed_or_none
223,nested_carry,24,69,True,0.523193359375,00110011,51,0.892333984375,0.599853515625,0.5997314453125,0.5328269157850071,0.98828125,1.0,0.3408203125,0.59979248046875,False,0.892333984375,0.89532470703125,0.5670146732400035,0.994873046875,0.99267578125,0.347412109375,0.893829345703125,False,0.523193359375,0.5216064453125,0.5053493009114001,0.669921875,0.53662109375,0.0224609375,0.52239990234375,False,mixed_or_none
223,nested_carry,33,78,True,0.502685546875,00110011,51,0.986083984375,0.513427734375,0.51220703125,0.5204505331545557,0.989013671875,1.0,0.3369140625,0.5128173828125,False,0.986083984375,0.9879150390625,0.6401756157992691,1.0,1.0,0.347900390625,0.98699951171875,True,0.502685546875,0.5030517578125,0.5078074647831776,0.701416015625,0.5517578125,0.04931640625,0.50286865234375,False,Q
223,nested_carry,45,90,True,0.5,00110011,51,1.0,0.5,0.5,0.5119266643081707,0.993408203125,1.0,0.31982421875,0.5,False,1.0,1.0,0.8142004819511139,1.0,1.0,0.326416015625,1.0,True,0.5,0.5,0.5091010520188342,0.727783203125,0.555908203125,0.05419921875,0.5,False,Q
223,nested_carry,62,107,True,0.5,00110011,51,1.0,0.5,0.5,0.5029759562841492,0.993896484375,1.0,0.31982421875,0.5,False,1.0,1.0,0.9113547682426785,1.0,1.0,0.325927734375,1.0,True,0.5,0.5,0.5112031348031342,0.82470703125,0.655517578125,0.150634765625,0.5,False,Q
223,nested_carry,85,130,True,0.500244140625,00110011,51,0.999755859375,0.499755859375,0.4998779296875,0.4999373338257101,0.9931640625,1.0,0.306640625,0.49981689453125,False,0.999755859375,0.9998779296875,0.8680932956297858,1.0,1.0,0.3134765625,0.99981689453125,True,0.500244140625,0.5001627604166666,0.5323881529589598,0.921875,0.7939453125,0.2353515625,0.5002034505208333,False,Q
223,nested_carry,117,162,True,0.555908203125,00110011,51,0.944091796875,0.498779296875,0.499267578125,0.5026162989605312,0.99609375,1.0,0.3173828125,0.4990234375,False,0.944091796875,0.94610595703125,0.8029932124832145,1.0,1.0,0.3212890625,0.945098876953125,True,0.555908203125,0.5550944010416666,0.6361118213710195,0.99853515625,0.88232421875,0.31982421875,0.5555013020833333,False,Q
223,nested_carry,128,173,True,0.7060546875,00010001,17,0.83447265625,0.49951171875,0.5006103515625,0.5016354675318593,0.997314453125,1.0,0.29443359375,0.50006103515625,False,0.7939453125,0.79754638671875,0.7434698135185351,1.0,1.0,0.297119140625,0.795745849609375,False,0.7060546875,0.7059733072916666,0.7085432753974353,1.0,0.921875,0.297119140625,0.7060139973958333,False,mixed_or_none
223,nested_carry,161,206,True,0.999755859375,01010101,85,0.999755859375,0.500244140625,0.5001220703125,0.5004962420006185,0.99853515625,1.0,0.2900390625,0.50018310546875,False,0.500244140625,0.50048828125,0.565859813723935,1.0,1.0,0.29150390625,0.5003662109375,False,0.999755859375,0.9995930989583333,0.9244826325937727,1.0,0.9990234375,0.29150390625,0.9996744791666666,True,Y
223,nested_carry,222,267,True,1.0,01010101,85,1.0,0.5,0.5,0.5005352246574255,1.0,1.0,0.27490234375,0.5,False,0.5,0.5,0.5114610188573588,1.0,1.0,0.27490234375,0.5,False,1.0,1.0,0.9869711142075477,1.0,1.0,0.27490234375,1.0,True,Y
223,nested_carry,304,349,True,1.0,01010101,85,1.0,0.5,0.5,0.5002160190488736,1.0,1.0,0.2705078125,0.5,False,0.5,0.5,0.5044646783530145,0.99951171875,1.0,0.27001953125,0.5,False,1.0,1.0,0.9949262952922575,1.0,1.0,0.2705078125,1.0,True,Y
223,nested_carry,418,463,True,1.0,01010101,85,1.0,0.5,0.5,0.5001004148093146,1.0,1.0,0.271728515625,0.5,False,0.5,0.5,0.502095650565643,0.99951171875,1.0,0.271240234375,0.5,False,1.0,1.0,0.997620279207482,1.0,1.0,0.271728515625,1.0,True,Y
223,nested_carry,575,620,True,1.0,01010101,85,1.0,0.5,0.5,0.5000482442876002,1.0,1.0,0.274658203125,0.5,False,0.5,0.5,0.5010536965006541,0.999755859375,1.0,0.2744140625,0.5,False,1.0,1.0,0.9988022969014492,1.0,1.0,0.274658203125,1.0,True,Y
223,nested_carry,790,835,True,1.0,01010101,85,1.0,0.5,0.5,0.5000232405667465,1.0,1.0,0.276123046875,0.5,False,0.5,0.5,0.5005501227401871,0.999755859375,1.0,0.27587890625,0.5,False,1.0,1.0,0.9993753788181541,1.0,1.0,0.276123046875,1.0,True,Y
223,nested_carry,1024,1069,True,1.0,01010101,85,1.0,0.5,0.5,0.5000125570536494,1.0,1.0,0.279541015625,0.5,False,0.5,0.5,0.5003254657925958,1.0,1.0,0.279541015625,0.5,False,1.0,1.0,0.9996307596154774,1.0,1.0,0.279541015625,1.0,True,Y
223,nested_reset,0,45,True,0.500244140625,00001111,15,0.999755859375,0.999755859375,0.99951171875,0.8789440834664747,1.0,1.0,0.380859375,0.9996337890625,True,0.500244140625,0.50067138671875,0.5220561683597263,0.854736328125,0.85107421875,0.235595703125,0.500457763671875,False,0.500244140625,0.4999593098958333,0.5018579234475057,0.566650390625,0.511962890625,-0.052490234375,0.5001017252604166,False,P
223,nested_reset,1,46,True,0.500244140625,00001111,15,0.997802734375,0.997802734375,0.9984130859375,0.8576629893963883,1.0,1.0,0.3798828125,0.99810791015625,True,0.502197265625,0.50201416015625,0.5251626254043064,0.8740234375,0.859130859375,0.25390625,0.502105712890625,False,0.500244140625,0.5001220703125,0.5020383955869526,0.576171875,0.508544921875,-0.0439453125,0.50018310546875,False,P
223,nested_reset,2,47,True,0.49951171875,00001111,15,0.9970703125,0.9970703125,0.997314453125,0.8359175536444876,1.0,1.0,0.3837890625,0.9971923828125,True,0.5029296875,0.5035400390625,0.5280277890544505,0.884765625,0.866943359375,0.2685546875,0.50323486328125,False,0.49951171875,0.5,0.5022316394889581,0.586181640625,0.5068359375,-0.030029296875,0.499755859375,False,P
223,nested_reset,3,48,True,0.5,00001111,15,0.99609375,0.99609375,0.995361328125,0.8129898309850625,1.0,1.0,0.38525390625,0.9957275390625,True,0.50390625,0.504638671875,0.5307299250670321,0.896240234375,0.875,0.281494140625,0.5042724609375,False,0.5,0.5005696614583334,0.5023821739995216,0.595703125,0.507080078125,-0.01904296875,0.5002848307291667,False,P
223,nested_reset,4,49,True,0.50048828125,00001111,15,0.99365234375,0.99365234375,0.992431640625,0.789518774258687,1.0,1.0,0.386962890625,0.9930419921875,True,0.50634765625,0.507080078125,0.5333125271465191,0.9130859375,0.8837890625,0.300048828125,0.5067138671875,False,0.50048828125,0.5009358723958334,0.5025320339431557,0.599365234375,0.508544921875,-0.013671875,0.5007120768229167,False,P
223,nested_reset,5,50,True,0.49951171875,00001111,15,0.98974609375,0.98974609375,0.988525390625,0.7651085940946425,1.0,1.0,0.39013671875,0.9891357421875,True,0.509765625,0.5111083984375,0.5357369568288108,0.926513671875,0.890625,0.316650390625,0.51043701171875,False,0.49951171875,0.5009358723958334,0.5026851304675756,0.602294921875,0.510009765625,-0.007568359375,0.5002237955729167,False,P
223,nested_reset,7,52,True,0.500244140625,00001111,15,0.974365234375,0.974365234375,0.9730224609375,0.7177159275398426,1.0,1.0,0.38427734375,0.97369384765625,True,0.523193359375,0.5244140625,0.5399159606046221,0.94775390625,0.90576171875,0.33203125,0.5238037109375,False,0.500244140625,0.5023193359375,0.5030141039667781,0.602783203125,0.50439453125,-0.012939453125,0.50128173828125,False,P
223,nested_reset,9,54,True,0.503173828125,00001111,15,0.957275390625,0.957275390625,0.9549560546875,0.6760272465363083,1.0,1.0,0.386962890625,0.95611572265625,True,0.538330078125,0.53955078125,0.5431368294570208,0.958251953125,0.9208984375,0.34521484375,0.5389404296875,False,0.503173828125,0.50439453125,0.503290703276724,0.609130859375,0.503662109375,-0.00390625,0.5037841796875,False,P
223,nested_reset,13,58,True,0.508056640625,00001111,15,0.905517578125,0.905517578125,0.902587890625,0.6137804319005653,0.99951171875,1.0,0.3828125,0.904052734375,True,0.585205078125,0.58740234375,0.5481383897206483,0.9716796875,0.949462890625,0.35498046875,0.5863037109375,False,0.508056640625,0.50927734375,0.503661394744855,0.6220703125,0.51220703125,0.00537109375,0.5086669921875,False,P
223,nested_reset,17,62,True,0.51220703125,00001111,15,0.8349609375,0.8349609375,0.8282470703125,0.5786796182212128,0.998291015625,1.0,0.38037109375,0.83160400390625,False,0.65771484375,0.6619873046875,0.5545326842779682,0.981201171875,0.967041015625,0.36328125,0.65985107421875,False,0.51220703125,0.5156656901041666,0.5039398540714848,0.642333984375,0.519775390625,0.0244140625,0.5139363606770833,False,mixed_or_none
223,nested_reset,24,69,True,0.52099609375,00110011,51,0.8642578125,0.6337890625,0.636962890625,0.5486795606486629,0.997314453125,1.0,0.361572265625,0.6353759765625,False,0.8642578125,0.86474609375,0.5767506262122761,0.996826171875,0.991455078125,0.361083984375,0.864501953125,False,0.52099609375,0.5196126302083334,0.5046635503002709,0.669921875,0.52783203125,0.0341796875,0.5203043619791667,False,mixed_or_none
223,nested_reset,33,78,True,0.50537109375,00110011,51,0.9775390625,0.5224609375,0.52197265625,0.5321846010838982,0.9970703125,1.0,0.3369140625,0.522216796875,False,0.9775390625,0.9793701171875,0.6369635178889257,1.0,1.0,0.33984375,0.97845458984375,True,0.50537109375,0.5051676432291666,0.5062251063229052,0.676025390625,0.536376953125,0.015869140625,0.5052693684895833,False,Q
223,nested_reset,45,90,True,0.500244140625,00110011,51,0.999755859375,0.500244140625,0.5001220703125,0.5218445359383813,0.997802734375,1.0,0.32177734375,0.50018310546875,False,0.999755859375,0.9998779296875,0.77985772439478,1.0,1.0,0.323974609375,0.99981689453125,True,0.500244140625,0.5001627604166666,0.5079570626725718,0.718994140625,0.546142578125,0.04296875,0.5002034505208333,False,Q
223,nested_reset,62,107,True,0.5,00110011,51,1.0,0.5,0.5,0.5055743995389005,0.998046875,1.0,0.313720703125,0.5,False,1.0,1.0,0.904622754583913,1.0,1.0,0.315673828125,1.0,True,0.5,0.5,0.5088952463751379,0.799560546875,0.655517578125,0.115234375,0.5,False,Q
223,nested_reset,85,130,True,0.5,00110011,51,1.0,0.5,0.5,0.49724998577902774,0.99658203125,1.0,0.301513671875,0.5,False,1.0,1.0,0.882201303411525,1.0,1.0,0.304931640625,1.0,True,0.5,0.5,0.5211789595762923,0.904052734375,0.791015625,0.208984375,0.5,False,Q
223,nested_reset,117,162,True,0.504638671875,00110011,51,0.995361328125,0.498779296875,0.4984130859375,0.5023473710985302,0.998779296875,1.0,0.274658203125,0.49859619140625,False,0.995361328125,0.9949951171875,0.8400411198447162,1.0,1.0,0.27587890625,0.99517822265625,True,0.504638671875,0.5048828125,0.5887337893357211,0.98876953125,0.885498046875,0.2646484375,0.5047607421875,False,Q
223,nested_reset,128,173,True,0.5869140625,00110011,51,0.9130859375,0.498046875,0.5001220703125,0.4997353817157445,0.99853515625,1.0,0.27685546875,0.49908447265625,False,0.9130859375,0.91448974609375,0.7908122458204017,1.0,1.0,0.2783203125,0.913787841796875,True,0.5869140625,0.5848795572916666,0.6472406462751167,0.9990234375,0.91650390625,0.27734375,0.5858968098958333,False,Q
223,nested_reset,161,206,True,0.993408203125,01010101,85,0.993408203125,0.498779296875,0.500732421875,0.4972929725881469,1.0,1.0,0.2529296875,0.499755859375,False,0.506591796875,0.506591796875,0.5944641471215247,1.0,1.0,0.2529296875,0.506591796875,False,0.993408203125,0.9941813151041667,0.8912306448717671,1.0,0.9931640625,0.2529296875,0.9937947591145834,True,Y
223,nested_reset,222,267,True,1.0,01010101,85,1.0,0.5,0.5,0.5004673688205983,0.999755859375,1.0,0.26123046875,0.5,False,0.5,0.5,0.511995882887021,0.99951171875,1.0,0.260986328125,0.5,False,1.0,1.0,0.9864141183213295,1.0,0.999755859375,0.261474609375,1.0,True,Y
223,nested_reset,304,349,True,1.0,01010101,85,1.0,0.5,0.5,0.5001012228028969,0.999755859375,1.0,0.257080078125,0.5,False,0.5,0.5,0.5043137074168584,0.99951171875,1.0,0.2568359375,0.5,False,1.0,1.0,0.9951081383914093,1.0,1.0,0.25732421875,1.0,True,Y
223,nested_reset,418,463,True,1.0,01010101,85,1.0,0.5,0.5,0.5000522791506398,0.999755859375,1.0,0.248779296875,0.5,False,0.5,0.5,0.5019491595212004,0.99951171875,1.0,0.24853515625,0.5,False,1.0,1.0,0.9977946979750703,1.0,1.0,0.2490234375,1.0,True,Y
223,nested_reset,575,620,True,1.0,01010101,85,1.0,0.5,0.5,0.5000214248051607,0.999755859375,1.0,0.248779296875,0.5,False,0.5,0.5,0.5009492282622582,0.99951171875,1.0,0.24853515625,0.5,False,1.0,1.0,0.9989245960261364,1.0,1.0,0.2490234375,1.0,True,Y
223,nested_reset,790,835,True,1.0,01010101,85,1.0,0.5,0.5,0.5000104241787291,0.999755859375,1.0,0.24951171875,0.5,False,0.5,0.5,0.5004845813246489,0.99951171875,1.0,0.249267578125,0.5,False,1.0,1.0,0.999451572290033,1.0,1.0,0.249755859375,1.0,True,Y
223,nested_reset,1024,1069,True,1.0,01010101,85,1.0,0.5,0.5,0.5000056690589915,0.999755859375,1.0,0.245361328125,0.5,False,0.5,0.5,0.5002825593781437,0.99951171875,1.0,0.2451171875,0.5,False,1.0,1.0,0.9996804825801104,1.0,1.0,0.24560546875,1.0,True,Y
223,scratch,0,45,True,0.500244140625,00000000,0,0.999267578125,0.500244140625,0.5,0.49973642776735666,0.949951171875,0.99951171875,0.373291015625,0.5001220703125,False,0.499755859375,0.49981689453125,0.5005142600343182,0.658203125,0.728759765625,0.08154296875,0.499786376953125,False,0.500244140625,0.5000813802083334,0.5000286046204537,0.52099609375,0.505126953125,-0.0556640625,0.5001627604166667,False,mixed_or_none
223,scratch,1,46,True,0.499755859375,00000000,0,0.982177734375,0.498291015625,0.497802734375,0.4989699779793364,0.94775390625,0.9990234375,0.37158203125,0.498046875,False,0.503173828125,0.50390625,0.5014462039672425,0.6650390625,0.72607421875,0.0888671875,0.5035400390625,False,0.499755859375,0.4993489583333333,0.5001202747038757,0.528564453125,0.507080078125,-0.047607421875,0.49955240885416663,False,mixed_or_none
223,scratch,2,47,True,0.505859375,00000000,0,0.798828125,0.48876953125,0.4931640625,0.49968761310918913,0.940185546875,0.9990234375,0.36572265625,0.490966796875,False,0.529296875,0.5321044921875,0.5021314577442451,0.672119140625,0.7265625,0.09765625,0.53070068359375,False,0.505859375,0.5076090494791666,0.5002027963814187,0.533203125,0.509765625,-0.041259765625,0.5067342122395833,False,mixed_or_none
223,scratch,3,48,True,0.523193359375,00110011,51,0.564697265625,0.528076171875,0.52685546875,0.5010988835256661,0.936767578125,0.999267578125,0.3642578125,0.5274658203125,False,0.564697265625,0.55828857421875,0.5029133638043186,0.68896484375,0.7265625,0.116455078125,0.561492919921875,False,0.523193359375,0.51318359375,0.5003054057029772,0.544189453125,0.509521484375,-0.0283203125,0.5181884765625,False,mixed_or_none
223,scratch,4,49,True,0.50927734375,11111111,255,0.728515625,0.53759765625,0.5350341796875,0.50157121801301,0.932373046875,0.999267578125,0.3583984375,0.53631591796875,False,0.56103515625,0.55828857421875,0.5037916859886741,0.71044921875,0.72900390625,0.136474609375,0.559661865234375,False,0.50927734375,0.507080078125,0.5004216882101362,0.548828125,0.509765625,-0.025146484375,0.5081787109375,False,mixed_or_none
223,scratch,5,50,True,0.509521484375,11111111,255,0.780029296875,0.530029296875,0.530029296875,0.5017352915979937,0.93017578125,0.99853515625,0.35498046875,0.530029296875,False,0.564697265625,0.55938720703125,0.5048669460161473,0.73291015625,0.732666015625,0.15771484375,0.562042236328125,False,0.509521484375,0.5083414713541666,0.5005447898968478,0.551513671875,0.512451171875,-0.023681640625,0.5089314778645833,False,mixed_or_none
223,scratch,7,52,True,0.5107421875,11111111,255,0.83056640625,0.51611328125,0.5169677734375,0.5017041793289575,0.927978515625,0.9990234375,0.344970703125,0.51654052734375,False,0.56298828125,0.56195068359375,0.5072664430627506,0.78173828125,0.7392578125,0.19873046875,0.562469482421875,False,0.5107421875,0.5082194010416666,0.5008035975138078,0.57275390625,0.5126953125,-0.01025390625,0.5094807942708333,False,mixed_or_none
223,scratch,9,54,True,0.512451171875,11111111,255,0.810302734375,0.512939453125,0.5157470703125,0.501269887860511,0.929931640625,0.9990234375,0.343017578125,0.51434326171875,False,0.583251953125,0.5804443359375,0.5099498542145869,0.834228515625,0.752197265625,0.247314453125,0.58184814453125,False,0.512451171875,0.511962890625,0.5010746183737157,0.586669921875,0.5126953125,-0.000244140625,0.51220703125,False,mixed_or_none
223,scratch,13,58,True,0.52734375,00110011,51,0.6787109375,0.509765625,0.5029296875,0.5002148853208398,0.935791015625,0.999267578125,0.33642578125,0.50634765625,False,0.6787109375,0.67730712890625,0.5172770613380329,0.916259765625,0.7783203125,0.31689453125,0.678009033203125,False,0.52734375,0.515869140625,0.5016903984867157,0.611572265625,0.514404296875,0.01220703125,0.5216064453125,False,mixed_or_none
223,scratch,17,62,True,0.523193359375,00110011,51,0.738525390625,0.515380859375,0.5150146484375,0.500995442194809,0.9423828125,0.99951171875,0.328125,0.51519775390625,False,0.738525390625,0.73675537109375,0.5285330693413963,0.97265625,0.8193359375,0.3583984375,0.737640380859375,False,0.523193359375,0.5159098307291666,0.5026264484695985,0.663330078125,0.513427734375,0.049072265625,0.5195515950520833,False,mixed_or_none
223,scratch,24,69,True,0.52001953125,00110011,51,0.88525390625,0.5078125,0.5074462890625,0.5029896316692888,0.953125,0.999267578125,0.305419921875,0.50762939453125,False,0.88525390625,0.88433837890625,0.564591006119346,0.996826171875,0.8857421875,0.34912109375,0.884796142578125,False,0.52001953125,0.51904296875,0.5049332097508803,0.710205078125,0.5166015625,0.0625,0.51953125,False,mixed_or_none
223,scratch,33,78,True,0.503662109375,00110011,51,0.990478515625,0.499267578125,0.499755859375,0.49515191571054107,0.9599609375,0.99951171875,0.296142578125,0.49951171875,False,0.990478515625,0.99151611328125,0.6618993141420639,1.0,0.96630859375,0.336181640625,0.990997314453125,True,0.503662109375,0.5035807291666666,0.509068981821043,0.77001953125,0.520751953125,0.106201171875,0.5036214192708333,False,Q
223,scratch,45,90,True,0.5,00110011,51,1.0,0.5,0.5,0.49575638677306566,0.959716796875,0.999755859375,0.274169921875,0.5,False,1.0,1.0,0.8593882927358499,1.0,0.999267578125,0.314453125,1.0,True,0.5,0.5,0.5117167148038946,0.824951171875,0.560791015625,0.139404296875,0.5,False,Q
223,scratch,62,107,True,0.5,00110011,51,1.0,0.5,0.5,0.5006307152392631,0.9306640625,0.999267578125,0.228271484375,0.5,False,1.0,1.0,0.9107818804062775,1.0,0.999755859375,0.297607421875,1.0,True,0.5,0.5,0.5188772163914266,0.926025390625,0.69287109375,0.2236328125,0.5,False,Q
223,scratch,85,130,True,0.51220703125,00110011,51,0.98779296875,0.49853515625,0.49951171875,0.4999303557725213,0.8798828125,0.998291015625,0.18359375,0.4990234375,False,0.98779296875,0.9888916015625,0.8379303964516253,1.0,0.999267578125,0.3037109375,0.98834228515625,True,0.51220703125,0.51171875,0.573113588212929,0.993896484375,0.955322265625,0.297607421875,0.511962890625,False,Q
223,scratch,117,162,True,0.817138671875,01010101,85,0.817138671875,0.502197265625,0.5035400390625,0.5008465714117329,0.820068359375,0.9951171875,0.064208984375,0.50286865234375,False,0.682861328125,0.68011474609375,0.6869821136924761,1.0,0.998779296875,0.244140625,0.681488037109375,False,0.817138671875,0.8191731770833333,0.7757286561273451,1.0,1.0,0.244140625,0.8181559244791666,False,mixed_or_none
223,scratch,128,173,True,0.933837890625,01010101,85,0.933837890625,0.501220703125,0.500732421875,0.49896447520437065,0.833251953125,0.9951171875,0.072998046875,0.5009765625,False,0.566162109375,0.56524658203125,0.6205465102166506,1.0,0.998779296875,0.23974609375,0.565704345703125,False,0.933837890625,0.9336751302083333,0.8554288035693778,1.0,1.0,0.23974609375,0.9337565104166666,True,Y
223,scratch,161,206,True,1.0,01010101,85,1.0,0.5,0.5,0.4996263554753372,0.865478515625,0.995361328125,0.09375,0.5,False,0.5,0.5,0.5228027370998048,1.0,0.996826171875,0.228271484375,0.5,False,1.0,1.0,0.9729179933497942,1.0,1.0,0.228271484375,1.0,True,Y
223,scratch,222,267,True,1.0,01010101,85,1.0,0.5,0.5,0.5000501316187707,0.866943359375,0.99560546875,0.09423828125,0.5,False,0.5,0.5,0.5064664524087666,0.999755859375,0.99609375,0.22705078125,0.5,False,1.0,1.0,0.9923433742331336,1.0,1.0,0.227294921875,1.0,True,Y
223,scratch,304,349,True,1.0,01010101,85,1.0,0.5,0.5,0.5000016854640834,0.87158203125,0.995361328125,0.103515625,0.5,False,0.5,0.5,0.5028224390177276,0.99951171875,0.9951171875,0.2314453125,0.5,False,1.0,1.0,0.9966684783780739,1.0,1.0,0.23193359375,1.0,True,Y
223,scratch,418,463,True,1.0,01010101,85,1.0,0.5,0.5,0.5000022709389759,0.870361328125,0.995361328125,0.10205078125,0.5,False,0.5,0.5,0.5013537112677853,0.999267578125,0.994140625,0.23095703125,0.5,False,1.0,1.0,0.998400606068808,1.0,1.0,0.231689453125,1.0,True,Y
223,scratch,575,620,True,1.0,01010101,85,1.0,0.5,0.5,0.5000019881222075,0.869384765625,0.995361328125,0.103759765625,0.5,False,0.5,0.5,0.5006905511166846,0.999267578125,0.99365234375,0.233642578125,0.5,False,1.0,1.0,0.9991854713848276,1.0,1.0,0.234375,1.0,True,Y
223,scratch,790,835,True,1.0,01010101,85,1.0,0.5,0.5,0.5000023150796825,0.866455078125,0.995849609375,0.101318359375,0.5,False,0.5,0.5,0.5003596127090367,0.999267578125,0.99365234375,0.234130859375,0.5,False,1.0,1.0,0.9995761666943046,1.0,1.0,0.23486328125,1.0,True,Y
223,scratch,1024,1069,True,1.0,01010101,85,1.0,0.5,0.5,0.5000014067442724,0.866943359375,0.995849609375,0.102783203125,0.5,False,0.5,0.5,0.50021309363522,0.999267578125,0.99365234375,0.235107421875,0.5,False,1.0,1.0,0.999749287956732,1.0,1.0,0.23583984375,1.0,True,Y
223,sham,0,45,True,0.5,00000000,0,1.0,0.5,0.5,0.49898624350613763,0.87548828125,0.99853515625,0.317626953125,0.5,False,0.5,0.50006103515625,0.4999898860550478,0.65576171875,0.727294921875,0.097900390625,0.500030517578125,False,0.5,0.5000813802083334,0.49999693387845273,0.50732421875,0.505615234375,-0.050537109375,0.5000406901041667,False,mixed_or_none
223,sham,1,46,True,0.5,00000000,0,1.0,0.5,0.5,0.4984128453797108,0.8740234375,0.99853515625,0.313232421875,0.5,False,0.5,0.5,0.5004833095741468,0.66259765625,0.729736328125,0.101806640625,0.5,False,0.5,0.5,0.5000302304689763,0.524658203125,0.50390625,-0.0361328125,0.5,False,mixed_or_none
223,sham,2,47,True,0.5,00000000,0,0.998046875,0.5,0.4991455078125,0.4984880004112896,0.87353515625,0.998291015625,0.30224609375,0.49957275390625,False,0.50048828125,0.50115966796875,0.500896878264038,0.663818359375,0.731201171875,0.092529296875,0.500823974609375,False,0.5,0.5000813802083334,0.5000763553774807,0.521728515625,0.5029296875,-0.049560546875,0.5000406901041667,False,mixed_or_none
223,sham,3,48,True,0.5029296875,00000000,0,0.97216796875,0.49462890625,0.4932861328125,0.49892725112286834,0.866943359375,0.998291015625,0.295654296875,0.49395751953125,False,0.5048828125,0.50604248046875,0.5012949821528503,0.67041015625,0.732421875,0.09912109375,0.505462646484375,False,0.5029296875,0.5020345052083334,0.5001275742462166,0.5234375,0.505859375,-0.0478515625,0.5024820963541667,False,mixed_or_none
223,sham,4,49,True,0.509521484375,00000000,0,0.905029296875,0.496337890625,0.4932861328125,0.4990592610492233,0.86572265625,0.998291015625,0.300048828125,0.49481201171875,False,0.530029296875,0.531005859375,0.5017355569822742,0.689453125,0.73388671875,0.123779296875,0.530517578125,False,0.509521484375,0.5086669921875,0.500186811856737,0.523681640625,0.505126953125,-0.0419921875,0.50909423828125,False,mixed_or_none
223,sham,5,50,True,0.509033203125,00000000,0,0.822021484375,0.490478515625,0.4879150390625,0.4992220419301493,0.859375,0.998291015625,0.290283203125,0.48919677734375,False,0.562744140625,0.560546875,0.5022711162460314,0.712158203125,0.736328125,0.14306640625,0.5616455078125,False,0.509033203125,0.5100504557291666,0.5002442300177253,0.52490234375,0.50634765625,-0.044189453125,0.5095418294270833,False,mixed_or_none
223,sham,7,52,True,0.5205078125,00110011,51,0.63330078125,0.470703125,0.473876953125,0.49945398867772517,0.847900390625,0.998291015625,0.274169921875,0.4722900390625,False,0.63330078125,0.6339111328125,0.5035578852683302,0.753173828125,0.749267578125,0.179443359375,0.63360595703125,False,0.5205078125,0.5151774088541666,0.5003661758269913,0.541015625,0.507080078125,-0.03271484375,0.5178426106770833,False,mixed_or_none
223,sham,9,54,True,0.513427734375,11110011,243,0.671630859375,0.482177734375,0.48193359375,0.49955531687819016,0.843505859375,0.998291015625,0.271728515625,0.4820556640625,False,0.654541015625,0.654541015625,0.5051062619832221,0.804931640625,0.75634765625,0.233154296875,0.654541015625,False,0.513427734375,0.5123291015625,0.5005050640113883,0.547119140625,0.509521484375,-0.024658203125,0.51287841796875,False,mixed_or_none
223,sham,13,58,True,0.515625,01110011,115,0.6982421875,0.494140625,0.490966796875,0.5000854780989555,0.847412109375,0.998046875,0.2666015625,0.4925537109375,False,0.69384765625,0.69427490234375,0.5098508138593872,0.895751953125,0.77490234375,0.31494140625,0.694061279296875,False,0.515625,0.5135904947916666,0.5008481579392108,0.552734375,0.515625,-0.028076171875,0.5146077473958333,False,mixed_or_none
223,sham,17,62,True,0.51904296875,00110011,51,0.7626953125,0.5029296875,0.5015869140625,0.5005460997976263,0.843505859375,0.998046875,0.249267578125,0.50225830078125,False,0.7626953125,0.7630615234375,0.5174636924469594,0.959716796875,0.804931640625,0.365478515625,0.76287841796875,False,0.51904296875,0.5191650390625,0.5014032974269372,0.587158203125,0.5224609375,-0.007080078125,0.51910400390625,False,mixed_or_none
223,sham,24,69,True,0.510009765625,00110011,51,0.910400390625,0.497314453125,0.5010986328125,0.5004447333658542,0.83740234375,0.998779296875,0.2060546875,0.49920654296875,False,0.910400390625,0.909912109375,0.5440533380497025,0.998291015625,0.877685546875,0.366943359375,0.91015625,True,0.510009765625,0.513671875,0.503016903022247,0.639404296875,0.53125,0.008056640625,0.5118408203125,False,Q
223,sham,33,78,True,0.5009765625,00110011,51,0.99609375,0.49951171875,0.4993896484375,0.49641185734420823,0.803955078125,0.99951171875,0.14453125,0.49945068359375,False,0.99609375,0.99658203125,0.6234019908850723,1.0,0.968994140625,0.340576171875,0.996337890625,True,0.5009765625,0.5013020833333334,0.5067584962141689,0.714111328125,0.5546875,0.0546875,0.5011393229166667,False,Q
223,sham,45,90,True,0.5,00110011,51,1.0,0.5,0.5,0.4956933918471145,0.80322265625,0.999755859375,0.12646484375,0.5,False,1.0,1.0,0.8200079388769254,1.0,1.0,0.3232421875,1.0,True,0.5,0.5,0.5116218704838716,0.779052734375,0.69140625,0.102294921875,0.5,False,Q
223,sham,62,107,True,0.5,00110011,51,1.0,0.5,0.5,0.500286202630314,0.7978515625,0.999267578125,0.1220703125,0.5,False,1.0,1.0,0.9147244662097067,1.0,1.0,0.32421875,1.0,True,0.5,0.5,0.5183605995426936,0.904052734375,0.868896484375,0.228271484375,0.5,False,Q
223,sham,85,130,True,0.52197265625,00110011,51,0.97802734375,0.49658203125,0.4967041015625,0.49859394242459304,0.804931640625,0.99853515625,0.084716796875,0.49664306640625,False,0.97802734375,0.98065185546875,0.8320675657767852,1.0,1.0,0.27978515625,0.979339599609375,True,0.52197265625,0.5204671223958334,0.5820307955692867,0.98779296875,0.977783203125,0.267578125,0.5212198893229167,False,Q
223,sham,117,162,True,0.933837890625,01010101,85,0.933837890625,0.498291015625,0.5010986328125,0.5009314718810418,0.819580078125,0.99609375,0.077392578125,0.49969482421875,False,0.566162109375,0.56610107421875,0.6477962782915869,1.0,0.99951171875,0.2578125,0.566131591796875,False,0.933837890625,0.9356282552083333,0.8228575382205212,1.0,0.999755859375,0.2578125,0.9347330729166666,True,Y
223,sham,128,173,True,0.989013671875,01010101,85,0.989013671875,0.501220703125,0.5015869140625,0.500732601968946,0.8134765625,0.99560546875,0.0732421875,0.50140380859375,False,0.510986328125,0.51043701171875,0.5803784172979167,1.0,0.99951171875,0.259765625,0.510711669921875,False,0.989013671875,0.9889322916666667,0.9031002665685726,1.0,0.99951171875,0.259765625,0.9889729817708334,True,Y
223,sham,161,206,True,1.0,01010101,85,1.0,0.5,0.5,0.500027953665379,0.816650390625,0.9951171875,0.08056640625,0.5,False,0.5,0.5,0.5145427544307578,0.998779296875,0.99951171875,0.2626953125,0.5,False,1.0,1.0,0.9825480026281896,1.0,1.0,0.263916015625,1.0,True,Y
223,sham,222,267,True,1.0,01010101,85,1.0,0.5,0.5,0.4999969184186256,0.8212890625,0.995361328125,0.074951171875,0.5,False,0.5,0.5,0.5047049614974626,0.99560546875,0.99951171875,0.249267578125,0.5,False,1.0,1.0,0.9943565932979672,1.0,1.0,0.253662109375,1.0,True,Y
223,sham,304,349,True,1.0,01010101,85,1.0,0.5,0.5,0.49998119232141974,0.824462890625,0.995361328125,0.0810546875,0.5,False,0.5,0.5,0.5021455305520892,0.99365234375,0.99951171875,0.250244140625,0.5,False,1.0,1.0,0.9974341301191911,1.0,1.0,0.256591796875,1.0,True,Y
223,sham,418,463,True,1.0,01010101,85,1.0,0.5,0.5,0.49999064724400294,0.82275390625,0.99560546875,0.080078125,0.5,False,0.5,0.5,0.5010518239714973,0.993896484375,0.99951171875,0.251220703125,0.5,False,1.0,1.0,0.9987416849241488,1.0,1.0,0.25732421875,1.0,True,Y
223,sham,575,620,True,1.0,01010101,85,1.0,0.5,0.5,0.4999962258491327,0.827392578125,0.99560546875,0.077392578125,0.5,False,0.5,0.5,0.5005396433203434,0.99365234375,0.99951171875,0.24365234375,0.5,False,1.0,1.0,0.9993549972325975,1.0,1.0,0.25,1.0,True,Y
223,sham,790,835,True,1.0,01010101,85,1.0,0.5,0.5,0.49999803922516006,0.827880859375,0.99560546875,0.075439453125,0.5,False,0.5,0.5,0.5002822540109655,0.99267578125,0.99951171875,0.240234375,0.5,False,1.0,1.0,0.999663250630233,1.0,1.0,0.24755859375,1.0,True,Y
223,sham,1024,1069,True,1.0,01010101,85,1.0,0.5,0.5,0.49999874904321,0.828125,0.995849609375,0.07373046875,0.5,False,0.5,0.5,0.5001661377641893,0.9931640625,0.99951171875,0.23876953125,0.5,False,1.0,1.0,0.9998018271692839,1.0,1.0,0.24560546875,1.0,True,Y
227,independent_carry,0,45,True,0.5,00001111,15,1.0,1.0,1.0,0.8726603776400624,1.0,1.0,0.395751953125,1.0,True,0.5,0.5,0.5508919834402121,0.966552734375,0.897216796875,0.3623046875,0.5,False,0.5,0.5,0.5009486499051105,0.5078125,0.51611328125,-0.096435546875,0.5,False,P
227,independent_carry,1,46,True,0.5,00001111,15,1.0,1.0,1.0,0.8632818049088509,1.0,1.0,0.391357421875,1.0,True,0.5,0.5001220703125,0.5553193371015981,0.973388671875,0.90625,0.36474609375,0.50006103515625,False,0.5,0.5000406901041666,0.5010032238435798,0.508056640625,0.517333984375,-0.1005859375,0.5000203450520833,False,P
227,independent_carry,2,47,True,0.5,00001111,15,1.0,1.0,0.9998779296875,0.8483267722869432,1.0,1.0,0.39453125,0.99993896484375,True,0.5,0.500244140625,0.5613993120321956,0.977294921875,0.9150390625,0.371826171875,0.5001220703125,False,0.5,0.5000406901041666,0.5010792020488749,0.509765625,0.51806640625,-0.095703125,0.5000203450520833,False,P
227,independent_carry,3,48,True,0.499755859375,00001111,15,0.999755859375,0.999755859375,0.9991455078125,0.8320803655553709,1.0,1.0,0.39599609375,0.99945068359375,True,0.500244140625,0.5003662109375,0.5678464116044267,0.98095703125,0.92333984375,0.376953125,0.50030517578125,False,0.499755859375,0.4999186197916667,0.501157641395113,0.515625,0.518798828125,-0.08837890625,0.49983723958333337,False,P
227,independent_carry,4,49,True,0.500244140625,00001111,15,0.997802734375,0.997802734375,0.997314453125,0.8122100468035947,0.999267578125,1.0,0.395263671875,0.99755859375,True,0.502197265625,0.50213623046875,0.5750956004182811,0.982666015625,0.932373046875,0.378662109375,0.502166748046875,False,0.500244140625,0.5,0.5012411992028218,0.509033203125,0.518798828125,-0.094970703125,0.5001220703125,False,P
227,independent_carry,5,50,True,0.5009765625,00001111,15,0.99462890625,0.99462890625,0.9937744140625,0.7892415821651524,0.99951171875,1.0,0.400634765625,0.99420166015625,True,0.50537109375,0.505859375,0.5828335311524989,0.986328125,0.94189453125,0.387451171875,0.505615234375,False,0.5009765625,0.5,0.5013222365008421,0.511962890625,0.519775390625,-0.0869140625,0.50048828125,False,P
227,independent_carry,7,52,True,0.505859375,00001111,15,0.9658203125,0.9658203125,0.9644775390625,0.7391788263518551,0.999755859375,1.0,0.40234375,0.96514892578125,True,0.5341796875,0.5364990234375,0.5977961620133725,0.9912109375,0.958251953125,0.393798828125,0.53533935546875,False,0.505859375,0.5023600260416666,0.5014406689537875,0.51416015625,0.519287109375,-0.083251953125,0.5041097005208333,False,P
227,independent_carry,9,54,True,0.5087890625,00001111,15,0.90576171875,0.90576171875,0.9051513671875,0.6907341917250718,1.0,1.0,0.402099609375,0.90545654296875,True,0.59423828125,0.59295654296875,0.610953426139226,0.9931640625,0.97509765625,0.395263671875,0.593597412109375,False,0.5087890625,0.5036214192708334,0.5014702924386548,0.51904296875,0.526611328125,-0.078857421875,0.5062052408854167,False,P
227,independent_carry,13,58,True,0.51025390625,00110011,51,0.80419921875,0.69580078125,0.69677734375,0.6118745652949981,1.0,1.0,0.405029296875,0.6962890625,False,0.80419921875,0.80157470703125,0.6327948413526908,0.999267578125,0.99072265625,0.404296875,0.802886962890625,False,0.51025390625,0.5055745442708334,0.5014424663954966,0.51904296875,0.52880859375,-0.075927734375,0.5079142252604167,False,mixed_or_none
227,independent_carry,17,62,True,0.509765625,00110011,51,0.95458984375,0.5439453125,0.5416259765625,0.5576998999769193,0.998779296875,0.99951171875,0.390625,0.54278564453125,False,0.95458984375,0.9554443359375,0.657731044388172,0.999755859375,0.99853515625,0.3916015625,0.95501708984375,True,0.509765625,0.5048014322916666,0.5014025715765889,0.528076171875,0.536376953125,-0.080078125,0.5072835286458333,False,Q
227,independent_carry,24,69,True,0.500732421875,00110011,51,0.999267578125,0.500244140625,0.4998779296875,0.5097385258978517,0.994873046875,0.999755859375,0.389892578125,0.50006103515625,False,0.999267578125,0.99932861328125,0.7272219161591069,1.0,1.0,0.39501953125,0.999298095703125,True,0.500732421875,0.5001627604166666,0.5017331995731952,0.534912109375,0.546142578125,-0.070068359375,0.5004475911458333,False,Q
227,independent_carry,33,78,True,0.5,00110011,51,1.0,0.5,0.5,0.491802211932861,0.99365234375,0.999755859375,0.370849609375,0.5,False,1.0,1.0,0.8404679977187018,1.0,1.0,0.377197265625,1.0,True,0.5,0.5,0.5021788425112218,0.559326171875,0.56787109375,-0.0634765625,0.5,False,Q
227,independent_carry,45,90,True,0.5,00110011,51,1.0,0.5,0.5,0.4976955628071603,0.990234375,1.0,0.36328125,0.5,False,1.0,1.0,0.9197808753734578,1.0,1.0,0.373046875,1.0,True,0.5,0.5,0.5029128436022823,0.60546875,0.62939453125,-0.021484375,0.5,False,Q
227,independent_carry,62,107,True,0.5,00110011,51,1.0,0.5,0.5,0.5012586200412168,0.986083984375,1.0,0.349365234375,0.5,False,1.0,1.0,0.9070496845598395,1.0,1.0,0.36328125,1.0,True,0.5,0.5,0.5074639413872585,0.656982421875,0.6845703125,0.020263671875,0.5,False,Q
227,independent_carry,85,130,True,0.5,00110011,51,1.0,0.5,0.4998779296875,0.49699463470136646,0.986328125,0.999755859375,0.35302734375,0.49993896484375,False,1.0,0.9998779296875,0.8745118163079522,1.0,1.0,0.36669921875,0.99993896484375,True,0.5,0.5001220703125,0.5234212174615134,0.703125,0.730712890625,0.06982421875,0.50006103515625,False,Q
227,independent_carry,117,162,True,0.54638671875,00110011,51,0.95361328125,0.4970703125,0.4971923828125,0.4988751950558454,0.989501953125,0.999755859375,0.345703125,0.49713134765625,False,0.95361328125,0.9527587890625,0.8496290152672039,1.0,1.0,0.356201171875,0.95318603515625,True,0.54638671875,0.5472005208333334,0.5730672925321506,0.867431640625,0.950439453125,0.2236328125,0.5467936197916667,False,Q
227,independent_carry,128,173,True,0.5771484375,00110011,51,0.9228515625,0.49609375,0.4967041015625,0.4923176116043164,0.98779296875,0.999267578125,0.33544921875,0.49639892578125,False,0.9228515625,0.92169189453125,0.8203265862013164,1.0,1.0,0.34765625,0.922271728515625,True,0.5771484375,0.5760904947916666,0.6087972317218648,0.91015625,0.990478515625,0.2578125,0.5766194661458333,False,Q
227,independent_carry,161,206,True,0.801513671875,01010001,81,0.802001953125,0.491943359375,0.4930419921875,0.49865858545725866,0.984619140625,0.99853515625,0.291259765625,0.49249267578125,False,0.698486328125,0.69842529296875,0.704504666536721,1.0,1.0,0.306640625,0.698455810546875,False,0.801513671875,0.8008626302083333,0.7651524595451369,1.0,1.0,0.306640625,0.8011881510416666,False,mixed_or_none
227,independent_carry,222,267,True,1.0,01010101,85,1.0,0.5,0.5,0.500210561747198,0.984130859375,0.997314453125,0.333984375,0.5,False,0.5,0.5,0.5206213466456852,0.998291015625,1.0,0.34814453125,0.5,False,1.0,1.0,0.9768047071732691,1.0,1.0,0.349853515625,1.0,True,Y
227,independent_carry,304,349,True,1.0,01010101,85,1.0,0.5,0.5,0.5000605794917027,0.98193359375,0.99755859375,0.322509765625,0.5,False,0.5,0.5,0.5049261562229961,0.99755859375,1.0,0.338134765625,0.5,False,1.0,1.0,0.9944521896006131,1.0,1.0,0.340576171875,1.0,True,Y
227,independent_carry,418,463,True,1.0,01010101,85,1.0,0.5,0.5,0.5000463517781245,0.977783203125,0.99755859375,0.312744140625,0.5,False,0.5,0.5,0.5018185457285197,0.99755859375,1.0,0.33251953125,0.5,False,1.0,1.0,0.9979539522087764,1.0,1.0,0.3349609375,1.0,True,Y
227,independent_carry,575,620,True,1.0,01010101,85,1.0,0.5,0.5,0.5000185304833612,0.976318359375,0.997314453125,0.3056640625,0.5,False,0.5,0.5,0.5007893398516708,0.9970703125,1.0,0.326416015625,0.5,False,1.0,1.0,0.9991128020009918,1.0,1.0,0.329345703125,1.0,True,Y
227,independent_carry,790,835,True,1.0,01010101,85,1.0,0.5,0.5,0.500006068285402,0.976318359375,0.997314453125,0.30859375,0.5,False,0.5,0.5,0.5003592446302156,0.997314453125,1.0,0.32958984375,0.5,False,1.0,1.0,0.9995949640930821,1.0,1.0,0.332275390625,1.0,True,Y
227,independent_carry,1024,1069,True,1.0,01010101,85,1.0,0.5,0.5,0.500003429476655,0.9755859375,0.997314453125,0.30712890625,0.5,False,0.5,0.5,0.500198665263056,0.997314453125,0.999755859375,0.328857421875,0.5,False,1.0,1.0,0.9997759424915396,1.0,1.0,0.33154296875,1.0,True,Y
227,independent_reset,0,45,True,0.5,00001111,15,1.0,1.0,1.0,0.8726603776400624,1.0,1.0,0.395751953125,1.0,True,0.5,0.5,0.5508919834402121,0.966552734375,0.897216796875,0.3623046875,0.5,False,0.5,0.5,0.5009486499051105,0.5078125,0.51611328125,-0.096435546875,0.5,False,P
227,independent_reset,1,46,True,0.50048828125,00001111,15,0.99951171875,0.99951171875,0.999755859375,0.8518869306795266,1.0,1.0,0.3955078125,0.9996337890625,True,0.50048828125,0.5003662109375,0.5570660325586269,0.971435546875,0.905029296875,0.366943359375,0.50042724609375,False,0.50048828125,0.5002848307291666,0.5010654730560022,0.505859375,0.518310546875,-0.0986328125,0.5003865559895833,False,P
227,independent_reset,2,47,True,0.500244140625,00001111,15,0.998779296875,0.998779296875,0.9993896484375,0.8289318330239596,1.0,1.0,0.400146484375,0.99908447265625,True,0.501220703125,0.50091552734375,0.5636766017564105,0.974365234375,0.91015625,0.37451171875,0.501068115234375,False,0.500244140625,0.500244140625,0.5011701838345841,0.508544921875,0.519287109375,-0.09130859375,0.500244140625,False,P
227,independent_reset,3,48,True,0.50048828125,00001111,15,0.998046875,0.998046875,0.99853515625,0.809350420862572,0.999755859375,1.0,0.39990234375,0.998291015625,True,0.501953125,0.50164794921875,0.5691775390821828,0.974609375,0.918701171875,0.374755859375,0.501800537109375,False,0.50048828125,0.5001627604166666,0.5012405245965156,0.510986328125,0.521240234375,-0.0888671875,0.5003255208333333,False,P
227,independent_reset,4,49,True,0.5009765625,00001111,15,0.99560546875,0.99560546875,0.995361328125,0.7881193058525062,1.0,1.0,0.4013671875,0.9954833984375,True,0.50439453125,0.5042724609375,0.5746050966637901,0.977783203125,0.9248046875,0.379150390625,0.50433349609375,False,0.5009765625,0.5005289713541666,0.5012987195496595,0.5107421875,0.523681640625,-0.087890625,0.5007527669270833,False,P
227,independent_reset,5,50,True,0.500244140625,00001111,15,0.993408203125,0.993408203125,0.9915771484375,0.7662909292198361,1.0,1.0,0.402099609375,0.99249267578125,True,0.506591796875,0.50775146484375,0.5797809111511797,0.98095703125,0.927734375,0.383056640625,0.507171630859375,False,0.500244140625,0.5003255208333334,0.5013482790307865,0.511474609375,0.5234375,-0.08642578125,0.5002848307291667,False,P
227,independent_reset,7,52,True,0.50439453125,00001111,15,0.96484375,0.96484375,0.963623046875,0.7231263337676694,1.0,1.0,0.402099609375,0.9642333984375,True,0.53515625,0.5361328125,0.5886688973034546,0.986083984375,0.94140625,0.38818359375,0.53564453125,False,0.50439453125,0.5018310546875,0.5014203576810099,0.51611328125,0.520263671875,-0.081787109375,0.50311279296875,False,P
227,independent_reset,9,54,True,0.5068359375,00001111,15,0.9208984375,0.9208984375,0.923583984375,0.6847580312246037,1.0,1.0,0.404296875,0.9222412109375,True,0.5791015625,0.57843017578125,0.5959757996726366,0.989501953125,0.95361328125,0.393798828125,0.578765869140625,False,0.5068359375,0.5028889973958334,0.5014541010469095,0.519775390625,0.52197265625,-0.075927734375,0.5048624674479167,False,P
227,independent_reset,13,58,True,0.5078125,00001111,15,0.80029296875,0.80029296875,0.796875,0.6246989595958837,1.0,1.0,0.404052734375,0.798583984375,False,0.69970703125,0.69989013671875,0.608777849938915,0.9951171875,0.974609375,0.399169921875,0.699798583984375,False,0.5078125,0.5041910807291666,0.5014729836517532,0.523193359375,0.52490234375,-0.07275390625,0.5060017903645833,False,mixed_or_none
227,independent_reset,17,62,True,0.514404296875,00110011,51,0.856689453125,0.641845703125,0.6400146484375,0.5821274386559624,0.999267578125,0.999755859375,0.3974609375,0.64093017578125,False,0.856689453125,0.855224609375,0.6246504905692573,0.9990234375,0.98779296875,0.397216796875,0.85595703125,False,0.514404296875,0.5060628255208334,0.501558888607829,0.531005859375,0.53125,-0.07080078125,0.5102335611979167,False,mixed_or_none
227,independent_reset,24,69,True,0.5048828125,00110011,51,0.98486328125,0.513671875,0.5133056640625,0.5412674135306176,0.997802734375,0.999755859375,0.37548828125,0.51348876953125,False,0.98486328125,0.9840087890625,0.6704952976997909,1.0,0.998779296875,0.377685546875,0.98443603515625,True,0.5048828125,0.5021565755208334,0.5020351875236113,0.53955078125,0.54345703125,-0.082763671875,0.5035196940104167,False,Q
227,independent_reset,33,78,True,0.500244140625,00110011,51,0.999755859375,0.500244140625,0.5,0.5154970389614004,0.994384765625,0.999755859375,0.36865234375,0.5001220703125,False,0.999755859375,0.9998779296875,0.7632184126228443,1.0,1.0,0.374267578125,0.99981689453125,True,0.500244140625,0.5001220703125,0.5029032721740213,0.553466796875,0.560302734375,-0.072265625,0.50018310546875,False,Q
227,independent_reset,45,90,True,0.5,00110011,51,1.0,0.5,0.5,0.5055801667541472,0.99169921875,1.0,0.364990234375,0.5,False,1.0,1.0,0.8827540501239107,1.0,1.0,0.373291015625,1.0,True,0.5,0.5,0.5037990769321666,0.5849609375,0.60009765625,-0.041748046875,0.5,False,Q
227,independent_reset,62,107,True,0.5,00110011,51,1.0,0.5,0.5,0.5024242862380068,0.98828125,1.0,0.35498046875,0.5,False,1.0,1.0,0.9182324022459452,0.999755859375,1.0,0.366455078125,1.0,True,0.5,0.5,0.5060113882154299,0.655517578125,0.6630859375,0.022216796875,0.5,False,Q
227,independent_reset,85,130,True,0.5,00110011,51,1.0,0.5,0.5,0.49458265384999317,0.988037109375,1.0,0.34765625,0.5,False,1.0,0.99993896484375,0.8762576477893693,1.0,1.0,0.359619140625,0.999969482421875,True,0.5,0.5000406901041666,0.5207447069465316,0.701904296875,0.73291015625,0.0615234375,0.5000203450520833,False,Q
227,independent_reset,117,162,True,0.5234375,00110011,51,0.9765625,0.4912109375,0.493896484375,0.49706546237513055,0.98828125,1.0,0.320068359375,0.4925537109375,False,0.9765625,0.97564697265625,0.8548336233325011,1.0,1.0,0.331787109375,0.976104736328125,True,0.5234375,0.5232747395833334,0.567176485244571,0.847900390625,0.928955078125,0.1796875,0.5233561197916667,False,Q
227,independent_reset,128,173,True,0.576171875,00110011,51,0.923828125,0.4892578125,0.4898681640625,0.490040267899041,0.9892578125,1.0,0.31689453125,0.48956298828125,False,0.923828125,0.9248046875,0.8244249078844612,1.0,1.0,0.32763671875,0.92431640625,True,0.576171875,0.573974609375,0.6045951421237022,0.907470703125,0.986572265625,0.235107421875,0.5750732421875,False,Q
227,independent_reset,161,206,True,0.833740234375,01010101,85,0.833740234375,0.494384765625,0.4957275390625,0.5002281867115506,0.990966796875,0.999755859375,0.307861328125,0.49505615234375,False,0.666259765625,0.6636962890625,0.6838256004096542,1.0,1.0,0.31689453125,0.66497802734375,False,0.833740234375,0.8340657552083333,0.7909536341985175,0.999755859375,1.0,0.316650390625,0.8339029947916666,False,mixed_or_none
227,independent_reset,222,267,True,1.0,01010101,85,1.0,0.5,0.5,0.5006036396716539,0.991455078125,0.99951171875,0.324951171875,0.5,False,0.5,0.5,0.518312504069296,0.997802734375,0.999755859375,0.331298828125,0.5,False,1.0,1.0,0.979388557487594,1.0,1.0,0.33349609375,1.0,True,Y
227,independent_reset,304,349,True,1.0,01010101,85,1.0,0.5,0.5,0.5000963052052599,0.98974609375,0.99951171875,0.327880859375,0.5,False,0.5,0.5,0.5056301194000568,0.99755859375,0.999267578125,0.335693359375,0.5,False,1.0,1.0,0.9936847038668462,1.0,1.0,0.338134765625,1.0,True,Y
227,independent_reset,418,463,True,1.0,01010101,85,1.0,0.5,0.5,0.5000861586677968,0.990478515625,0.99951171875,0.329833984375,0.5,False,0.5,0.5,0.5024280875017795,0.9970703125,0.999267578125,0.33642578125,0.5,False,1.0,1.0,0.9972785330365626,1.0,1.0,0.33935546875,1.0,True,Y
227,independent_reset,575,620,True,1.0,01010101,85,1.0,0.5,0.5,0.5000465116381697,0.9912109375,0.99951171875,0.32861328125,0.5,False,0.5,0.5,0.5011821993281032,0.99755859375,0.999267578125,0.3349609375,0.5,False,1.0,1.0,0.9986749200204008,1.0,1.0,0.33740234375,1.0,True,Y
227,independent_reset,790,835,True,1.0,01010101,85,1.0,0.5,0.5,0.5000223483787676,0.991455078125,0.999755859375,0.32958984375,0.5,False,0.5,0.5,0.5005844027614618,0.997314453125,0.999267578125,0.33544921875,0.5,False,1.0,1.0,0.99934311237031,1.0,1.0,0.338134765625,1.0,True,Y
227,independent_reset,1024,1069,True,1.0,01010101,85,1.0,0.5,0.5,0.500013898767536,0.991455078125,0.999755859375,0.322998046875,0.5,False,0.5,0.5,0.5003370864855322,0.996337890625,0.998779296875,0.327880859375,0.5,False,1.0,1.0,0.9996208920313214,1.0,1.0,0.33154296875,1.0,True,Y
227,nested_carry,0,45,True,0.5,00001111,15,1.0,1.0,1.0,0.87584130344483,1.0,1.0,0.3984375,1.0,True,0.5,0.5,0.5144972184226122,0.733154296875,0.75341796875,0.131591796875,0.5,False,0.5,0.5,0.5009919847293393,0.50634765625,0.51806640625,-0.09521484375,0.5,False,P
227,nested_carry,1,46,True,0.5,00001111,15,1.0,1.0,1.0,0.8659650303365793,1.0,1.0,0.397216796875,1.0,True,0.5,0.5,0.5152875574200257,0.735107421875,0.7529296875,0.13232421875,0.5,False,0.5,0.5,0.5010624093039664,0.5029296875,0.51806640625,-0.099853515625,0.5,False,P
227,nested_carry,2,47,True,0.5,00001111,15,1.0,1.0,1.0,0.8492881487633481,1.0,1.0,0.401123046875,1.0,True,0.5,0.5,0.5166757298157438,0.746337890625,0.756591796875,0.1474609375,0.5,False,0.5,0.5,0.5011701710185351,0.505859375,0.518310546875,-0.093017578125,0.5,False,P
227,nested_carry,3,48,True,0.5,00001111,15,1.0,1.0,1.0,0.8290098732686269,1.0,1.0,0.402099609375,1.0,True,0.5,0.5,0.518220931399718,0.745849609375,0.759521484375,0.14794921875,0.5,False,0.5,0.5,0.5012780402432835,0.509521484375,0.51953125,-0.08837890625,0.5,False,P
227,nested_carry,4,49,True,0.5,00001111,15,1.0,1.0,1.0,0.8041413443912431,1.0,1.0,0.4033203125,1.0,True,0.5,0.5,0.519945501144137,0.752685546875,0.763916015625,0.156005859375,0.5,False,0.5,0.5,0.5013824936996625,0.510986328125,0.5185546875,-0.085693359375,0.5,False,P
227,nested_carry,5,50,True,0.50048828125,00001111,15,0.99951171875,0.99951171875,0.999267578125,0.7756633020428745,1.0,1.0,0.400634765625,0.9993896484375,True,0.50048828125,0.50030517578125,0.5216862971985362,0.759521484375,0.7734375,0.16015625,0.500396728515625,False,0.50048828125,0.5001627604166666,0.5014771358023284,0.5126953125,0.521240234375,-0.086669921875,0.5003255208333333,False,P
227,nested_carry,7,52,True,0.499267578125,00001111,15,0.992431640625,0.992431640625,0.9912109375,0.7148105646584931,1.0,1.0,0.4091796875,0.9918212890625,True,0.507568359375,0.50897216796875,0.5242653117103365,0.769775390625,0.786865234375,0.178955078125,0.508270263671875,False,0.499267578125,0.4988199869791667,0.5015607180332498,0.515625,0.5234375,-0.0751953125,0.49904378255208337,False,P
227,nested_carry,9,54,True,0.50146484375,00001111,15,0.97216796875,0.97216796875,0.9703369140625,0.6595976727546877,1.0,1.0,0.406982421875,0.97125244140625,True,0.52490234375,0.5301513671875,0.5250442181016546,0.80078125,0.79833984375,0.207763671875,0.52752685546875,False,0.50146484375,0.500732421875,0.5015097697133232,0.50634765625,0.524658203125,-0.086669921875,0.5010986328125,False,P
227,nested_carry,13,58,True,0.50390625,00001111,15,0.94140625,0.94140625,0.9375,0.5857548862127298,0.99853515625,1.0,0.416259765625,0.939453125,True,0.54541015625,0.55096435546875,0.5232708245416289,0.844482421875,0.8271484375,0.26220703125,0.548187255859375,False,0.50390625,0.5033365885416666,0.5013719015560895,0.530029296875,0.53564453125,-0.05224609375,0.5036214192708333,False,P
227,nested_carry,17,62,True,0.5107421875,00001111,15,0.900390625,0.900390625,0.898681640625,0.5489558474686836,0.99072265625,1.0,0.413818359375,0.8995361328125,False,0.58642578125,0.58831787109375,0.5217085128729925,0.876708984375,0.855224609375,0.2998046875,0.587371826171875,False,0.5107421875,0.5076090494791666,0.5012239529503884,0.52685546875,0.543701171875,-0.050048828125,0.5091756184895833,False,mixed_or_none
227,nested_carry,24,69,True,0.5107421875,00111111,63,0.78759765625,0.74951171875,0.744384765625,0.5266557002992358,0.97021484375,1.0,0.388916015625,0.7469482421875,False,0.73291015625,0.72784423828125,0.5260732430828381,0.946533203125,0.90576171875,0.365234375,0.730377197265625,False,0.5107421875,0.5088297526041666,0.5013731712984041,0.53466796875,0.559326171875,-0.046630859375,0.5097859700520833,False,mixed_or_none
227,nested_carry,33,78,True,0.517333984375,00110111,55,0.852783203125,0.620361328125,0.6201171875,0.52503131783882,0.96826171875,0.99951171875,0.378173828125,0.6202392578125,False,0.839111328125,0.8355712890625,0.5499254384009469,0.994873046875,0.960693359375,0.40478515625,0.83734130859375,False,0.517333984375,0.5150960286458334,0.5023256025239334,0.55126953125,0.5888671875,-0.038818359375,0.5162150065104167,False,mixed_or_none
227,nested_carry,45,90,True,0.505615234375,00110011,51,0.982177734375,0.516845703125,0.5150146484375,0.5284983641889016,0.97802734375,0.999755859375,0.363525390625,0.51593017578125,False,0.982177734375,0.98150634765625,0.6388671792648682,0.999755859375,0.99853515625,0.38525390625,0.981842041015625,True,0.505615234375,0.5034993489583334,0.5061189470053508,0.584716796875,0.656005859375,-0.02978515625,0.5045572916666667,False,Q
227,nested_carry,62,107,True,0.5,00110011,51,1.0,0.5,0.5,0.5134780707051896,0.99267578125,1.0,0.330078125,0.5,False,1.0,1.0,0.87409994767948,1.0,1.0,0.33740234375,1.0,True,0.5,0.5,0.5122867245571978,0.65625,0.722412109375,-0.00634765625,0.5,False,Q
227,nested_carry,85,130,True,0.501220703125,00110011,51,0.998779296875,0.500732421875,0.5,0.4906250922728301,0.99609375,1.0,0.325927734375,0.5003662109375,False,0.998779296875,0.9981689453125,0.8716322118222941,1.0,1.0,0.329833984375,0.99847412109375,True,0.501220703125,0.5012613932291666,0.5390781595116861,0.72119140625,0.80517578125,0.051025390625,0.5012410481770833,False,Q
227,nested_carry,117,162,True,0.62353515625,00110011,51,0.87646484375,0.50341796875,0.499267578125,0.4988294428920707,0.99755859375,1.0,0.287841796875,0.5013427734375,False,0.87646484375,0.87713623046875,0.7943225635885495,1.0,1.0,0.290283203125,0.876800537109375,False,0.62353515625,0.6209309895833334,0.6405907307911692,0.86474609375,0.9951171875,0.155029296875,0.6222330729166667,False,mixed_or_none
227,nested_carry,128,173,True,0.71337890625,01110111,119,0.814453125,0.49365234375,0.4947509765625,0.4947960852023364,0.998046875,1.0,0.27978515625,0.49420166015625,False,0.78662109375,0.78814697265625,0.7554150447858181,1.0,1.0,0.28173828125,0.787384033203125,False,0.71337890625,0.712158203125,0.68775047657903,0.912109375,0.9970703125,0.19384765625,0.7127685546875,False,mixed_or_none
227,nested_carry,161,206,True,0.8798828125,01010101,85,0.8798828125,0.4951171875,0.49560546875,0.501470574926317,0.998779296875,1.0,0.278076171875,0.495361328125,False,0.6201171875,0.61907958984375,0.6463616043948678,0.99951171875,1.0,0.27880859375,0.619598388671875,False,0.8798828125,0.8815511067708333,0.8331987764274363,0.99951171875,1.0,0.27880859375,0.8807169596354166,False,mixed_or_none
227,nested_carry,222,267,True,1.0,01010101,85,1.0,0.5,0.5,0.5007105941448003,0.9990234375,1.0,0.310791015625,0.5,False,0.5,0.5,0.5165840606449288,0.99853515625,1.0,0.310302734375,0.5,False,1.0,1.0,0.9813480562005856,1.0,1.0,0.311767578125,1.0,True,Y
227,nested_carry,304,349,True,1.0,01010101,85,1.0,0.5,0.5,0.5001132973363306,0.998779296875,1.0,0.304443359375,0.5,False,0.5,0.5,0.5051407469861827,0.998046875,0.999755859375,0.3037109375,0.5,False,1.0,1.0,0.9942686667711498,1.0,1.0,0.3056640625,1.0,True,Y
227,nested_carry,418,463,True,1.0,01010101,85,1.0,0.5,0.5,0.5000420078838554,0.998779296875,1.0,0.300048828125,0.5,False,0.5,0.5,0.5021997111709054,0.998291015625,0.999755859375,0.299560546875,0.5,False,1.0,1.0,0.99754907714138,1.0,1.0,0.30126953125,1.0,True,Y
227,nested_carry,575,620,True,1.0,01010101,85,1.0,0.5,0.5,0.5000170333739843,0.998779296875,1.0,0.29150390625,0.5,False,0.5,0.5,0.5010469953924971,0.998046875,0.999755859375,0.290771484375,0.5,False,1.0,1.0,0.9988344661768707,1.0,1.0,0.292724609375,1.0,True,Y
227,nested_carry,790,835,True,1.0,01010101,85,1.0,0.5,0.5,0.500002847607742,0.997802734375,1.0,0.28955078125,0.5,False,0.5,0.5,0.5005147941563003,0.998046875,0.999755859375,0.289794921875,0.5,False,1.0,1.0,0.9994265378701255,1.0,1.0,0.291748046875,1.0,True,Y
227,nested_carry,1024,1069,True,1.0,01010101,85,1.0,0.5,0.5,0.5000035316064944,0.9970703125,1.0,0.281494140625,0.5,False,0.5,0.5,0.500294457292161,0.9970703125,0.999755859375,0.281494140625,0.5,False,1.0,1.0,0.999672443973971,1.0,1.0,0.284423828125,1.0,True,Y
227,nested_reset,0,45,True,0.5,00001111,15,1.0,1.0,1.0,0.87584130344483,1.0,1.0,0.3984375,1.0,True,0.5,0.5,0.5144972184226122,0.733154296875,0.75341796875,0.131591796875,0.5,False,0.5,0.5,0.5009919847293393,0.50634765625,0.51806640625,-0.09521484375,0.5,False,P
227,nested_reset,1,46,True,0.5,00001111,15,1.0,1.0,1.0,0.8508780974182812,1.0,1.0,0.397216796875,1.0,True,0.5,0.5,0.5165151070263446,0.728515625,0.758056640625,0.125732421875,0.5,False,0.5,0.5,0.5011393246395996,0.510498046875,0.518310546875,-0.09228515625,0.5,False,P
227,nested_reset,2,47,True,0.5,00001111,15,1.0,1.0,1.0,0.8237155593572585,1.0,1.0,0.400634765625,1.0,True,0.5,0.5,0.5186832755870676,0.73291015625,0.762451171875,0.133544921875,0.5,False,0.5,0.5,0.5012839482309842,0.5087890625,0.518310546875,-0.090576171875,0.5,False,P
227,nested_reset,3,48,True,0.5,00001111,15,1.0,1.0,1.0,0.7981484232617575,1.0,1.0,0.407470703125,1.0,True,0.5,0.5,0.5204707235814837,0.736328125,0.766845703125,0.143798828125,0.5,False,0.5,0.5,0.5013722484312325,0.51220703125,0.519287109375,-0.080322265625,0.5,False,P
227,nested_reset,4,49,True,0.5,00001111,15,1.0,1.0,1.0,0.7713917374528039,1.0,1.0,0.404541015625,1.0,True,0.5,0.5,0.5220849327153152,0.746337890625,0.772216796875,0.15087890625,0.5,False,0.5,0.4999593098958333,0.5014370346658281,0.509765625,0.52099609375,-0.085693359375,0.49997965494791663,False,P
227,nested_reset,5,50,True,0.50048828125,00001111,15,0.9990234375,0.9990234375,0.9986572265625,0.7442052680678667,1.0,1.0,0.404052734375,0.99884033203125,True,0.5009765625,0.50091552734375,0.5235007802883762,0.75439453125,0.7783203125,0.158447265625,0.500946044921875,False,0.50048828125,0.5001220703125,0.5014838106239076,0.51318359375,0.522705078125,-0.082763671875,0.50030517578125,False,P
227,nested_reset,7,52,True,0.49951171875,00001111,15,0.9912109375,0.9912109375,0.9881591796875,0.6927385355802158,1.0,1.0,0.401123046875,0.98968505859375,True,0.5087890625,0.51092529296875,0.5252528584882494,0.7724609375,0.788818359375,0.173583984375,0.509857177734375,False,0.49951171875,0.4995930989583333,0.5015031931287648,0.51220703125,0.525146484375,-0.086669921875,0.49955240885416663,False,P
227,nested_reset,9,54,True,0.5009765625,00001111,15,0.97314453125,0.97314453125,0.9718017578125,0.6498946516686797,1.0,1.0,0.407470703125,0.97247314453125,True,0.52587890625,0.5277099609375,0.5256581195481672,0.801025390625,0.798095703125,0.20849609375,0.52679443359375,False,0.5009765625,0.5014241536458334,0.5014516942914277,0.505859375,0.52783203125,-0.086669921875,0.5012003580729167,False,P
227,nested_reset,13,58,True,0.502197265625,00001111,15,0.954833984375,0.954833984375,0.9521484375,0.5923855545157813,0.99951171875,1.0,0.4130859375,0.9534912109375,True,0.540283203125,0.54180908203125,0.5246239077125635,0.850341796875,0.819091796875,0.263916015625,0.541046142578125,False,0.502197265625,0.502685546875,0.5014065894507203,0.53564453125,0.53564453125,-0.05078125,0.50244140625,False,P
227,nested_reset,17,62,True,0.50830078125,00001111,15,0.92236328125,0.92236328125,0.9212646484375,0.5604563741657201,0.99609375,1.0,0.41162109375,0.92181396484375,True,0.56982421875,0.57135009765625,0.5241638791411435,0.884765625,0.8486328125,0.30029296875,0.570587158203125,False,0.50830078125,0.50634765625,0.5013831100209118,0.533447265625,0.54248046875,-0.051025390625,0.50732421875,False,P
227,nested_reset,24,69,True,0.509521484375,00001111,15,0.805419921875,0.805419921875,0.8038330078125,0.5377672086445262,0.98291015625,1.0,0.3916015625,0.80462646484375,False,0.687255859375,0.68255615234375,0.5294513610671713,0.947998046875,0.8896484375,0.356689453125,0.684906005859375,False,0.509521484375,0.506103515625,0.5016230277060547,0.527099609375,0.553955078125,-0.064208984375,0.5078125,False,mixed_or_none
227,nested_reset,33,78,True,0.517333984375,00111111,63,0.861572265625,0.665771484375,0.6617431640625,0.5347743315429437,0.97900390625,0.999755859375,0.38623046875,0.66375732421875,False,0.814208984375,0.81005859375,0.5527192665569627,0.995849609375,0.948486328125,0.403076171875,0.8121337890625,False,0.517333984375,0.51416015625,0.5026987445518971,0.5458984375,0.576416015625,-0.046875,0.5157470703125,False,mixed_or_none
227,nested_reset,45,90,True,0.508544921875,00110011,51,0.972900390625,0.526611328125,0.525390625,0.5397186032787429,0.988525390625,0.999755859375,0.343994140625,0.5260009765625,False,0.972900390625,0.97271728515625,0.632392225499781,1.0,0.997802734375,0.35546875,0.972808837890625,True,0.508544921875,0.5065104166666666,0.5059998384437739,0.572265625,0.634033203125,-0.072265625,0.5075276692708333,False,Q
227,nested_reset,62,107,True,0.5,00110011,51,1.0,0.5,0.5,0.5189556494025519,0.994873046875,1.0,0.342529296875,0.5,False,1.0,1.0,0.8508775943525091,1.0,1.0,0.34765625,1.0,True,0.5,0.5,0.5114920220091506,0.6484375,0.696533203125,-0.00390625,0.5,False,Q
227,nested_reset,85,130,True,0.5,00110011,51,1.0,0.5,0.5,0.4894437541067408,1.0,1.0,0.34619140625,0.5,False,1.0,1.0,0.8913381829380014,1.0,1.0,0.34619140625,1.0,True,0.5,0.5000406901041666,0.5273065613034467,0.734619140625,0.8095703125,0.080810546875,0.5000203450520833,False,Q
227,nested_reset,117,162,True,0.580078125,00110011,51,0.919921875,0.50244140625,0.4981689453125,0.49843610416103407,0.999755859375,1.0,0.310791015625,0.50030517578125,False,0.919921875,0.9193115234375,0.805282107725052,1.0,1.0,0.31103515625,0.91961669921875,True,0.580078125,0.5802408854166666,0.6252505626299685,0.933349609375,0.99658203125,0.244384765625,0.5801595052083333,False,Q
227,nested_reset,128,173,True,0.690673828125,01110111,119,0.833740234375,0.481201171875,0.4833984375,0.4926785416235749,1.0,1.0,0.285400390625,0.4822998046875,False,0.809326171875,0.81085205078125,0.7623729238986318,1.0,1.0,0.285400390625,0.810089111328125,False,0.690673828125,0.6890055338541666,0.6806066350641703,0.96728515625,0.9990234375,0.252685546875,0.6898396809895833,False,mixed_or_none
227,nested_reset,161,206,True,0.89501953125,01010101,85,0.89501953125,0.49658203125,0.49755859375,0.5018180634035682,1.0,1.0,0.287353515625,0.4970703125,False,0.60498046875,0.604248046875,0.6378873356898548,1.0,1.0,0.287353515625,0.6046142578125,False,0.89501953125,0.8975830078125,0.8430840915585565,1.0,1.0,0.287353515625,0.89630126953125,False,mixed_or_none
227,nested_reset,222,267,True,1.0,01010101,85,1.0,0.5,0.5,0.5003023648731219,0.999755859375,1.0,0.317626953125,0.5,False,0.5,0.5,0.5137031181971394,0.9970703125,0.99951171875,0.31494140625,0.5,False,1.0,1.0,0.9844636092829033,1.0,1.0,0.31787109375,1.0,True,Y
227,nested_reset,304,349,True,1.0,01010101,85,1.0,0.5,0.5,0.5000472541331379,0.999267578125,1.0,0.316650390625,0.5,False,0.5,0.5,0.5040221702871379,0.99658203125,0.99951171875,0.31396484375,0.5,False,1.0,1.0,0.995466165723569,1.0,1.0,0.3173828125,1.0,True,Y
227,nested_reset,418,463,True,1.0,01010101,85,1.0,0.5,0.5,0.5000142153179873,0.9990234375,1.0,0.31787109375,0.5,False,0.5,0.5,0.501672805266527,0.99609375,0.99951171875,0.31494140625,0.5,False,1.0,1.0,0.9981094991814898,1.0,1.0,0.31884765625,1.0,True,Y
227,nested_reset,575,620,True,1.0,01010101,85,1.0,0.5,0.5,0.500007325433365,0.999267578125,1.0,0.314208984375,0.5,False,0.5,0.5,0.5007935601526193,0.995361328125,0.999267578125,0.310302734375,0.5,False,1.0,1.0,0.999100933246656,1.0,1.0,0.31494140625,1.0,True,Y
227,nested_reset,790,835,True,1.0,01010101,85,1.0,0.5,0.5,0.4999980685139157,0.99853515625,1.0,0.311767578125,0.5,False,0.5,0.5,0.5003920832874077,0.9951171875,0.999267578125,0.308349609375,0.5,False,1.0,1.0,0.9995539080655658,0.999267578125,1.0,0.3125,1.0,True,Y
227,nested_reset,1024,1069,True,1.0,01010101,85,1.0,0.5,0.5,0.4999992490574386,0.998046875,1.0,0.309326171875,0.5,False,0.5,0.5,0.5002267759378876,0.99609375,0.999267578125,0.307373046875,0.5,False,1.0,1.0,0.9997415816513688,1.0,1.0,0.311279296875,1.0,True,Y
227,scratch,0,45,True,0.49658203125,00000000,0,0.7109375,0.6083984375,0.597900390625,0.5065844112472656,0.966552734375,0.999755859375,0.397216796875,0.6031494140625,False,0.49169921875,0.4959716796875,0.49958045918656424,0.677001953125,0.731689453125,0.107666015625,0.49383544921875,False,0.49658203125,0.4993082682291667,0.49988445140701504,0.52197265625,0.49853515625,-0.04736328125,0.49794514973958337,False,mixed_or_none
227,scratch,1,46,True,0.503662109375,00001111,15,0.631103515625,0.631103515625,0.624755859375,0.5082957073002881,0.972412109375,0.999755859375,0.39404296875,0.6279296875,False,0.500244140625,0.503662109375,0.5004896769233629,0.683837890625,0.729736328125,0.10546875,0.501953125,False,0.503662109375,0.5013020833333334,0.5000084228738655,0.531982421875,0.495361328125,-0.04638671875,0.5024820963541667,False,mixed_or_none
227,scratch,2,47,True,0.50830078125,00001111,15,0.63671875,0.63671875,0.6256103515625,0.509160117347374,0.9775390625,0.999755859375,0.402587890625,0.63116455078125,False,0.51611328125,0.51531982421875,0.5016047805985583,0.688720703125,0.731201171875,0.11376953125,0.515716552734375,False,0.50830078125,0.501708984375,0.5001324597245079,0.531982421875,0.494140625,-0.04296875,0.5050048828125,False,mixed_or_none
227,scratch,3,48,True,0.498046875,11111111,255,0.76416015625,0.60693359375,0.60400390625,0.5104591657457238,0.97998046875,0.999755859375,0.40478515625,0.60546875,False,0.5224609375,0.52020263671875,0.5024531835409876,0.697265625,0.7294921875,0.1220703125,0.521331787109375,False,0.498046875,0.4984130859375,0.5002631330857557,0.538330078125,0.491455078125,-0.036865234375,0.49822998046875,False,mixed_or_none
227,scratch,4,49,True,0.496337890625,11111111,255,0.812255859375,0.596435546875,0.5948486328125,0.5113410038514978,0.980224609375,1.0,0.40380859375,0.59564208984375,False,0.529052734375,0.5277099609375,0.5034149529053897,0.713134765625,0.7275390625,0.13671875,0.52838134765625,False,0.496337890625,0.4992268880208333,0.5003664872408594,0.533447265625,0.489501953125,-0.04296875,0.49778238932291663,False,mixed_or_none
227,scratch,5,50,True,0.494140625,11111111,255,0.775390625,0.611328125,0.6063232421875,0.5118681799388561,0.9814453125,1.0,0.409912109375,0.60882568359375,False,0.5380859375,0.53521728515625,0.5044128921824053,0.730712890625,0.730224609375,0.1591796875,0.536651611328125,False,0.494140625,0.4980875651041667,0.5004534215207738,0.537841796875,0.494384765625,-0.03369140625,0.49611409505208337,False,mixed_or_none
227,scratch,7,52,True,0.514404296875,00001111,15,0.639404296875,0.639404296875,0.6318359375,0.5112417055574743,0.978759765625,1.0,0.41064453125,0.6356201171875,False,0.561279296875,0.56365966796875,0.5064687964285233,0.755859375,0.7353515625,0.187744140625,0.562469482421875,False,0.514404296875,0.5083414713541666,0.500616120601858,0.537109375,0.49609375,-0.031005859375,0.5113728841145833,False,mixed_or_none
227,scratch,9,54,True,0.515869140625,00000011,3,0.663818359375,0.629638671875,0.62353515625,0.5102082076326947,0.975830078125,1.0,0.406494140625,0.6265869140625,False,0.593994140625,0.5897216796875,0.5086527546042152,0.7919921875,0.74658203125,0.22265625,0.59185791015625,False,0.515869140625,0.5107828776041666,0.5007732781343852,0.5439453125,0.498291015625,-0.025390625,0.5133260091145833,False,mixed_or_none
227,scratch,13,58,True,0.516845703125,00000011,3,0.694091796875,0.595947265625,0.5888671875,0.5080395015528061,0.974365234375,1.0,0.398193359375,0.5924072265625,False,0.630615234375,0.62762451171875,0.5143180862679146,0.8740234375,0.76953125,0.2978515625,0.629119873046875,False,0.516845703125,0.5091552734375,0.5010948159231989,0.547119140625,0.498779296875,-0.029052734375,0.51300048828125,False,mixed_or_none
227,scratch,17,62,True,0.513916015625,00000011,3,0.720458984375,0.560791015625,0.5538330078125,0.505860531629986,0.978271484375,1.0,0.39404296875,0.55731201171875,False,0.682373046875,0.67724609375,0.5235307294044087,0.94482421875,0.798583984375,0.360595703125,0.6798095703125,False,0.513916015625,0.507080078125,0.5014655436538206,0.5546875,0.5029296875,-0.029541015625,0.510498046875,False,mixed_or_none
227,scratch,24,69,True,0.509765625,00110011,51,0.8515625,0.52392578125,0.517822265625,0.5036753436967784,0.986328125,1.0,0.380615234375,0.5208740234375,False,0.8515625,0.84881591796875,0.5533247753912113,0.99658203125,0.87939453125,0.390869140625,0.850189208984375,False,0.509765625,0.508056640625,0.5022357607465259,0.57470703125,0.508544921875,-0.031005859375,0.5089111328125,False,mixed_or_none
227,scratch,33,78,True,0.502197265625,00110011,51,0.978759765625,0.505615234375,0.4996337890625,0.49768309893553864,0.9853515625,0.999755859375,0.34814453125,0.50262451171875,False,0.978759765625,0.9765625,0.6412465291710332,1.0,0.974365234375,0.36279296875,0.9776611328125,True,0.502197265625,0.5010579427083334,0.5029786314153907,0.572998046875,0.509033203125,-0.064208984375,0.5016276041666667,False,Q
227,scratch,45,90,True,0.5,00110011,51,1.0,0.5,0.5,0.5017149474655246,0.97998046875,0.99951171875,0.32861328125,0.5,False,1.0,1.0,0.8390759435709109,1.0,1.0,0.3486328125,1.0,True,0.5,0.5,0.503009039221433,0.569091796875,0.51904296875,-0.082275390625,0.5,False,Q
227,scratch,62,107,True,0.5,00110011,51,1.0,0.5,0.5,0.5017946057514204,0.956298828125,0.9990234375,0.284912109375,0.5,False,1.0,1.0,0.9280440002126216,1.0,1.0,0.32861328125,1.0,True,0.5,0.5,0.5028833249224991,0.613037109375,0.541259765625,-0.058349609375,0.5,False,Q
227,scratch,85,130,True,0.5,00110011,51,1.0,0.5,0.5,0.4948198387088656,0.935791015625,0.998291015625,0.228515625,0.5,False,1.0,1.0,0.8749766289597352,1.0,1.0,0.292724609375,1.0,True,0.5,0.5,0.5102212507535133,0.703125,0.63427734375,-0.004150390625,0.5,False,Q
227,scratch,117,162,True,0.507080078125,00110011,51,0.992919921875,0.502197265625,0.5003662109375,0.4945090260749591,0.929931640625,0.997802734375,0.225341796875,0.50128173828125,False,0.992919921875,0.9925537109375,0.8661487689327106,1.0,1.0,0.29541015625,0.99273681640625,True,0.507080078125,0.5068766276041666,0.5527569559003074,0.952392578125,0.962158203125,0.247802734375,0.5069783528645833,False,Q
227,scratch,128,173,True,0.555908203125,00110011,51,0.944091796875,0.496826171875,0.49365234375,0.48884717773804676,0.946533203125,0.997314453125,0.24267578125,0.4952392578125,False,0.944091796875,0.94403076171875,0.8310189634112208,1.0,1.0,0.296142578125,0.944061279296875,True,0.555908203125,0.5551350911458334,0.5965487430110488,0.991455078125,0.992431640625,0.28759765625,0.5555216471354167,False,Q
227,scratch,161,206,True,0.9619140625,01010101,85,0.9619140625,0.50390625,0.505126953125,0.5039971877916286,0.923583984375,0.996826171875,0.1884765625,0.5045166015625,False,0.5380859375,0.53765869140625,0.6206326417554036,1.0,0.999755859375,0.264892578125,0.537872314453125,False,0.9619140625,0.9620768229166667,0.8594458556845637,1.0,1.0,0.264892578125,0.9619954427083334,True,Y
227,scratch,222,267,True,1.0,01010101,85,1.0,0.5,0.5,0.49985333680292254,0.943115234375,0.997314453125,0.220458984375,0.5,False,0.5,0.5,0.5088441346461477,0.99951171875,0.9970703125,0.27685546875,0.5,False,1.0,1.0,0.9897525231666695,1.0,1.0,0.27734375,1.0,True,Y
227,scratch,304,349,True,1.0,01010101,85,1.0,0.5,0.5,0.4998959670254058,0.9453125,0.9970703125,0.218505859375,0.5,False,0.5,0.5,0.5032255230999885,0.9990234375,0.995849609375,0.272216796875,0.5,False,1.0,1.0,0.9962942007373876,1.0,1.0,0.273193359375,1.0,True,Y
227,scratch,418,463,True,1.0,01010101,85,1.0,0.5,0.5,0.4999556584874126,0.947998046875,0.99658203125,0.213623046875,0.5,False,0.5,0.5,0.5014896092502503,0.999267578125,0.99609375,0.264892578125,0.5,False,1.0,1.0,0.998295291963148,1.0,1.0,0.265625,1.0,True,Y
227,scratch,575,620,True,1.0,01010101,85,1.0,0.5,0.5,0.4999781341444904,0.94921875,0.99609375,0.2138671875,0.5,False,0.5,0.5,0.5007416384691145,0.999267578125,0.995361328125,0.263916015625,0.5,False,1.0,1.0,0.999152880201668,1.0,1.0,0.2646484375,1.0,True,Y
227,scratch,790,835,True,1.0,01010101,85,1.0,0.5,0.5,0.4999861199459364,0.950927734375,0.994384765625,0.211669921875,0.5,False,0.5,0.5,0.5003831019569934,0.999267578125,0.995361328125,0.260009765625,0.5,False,1.0,1.0,0.9995638241129245,1.0,1.0,0.2607421875,1.0,True,Y
227,scratch,1024,1069,True,1.0,01010101,85,1.0,0.5,0.5,0.49999322738751323,0.950927734375,0.993896484375,0.214599609375,0.5,False,0.5,0.5,0.5002239896514781,0.999267578125,0.99560546875,0.262939453125,0.5,False,1.0,1.0,0.9997452202434689,1.0,1.0,0.263671875,1.0,True,Y
227,sham,0,45,True,0.491943359375,00001111,15,0.579345703125,0.579345703125,0.576171875,0.5012951572111369,0.855712890625,0.99951171875,0.31103515625,0.5777587890625,False,0.485107421875,0.48883056640625,0.4997985033330758,0.657958984375,0.720458984375,0.11328125,0.486968994140625,False,0.491943359375,0.4976806640625,0.49997245745475327,0.511962890625,0.502685546875,-0.03271484375,0.49481201171875,False,mixed_or_none
227,sham,1,46,True,0.49951171875,11111111,255,0.70751953125,0.60009765625,0.6080322265625,0.5023708813506204,0.8662109375,0.999755859375,0.324462890625,0.60406494140625,False,0.52001953125,0.5255126953125,0.500344887471372,0.654541015625,0.7177734375,0.11279296875,0.52276611328125,False,0.49951171875,0.4988199869791667,0.5000135245047073,0.5146484375,0.505615234375,-0.027099609375,0.49916585286458337,False,mixed_or_none
227,sham,2,47,True,0.49658203125,00111111,63,0.650390625,0.62890625,0.6324462890625,0.5029223552296179,0.8828125,0.999755859375,0.340087890625,0.63067626953125,False,0.53759765625,0.5399169921875,0.5008902567414721,0.65771484375,0.71484375,0.114990234375,0.53875732421875,False,0.49658203125,0.4970296223958333,0.5000541073615871,0.517578125,0.504638671875,-0.025146484375,0.49680582682291663,False,mixed_or_none
227,sham,3,48,True,0.5,11111111,255,0.84765625,0.57568359375,0.576904296875,0.5037062537735209,0.893798828125,0.999755859375,0.347412109375,0.5762939453125,False,0.54443359375,0.5443115234375,0.5013113361447358,0.6630859375,0.714111328125,0.11669921875,0.54437255859375,False,0.5,0.4996744791666667,0.5001096807462477,0.51513671875,0.504150390625,-0.03125,0.49983723958333337,False,mixed_or_none
227,sham,4,49,True,0.501953125,11111111,255,0.880859375,0.56494140625,0.563720703125,0.5043432500018695,0.899658203125,0.999755859375,0.352294921875,0.5643310546875,False,0.55126953125,0.54779052734375,0.5017737773801291,0.66650390625,0.714599609375,0.119140625,0.549530029296875,False,0.501953125,0.5026041666666666,0.5001633157272649,0.5185546875,0.505859375,-0.02880859375,0.5022786458333333,False,mixed_or_none
227,sham,5,50,True,0.501220703125,11111111,255,0.855224609375,0.581787109375,0.5814208984375,0.5048830724515773,0.90478515625,0.999755859375,0.362060546875,0.58160400390625,False,0.559326171875,0.55755615234375,0.502256728925609,0.67626953125,0.71484375,0.133544921875,0.558441162109375,False,0.501220703125,0.5037434895833334,0.5002090072036119,0.525634765625,0.50634765625,-0.01708984375,0.5024820963541667,False,mixed_or_none
227,sham,7,52,True,0.51611328125,00111111,63,0.70556640625,0.63330078125,0.63134765625,0.5050359955876444,0.906982421875,0.999755859375,0.362548828125,0.63232421875,False,0.595703125,0.592041015625,0.5032959614971199,0.705322265625,0.71923828125,0.160888671875,0.5938720703125,False,0.51611328125,0.5106608072916666,0.5002858937525789,0.5322265625,0.508056640625,-0.01220703125,0.5133870442708333,False,mixed_or_none
227,sham,9,54,True,0.511474609375,00011111,31,0.643310546875,0.623779296875,0.6231689453125,0.5050956590087317,0.908447265625,0.999755859375,0.363037109375,0.62347412109375,False,0.607177734375,0.60443115234375,0.5044853718090011,0.744140625,0.732421875,0.19873046875,0.605804443359375,False,0.511474609375,0.5077718098958334,0.5003796305583237,0.541259765625,0.5078125,-0.004150390625,0.5096232096354167,False,mixed_or_none
227,sham,13,58,True,0.512939453125,00010011,19,0.653076171875,0.590576171875,0.587890625,0.5047695184214731,0.910400390625,1.0,0.357421875,0.5892333984375,False,0.634521484375,0.63348388671875,0.507773222573565,0.805908203125,0.761474609375,0.2529296875,0.634002685546875,False,0.512939453125,0.5074869791666666,0.5006011078556227,0.539306640625,0.50341796875,-0.013671875,0.5102132161458333,False,mixed_or_none
227,sham,17,62,True,0.50830078125,00000011,3,0.716796875,0.5634765625,0.56201171875,0.504125650637831,0.916748046875,1.0,0.348388671875,0.562744140625,False,0.65771484375,0.65191650390625,0.5134110239051087,0.87451171875,0.79736328125,0.30615234375,0.654815673828125,False,0.50830078125,0.5032552083333334,0.5008745694433079,0.555908203125,0.5029296875,-0.012451171875,0.5057779947916667,False,mixed_or_none
227,sham,24,69,True,0.514404296875,00110011,51,0.852294921875,0.528076171875,0.5250244140625,0.5037492164015693,0.919677734375,1.0,0.3212890625,0.52655029296875,False,0.852294921875,0.84368896484375,0.5353536504113817,0.9794921875,0.872314453125,0.381103515625,0.847991943359375,False,0.514404296875,0.5093994140625,0.5017208400841692,0.575439453125,0.508056640625,-0.02294921875,0.51190185546875,False,mixed_or_none
227,sham,33,78,True,0.508056640625,00110011,51,0.970947265625,0.499755859375,0.4971923828125,0.500238836220332,0.921630859375,0.99951171875,0.276123046875,0.49847412109375,False,0.970947265625,0.96832275390625,0.6086680172910479,0.999755859375,0.96826171875,0.354248046875,0.969635009765625,True,0.508056640625,0.5065511067708334,0.5030628636332344,0.56005859375,0.51171875,-0.08544921875,0.5073038736979167,False,Q
227,sham,45,90,True,0.5,00110011,51,1.0,0.5,0.5,0.49986327751992976,0.905517578125,0.999755859375,0.247314453125,0.5,False,1.0,1.0,0.8108200251311837,1.0,1.0,0.341796875,1.0,True,0.5,0.5,0.5038236971712916,0.591552734375,0.510986328125,-0.066650390625,0.5,False,Q
227,sham,62,107,True,0.5,00110011,51,1.0,0.5,0.5,0.5023402130681616,0.86083984375,0.999755859375,0.1962890625,0.5,False,1.0,1.0,0.9302419063565808,1.0,1.0,0.33544921875,1.0,True,0.5,0.5,0.5034845784238888,0.624755859375,0.524169921875,-0.039794921875,0.5,False,Q
227,sham,85,130,True,0.5,00110011,51,1.0,0.5,0.5,0.4944254653615437,0.824951171875,0.99951171875,0.1201171875,0.5,False,1.0,0.9998779296875,0.8734629206815806,1.0,1.0,0.295166015625,0.99993896484375,True,0.5,0.5,0.512219158198062,0.7177734375,0.621826171875,0.012939453125,0.5,False,Q
227,sham,117,162,True,0.515869140625,00110011,51,0.984130859375,0.502197265625,0.5,0.497029873367098,0.7978515625,0.99951171875,0.051513671875,0.5010986328125,False,0.984130859375,0.983154296875,0.8610249897225491,1.0,0.999755859375,0.253662109375,0.983642578125,True,0.515869140625,0.515380859375,0.5516695022586972,0.881103515625,0.918701171875,0.134765625,0.515625,False,Q
227,sham,128,173,True,0.55078125,00110011,51,0.94921875,0.49462890625,0.4937744140625,0.49013814554073865,0.81201171875,0.9990234375,0.068603515625,0.49420166015625,False,0.94921875,0.947021484375,0.8362952286909174,1.0,0.999755859375,0.256591796875,0.9481201171875,True,0.55078125,0.5509847005208334,0.5855141594094395,0.941650390625,0.99072265625,0.1982421875,0.5508829752604167,False,Q
227,sham,161,206,True,0.82275390625,01010101,85,0.82275390625,0.51220703125,0.512939453125,0.5052145505725104,0.782470703125,0.996337890625,0.015869140625,0.5125732421875,False,0.67724609375,0.6785888671875,0.6777936212700417,1.0,0.99853515625,0.2333984375,0.67791748046875,False,0.82275390625,0.8222249348958333,0.7888368261887047,1.0,1.0,0.2333984375,0.8224894205729166,False,mixed_or_none
227,sham,222,267,True,1.0,01010101,85,1.0,0.5,0.5,0.49998855881364646,0.788818359375,0.994384765625,0.00634765625,0.5,False,0.5,0.5,0.5095983625883185,0.999267578125,0.9931640625,0.216796875,0.5,False,1.0,1.0,0.9886416673599145,1.0,1.0,0.217529296875,1.0,True,Y
227,sham,304,349,True,1.0,01010101,85,1.0,0.5,0.5,0.5000043979120881,0.813232421875,0.993896484375,0.0361328125,0.5,False,0.5,0.5,0.5029949580422509,0.99951171875,0.992431640625,0.222412109375,0.5,False,1.0,1.0,0.9964735074399789,1.0,1.0,0.222900390625,1.0,True,Y
227,sham,418,463,True,1.0,01010101,85,1.0,0.5,0.5,0.5000058463862195,0.820068359375,0.99365234375,0.048828125,0.5,False,0.5,0.5,0.5011868054759167,0.9990234375,0.991943359375,0.227783203125,0.5,False,1.0,1.0,0.9986097507849381,1.0,1.0,0.228759765625,1.0,True,Y
227,sham,575,620,True,1.0,01010101,85,1.0,0.5,0.5,0.5000042750036339,0.8251953125,0.993896484375,0.0576171875,0.5,False,0.5,0.5,0.5005311703814956,0.998779296875,0.9921875,0.231201171875,0.5,False,1.0,1.0,0.9993758322858435,1.0,1.0,0.232421875,1.0,True,Y
227,sham,790,835,True,1.0,01010101,85,1.0,0.5,0.5,0.5000018792321211,0.828125,0.993896484375,0.062744140625,0.5,False,0.5,0.5,0.5002605246269883,0.9990234375,0.99169921875,0.233642578125,0.5,False,1.0,1.0,0.9996934232279975,1.0,1.0,0.234619140625,1.0,True,Y
227,sham,1024,1069,True,1.0,01010101,85,1.0,0.5,0.5,0.5000016157679601,0.828857421875,0.994140625,0.066650390625,0.5,False,0.5,0.5,0.5001495986907486,0.9990234375,0.991455078125,0.23681640625,0.5,False,1.0,1.0,0.999823767711743,1.0,1.0,0.23779296875,1.0,True,Y
229,independent_carry,0,45,True,0.500732421875,00001111,15,0.999267578125,0.999267578125,0.99951171875,0.8702736940388731,1.0,1.0,0.38134765625,0.9993896484375,True,0.500732421875,0.5008544921875,0.542699661939774,0.87939453125,0.921630859375,0.2607421875,0.50079345703125,False,0.500732421875,0.5002848307291666,0.5039884241918823,0.62109375,0.55615234375,0.00244140625,0.5005086263020833,False,P
229,independent_carry,1,46,True,0.501220703125,00001111,15,0.998779296875,0.998779296875,0.999267578125,0.857987182474611,1.0,1.0,0.38134765625,0.9990234375,True,0.501220703125,0.501220703125,0.5470473566130072,0.89013671875,0.9326171875,0.271484375,0.501220703125,False,0.501220703125,0.5005289713541666,0.5043814417498025,0.623291015625,0.559814453125,0.004638671875,0.5008748372395833,False,P
229,independent_carry,2,47,True,0.501708984375,00001111,15,0.998291015625,0.998291015625,0.998779296875,0.8425174005872574,1.0,1.0,0.37890625,0.99853515625,True,0.501708984375,0.501708984375,0.5521912836183009,0.89892578125,0.940673828125,0.27783203125,0.501708984375,False,0.501708984375,0.500732421875,0.5048380696734364,0.623291015625,0.564697265625,0.002197265625,0.501220703125,False,P
229,independent_carry,3,48,True,0.501953125,00001111,15,0.998046875,0.998046875,0.99853515625,0.8247965944719363,1.0,1.0,0.376953125,0.998291015625,True,0.501953125,0.5020751953125,0.5579642680700654,0.90966796875,0.946533203125,0.28662109375,0.50201416015625,False,0.501953125,0.5008544921875,0.5053145729059105,0.621337890625,0.565185546875,-0.001708984375,0.50140380859375,False,P
229,independent_carry,4,49,True,0.503173828125,00001111,15,0.995849609375,0.995849609375,0.9969482421875,0.8030707050431652,1.0,1.0,0.3779296875,0.99639892578125,True,0.504150390625,0.50347900390625,0.5643853967350154,0.919677734375,0.95263671875,0.297607421875,0.503814697265625,False,0.503173828125,0.5019124348958334,0.505826360096852,0.62255859375,0.56982421875,0.00048828125,0.5025431315104167,False,P
229,independent_carry,5,50,True,0.501708984375,00001111,15,0.991943359375,0.991943359375,0.993896484375,0.7782257141816029,1.0,1.0,0.377685546875,0.992919921875,True,0.508056640625,0.50738525390625,0.5710798380774385,0.9287109375,0.960693359375,0.306396484375,0.507720947265625,False,0.501708984375,0.50146484375,0.50633380111908,0.62548828125,0.574951171875,0.003173828125,0.5015869140625,False,P
229,independent_carry,7,52,True,0.506103515625,00001111,15,0.943603515625,0.943603515625,0.94482421875,0.7225151591462817,1.0,1.0,0.374267578125,0.9442138671875,True,0.556396484375,0.55517578125,0.5831681655719557,0.947021484375,0.97412109375,0.3212890625,0.5557861328125,False,0.506103515625,0.5075276692708334,0.5071569529480098,0.629638671875,0.587646484375,0.00390625,0.5068155924479167,False,P
229,independent_carry,9,54,True,0.510986328125,00011111,31,0.876220703125,0.861572265625,0.8626708984375,0.6706544495996966,1.0,1.0,0.375,0.86212158203125,False,0.638427734375,0.6370849609375,0.5919229565948293,0.96484375,0.981689453125,0.33984375,0.63775634765625,False,0.510986328125,0.5094807942708334,0.5077651948043448,0.640625,0.603759765625,0.015625,0.5102335611979167,False,mixed_or_none
229,independent_carry,13,58,True,0.515625,00111111,63,0.81689453125,0.74755859375,0.747314453125,0.5974421323786474,1.0,1.0,0.376953125,0.7474365234375,False,0.751953125,0.75042724609375,0.6071961021759015,0.987548828125,0.9970703125,0.364501953125,0.751190185546875,False,0.515625,0.5170084635416666,0.5089854375760506,0.676513671875,0.6328125,0.053466796875,0.5163167317708333,False,mixed_or_none
229,independent_carry,17,62,True,0.515380859375,00110011,51,0.889892578125,0.600341796875,0.602783203125,0.5523125918670144,0.999755859375,1.0,0.377685546875,0.6015625,False,0.889892578125,0.88519287109375,0.6251190699791112,0.995849609375,1.0,0.373779296875,0.887542724609375,False,0.515380859375,0.51416015625,0.510412770629039,0.7158203125,0.662353515625,0.09375,0.5147705078125,False,mixed_or_none
229,independent_carry,24,69,True,0.510498046875,00110011,51,0.983642578125,0.512939453125,0.513671875,0.5104801588762617,0.9990234375,1.0,0.353271484375,0.5133056640625,False,0.983642578125,0.9820556640625,0.6822132470457861,0.999755859375,1.0,0.35400390625,0.98284912109375,True,0.510498046875,0.5096435546875,0.5154298200670304,0.7607421875,0.699462890625,0.114990234375,0.51007080078125,False,Q
229,independent_carry,33,78,True,0.504150390625,00110011,51,0.995849609375,0.503662109375,0.5020751953125,0.49889079039071904,0.9990234375,0.999755859375,0.32177734375,0.50286865234375,False,0.995849609375,0.99725341796875,0.7954414451324002,1.0,1.0,0.32275390625,0.996551513671875,True,0.504150390625,0.5028483072916666,0.5223546306191009,0.812255859375,0.750244140625,0.135009765625,0.5034993489583333,False,Q
229,independent_carry,45,90,True,0.5,00110011,51,1.0,0.5,0.5,0.4996353771722778,0.998291015625,0.999755859375,0.31982421875,0.5,False,1.0,1.0,0.9035950095185711,1.0,1.0,0.321533203125,1.0,True,0.5,0.5,0.5246335168984788,0.874267578125,0.785400390625,0.19580078125,0.5,False,Q
229,independent_carry,62,107,True,0.505615234375,00110011,51,0.994384765625,0.500732421875,0.499267578125,0.5013988645918439,0.997314453125,0.999755859375,0.30419921875,0.5,False,0.994384765625,0.99285888671875,0.8751339788803096,1.0,1.0,0.306884765625,0.993621826171875,True,0.505615234375,0.5067138671875,0.5492224688943802,0.958740234375,0.8369140625,0.265625,0.50616455078125,False,Q
229,independent_carry,85,130,True,0.582763671875,00110011,51,0.917236328125,0.496337890625,0.49658203125,0.5000894994956426,0.996826171875,1.0,0.314208984375,0.4964599609375,False,0.917236328125,0.9178466796875,0.8161201876824972,1.0,1.0,0.3173828125,0.91754150390625,True,0.582763671875,0.5811360677083334,0.6101717359114676,0.99853515625,0.9326171875,0.31591796875,0.5819498697916667,False,Q
229,independent_carry,117,162,True,0.80419921875,01010101,85,0.80419921875,0.4794921875,0.48046875,0.48915878833071463,0.999755859375,1.0,0.30322265625,0.47998046875,False,0.69580078125,0.69378662109375,0.6992012422732685,1.0,1.0,0.303466796875,0.694793701171875,False,0.80419921875,0.8051350911458333,0.7660546344004844,1.0,0.99853515625,0.303466796875,0.8046671549479166,False,mixed_or_none
229,independent_carry,128,173,True,0.95166015625,01010101,85,0.95166015625,0.4951171875,0.498046875,0.496569381786903,0.999267578125,1.0,0.30908203125,0.49658203125,False,0.54833984375,0.5504150390625,0.6341010771255461,1.0,1.0,0.309814453125,0.54937744140625,False,0.95166015625,0.9494222005208333,0.8432747201032169,1.0,1.0,0.309814453125,0.9505411783854166,True,Y
229,independent_carry,161,206,True,1.0,01010101,85,1.0,0.5,0.5,0.49905396653241524,0.9990234375,1.0,0.317138671875,0.5,False,0.5,0.5,0.5362055837356288,0.999755859375,1.0,0.31787109375,0.5,False,1.0,1.0,0.9586474328114656,1.0,1.0,0.318115234375,1.0,True,Y
229,independent_carry,222,267,True,1.0,01010101,85,1.0,0.5,0.5,0.5000364931730452,0.998779296875,1.0,0.316162109375,0.5,False,0.5,0.5,0.5093716209091922,1.0,1.0,0.3173828125,0.5,False,1.0,1.0,0.9893963286103384,1.0,1.0,0.3173828125,1.0,True,Y
229,independent_carry,304,349,True,1.0,01010101,85,1.0,0.5,0.5,0.4999541835266633,0.998779296875,1.0,0.3115234375,0.5,False,0.5,0.5,0.5040146808896605,1.0,1.0,0.312744140625,0.5,False,1.0,1.0,0.9954506693124747,1.0,1.0,0.312744140625,1.0,True,Y
229,independent_carry,418,463,True,1.0,01010101,85,1.0,0.5,0.5,0.49997895611684473,0.9990234375,1.0,0.312255859375,0.5,False,0.5,0.5,0.5019384191850014,1.0,1.0,0.313232421875,0.5,False,1.0,1.0,0.9978054761140718,1.0,1.0,0.313232421875,1.0,True,Y
229,independent_carry,575,620,True,1.0,01010101,85,1.0,0.5,0.5,0.49998655116549195,0.9990234375,1.0,0.305908203125,0.5,False,0.5,0.5,0.5009838119054136,1.0,1.0,0.306884765625,0.5,False,1.0,1.0,0.9988864707327694,1.0,1.0,0.306884765625,1.0,True,Y
229,independent_carry,790,835,True,1.0,01010101,85,1.0,0.5,0.5,0.49999316254727705,0.9990234375,1.0,0.3037109375,0.5,False,0.5,0.5,0.5005142363004582,1.0,1.0,0.3046875,0.5,False,1.0,1.0,0.9994180755796873,1.0,1.0,0.3046875,1.0,True,Y
229,independent_carry,1024,1069,True,1.0,01010101,85,1.0,0.5,0.5,0.4999949807436957,0.9990234375,1.0,0.300537109375,0.5,False,0.5,0.5,0.5003033632670173,1.0,1.0,0.301513671875,0.5,False,1.0,1.0,0.999656910976781,1.0,1.0,0.301513671875,1.0,True,Y
229,independent_reset,0,45,True,0.500732421875,00001111,15,0.999267578125,0.999267578125,0.99951171875,0.8702736940388731,1.0,1.0,0.38134765625,0.9993896484375,True,0.500732421875,0.5008544921875,0.542699661939774,0.87939453125,0.921630859375,0.2607421875,0.50079345703125,False,0.500732421875,0.5002848307291666,0.5039884241918823,0.62109375,0.55615234375,0.00244140625,0.5005086263020833,False,P
229,independent_reset,1,46,True,0.501953125,00001111,15,0.99755859375,0.99755859375,0.9979248046875,0.8456522871233992,1.0,1.0,0.38134765625,0.99774169921875,True,0.50244140625,0.5028076171875,0.5486345592593262,0.88818359375,0.930419921875,0.26953125,0.50262451171875,False,0.501953125,0.500732421875,0.5044975599319139,0.6181640625,0.55810546875,-0.00048828125,0.5013427734375,False,P
229,independent_reset,2,47,True,0.501708984375,00001111,15,0.995361328125,0.995361328125,0.9954833984375,0.825017383096724,1.0,1.0,0.37548828125,0.99542236328125,True,0.504638671875,0.50494384765625,0.5536316365138526,0.89501953125,0.936279296875,0.2705078125,0.504791259765625,False,0.501708984375,0.5009358723958334,0.5049278086340695,0.618896484375,0.566650390625,-0.005615234375,0.5013224283854167,False,P
229,independent_reset,3,48,True,0.502197265625,00001111,15,0.995361328125,0.995361328125,0.9959716796875,0.8065561856122501,1.0,1.0,0.377685546875,0.99566650390625,True,0.504638671875,0.50469970703125,0.5583253162985853,0.9013671875,0.943115234375,0.279052734375,0.504669189453125,False,0.502197265625,0.5013020833333334,0.505288112557845,0.616455078125,0.568359375,-0.005859375,0.5017496744791667,False,P
229,independent_reset,4,49,True,0.503173828125,00001111,15,0.994873046875,0.994873046875,0.9959716796875,0.7859521119373822,1.0,1.0,0.378173828125,0.99542236328125,True,0.505126953125,0.50506591796875,0.5630757913862938,0.910400390625,0.945556640625,0.28857421875,0.505096435546875,False,0.503173828125,0.5020751953125,0.5056468459099139,0.615966796875,0.5693359375,-0.005859375,0.50262451171875,False,P
229,independent_reset,5,50,True,0.50244140625,00001111,15,0.9912109375,0.9912109375,0.9927978515625,0.7642190225247503,1.0,1.0,0.380859375,0.99200439453125,True,0.5087890625,0.50848388671875,0.5676765598248902,0.9169921875,0.94970703125,0.2978515625,0.508636474609375,False,0.50244140625,0.5015869140625,0.5059851571848446,0.614501953125,0.5712890625,-0.004638671875,0.50201416015625,False,P
229,independent_reset,7,52,True,0.505615234375,00001111,15,0.960205078125,0.960205078125,0.9600830078125,0.7188798153516779,1.0,1.0,0.374755859375,0.96014404296875,True,0.539794921875,0.53912353515625,0.5754765405052031,0.926513671875,0.960693359375,0.30126953125,0.539459228515625,False,0.505615234375,0.5059000651041666,0.506531089322003,0.6181640625,0.580322265625,-0.007080078125,0.5057576497395833,False,P
229,independent_reset,9,54,True,0.5068359375,00001111,15,0.89794921875,0.89794921875,0.899169921875,0.6775555158491324,1.0,1.0,0.3759765625,0.8985595703125,False,0.60205078125,0.6002197265625,0.5812117385728188,0.94140625,0.96826171875,0.3173828125,0.60113525390625,False,0.5068359375,0.5080973307291666,0.5069823343118025,0.6279296875,0.58837890625,0.00390625,0.5074666341145833,False,mixed_or_none
229,independent_reset,13,58,True,0.51220703125,00111111,63,0.84814453125,0.8173828125,0.8179931640625,0.6174134879524801,1.0,1.0,0.384033203125,0.81768798828125,False,0.681640625,0.6820068359375,0.5912222559625275,0.964599609375,0.98193359375,0.3486328125,0.68182373046875,False,0.51220703125,0.512451171875,0.5079022968586978,0.657958984375,0.606689453125,0.0419921875,0.5123291015625,False,mixed_or_none
229,independent_reset,17,62,True,0.517333984375,00110011,51,0.812255859375,0.682373046875,0.6812744140625,0.5778851807381723,0.999267578125,1.0,0.381103515625,0.68182373046875,False,0.812255859375,0.809814453125,0.6031157183164284,0.98291015625,0.993408203125,0.36474609375,0.81103515625,False,0.517333984375,0.5191650390625,0.5089295593892396,0.694580078125,0.624755859375,0.076416015625,0.51824951171875,False,mixed_or_none
229,independent_reset,24,69,True,0.519775390625,00110011,51,0.942138671875,0.553466796875,0.5560302734375,0.536683637289785,0.99951171875,1.0,0.364990234375,0.55474853515625,False,0.942138671875,0.938232421875,0.6388492274192481,0.99658203125,1.0,0.362060546875,0.940185546875,True,0.519775390625,0.5172526041666666,0.5121027750351895,0.742919921875,0.66064453125,0.1083984375,0.5185139973958333,False,Q
229,independent_reset,33,78,True,0.509033203125,00110011,51,0.989990234375,0.507080078125,0.50732421875,0.5183619255523673,0.99951171875,0.999755859375,0.332275390625,0.5072021484375,False,0.989990234375,0.98980712890625,0.7212114865572665,1.0,1.0,0.332763671875,0.989898681640625,True,0.509033203125,0.5072835286458334,0.5184147388414883,0.799560546875,0.7041015625,0.13232421875,0.5081583658854167,False,Q
229,independent_reset,45,90,True,0.50048828125,00110011,51,0.99951171875,0.50048828125,0.5003662109375,0.5069687144766257,0.999267578125,0.999755859375,0.32958984375,0.50042724609375,False,0.99951171875,0.9996337890625,0.8565053328346788,1.0,1.0,0.330322265625,0.99957275390625,True,0.50048828125,0.5003255208333334,0.5231318699020946,0.854736328125,0.75048828125,0.18505859375,0.5004069010416667,False,Q
229,independent_reset,62,107,True,0.50048828125,00110011,51,0.99951171875,0.5,0.5001220703125,0.5017607318010652,0.999267578125,0.999755859375,0.32080078125,0.50006103515625,False,0.99951171875,0.99957275390625,0.8955442462567429,1.0,1.0,0.321533203125,0.999542236328125,True,0.50048828125,0.5003662109375,0.5332750928555299,0.93115234375,0.798583984375,0.252685546875,0.50042724609375,False,Q
229,independent_reset,85,130,True,0.55712890625,00110011,51,0.94287109375,0.498046875,0.4979248046875,0.4987081560380469,0.998779296875,0.999755859375,0.320068359375,0.49798583984375,False,0.94287109375,0.94140625,0.8345127874654393,1.0,1.0,0.3212890625,0.942138671875,True,0.55712890625,0.5557861328125,0.5852789938671995,0.9931640625,0.895751953125,0.314453125,0.55645751953125,False,Q
229,independent_reset,117,162,True,0.717041015625,00110011,51,0.782958984375,0.478271484375,0.47998046875,0.4893020099336377,0.999755859375,1.0,0.29833984375,0.4791259765625,False,0.782958984375,0.78387451171875,0.736417997175687,1.0,1.0,0.298583984375,0.783416748046875,False,0.717041015625,0.7150065104166666,0.7216090826647368,1.0,0.99853515625,0.298583984375,0.7160237630208333,False,mixed_or_none
229,independent_reset,128,173,True,0.877685546875,01010101,85,0.877685546875,0.504150390625,0.4990234375,0.49836697438593947,0.999755859375,1.0,0.291259765625,0.5015869140625,False,0.622314453125,0.620849609375,0.6733984409356537,1.0,1.0,0.29150390625,0.62158203125,False,0.877685546875,0.8805745442708333,0.7979780018986534,1.0,0.999755859375,0.29150390625,0.8791300455729166,False,mixed_or_none
229,independent_reset,161,206,True,1.0,01010101,85,1.0,0.5,0.5,0.4990413968052695,1.0,1.0,0.28271484375,0.5,False,0.5,0.5,0.5481621660991092,1.0,1.0,0.28271484375,0.5,False,1.0,1.0,0.9451050173288837,1.0,1.0,0.28271484375,1.0,True,Y
229,independent_reset,222,267,True,1.0,01010101,85,1.0,0.5,0.5,0.49995940670273614,1.0,1.0,0.2802734375,0.5,False,0.5,0.5,0.5112686341432567,1.0,1.0,0.2802734375,0.5,False,1.0,1.0,0.9873167154824161,1.0,1.0,0.2802734375,1.0,True,Y
229,independent_reset,304,349,True,1.0,01010101,85,1.0,0.5,0.5,0.49990894702872424,1.0,1.0,0.282958984375,0.5,False,0.5,0.5,0.5045817063809007,1.0,1.0,0.282958984375,0.5,False,1.0,1.0,0.9948355551269559,1.0,1.0,0.282958984375,1.0,True,Y
229,independent_reset,418,463,True,1.0,01010101,85,1.0,0.5,0.5,0.49994953102463957,1.0,1.0,0.284912109375,0.5,False,0.5,0.5,0.5021399655255385,1.0,1.0,0.284912109375,0.5,False,1.0,1.0,0.99758959971018,1.0,1.0,0.284912109375,1.0,True,Y
229,independent_reset,575,620,True,1.0,01010101,85,1.0,0.5,0.5,0.4999706347946908,0.99951171875,1.0,0.28369140625,0.5,False,0.5,0.5,0.5010576313876947,1.0,1.0,0.2841796875,0.5,False,1.0,1.0,0.9988093626147878,1.0,1.0,0.2841796875,1.0,True,Y
229,independent_reset,790,835,True,1.0,01010101,85,1.0,0.5,0.5,0.4999857618797107,0.99951171875,1.0,0.28173828125,0.5,False,0.5,0.5,0.5005416123339231,1.0,1.0,0.2822265625,0.5,False,1.0,1.0,0.9993905249131643,1.0,1.0,0.2822265625,1.0,True,Y
229,independent_reset,1024,1069,True,1.0,01010101,85,1.0,0.5,0.5,0.49999260887171737,0.99951171875,1.0,0.282470703125,0.5,False,0.5,0.5,0.5003159638557364,0.999755859375,1.0,0.28271484375,0.5,False,1.0,1.0,0.9996447060983018,1.0,1.0,0.282958984375,1.0,True,Y
229,nested_carry,0,45,True,0.5,00001111,15,1.0,1.0,1.0,0.8694166597707181,1.0,1.0,0.399169921875,1.0,True,0.5,0.5,0.5121910034874747,0.68408203125,0.7568359375,0.083251953125,0.5,False,0.5,0.5,0.5043822632473803,0.65234375,0.57470703125,0.051513671875,0.5,False,P
229,nested_carry,1,46,True,0.5,00001111,15,1.0,1.0,1.0,0.8571162092674198,1.0,1.0,0.396484375,1.0,True,0.5,0.5,0.5127561060738458,0.683349609375,0.758056640625,0.079833984375,0.5,False,0.5,0.5,0.5048315591818828,0.6630859375,0.58056640625,0.0595703125,0.5,False,P
229,nested_carry,2,47,True,0.5,00001111,15,1.0,1.0,1.0,0.840680987093202,1.0,1.0,0.39794921875,1.0,True,0.5,0.5,0.513573171680439,0.6884765625,0.761474609375,0.08642578125,0.5,False,0.5,0.5,0.5053784696515078,0.669189453125,0.583740234375,0.067138671875,0.5,False,P
229,nested_carry,3,48,True,0.5,00001111,15,1.0,1.0,1.0,0.8208416313306808,1.0,1.0,0.39111328125,1.0,True,0.5,0.5,0.5145707106791843,0.68994140625,0.765380859375,0.0810546875,0.5,False,0.5,0.5,0.5059732296598776,0.680419921875,0.59033203125,0.071533203125,0.5,False,P
229,nested_carry,4,49,True,0.5,00001111,15,1.0,1.0,1.0,0.796871934288667,1.0,1.0,0.386962890625,1.0,True,0.5,0.5,0.5156723907307736,0.698486328125,0.770263671875,0.08544921875,0.5,False,0.5,0.5,0.5066195590652541,0.682373046875,0.595458984375,0.0693359375,0.5,False,P
229,nested_carry,5,50,True,0.5,00001111,15,1.0,1.0,1.0,0.7700296376183114,1.0,1.0,0.382080078125,1.0,True,0.5,0.5,0.5167972179819893,0.699951171875,0.775146484375,0.08203125,0.5,False,0.5,0.5,0.5072685381030072,0.684326171875,0.60107421875,0.06640625,0.5,False,P
229,nested_carry,7,52,True,0.501220703125,00001111,15,0.998779296875,0.998779296875,0.9990234375,0.7111785704312894,1.0,1.0,0.385986328125,0.9989013671875,True,0.501220703125,0.5010986328125,0.5186099052442923,0.711669921875,0.787109375,0.09765625,0.50115966796875,False,0.501220703125,0.5010986328125,0.508332336662696,0.68212890625,0.611572265625,0.068115234375,0.50115966796875,False,P
229,nested_carry,9,54,True,0.502685546875,00001111,15,0.990478515625,0.990478515625,0.9912109375,0.6563504516105239,1.0,1.0,0.387451171875,0.9908447265625,True,0.509033203125,0.50958251953125,0.5192151695375524,0.733642578125,0.797119140625,0.12109375,0.509307861328125,False,0.502685546875,0.504150390625,0.509018082431901,0.678955078125,0.628662109375,0.06640625,0.50341796875,False,P
229,nested_carry,13,58,True,0.522705078125,00001111,15,0.921630859375,0.921630859375,0.9208984375,0.5821993930445053,0.99853515625,1.0,0.3857421875,0.9212646484375,True,0.562255859375,0.561767578125,0.5182054947695416,0.74951171875,0.825439453125,0.13671875,0.56201171875,False,0.522705078125,0.5249430338541666,0.5099591890844144,0.71533203125,0.6669921875,0.1025390625,0.5238240559895833,False,P
229,nested_carry,17,62,True,0.54443359375,00011111,31,0.8603515625,0.8525390625,0.855712890625,0.5460045344660374,0.997314453125,1.0,0.381103515625,0.8541259765625,False,0.6123046875,0.6097412109375,0.5179099870266362,0.768798828125,0.8544921875,0.152587890625,0.61102294921875,False,0.54443359375,0.5456136067708334,0.5110545356046826,0.770751953125,0.70361328125,0.154541015625,0.5450236002604167,False,mixed_or_none
229,nested_carry,24,69,True,0.614013671875,00010111,23,0.753173828125,0.655029296875,0.6539306640625,0.5190191789274696,0.994140625,1.0,0.37109375,0.65447998046875,False,0.702392578125,0.70025634765625,0.521900594085622,0.809326171875,0.9013671875,0.186279296875,0.701324462890625,False,0.614013671875,0.6141357421875,0.5150735359945869,0.847412109375,0.746337890625,0.224365234375,0.61407470703125,False,mixed_or_none
229,nested_carry,33,78,True,0.640869140625,00110011,51,0.755615234375,0.570068359375,0.5723876953125,0.5123905283961465,0.991943359375,1.0,0.33984375,0.57122802734375,False,0.755615234375,0.75286865234375,0.540816262336231,0.868896484375,0.952880859375,0.216796875,0.754241943359375,False,0.640869140625,0.6429443359375,0.526353718670732,0.92236328125,0.788818359375,0.270263671875,0.64190673828125,False,mixed_or_none
229,nested_carry,45,90,True,0.61962890625,00110011,51,0.841796875,0.55908203125,0.55859375,0.5210316026669705,0.993896484375,1.0,0.3125,0.558837890625,False,0.841796875,0.83624267578125,0.6103274971033303,0.97265625,0.9970703125,0.291259765625,0.839019775390625,False,0.61962890625,0.6189371744791666,0.5551915982077927,0.9794921875,0.853759765625,0.298095703125,0.6192830403645833,False,mixed_or_none
229,nested_carry,62,107,True,0.53955078125,00110011,51,0.96044921875,0.5224609375,0.5216064453125,0.5198015705210692,0.994873046875,1.0,0.312744140625,0.52203369140625,False,0.96044921875,0.959716796875,0.7803025136533999,1.0,1.0,0.31787109375,0.9600830078125,True,0.53955078125,0.5393473307291666,0.6014617820836827,0.999267578125,0.93994140625,0.317138671875,0.5394490559895833,False,Q
229,nested_carry,85,130,True,0.68798828125,00110011,51,0.81201171875,0.50146484375,0.5001220703125,0.5001048591144384,0.995361328125,1.0,0.3046875,0.50079345703125,False,0.81201171875,0.80914306640625,0.7530883773581868,1.0,1.0,0.309326171875,0.810577392578125,False,0.68798828125,0.6865641276041666,0.7091119314515462,1.0,1.0,0.309326171875,0.6872762044270833,False,mixed_or_none
229,nested_carry,117,162,True,1.0,01010101,85,1.0,0.5,0.5,0.49813184232273117,0.996826171875,1.0,0.30322265625,0.5,False,0.5,0.5,0.5541974226063928,0.999755859375,1.0,0.30615234375,0.5,False,1.0,1.0,0.9367073357097382,1.0,1.0,0.306396484375,1.0,True,Y
229,nested_carry,128,173,True,1.0,01010101,85,1.0,0.5,0.5,0.4993335451437719,0.99755859375,1.0,0.310302734375,0.5,False,0.5,0.5,0.5329428805857662,0.9990234375,1.0,0.311767578125,0.5,False,1.0,1.0,0.9614504236751156,1.0,1.0,0.312744140625,1.0,True,Y
229,nested_carry,161,206,True,1.0,01010101,85,1.0,0.5,0.5,0.49954579202141697,0.997314453125,1.0,0.307861328125,0.5,False,0.5,0.5,0.5127574953614553,0.999755859375,1.0,0.310302734375,0.5,False,1.0,1.0,0.9850510011149594,1.0,1.0,0.310546875,1.0,True,Y
229,nested_carry,222,267,True,1.0,01010101,85,1.0,0.5,0.5,0.49993769520211334,0.9970703125,1.0,0.301025390625,0.5,False,0.5,0.5,0.5053957863413487,0.999755859375,1.0,0.3037109375,0.5,False,1.0,1.0,0.9937110740062947,1.0,1.0,0.303955078125,1.0,True,Y
229,nested_carry,304,349,True,1.0,01010101,85,1.0,0.5,0.5,0.4999630742480458,0.99658203125,1.0,0.299072265625,0.5,False,0.5,0.5,0.5026635366274408,0.999755859375,1.0,0.30224609375,0.5,False,1.0,1.0,0.9968958786884496,1.0,1.0,0.302490234375,1.0,True,Y
229,nested_carry,418,463,True,1.0,01010101,85,1.0,0.5,0.5,0.4999844546533276,0.9970703125,1.0,0.299072265625,0.5,False,0.5,0.5,0.5013688458237645,1.0,1.0,0.302001953125,0.5,False,1.0,1.0,0.9984059856895673,1.0,1.0,0.302001953125,1.0,True,Y
229,nested_carry,575,620,True,1.0,01010101,85,1.0,0.5,0.5,0.4999935755765017,0.996826171875,1.0,0.29931640625,0.5,False,0.5,0.5,0.5007163626006227,1.0,1.0,0.302490234375,0.5,False,1.0,1.0,0.9991657745765636,1.0,1.0,0.302490234375,1.0,True,Y
229,nested_carry,790,835,True,1.0,01010101,85,1.0,0.5,0.5,0.4999972323207591,0.9970703125,1.0,0.29833984375,0.5,False,0.5,0.5,0.5003786137271543,1.0,1.0,0.30126953125,0.5,False,1.0,1.0,0.9995590656165221,1.0,1.0,0.30126953125,1.0,True,Y
229,nested_carry,1024,1069,True,1.0,01010101,85,1.0,0.5,0.5,0.49999818380223077,0.9970703125,1.0,0.29443359375,0.5,False,0.5,0.5,0.5002236455105282,1.0,1.0,0.29736328125,0.5,False,1.0,1.0,0.999739462825219,1.0,1.0,0.29736328125,1.0,True,Y
229,nested_reset,0,45,True,0.5,00001111,15,1.0,1.0,1.0,0.8694166597707181,1.0,1.0,0.399169921875,1.0,True,0.5,0.5,0.5121910034874747,0.68408203125,0.7568359375,0.083251953125,0.5,False,0.5,0.5,0.5043822632473803,0.65234375,0.57470703125,0.051513671875,0.5,False,P
229,nested_reset,1,46,True,0.5,00001111,15,1.0,1.0,1.0,0.8444382457336786,1.0,1.0,0.3974609375,1.0,True,0.5,0.5,0.513844883661749,0.68994140625,0.763671875,0.08740234375,0.5,False,0.5,0.5,0.504997185165792,0.6640625,0.578857421875,0.0615234375,0.5,False,P
229,nested_reset,2,47,True,0.5,00001111,15,1.0,1.0,1.0,0.8210300984820564,1.0,1.0,0.39453125,1.0,True,0.5,0.50006103515625,0.5152806677583176,0.70068359375,0.768310546875,0.09521484375,0.500030517578125,False,0.5,0.5,0.5055697834228617,0.669189453125,0.583251953125,0.063720703125,0.5,False,P
229,nested_reset,3,48,True,0.5,00001111,15,1.0,1.0,1.0,0.7983250192732012,1.0,1.0,0.390625,1.0,True,0.5,0.5001220703125,0.5165989766909568,0.700927734375,0.771240234375,0.091552734375,0.50006103515625,False,0.5,0.5,0.5060777061218811,0.673095703125,0.5869140625,0.063720703125,0.5,False,P
229,nested_reset,4,49,True,0.5,00001111,15,1.0,1.0,1.0,0.7741788986568152,1.0,1.0,0.38525390625,1.0,True,0.5,0.5001220703125,0.5178336944837975,0.706787109375,0.777587890625,0.092041015625,0.50006103515625,False,0.5,0.5,0.5065641123293703,0.67724609375,0.591552734375,0.0625,0.5,False,P
229,nested_reset,5,50,True,0.500244140625,00001111,15,0.999755859375,0.999755859375,0.9998779296875,0.7497858951647447,1.0,1.0,0.38525390625,0.99981689453125,True,0.500244140625,0.50042724609375,0.5189713413766127,0.71044921875,0.782470703125,0.095703125,0.500335693359375,False,0.500244140625,0.5001627604166666,0.5070162296286229,0.67919921875,0.596923828125,0.064453125,0.5002034505208333,False,P
229,nested_reset,7,52,True,0.50146484375,00001111,15,0.99853515625,0.99853515625,0.9991455078125,0.7012087926875592,0.999755859375,1.0,0.389404296875,0.99884033203125,True,0.50146484375,0.50146484375,0.5207274731796707,0.7275390625,0.791015625,0.1171875,0.50146484375,False,0.50146484375,0.5010986328125,0.5077257923336204,0.674560546875,0.60400390625,0.064208984375,0.50128173828125,False,P
229,nested_reset,9,54,True,0.503173828125,00001111,15,0.992919921875,0.992919921875,0.9945068359375,0.6578905321296118,0.999755859375,1.0,0.38671875,0.99371337890625,True,0.506591796875,0.50640869140625,0.5215698838863014,0.743896484375,0.80078125,0.130859375,0.506500244140625,False,0.503173828125,0.5034586588541666,0.5082328165273804,0.6767578125,0.61767578125,0.063720703125,0.5033162434895833,False,P
229,nested_reset,13,58,True,0.5166015625,00001111,15,0.9423828125,0.9423828125,0.9432373046875,0.5960234286695184,0.9990234375,1.0,0.39013671875,0.94281005859375,True,0.548828125,0.5489501953125,0.5216406320792679,0.75830078125,0.8251953125,0.1494140625,0.54888916015625,False,0.5166015625,0.5175374348958334,0.5090864608273603,0.701416015625,0.64306640625,0.092529296875,0.5170694986979167,False,P
229,nested_reset,17,62,True,0.52783203125,00001111,15,0.88037109375,0.88037109375,0.8836669921875,0.5615357709498787,0.998291015625,1.0,0.397216796875,0.88201904296875,False,0.59814453125,0.59613037109375,0.5220360778078766,0.78564453125,0.850341796875,0.1845703125,0.597137451171875,False,0.52783203125,0.5292154947916666,0.5101378824999148,0.75341796875,0.66748046875,0.15234375,0.5285237630208333,False,mixed_or_none
229,nested_reset,24,69,True,0.58349609375,00010111,23,0.77587890625,0.73193359375,0.733154296875,0.5318126745590418,0.99609375,1.0,0.37109375,0.7325439453125,False,0.69580078125,0.694580078125,0.5261991850901939,0.830810546875,0.892578125,0.205810546875,0.6951904296875,False,0.58349609375,0.5810953776041666,0.5132246378706572,0.818603515625,0.705810546875,0.193603515625,0.5822957356770833,False,mixed_or_none
229,nested_reset,33,78,True,0.6083984375,00110111,55,0.7919921875,0.6357421875,0.6336669921875,0.5235322750817389,0.9970703125,1.0,0.3427734375,0.63470458984375,False,0.783203125,0.77752685546875,0.5436424143464036,0.904052734375,0.943603515625,0.249755859375,0.780364990234375,False,0.6083984375,0.6077473958333334,0.5214288253163633,0.8876953125,0.7568359375,0.2333984375,0.6080729166666667,False,mixed_or_none
229,nested_reset,45,90,True,0.591064453125,00110011,51,0.875732421875,0.589599609375,0.589111328125,0.5327546031383958,0.99755859375,1.0,0.338623046875,0.58935546875,False,0.875732421875,0.8714599609375,0.6044063074764419,0.986328125,0.995361328125,0.327392578125,0.87359619140625,False,0.591064453125,0.5902506510416666,0.5419818826134404,0.970458984375,0.820556640625,0.3115234375,0.5906575520833333,False,mixed_or_none
229,nested_reset,62,107,True,0.520263671875,00110011,51,0.979736328125,0.517333984375,0.5159912109375,0.5234490931016428,0.999267578125,1.0,0.3330078125,0.51666259765625,False,0.979736328125,0.98028564453125,0.7765808584878533,1.0,1.0,0.333740234375,0.980010986328125,True,0.520263671875,0.518798828125,0.5782232605282376,0.99853515625,0.9111328125,0.332275390625,0.51953125,False,Q
229,nested_reset,85,130,True,0.6005859375,00110011,51,0.8994140625,0.4912109375,0.49365234375,0.49836546860187897,0.999267578125,1.0,0.289306640625,0.492431640625,False,0.8994140625,0.89910888671875,0.801874594771254,1.0,1.0,0.2900390625,0.899261474609375,False,0.6005859375,0.600341796875,0.6489812971755513,1.0,0.98974609375,0.2900390625,0.6004638671875,False,mixed_or_none
229,nested_reset,117,162,True,1.0,01010101,85,1.0,0.5,0.4998779296875,0.49793129852879686,1.0,1.0,0.2763671875,0.49993896484375,False,0.5,0.50006103515625,0.584348954864151,1.0,1.0,0.2763671875,0.500030517578125,False,1.0,1.0,0.9014636421864608,1.0,1.0,0.2763671875,1.0,True,Y
229,nested_reset,128,173,True,1.0,01010101,85,1.0,0.5,0.5,0.49945319943063426,1.0,1.0,0.27001953125,0.5,False,0.5,0.5,0.5478952981509015,1.0,1.0,0.27001953125,0.5,False,1.0,1.0,0.9438432778633228,1.0,1.0,0.27001953125,1.0,True,Y
229,nested_reset,161,206,True,1.0,01010101,85,1.0,0.5,0.5,0.49946055241419224,1.0,1.0,0.259521484375,0.5,False,0.5,0.5,0.5153533318554324,1.0,1.0,0.259521484375,0.5,False,1.0,1.0,0.9820354685176347,1.0,1.0,0.259521484375,1.0,True,Y
229,nested_reset,222,267,True,1.0,01010101,85,1.0,0.5,0.5,0.499929315016257,1.0,1.0,0.25341796875,0.5,False,0.5,0.5,0.5057187692817942,1.0,1.0,0.25341796875,0.5,False,1.0,1.0,0.9933712743971734,1.0,1.0,0.25341796875,1.0,True,Y
229,nested_reset,304,349,True,1.0,01010101,85,1.0,0.5,0.5,0.4999556418279137,1.0,1.0,0.248046875,0.5,False,0.5,0.5,0.5026715119557014,1.0,1.0,0.248046875,0.5,False,1.0,1.0,0.9969065429401511,1.0,1.0,0.248046875,1.0,True,Y
229,nested_reset,418,463,True,1.0,01010101,85,1.0,0.5,0.5,0.4999780607578179,1.0,1.0,0.251220703125,0.5,False,0.5,0.5,0.501322109074781,1.0,1.0,0.251220703125,0.5,False,1.0,1.0,0.9984713485439243,1.0,1.0,0.251220703125,1.0,True,Y
229,nested_reset,575,620,True,1.0,01010101,85,1.0,0.5,0.5,0.4999883236022921,0.999755859375,1.0,0.251220703125,0.5,False,0.5,0.5,0.5006742042395866,0.99951171875,1.0,0.2509765625,0.5,False,1.0,1.0,0.9992210147377802,1.0,1.0,0.25146484375,1.0,True,Y
229,nested_reset,790,835,True,1.0,01010101,85,1.0,0.5,0.5,0.4999939820788729,0.999755859375,1.0,0.254150390625,0.5,False,0.5,0.5,0.500350245284738,0.99951171875,1.0,0.25390625,0.5,False,1.0,1.0,0.9995955077039356,1.0,1.0,0.25439453125,1.0,True,Y
229,nested_reset,1024,1069,True,1.0,01010101,85,1.0,0.5,0.5,0.4999960986714792,0.999755859375,1.0,0.2568359375,0.5,False,0.5,0.5,0.5002048302419565,1.0,1.0,0.257080078125,0.5,False,1.0,1.0,0.9997634607161114,1.0,1.0,0.257080078125,1.0,True,Y
229,scratch,0,45,True,0.507568359375,00000000,0,0.697021484375,0.614501953125,0.614990234375,0.5055067553626402,0.96533203125,0.998779296875,0.393310546875,0.61474609375,False,0.490966796875,0.49755859375,0.4999911814228461,0.625244140625,0.679443359375,0.05322265625,0.4942626953125,False,0.507568359375,0.5062255859375,0.5003024048814576,0.549560546875,0.519287109375,-0.0224609375,0.50689697265625,False,mixed_or_none
229,scratch,1,46,True,0.496826171875,00000000,0,0.971435546875,0.518798828125,0.519775390625,0.5054456678210055,0.966552734375,0.9990234375,0.394287109375,0.519287109375,False,0.499267578125,0.49945068359375,0.5003528046302371,0.625732421875,0.678955078125,0.053466796875,0.499359130859375,False,0.496826171875,0.4980061848958333,0.5003713179933446,0.55078125,0.516357421875,-0.021484375,0.49741617838541663,False,mixed_or_none
229,scratch,2,47,True,0.49951171875,00000000,0,0.97314453125,0.52001953125,0.519287109375,0.5062734623462574,0.96875,0.9990234375,0.400390625,0.5196533203125,False,0.5,0.50164794921875,0.500764174552097,0.6318359375,0.680419921875,0.0634765625,0.500823974609375,False,0.49951171875,0.5001220703125,0.5004914825016837,0.553466796875,0.516845703125,-0.014892578125,0.49981689453125,False,mixed_or_none
229,scratch,3,48,True,0.494140625,00000000,0,0.94775390625,0.5419921875,0.53955078125,0.507254652445483,0.96923828125,0.9990234375,0.408203125,0.540771484375,False,0.50927734375,0.510009765625,0.5011615735741988,0.642578125,0.683837890625,0.08154296875,0.5096435546875,False,0.494140625,0.4966227213541667,0.5006251899119025,0.55712890625,0.51416015625,-0.00390625,0.49538167317708337,False,mixed_or_none
229,scratch,4,49,True,0.49755859375,00000000,0,0.90380859375,0.576171875,0.5706787109375,0.5076428162801083,0.96875,0.999267578125,0.405029296875,0.57342529296875,False,0.5234375,0.518798828125,0.5015874220965335,0.653076171875,0.6845703125,0.08935546875,0.5211181640625,False,0.49755859375,0.4995524088541667,0.5007397273502713,0.564208984375,0.5146484375,0.00048828125,0.49855550130208337,False,mixed_or_none
229,scratch,5,50,True,0.50732421875,00000000,0,0.80810546875,0.62255859375,0.6204833984375,0.5075248288993836,0.964599609375,0.9990234375,0.39794921875,0.62152099609375,False,0.541015625,0.53253173828125,0.5020158603638671,0.66162109375,0.6845703125,0.094970703125,0.536773681640625,False,0.50732421875,0.5045572916666666,0.500863852197303,0.5673828125,0.51708984375,0.000732421875,0.5059407552083333,False,mixed_or_none
229,scratch,7,52,True,0.53955078125,00000111,7,0.6337890625,0.62890625,0.6278076171875,0.5058133359195324,0.95751953125,0.9990234375,0.387451171875,0.62835693359375,False,0.5751953125,0.56463623046875,0.5029379455265224,0.68212890625,0.687744140625,0.112060546875,0.569915771484375,False,0.53955078125,0.5254313151041666,0.5011068772219869,0.575439453125,0.520263671875,0.00537109375,0.5324910481770833,False,mixed_or_none
229,scratch,9,54,True,0.542724609375,01111111,127,0.676513671875,0.559814453125,0.56494140625,0.5042213235981381,0.95068359375,0.9990234375,0.37939453125,0.5623779296875,False,0.582763671875,0.57476806640625,0.504050475633481,0.698486328125,0.693603515625,0.127197265625,0.578765869140625,False,0.542724609375,0.5297037760416666,0.5013918566072453,0.58935546875,0.522216796875,0.01806640625,0.5362141927083333,False,mixed_or_none
229,scratch,13,58,True,0.55078125,01111111,127,0.650390625,0.52099609375,0.5225830078125,0.5021151387734095,0.945556640625,0.99853515625,0.364013671875,0.52178955078125,False,0.61279296875,0.60577392578125,0.5069934906705419,0.741943359375,0.71142578125,0.160400390625,0.609283447265625,False,0.55078125,0.5381673177083334,0.502157726629052,0.614013671875,0.5263671875,0.032470703125,0.5444742838541667,False,mixed_or_none
229,scratch,17,62,True,0.556884765625,00110011,51,0.651123046875,0.530517578125,0.525634765625,0.502318713441931,0.943359375,0.998046875,0.357666015625,0.528076171875,False,0.651123046875,0.64569091796875,0.5116963655985639,0.795654296875,0.7451171875,0.2099609375,0.648406982421875,False,0.556884765625,0.5423177083333334,0.503254948028491,0.63330078125,0.53662109375,0.047607421875,0.5496012369791667,False,mixed_or_none
229,scratch,24,69,True,0.57080078125,00110011,51,0.74609375,0.51025390625,0.505859375,0.5005025694057045,0.937255859375,0.998046875,0.328369140625,0.508056640625,False,0.74609375,0.746337890625,0.5270469354933223,0.9140625,0.81494140625,0.30517578125,0.7462158203125,False,0.57080078125,0.5525309244791666,0.5059995994296443,0.6796875,0.562744140625,0.07080078125,0.5616658528645833,False,mixed_or_none
229,scratch,33,78,True,0.529052734375,00110011,51,0.889404296875,0.515380859375,0.517822265625,0.5063741333462047,0.941650390625,0.998291015625,0.296142578125,0.5166015625,False,0.889404296875,0.88739013671875,0.5767089523929662,0.995849609375,0.910888671875,0.350341796875,0.888397216796875,False,0.529052734375,0.529296875,0.5125584244330325,0.796142578125,0.602783203125,0.150634765625,0.5291748046875,False,mixed_or_none
229,scratch,45,90,True,0.505126953125,00110011,51,0.994384765625,0.500732421875,0.500732421875,0.5050311557308873,0.921875,0.999755859375,0.21923828125,0.500732421875,False,0.994384765625,0.9949951171875,0.7476487544214472,1.0,0.997314453125,0.29736328125,0.99468994140625,True,0.505126953125,0.5046793619791666,0.5231168937639438,0.884521484375,0.689208984375,0.181884765625,0.5049031575520833,False,Q
229,scratch,62,107,True,0.5,00110011,51,1.0,0.5,0.5,0.4997042518753712,0.8974609375,0.999267578125,0.13623046875,0.5,False,1.0,1.0,0.9011589298634022,1.0,1.0,0.23876953125,1.0,True,0.5,0.5,0.5298668410554827,0.98193359375,0.8662109375,0.220703125,0.5,False,Q
229,scratch,85,130,True,0.606689453125,00110011,51,0.893310546875,0.510009765625,0.5045166015625,0.5043459154807465,0.8994140625,0.9951171875,0.13671875,0.50726318359375,False,0.893310546875,0.89300537109375,0.7908775780033493,1.0,1.0,0.2373046875,0.893157958984375,False,0.606689453125,0.6050211588541666,0.640491073535814,0.999755859375,0.98193359375,0.237060546875,0.6058553059895833,False,mixed_or_none
229,scratch,117,162,True,0.999755859375,01010101,85,0.999755859375,0.499755859375,0.4998779296875,0.497279944790899,0.854248046875,0.990234375,0.06298828125,0.49981689453125,False,0.500244140625,0.500244140625,0.5671098650514561,0.999755859375,0.999755859375,0.20849609375,0.500244140625,False,0.999755859375,0.9997965494791667,0.9203254783295982,1.0,1.0,0.208740234375,0.9997762044270834,True,Y
229,scratch,128,173,True,1.0,01010101,85,1.0,0.5,0.5,0.5000337562279092,0.862548828125,0.989501953125,0.074462890625,0.5,False,0.5,0.5,0.5315325484371332,0.999755859375,0.999755859375,0.211669921875,0.5,False,1.0,1.0,0.9624088821666186,1.0,1.0,0.2119140625,1.0,True,Y
229,scratch,161,206,True,1.0,01010101,85,1.0,0.5,0.5,0.49998122856408905,0.857666015625,0.989013671875,0.065673828125,0.5,False,0.5,0.5,0.5084008700880844,1.0,0.999755859375,0.2080078125,0.5,False,1.0,1.0,0.9899110363500845,1.0,1.0,0.2080078125,1.0,True,Y
229,scratch,222,267,True,1.0,01010101,85,1.0,0.5,0.5,0.5000413445391856,0.86669921875,0.98828125,0.082275390625,0.5,False,0.5,0.5,0.5033433115065773,1.0,0.999755859375,0.215576171875,0.5,False,1.0,1.0,0.9959931055477977,1.0,1.0,0.215576171875,1.0,True,Y
229,scratch,304,349,True,1.0,01010101,85,1.0,0.5,0.5,0.5000097610099756,0.8701171875,0.988525390625,0.090087890625,0.5,False,0.5,0.5,0.5016184404875828,1.0,0.999755859375,0.219970703125,0.5,False,1.0,1.0,0.9980604693884831,1.0,1.0,0.219970703125,1.0,True,Y
229,scratch,418,463,True,1.0,01010101,85,1.0,0.5,0.5,0.5000033519222138,0.871337890625,0.988037109375,0.091064453125,0.5,False,0.5,0.5,0.5008287552296613,1.0,0.999755859375,0.2197265625,0.5,False,1.0,1.0,0.9990095630778248,1.0,1.0,0.2197265625,1.0,True,Y
229,scratch,575,620,True,1.0,01010101,85,1.0,0.5,0.5,0.500000279235602,0.86962890625,0.986328125,0.08935546875,0.5,False,0.5,0.5,0.5004267726615359,1.0,1.0,0.2197265625,0.5,False,1.0,1.0,0.9994901989840739,1.0,1.0,0.2197265625,1.0,True,Y
229,scratch,790,835,True,1.0,01010101,85,1.0,0.5,0.5,0.49999979960598817,0.866943359375,0.984375,0.089111328125,0.5,False,0.5,0.5,0.5002199683618725,1.0,1.0,0.22216796875,0.5,False,1.0,1.0,0.9997375092206295,1.0,1.0,0.22216796875,1.0,True,Y
229,scratch,1024,1069,True,1.0,01010101,85,1.0,0.5,0.5,0.49999941562921374,0.8623046875,0.98388671875,0.083984375,0.5,False,0.5,0.5,0.5001255462665457,1.0,0.999755859375,0.2216796875,0.5,False,1.0,1.0,0.9998501290572499,1.0,1.0,0.2216796875,1.0,True,Y
229,sham,0,45,True,0.5029296875,00000000,0,0.99267578125,0.50537109375,0.5050048828125,0.5003335097291156,0.923095703125,0.997314453125,0.359619140625,0.50518798828125,False,0.50146484375,0.50030517578125,0.5000187639334546,0.600830078125,0.6865234375,0.037353515625,0.500885009765625,False,0.5029296875,0.501708984375,0.500140614352907,0.53369140625,0.51416015625,-0.02978515625,0.5023193359375,False,mixed_or_none
229,sham,1,46,True,0.5,00000000,0,1.0,0.5,0.5,0.5002188297845401,0.92578125,0.9970703125,0.359619140625,0.5,False,0.5,0.50006103515625,0.5001877653990278,0.5986328125,0.68798828125,0.032470703125,0.500030517578125,False,0.5,0.5,0.500178242295531,0.535888671875,0.511474609375,-0.0302734375,0.5,False,mixed_or_none
229,sham,2,47,True,0.50048828125,00000000,0,0.9990234375,0.4990234375,0.499267578125,0.5006607683303624,0.925537109375,0.9970703125,0.362060546875,0.4991455078125,False,0.5009765625,0.50054931640625,0.5004114780833621,0.59814453125,0.6865234375,0.03466796875,0.500762939453125,False,0.50048828125,0.500244140625,0.5002331788721641,0.536865234375,0.515625,-0.026611328125,0.5003662109375,False,mixed_or_none
229,sham,3,48,True,0.500732421875,00000000,0,0.996826171875,0.500244140625,0.500244140625,0.5011680838416451,0.9248046875,0.996826171875,0.3623046875,0.500244140625,False,0.502197265625,0.50177001953125,0.5006531975394755,0.603271484375,0.68994140625,0.040771484375,0.501983642578125,False,0.500732421875,0.5007731119791666,0.5003060373389433,0.540771484375,0.51953125,-0.021728515625,0.5007527669270833,False,mixed_or_none
229,sham,4,49,True,0.499755859375,00000000,0,0.988037109375,0.506103515625,0.5042724609375,0.5015041001235993,0.928466796875,0.9970703125,0.36962890625,0.50518798828125,False,0.504150390625,0.5052490234375,0.5009217169874364,0.617919921875,0.6943359375,0.05908203125,0.50469970703125,False,0.499755859375,0.4998779296875,0.5003811451796201,0.54541015625,0.5185546875,-0.013427734375,0.49981689453125,False,mixed_or_none
229,sham,5,50,True,0.501953125,00000000,0,0.9453125,0.515625,0.51708984375,0.5015926774766564,0.930908203125,0.9970703125,0.373291015625,0.516357421875,False,0.517578125,0.517333984375,0.5012103601908134,0.621337890625,0.700439453125,0.063720703125,0.5174560546875,False,0.501953125,0.5035400390625,0.500475023952094,0.5458984375,0.517822265625,-0.01171875,0.50274658203125,False,mixed_or_none
229,sham,7,52,True,0.51953125,00000000,0,0.78955078125,0.533203125,0.531005859375,0.5009592828606936,0.92578125,0.9970703125,0.3623046875,0.5321044921875,False,0.55224609375,0.5462646484375,0.5018926384930207,0.636962890625,0.707763671875,0.073486328125,0.54925537109375,False,0.51953125,0.5118408203125,0.5006833860657307,0.55859375,0.521484375,-0.0048828125,0.51568603515625,False,mixed_or_none
229,sham,9,54,True,0.536376953125,00010000,16,0.625244140625,0.515869140625,0.5091552734375,0.5002664266767272,0.915771484375,0.9970703125,0.353515625,0.51251220703125,False,0.584228515625,0.57568359375,0.5027572334925969,0.6650390625,0.715087890625,0.102783203125,0.5799560546875,False,0.536376953125,0.5245768229166666,0.5009190590547543,0.565185546875,0.5224609375,0.0029296875,0.5304768880208333,False,mixed_or_none
229,sham,13,58,True,0.548828125,00110011,51,0.615234375,0.4951171875,0.48828125,0.4994356686825092,0.910888671875,0.9990234375,0.33544921875,0.49169921875,False,0.615234375,0.60498046875,0.50526467159164,0.716796875,0.736083984375,0.141357421875,0.610107421875,False,0.548828125,0.5372721354166666,0.5015363658946903,0.58056640625,0.529541015625,0.005126953125,0.5430501302083333,False,mixed_or_none
229,sham,17,62,True,0.55078125,00110011,51,0.6552734375,0.50341796875,0.4974365234375,0.49975293065650256,0.91162109375,0.99853515625,0.308349609375,0.50042724609375,False,0.6552734375,0.64288330078125,0.5094982558276054,0.775390625,0.77197265625,0.172119140625,0.649078369140625,False,0.55078125,0.5421142578125,0.5024247008123178,0.603271484375,0.536376953125,0.0,0.54644775390625,False,mixed_or_none
229,sham,24,69,True,0.5517578125,00110011,51,0.7587890625,0.49951171875,0.49609375,0.49966097459506786,0.914794921875,0.998291015625,0.273193359375,0.497802734375,False,0.7587890625,0.75469970703125,0.5245793786073426,0.9140625,0.845703125,0.2724609375,0.756744384765625,False,0.5517578125,0.5457763671875,0.504910874799661,0.661865234375,0.54833984375,0.020263671875,0.54876708984375,False,mixed_or_none
229,sham,33,78,True,0.517333984375,00110011,51,0.913330078125,0.517822265625,0.518310546875,0.5061895357847087,0.91162109375,0.99755859375,0.23779296875,0.51806640625,False,0.913330078125,0.909912109375,0.5758408428109032,0.996337890625,0.943115234375,0.322509765625,0.91162109375,True,0.517333984375,0.5183919270833334,0.5110375146495179,0.760498046875,0.60498046875,0.086669921875,0.5178629557291667,False,Q
229,sham,45,90,True,0.50146484375,00110011,51,0.998046875,0.49951171875,0.500732421875,0.5050627261774239,0.891357421875,0.99658203125,0.185791015625,0.5001220703125,False,0.998046875,0.99822998046875,0.7546628356572562,1.0,0.99951171875,0.29443359375,0.998138427734375,True,0.50146484375,0.5011800130208334,0.5211533443452259,0.875,0.704833984375,0.16943359375,0.5013224283854167,False,Q
229,sham,62,107,True,0.5,00110011,51,1.0,0.5,0.5,0.49977052856925214,0.853759765625,0.99462890625,0.10693359375,0.5,False,1.0,1.0,0.8998753515870788,1.0,1.0,0.253173828125,1.0,True,0.5,0.5,0.530145812016767,0.97314453125,0.878173828125,0.226318359375,0.5,False,Q
229,sham,85,130,True,0.602783203125,00110011,51,0.897216796875,0.501708984375,0.5006103515625,0.5041178807901365,0.835693359375,0.99462890625,0.060791015625,0.50115966796875,False,0.897216796875,0.89251708984375,0.7866701312229374,1.0,1.0,0.22509765625,0.894866943359375,False,0.602783203125,0.60546875,0.6456452447780412,1.0,0.994140625,0.22509765625,0.6041259765625,False,mixed_or_none
229,sham,117,162,True,0.999755859375,01010101,85,0.999755859375,0.499755859375,0.4998779296875,0.49725230234972156,0.8232421875,0.989990234375,0.022216796875,0.49981689453125,False,0.500244140625,0.50030517578125,0.5694841073367496,1.0,1.0,0.198974609375,0.500274658203125,False,0.999755859375,0.9998372395833333,0.9185717375458398,1.0,1.0,0.198974609375,0.9997965494791666,True,Y
229,sham,128,173,True,1.0,01010101,85,1.0,0.5,0.5,0.5006742874119672,0.82080078125,0.98779296875,0.029052734375,0.5,False,0.5,0.5,0.5339637857667272,0.999755859375,1.0,0.2080078125,0.5,False,1.0,1.0,0.9600352795676925,1.0,1.0,0.208251953125,1.0,True,Y
229,sham,161,206,True,1.0,01010101,85,1.0,0.5,0.5,0.4999795855929681,0.80322265625,0.989013671875,0.022216796875,0.5,False,0.5,0.5,0.5089076963842444,1.0,1.0,0.218994140625,0.5,False,1.0,1.0,0.989468672945361,1.0,1.0,0.218994140625,1.0,True,Y
229,sham,222,267,True,1.0,01010101,85,1.0,0.5,0.5,0.5000274863855166,0.79443359375,0.988037109375,0.01513671875,0.5,False,0.5,0.5,0.5032098690245678,0.999755859375,1.0,0.220458984375,0.5,False,1.0,1.0,0.9961991014371563,1.0,1.0,0.220703125,1.0,True,Y
229,sham,304,349,True,1.0,01010101,85,1.0,0.5,0.5,0.5000104858848082,0.794921875,0.987548828125,0.015869140625,0.5,False,0.5,0.5,0.5014614889522468,0.999267578125,1.0,0.22021484375,0.5,False,1.0,1.0,0.9982714891961886,1.0,1.0,0.220947265625,1.0,True,Y
229,sham,418,463,True,1.0,01010101,85,1.0,0.5,0.5,0.5000029953241855,0.792724609375,0.98681640625,0.011962890625,0.5,False,0.5,0.5,0.5007165215465978,0.9990234375,1.0,0.21826171875,0.5,False,1.0,1.0,0.9991532462823136,1.0,1.0,0.21923828125,1.0,True,Y
229,sham,575,620,True,1.0,01010101,85,1.0,0.5,0.5,0.5000016565936128,0.78662109375,0.98583984375,0.0029296875,0.5,False,0.5,0.5,0.5003626419365038,0.9990234375,0.999755859375,0.21533203125,0.5,False,1.0,1.0,0.9995720491763049,1.0,1.0,0.21630859375,1.0,True,Y
229,sham,790,835,True,1.0,01010101,85,1.0,0.5,0.5,0.5000009742823366,0.785400390625,0.986328125,-0.000244140625,0.5,False,0.5,0.5,0.5001877346310257,0.9990234375,0.999755859375,0.21337890625,0.5,False,1.0,1.0,0.9997787999368091,1.0,1.0,0.21435546875,1.0,True,Y
229,sham,1024,1069,True,1.0,01010101,85,1.0,0.5,0.5,0.5000002478063216,0.783203125,0.987548828125,-0.003662109375,0.5,False,0.5,0.5,0.5001093937385271,0.9990234375,0.999755859375,0.212158203125,0.5,False,1.0,1.0,0.9998711919971883,1.0,1.0,0.213134765625,1.0,True,Y
233,independent_carry,0,45,True,0.5,00001111,15,0.99853515625,0.99853515625,0.9991455078125,0.9023774401516292,1.0,1.0,0.388916015625,0.99884033203125,True,0.50146484375,0.5010986328125,0.5390984432077398,0.936767578125,0.92236328125,0.32568359375,0.50128173828125,False,0.5,0.4997965494791667,0.5007978030254191,0.50927734375,0.524169921875,-0.101806640625,0.49989827473958337,False,P
233,independent_carry,1,46,True,0.498779296875,00001111,15,0.996337890625,0.996337890625,0.997314453125,0.8910312162098641,1.0,1.0,0.388671875,0.996826171875,True,0.503662109375,0.5028076171875,0.5440844034814838,0.944580078125,0.931640625,0.333251953125,0.50323486328125,False,0.498779296875,0.4993489583333333,0.5008737832287765,0.505615234375,0.5244140625,-0.105712890625,0.49906412760416663,False,P
233,independent_carry,2,47,True,0.498779296875,00001111,15,0.992919921875,0.992919921875,0.9949951171875,0.875730983627044,1.0,1.0,0.385009765625,0.99395751953125,True,0.507080078125,0.5059814453125,0.5502910888665764,0.9560546875,0.94091796875,0.341064453125,0.50653076171875,False,0.498779296875,0.4991455078125,0.5009737486046524,0.50390625,0.523193359375,-0.111083984375,0.49896240234375,False,P
233,independent_carry,3,48,True,0.499755859375,00001111,15,0.990478515625,0.990478515625,0.9932861328125,0.8572234826430762,1.0,1.0,0.38623046875,0.99188232421875,True,0.509521484375,0.508544921875,0.5575682193551937,0.96337890625,0.948486328125,0.349609375,0.509033203125,False,0.499755859375,0.4994710286458333,0.5011164791844002,0.504150390625,0.524169921875,-0.109619140625,0.49961344401041663,False,P
233,independent_carry,4,49,True,0.50048828125,00001111,15,0.98876953125,0.98876953125,0.9913330078125,0.8356545365535594,1.0,1.0,0.384765625,0.99005126953125,True,0.51123046875,0.510986328125,0.5657532888356878,0.97119140625,0.95703125,0.35595703125,0.5111083984375,False,0.50048828125,0.499755859375,0.5012695863846741,0.509033203125,0.52490234375,-0.106201171875,0.5001220703125,False,P
233,independent_carry,5,50,True,0.50146484375,00001111,15,0.98583984375,0.98583984375,0.9876708984375,0.8108018240791904,1.0,1.0,0.38134765625,0.98675537109375,True,0.51416015625,0.51458740234375,0.5745418356978069,0.97607421875,0.965087890625,0.357421875,0.514373779296875,False,0.50146484375,0.500732421875,0.5014160316006635,0.51171875,0.527099609375,-0.10693359375,0.5010986328125,False,P
233,independent_carry,7,52,True,0.504638671875,00001111,15,0.935302734375,0.935302734375,0.9349365234375,0.751059091244302,1.0,1.0,0.380859375,0.93511962890625,True,0.564697265625,0.564453125,0.5916538269169402,0.984130859375,0.979248046875,0.364990234375,0.5645751953125,False,0.504638671875,0.5020751953125,0.5016444050135866,0.516357421875,0.53369140625,-0.102783203125,0.50335693359375,False,P
233,independent_carry,9,54,True,0.5087890625,00111111,63,0.91748046875,0.82568359375,0.8280029296875,0.6911726854084503,1.0,1.0,0.376220703125,0.82684326171875,False,0.673828125,0.6741943359375,0.6035746902100037,0.989013671875,0.98583984375,0.365234375,0.67401123046875,False,0.5087890625,0.50390625,0.501714566000663,0.522216796875,0.540283203125,-0.1015625,0.50634765625,False,mixed_or_none
233,independent_carry,13,58,True,0.5048828125,00111111,63,0.9443359375,0.74658203125,0.746337890625,0.6164137938686114,0.999267578125,1.0,0.36572265625,0.7464599609375,False,0.75048828125,0.75390625,0.6282061859263584,0.997314453125,0.99560546875,0.36376953125,0.752197265625,False,0.5048828125,0.5021565755208334,0.5019981195408936,0.514404296875,0.560791015625,-0.119140625,0.5035196940104167,False,mixed_or_none
233,independent_carry,17,62,True,0.509033203125,00110011,51,0.934814453125,0.564697265625,0.56201171875,0.5720026262401944,0.9990234375,1.0,0.36279296875,0.5633544921875,False,0.934814453125,0.93731689453125,0.6588410692971316,0.999267578125,1.0,0.363037109375,0.936065673828125,True,0.509033203125,0.5071614583333334,0.5026564156845185,0.524658203125,0.569580078125,-0.111572265625,0.5080973307291667,False,Q
233,independent_carry,24,69,True,0.501953125,00110011,51,0.99267578125,0.50634765625,0.5042724609375,0.5213522813789656,0.997802734375,0.999755859375,0.357666015625,0.50531005859375,False,0.99267578125,0.99359130859375,0.7213112748069841,1.0,1.0,0.35986328125,0.993133544921875,True,0.501953125,0.5018310546875,0.5033404142496081,0.548583984375,0.588134765625,-0.091552734375,0.50189208984375,False,Q
233,independent_carry,33,78,True,0.5,00110011,51,1.0,0.5,0.5,0.4903199986413167,0.996826171875,0.999755859375,0.36572265625,0.5,False,1.0,1.0,0.8196601024235625,1.0,1.0,0.368896484375,1.0,True,0.5,0.5,0.5036710962742262,0.563720703125,0.611572265625,-0.0673828125,0.5,False,Q
233,independent_carry,45,90,True,0.5,00110011,51,1.0,0.5,0.5,0.49181349455114176,0.9921875,1.0,0.365478515625,0.5,False,1.0,1.0,0.904801739920452,1.0,1.0,0.373291015625,1.0,True,0.5,0.5,0.5049479622122327,0.6083984375,0.65234375,-0.018310546875,0.5,False,Q
233,independent_carry,62,107,True,0.5,00110011,51,1.0,0.5,0.5,0.4937781737644836,0.98828125,0.999755859375,0.33251953125,0.5,False,1.0,0.99993896484375,0.9047493170015175,1.0,1.0,0.34423828125,0.999969482421875,True,0.5,0.5,0.5109939200144279,0.67578125,0.732421875,0.02001953125,0.5,False,Q
233,independent_carry,85,130,True,0.500732421875,00110011,51,0.999267578125,0.499755859375,0.499755859375,0.49738327546247546,0.984130859375,0.999755859375,0.30224609375,0.499755859375,False,0.999267578125,0.99932861328125,0.8690629817786341,1.0,1.0,0.318115234375,0.999298095703125,True,0.500732421875,0.5006917317708334,0.5389576035436326,0.77978515625,0.802734375,0.097900390625,0.5007120768229167,False,Q
233,independent_carry,117,162,True,0.623291015625,00110011,51,0.876708984375,0.500732421875,0.499755859375,0.5001623059384737,0.988037109375,0.999755859375,0.285400390625,0.500244140625,False,0.876708984375,0.8780517578125,0.8088228586695919,1.0,1.0,0.29736328125,0.87738037109375,False,0.623291015625,0.6219889322916666,0.6292492001382668,0.91650390625,0.931884765625,0.2138671875,0.6226399739583333,False,mixed_or_none
233,independent_carry,128,173,True,0.68017578125,00110011,51,0.81982421875,0.49658203125,0.495849609375,0.49672247506213024,0.988525390625,0.999755859375,0.2861328125,0.4962158203125,False,0.81982421875,0.8209228515625,0.7866337926286799,1.0,1.0,0.297607421875,0.82037353515625,False,0.68017578125,0.6781819661458334,0.6663804385273118,0.958251953125,0.9765625,0.255859375,0.6791788736979167,False,mixed_or_none
233,independent_carry,161,206,True,0.88818359375,01010101,85,0.88818359375,0.50146484375,0.500244140625,0.49483288862599073,0.990234375,0.999267578125,0.296142578125,0.5008544921875,False,0.61181640625,0.6097412109375,0.6381520353896581,0.9990234375,1.0,0.304931640625,0.61077880859375,False,0.88818359375,0.8892822265625,0.8449175157560953,1.0,1.0,0.305908203125,0.88873291015625,False,mixed_or_none
233,independent_carry,222,267,True,1.0,01010101,85,1.0,0.5,0.5,0.4989823104942409,0.989501953125,0.99951171875,0.304443359375,0.5,False,0.5,0.5,0.5157031435907479,0.998779296875,1.0,0.313720703125,0.5,False,1.0,1.0,0.9823258670238457,1.0,1.0,0.31494140625,1.0,True,Y
233,independent_carry,304,349,True,1.0,01010101,85,1.0,0.5,0.5,0.49967574981790897,0.99072265625,0.999755859375,0.298583984375,0.5,False,0.5,0.5,0.504882826005612,0.999267578125,1.0,0.30712890625,0.5,False,1.0,1.0,0.994489770714079,1.0,1.0,0.307861328125,1.0,True,Y
233,independent_carry,418,463,True,1.0,01010101,85,1.0,0.5,0.5,0.49987634375307244,0.990234375,0.999755859375,0.29736328125,0.5,False,0.5,0.5,0.50205436591981,0.99951171875,1.0,0.306640625,0.5,False,1.0,1.0,0.9976760865778946,1.0,1.0,0.30712890625,1.0,True,Y
233,independent_carry,575,620,True,1.0,01010101,85,1.0,0.5,0.5,0.49994172339517096,0.990234375,0.999755859375,0.299072265625,0.5,False,0.5,0.5,0.5009438746005799,0.999755859375,1.0,0.30859375,0.5,False,1.0,1.0,0.9989295636462094,1.0,1.0,0.308837890625,1.0,True,Y
233,independent_carry,790,835,True,1.0,01010101,85,1.0,0.5,0.5,0.4999756008991935,0.99169921875,0.999755859375,0.29833984375,0.5,False,0.5,0.5,0.5004608835876575,0.999755859375,1.0,0.306396484375,0.5,False,1.0,1.0,0.9994766413478409,1.0,1.0,0.306640625,1.0,True,Y
233,independent_carry,1024,1069,True,1.0,01010101,85,1.0,0.5,0.5,0.4999882477879151,0.991943359375,0.999755859375,0.2998046875,0.5,False,0.5,0.5,0.5002620136010786,0.999755859375,1.0,0.3076171875,0.5,False,1.0,1.0,0.9997022034548089,1.0,1.0,0.307861328125,1.0,True,Y
233,independent_reset,0,45,True,0.5,00001111,15,0.99853515625,0.99853515625,0.9991455078125,0.9023774401516292,1.0,1.0,0.388916015625,0.99884033203125,True,0.50146484375,0.5010986328125,0.5390984432077398,0.936767578125,0.92236328125,0.32568359375,0.50128173828125,False,0.5,0.4997965494791667,0.5007978030254191,0.50927734375,0.524169921875,-0.101806640625,0.49989827473958337,False,P
233,independent_reset,1,46,True,0.499755859375,00001111,15,0.999755859375,0.999755859375,0.999755859375,0.8849570155579263,1.0,1.0,0.384521484375,0.999755859375,True,0.500244140625,0.5003662109375,0.5451518426708006,0.945068359375,0.9267578125,0.32958984375,0.50030517578125,False,0.499755859375,0.4997151692708333,0.5009636284468164,0.5107421875,0.5234375,-0.104736328125,0.49973551432291663,False,P
233,independent_reset,2,47,True,0.500244140625,00001111,15,0.999267578125,0.999267578125,0.9993896484375,0.8652674604160955,1.0,1.0,0.384765625,0.99932861328125,True,0.500732421875,0.5008544921875,0.5516451664223841,0.953125,0.93212890625,0.337890625,0.50079345703125,False,0.500244140625,0.5001220703125,0.5010835929715832,0.507080078125,0.52490234375,-0.108154296875,0.50018310546875,False,P
233,independent_reset,3,48,True,0.500732421875,00001111,15,0.998291015625,0.998291015625,0.9984130859375,0.8433524746408104,1.0,1.0,0.384033203125,0.99835205078125,True,0.501708984375,0.501708984375,0.5585221296695579,0.958984375,0.938720703125,0.343017578125,0.501708984375,False,0.500732421875,0.5003662109375,0.5012145720306439,0.51025390625,0.526611328125,-0.105712890625,0.50054931640625,False,P
233,independent_reset,4,49,True,0.50244140625,00001111,15,0.99462890625,0.99462890625,0.994384765625,0.8201670860605471,1.0,1.0,0.385986328125,0.9945068359375,True,0.50537109375,0.505615234375,0.5653365932388478,0.964599609375,0.94677734375,0.3505859375,0.5054931640625,False,0.50244140625,0.5016682942708334,0.5013233047593256,0.510498046875,0.526611328125,-0.103515625,0.5020548502604167,False,P
233,independent_reset,5,50,True,0.5029296875,00001111,15,0.9873046875,0.9873046875,0.9862060546875,0.7959392499206968,1.0,1.0,0.384033203125,0.98675537109375,True,0.5126953125,0.5126953125,0.5717748974281893,0.96875,0.954345703125,0.352783203125,0.5126953125,False,0.5029296875,0.5018717447916666,0.5014140920821915,0.511962890625,0.53125,-0.10400390625,0.5024007161458333,False,P
233,independent_reset,7,52,True,0.505859375,00001111,15,0.9296875,0.9296875,0.927734375,0.7446612450139186,1.0,1.0,0.39208984375,0.9287109375,True,0.5703125,0.56964111328125,0.5827064011019739,0.97412109375,0.967529296875,0.3662109375,0.569976806640625,False,0.505859375,0.5015462239583334,0.50155390622766,0.51123046875,0.536376953125,-0.0966796875,0.5037027994791667,False,P
233,independent_reset,9,54,True,0.51123046875,00111111,63,0.888671875,0.86083984375,0.8582763671875,0.7009504053757876,1.0,1.0,0.39111328125,0.85955810546875,False,0.63916015625,0.64013671875,0.5906658564948597,0.984130859375,0.977294921875,0.375244140625,0.6396484375,False,0.51123046875,0.5054117838541666,0.5016482917406052,0.5166015625,0.54345703125,-0.09228515625,0.5083211263020833,False,mixed_or_none
233,independent_reset,13,58,True,0.50830078125,00111111,63,0.9150390625,0.80859375,0.808837890625,0.6454037467581504,0.999755859375,1.0,0.38134765625,0.8087158203125,False,0.69140625,0.692626953125,0.6080880284813401,0.991455078125,0.987060546875,0.373046875,0.6920166015625,False,0.50830078125,0.5030517578125,0.5019656616145529,0.51708984375,0.55322265625,-0.101318359375,0.50567626953125,False,mixed_or_none
233,independent_reset,17,62,True,0.513671875,00010011,19,0.80615234375,0.69677734375,0.6956787109375,0.6090781329395798,0.99951171875,1.0,0.363525390625,0.69622802734375,False,0.80322265625,0.8023681640625,0.6280000050932585,0.99609375,0.994873046875,0.360107421875,0.80279541015625,False,0.513671875,0.5101725260416666,0.5025293812029785,0.520751953125,0.563720703125,-0.115234375,0.5119222005208333,False,mixed_or_none
233,independent_reset,24,69,True,0.509521484375,00110011,51,0.942626953125,0.556884765625,0.553466796875,0.560245653615399,0.99951171875,1.0,0.36669921875,0.55517578125,False,0.942626953125,0.94500732421875,0.6705647984673384,0.999755859375,0.999755859375,0.366943359375,0.943817138671875,True,0.509521484375,0.5072021484375,0.5033951082279504,0.53515625,0.574951171875,-0.09765625,0.50836181640625,False,Q
233,independent_reset,33,78,True,0.5,00110011,51,0.998046875,0.501953125,0.5015869140625,0.5192663076396097,0.9990234375,1.0,0.36962890625,0.50177001953125,False,0.998046875,0.998779296875,0.7479720484910293,1.0,1.0,0.37060546875,0.9984130859375,True,0.5,0.4999186197916667,0.5043642054786407,0.559326171875,0.6044921875,-0.070068359375,0.49995930989583337,False,Q
233,independent_reset,45,90,True,0.5,00110011,51,1.0,0.5,0.5,0.5018594398420768,0.997802734375,1.0,0.364013671875,0.5,False,1.0,1.0,0.8603518221743869,1.0,1.0,0.3662109375,1.0,True,0.5,0.5,0.5064136046185296,0.58740234375,0.638916015625,-0.04638671875,0.5,False,Q
233,independent_reset,62,107,True,0.5,00110011,51,1.0,0.5,0.5,0.49768668946450734,0.99853515625,1.0,0.3564453125,0.5,False,1.0,1.0,0.9107128496159193,1.0,1.0,0.35791015625,1.0,True,0.5,0.5,0.5098589348022314,0.65087890625,0.692626953125,0.0087890625,0.5,False,Q
233,independent_reset,85,130,True,0.5,00110011,51,1.0,0.5,0.4998779296875,0.4987164901828092,0.99853515625,1.0,0.3349609375,0.49993896484375,False,1.0,0.99993896484375,0.8759631702337896,1.0,1.0,0.33642578125,0.999969482421875,True,0.5,0.5000406901041666,0.5296206299875711,0.742431640625,0.764892578125,0.078857421875,0.5000203450520833,False,Q
233,independent_reset,117,162,True,0.55810546875,00110011,51,0.94189453125,0.4970703125,0.4993896484375,0.5016532370222904,0.99609375,1.0,0.306640625,0.49822998046875,False,0.94189453125,0.94451904296875,0.8400786475269991,1.0,1.0,0.310546875,0.943206787109375,True,0.55810546875,0.5551350911458334,0.590736482532693,0.890625,0.89208984375,0.201171875,0.5566202799479167,False,Q
233,independent_reset,128,173,True,0.599609375,00110011,51,0.900390625,0.48876953125,0.4906005859375,0.49329309429457907,0.99658203125,1.0,0.29638671875,0.48968505859375,False,0.900390625,0.90301513671875,0.8222362607762457,1.0,1.0,0.2998046875,0.901702880859375,True,0.599609375,0.5957438151041666,0.6226535597863033,0.937255859375,0.961669921875,0.237060546875,0.5976765950520833,False,Q
233,independent_reset,161,206,True,0.8857421875,01010101,85,0.8857421875,0.498046875,0.497314453125,0.49517761203424143,0.998046875,1.0,0.289794921875,0.4976806640625,False,0.6142578125,0.613525390625,0.6500767066597262,1.0,1.0,0.291748046875,0.6138916015625,False,0.8857421875,0.8862711588541667,0.8292912132640804,1.0,1.0,0.291748046875,0.8860066731770834,False,mixed_or_none
233,independent_reset,222,267,True,1.0,01010101,85,1.0,0.5,0.5,0.49919681472628163,0.9990234375,1.0,0.305908203125,0.5,False,0.5,0.5,0.5151955100335438,0.999267578125,1.0,0.30615234375,0.5,False,1.0,1.0,0.982826487535372,1.0,1.0,0.306884765625,1.0,True,Y
233,independent_reset,304,349,True,1.0,01010101,85,1.0,0.5,0.5,0.4997164971338474,0.9990234375,1.0,0.30419921875,0.5,False,0.5,0.5,0.5050854032112936,0.999267578125,1.0,0.304443359375,0.5,False,1.0,1.0,0.9942587063397912,1.0,1.0,0.30517578125,1.0,True,Y
233,independent_reset,418,463,True,1.0,01010101,85,1.0,0.5,0.5,0.49989341002072385,0.9990234375,1.0,0.304443359375,0.5,False,0.5,0.5,0.502274825249976,0.9990234375,1.0,0.304443359375,0.5,False,1.0,1.0,0.9974358404851955,1.0,1.0,0.305419921875,1.0,True,Y
233,independent_reset,575,620,True,1.0,01010101,85,1.0,0.5,0.5,0.4999501225785958,0.998779296875,1.0,0.306640625,0.5,False,0.5,0.5,0.5011045707429427,0.9990234375,1.0,0.306884765625,0.5,False,1.0,1.0,0.998755288403183,1.0,1.0,0.307861328125,1.0,True,Y
233,independent_reset,790,835,True,1.0,01010101,85,1.0,0.5,0.5,0.4999774074673066,0.998291015625,1.0,0.30322265625,0.5,False,0.5,0.5,0.5005620235619443,0.9990234375,1.0,0.303955078125,0.5,False,1.0,1.0,0.9993669547471922,1.0,1.0,0.304931640625,1.0,True,Y
233,independent_reset,1024,1069,True,1.0,01010101,85,1.0,0.5,0.5,0.4999879001763609,0.99853515625,1.0,0.30615234375,0.5,False,0.5,0.5,0.5003267785167731,0.9990234375,1.0,0.306640625,0.5,False,1.0,1.0,0.99963215755888,1.0,1.0,0.3076171875,1.0,True,Y
233,nested_carry,0,45,True,0.5,00001111,15,1.0,1.0,1.0,0.9029872856438917,1.0,1.0,0.410400390625,1.0,True,0.5,0.5,0.5129638411961768,0.723876953125,0.783203125,0.13427734375,0.5,False,0.5,0.5,0.5008801823306085,0.502685546875,0.533203125,-0.0869140625,0.5,False,P
233,nested_carry,1,46,True,0.5,00001111,15,1.0,1.0,1.0,0.8921109294586786,1.0,1.0,0.410400390625,1.0,True,0.5,0.5,0.5137704601529798,0.724853515625,0.782958984375,0.13525390625,0.5,False,0.5,0.5,0.5009491214625621,0.506591796875,0.53173828125,-0.0830078125,0.5,False,P
233,nested_carry,2,47,True,0.5,00001111,15,1.0,1.0,1.0,0.8761470976610088,1.0,1.0,0.414306640625,1.0,True,0.5,0.5,0.515052598629994,0.734130859375,0.78564453125,0.1484375,0.5,False,0.5,0.5,0.5010469300560408,0.509765625,0.535400390625,-0.075927734375,0.5,False,P
233,nested_carry,3,48,True,0.5,00001111,15,1.0,1.0,1.0,0.8546047729879418,1.0,1.0,0.41552734375,1.0,True,0.5,0.5,0.516931619220656,0.739013671875,0.78955078125,0.154541015625,0.5,False,0.5,0.5,0.5012064835285114,0.508544921875,0.536865234375,-0.075927734375,0.5,False,P
233,nested_carry,4,49,True,0.5,00001111,15,1.0,1.0,1.0,0.8280399255954961,1.0,1.0,0.414794921875,1.0,True,0.5,0.50006103515625,0.5191794314559619,0.74609375,0.79296875,0.160888671875,0.500030517578125,False,0.5,0.5,0.5013741868974196,0.5107421875,0.539794921875,-0.074462890625,0.5,False,P
233,nested_carry,5,50,True,0.500244140625,00001111,15,0.999267578125,0.999267578125,0.9993896484375,0.7965151642826973,1.0,1.0,0.408203125,0.99932861328125,True,0.500732421875,0.500732421875,0.5215578188817228,0.752685546875,0.797607421875,0.160888671875,0.500732421875,False,0.500244140625,0.5000406901041666,0.5015397950283,0.5126953125,0.541748046875,-0.0791015625,0.5001424153645833,False,P
233,nested_carry,7,52,True,0.50439453125,00001111,15,0.970703125,0.970703125,0.96875,0.7222929047126428,1.0,1.0,0.406494140625,0.9697265625,True,0.5234375,0.52496337890625,0.5256321575587337,0.760986328125,0.810302734375,0.16748046875,0.524200439453125,False,0.50439453125,0.5029703776041666,0.5018367298399831,0.517333984375,0.54541015625,-0.076171875,0.5036824544270833,False,P
233,nested_carry,9,54,True,0.515869140625,00011111,31,0.855712890625,0.843505859375,0.842041015625,0.655104059915684,1.0,1.0,0.410888671875,0.8427734375,False,0.596923828125,0.59442138671875,0.5258558886312813,0.770263671875,0.8271484375,0.18115234375,0.595672607421875,False,0.515869140625,0.5086263020833334,0.5018665310845551,0.51171875,0.552734375,-0.077392578125,0.5122477213541667,False,mixed_or_none
233,nested_carry,13,58,True,0.51025390625,00111111,63,0.849609375,0.68505859375,0.6832275390625,0.5828065477299796,0.99951171875,1.0,0.434326171875,0.68414306640625,False,0.599609375,0.6044921875,0.5217637004471822,0.808349609375,0.85888671875,0.2431640625,0.60205078125,False,0.51025390625,0.5085042317708334,0.501557217800058,0.52734375,0.564208984375,-0.037841796875,0.5093790690104167,False,mixed_or_none
233,nested_carry,17,62,True,0.517822265625,00111111,63,0.864013671875,0.811279296875,0.8089599609375,0.5518431016938046,0.998046875,1.0,0.412841796875,0.81011962890625,False,0.616455078125,0.61712646484375,0.5202688506932096,0.845947265625,0.894287109375,0.2607421875,0.616790771484375,False,0.517822265625,0.510986328125,0.5015491940677396,0.53515625,0.578369140625,-0.050048828125,0.514404296875,False,mixed_or_none
233,nested_carry,24,69,True,0.514892578125,00000011,3,0.863037109375,0.696044921875,0.6961669921875,0.5270517853482457,0.99462890625,1.0,0.396484375,0.69610595703125,False,0.640869140625,0.6441650390625,0.5233600601593673,0.892333984375,0.939453125,0.294189453125,0.64251708984375,False,0.514892578125,0.5147298177083334,0.5018958092915156,0.55029296875,0.606201171875,-0.0478515625,0.5148111979166667,False,mixed_or_none
233,nested_carry,33,78,True,0.5244140625,00010011,19,0.81689453125,0.638671875,0.6383056640625,0.523331009973145,0.991943359375,1.0,0.40185546875,0.63848876953125,False,0.802734375,0.8060302734375,0.5438032582201602,0.957763671875,0.97998046875,0.36767578125,0.80438232421875,False,0.5244140625,0.5247395833333334,0.5033173565786143,0.55517578125,0.64306640625,-0.034912109375,0.5245768229166667,False,mixed_or_none
233,nested_carry,45,90,True,0.5146484375,00110011,51,0.96435546875,0.533203125,0.532958984375,0.5354970131121348,0.993896484375,1.0,0.3818359375,0.5330810546875,False,0.96435546875,0.9658203125,0.6238898878192769,0.99951171875,0.999755859375,0.387451171875,0.965087890625,True,0.5146484375,0.5155029296875,0.5083327037723714,0.6083984375,0.68408203125,-0.003662109375,0.51507568359375,False,Q
233,nested_carry,62,107,True,0.5,00110011,51,1.0,0.5,0.5,0.5158471771771058,0.9970703125,1.0,0.365234375,0.5,False,1.0,1.0,0.86205904263593,1.0,1.0,0.3681640625,1.0,True,0.5,0.5,0.5174661546946313,0.6845703125,0.7509765625,0.052734375,0.5,False,Q
233,nested_carry,85,130,True,0.51220703125,00110011,51,0.98779296875,0.49462890625,0.4962158203125,0.491147841049491,0.99755859375,1.0,0.326171875,0.49542236328125,False,0.98779296875,0.9886474609375,0.8698810445420065,1.0,1.0,0.32861328125,0.98822021484375,True,0.51220703125,0.5124104817708334,0.5458348282883939,0.75244140625,0.76708984375,0.0810546875,0.5123087565104167,False,Q
233,nested_carry,117,162,True,0.614990234375,00110011,51,0.885009765625,0.504638671875,0.5035400390625,0.5042163793179757,0.996337890625,0.999267578125,0.291015625,0.50408935546875,False,0.885009765625,0.8846435546875,0.8059167984583759,1.0,1.0,0.294677734375,0.88482666015625,False,0.614990234375,0.6144205729166666,0.6309144703413211,0.89404296875,0.931640625,0.188720703125,0.6147054036458333,False,mixed_or_none
233,nested_carry,128,173,True,0.6650390625,00110011,51,0.8349609375,0.4892578125,0.4908447265625,0.49725345667784343,0.99609375,0.999755859375,0.291748046875,0.49005126953125,False,0.8349609375,0.83892822265625,0.7851552804071863,1.0,1.0,0.295654296875,0.836944580078125,False,0.6650390625,0.6611735026041666,0.6656002900922742,0.942626953125,0.984375,0.23828125,0.6631062825520833,False,mixed_or_none
233,nested_carry,161,206,True,0.90283203125,01010101,85,0.90283203125,0.49853515625,0.500732421875,0.49734244946000017,0.99755859375,1.0,0.2890625,0.4996337890625,False,0.59716796875,0.59832763671875,0.6380369455238392,1.0,1.0,0.29150390625,0.597747802734375,False,0.90283203125,0.9033203125,0.843150309613858,0.999755859375,1.0,0.291259765625,0.903076171875,True,Y
233,nested_carry,222,267,True,1.0,01010101,85,1.0,0.5,0.5,0.49974722134465027,0.998046875,1.0,0.282958984375,0.5,False,0.5,0.5,0.5108136430735107,1.0,1.0,0.284912109375,0.5,False,1.0,1.0,0.9874424105990334,1.0,1.0,0.284912109375,1.0,True,Y
233,nested_carry,304,349,True,1.0,01010101,85,1.0,0.5,0.5,0.49989457083709626,0.997802734375,1.0,0.28076171875,0.5,False,0.5,0.5,0.5036985675654174,1.0,1.0,0.282958984375,0.5,False,1.0,1.0,0.9956939278511145,1.0,1.0,0.282958984375,1.0,True,Y
233,nested_carry,418,463,True,1.0,01010101,85,1.0,0.5,0.5,0.49995378816824626,0.998046875,1.0,0.284912109375,0.5,False,0.5,0.5,0.5016716468844205,1.0,1.0,0.286865234375,0.5,False,1.0,1.0,0.9980520614447028,1.0,1.0,0.286865234375,1.0,True,Y
233,nested_carry,575,620,True,1.0,01010101,85,1.0,0.5,0.5,0.4999734457268688,0.997314453125,1.0,0.282470703125,0.5,False,0.5,0.5,0.5008095733490838,1.0,1.0,0.28515625,0.5,False,1.0,1.0,0.9990560724169912,1.0,1.0,0.28515625,1.0,True,Y
233,nested_carry,790,835,True,1.0,01010101,85,1.0,0.5,0.5,0.4999864881841152,0.99755859375,1.0,0.287353515625,0.5,False,0.5,0.5,0.5004056776775514,1.0,1.0,0.289794921875,0.5,False,1.0,1.0,0.9995265211757767,1.0,1.0,0.289794921875,1.0,True,Y
233,nested_carry,1024,1069,True,1.0,01010101,85,1.0,0.5,0.5,0.49999138303446444,0.99755859375,1.0,0.286865234375,0.5,False,0.5,0.5,0.5002326005113861,1.0,1.0,0.289306640625,0.5,False,1.0,1.0,0.9997283771938401,1.0,1.0,0.289306640625,1.0,True,Y
233,nested_reset,0,45,True,0.5,00001111,15,1.0,1.0,1.0,0.9029872856438917,1.0,1.0,0.410400390625,1.0,True,0.5,0.5,0.5129638411961768,0.723876953125,0.783203125,0.13427734375,0.5,False,0.5,0.5,0.5008801823306085,0.502685546875,0.533203125,-0.0869140625,0.5,False,P
233,nested_reset,1,46,True,0.5,00001111,15,1.0,1.0,1.0,0.8807411687538684,1.0,1.0,0.412841796875,1.0,True,0.5,0.5,0.5156837372583742,0.729736328125,0.784423828125,0.142578125,0.5,False,0.5,0.5,0.501067181028174,0.5087890625,0.534912109375,-0.078369140625,0.5,False,P
233,nested_reset,2,47,True,0.5,00001111,15,1.0,1.0,1.0,0.855751574459536,1.0,1.0,0.41455078125,1.0,True,0.5,0.5,0.5184578215907613,0.741455078125,0.78955078125,0.156005859375,0.5,False,0.5,0.5,0.5011944511780059,0.504638671875,0.534912109375,-0.080810546875,0.5,False,P
233,nested_reset,3,48,True,0.500732421875,00001111,15,0.998779296875,0.998779296875,0.9989013671875,0.8271903693884686,1.0,1.0,0.411376953125,0.99884033203125,True,0.501220703125,0.50079345703125,0.5213923721298742,0.748046875,0.7939453125,0.159423828125,0.501007080078125,False,0.500732421875,0.500244140625,0.5013596991435288,0.509765625,0.537109375,-0.078857421875,0.50048828125,False,P
233,nested_reset,4,49,True,0.50146484375,00001111,15,0.99658203125,0.99658203125,0.9962158203125,0.7971689421292116,1.0,1.0,0.412841796875,0.99639892578125,True,0.50341796875,0.50335693359375,0.5240786739282606,0.756103515625,0.798583984375,0.1689453125,0.503387451171875,False,0.50146484375,0.5006510416666666,0.5014720780753471,0.513671875,0.537109375,-0.073486328125,0.5010579427083333,False,P
233,nested_reset,5,50,True,0.504150390625,00001111,15,0.987060546875,0.987060546875,0.986572265625,0.7660483716012624,1.0,1.0,0.411865234375,0.98681640625,True,0.510986328125,0.51165771484375,0.5263428880745245,0.76416015625,0.80712890625,0.176025390625,0.511322021484375,False,0.504150390625,0.5020751953125,0.5015527430635635,0.512451171875,0.53662109375,-0.07568359375,0.50311279296875,False,P
233,nested_reset,7,52,True,0.5107421875,00001111,15,0.90673828125,0.90673828125,0.9105224609375,0.703503859395828,1.0,1.0,0.41455078125,0.90863037109375,True,0.5703125,0.56915283203125,0.5292413387935434,0.77587890625,0.81884765625,0.1904296875,0.569732666015625,False,0.5107421875,0.5045979817708334,0.5016575075173477,0.519287109375,0.5400390625,-0.066162109375,0.5076700846354167,False,P
233,nested_reset,9,54,True,0.513916015625,00111111,63,0.860107421875,0.805908203125,0.8045654296875,0.65580410940788,1.0,1.0,0.42333984375,0.80523681640625,False,0.610107421875,0.60992431640625,0.5294003268882247,0.789306640625,0.831298828125,0.212646484375,0.610015869140625,False,0.513916015625,0.5084635416666666,0.501652864196495,0.52392578125,0.54541015625,-0.052734375,0.5111897786458333,False,mixed_or_none
233,nested_reset,13,58,True,0.5126953125,00111111,63,0.88720703125,0.76513671875,0.7630615234375,0.604878064522573,1.0,1.0,0.42333984375,0.76409912109375,False,0.63720703125,0.63641357421875,0.5283423790223064,0.829345703125,0.860107421875,0.252685546875,0.636810302734375,False,0.5126953125,0.5085856119791666,0.5016051650393031,0.528564453125,0.552490234375,-0.048095703125,0.5106404622395833,False,mixed_or_none
233,nested_reset,17,62,True,0.51171875,00001111,15,0.89306640625,0.89306640625,0.89599609375,0.580087302808054,0.99951171875,1.0,0.413818359375,0.89453125,False,0.59521484375,0.59368896484375,0.5286896433314172,0.859130859375,0.888916015625,0.2734375,0.594451904296875,False,0.51171875,0.5078938802083334,0.5017067512068786,0.53955078125,0.5634765625,-0.046142578125,0.5098063151041667,False,mixed_or_none
233,nested_reset,24,69,True,0.508544921875,00000011,3,0.895751953125,0.788818359375,0.7890625,0.5549819795658602,0.997314453125,1.0,0.39794921875,0.7889404296875,False,0.657470703125,0.6590576171875,0.5335174326256856,0.89599609375,0.9365234375,0.296630859375,0.65826416015625,False,0.508544921875,0.5115152994791666,0.502098689301652,0.544677734375,0.57666015625,-0.0546875,0.5100301106770833,False,mixed_or_none
233,nested_reset,33,78,True,0.519287109375,00010011,19,0.809814453125,0.711669921875,0.7083740234375,0.5485008992290127,0.99658203125,1.0,0.392822265625,0.71002197265625,False,0.782470703125,0.7861328125,0.5557244028094269,0.964599609375,0.978271484375,0.36083984375,0.7843017578125,False,0.519287109375,0.5196533203125,0.50342272079268,0.562255859375,0.609619140625,-0.04150390625,0.51947021484375,False,mixed_or_none
233,nested_reset,45,90,True,0.51318359375,00110011,51,0.94384765625,0.55615234375,0.555419921875,0.561944770578973,0.995849609375,1.0,0.388671875,0.5557861328125,False,0.94384765625,0.9466552734375,0.6288304262871132,0.999755859375,0.99951171875,0.392578125,0.94525146484375,True,0.51318359375,0.5148518880208334,0.5071442971713228,0.59326171875,0.648681640625,-0.013916015625,0.5140177408854167,False,Q
233,nested_reset,62,107,True,0.5,00110011,51,1.0,0.5,0.5,0.5193710860602161,0.99853515625,1.0,0.364013671875,0.5,False,1.0,1.0,0.8374692986726655,1.0,1.0,0.365478515625,1.0,True,0.5,0.5,0.5149323445094373,0.67236328125,0.74951171875,0.037841796875,0.5,False,Q
233,nested_reset,85,130,True,0.50390625,00110011,51,0.99609375,0.4970703125,0.497802734375,0.4915221945267235,0.9990234375,1.0,0.340087890625,0.4974365234375,False,0.99609375,0.99658203125,0.8850562972081351,1.0,1.0,0.341064453125,0.996337890625,True,0.50390625,0.5037027994791666,0.5336496693604653,0.743896484375,0.8564453125,0.0849609375,0.5038045247395833,False,Q
233,nested_reset,117,162,True,0.576416015625,00110011,51,0.923583984375,0.503173828125,0.5052490234375,0.5021315988135128,1.0,1.0,0.302490234375,0.50421142578125,False,0.923583984375,0.92437744140625,0.820700975294123,1.0,1.0,0.302490234375,0.923980712890625,True,0.576416015625,0.5755208333333334,0.6169813533230718,0.92822265625,0.993896484375,0.230712890625,0.5759684244791667,False,Q
233,nested_reset,128,173,True,0.649169921875,00110011,51,0.850830078125,0.492919921875,0.4925537109375,0.4947967540263232,1.0,1.0,0.2958984375,0.49273681640625,False,0.850830078125,0.85107421875,0.7948026982134092,1.0,1.0,0.2958984375,0.8509521484375,False,0.649169921875,0.6471354166666666,0.6592678243295117,0.97119140625,0.999267578125,0.26708984375,0.6481526692708333,False,mixed_or_none
233,nested_reset,161,206,True,0.983154296875,01010101,85,0.983154296875,0.503173828125,0.5018310546875,0.49957241646740824,1.0,1.0,0.292724609375,0.50250244140625,False,0.516845703125,0.5172119140625,0.5960362562932948,0.999755859375,1.0,0.29248046875,0.51702880859375,False,0.983154296875,0.9832763671875,0.8899864452029789,1.0,1.0,0.292724609375,0.98321533203125,True,Y
233,nested_reset,222,267,True,1.0,01010101,85,1.0,0.5,0.5,0.49975965627593966,1.0,1.0,0.293701171875,0.5,False,0.5,0.5,0.5106205227125229,0.997802734375,0.999755859375,0.29150390625,0.5,False,1.0,1.0,0.9877036548067735,1.0,1.0,0.293701171875,1.0,True,Y
233,nested_reset,304,349,True,1.0,01010101,85,1.0,0.5,0.5,0.4998536937795025,1.0,1.0,0.2919921875,0.5,False,0.5,0.5,0.5037759842892667,0.997802734375,0.999755859375,0.289794921875,0.5,False,1.0,1.0,0.9956503351135901,1.0,1.0,0.2919921875,1.0,True,Y
233,nested_reset,418,463,True,1.0,01010101,85,1.0,0.5,0.5,0.49995185564277145,1.0,1.0,0.290771484375,0.5,False,0.5,0.5,0.50167541112768,0.998046875,0.999755859375,0.288818359375,0.5,False,1.0,1.0,0.998079548447939,1.0,1.0,0.290771484375,1.0,True,Y
233,nested_reset,575,620,True,1.0,01010101,85,1.0,0.5,0.5,0.4999738745369258,1.0,1.0,0.28662109375,0.5,False,0.5,0.5,0.5007466443391458,0.99853515625,0.999755859375,0.28515625,0.5,False,1.0,1.0,0.9991469236843393,1.0,1.0,0.28662109375,1.0,True,Y
233,nested_reset,790,835,True,1.0,01010101,85,1.0,0.5,0.5,0.4999898210274883,1.0,1.0,0.27490234375,0.5,False,0.5,0.5,0.500358429737759,0.99853515625,0.999755859375,0.2734375,0.5,False,1.0,1.0,0.9995910992383128,1.0,1.0,0.27490234375,1.0,True,Y
233,nested_reset,1024,1069,True,1.0,01010101,85,1.0,0.5,0.5,0.4999941359235315,1.0,1.0,0.274169921875,0.5,False,0.5,0.5,0.5002067389855251,0.99853515625,0.999755859375,0.272705078125,0.5,False,1.0,1.0,0.9997639682219961,1.0,1.0,0.274169921875,1.0,True,Y
233,scratch,0,45,True,0.499755859375,00000000,0,0.999755859375,0.499755859375,0.4998779296875,0.49716691204425656,0.986083984375,0.999755859375,0.397705078125,0.49981689453125,False,0.499755859375,0.49981689453125,0.4998150327425547,0.657470703125,0.708740234375,0.069091796875,0.499786376953125,False,0.499755859375,0.4999186197916667,0.4997835579832015,0.53173828125,0.517333984375,-0.056640625,0.49983723958333337,False,mixed_or_none
233,scratch,1,46,True,0.501708984375,00000000,0,0.989501953125,0.494384765625,0.4947509765625,0.49712702386488183,0.985107421875,0.999755859375,0.396240234375,0.49456787109375,False,0.502685546875,0.50201416015625,0.500546879673995,0.6533203125,0.7041015625,0.064453125,0.502349853515625,False,0.501708984375,0.5004069010416666,0.499830147912181,0.531005859375,0.52001953125,-0.057861328125,0.5010579427083333,False,mixed_or_none
233,scratch,2,47,True,0.499755859375,00000000,0,0.972900390625,0.491455078125,0.49169921875,0.4974519392178491,0.986572265625,0.999755859375,0.400634765625,0.4915771484375,False,0.504638671875,0.50494384765625,0.5013522732265452,0.6484375,0.702392578125,0.0625,0.504791259765625,False,0.499755859375,0.5004475911458334,0.4999195868433892,0.52197265625,0.522216796875,-0.06396484375,0.5001017252604167,False,mixed_or_none
233,scratch,3,48,True,0.499755859375,00000000,0,0.920654296875,0.486572265625,0.4857177734375,0.4978843303351697,0.9853515625,0.999755859375,0.400634765625,0.48614501953125,False,0.509033203125,0.51336669921875,0.5021325221429069,0.650390625,0.704345703125,0.065673828125,0.511199951171875,False,0.499755859375,0.4989420572916667,0.5000006924803717,0.517822265625,0.5234375,-0.06689453125,0.49934895833333337,False,mixed_or_none
233,scratch,4,49,True,0.506103515625,00000000,0,0.782958984375,0.469970703125,0.4764404296875,0.4986970777654445,0.982421875,0.999755859375,0.393798828125,0.47320556640625,False,0.532470703125,0.53961181640625,0.5028544209443002,0.660400390625,0.70556640625,0.07177734375,0.536041259765625,False,0.506103515625,0.5048828125,0.5000632591130574,0.521728515625,0.5244140625,-0.06689453125,0.5054931640625,False,mixed_or_none
233,scratch,5,50,True,0.516357421875,00110001,49,0.574462890625,0.484619140625,0.4873046875,0.4993600114178136,0.979736328125,1.0,0.397705078125,0.4859619140625,False,0.564208984375,0.56427001953125,0.5035302869421351,0.66650390625,0.70751953125,0.08447265625,0.564239501953125,False,0.516357421875,0.5171712239583334,0.5001135907097227,0.527587890625,0.52490234375,-0.054443359375,0.5167643229166667,False,mixed_or_none
233,scratch,7,52,True,0.487548828125,11111111,255,0.870849609375,0.496826171875,0.50048828125,0.5006683722568265,0.974609375,0.999755859375,0.38330078125,0.4986572265625,False,0.542236328125,0.5439453125,0.5046728397030507,0.690673828125,0.712158203125,0.099365234375,0.5430908203125,False,0.487548828125,0.4943440755208333,0.5001799833536432,0.53662109375,0.525634765625,-0.0546875,0.49094645182291663,False,mixed_or_none
233,scratch,9,54,True,0.4990234375,11111111,255,0.9873046875,0.50048828125,0.5018310546875,0.5016930996255697,0.968994140625,1.0,0.386474609375,0.50115966796875,False,0.509765625,0.50909423828125,0.5058638904670741,0.729736328125,0.71630859375,0.147216796875,0.509429931640625,False,0.4990234375,0.5,0.5002467766939944,0.531982421875,0.525390625,-0.050537109375,0.49951171875,False,mixed_or_none
233,scratch,13,58,True,0.5,11111111,255,0.97314453125,0.49609375,0.4959716796875,0.5014081705529985,0.96337890625,1.0,0.3828125,0.49603271484375,False,0.5244140625,0.524169921875,0.5100688449740709,0.802734375,0.7333984375,0.22216796875,0.5242919921875,False,0.5,0.500244140625,0.50052161082907,0.544921875,0.52880859375,-0.03564453125,0.5001220703125,False,mixed_or_none
233,scratch,17,62,True,0.503173828125,00110011,51,0.672119140625,0.513916015625,0.5074462890625,0.5013021601201132,0.968994140625,0.99951171875,0.374267578125,0.51068115234375,False,0.672119140625,0.6741943359375,0.5166026153000715,0.849609375,0.768798828125,0.2548828125,0.67315673828125,False,0.503173828125,0.5084228515625,0.5009637062689422,0.5595703125,0.532470703125,-0.03515625,0.50579833984375,False,mixed_or_none
233,scratch,24,69,True,0.510986328125,00000000,0,0.806884765625,0.524658203125,0.526611328125,0.5037676230346406,0.9736328125,0.999755859375,0.3447265625,0.525634765625,False,0.666748046875,0.663818359375,0.5354900827189404,0.97216796875,0.8251953125,0.34326171875,0.665283203125,False,0.510986328125,0.5076090494791666,0.5017712368970054,0.564208984375,0.541748046875,-0.064697265625,0.5092976888020833,False,mixed_or_none
233,scratch,33,78,True,0.51025390625,00110011,51,0.9375,0.50244140625,0.49951171875,0.5008152234141793,0.967529296875,0.999267578125,0.328125,0.5009765625,False,0.9375,0.93902587890625,0.5940352914168199,0.998779296875,0.91748046875,0.359375,0.938262939453125,True,0.51025390625,0.510009765625,0.5035687183173564,0.572509765625,0.568603515625,-0.06689453125,0.5101318359375,False,Q
233,scratch,45,90,True,0.501708984375,00110011,51,0.997314453125,0.499267578125,0.4998779296875,0.500103458712517,0.964111328125,0.99951171875,0.29931640625,0.49957275390625,False,0.997314453125,0.99749755859375,0.7742031860316747,1.0,0.9951171875,0.335205078125,0.997406005859375,True,0.501708984375,0.5017903645833334,0.5075046077120502,0.581787109375,0.643310546875,-0.0830078125,0.5017496744791667,False,Q
233,scratch,62,107,True,0.5,00110011,51,1.0,0.5,0.5,0.4992959592718547,0.94384765625,0.99951171875,0.259521484375,0.5,False,1.0,1.0,0.9210152491747299,1.0,1.0,0.315673828125,1.0,True,0.5,0.5,0.5123607023647654,0.6962890625,0.81103515625,0.011962890625,0.5,False,Q
233,scratch,85,130,True,0.52490234375,00110011,51,0.97509765625,0.5029296875,0.5029296875,0.5026811992555049,0.938720703125,0.99951171875,0.235595703125,0.5029296875,False,0.97509765625,0.9732666015625,0.8326772490171966,0.999755859375,1.0,0.296630859375,0.97418212890625,True,0.52490234375,0.5247395833333334,0.5753603776523402,0.924072265625,0.983642578125,0.220947265625,0.5248209635416667,False,Q
233,scratch,117,162,True,0.78076171875,00010001,17,0.8427734375,0.5029296875,0.5009765625,0.49815639066869116,0.962646484375,0.997314453125,0.260009765625,0.501953125,False,0.71923828125,0.7213134765625,0.7098866560001195,1.0,1.0,0.29736328125,0.72027587890625,False,0.78076171875,0.778564453125,0.7516613402699173,0.99169921875,0.999267578125,0.2890625,0.7796630859375,False,mixed_or_none
233,scratch,128,173,True,0.8740234375,01010101,85,0.8740234375,0.49609375,0.4954833984375,0.4953753471943032,0.959228515625,0.997314453125,0.245361328125,0.49578857421875,False,0.6259765625,0.6239013671875,0.666552301801106,1.0,1.0,0.2861328125,0.62493896484375,False,0.8740234375,0.8741861979166667,0.806925366270598,0.9990234375,1.0,0.28515625,0.8741048177083334,False,mixed_or_none
233,scratch,161,206,True,1.0,01010101,85,1.0,0.5,0.5,0.5000135652792488,0.970703125,0.997314453125,0.239990234375,0.5,False,0.5,0.5,0.5388455271673593,0.99951171875,0.99755859375,0.268798828125,0.5,False,1.0,1.0,0.9547355299392017,1.0,1.0,0.269287109375,1.0,True,Y
233,scratch,222,267,True,1.0,01010101,85,1.0,0.5,0.5,0.499862346206809,0.966552734375,0.99658203125,0.23681640625,0.5,False,0.5,0.5,0.507882939387517,0.997802734375,0.99658203125,0.26806640625,0.5,False,1.0,1.0,0.9907556724258708,1.0,1.0,0.270263671875,1.0,True,Y
233,scratch,304,349,True,1.0,01010101,85,1.0,0.5,0.5,0.49995454259828315,0.965087890625,0.9951171875,0.23779296875,0.5,False,0.5,0.5,0.5031319492186059,0.996337890625,0.996337890625,0.26904296875,0.5,False,1.0,1.0,0.9963327266291939,1.0,1.0,0.272705078125,1.0,True,Y
233,scratch,418,463,True,1.0,01010101,85,1.0,0.5,0.5,0.4999871530773561,0.962890625,0.99462890625,0.236083984375,0.5,False,0.5,0.5,0.5014944890849194,0.995361328125,0.996826171875,0.2685546875,0.5,False,1.0,1.0,0.9982582927147936,1.0,1.0,0.273193359375,1.0,True,Y
233,scratch,575,620,True,1.0,01010101,85,1.0,0.5,0.5,0.4999926846540538,0.962890625,0.994384765625,0.23681640625,0.5,False,0.5,0.5,0.5007463389016291,0.994140625,0.99658203125,0.26806640625,0.5,False,1.0,1.0,0.9991309460543032,1.0,1.0,0.27392578125,1.0,True,Y
233,scratch,790,835,True,1.0,01010101,85,1.0,0.5,0.5,0.4999980390042611,0.962646484375,0.99462890625,0.235595703125,0.5,False,0.5,0.5,0.5003873530445009,0.992431640625,0.996337890625,0.265380859375,0.5,False,1.0,1.0,0.99955029202575,1.0,1.0,0.27294921875,1.0,True,Y
233,scratch,1024,1069,True,1.0,01010101,85,1.0,0.5,0.5,0.4999982471745744,0.960205078125,0.994873046875,0.23193359375,0.5,False,0.5,0.5,0.500228794162062,0.991943359375,0.99609375,0.263671875,0.5,False,1.0,1.0,0.999735076677047,1.0,1.0,0.271728515625,1.0,True,Y
233,sham,0,45,True,0.49853515625,00000000,0,0.923828125,0.513671875,0.514404296875,0.5006329503790666,0.93359375,0.999755859375,0.384765625,0.5140380859375,False,0.515625,0.51318359375,0.5004561758837903,0.6005859375,0.706298828125,0.0517578125,0.514404296875,False,0.49853515625,0.5000406901041666,0.5000050246734293,0.528076171875,0.523193359375,-0.020751953125,0.4992879231770833,False,mixed_or_none
233,sham,1,46,True,0.501953125,00000000,0,0.9716796875,0.50146484375,0.501220703125,0.50056639428601,0.934326171875,0.999755859375,0.38037109375,0.5013427734375,False,0.505859375,0.50738525390625,0.5008397331257276,0.61181640625,0.709228515625,0.057861328125,0.506622314453125,False,0.501953125,0.5018717447916666,0.5000553386442268,0.533447265625,0.522705078125,-0.0205078125,0.5019124348958333,False,mixed_or_none
233,sham,2,47,True,0.500244140625,00000000,0,0.996337890625,0.500732421875,0.5008544921875,0.5005440515301567,0.938232421875,0.999755859375,0.3828125,0.50079345703125,False,0.502197265625,0.50189208984375,0.5012198115949954,0.616943359375,0.71044921875,0.0615234375,0.502044677734375,False,0.500244140625,0.5006103515625,0.5001050387558647,0.5341796875,0.5205078125,-0.021240234375,0.50042724609375,False,mixed_or_none
233,sham,3,48,True,0.500244140625,00000000,0,0.998779296875,0.500732421875,0.5006103515625,0.5006398564550417,0.939697265625,1.0,0.385498046875,0.50067138671875,False,0.500732421875,0.5006103515625,0.5016548086810412,0.6279296875,0.71337890625,0.07373046875,0.50067138671875,False,0.500244140625,0.5002848307291666,0.5001528371528895,0.537841796875,0.521484375,-0.016357421875,0.5002644856770833,False,mixed_or_none
233,sham,4,49,True,0.50048828125,00000000,0,0.998046875,0.5009765625,0.501220703125,0.5007820850736602,0.943115234375,1.0,0.378662109375,0.5010986328125,False,0.50146484375,0.5009765625,0.502122723817261,0.647216796875,0.715576171875,0.082763671875,0.501220703125,False,0.50048828125,0.5003662109375,0.5001954745353708,0.536865234375,0.523193359375,-0.027587890625,0.50042724609375,False,mixed_or_none
233,sham,5,50,True,0.50244140625,00000000,0,0.98779296875,0.505859375,0.5045166015625,0.5008634177400048,0.944091796875,1.0,0.38037109375,0.50518798828125,False,0.5078125,0.5069580078125,0.5026028113170078,0.671630859375,0.718994140625,0.10791015625,0.50738525390625,False,0.50244140625,0.5020751953125,0.5002330725120901,0.54150390625,0.5234375,-0.022216796875,0.50225830078125,False,mixed_or_none
233,sham,7,52,True,0.5185546875,00000000,0,0.830078125,0.5390625,0.5413818359375,0.5011084941983949,0.9326171875,1.0,0.36181640625,0.54022216796875,False,0.58203125,0.58050537109375,0.503534221610283,0.7119140625,0.72900390625,0.14111328125,0.581268310546875,False,0.5185546875,0.5129801432291666,0.5002997067943024,0.549560546875,0.52490234375,-0.021240234375,0.5157674153645833,False,mixed_or_none
233,sham,9,54,True,0.51318359375,00110011,51,0.646484375,0.5498046875,0.5499267578125,0.501451427161514,0.92529296875,0.999755859375,0.3564453125,0.54986572265625,False,0.646484375,0.64727783203125,0.5045365093809606,0.753662109375,0.739990234375,0.184814453125,0.646881103515625,False,0.51318359375,0.5115559895833334,0.5003650849075444,0.5615234375,0.528564453125,-0.00732421875,0.5123697916666667,False,mixed_or_none
233,sham,13,58,True,0.5009765625,11111111,255,0.869140625,0.49365234375,0.49609375,0.5012061419962079,0.919677734375,0.99951171875,0.34130859375,0.494873046875,False,0.607421875,0.6065673828125,0.5078417226662333,0.844482421875,0.769287109375,0.26611328125,0.60699462890625,False,0.5009765625,0.503173828125,0.5005419864405296,0.571533203125,0.53125,-0.0068359375,0.5020751953125,False,mixed_or_none
233,sham,17,62,True,0.505615234375,11111111,255,0.714599609375,0.494873046875,0.5020751953125,0.5009383862106414,0.918212890625,0.99951171875,0.316650390625,0.49847412109375,False,0.693603515625,0.69366455078125,0.5141989017684281,0.926025390625,0.798828125,0.324462890625,0.693634033203125,False,0.505615234375,0.5112711588541666,0.5008574650858408,0.572509765625,0.538330078125,-0.029052734375,0.5084431966145833,False,mixed_or_none
233,sham,24,69,True,0.517333984375,00110011,51,0.802978515625,0.508544921875,0.5118408203125,0.5011387232615128,0.94384765625,0.99853515625,0.318603515625,0.51019287109375,False,0.802978515625,0.79791259765625,0.5368733133225435,0.995849609375,0.862060546875,0.37060546875,0.800445556640625,False,0.517333984375,0.518310546875,0.5017200878289945,0.5712890625,0.551513671875,-0.053955078125,0.517822265625,False,mixed_or_none
233,sham,33,78,True,0.502685546875,00110011,51,0.969482421875,0.493408203125,0.493408203125,0.4982033745583642,0.939208984375,0.99853515625,0.27587890625,0.493408203125,False,0.969482421875,0.96893310546875,0.6089469266734229,1.0,0.940673828125,0.336669921875,0.969207763671875,True,0.502685546875,0.50390625,0.5039424242035692,0.58349609375,0.57568359375,-0.079833984375,0.5032958984375,False,Q
233,sham,45,90,True,0.50048828125,00110011,51,0.99951171875,0.49951171875,0.499755859375,0.5017090634045058,0.918212890625,0.998779296875,0.24365234375,0.4996337890625,False,0.99951171875,0.99957275390625,0.8040819137344122,1.0,0.999267578125,0.325439453125,0.999542236328125,True,0.50048828125,0.50048828125,0.5075894966945969,0.607421875,0.621826171875,-0.067138671875,0.50048828125,False,Q
233,sham,62,107,True,0.5,00110011,51,1.0,0.5,0.5,0.4980106148847424,0.898193359375,0.998779296875,0.219970703125,0.5,False,1.0,0.99981689453125,0.9205017164859584,1.0,1.0,0.32177734375,0.999908447265625,True,0.5,0.5000813802083334,0.5136259400358061,0.681396484375,0.78466796875,0.003173828125,0.5000406901041667,False,Q
233,sham,85,130,True,0.5478515625,00110011,51,0.9521484375,0.5029296875,0.50146484375,0.5014551364247645,0.91162109375,0.9970703125,0.2001953125,0.502197265625,False,0.9521484375,0.95184326171875,0.8328676089388789,1.0,1.0,0.28857421875,0.951995849609375,True,0.5478515625,0.54736328125,0.5749487364055426,0.880126953125,0.96728515625,0.168701171875,0.547607421875,False,Q
233,sham,117,162,True,0.760498046875,00010001,17,0.816650390625,0.500732421875,0.500732421875,0.49952344463817155,0.91845703125,0.991943359375,0.182861328125,0.500732421875,False,0.739501953125,0.74102783203125,0.7185932595055418,1.0,0.999755859375,0.264404296875,0.740264892578125,False,0.760498046875,0.7580973307291667,0.7404020867410935,0.99365234375,0.999755859375,0.258056640625,0.7592976888020834,False,mixed_or_none
233,sham,128,173,True,0.86865234375,01010101,85,0.86865234375,0.49560546875,0.494384765625,0.49591017715747415,0.92333984375,0.98974609375,0.190673828125,0.4949951171875,False,0.63134765625,0.6336669921875,0.669146494256289,1.0,0.999755859375,0.267333984375,0.63250732421875,False,0.86865234375,0.864990234375,0.802306651488659,0.999755859375,1.0,0.26708984375,0.8668212890625,False,mixed_or_none
233,sham,161,206,True,1.0,01010101,85,1.0,0.5,0.5,0.49861107954710604,0.953125,0.987060546875,0.218017578125,0.5,False,0.5,0.5,0.5352834628226301,0.99951171875,0.999267578125,0.264404296875,0.5,False,1.0,1.0,0.9587659722844373,1.0,1.0,0.264892578125,1.0,True,Y
233,sham,222,267,True,1.0,01010101,85,1.0,0.5,0.5,0.4998584231215789,0.9541015625,0.98388671875,0.228271484375,0.5,False,0.5,0.5,0.5074851184634338,0.9990234375,0.99755859375,0.273193359375,0.5,False,1.0,1.0,0.9912323233382547,1.0,1.0,0.274169921875,1.0,True,Y
233,sham,304,349,True,1.0,01010101,85,1.0,0.5,0.5,0.4999451935594556,0.950439453125,0.98193359375,0.227294921875,0.5,False,0.5,0.5,0.5030433941930224,0.997802734375,0.99755859375,0.274658203125,0.5,False,1.0,1.0,0.996433195195048,1.0,1.0,0.27685546875,1.0,True,Y
233,sham,418,463,True,1.0,01010101,85,1.0,0.5,0.5,0.49997845541894864,0.94775390625,0.9814453125,0.23046875,0.5,False,0.5,0.5,0.5014664624976657,0.99658203125,0.997314453125,0.279296875,0.5,False,1.0,1.0,0.9982872066222872,1.0,1.0,0.28271484375,1.0,True,Y
233,sham,575,620,True,1.0,01010101,85,1.0,0.5,0.5,0.4999879528592285,0.948486328125,0.981689453125,0.231201171875,0.5,False,0.5,0.5,0.5007315985205452,0.995361328125,0.996826171875,0.278076171875,0.5,False,1.0,1.0,0.9991449463123523,1.0,1.0,0.28271484375,1.0,True,Y
233,sham,790,835,True,1.0,01010101,85,1.0,0.5,0.5,0.49999366571465814,0.947265625,0.981201171875,0.2265625,0.5,False,0.5,0.5,0.5003795355330829,0.99365234375,0.996826171875,0.27294921875,0.5,False,1.0,1.0,0.9995573319077791,1.0,1.0,0.279296875,1.0,True,Y
233,sham,1024,1069,True,1.0,01010101,85,1.0,0.5,0.5,0.4999962187366451,0.947021484375,0.981201171875,0.22607421875,0.5,False,0.5,0.5,0.5002231646000972,0.9921875,0.99609375,0.271240234375,0.5,False,1.0,1.0,0.999740053286094,1.0,1.0,0.279052734375,1.0,True,Y
239,independent_carry,0,45,True,0.498291015625,00001111,15,0.992431640625,0.992431640625,0.9931640625,0.8686581944483543,1.0,1.0,0.390625,0.9927978515625,True,0.507568359375,0.50732421875,0.5632719917234765,0.947021484375,0.942138671875,0.337646484375,0.5074462890625,False,0.498291015625,0.4994710286458333,0.5013736525362289,0.531005859375,0.505615234375,-0.078369140625,0.49888102213541663,False,P
239,independent_carry,1,46,True,0.49755859375,00001111,15,0.99169921875,0.99169921875,0.9921875,0.858873687408992,1.0,1.0,0.392578125,0.991943359375,True,0.50830078125,0.5078125,0.5689312872100516,0.954345703125,0.947998046875,0.346923828125,0.508056640625,False,0.49755859375,0.499267578125,0.5014388176795004,0.528564453125,0.50634765625,-0.078857421875,0.4984130859375,False,P
239,independent_carry,2,47,True,0.49951171875,00001111,15,0.9931640625,0.9931640625,0.9923095703125,0.8457950901905824,1.0,1.0,0.390625,0.99273681640625,True,0.5068359375,0.50726318359375,0.575898659038985,0.96240234375,0.956298828125,0.35302734375,0.507049560546875,False,0.49951171875,0.5003255208333334,0.501509489070196,0.5263671875,0.50390625,-0.0830078125,0.4999186197916667,False,P
239,independent_carry,3,48,True,0.497802734375,00001111,15,0.989013671875,0.989013671875,0.98779296875,0.828875662808046,1.0,1.0,0.383056640625,0.9884033203125,True,0.510986328125,0.5118408203125,0.5841850782564904,0.968017578125,0.9619140625,0.35107421875,0.51141357421875,False,0.497802734375,0.4997151692708333,0.5015776286115128,0.52294921875,0.504150390625,-0.093994140625,0.49875895182291663,False,P
239,independent_carry,4,49,True,0.49951171875,00001111,15,0.9794921875,0.9794921875,0.97802734375,0.8079469639389518,1.0,1.0,0.38037109375,0.978759765625,True,0.5205078125,0.52099609375,0.59340557269056,0.97607421875,0.96875,0.3564453125,0.520751953125,False,0.49951171875,0.5002034505208334,0.5016611883658952,0.526123046875,0.503662109375,-0.093505859375,0.4998575846354167,False,P
239,independent_carry,5,50,True,0.5009765625,00001111,15,0.96044921875,0.96044921875,0.960205078125,0.7844661957283725,1.0,1.0,0.38134765625,0.9603271484375,True,0.53955078125,0.5386962890625,0.6027427933952878,0.98193359375,0.9736328125,0.36328125,0.53912353515625,False,0.5009765625,0.5015462239583334,0.5017270651225159,0.52734375,0.506591796875,-0.09130859375,0.5012613932291667,False,P
239,independent_carry,7,52,True,0.50537109375,00001111,15,0.9033203125,0.9033203125,0.9031982421875,0.7340961560350578,0.999755859375,1.0,0.37939453125,0.90325927734375,True,0.5966796875,0.5960693359375,0.6192924158733848,0.98828125,0.984130859375,0.367919921875,0.59637451171875,False,0.50537109375,0.501953125,0.5017774945406216,0.53271484375,0.513427734375,-0.087646484375,0.503662109375,False,P
239,independent_carry,9,54,True,0.5068359375,00000011,3,0.86279296875,0.85205078125,0.8533935546875,0.6894175512999832,0.999267578125,1.0,0.372314453125,0.85272216796875,False,0.64794921875,0.64581298828125,0.6342797211709772,0.992431640625,0.991943359375,0.365478515625,0.646881103515625,False,0.5068359375,0.50244140625,0.5018439091912998,0.545166015625,0.5166015625,-0.081787109375,0.504638671875,False,mixed_or_none
239,independent_carry,13,58,True,0.501708984375,00110011,51,0.851318359375,0.648681640625,0.65087890625,0.6159578064342877,0.9970703125,0.99951171875,0.370849609375,0.6497802734375,False,0.851318359375,0.84765625,0.6602244188811173,0.998779296875,0.998779296875,0.37255859375,0.8494873046875,False,0.501708984375,0.5008138020833334,0.5018792889843545,0.548828125,0.52099609375,-0.077392578125,0.5012613932291667,False,mixed_or_none
239,independent_carry,17,62,True,0.506103515625,00110011,51,0.923583984375,0.574951171875,0.57666015625,0.5645472026554554,0.997314453125,0.999267578125,0.377685546875,0.5758056640625,False,0.923583984375,0.9227294921875,0.6817640014868089,1.0,1.0,0.38037109375,0.92315673828125,True,0.506103515625,0.5028483072916666,0.5018908839840965,0.55859375,0.536376953125,-0.06103515625,0.5044759114583333,False,Q
239,independent_carry,24,69,True,0.5,00110011,51,0.9990234375,0.5009765625,0.5008544921875,0.5219808145011166,0.994873046875,0.99853515625,0.359619140625,0.50091552734375,False,0.9990234375,0.99859619140625,0.7445397236019644,1.0,1.0,0.36474609375,0.998809814453125,True,0.5,0.5001220703125,0.5019620222378807,0.56396484375,0.545654296875,-0.0712890625,0.50006103515625,False,Q
239,independent_carry,33,78,True,0.5,00110011,51,1.0,0.5,0.5,0.5016564298298528,0.992431640625,0.999267578125,0.352783203125,0.5,False,1.0,1.0,0.8389334951480183,1.0,1.0,0.3603515625,1.0,True,0.5,0.5,0.5025565848625795,0.588134765625,0.560302734375,-0.051513671875,0.5,False,Q
239,independent_carry,45,90,True,0.5,00110011,51,1.0,0.5,0.5,0.5008521509315663,0.989501953125,0.999267578125,0.33740234375,0.5,False,1.0,1.0,0.902558207117516,1.0,1.0,0.347900390625,1.0,True,0.5,0.5,0.5034651605155982,0.60791015625,0.593017578125,-0.044189453125,0.5,False,Q
239,independent_carry,62,107,True,0.5,00110011,51,1.0,0.5,0.5,0.5022440448631416,0.986328125,0.999267578125,0.32568359375,0.5,False,1.0,1.0,0.9042033817768185,1.0,1.0,0.33935546875,1.0,True,0.5,0.5,0.5076777631847524,0.65234375,0.68310546875,-0.00830078125,0.5,False,Q
239,independent_carry,85,130,True,0.5,00110011,51,1.0,0.5,0.5,0.4992788134061714,0.98974609375,0.999267578125,0.309814453125,0.5,False,1.0,1.0,0.8789575238178349,1.0,1.0,0.320068359375,1.0,True,0.5,0.5,0.5228389374248517,0.7421875,0.73779296875,0.062255859375,0.5,False,Q
239,independent_carry,117,162,True,0.54833984375,00110011,51,0.95166015625,0.4951171875,0.4959716796875,0.5008585506579779,0.98095703125,0.9990234375,0.28076171875,0.49554443359375,False,0.95166015625,0.9525146484375,0.851182323460181,1.0,1.0,0.2998046875,0.95208740234375,True,0.54833984375,0.5487060546875,0.5696487755489373,0.887939453125,0.839599609375,0.187744140625,0.54852294921875,False,Q
239,independent_carry,128,173,True,0.601806640625,00110011,51,0.898193359375,0.500732421875,0.496337890625,0.5022480216615919,0.974365234375,0.998291015625,0.28125,0.49853515625,False,0.898193359375,0.8990478515625,0.8274733539385722,0.999755859375,1.0,0.306640625,0.89862060546875,False,0.601806640625,0.6028645833333334,0.6014679901516082,0.94091796875,0.878662109375,0.247802734375,0.6023356119791667,False,mixed_or_none
239,independent_carry,161,206,True,0.736328125,01110111,119,0.81298828125,0.494140625,0.49267578125,0.5000672545596008,0.9609375,0.994873046875,0.258056640625,0.493408203125,False,0.763671875,0.76348876953125,0.726513571782573,0.999755859375,1.0,0.296875,0.763580322265625,False,0.736328125,0.7379150390625,0.7354695790610523,1.0,0.99853515625,0.297119140625,0.73712158203125,False,mixed_or_none
239,independent_carry,222,267,True,1.0,01010101,85,1.0,0.5,0.5,0.5000867544774301,0.963134765625,0.99755859375,0.255859375,0.5,False,0.5,0.5,0.5181120061382676,1.0,1.0,0.292724609375,0.5,False,1.0,1.0,0.9797702851284391,1.0,1.0,0.292724609375,1.0,True,Y
239,independent_carry,304,349,True,1.0,01010101,85,1.0,0.5,0.5,0.4999877032557548,0.967041015625,0.99658203125,0.25634765625,0.5,False,0.5,0.5,0.5038864989450107,1.0,1.0,0.289306640625,0.5,False,1.0,1.0,0.9956483321127787,1.0,1.0,0.289306640625,1.0,True,Y
239,independent_carry,418,463,True,1.0,01010101,85,1.0,0.5,0.5,0.5000017856829407,0.9697265625,0.996337890625,0.257568359375,0.5,False,0.5,0.5,0.5014822192566909,1.0,1.0,0.287841796875,0.5,False,1.0,1.0,0.9983411834274702,1.0,1.0,0.287841796875,1.0,True,Y
239,independent_carry,575,620,True,1.0,01010101,85,1.0,0.5,0.5,0.5000017385584673,0.969970703125,0.995849609375,0.25244140625,0.5,False,0.5,0.5,0.5006624279015958,1.0,1.0,0.282470703125,0.5,False,1.0,1.0,0.9992596668732765,1.0,1.0,0.282470703125,1.0,True,Y
239,independent_carry,790,835,True,1.0,01010101,85,1.0,0.5,0.5,0.5000011293280823,0.97021484375,0.99609375,0.251708984375,0.5,False,0.5,0.5,0.5003165101010267,1.0,1.0,0.281494140625,0.5,False,1.0,1.0,0.9996465614305448,1.0,1.0,0.281494140625,1.0,True,Y
239,independent_carry,1024,1069,True,1.0,01010101,85,1.0,0.5,0.5,0.5000015585592598,0.97021484375,0.99609375,0.25048828125,0.5,False,0.5,0.5,0.5001781672850751,1.0,1.0,0.2802734375,0.5,False,1.0,1.0,0.9998011525530015,1.0,1.0,0.2802734375,1.0,True,Y
239,independent_reset,0,45,True,0.498291015625,00001111,15,0.992431640625,0.992431640625,0.9931640625,0.8686581944483543,1.0,1.0,0.390625,0.9927978515625,True,0.507568359375,0.50732421875,0.5632719917234765,0.947021484375,0.942138671875,0.337646484375,0.5074462890625,False,0.498291015625,0.4994710286458333,0.5013736525362289,0.531005859375,0.505615234375,-0.078369140625,0.49888102213541663,False,P
239,independent_reset,1,46,True,0.499755859375,00001111,15,0.989501953125,0.989501953125,0.989990234375,0.8501069463740563,1.0,1.0,0.389404296875,0.98974609375,True,0.510498046875,0.5101318359375,0.5703771114859203,0.953369140625,0.9462890625,0.3427734375,0.51031494140625,False,0.499755859375,0.5004069010416666,0.5014949366491108,0.52978515625,0.5048828125,-0.080810546875,0.5000813802083333,False,P
239,independent_reset,2,47,True,0.501708984375,00001111,15,0.991455078125,0.991455078125,0.9901123046875,0.8328734554539374,1.0,1.0,0.384521484375,0.99078369140625,True,0.508544921875,0.50921630859375,0.5772975016784321,0.958251953125,0.950439453125,0.3427734375,0.508880615234375,False,0.501708984375,0.5019124348958334,0.5015646963080062,0.529052734375,0.505859375,-0.08642578125,0.5018107096354167,False,P
239,independent_reset,3,48,True,0.498779296875,00001111,15,0.988525390625,0.988525390625,0.9876708984375,0.8147763261983818,1.0,1.0,0.3837890625,0.98809814453125,True,0.511474609375,0.5120849609375,0.5842817715571996,0.96337890625,0.954345703125,0.34716796875,0.51177978515625,False,0.498779296875,0.5003255208333334,0.5016113176793776,0.52587890625,0.5068359375,-0.09033203125,0.4995524088541667,False,P
239,independent_reset,4,49,True,0.500244140625,00001111,15,0.981201171875,0.981201171875,0.9793701171875,0.7945484749425007,1.0,1.0,0.384521484375,0.98028564453125,True,0.518798828125,0.5196533203125,0.5913275890840849,0.968505859375,0.959716796875,0.35302734375,0.51922607421875,False,0.500244140625,0.5015462239583334,0.5016629483429144,0.524169921875,0.5078125,-0.09130859375,0.5008951822916667,False,P
239,independent_reset,5,50,True,0.502685546875,00001111,15,0.969970703125,0.969970703125,0.9688720703125,0.7737841907697562,1.0,1.0,0.38623046875,0.96942138671875,True,0.530029296875,0.530517578125,0.5978851604544113,0.970947265625,0.964111328125,0.357177734375,0.5302734375,False,0.502685546875,0.5023193359375,0.5017003096669016,0.52685546875,0.51220703125,-0.0869140625,0.50250244140625,False,P
239,independent_reset,7,52,True,0.5029296875,00001111,15,0.9267578125,0.9267578125,0.9254150390625,0.7326858262159905,1.0,1.0,0.38818359375,0.92608642578125,True,0.5732421875,0.57391357421875,0.6087140109789577,0.98095703125,0.971435546875,0.369140625,0.573577880859375,False,0.5029296875,0.5006103515625,0.5017175478020294,0.528564453125,0.51513671875,-0.083251953125,0.50177001953125,False,P
239,independent_reset,9,54,True,0.506103515625,00001111,15,0.890380859375,0.890380859375,0.888916015625,0.6962756993657511,0.99951171875,1.0,0.385986328125,0.8896484375,False,0.609619140625,0.6099853515625,0.618027101336397,0.985595703125,0.980224609375,0.3720703125,0.60980224609375,False,0.506103515625,0.5037027994791666,0.5017651735079952,0.538330078125,0.514404296875,-0.0751953125,0.5049031575520833,False,mixed_or_none
239,independent_reset,13,58,True,0.505126953125,00001111,15,0.761962890625,0.761962890625,0.763671875,0.637481459447707,0.9990234375,0.99951171875,0.38427734375,0.7628173828125,False,0.738037109375,0.7353515625,0.6347919473658833,0.993896484375,0.990966796875,0.379150390625,0.7366943359375,False,0.505126953125,0.5057373046875,0.5018681743555085,0.5380859375,0.51416015625,-0.07666015625,0.50543212890625,False,mixed_or_none
239,independent_reset,17,62,True,0.50048828125,00111111,63,0.8759765625,0.6455078125,0.641357421875,0.5929682697363725,0.997802734375,0.99951171875,0.383056640625,0.6434326171875,False,0.8544921875,0.85467529296875,0.6494680925500412,0.999755859375,0.99853515625,0.385009765625,0.854583740234375,False,0.50048828125,0.5002034505208334,0.5019401803367471,0.54931640625,0.52587890625,-0.0654296875,0.5003458658854167,False,mixed_or_none
239,independent_reset,24,69,True,0.49853515625,00110011,51,0.99072265625,0.50927734375,0.509765625,0.5520381062738527,0.998291015625,0.999755859375,0.376220703125,0.509521484375,False,0.99072265625,0.9903564453125,0.6912666058132613,1.0,1.0,0.3779296875,0.99053955078125,True,0.49853515625,0.4998372395833333,0.502180268906885,0.564697265625,0.5361328125,-0.057373046875,0.49918619791666663,False,Q
239,independent_reset,33,78,True,0.5,00110011,51,1.0,0.5,0.500244140625,0.5266329045617835,0.9970703125,0.999755859375,0.37158203125,0.5001220703125,False,1.0,0.9996337890625,0.7657362396417422,1.0,1.0,0.37451171875,0.99981689453125,True,0.5,0.5001627604166666,0.5027895605994901,0.57861328125,0.54052734375,-0.046875,0.5000813802083333,False,Q
239,independent_reset,45,90,True,0.5,00110011,51,1.0,0.5,0.5,0.5126023601988159,0.9951171875,1.0,0.357421875,0.5,False,1.0,1.0,0.8611740400555862,1.0,1.0,0.3623046875,1.0,True,0.5,0.5,0.503691990439784,0.5947265625,0.56396484375,-0.04296875,0.5,False,Q
239,independent_reset,62,107,True,0.5,00110011,51,1.0,0.5,0.5,0.504555296519295,0.99462890625,1.0,0.3359375,0.5,False,1.0,1.0,0.908254610121537,1.0,1.0,0.34130859375,1.0,True,0.5,0.5,0.5062618929350479,0.639404296875,0.635009765625,-0.019287109375,0.5,False,Q
239,independent_reset,85,130,True,0.5,00110011,51,1.0,0.5,0.5,0.49723469339565496,0.9951171875,1.0,0.32666015625,0.5,False,1.0,1.0,0.885508300970746,1.0,1.0,0.33154296875,1.0,True,0.5,0.5,0.5181796540712309,0.724609375,0.73486328125,0.05615234375,0.5,False,Q
239,independent_reset,117,162,True,0.531982421875,00110011,51,0.968017578125,0.498291015625,0.5,0.5034120781988736,0.991943359375,1.0,0.308349609375,0.4991455078125,False,0.968017578125,0.96881103515625,0.8564700120121601,1.0,1.0,0.31640625,0.968414306640625,True,0.531982421875,0.53173828125,0.5616148301253524,0.823486328125,0.822509765625,0.139892578125,0.5318603515625,False,Q
239,independent_reset,128,173,True,0.580078125,00110011,51,0.919921875,0.50341796875,0.50048828125,0.5033383497120283,0.98681640625,1.0,0.30322265625,0.501953125,False,0.919921875,0.92144775390625,0.8388439357447641,1.0,1.0,0.31640625,0.920684814453125,True,0.580078125,0.5809733072916666,0.586489199859749,0.876220703125,0.8515625,0.192626953125,0.5805257161458333,False,Q
239,independent_reset,161,206,True,0.6689453125,00110011,51,0.8310546875,0.48681640625,0.4840087890625,0.49738498590503566,0.984130859375,0.998779296875,0.297119140625,0.48541259765625,False,0.8310546875,0.831298828125,0.7679877201804629,1.0,1.0,0.31298828125,0.8311767578125,False,0.6689453125,0.6690673828125,0.684442213713552,0.997802734375,0.98876953125,0.310791015625,0.66900634765625,False,mixed_or_none
239,independent_reset,222,267,True,1.0,01010101,85,1.0,0.5,0.5,0.5006840585421022,0.98046875,0.99853515625,0.288818359375,0.5,False,0.5,0.5,0.5312281464844704,0.999755859375,1.0,0.30810546875,0.5,False,1.0,1.0,0.9650410249310821,1.0,1.0,0.308349609375,1.0,True,Y
239,independent_reset,304,349,True,1.0,01010101,85,1.0,0.5,0.5,0.5000004594884077,0.983154296875,0.999267578125,0.2890625,0.5,False,0.5,0.5,0.5071031263144901,0.9990234375,1.0,0.304931640625,0.5,False,1.0,1.0,0.9920686247520196,1.0,1.0,0.305908203125,1.0,True,Y
239,independent_reset,418,463,True,1.0,01010101,85,1.0,0.5,0.5,0.5000094359821695,0.983154296875,0.9990234375,0.284423828125,0.5,False,0.5,0.5,0.5028732644902489,0.9990234375,1.0,0.30029296875,0.5,False,1.0,1.0,0.9967938230564473,1.0,1.0,0.30126953125,1.0,True,Y
239,independent_reset,575,620,True,1.0,01010101,85,1.0,0.5,0.5,0.49999658997724133,0.98291015625,0.9990234375,0.283447265625,0.5,False,0.5,0.5,0.5013330360570575,0.999267578125,1.0,0.2998046875,0.5,False,1.0,1.0,0.9985114248291573,1.0,1.0,0.300537109375,1.0,True,Y
239,independent_reset,790,835,True,1.0,01010101,85,1.0,0.5,0.5,0.4999959534700279,0.9833984375,0.999267578125,0.284423828125,0.5,False,0.5,0.5,0.5006550132981956,0.999267578125,1.0,0.30029296875,0.5,False,1.0,1.0,0.9992682211737838,1.0,1.0,0.301025390625,1.0,True,Y
239,independent_reset,1024,1069,True,1.0,01010101,85,1.0,0.5,0.5,0.49999952822294025,0.9833984375,0.999267578125,0.285400390625,0.5,False,0.5,0.5,0.5003752062211256,0.999755859375,1.0,0.3017578125,0.5,False,1.0,1.0,0.9995806093802175,1.0,1.0,0.302001953125,1.0,True,Y
239,nested_carry,0,45,True,0.5,00001111,15,0.99951171875,0.99951171875,0.99951171875,0.8653312156536244,1.0,1.0,0.405517578125,0.99951171875,True,0.50048828125,0.50042724609375,0.520924479456214,0.768310546875,0.7763671875,0.173828125,0.500457763671875,False,0.5,0.5,0.5014520660694618,0.5419921875,0.511474609375,-0.052490234375,0.5,False,P
239,nested_carry,1,46,True,0.50048828125,00001111,15,0.99951171875,0.99951171875,0.99951171875,0.8537866969574809,1.0,1.0,0.404296875,0.99951171875,True,0.50048828125,0.50042724609375,0.5217962050087279,0.772705078125,0.775146484375,0.177001953125,0.500457763671875,False,0.50048828125,0.5001220703125,0.5015618981184661,0.54296875,0.506591796875,-0.052734375,0.50030517578125,False,P
239,nested_carry,2,47,True,0.50048828125,00001111,15,0.99951171875,0.99951171875,0.9996337890625,0.838302174462775,1.0,1.0,0.408203125,0.99957275390625,True,0.50048828125,0.500244140625,0.5230315229968358,0.78173828125,0.77880859375,0.18994140625,0.5003662109375,False,0.50048828125,0.5002034505208334,0.5016785311568575,0.54296875,0.506103515625,-0.048828125,0.5003458658854167,False,P
239,nested_carry,3,48,True,0.5,00001111,15,0.99951171875,0.99951171875,0.9996337890625,0.8187166740476294,1.0,1.0,0.40673828125,0.99957275390625,True,0.50048828125,0.500244140625,0.524582645055072,0.781494140625,0.783447265625,0.188232421875,0.5003662109375,False,0.5,0.5,0.5017914800982175,0.537841796875,0.50927734375,-0.055419921875,0.5,False,P
239,nested_carry,4,49,True,0.499755859375,00001111,15,0.999267578125,0.999267578125,0.99951171875,0.7950857529953903,1.0,1.0,0.410400390625,0.9993896484375,True,0.500732421875,0.50067138671875,0.5262922805166897,0.787841796875,0.788330078125,0.1982421875,0.500701904296875,False,0.499755859375,0.5000406901041666,0.5018997981375646,0.5390625,0.5087890625,-0.050537109375,0.4998982747395833,False,P
239,nested_carry,5,50,True,0.500244140625,00001111,15,0.998779296875,0.998779296875,0.998779296875,0.7685460937053733,1.0,1.0,0.407958984375,0.998779296875,True,0.501220703125,0.50146484375,0.527862532487954,0.792724609375,0.7919921875,0.20068359375,0.5013427734375,False,0.500244140625,0.500244140625,0.5020024655558203,0.542236328125,0.50732421875,-0.0498046875,0.500244140625,False,P
239,nested_carry,7,52,True,0.49951171875,00001111,15,0.99169921875,0.99169921875,0.99169921875,0.7112559047299565,1.0,1.0,0.411376953125,0.99169921875,True,0.50830078125,0.508056640625,0.5297946473975057,0.800537109375,0.80615234375,0.2119140625,0.5081787109375,False,0.49951171875,0.5008951822916666,0.5021553233462498,0.5576171875,0.51416015625,-0.031005859375,0.5002034505208333,False,P
239,nested_carry,9,54,True,0.49951171875,00001111,15,0.97802734375,0.97802734375,0.9775390625,0.6580150876877631,1.0,1.0,0.403564453125,0.977783203125,True,0.521484375,0.52069091796875,0.5298056167711356,0.80078125,0.822509765625,0.204345703125,0.521087646484375,False,0.49951171875,0.5005289713541666,0.5021556956982249,0.568359375,0.51611328125,-0.028076171875,0.5000203450520833,False,P
239,nested_carry,13,58,True,0.50439453125,00001111,15,0.93408203125,0.93408203125,0.9307861328125,0.5851094711239019,0.9931640625,1.0,0.377197265625,0.93243408203125,True,0.56201171875,0.56085205078125,0.5273077418789056,0.819580078125,0.8544921875,0.20361328125,0.561431884765625,False,0.50439453125,0.5034993489583334,0.5019203205853799,0.578369140625,0.523681640625,-0.03759765625,0.5039469401041667,False,P
239,nested_carry,17,62,True,0.508544921875,00001111,15,0.870361328125,0.870361328125,0.870361328125,0.5469011921030744,0.978759765625,0.99951171875,0.345947265625,0.870361328125,False,0.622802734375,0.6195068359375,0.5253251274576819,0.8583984375,0.881591796875,0.2255859375,0.62115478515625,False,0.508544921875,0.5087890625,0.501788909289805,0.583740234375,0.53369140625,-0.049072265625,0.5086669921875,False,mixed_or_none
239,nested_carry,24,69,True,0.516357421875,00111111,63,0.849853515625,0.687255859375,0.6865234375,0.5255400651857494,0.9599609375,0.9990234375,0.337158203125,0.6868896484375,False,0.765869140625,0.762451171875,0.5316372200649812,0.936279296875,0.933349609375,0.3134765625,0.76416015625,False,0.516357421875,0.5156656901041666,0.5020097323368787,0.585205078125,0.54150390625,-0.03759765625,0.5160115559895833,False,mixed_or_none
239,nested_carry,33,78,True,0.51220703125,00110011,51,0.89697265625,0.59521484375,0.5928955078125,0.5270341998128655,0.95458984375,0.998779296875,0.318359375,0.59405517578125,False,0.89697265625,0.89654541015625,0.560014874021946,0.985595703125,0.9833984375,0.349365234375,0.896759033203125,False,0.51220703125,0.5094807942708334,0.5030572962274584,0.585205078125,0.550537109375,-0.051025390625,0.5108439127604167,False,mixed_or_none
239,nested_carry,45,90,True,0.51220703125,00110011,51,0.98388671875,0.51611328125,0.5152587890625,0.5414025835823144,0.970947265625,0.9990234375,0.32470703125,0.51568603515625,False,0.98388671875,0.9844970703125,0.6570263888357446,0.999755859375,1.0,0.353515625,0.98419189453125,True,0.51220703125,0.5098470052083334,0.5054483864968713,0.622802734375,0.57958984375,-0.0234375,0.5110270182291667,False,Q
239,nested_carry,62,107,True,0.5,00110011,51,1.0,0.5,0.5,0.5232396248431804,0.992431640625,1.0,0.346923828125,0.5,False,1.0,1.0,0.8641748856513389,1.0,1.0,0.3544921875,1.0,True,0.5,0.5,0.5076238356158516,0.6396484375,0.67138671875,-0.005859375,0.5,False,Q
239,nested_carry,85,130,True,0.5,00110011,51,1.0,0.5,0.5,0.49812502934196934,0.99609375,1.0,0.342041015625,0.5,False,1.0,1.0,0.8951560131348202,1.0,1.0,0.345947265625,1.0,True,0.5,0.5,0.524934940769991,0.805419921875,0.951171875,0.1513671875,0.5,False,Q
239,nested_carry,117,162,True,0.623779296875,00110011,51,0.876220703125,0.503173828125,0.501953125,0.5033106127857482,0.994873046875,1.0,0.31103515625,0.5025634765625,False,0.876220703125,0.87554931640625,0.7919565418981767,1.0,1.0,0.316162109375,0.875885009765625,False,0.623779296875,0.6253662109375,0.6490798639331742,0.9990234375,0.99853515625,0.315185546875,0.62457275390625,False,mixed_or_none
239,nested_carry,128,173,True,0.728271484375,00010001,17,0.799560546875,0.510498046875,0.5096435546875,0.5071392734677932,0.993896484375,1.0,0.29443359375,0.51007080078125,False,0.771728515625,0.77056884765625,0.7406480927783532,1.0,1.0,0.300537109375,0.771148681640625,False,0.728271484375,0.7274983723958334,0.7173864748822262,1.0,0.999755859375,0.300537109375,0.7278849283854167,False,mixed_or_none
239,nested_carry,161,206,True,0.987548828125,01010101,85,0.987548828125,0.496337890625,0.4996337890625,0.49591204800663663,0.994873046875,0.998779296875,0.306396484375,0.49798583984375,False,0.512451171875,0.51263427734375,0.5731398556607292,0.999755859375,1.0,0.311279296875,0.512542724609375,False,0.987548828125,0.9866536458333333,0.9160911402763494,1.0,1.0,0.3115234375,0.9871012369791666,True,Y
239,nested_carry,222,267,True,1.0,01010101,85,1.0,0.5,0.5,0.5000143158298387,0.9931640625,0.999267578125,0.289794921875,0.5,False,0.5,0.5,0.5127107227405853,0.999267578125,1.0,0.2958984375,0.5,False,1.0,1.0,0.9856409650107607,1.0,1.0,0.296630859375,1.0,True,Y
239,nested_carry,304,349,True,1.0,01010101,85,1.0,0.5,0.5,0.49988703073699886,0.9931640625,0.99951171875,0.27783203125,0.5,False,0.5,0.5,0.5046802728715998,0.999267578125,1.0,0.283935546875,0.5,False,1.0,1.0,0.9947009765889596,1.0,1.0,0.28466796875,1.0,True,Y
239,nested_carry,418,463,True,1.0,01010101,85,1.0,0.5,0.5,0.49994555344655195,0.99267578125,0.99951171875,0.270751953125,0.5,False,0.5,0.5,0.5020934014296229,0.998779296875,1.0,0.27685546875,0.5,False,1.0,1.0,0.997627792492126,1.0,1.0,0.278076171875,1.0,True,Y
239,nested_carry,575,620,True,1.0,01010101,85,1.0,0.5,0.5,0.49996788105735857,0.992919921875,0.99951171875,0.27197265625,0.5,False,0.5,0.5,0.5009973751304924,0.998779296875,1.0,0.27783203125,0.5,False,1.0,1.0,0.9988668013875865,1.0,1.0,0.279052734375,1.0,True,Y
239,nested_carry,790,835,True,1.0,01010101,85,1.0,0.5,0.5,0.4999851002432858,0.991455078125,0.999267578125,0.2685546875,0.5,False,0.5,0.5,0.5004915099006727,0.998779296875,1.0,0.27587890625,0.5,False,1.0,1.0,0.9994397135059758,1.0,1.0,0.277099609375,1.0,True,Y
239,nested_carry,1024,1069,True,1.0,01010101,85,1.0,0.5,0.5,0.4999926446941172,0.9912109375,0.999267578125,0.265869140625,0.5,False,0.5,0.5,0.5002801939660413,0.9990234375,1.0,0.273681640625,0.5,False,1.0,1.0,0.9996798856246809,1.0,1.0,0.274658203125,1.0,True,Y
239,nested_reset,0,45,True,0.5,00001111,15,0.99951171875,0.99951171875,0.99951171875,0.8653312156536244,1.0,1.0,0.405517578125,0.99951171875,True,0.50048828125,0.50042724609375,0.520924479456214,0.768310546875,0.7763671875,0.173828125,0.500457763671875,False,0.5,0.5,0.5014520660694618,0.5419921875,0.511474609375,-0.052490234375,0.5,False,P
239,nested_reset,1,46,True,0.499755859375,00001111,15,0.998779296875,0.998779296875,0.9990234375,0.8439716141120408,1.0,1.0,0.404296875,0.9989013671875,True,0.501220703125,0.5010986328125,0.5231873983242917,0.77783203125,0.783203125,0.18212890625,0.50115966796875,False,0.499755859375,0.4999186197916667,0.5016067697899915,0.544677734375,0.5078125,-0.051025390625,0.49983723958333337,False,P
239,nested_reset,2,47,True,0.500244140625,00001111,15,0.999267578125,0.999267578125,0.9991455078125,0.8231263484327772,1.0,1.0,0.409423828125,0.99920654296875,True,0.500732421875,0.5008544921875,0.525145243254615,0.783935546875,0.784912109375,0.193359375,0.50079345703125,False,0.500244140625,0.5002848307291666,0.50171583107007,0.545654296875,0.50927734375,-0.044921875,0.5002644856770833,False,P
239,nested_reset,3,48,True,0.5,00001111,15,0.99853515625,0.99853515625,0.998779296875,0.801469546444388,1.0,1.0,0.412109375,0.9986572265625,True,0.50146484375,0.50115966796875,0.5270378354134774,0.79150390625,0.786376953125,0.20361328125,0.501312255859375,False,0.5,0.5003255208333334,0.5017959750815153,0.54736328125,0.510009765625,-0.04052734375,0.5001627604166667,False,P
239,nested_reset,4,49,True,0.499755859375,00001111,15,0.998291015625,0.998291015625,0.9981689453125,0.7781792968787843,1.0,1.0,0.4130859375,0.99822998046875,True,0.501708984375,0.50146484375,0.528860321836775,0.7998046875,0.791259765625,0.212890625,0.5015869140625,False,0.499755859375,0.5001220703125,0.5018683918615283,0.54345703125,0.50927734375,-0.04345703125,0.49993896484375,False,P
239,nested_reset,5,50,True,0.49951171875,00001111,15,0.99853515625,0.99853515625,0.9979248046875,0.7544554130786894,1.0,1.0,0.411865234375,0.99822998046875,True,0.50146484375,0.5018310546875,0.5304098003191106,0.80322265625,0.795654296875,0.215087890625,0.50164794921875,False,0.49951171875,0.5,0.5019342963850156,0.5419921875,0.510498046875,-0.046142578125,0.499755859375,False,P
239,nested_reset,7,52,True,0.5,00001111,15,0.99169921875,0.99169921875,0.9923095703125,0.70745813364179,1.0,1.0,0.403076171875,0.99200439453125,True,0.50830078125,0.50750732421875,0.532472197872847,0.81591796875,0.81005859375,0.218994140625,0.507904052734375,False,0.5,0.5008138020833334,0.5020380678198847,0.547119140625,0.51220703125,-0.0498046875,0.5004069010416667,False,P
239,nested_reset,9,54,True,0.499755859375,00001111,15,0.982177734375,0.982177734375,0.98193359375,0.66415806326164,1.0,1.0,0.392578125,0.9820556640625,True,0.517822265625,0.51727294921875,0.53324612077839,0.82177734375,0.826171875,0.21435546875,0.517547607421875,False,0.499755859375,0.5005289713541666,0.5020753783481818,0.56298828125,0.513916015625,-0.04443359375,0.5001424153645833,False,P
239,nested_reset,13,58,True,0.503662109375,00001111,15,0.944580078125,0.944580078125,0.943359375,0.600987331649698,0.9970703125,1.0,0.37646484375,0.9439697265625,True,0.553955078125,0.5526123046875,0.5328865825654518,0.844970703125,0.851318359375,0.224365234375,0.55328369140625,False,0.503662109375,0.5037027994791666,0.5020121691219802,0.56640625,0.518310546875,-0.05419921875,0.5036824544270833,False,P
239,nested_reset,17,62,True,0.509033203125,00001111,15,0.882080078125,0.882080078125,0.8828125,0.5633728225266769,0.993896484375,1.0,0.381103515625,0.8824462890625,False,0.611572265625,0.60736083984375,0.5325984599536857,0.8828125,0.878173828125,0.27001953125,0.609466552734375,False,0.509033203125,0.5088297526041666,0.501929052599261,0.57568359375,0.5224609375,-0.037109375,0.5089314778645833,False,mixed_or_none
239,nested_reset,24,69,True,0.51318359375,00111111,63,0.83544921875,0.71826171875,0.7174072265625,0.5379117754679015,0.9833984375,0.999267578125,0.365478515625,0.71783447265625,False,0.7548828125,0.7501220703125,0.5397832027621012,0.947021484375,0.924072265625,0.3291015625,0.75250244140625,False,0.51318359375,0.5139973958333334,0.5020819861429837,0.588134765625,0.529296875,-0.02978515625,0.5135904947916667,False,mixed_or_none
239,nested_reset,33,78,True,0.513427734375,00110011,51,0.881591796875,0.614990234375,0.6148681640625,0.5365045726310725,0.977783203125,0.99951171875,0.343017578125,0.61492919921875,False,0.881591796875,0.88140869140625,0.5677076933191457,0.98828125,0.9775390625,0.353515625,0.881500244140625,False,0.513427734375,0.5108642578125,0.5028211034599916,0.584716796875,0.53466796875,-0.050048828125,0.51214599609375,False,mixed_or_none
239,nested_reset,45,90,True,0.507080078125,00110011,51,0.982666015625,0.517333984375,0.5167236328125,0.550982169275953,0.9912109375,0.999267578125,0.3505859375,0.51702880859375,False,0.982666015625,0.98291015625,0.6558805130851431,1.0,0.999755859375,0.359375,0.9827880859375,True,0.507080078125,0.50634765625,0.5044385724791911,0.588623046875,0.56396484375,-0.052001953125,0.5067138671875,False,Q
239,nested_reset,62,107,True,0.5,00110011,51,1.0,0.5,0.5,0.5307981176139374,0.99853515625,1.0,0.349365234375,0.5,False,1.0,1.0,0.8484228106251075,1.0,1.0,0.350830078125,1.0,True,0.5,0.5,0.5067171001653755,0.6279296875,0.64404296875,-0.021240234375,0.5,False,Q
239,nested_reset,85,130,True,0.5,00110011,51,1.0,0.5,0.5,0.4950260447652049,0.99853515625,1.0,0.32763671875,0.5,False,1.0,1.0,0.9012617389081882,1.0,1.0,0.3291015625,1.0,True,0.5,0.5,0.5181152618685955,0.771728515625,0.89990234375,0.100830078125,0.5,False,Q
239,nested_reset,117,162,True,0.568115234375,00110011,51,0.931884765625,0.499755859375,0.5020751953125,0.504980936198183,0.99853515625,1.0,0.298583984375,0.50091552734375,False,0.931884765625,0.9300537109375,0.8174155160023319,1.0,1.0,0.300048828125,0.93096923828125,True,0.568115234375,0.5696207682291666,0.6124817021002844,0.9775390625,0.998779296875,0.277587890625,0.5688680013020833,False,Q
239,nested_reset,128,173,True,0.652587890625,00110011,51,0.847412109375,0.500732421875,0.5032958984375,0.5066501296743331,0.998291015625,1.0,0.294189453125,0.50201416015625,False,0.847412109375,0.85009765625,0.7741994189998939,0.99951171875,1.0,0.29541015625,0.8487548828125,False,0.652587890625,0.6516520182291666,0.6724741975180573,0.9970703125,1.0,0.29296875,0.6521199544270833,False,mixed_or_none
239,nested_reset,161,206,True,0.9580078125,01010101,85,0.9580078125,0.5009765625,0.5028076171875,0.49531830302583163,0.998779296875,1.0,0.292724609375,0.50189208984375,False,0.5419921875,0.5413818359375,0.6044567406124676,0.99755859375,1.0,0.29150390625,0.54168701171875,False,0.9580078125,0.9582926432291667,0.8798654334789471,1.0,1.0,0.2939453125,0.9581502278645834,True,Y
239,nested_reset,222,267,True,1.0,01010101,85,1.0,0.5,0.5,0.4998425881421882,0.999267578125,1.0,0.28076171875,0.5,False,0.5,0.5,0.5137773931516694,0.996826171875,1.0,0.2783203125,0.5,False,1.0,1.0,0.9843845632627535,1.0,1.0,0.281494140625,1.0,True,Y
239,nested_reset,304,349,True,1.0,01010101,85,1.0,0.5,0.5,0.49981685459762903,0.999267578125,1.0,0.280029296875,0.5,False,0.5,0.5,0.5046409715543442,0.99755859375,1.0,0.2783203125,0.5,False,1.0,1.0,0.9947248785168932,1.0,1.0,0.28076171875,1.0,True,Y
239,nested_reset,418,463,True,1.0,01010101,85,1.0,0.5,0.5,0.499913292720042,0.99951171875,1.0,0.282470703125,0.5,False,0.5,0.5,0.5020017794409959,0.99755859375,1.0,0.280517578125,0.5,False,1.0,1.0,0.9977245711186462,1.0,1.0,0.282958984375,1.0,True,Y
239,nested_reset,575,620,True,1.0,01010101,85,1.0,0.5,0.5,0.4999506606563045,0.999267578125,1.0,0.27978515625,0.5,False,0.5,0.5,0.5009297396066673,0.996826171875,1.0,0.27734375,0.5,False,1.0,1.0,0.9989419286588102,1.0,1.0,0.280517578125,1.0,True,Y
239,nested_reset,790,835,True,1.0,01010101,85,1.0,0.5,0.5,0.49997166658141484,0.9990234375,1.0,0.28076171875,0.5,False,0.5,0.5,0.5004501161720005,0.99609375,1.0,0.27783203125,0.5,False,1.0,1.0,0.9994871174545124,1.0,1.0,0.28173828125,1.0,True,Y
239,nested_reset,1024,1069,True,1.0,01010101,85,1.0,0.5,0.5,0.4999837866079727,0.9990234375,1.0,0.27978515625,0.5,False,0.5,0.5,0.500254501163005,0.995849609375,1.0,0.276611328125,0.5,False,1.0,1.0,0.9997098742372992,1.0,1.0,0.28076171875,1.0,True,Y
239,scratch,0,45,True,0.50244140625,00000000,0,0.986328125,0.49951171875,0.4989013671875,0.4995316372998457,0.8984375,0.997314453125,0.2978515625,0.49920654296875,False,0.498046875,0.4981689453125,0.5006997843470933,0.634033203125,0.725341796875,0.033447265625,0.49810791015625,False,0.50244140625,0.5008544921875,0.4999403327686884,0.52880859375,0.501220703125,-0.07177734375,0.50164794921875,False,mixed_or_none
239,scratch,1,46,True,0.498779296875,00000000,0,0.742919921875,0.495849609375,0.4981689453125,0.4996403862274905,0.897216796875,0.9970703125,0.29638671875,0.49700927734375,False,0.516845703125,0.5185546875,0.5011564902345883,0.63037109375,0.724853515625,0.029541015625,0.5177001953125,False,0.498779296875,0.5019938151041666,0.5000424873877487,0.531005859375,0.501953125,-0.06982421875,0.5003865559895833,False,mixed_or_none
239,scratch,2,47,True,0.5048828125,11111111,255,0.5859375,0.50830078125,0.509033203125,0.5001392104004806,0.89501953125,0.9970703125,0.29345703125,0.5086669921875,False,0.5341796875,0.5335693359375,0.501739468319842,0.641357421875,0.722900390625,0.039794921875,0.53387451171875,False,0.5048828125,0.5023600260416666,0.5001528039517424,0.536865234375,0.501708984375,-0.064697265625,0.5036214192708333,False,mixed_or_none
239,scratch,3,48,True,0.511962890625,11111111,255,0.680419921875,0.512451171875,0.5064697265625,0.5002899403445795,0.892333984375,0.996337890625,0.2939453125,0.50946044921875,False,0.527587890625,0.53216552734375,0.5024083121026783,0.643798828125,0.724365234375,0.04541015625,0.529876708984375,False,0.511962890625,0.5023600260416666,0.5002537989425009,0.5380859375,0.49951171875,-0.060302734375,0.5071614583333333,False,mixed_or_none
239,scratch,4,49,True,0.51171875,11111111,255,0.70751953125,0.52001953125,0.5111083984375,0.5007081758263473,0.88818359375,0.99609375,0.286865234375,0.51556396484375,False,0.53564453125,0.53863525390625,0.5031314109188046,0.65576171875,0.72900390625,0.054443359375,0.537139892578125,False,0.51171875,0.5022786458333334,0.5003475832899322,0.542724609375,0.499267578125,-0.05859375,0.5069986979166667,False,mixed_or_none
239,scratch,5,50,True,0.5146484375,11111111,255,0.67626953125,0.5224609375,0.5169677734375,0.5010786918836367,0.88330078125,0.995849609375,0.283447265625,0.51971435546875,False,0.54443359375,0.5465087890625,0.5038828613273727,0.673583984375,0.730224609375,0.07373046875,0.54547119140625,False,0.5146484375,0.5054524739583334,0.5004318662174155,0.544677734375,0.49560546875,-0.05517578125,0.5100504557291667,False,mixed_or_none
239,scratch,7,52,True,0.51708984375,00010011,19,0.56982421875,0.52734375,0.524169921875,0.5013138648251401,0.885986328125,0.9951171875,0.280517578125,0.5257568359375,False,0.56787109375,0.5743408203125,0.5053903663365593,0.702880859375,0.73828125,0.097412109375,0.57110595703125,False,0.51708984375,0.5101318359375,0.5005770482945991,0.5546875,0.49755859375,-0.05078125,0.51361083984375,False,mixed_or_none
239,scratch,9,54,True,0.517822265625,00000001,1,0.650146484375,0.518798828125,0.514404296875,0.5007889076371577,0.88037109375,0.993896484375,0.2705078125,0.5166015625,False,0.586181640625,0.59173583984375,0.5070013069917668,0.73193359375,0.749755859375,0.1220703125,0.588958740234375,False,0.517822265625,0.510986328125,0.5007135717755239,0.560546875,0.500732421875,-0.04931640625,0.514404296875,False,mixed_or_none
239,scratch,13,58,True,0.519775390625,00000001,1,0.679443359375,0.514404296875,0.506103515625,0.5001728614306902,0.870849609375,0.993408203125,0.25830078125,0.51025390625,False,0.628662109375,0.6307373046875,0.5114435815786721,0.809326171875,0.77783203125,0.19677734375,0.62969970703125,False,0.519775390625,0.5121663411458334,0.501048339136282,0.584228515625,0.502685546875,-0.0283203125,0.5159708658854167,False,mixed_or_none
239,scratch,17,62,True,0.52783203125,00110011,51,0.68896484375,0.49658203125,0.49169921875,0.4979549458935755,0.869140625,0.992431640625,0.247314453125,0.494140625,False,0.68896484375,0.68829345703125,0.5180517586480667,0.876220703125,0.809326171875,0.25439453125,0.688629150390625,False,0.52783203125,0.5184733072916666,0.5015249316061419,0.600830078125,0.507080078125,-0.02099609375,0.5231526692708333,False,mixed_or_none
239,scratch,24,69,True,0.512939453125,00110011,51,0.870849609375,0.505615234375,0.5052490234375,0.4991531004361542,0.870849609375,0.9921875,0.237548828125,0.50543212890625,False,0.870849609375,0.86700439453125,0.5419275380943811,0.97998046875,0.880615234375,0.3466796875,0.868927001953125,False,0.512939453125,0.5124104817708334,0.502742243932629,0.60498046875,0.52099609375,-0.0283203125,0.5126749674479167,False,mixed_or_none
239,scratch,33,78,True,0.503173828125,00110011,51,0.995361328125,0.503173828125,0.5015869140625,0.5018296056766177,0.8828125,0.992431640625,0.22705078125,0.50238037109375,False,0.995361328125,0.99517822265625,0.613620843509333,1.0,0.97412109375,0.34423828125,0.995269775390625,True,0.503173828125,0.5026448567708334,0.5049576773326289,0.62646484375,0.556640625,-0.029296875,0.5029093424479167,False,Q
239,scratch,45,90,True,0.5,00110011,51,1.0,0.5,0.5,0.5053473502342524,0.90185546875,0.9970703125,0.2509765625,0.5,False,1.0,1.0,0.8147084752987283,1.0,1.0,0.34912109375,1.0,True,0.5,0.5,0.507835000683372,0.634521484375,0.662841796875,-0.016357421875,0.5,False,Q
239,scratch,62,107,True,0.5,00110011,51,1.0,0.5,0.5001220703125,0.504021186570353,0.90625,0.99853515625,0.228271484375,0.50006103515625,False,1.0,1.0,0.9134229631782035,1.0,1.0,0.322021484375,1.0,True,0.5,0.5000406901041666,0.5135976531550376,0.743896484375,0.822265625,0.06591796875,0.5000203450520833,False,Q
239,scratch,85,130,True,0.500244140625,00110011,51,0.999755859375,0.500244140625,0.5001220703125,0.4956865200224792,0.8974609375,0.9990234375,0.21142578125,0.50018310546875,False,0.999755859375,0.99957275390625,0.8580550594148736,1.0,1.0,0.31396484375,0.999664306640625,True,0.500244140625,0.5005289713541666,0.5534713266514463,0.910400390625,0.98095703125,0.224365234375,0.5003865559895833,False,Q
239,scratch,117,162,True,0.80810546875,01010101,85,0.80810546875,0.50390625,0.5062255859375,0.5021192659678447,0.906982421875,0.99609375,0.17724609375,0.50506591796875,False,0.69189453125,0.69329833984375,0.7100119812830818,1.0,1.0,0.270263671875,0.692596435546875,False,0.80810546875,0.80712890625,0.751525868898612,1.0,1.0,0.270263671875,0.8076171875,False,mixed_or_none
239,scratch,128,173,True,0.9736328125,01010101,85,0.9736328125,0.50439453125,0.5023193359375,0.5060414923027682,0.93115234375,0.99560546875,0.215576171875,0.50335693359375,False,0.5263671875,0.52423095703125,0.6135454721293916,0.9990234375,1.0,0.283447265625,0.525299072265625,False,0.9736328125,0.9756266276041667,0.865797649996354,1.0,1.0,0.284423828125,0.9746297200520834,True,Y
239,scratch,161,206,True,1.0,01010101,85,1.0,0.5,0.5,0.4990721136263197,0.942626953125,0.99609375,0.247802734375,0.5,False,0.5,0.5,0.5173758807530137,0.9951171875,0.999755859375,0.30029296875,0.5,False,1.0,1.0,0.9792960342241164,1.0,1.0,0.30517578125,1.0,True,Y
239,scratch,222,267,True,1.0,01010101,85,1.0,0.5,0.5,0.4999496675987265,0.941650390625,0.99609375,0.24853515625,0.5,False,0.5,0.5,0.505266088057474,0.99560546875,0.99951171875,0.302490234375,0.5,False,1.0,1.0,0.9937959418435891,1.0,1.0,0.306884765625,1.0,True,Y
239,scratch,304,349,True,1.0,01010101,85,1.0,0.5,0.5,0.4999437508477746,0.94287109375,0.996337890625,0.2490234375,0.5,False,0.5,0.5,0.5024177375386336,0.995361328125,0.999755859375,0.301513671875,0.5,False,1.0,1.0,0.9971637993003415,1.0,1.0,0.30615234375,1.0,True,Y
239,scratch,418,463,True,1.0,01010101,85,1.0,0.5,0.5,0.4999785730228116,0.94189453125,0.996337890625,0.25,0.5,False,0.5,0.5,0.5011785099625704,0.99560546875,0.99951171875,0.3037109375,0.5,False,1.0,1.0,0.9986206624554852,1.0,1.0,0.30810546875,1.0,True,Y
239,scratch,575,620,True,1.0,01010101,85,1.0,0.5,0.5,0.4999917158447479,0.9462890625,0.996337890625,0.245849609375,0.5,False,0.5,0.5,0.5005728052741736,0.995849609375,0.9990234375,0.29541015625,0.5,False,1.0,1.0,0.9993314930485793,1.0,1.0,0.299560546875,1.0,True,Y
239,scratch,790,835,True,1.0,01010101,85,1.0,0.5,0.5,0.49999549365497675,0.94482421875,0.99658203125,0.2412109375,0.5,False,0.5,0.5,0.5002678050877236,0.99609375,0.9990234375,0.29248046875,0.5,False,1.0,1.0,0.9996879028529366,1.0,1.0,0.29638671875,1.0,True,Y
239,scratch,1024,1069,True,1.0,01010101,85,1.0,0.5,0.5,0.4999980853704663,0.943359375,0.99609375,0.23828125,0.5,False,0.5,0.5,0.5001408187382033,0.99609375,0.998779296875,0.291015625,0.5,False,1.0,1.0,0.9998361836863614,1.0,1.0,0.294921875,1.0,True,Y
239,sham,0,45,True,0.50634765625,11111111,255,0.8681640625,0.5029296875,0.5013427734375,0.5001268211578034,0.8017578125,0.994140625,0.239990234375,0.50213623046875,False,0.50244140625,0.50067138671875,0.5002263973630929,0.609375,0.728515625,0.047607421875,0.501556396484375,False,0.50634765625,0.5044759114583334,0.5000479913854745,0.53125,0.50390625,-0.030517578125,0.5054117838541667,False,mixed_or_none
239,sham,1,46,True,0.505126953125,11111111,255,0.958740234375,0.503662109375,0.5008544921875,0.5003350710681678,0.81396484375,0.99365234375,0.252197265625,0.50225830078125,False,0.504638671875,0.50555419921875,0.500579372448309,0.607177734375,0.7265625,0.04541015625,0.505096435546875,False,0.505126953125,0.5047607421875,0.50010164725186,0.53857421875,0.502685546875,-0.023193359375,0.50494384765625,False,mixed_or_none
239,sham,2,47,True,0.506591796875,11111111,255,0.958251953125,0.505126953125,0.5037841796875,0.5006941001719957,0.818115234375,0.994140625,0.2568359375,0.50445556640625,False,0.508544921875,0.50970458984375,0.5009361401921228,0.6123046875,0.72607421875,0.051025390625,0.509124755859375,False,0.506591796875,0.5047607421875,0.5001552904991973,0.5380859375,0.5029296875,-0.023193359375,0.50567626953125,False,mixed_or_none
239,sham,3,48,True,0.508056640625,11111111,255,0.921142578125,0.501220703125,0.501953125,0.5007654552829124,0.8251953125,0.99365234375,0.26953125,0.5015869140625,False,0.513916015625,0.51806640625,0.5012843205800545,0.628173828125,0.7255859375,0.072509765625,0.5159912109375,False,0.508056640625,0.5063883463541666,0.500209270269858,0.547119140625,0.507568359375,-0.008544921875,0.5072224934895833,False,mixed_or_none
239,sham,4,49,True,0.510986328125,11111111,255,0.852294921875,0.510498046875,0.5087890625,0.5008923408802115,0.83447265625,0.993408203125,0.2724609375,0.5096435546875,False,0.523681640625,0.530029296875,0.501645994789199,0.635498046875,0.730224609375,0.073486328125,0.52685546875,False,0.510986328125,0.5060628255208334,0.5002680201707698,0.550537109375,0.5126953125,-0.011474609375,0.5085245768229167,False,mixed_or_none
239,sham,5,50,True,0.515380859375,11111111,255,0.756103515625,0.520263671875,0.5126953125,0.5010042813598098,0.838134765625,0.99365234375,0.2685546875,0.5164794921875,False,0.544677734375,0.55029296875,0.5020037304887223,0.637939453125,0.732421875,0.068359375,0.5474853515625,False,0.515380859375,0.5087483723958334,0.5003254228272039,0.553955078125,0.514404296875,-0.015625,0.5120646158854167,False,mixed_or_none
239,sham,7,52,True,0.521728515625,00110011,51,0.575927734375,0.536865234375,0.529541015625,0.5010339145598962,0.843017578125,0.9931640625,0.270263671875,0.533203125,False,0.575927734375,0.57427978515625,0.502687885220974,0.655029296875,0.744873046875,0.082275390625,0.575103759765625,False,0.521728515625,0.5147705078125,0.5004372562030319,0.552001953125,0.523193359375,-0.020751953125,0.51824951171875,False,mixed_or_none
239,sham,9,54,True,0.52294921875,00000000,0,0.64892578125,0.5322265625,0.52392578125,0.5007922417060834,0.845947265625,0.993408203125,0.2578125,0.528076171875,False,0.58056640625,0.5802001953125,0.5034803799592037,0.684814453125,0.760498046875,0.0966796875,0.58038330078125,False,0.52294921875,0.5128173828125,0.5005659688088231,0.552978515625,0.5283203125,-0.03515625,0.51788330078125,False,mixed_or_none
239,sham,13,58,True,0.528076171875,00000000,0,0.694091796875,0.517333984375,0.51318359375,0.5005660830266522,0.840576171875,0.9931640625,0.23095703125,0.5152587890625,False,0.614013671875,0.612548828125,0.5059756283030854,0.73583984375,0.791259765625,0.126220703125,0.61328125,False,0.528076171875,0.5191243489583334,0.5009639399930816,0.58056640625,0.54052734375,-0.029052734375,0.5236002604166667,False,mixed_or_none
239,sham,17,62,True,0.546875,00110011,51,0.68017578125,0.49853515625,0.4940185546875,0.49971532382349876,0.8427734375,0.992919921875,0.2314453125,0.49627685546875,False,0.68017578125,0.67803955078125,0.5104342420326811,0.797119140625,0.82568359375,0.185791015625,0.679107666015625,False,0.546875,0.5316975911458334,0.5015614111346507,0.602783203125,0.55078125,-0.008544921875,0.5392862955729167,False,mixed_or_none
239,sham,24,69,True,0.53564453125,00110011,51,0.78857421875,0.49755859375,0.4923095703125,0.5002945050489703,0.837158203125,0.992919921875,0.205810546875,0.49493408203125,False,0.78857421875,0.78778076171875,0.5277282419463428,0.92041015625,0.88623046875,0.2890625,0.788177490234375,False,0.53564453125,0.5320638020833334,0.5033111298124636,0.6298828125,0.5888671875,-0.00146484375,0.5338541666666667,False,mixed_or_none
239,sham,33,78,True,0.507568359375,00110011,51,0.985107421875,0.498291015625,0.4971923828125,0.5013377322891561,0.841064453125,0.99365234375,0.19287109375,0.49774169921875,False,0.985107421875,0.983642578125,0.586758052049861,0.999755859375,0.97119140625,0.3515625,0.984375,True,0.507568359375,0.5078125,0.5075281417944817,0.6552734375,0.674560546875,0.007080078125,0.5076904296875,False,Q
239,sham,45,90,True,0.5,00110011,51,1.0,0.5,0.5,0.5051566329569188,0.887939453125,0.998779296875,0.2080078125,0.5,False,1.0,1.0,0.7819819759273894,1.0,0.999755859375,0.320068359375,1.0,True,0.5,0.5,0.5162018698596929,0.76171875,0.83837890625,0.081787109375,0.5,False,Q
239,sham,62,107,True,0.50048828125,00110011,51,0.99951171875,0.50048828125,0.500244140625,0.5040367406602577,0.8779296875,0.99951171875,0.1787109375,0.5003662109375,False,0.99951171875,0.999755859375,0.906806355823694,1.0,1.0,0.30078125,0.9996337890625,True,0.50048828125,0.500244140625,0.5291465779654857,0.905029296875,0.993408203125,0.205810546875,0.5003662109375,False,Q
239,sham,85,130,True,0.568359375,00110011,51,0.931640625,0.48828125,0.48876953125,0.4948343912121573,0.859619140625,0.997802734375,0.141845703125,0.488525390625,False,0.931640625,0.928955078125,0.7836892977683759,1.0,0.999755859375,0.2822265625,0.9302978515625,True,0.568359375,0.5702311197916666,0.6449420108894582,0.9990234375,1.0,0.28125,0.5692952473958333,False,Q
239,sham,117,162,True,0.99951171875,01010101,85,0.99951171875,0.5,0.5,0.5021315107307696,0.917724609375,0.99560546875,0.177490234375,0.5,False,0.50048828125,0.50091552734375,0.573794788483524,1.0,1.0,0.259765625,0.500701904296875,False,0.99951171875,0.9986979166666667,0.9120630484855607,1.0,1.0,0.259765625,0.9991048177083334,True,Y
239,sham,128,173,True,1.0,01010101,85,1.0,0.5,0.5,0.5018915110465936,0.923095703125,0.99462890625,0.178955078125,0.5,False,0.5,0.5,0.5372062123252465,0.999755859375,1.0,0.255615234375,0.5,False,1.0,1.0,0.9558725572354636,1.0,1.0,0.255859375,1.0,True,Y
239,sham,161,206,True,1.0,01010101,85,1.0,0.5,0.5,0.49968233228405295,0.93798828125,0.99462890625,0.185546875,0.5,False,0.5,0.5,0.5100506476533966,0.999755859375,1.0,0.247314453125,0.5,False,1.0,1.0,0.9882044423399414,1.0,1.0,0.24755859375,1.0,True,Y
239,sham,222,267,True,1.0,01010101,85,1.0,0.5,0.5,0.5000081117843719,0.93994140625,0.993408203125,0.1826171875,0.5,False,0.5,0.5,0.5039005331638144,0.999755859375,1.0,0.242431640625,0.5,False,1.0,1.0,0.9954871279561424,1.0,1.0,0.24267578125,1.0,True,Y
239,sham,304,349,True,1.0,01010101,85,1.0,0.5,0.5,0.4999752113292653,0.94091796875,0.993408203125,0.18017578125,0.5,False,0.5,0.5,0.5018481931352974,0.999755859375,1.0,0.239013671875,0.5,False,1.0,1.0,0.9978750906015856,1.0,1.0,0.2392578125,1.0,True,Y
239,sham,418,463,True,1.0,01010101,85,1.0,0.5,0.5,0.49998782293572475,0.943115234375,0.993408203125,0.177978515625,0.5,False,0.5,0.5,0.5009215960173413,0.999755859375,1.0,0.234619140625,0.5,False,1.0,1.0,0.9989444553883671,1.0,1.0,0.23486328125,1.0,True,Y
239,sham,575,620,True,1.0,01010101,85,1.0,0.5,0.5,0.4999950751042939,0.9443359375,0.99365234375,0.177490234375,0.5,False,0.5,0.5,0.500475515462391,0.99951171875,1.0,0.232666015625,0.5,False,1.0,1.0,0.999457005528749,1.0,1.0,0.233154296875,1.0,True,Y
239,sham,790,835,True,1.0,01010101,85,1.0,0.5,0.5,0.4999971647651147,0.943359375,0.99365234375,0.174560546875,0.5,False,0.5,0.5,0.5002454662444732,0.99951171875,1.0,0.230712890625,0.5,False,1.0,1.0,0.9997202617536123,1.0,1.0,0.231201171875,1.0,True,Y
239,sham,1024,1069,True,1.0,01010101,85,1.0,0.5,0.5,0.49999873673972317,0.943115234375,0.99365234375,0.175048828125,0.5,False,0.5,0.5,0.5001434375978706,0.99951171875,1.0,0.2314453125,0.5,False,1.0,1.0,0.9998367489837794,1.0,1.0,0.23193359375,1.0,True,Y
241,independent_carry,0,45,True,0.500732421875,00001111,15,0.997802734375,0.997802734375,0.9979248046875,0.8680467115822837,1.0,1.0,0.396484375,0.99786376953125,True,0.502197265625,0.502685546875,0.5524316111744915,0.96875,0.9814453125,0.365234375,0.50244140625,False,0.500732421875,0.5010986328125,0.5006323938719862,0.5068359375,0.5068359375,-0.0966796875,0.50091552734375,False,P
241,independent_carry,1,46,True,0.50048828125,00001111,15,0.99755859375,0.99755859375,0.997802734375,0.8581577059157158,1.0,1.0,0.394775390625,0.9976806640625,True,0.50244140625,0.5025634765625,0.5576548263149707,0.97265625,0.985107421875,0.367431640625,0.50250244140625,False,0.50048828125,0.5008138020833334,0.5006616294107913,0.505615234375,0.506103515625,-0.099609375,0.5006510416666667,False,P
241,independent_carry,2,47,True,0.500732421875,00001111,15,0.996337890625,0.996337890625,0.996337890625,0.8423751608667057,1.0,1.0,0.39697265625,0.996337890625,True,0.503662109375,0.5037841796875,0.5648467542569229,0.97509765625,0.98876953125,0.3720703125,0.50372314453125,False,0.500732421875,0.5012613932291666,0.5006974773363077,0.505615234375,0.506591796875,-0.097412109375,0.5009969075520833,False,P
241,independent_carry,3,48,True,0.501220703125,00001111,15,0.992431640625,0.992431640625,0.99365234375,0.8220347921754695,1.0,1.0,0.392333984375,0.9930419921875,True,0.507568359375,0.5064697265625,0.5734137906991845,0.979736328125,0.991455078125,0.3720703125,0.50701904296875,False,0.501220703125,0.5013020833333334,0.5007276632490218,0.509033203125,0.503662109375,-0.0986328125,0.5012613932291667,False,P
241,independent_carry,4,49,True,0.497314453125,00001111,15,0.983642578125,0.983642578125,0.985107421875,0.7982985791737737,1.0,1.0,0.38916015625,0.984375,True,0.516357421875,0.5147705078125,0.5828221847027624,0.98486328125,0.994384765625,0.3740234375,0.51556396484375,False,0.497314453125,0.4994710286458333,0.5007668276148673,0.505615234375,0.5029296875,-0.105224609375,0.49839274088541663,False,P
241,independent_carry,5,50,True,0.5,00001111,15,0.96533203125,0.96533203125,0.96630859375,0.7719281351012787,1.0,1.0,0.388916015625,0.9658203125,True,0.53466796875,0.53485107421875,0.5926845470226123,0.988525390625,0.997314453125,0.37744140625,0.534759521484375,False,0.5,0.5008951822916666,0.5008114036951876,0.50341796875,0.505615234375,-0.107666015625,0.5004475911458333,False,P
241,independent_carry,7,52,True,0.501953125,00001111,15,0.9033203125,0.9033203125,0.9022216796875,0.7174206634520213,1.0,1.0,0.396728515625,0.90277099609375,True,0.5966796875,0.5963134765625,0.6120361609896044,0.9970703125,0.9990234375,0.393798828125,0.59649658203125,False,0.501953125,0.5002034505208334,0.5008850567283294,0.505859375,0.5068359375,-0.097412109375,0.5010782877604167,False,P
241,independent_carry,9,54,True,0.502685546875,00001111,15,0.820068359375,0.820068359375,0.820068359375,0.6667213903531837,1.0,1.0,0.400390625,0.820068359375,False,0.679931640625,0.677001953125,0.6303417112494328,0.998779296875,1.0,0.399169921875,0.678466796875,False,0.502685546875,0.5015055338541666,0.5009425282404266,0.508056640625,0.510009765625,-0.091552734375,0.5020955403645833,False,mixed_or_none
241,independent_carry,13,58,True,0.503173828125,00110011,51,0.889892578125,0.608642578125,0.6103515625,0.5853230491353016,1.0,1.0,0.405029296875,0.6094970703125,False,0.889892578125,0.8897705078125,0.6614918698180592,0.99951171875,1.0,0.404541015625,0.88983154296875,False,0.503173828125,0.5020345052083334,0.5009486049755371,0.515625,0.508544921875,-0.079345703125,0.5026041666666667,False,mixed_or_none
241,independent_carry,17,62,True,0.498779296875,00110011,51,0.972412109375,0.525634765625,0.52783203125,0.5335370535742048,1.0,1.0,0.40283203125,0.5267333984375,False,0.972412109375,0.9722900390625,0.69553107279738,1.0,1.0,0.40283203125,0.97235107421875,True,0.498779296875,0.5002848307291666,0.5008782582325326,0.5205078125,0.51123046875,-0.07666015625,0.4995320638020833,False,Q
241,independent_carry,24,69,True,0.50048828125,00110011,51,0.99755859375,0.49853515625,0.4984130859375,0.48701937962328873,1.0,1.0,0.381103515625,0.49847412109375,False,0.99755859375,0.998046875,0.7715300610530033,1.0,1.0,0.381103515625,0.997802734375,True,0.50048828125,0.5001627604166666,0.5007487810565882,0.514892578125,0.5087890625,-0.10400390625,0.5003255208333333,False,Q
241,independent_carry,33,78,True,0.5,00110011,51,1.0,0.5,0.5,0.4839233544172884,0.99951171875,1.0,0.367431640625,0.5,False,1.0,1.0,0.8667194817962305,1.0,1.0,0.367919921875,1.0,True,0.5,0.5,0.5007779003875413,0.524169921875,0.515380859375,-0.10791015625,0.5,False,Q
241,independent_carry,45,90,True,0.5,00110011,51,1.0,0.5,0.5,0.4905632898071115,0.99853515625,1.0,0.359375,0.5,False,1.0,1.0,0.9141948965572706,1.0,1.0,0.36083984375,1.0,True,0.5,0.5,0.5008759542323037,0.53125,0.51806640625,-0.10791015625,0.5,False,Q
241,independent_carry,62,107,True,0.5,00110011,51,1.0,0.5,0.5,0.501831879481035,0.99755859375,1.0,0.342529296875,0.5,False,1.0,1.0,0.897533403988044,1.0,1.0,0.344970703125,1.0,True,0.5,0.5,0.5011278060438392,0.53466796875,0.5185546875,-0.120361328125,0.5,False,Q
241,independent_carry,85,130,True,0.5,00110011,51,1.0,0.5,0.5,0.500884294050206,0.993408203125,1.0,0.32568359375,0.5,False,1.0,1.0,0.9022280914352934,1.0,1.0,0.332275390625,1.0,True,0.5,0.5,0.5013574087209033,0.559326171875,0.530517578125,-0.1083984375,0.5,False,Q
241,independent_carry,117,162,True,0.5,00110011,51,1.0,0.5,0.5,0.5002029108343262,0.994384765625,0.999755859375,0.322021484375,0.5,False,1.0,1.0,0.8950717763324204,1.0,1.0,0.32763671875,1.0,True,0.5,0.5,0.5032587538207033,0.603515625,0.561767578125,-0.06884765625,0.5,False,Q
241,independent_carry,128,173,True,0.5,00110011,51,1.0,0.5,0.5,0.4956260666879366,0.994384765625,0.999755859375,0.340576171875,0.5,False,1.0,1.0,0.8970639068214896,1.0,1.0,0.34619140625,1.0,True,0.5,0.5,0.5047347404719403,0.625,0.586181640625,-0.02880859375,0.5,False,Q
241,independent_carry,161,206,True,0.500244140625,00110011,51,0.999755859375,0.500244140625,0.5003662109375,0.504321620167814,0.994384765625,0.999755859375,0.33447265625,0.50030517578125,False,0.999755859375,0.99969482421875,0.8892792332187908,1.0,1.0,0.340087890625,0.999725341796875,True,0.500244140625,0.50048828125,0.516873967197915,0.806884765625,0.77734375,0.14697265625,0.5003662109375,False,Q
241,independent_carry,222,267,True,0.77197265625,01110111,119,0.80322265625,0.50244140625,0.5025634765625,0.5007263638649877,0.991943359375,1.0,0.322021484375,0.50250244140625,False,0.72802734375,0.726318359375,0.7200090280199213,1.0,1.0,0.330078125,0.7271728515625,False,0.77197265625,0.7733561197916667,0.7449782685983533,1.0,1.0,0.330078125,0.7726643880208334,False,mixed_or_none
241,independent_carry,304,349,True,1.0,01010101,85,1.0,0.5,0.5,0.4994597162592214,0.986572265625,0.99951171875,0.292724609375,0.5,False,0.5,0.5,0.5124086930740763,0.99951171875,1.0,0.3056640625,0.5,False,1.0,1.0,0.9864070725238054,1.0,1.0,0.30615234375,1.0,True,Y
241,independent_carry,418,463,True,1.0,01010101,85,1.0,0.5,0.5,0.4999100718871833,0.98681640625,0.999267578125,0.293701171875,0.5,False,0.5,0.5,0.5037142392437933,0.99951171875,0.999755859375,0.306396484375,0.5,False,1.0,1.0,0.9959075708651925,1.0,1.0,0.306884765625,1.0,True,Y
241,independent_carry,575,620,True,1.0,01010101,85,1.0,0.5,0.5,0.49997744256111676,0.98681640625,0.99951171875,0.293212890625,0.5,False,0.5,0.5,0.5016092530312489,0.999267578125,0.999755859375,0.3056640625,0.5,False,1.0,1.0,0.9982242909966772,1.0,1.0,0.306396484375,1.0,True,Y
241,independent_carry,790,835,True,1.0,01010101,85,1.0,0.5,0.5,0.49998963520578527,0.988037109375,0.999267578125,0.290771484375,0.5,False,0.5,0.5,0.5007840330113733,0.99951171875,0.999755859375,0.30224609375,0.5,False,1.0,1.0,0.9991355961937329,1.0,1.0,0.302734375,1.0,True,Y
241,independent_carry,1024,1069,True,1.0,01010101,85,1.0,0.5,0.5,0.49999455689328437,0.988037109375,0.999267578125,0.290771484375,0.5,False,0.5,0.5,0.5004474893759167,0.999267578125,0.99951171875,0.302001953125,0.5,False,1.0,1.0,0.9995064873020398,1.0,1.0,0.302734375,1.0,True,Y
241,independent_reset,0,45,True,0.500732421875,00001111,15,0.997802734375,0.997802734375,0.9979248046875,0.8680467115822837,1.0,1.0,0.396484375,0.99786376953125,True,0.502197265625,0.502685546875,0.5524316111744915,0.96875,0.9814453125,0.365234375,0.50244140625,False,0.500732421875,0.5010986328125,0.5006323938719862,0.5068359375,0.5068359375,-0.0966796875,0.50091552734375,False,P
241,independent_reset,1,46,True,0.500732421875,00001111,15,0.997802734375,0.997802734375,0.998046875,0.847261595098242,1.0,1.0,0.395751953125,0.9979248046875,True,0.502197265625,0.5020751953125,0.5602101471956358,0.9736328125,0.986083984375,0.369384765625,0.50213623046875,False,0.500732421875,0.5009358723958334,0.500687092631358,0.507080078125,0.506591796875,-0.09716796875,0.5008341471354167,False,P
241,independent_reset,2,47,True,0.501220703125,00001111,15,0.993896484375,0.993896484375,0.995361328125,0.8238857379842568,1.0,1.0,0.395751953125,0.99462890625,True,0.506103515625,0.50494384765625,0.5684601867558382,0.97705078125,0.988525390625,0.372802734375,0.505523681640625,False,0.501220703125,0.5015869140625,0.5007231986736155,0.5087890625,0.506103515625,-0.095458984375,0.50140380859375,False,P
241,independent_reset,3,48,True,0.49951171875,00001111,15,0.98974609375,0.98974609375,0.9908447265625,0.7996343611319948,1.0,1.0,0.397705078125,0.99029541015625,True,0.51025390625,0.50848388671875,0.5766030235243841,0.98095703125,0.9912109375,0.378662109375,0.509368896484375,False,0.49951171875,0.5003662109375,0.5007447328542306,0.50341796875,0.506103515625,-0.098876953125,0.49993896484375,False,P
241,independent_reset,4,49,True,0.499755859375,00001111,15,0.983154296875,0.983154296875,0.9842529296875,0.7750213232762816,1.0,1.0,0.397705078125,0.98370361328125,True,0.516845703125,0.51629638671875,0.5844052470704143,0.985107421875,0.992431640625,0.3828125,0.516571044921875,False,0.499755859375,0.5003255208333334,0.5007769597091971,0.502685546875,0.506103515625,-0.099609375,0.5000406901041667,False,P
241,independent_reset,5,50,True,0.502197265625,00001111,15,0.964111328125,0.964111328125,0.96484375,0.7503930841018975,1.0,1.0,0.395263671875,0.9644775390625,True,0.535888671875,0.53497314453125,0.5919023622652834,0.989501953125,0.9951171875,0.384765625,0.535430908203125,False,0.502197265625,0.5015055338541666,0.5007980374203267,0.50341796875,0.5068359375,-0.101318359375,0.5018513997395833,False,P
241,independent_reset,7,52,True,0.504150390625,00001111,15,0.912353515625,0.912353515625,0.914306640625,0.7042312299464868,1.0,1.0,0.400146484375,0.913330078125,True,0.587646484375,0.5860595703125,0.6053221010637166,0.99462890625,0.99853515625,0.394775390625,0.58685302734375,False,0.504150390625,0.5011800130208334,0.5008306725938161,0.5087890625,0.512451171875,-0.091064453125,0.5026652018229167,False,P
241,independent_reset,9,54,True,0.503173828125,00001111,15,0.841552734375,0.841552734375,0.8426513671875,0.6635731296010304,1.0,1.0,0.404296875,0.84210205078125,False,0.658447265625,0.65521240234375,0.61732536863261,0.99658203125,0.999267578125,0.40087890625,0.656829833984375,False,0.503173828125,0.5011393229166666,0.5008675752809141,0.509765625,0.510986328125,-0.0859375,0.5021565755208333,False,mixed_or_none
241,independent_reset,13,58,True,0.5068359375,00110011,51,0.8505859375,0.6484375,0.651611328125,0.5991581548383713,1.0,1.0,0.40576171875,0.6500244140625,False,0.8505859375,0.8482666015625,0.6396927384063356,0.99951171875,1.0,0.4052734375,0.84942626953125,False,0.5068359375,0.5032552083333334,0.500901393355518,0.51611328125,0.50927734375,-0.078125,0.5050455729166667,False,mixed_or_none
241,independent_reset,17,62,True,0.499267578125,00110011,51,0.938720703125,0.558837890625,0.5631103515625,0.5556833224739922,1.0,1.0,0.39794921875,0.56097412109375,False,0.938720703125,0.93756103515625,0.6645541825275079,0.999755859375,1.0,0.397705078125,0.938140869140625,True,0.499267578125,0.501708984375,0.5008811824843553,0.517578125,0.512451171875,-0.08447265625,0.50048828125,False,Q
241,independent_reset,24,69,True,0.501220703125,00110011,51,0.989990234375,0.502685546875,0.50439453125,0.5112395500633607,0.999755859375,1.0,0.395263671875,0.5035400390625,False,0.989990234375,0.9903564453125,0.7216731510590381,1.0,1.0,0.3955078125,0.99017333984375,True,0.501220703125,0.5003662109375,0.500861831269207,0.51953125,0.51708984375,-0.0849609375,0.50079345703125,False,Q
241,independent_reset,33,78,True,0.5,00110011,51,1.0,0.5,0.5,0.49784626352850525,0.999755859375,1.0,0.382568359375,0.5,False,1.0,1.0,0.8107603030475796,1.0,1.0,0.3828125,1.0,True,0.5,0.4998779296875,0.5009900084348037,0.517822265625,0.516845703125,-0.099365234375,0.49993896484375,False,Q
241,independent_reset,45,90,True,0.5,00110011,51,1.0,0.5,0.5,0.4953835725378205,1.0,1.0,0.373779296875,0.5,False,1.0,1.0,0.8935969270612214,1.0,1.0,0.373779296875,1.0,True,0.5,0.5,0.5009656841026929,0.521484375,0.515380859375,-0.104736328125,0.5,False,Q
241,independent_reset,62,107,True,0.5,00110011,51,1.0,0.5,0.5,0.5030866225089229,1.0,1.0,0.35498046875,0.5,False,1.0,1.0,0.9077622469329886,1.0,1.0,0.35498046875,1.0,True,0.5,0.5,0.5011171197426763,0.53271484375,0.519287109375,-0.1123046875,0.5,False,Q
241,independent_reset,85,130,True,0.5,00110011,51,1.0,0.5,0.5,0.4990676720927094,0.99853515625,1.0,0.3330078125,0.5,False,1.0,1.0,0.8995025484110339,1.0,1.0,0.33447265625,1.0,True,0.5,0.5,0.5015631028459884,0.5517578125,0.52392578125,-0.11376953125,0.5,False,Q
241,independent_reset,117,162,True,0.5,00110011,51,1.0,0.5,0.5,0.5007191268071356,0.99951171875,1.0,0.3349609375,0.5,False,1.0,1.0,0.8940804967532616,1.0,1.0,0.33544921875,1.0,True,0.5,0.5,0.5038835969744013,0.6171875,0.580810546875,-0.04736328125,0.5,False,Q
241,independent_reset,128,173,True,0.5,00110011,51,1.0,0.5,0.5,0.4954714641186959,0.999755859375,1.0,0.33935546875,0.5,False,1.0,1.0,0.8955406025635675,1.0,1.0,0.339599609375,1.0,True,0.5,0.5,0.5058622416283935,0.664794921875,0.63623046875,0.00439453125,0.5,False,Q
241,independent_reset,161,206,True,0.5009765625,00110011,51,0.9990234375,0.50048828125,0.5006103515625,0.5055169676671827,0.999267578125,1.0,0.346435546875,0.50054931640625,False,0.9990234375,0.99908447265625,0.8849143849670636,1.0,1.0,0.34716796875,0.999053955078125,True,0.5009765625,0.5009358723958334,0.5241642908020424,0.81982421875,0.894287109375,0.1669921875,0.5009562174479167,False,Q
241,independent_reset,222,267,True,0.830322265625,01010101,85,0.830322265625,0.496337890625,0.498046875,0.5004561160396904,0.9990234375,1.0,0.328125,0.4971923828125,False,0.669677734375,0.67431640625,0.7023600501328587,1.0,1.0,0.3291015625,0.6719970703125,False,0.830322265625,0.8264973958333333,0.7707037864941255,1.0,1.0,0.3291015625,0.8284098307291666,False,mixed_or_none
241,independent_reset,304,349,True,1.0,01010101,85,1.0,0.5,0.5,0.5000979997925306,0.99560546875,0.999267578125,0.306396484375,0.5,False,0.5,0.5,0.512079231628031,0.998779296875,0.999267578125,0.3095703125,0.5,False,1.0,1.0,0.9865585155186782,1.0,1.0,0.310791015625,1.0,True,Y
241,independent_reset,418,463,True,1.0,01010101,85,1.0,0.5,0.5,0.4999795769388123,0.995361328125,0.999267578125,0.2978515625,0.5,False,0.5,0.5,0.5038825214688378,0.998291015625,0.999267578125,0.30078125,0.5,False,1.0,1.0,0.9956720323891495,1.0,1.0,0.302490234375,1.0,True,Y
241,independent_reset,575,620,True,1.0,01010101,85,1.0,0.5,0.5,0.49999348428701396,0.994140625,0.999267578125,0.290283203125,0.5,False,0.5,0.5,0.5016658376624283,0.998779296875,0.9990234375,0.294921875,0.5,False,1.0,1.0,0.9981401826647327,1.0,1.0,0.296142578125,1.0,True,Y
241,independent_reset,790,835,True,1.0,01010101,85,1.0,0.5,0.5,0.4999934297477152,0.993896484375,0.999267578125,0.291015625,0.5,False,0.5,0.5,0.5008003531509179,0.998291015625,0.998779296875,0.29541015625,0.5,False,1.0,1.0,0.9991067432870482,1.0,1.0,0.297119140625,1.0,True,Y
241,independent_reset,1024,1069,True,1.0,01010101,85,1.0,0.5,0.5,0.4999962067426551,0.994384765625,0.99951171875,0.297607421875,0.5,False,0.5,0.5,0.5004512817571066,0.998046875,0.998779296875,0.30126953125,0.5,False,1.0,1.0,0.9994960656296867,1.0,1.0,0.30322265625,1.0,True,Y
241,nested_carry,0,45,True,0.499755859375,00001111,15,0.999755859375,0.999755859375,0.9998779296875,0.878011476725622,1.0,1.0,0.422607421875,0.99981689453125,True,0.500244140625,0.50030517578125,0.5112930248472586,0.7705078125,0.814697265625,0.193115234375,0.500274658203125,False,0.499755859375,0.4999593098958333,0.5007991837071463,0.506103515625,0.512939453125,-0.0712890625,0.49985758463541663,False,P
241,nested_carry,1,46,True,0.5,00001111,15,1.0,1.0,1.0,0.8698971700966848,1.0,1.0,0.42236328125,1.0,True,0.5,0.50018310546875,0.5117469550178408,0.774169921875,0.818603515625,0.196533203125,0.500091552734375,False,0.5,0.5000813802083334,0.5008261879827659,0.5078125,0.51318359375,-0.06982421875,0.5000406901041667,False,P
241,nested_carry,2,47,True,0.5,00001111,15,1.0,1.0,1.0,0.8559553891620447,1.0,1.0,0.418701171875,1.0,True,0.5,0.50006103515625,0.512666169558492,0.777587890625,0.81982421875,0.1962890625,0.500030517578125,False,0.5,0.5000406901041666,0.500866622834203,0.506591796875,0.5126953125,-0.07470703125,0.5000203450520833,False,P
241,nested_carry,3,48,True,0.5,00001111,15,1.0,1.0,1.0,0.8369868392603437,1.0,1.0,0.4140625,1.0,True,0.5,0.50006103515625,0.5139258169095396,0.785400390625,0.82470703125,0.199462890625,0.500030517578125,False,0.5,0.5,0.5008825091724897,0.505126953125,0.511474609375,-0.080810546875,0.5,False,P
241,nested_carry,4,49,True,0.5,00001111,15,1.0,1.0,1.0,0.8139516382371806,1.0,1.0,0.41455078125,1.0,True,0.5,0.50006103515625,0.5153850082760651,0.79296875,0.83056640625,0.20751953125,0.500030517578125,False,0.5,0.5,0.5008867575836649,0.503173828125,0.5146484375,-0.082275390625,0.5,False,P
241,nested_carry,5,50,True,0.5,00001111,15,1.0,1.0,1.0,0.7874879294284889,1.0,1.0,0.408447265625,1.0,True,0.5,0.50006103515625,0.5169769156752612,0.801513671875,0.83837890625,0.2099609375,0.500030517578125,False,0.5,0.5,0.500877592088905,0.510986328125,0.513671875,-0.08056640625,0.5,False,P
241,nested_carry,7,52,True,0.499267578125,00001111,15,0.996337890625,0.996337890625,0.994873046875,0.7297272401930175,1.0,1.0,0.413818359375,0.99560546875,True,0.502685546875,0.50299072265625,0.5200009953627521,0.82666015625,0.85546875,0.240478515625,0.502838134765625,False,0.499267578125,0.4996744791666667,0.5008581141737476,0.51416015625,0.51025390625,-0.072021484375,0.49947102864583337,False,P
241,nested_carry,9,54,True,0.499755859375,00001111,15,0.984619140625,0.984619140625,0.9833984375,0.6741981481382576,1.0,1.0,0.417724609375,0.9840087890625,True,0.511474609375,0.51214599609375,0.5222155698043204,0.845458984375,0.8720703125,0.26318359375,0.511810302734375,False,0.499755859375,0.5008951822916666,0.5008543887856686,0.510498046875,0.5126953125,-0.07177734375,0.5003255208333333,False,P
241,nested_carry,13,58,True,0.4970703125,00001111,15,0.9619140625,0.9619140625,0.9630126953125,0.5911117836847163,1.0,1.0,0.40283203125,0.96246337890625,True,0.533203125,0.53216552734375,0.5239773263004431,0.885986328125,0.912841796875,0.288818359375,0.532684326171875,False,0.4970703125,0.4996744791666667,0.5008082027967093,0.52197265625,0.516845703125,-0.0751953125,0.49837239583333337,False,P
241,nested_carry,17,62,True,0.51025390625,00001111,15,0.88232421875,0.88232421875,0.8856201171875,0.5475214196153206,0.999267578125,1.0,0.406005859375,0.88397216796875,False,0.61279296875,0.609619140625,0.5250319020608837,0.92431640625,0.9501953125,0.3310546875,0.6112060546875,False,0.51025390625,0.5072428385416666,0.50075996541908,0.517333984375,0.51953125,-0.075927734375,0.5087483723958333,False,mixed_or_none
241,nested_carry,24,69,True,0.506103515625,00110011,51,0.873779296875,0.598876953125,0.6060791015625,0.5162928860731919,0.989990234375,1.0,0.402587890625,0.60247802734375,False,0.873779296875,0.868408203125,0.5350980333891705,0.98046875,0.9912109375,0.39306640625,0.87109375,False,0.506103515625,0.506103515625,0.5007784578968727,0.519287109375,0.522705078125,-0.068115234375,0.506103515625,False,mixed_or_none
241,nested_carry,33,78,True,0.501953125,00110011,51,0.95361328125,0.515625,0.5181884765625,0.5061379935125205,0.989013671875,1.0,0.398681640625,0.51690673828125,False,0.95361328125,0.95355224609375,0.5722133698054286,0.9990234375,1.0,0.40869140625,0.953582763671875,True,0.501953125,0.5020345052083334,0.5010123315237962,0.524169921875,0.528076171875,-0.066162109375,0.5019938151041667,False,Q
241,nested_carry,45,90,True,0.5,00110011,51,1.0,0.5,0.5,0.5102720328985627,0.994140625,1.0,0.38916015625,0.5,False,1.0,1.0,0.692835333927049,1.0,1.0,0.39501953125,1.0,True,0.5,0.5000406901041666,0.5014647193492722,0.532958984375,0.526611328125,-0.072021484375,0.5000203450520833,False,Q
241,nested_carry,62,107,True,0.5,00110011,51,1.0,0.5,0.5,0.508918488420363,0.997802734375,1.0,0.37353515625,0.5,False,1.0,1.0,0.904093557483967,1.0,1.0,0.375732421875,1.0,True,0.5,0.5,0.5011451776831236,0.52490234375,0.533203125,-0.099365234375,0.5,False,Q
241,nested_carry,85,130,True,0.5,00110011,51,1.0,0.5,0.5,0.49749830572405246,0.998046875,1.0,0.341796875,0.5,False,1.0,1.0,0.9021925429094345,1.0,1.0,0.34375,1.0,True,0.5,0.5,0.502175274306695,0.536865234375,0.56298828125,-0.119384765625,0.5,False,Q
241,nested_carry,117,162,True,0.5,00110011,51,1.0,0.5,0.5,0.5020429054838933,0.997802734375,1.0,0.337890625,0.5,False,1.0,1.0,0.8903197133927152,1.0,1.0,0.340087890625,1.0,True,0.5,0.5,0.5080044210159242,0.632080078125,0.689453125,-0.02783203125,0.5,False,Q
241,nested_carry,128,173,True,0.5,00110011,51,1.0,0.5,0.5,0.4962664908310599,0.99853515625,1.0,0.34814453125,0.5,False,1.0,0.9998779296875,0.8893721100201957,1.0,1.0,0.349609375,0.99993896484375,True,0.5,0.5001627604166666,0.5152514994432743,0.7099609375,0.770751953125,0.0595703125,0.5000813802083333,False,Q
241,nested_carry,161,206,True,0.556884765625,00110011,51,0.943115234375,0.507080078125,0.506103515625,0.5103802088754016,0.9990234375,0.999755859375,0.322509765625,0.506591796875,False,0.943115234375,0.94329833984375,0.8440437420668551,1.0,1.0,0.323486328125,0.943206787109375,True,0.556884765625,0.55615234375,0.5778926869943403,0.909912109375,0.936767578125,0.2333984375,0.5565185546875,False,Q
241,nested_carry,222,267,True,0.921630859375,01010101,85,0.921630859375,0.496337890625,0.49951171875,0.4977656736568252,0.998291015625,0.999267578125,0.296142578125,0.4979248046875,False,0.578369140625,0.5802001953125,0.6255554500822316,1.0,1.0,0.2978515625,0.57928466796875,False,0.921630859375,0.9209391276041667,0.8592564992154144,1.0,1.0,0.2978515625,0.9212849934895834,True,Y
241,nested_carry,304,349,True,1.0,01010101,85,1.0,0.5,0.5,0.5001526251332578,0.997314453125,0.99951171875,0.277587890625,0.5,False,0.5,0.5,0.5086386285008897,0.999755859375,1.0,0.280029296875,0.5,False,1.0,1.0,0.9904697342284798,1.0,1.0,0.2802734375,1.0,True,Y
241,nested_carry,418,463,True,1.0,01010101,85,1.0,0.5,0.5,0.49995288539890137,0.9970703125,0.99951171875,0.277587890625,0.5,False,0.5,0.5,0.5027685345478721,0.999755859375,1.0,0.2802734375,0.5,False,1.0,1.0,0.9969357218952413,1.0,1.0,0.280517578125,1.0,True,Y
241,nested_carry,575,620,True,1.0,01010101,85,1.0,0.5,0.5,0.4999893082039349,0.996826171875,0.99951171875,0.2783203125,0.5,False,0.5,0.5,0.5011886459951305,0.999755859375,1.0,0.28125,0.5,False,1.0,1.0,0.9986798998303483,1.0,1.0,0.281494140625,1.0,True,Y
241,nested_carry,790,835,True,1.0,01010101,85,1.0,0.5,0.5,0.49999706360099505,0.9970703125,0.99951171875,0.27978515625,0.5,False,0.5,0.5,0.500568321852922,0.999755859375,1.0,0.282470703125,0.5,False,1.0,1.0,0.9993672110003065,1.0,1.0,0.28271484375,1.0,True,Y
241,nested_carry,1024,1069,True,1.0,01010101,85,1.0,0.5,0.5,0.4999991875645034,0.996826171875,0.99951171875,0.28466796875,0.5,False,0.5,0.5,0.5003202030685384,0.999755859375,1.0,0.28759765625,0.5,False,1.0,1.0,0.9996427880641743,1.0,1.0,0.287841796875,1.0,True,Y
241,nested_reset,0,45,True,0.499755859375,00001111,15,0.999755859375,0.999755859375,0.9998779296875,0.878011476725622,1.0,1.0,0.422607421875,0.99981689453125,True,0.500244140625,0.50030517578125,0.5112930248472586,0.7705078125,0.814697265625,0.193115234375,0.500274658203125,False,0.499755859375,0.4999593098958333,0.5007991837071463,0.506103515625,0.512939453125,-0.0712890625,0.49985758463541663,False,P
241,nested_reset,1,46,True,0.5,00001111,15,1.0,1.0,1.0,0.8572411058976754,1.0,1.0,0.420654296875,1.0,True,0.5,0.50006103515625,0.5129677409304257,0.77978515625,0.81884765625,0.200439453125,0.500030517578125,False,0.5,0.5000406901041666,0.5008285480102358,0.51025390625,0.511962890625,-0.069091796875,0.5000203450520833,False,P
241,nested_reset,2,47,True,0.5,00001111,15,1.0,1.0,1.0,0.8338598334702366,1.0,1.0,0.419189453125,1.0,True,0.5,0.50006103515625,0.5147684408854203,0.79052734375,0.826171875,0.209716796875,0.500030517578125,False,0.5,0.5000406901041666,0.5008554009891215,0.51025390625,0.5107421875,-0.070556640625,0.5000203450520833,False,P
241,nested_reset,3,48,True,0.5,00001111,15,1.0,1.0,1.0,0.808958776734738,1.0,1.0,0.418212890625,1.0,True,0.5,0.50006103515625,0.5165778518186478,0.800537109375,0.83203125,0.21875,0.500030517578125,False,0.5,0.5,0.5008249926539853,0.51220703125,0.510986328125,-0.069580078125,0.5,False,P
241,nested_reset,4,49,True,0.5,00001111,15,1.0,1.0,1.0,0.7833484088740836,1.0,1.0,0.4130859375,1.0,True,0.5,0.50006103515625,0.5183142844732463,0.81494140625,0.83935546875,0.22802734375,0.500030517578125,False,0.5,0.5,0.5007978711118647,0.512939453125,0.510498046875,-0.073974609375,0.5,False,P
241,nested_reset,5,50,True,0.5,00001111,15,1.0,1.0,0.999755859375,0.7573314249409004,1.0,1.0,0.4140625,0.9998779296875,True,0.5,0.50030517578125,0.5200139783098368,0.828125,0.8466796875,0.2421875,0.500152587890625,False,0.5,0.4997151692708333,0.5007686060123018,0.512451171875,0.51171875,-0.073486328125,0.49985758463541663,False,P
241,nested_reset,7,52,True,0.5,00001111,15,0.99169921875,0.99169921875,0.9912109375,0.7075532968643419,1.0,1.0,0.42138671875,0.991455078125,True,0.5068359375,0.50689697265625,0.5229560810871687,0.84765625,0.86083984375,0.26904296875,0.506866455078125,False,0.5,0.5001627604166666,0.5007275539109307,0.51806640625,0.51220703125,-0.060546875,0.5000813802083333,False,P
241,nested_reset,9,54,True,0.499755859375,00001111,15,0.983154296875,0.983154296875,0.981689453125,0.6638921802143528,1.0,1.0,0.420654296875,0.982421875,True,0.514404296875,0.514892578125,0.5251399358545583,0.86181640625,0.876220703125,0.282470703125,0.5146484375,False,0.499755859375,0.5002034505208334,0.5007171353443045,0.517822265625,0.511962890625,-0.0615234375,0.4999796549479167,False,P
241,nested_reset,13,58,True,0.50390625,00001111,15,0.96044921875,0.96044921875,0.9620361328125,0.5989871767220654,1.0,1.0,0.413818359375,0.96124267578125,True,0.537109375,0.53717041015625,0.5282137867314941,0.894287109375,0.914306640625,0.30810546875,0.537139892578125,False,0.50390625,0.5018717447916666,0.5007356282197086,0.525390625,0.51123046875,-0.060791015625,0.5028889973958333,False,P
241,nested_reset,17,62,True,0.507080078125,00001111,15,0.880615234375,0.880615234375,0.884521484375,0.5602864861008042,0.999267578125,1.0,0.402099609375,0.882568359375,False,0.613037109375,0.61083984375,0.5314703710909549,0.9267578125,0.9423828125,0.32958984375,0.6119384765625,False,0.507080078125,0.503662109375,0.5007679477773062,0.524658203125,0.51806640625,-0.072509765625,0.50537109375,False,mixed_or_none
241,nested_reset,24,69,True,0.50390625,00110011,51,0.85400390625,0.62060546875,0.630859375,0.5258680933302439,0.99609375,1.0,0.39013671875,0.625732421875,False,0.85400390625,0.845458984375,0.5439662691261006,0.978515625,0.9833984375,0.37255859375,0.8497314453125,False,0.50390625,0.5048421223958334,0.5008570613054821,0.52783203125,0.52001953125,-0.078125,0.5043741861979167,False,mixed_or_none
241,nested_reset,33,78,True,0.501708984375,00110011,51,0.944580078125,0.523681640625,0.529296875,0.5132609314298557,0.994140625,1.0,0.3837890625,0.5264892578125,False,0.944580078125,0.9432373046875,0.5804317452064307,0.998046875,0.99951171875,0.3876953125,0.94390869140625,True,0.501708984375,0.500732421875,0.5011231686242323,0.5205078125,0.517822265625,-0.08984375,0.501220703125,False,Q
241,nested_reset,45,90,True,0.500244140625,00110011,51,0.999267578125,0.500732421875,0.5008544921875,0.5154039873342383,0.998046875,1.0,0.390869140625,0.50079345703125,False,0.999267578125,0.999267578125,0.6864316516590435,1.0,1.0,0.392822265625,0.999267578125,True,0.500244140625,0.4999186197916667,0.5015177422614422,0.521728515625,0.5224609375,-0.08544921875,0.5000813802083334,False,Q
241,nested_reset,62,107,True,0.5,00110011,51,1.0,0.5,0.5,0.510220484344596,0.999267578125,1.0,0.37548828125,0.5,False,1.0,1.0,0.8853563120695209,1.0,1.0,0.376220703125,1.0,True,0.5,0.5,0.5012562302935208,0.53857421875,0.52880859375,-0.085205078125,0.5,False,Q
241,nested_reset,85,130,True,0.5,00110011,51,1.0,0.5,0.5,0.49614521775974396,0.999267578125,1.0,0.32373046875,0.5,False,1.0,1.0,0.9098946881321552,0.99951171875,1.0,0.323974609375,1.0,True,0.5,0.5,0.5018919654798466,0.546630859375,0.547607421875,-0.12890625,0.5,False,Q
241,nested_reset,117,162,True,0.5,00110011,51,1.0,0.5,0.5,0.5019440781453294,0.998779296875,1.0,0.334228515625,0.5,False,1.0,1.0,0.8916377583557586,1.0,1.0,0.33544921875,1.0,True,0.5,0.5,0.5056774175199167,0.593017578125,0.642822265625,-0.071533203125,0.5,False,Q
241,nested_reset,128,173,True,0.5,00110011,51,1.0,0.5,0.5,0.49473031397525496,0.99853515625,1.0,0.33642578125,0.5,False,1.0,1.0,0.8921728405439773,1.0,1.0,0.337890625,1.0,True,0.5,0.5,0.5097529680003199,0.660888671875,0.7119140625,-0.001220703125,0.5,False,Q
241,nested_reset,161,206,True,0.517822265625,00110011,51,0.982177734375,0.504638671875,0.50341796875,0.5100091353229393,0.999267578125,1.0,0.333740234375,0.5040283203125,False,0.982177734375,0.9814453125,0.8628490716666539,1.0,1.0,0.33447265625,0.9818115234375,True,0.517822265625,0.5177815755208334,0.5521629773735464,0.8916015625,0.9375,0.22607421875,0.5178019205729167,False,Q
241,nested_reset,222,267,True,0.90625,01010101,85,0.90625,0.49169921875,0.496826171875,0.4996456825939908,0.998291015625,1.0,0.29296875,0.4942626953125,False,0.59375,0.59625244140625,0.6407264692512484,1.0,1.0,0.294677734375,0.595001220703125,False,0.90625,0.9042154947916667,0.8397424644088054,1.0,1.0,0.294677734375,0.9052327473958334,True,Y
241,nested_reset,304,349,True,1.0,01010101,85,1.0,0.5,0.5,0.5003520852484755,0.9990234375,1.0,0.283203125,0.5,False,0.5,0.5,0.5096355862410895,0.99951171875,1.0,0.28369140625,0.5,False,1.0,1.0,0.9892758092654086,1.0,1.0,0.2841796875,1.0,True,Y
241,nested_reset,418,463,True,1.0,01010101,85,1.0,0.5,0.5,0.5000026295558716,0.9990234375,1.0,0.282958984375,0.5,False,0.5,0.5,0.5030667891055902,0.999267578125,1.0,0.283203125,0.5,False,1.0,1.0,0.9965848602239162,1.0,1.0,0.283935546875,1.0,True,Y
241,nested_reset,575,620,True,1.0,01010101,85,1.0,0.5,0.5,0.5000024867369713,0.999267578125,1.0,0.28662109375,0.5,False,0.5,0.5,0.5013161830449757,0.99951171875,1.0,0.286865234375,0.5,False,1.0,1.0,0.9985349292467227,1.0,1.0,0.287353515625,1.0,True,Y
241,nested_reset,790,835,True,1.0,01010101,85,1.0,0.5,0.5,0.5000003006551095,0.999267578125,1.0,0.28515625,0.5,False,0.5,0.5,0.500629528736042,0.99951171875,1.0,0.285400390625,0.5,False,1.0,1.0,0.9992992345591085,1.0,1.0,0.285888671875,1.0,True,Y
241,nested_reset,1024,1069,True,1.0,01010101,85,1.0,0.5,0.5,0.5000023365652868,0.99951171875,1.0,0.282470703125,0.5,False,0.5,0.5,0.500354722967996,0.99951171875,1.0,0.282470703125,0.5,False,1.0,1.0,0.9996051361166223,1.0,1.0,0.282958984375,1.0,True,Y
241,scratch,0,45,True,0.49755859375,11111111,255,0.96826171875,0.49462890625,0.4923095703125,0.5007058324687255,0.95751953125,0.999755859375,0.403564453125,0.49346923828125,False,0.50830078125,0.5103759765625,0.5002303017545463,0.689697265625,0.7373046875,0.1357421875,0.50933837890625,False,0.49755859375,0.4998372395833333,0.5000078383515385,0.515625,0.506591796875,-0.038330078125,0.49869791666666663,False,mixed_or_none
241,scratch,1,46,True,0.49853515625,11111111,255,0.8388671875,0.48046875,0.4730224609375,0.4990077812220218,0.956298828125,0.999755859375,0.4033203125,0.47674560546875,False,0.5302734375,0.53125,0.5012374997600313,0.69873046875,0.7353515625,0.145751953125,0.53076171875,False,0.49853515625,0.4984944661458333,0.5000553795362066,0.50732421875,0.506591796875,-0.045654296875,0.49851481119791663,False,mixed_or_none
241,scratch,2,47,True,0.506591796875,11111111,255,0.877685546875,0.487548828125,0.4827880859375,0.499339607343218,0.95068359375,0.999755859375,0.396728515625,0.48516845703125,False,0.534912109375,0.53619384765625,0.5020958174057427,0.720947265625,0.739013671875,0.1669921875,0.535552978515625,False,0.506591796875,0.504150390625,0.5001018675833185,0.50439453125,0.5078125,-0.049560546875,0.50537109375,False,mixed_or_none
241,scratch,3,48,True,0.50537109375,11111111,255,0.734375,0.4833984375,0.4652099609375,0.49844472817623414,0.951416015625,0.999755859375,0.396484375,0.47430419921875,False,0.556640625,0.55938720703125,0.5030363154388016,0.72998046875,0.741455078125,0.175048828125,0.558013916015625,False,0.50537109375,0.5006510416666666,0.5001368175227504,0.505126953125,0.506591796875,-0.0498046875,0.5030110677083333,False,mixed_or_none
241,scratch,4,49,True,0.504150390625,11111011,251,0.598876953125,0.466552734375,0.45458984375,0.4980297731513386,0.94970703125,0.999755859375,0.394775390625,0.4605712890625,False,0.573974609375,0.5814208984375,0.5040352023790385,0.74462890625,0.74365234375,0.189697265625,0.57769775390625,False,0.504150390625,0.5008951822916666,0.5001791031157454,0.5048828125,0.505615234375,-0.050048828125,0.5025227864583333,False,mixed_or_none
241,scratch,5,50,True,0.50390625,00010000,16,0.64501953125,0.462890625,0.46044921875,0.49791306628035137,0.947998046875,0.999755859375,0.38818359375,0.461669921875,False,0.5849609375,0.5933837890625,0.5050485402467115,0.7705078125,0.748291015625,0.210693359375,0.58917236328125,False,0.50390625,0.5006103515625,0.500217902258445,0.512451171875,0.50634765625,-0.04736328125,0.50225830078125,False,mixed_or_none
241,scratch,7,52,True,0.506103515625,00000000,0,0.876220703125,0.478271484375,0.482421875,0.4976652877402763,0.947509765625,0.999755859375,0.385986328125,0.4803466796875,False,0.572021484375,0.574462890625,0.5071747885901963,0.810546875,0.752685546875,0.2490234375,0.5732421875,False,0.506103515625,0.5032958984375,0.5002961443122107,0.52294921875,0.50732421875,-0.03857421875,0.50469970703125,False,mixed_or_none
241,scratch,9,54,True,0.50830078125,00000000,0,0.8544921875,0.47265625,0.4769287109375,0.4972792312659349,0.950439453125,0.999755859375,0.38671875,0.47479248046875,False,0.5966796875,0.59954833984375,0.5097030766085033,0.845703125,0.765625,0.281982421875,0.598114013671875,False,0.50830078125,0.5048421223958334,0.5004021934736531,0.528564453125,0.506103515625,-0.03515625,0.5065714518229167,False,mixed_or_none
241,scratch,13,58,True,0.510986328125,00110011,51,0.730712890625,0.470947265625,0.4786376953125,0.4974856498211622,0.956298828125,0.999755859375,0.3837890625,0.47479248046875,False,0.730712890625,0.734375,0.5160309857246407,0.9033203125,0.800048828125,0.330810546875,0.7325439453125,False,0.510986328125,0.5050048828125,0.5006147913477743,0.531982421875,0.5029296875,-0.04052734375,0.50799560546875,False,mixed_or_none
241,scratch,17,62,True,0.50390625,00110011,51,0.73876953125,0.48046875,0.4886474609375,0.49780108256264793,0.961181640625,0.999755859375,0.38623046875,0.48455810546875,False,0.73876953125,0.7440185546875,0.5254126940083526,0.9501953125,0.83642578125,0.375244140625,0.74139404296875,False,0.50390625,0.5050455729166666,0.5008217099115039,0.5419921875,0.505126953125,-0.032958984375,0.5044759114583333,False,mixed_or_none
241,scratch,24,69,True,0.510009765625,00110011,51,0.870849609375,0.453369140625,0.45703125,0.4892681725381074,0.955810546875,0.99951171875,0.34716796875,0.4552001953125,False,0.870849609375,0.87127685546875,0.5587987566496776,0.996337890625,0.9267578125,0.3876953125,0.871063232421875,False,0.510009765625,0.5019938151041666,0.5013827476183914,0.550537109375,0.50732421875,-0.05810546875,0.5060017903645833,False,mixed_or_none
241,scratch,33,78,True,0.499267578125,00110011,51,0.988525390625,0.495849609375,0.496337890625,0.49180500659113935,0.959716796875,0.99951171875,0.329833984375,0.49609375,False,0.988525390625,0.98785400390625,0.6512330371340718,1.0,0.9931640625,0.3701171875,0.988189697265625,True,0.499267578125,0.4976806640625,0.5022096551048942,0.56884765625,0.50830078125,-0.06103515625,0.49847412109375,False,Q
241,scratch,45,90,True,0.5,00110011,51,1.0,0.5,0.5,0.4957569210628818,0.970947265625,0.999755859375,0.3388671875,0.5,False,1.0,1.0,0.8479640542741327,1.0,1.0,0.367919921875,1.0,True,0.5,0.5,0.5016290228962259,0.557861328125,0.5185546875,-0.07421875,0.5,False,Q
241,scratch,62,107,True,0.5,00110011,51,1.0,0.5,0.5,0.5057664742989746,0.96142578125,1.0,0.291748046875,0.5,False,1.0,1.0,0.9234115922123706,1.0,1.0,0.330322265625,1.0,True,0.5,0.5,0.5017643035783058,0.599609375,0.541015625,-0.070068359375,0.5,False,Q
241,scratch,85,130,True,0.5,00110011,51,1.0,0.5,0.5,0.49713465956406844,0.904296875,0.999755859375,0.23779296875,0.5,False,1.0,1.0,0.8944583387761469,1.0,1.0,0.33349609375,1.0,True,0.5,0.5,0.5056895684961789,0.708251953125,0.604248046875,0.041748046875,0.5,False,Q
241,scratch,117,162,True,0.5,00110011,51,1.0,0.5,0.5,0.497780717105385,0.87548828125,0.99951171875,0.19873046875,0.5,False,1.0,1.0,0.8821880658274037,1.0,1.0,0.3232421875,1.0,True,0.5,0.5,0.529111511351109,0.92919921875,0.837158203125,0.25244140625,0.5,False,Q
241,scratch,128,173,True,0.51171875,00110011,51,0.98828125,0.498046875,0.4969482421875,0.49077216350026565,0.856201171875,0.999267578125,0.152099609375,0.49749755859375,False,0.98828125,0.98931884765625,0.8562363004839324,1.0,1.0,0.2958984375,0.988800048828125,True,0.51171875,0.5113525390625,0.558062098098973,0.982666015625,0.91845703125,0.278564453125,0.51153564453125,False,Q
241,scratch,161,206,True,0.76513671875,00010101,21,0.7744140625,0.51611328125,0.5118408203125,0.5075749230993624,0.837890625,0.997802734375,0.11279296875,0.51397705078125,False,0.73486328125,0.73883056640625,0.7064587203434651,1.0,1.0,0.27490234375,0.736846923828125,False,0.76513671875,0.7621256510416667,0.7552259480659331,1.0,0.998046875,0.27490234375,0.7636311848958334,False,mixed_or_none
241,scratch,222,267,True,1.0,01010101,85,1.0,0.5,0.5,0.5002191046373796,0.8115234375,0.986328125,0.072509765625,0.5,False,0.5,0.5,0.5129645860174143,0.996826171875,0.99951171875,0.2578125,0.5,False,1.0,1.0,0.9849279843245535,1.0,1.0,0.260986328125,1.0,True,Y
241,scratch,304,349,True,1.0,01010101,85,1.0,0.5,0.5,0.5000049899563368,0.825439453125,0.985107421875,0.08203125,0.5,False,0.5,0.5,0.5039462303279535,0.9951171875,0.999267578125,0.251708984375,0.5,False,1.0,1.0,0.995428435088108,1.0,1.0,0.256591796875,1.0,True,Y
241,scratch,418,463,True,1.0,01010101,85,1.0,0.5,0.5,0.4999887262009517,0.82470703125,0.983642578125,0.08251953125,0.5,False,0.5,0.5,0.5017047943797939,0.9931640625,0.99853515625,0.2509765625,0.5,False,1.0,1.0,0.9980249974091142,1.0,1.0,0.2578125,1.0,True,Y
241,scratch,575,620,True,1.0,01010101,85,1.0,0.5,0.5,0.4999955732507678,0.822998046875,0.982666015625,0.07861328125,0.5,False,0.5,0.5,0.5008167353160731,0.9921875,0.998291015625,0.247802734375,0.5,False,1.0,1.0,0.9990529853153665,1.0,1.0,0.255615234375,1.0,True,Y
241,scratch,790,835,True,1.0,01010101,85,1.0,0.5,0.5,0.4999963436336717,0.828857421875,0.9814453125,0.086181640625,0.5,False,0.5,0.5,0.5004161135580744,0.99072265625,0.998046875,0.248046875,0.5,False,1.0,1.0,0.9995183975313724,1.0,1.0,0.25732421875,1.0,True,Y
241,scratch,1024,1069,True,1.0,01010101,85,1.0,0.5,0.5,0.49999811284549556,0.8271484375,0.980712890625,0.080078125,0.5,False,0.5,0.5,0.5002415311631543,0.9892578125,0.997314453125,0.2421875,0.5,False,1.0,1.0,0.999720545935173,1.0,1.0,0.2529296875,1.0,True,Y
241,sham,0,45,True,0.494140625,11111111,255,0.796875,0.44091796875,0.4527587890625,0.49841795828117336,0.890625,0.999755859375,0.341552734375,0.44683837890625,False,0.51953125,0.5166015625,0.5004620176325866,0.622314453125,0.73974609375,0.0732421875,0.51806640625,False,0.494140625,0.5008138020833334,0.49997043297653904,0.5126953125,0.507080078125,-0.036376953125,0.4974772135416667,False,mixed_or_none
241,sham,1,46,True,0.49462890625,11111111,255,0.73388671875,0.43310546875,0.443115234375,0.498322191714181,0.88427734375,0.999755859375,0.336181640625,0.4381103515625,False,0.54052734375,0.53314208984375,0.5008498523431139,0.632080078125,0.73486328125,0.083984375,0.536834716796875,False,0.49462890625,0.4989013671875,0.4999769354127154,0.51123046875,0.505126953125,-0.036865234375,0.49676513671875,False,mixed_or_none
241,sham,2,47,True,0.4921875,11111111,255,0.83349609375,0.4521484375,0.4560546875,0.498310069036017,0.881591796875,0.999755859375,0.333984375,0.4541015625,False,0.533203125,0.53314208984375,0.5012060527572972,0.64599609375,0.736572265625,0.098388671875,0.533172607421875,False,0.4921875,0.4986979166666667,0.4999897771122859,0.50634765625,0.507080078125,-0.041259765625,0.49544270833333337,False,mixed_or_none
241,sham,3,48,True,0.4921875,11111111,255,0.7734375,0.43212890625,0.4365234375,0.49798040240484776,0.8818359375,0.999755859375,0.328369140625,0.434326171875,False,0.5546875,0.55389404296875,0.5016581521785052,0.66162109375,0.735595703125,0.108154296875,0.554290771484375,False,0.4921875,0.4983723958333333,0.5000069809444622,0.503662109375,0.511474609375,-0.0498046875,0.49527994791666663,False,mixed_or_none
241,sham,4,49,True,0.49609375,11111111,255,0.705078125,0.41552734375,0.4190673828125,0.49770633378379764,0.87939453125,0.999755859375,0.3212890625,0.41729736328125,False,0.58349609375,0.57806396484375,0.5021723853833867,0.67724609375,0.7412109375,0.119140625,0.580780029296875,False,0.49609375,0.5003662109375,0.5000322977978812,0.50244140625,0.51123046875,-0.0556640625,0.49822998046875,False,mixed_or_none
241,sham,5,50,True,0.49658203125,11110011,243,0.64208984375,0.4033203125,0.4129638671875,0.4976366456736518,0.87890625,0.999755859375,0.3193359375,0.40814208984375,False,0.6064453125,0.5986328125,0.5027704359355286,0.699462890625,0.7412109375,0.139892578125,0.6025390625,False,0.49658203125,0.501220703125,0.5000667228269732,0.4892578125,0.510498046875,-0.0703125,0.4989013671875,False,mixed_or_none
241,sham,7,52,True,0.508056640625,00110000,48,0.681396484375,0.419189453125,0.427734375,0.49749932043398737,0.882568359375,0.999755859375,0.328857421875,0.4234619140625,False,0.623779296875,0.6202392578125,0.504141746786507,0.73095703125,0.749267578125,0.17724609375,0.62200927734375,False,0.508056640625,0.5049235026041666,0.5001208991951124,0.5,0.5078125,-0.0537109375,0.5064900716145833,False,mixed_or_none
241,sham,9,54,True,0.506591796875,00010000,16,0.716064453125,0.428955078125,0.43896484375,0.49711973870273296,0.887451171875,0.999755859375,0.328125,0.4339599609375,False,0.641845703125,0.64361572265625,0.5059185793729584,0.762451171875,0.7607421875,0.203125,0.642730712890625,False,0.506591796875,0.5045979817708334,0.5001792564277215,0.508056640625,0.50732421875,-0.05126953125,0.5055948893229167,False,mixed_or_none
241,sham,13,58,True,0.51025390625,00110011,51,0.7197265625,0.43017578125,0.4395751953125,0.496273827131695,0.8994140625,0.999755859375,0.34130859375,0.43487548828125,False,0.7197265625,0.72088623046875,0.5110206322053765,0.824462890625,0.782958984375,0.266357421875,0.720306396484375,False,0.51025390625,0.5072835286458334,0.5002835741551811,0.50537109375,0.50537109375,-0.052734375,0.5087687174479167,False,mixed_or_none
241,sham,17,62,True,0.50927734375,00110011,51,0.79052734375,0.43994140625,0.4493408203125,0.4952232811304068,0.9140625,0.999755859375,0.364501953125,0.44464111328125,False,0.79052734375,0.791748046875,0.5194642701608846,0.910888671875,0.821533203125,0.361328125,0.7911376953125,False,0.50927734375,0.5050048828125,0.5004161795411768,0.509521484375,0.5087890625,-0.0400390625,0.50714111328125,False,mixed_or_none
241,sham,24,69,True,0.51171875,00110011,51,0.8642578125,0.44873046875,0.448486328125,0.487887036508518,0.932373046875,0.999755859375,0.360107421875,0.4486083984375,False,0.8642578125,0.86260986328125,0.5515101655143515,0.994384765625,0.895751953125,0.422119140625,0.863433837890625,False,0.51171875,0.5041097005208334,0.5007386721596706,0.515625,0.506591796875,-0.056640625,0.5079142252604167,False,mixed_or_none
241,sham,33,78,True,0.4990234375,00110011,51,0.99609375,0.49755859375,0.4974365234375,0.4872136240800901,0.94775390625,0.999755859375,0.349609375,0.49749755859375,False,0.99609375,0.99615478515625,0.6457448103822591,1.0,0.9794921875,0.40185546875,0.996124267578125,True,0.4990234375,0.499267578125,0.5012503622914559,0.527587890625,0.503173828125,-0.070556640625,0.4991455078125,False,Q
241,sham,45,90,True,0.5,00110011,51,1.0,0.5,0.5,0.49481060639725566,0.951416015625,1.0,0.321533203125,0.5,False,1.0,1.0,0.8489240917624515,1.0,1.0,0.3701171875,1.0,True,0.5,0.5,0.5008538306259128,0.526611328125,0.51220703125,-0.103271484375,0.5,False,Q
241,sham,62,107,True,0.5,00110011,51,1.0,0.5,0.5,0.5057035227276785,0.929443359375,0.999267578125,0.268798828125,0.5,False,1.0,1.0,0.9176563750382036,1.0,1.0,0.33935546875,1.0,True,0.5,0.5,0.5006902003531597,0.526123046875,0.51611328125,-0.134521484375,0.5,False,Q
241,sham,85,130,True,0.5,00110011,51,1.0,0.5,0.5,0.4981234874302777,0.8984375,0.999267578125,0.233642578125,0.5,False,1.0,1.0,0.8998284092377027,1.0,1.0,0.335205078125,1.0,True,0.5,0.5,0.5015328829388452,0.576416015625,0.5400390625,-0.08837890625,0.5,False,Q
241,sham,117,162,True,0.5,00110011,51,1.0,0.5,0.5,0.4997714610013246,0.8623046875,0.9990234375,0.19140625,0.5,False,1.0,1.0,0.8992782108069645,1.0,1.0,0.3291015625,1.0,True,0.5,0.5,0.5076228056091285,0.653564453125,0.7080078125,-0.017333984375,0.5,False,Q
241,sham,128,173,True,0.5,00110011,51,1.0,0.5,0.5,0.49514955534084254,0.85888671875,0.998779296875,0.16357421875,0.5,False,1.0,1.0,0.8848535913710668,1.0,1.0,0.3046875,1.0,True,0.5,0.5,0.5163598984393487,0.708984375,0.7578125,0.013671875,0.5,False,Q
241,sham,161,206,True,0.5634765625,00110011,51,0.9365234375,0.50830078125,0.509033203125,0.5058414800338404,0.853515625,0.995849609375,0.14794921875,0.5086669921875,False,0.9365234375,0.93646240234375,0.8433534855944681,1.0,1.0,0.29443359375,0.936492919921875,True,0.5634765625,0.5638834635416666,0.5737439173252321,0.83837890625,0.867431640625,0.1328125,0.5636800130208333,False,Q
241,sham,222,267,True,0.94189453125,01010101,85,0.94189453125,0.49755859375,0.499267578125,0.5008338116722737,0.829833984375,0.98779296875,0.075439453125,0.4984130859375,False,0.55810546875,0.5589599609375,0.5896514447065404,1.0,0.999755859375,0.24560546875,0.55853271484375,False,0.94189453125,0.9425862630208333,0.8955254141619826,1.0,1.0,0.24560546875,0.9422403971354166,True,Y
241,sham,304,349,True,1.0,01010101,85,1.0,0.5,0.5,0.5000513482867398,0.817626953125,0.985107421875,0.065185546875,0.5,False,0.5,0.5,0.5055940413642114,0.999267578125,0.999267578125,0.246826171875,0.5,False,1.0,1.0,0.9935428190303333,1.0,1.0,0.24755859375,1.0,True,Y
241,sham,418,463,True,1.0,01010101,85,1.0,0.5,0.5,0.500010658887314,0.818603515625,0.98486328125,0.0712890625,0.5,False,0.5,0.5,0.5020184340117128,0.999267578125,0.999267578125,0.251953125,0.5,False,1.0,1.0,0.9976681945936579,1.0,1.0,0.252685546875,1.0,True,Y
241,sham,575,620,True,1.0,01010101,85,1.0,0.5,0.5,0.49999796702922383,0.8203125,0.984375,0.073974609375,0.5,False,0.5,0.5,0.5009141576922731,0.999267578125,0.999267578125,0.2529296875,0.5,False,1.0,1.0,0.9989435650290652,1.0,1.0,0.253662109375,1.0,True,Y
241,sham,790,835,True,1.0,01010101,85,1.0,0.5,0.5,0.4999977518485232,0.82080078125,0.98388671875,0.07861328125,0.5,False,0.5,0.5,0.5004472902614732,0.999267578125,0.999267578125,0.257080078125,0.5,False,1.0,1.0,0.9994827008693759,1.0,1.0,0.2578125,1.0,True,Y
241,sham,1024,1069,True,1.0,01010101,85,1.0,0.5,0.5,0.4999991243613774,0.8203125,0.983642578125,0.0791015625,0.5,False,0.5,0.5,0.5002560288814798,0.999267578125,0.999267578125,0.258056640625,0.5,False,1.0,1.0,0.9997039134253531,1.0,1.0,0.2587890625,1.0,True,Y
251,independent_carry,0,45,True,0.49853515625,00001111,15,0.99462890625,0.99462890625,0.9927978515625,0.87359926224131,1.0,1.0,0.375732421875,0.99371337890625,True,0.50537109375,0.5059814453125,0.5767068210338239,0.997314453125,0.98046875,0.373046875,0.50567626953125,False,0.49853515625,0.4999186197916667,0.5009820182428402,0.519775390625,0.509033203125,-0.1044921875,0.49922688802083337,False,P
251,independent_carry,1,46,True,0.49951171875,00001111,15,0.99169921875,0.99169921875,0.989013671875,0.8611393587189652,1.0,1.0,0.37939453125,0.9903564453125,True,0.50830078125,0.50946044921875,0.5848775398355465,0.998046875,0.982421875,0.37744140625,0.508880615234375,False,0.49951171875,0.5004475911458334,0.5010552422332457,0.520263671875,0.50830078125,-0.100341796875,0.4999796549479167,False,P
251,independent_carry,2,47,True,0.499267578125,00001111,15,0.989013671875,0.989013671875,0.986328125,0.8447287625452699,1.0,1.0,0.379638671875,0.9876708984375,True,0.510986328125,0.513427734375,0.5951067379343011,0.998779296875,0.98583984375,0.37841796875,0.51220703125,False,0.499267578125,0.499755859375,0.5011082379035185,0.51708984375,0.5068359375,-0.103271484375,0.49951171875,False,P
251,independent_carry,3,48,True,0.498046875,00001111,15,0.98388671875,0.98388671875,0.9808349609375,0.8243330670898394,1.0,1.0,0.3828125,0.98236083984375,True,0.51611328125,0.5191650390625,0.6072868580278226,0.999267578125,0.98974609375,0.382080078125,0.51763916015625,False,0.498046875,0.499755859375,0.5011528061396912,0.520263671875,0.50634765625,-0.096923828125,0.4989013671875,False,P
251,independent_carry,4,49,True,0.499267578125,00001111,15,0.970947265625,0.970947265625,0.9671630859375,0.8009034837409077,1.0,1.0,0.38427734375,0.96905517578125,True,0.529052734375,0.53167724609375,0.6204588503211217,0.999267578125,0.9931640625,0.383544921875,0.530364990234375,False,0.499267578125,0.5011393229166666,0.5011820687139662,0.524169921875,0.506103515625,-0.091552734375,0.5002034505208333,False,P
251,independent_carry,5,50,True,0.501220703125,00001111,15,0.948974609375,0.948974609375,0.944580078125,0.776016212122882,1.0,1.0,0.381591796875,0.94677734375,True,0.551025390625,0.55548095703125,0.6337506820599774,0.99951171875,0.994384765625,0.381103515625,0.553253173828125,False,0.501220703125,0.5030517578125,0.5011993582612521,0.524658203125,0.502685546875,-0.09375,0.50213623046875,False,P
251,independent_carry,7,52,True,0.497314453125,00001111,15,0.852294921875,0.852294921875,0.8507080078125,0.7230860339541941,1.0,1.0,0.37451171875,0.85150146484375,False,0.647705078125,0.64886474609375,0.659548052644972,0.999755859375,0.997802734375,0.374267578125,0.648284912109375,False,0.497314453125,0.50048828125,0.5011954606864245,0.528564453125,0.505615234375,-0.096923828125,0.4989013671875,False,mixed_or_none
251,independent_carry,9,54,True,0.49609375,00000011,3,0.85107421875,0.740234375,0.7421875,0.673195506386784,1.0,1.0,0.3701171875,0.7412109375,False,0.759765625,0.76055908203125,0.6815118921206602,0.999755859375,0.99853515625,0.369873046875,0.760162353515625,False,0.49609375,0.5,0.5011387810312359,0.5302734375,0.509521484375,-0.099609375,0.498046875,False,mixed_or_none
251,independent_carry,13,58,True,0.495361328125,00110011,51,0.954345703125,0.545654296875,0.5494384765625,0.6003109380724911,0.999755859375,0.999755859375,0.357421875,0.54754638671875,False,0.954345703125,0.95245361328125,0.7200292462796762,1.0,1.0,0.357666015625,0.953399658203125,True,0.495361328125,0.4996744791666667,0.5009572671957657,0.53173828125,0.5107421875,-0.110595703125,0.49751790364583337,False,Q
251,independent_carry,17,62,True,0.496826171875,00110011,51,0.990478515625,0.509521484375,0.510009765625,0.5557719962008125,0.999267578125,0.999755859375,0.35498046875,0.509765625,False,0.990478515625,0.98944091796875,0.752499950307592,1.0,1.0,0.355712890625,0.989959716796875,True,0.496826171875,0.4989827473958333,0.5006941648960499,0.53076171875,0.50830078125,-0.113525390625,0.49790445963541663,False,Q
251,independent_carry,24,69,True,0.5,00110011,51,1.0,0.5,0.5,0.5137245124232797,0.997802734375,0.999755859375,0.35546875,0.5,False,1.0,1.0,0.8222859000745447,1.0,1.0,0.357666015625,1.0,True,0.5,0.5,0.5004726459833992,0.526611328125,0.51171875,-0.11572265625,0.5,False,Q
251,independent_carry,33,78,True,0.5,00110011,51,1.0,0.5,0.5,0.49576838282449076,0.997314453125,1.0,0.345703125,0.5,False,1.0,1.0,0.8918427698376383,1.0,1.0,0.348388671875,1.0,True,0.5,0.5,0.5003451696447313,0.5302734375,0.5107421875,-0.121337890625,0.5,False,Q
251,independent_carry,45,90,True,0.5,00110011,51,1.0,0.5,0.5,0.4925709775628797,0.994140625,1.0,0.343505859375,0.5,False,1.0,1.0,0.9172457714662554,1.0,1.0,0.349365234375,1.0,True,0.5,0.5,0.5004055057962834,0.529296875,0.509765625,-0.121337890625,0.5,False,Q
251,independent_carry,62,107,True,0.5,00110011,51,1.0,0.5,0.5,0.49451716297510845,0.994873046875,1.0,0.35791015625,0.5,False,1.0,1.0,0.9015503879325742,1.0,1.0,0.363037109375,1.0,True,0.5,0.5,0.5008145841496204,0.53076171875,0.51806640625,-0.106201171875,0.5,False,Q
251,independent_carry,85,130,True,0.5,00110011,51,1.0,0.5,0.5,0.5020115801439035,0.989990234375,1.0,0.349365234375,0.5,False,1.0,1.0,0.8958887548781668,1.0,1.0,0.359375,1.0,True,0.5,0.5,0.5018803713080889,0.56787109375,0.5634765625,-0.07275390625,0.5,False,Q
251,independent_carry,117,162,True,0.5,00110011,51,1.0,0.5,0.5,0.5026676882392329,0.98779296875,0.99951171875,0.3193359375,0.5,False,1.0,1.0,0.8979523358219954,1.0,1.0,0.33154296875,1.0,True,0.5,0.5,0.5100676502714829,0.728271484375,0.736083984375,0.059814453125,0.5,False,Q
251,independent_carry,128,173,True,0.5,00110011,51,1.0,0.5,0.5,0.5012713197838876,0.98388671875,0.99951171875,0.313232421875,0.5,False,1.0,1.0,0.884259686366647,1.0,1.0,0.329345703125,1.0,True,0.5,0.5,0.5191026464968764,0.793701171875,0.806884765625,0.123046875,0.5,False,Q
251,independent_carry,161,206,True,0.5498046875,00110011,51,0.9501953125,0.49365234375,0.494384765625,0.4952015154728493,0.987548828125,1.0,0.317138671875,0.4940185546875,False,0.9501953125,0.9508056640625,0.8242554478871738,1.0,1.0,0.32958984375,0.95050048828125,True,0.5498046875,0.5500895182291666,0.619557935550141,0.9970703125,1.0,0.32666015625,0.5499471028645833,False,Q
251,independent_carry,222,267,True,1.0,01010101,85,1.0,0.5,0.5,0.4983995975561805,0.986572265625,0.99853515625,0.338134765625,0.5,False,0.5,0.5,0.5208636556992436,1.0,1.0,0.3515625,0.5,False,1.0,1.0,0.9761735831414728,1.0,1.0,0.3515625,1.0,True,Y
251,independent_carry,304,349,True,1.0,01010101,85,1.0,0.5,0.5,0.4995576544997537,0.9853515625,0.99853515625,0.3212890625,0.5,False,0.5,0.5,0.5046839984560589,1.0,1.0,0.3359375,0.5,False,1.0,1.0,0.9946667374904032,1.0,1.0,0.3359375,1.0,True,Y
251,independent_carry,418,463,True,1.0,01010101,85,1.0,0.5,0.5,0.4998277114908156,0.98486328125,0.998046875,0.310791015625,0.5,False,0.5,0.5,0.5019597588877498,1.0,1.0,0.325927734375,0.5,False,1.0,1.0,0.9977701451182119,1.0,1.0,0.325927734375,1.0,True,Y
251,independent_carry,575,620,True,1.0,01010101,85,1.0,0.5,0.5,0.49992137825664806,0.98486328125,0.998046875,0.31298828125,0.5,False,0.5,0.5,0.500921211087545,1.0,1.0,0.328125,0.5,False,1.0,1.0,0.9989502982929477,1.0,1.0,0.328125,1.0,True,Y
251,independent_carry,790,835,True,1.0,01010101,85,1.0,0.5,0.5,0.49996193211017254,0.9853515625,0.998046875,0.30810546875,0.5,False,0.5,0.5,0.5004550365601398,1.0,1.0,0.32275390625,0.5,False,1.0,1.0,0.99948041306459,1.0,1.0,0.32275390625,1.0,True,Y
251,independent_carry,1024,1069,True,1.0,01010101,85,1.0,0.5,0.5,0.49997846144000274,0.98583984375,0.997802734375,0.310791015625,0.5,False,0.5,0.5,0.500260521149068,1.0,1.0,0.324951171875,0.5,False,1.0,1.0,0.9997021343228856,1.0,1.0,0.324951171875,1.0,True,Y
251,independent_reset,0,45,True,0.49853515625,00001111,15,0.99462890625,0.99462890625,0.9927978515625,0.87359926224131,1.0,1.0,0.375732421875,0.99371337890625,True,0.50537109375,0.5059814453125,0.5767068210338239,0.997314453125,0.98046875,0.373046875,0.50567626953125,False,0.49853515625,0.4999186197916667,0.5009820182428402,0.519775390625,0.509033203125,-0.1044921875,0.49922688802083337,False,P
251,independent_reset,1,46,True,0.499267578125,00001111,15,0.992431640625,0.992431640625,0.989501953125,0.8525315807657639,1.0,1.0,0.38330078125,0.990966796875,True,0.507568359375,0.50958251953125,0.5877660035649195,0.998291015625,0.98388671875,0.381591796875,0.508575439453125,False,0.499267578125,0.4997965494791667,0.5010495159192389,0.519287109375,0.50732421875,-0.097412109375,0.49953206380208337,False,P
251,independent_reset,2,47,True,0.4990234375,00001111,15,0.98876953125,0.98876953125,0.9849853515625,0.8308779285386532,1.0,1.0,0.385009765625,0.98687744140625,True,0.51123046875,0.51397705078125,0.5986532061118818,0.9990234375,0.987548828125,0.384033203125,0.512603759765625,False,0.4990234375,0.4995524088541667,0.5010807469979334,0.518310546875,0.50732421875,-0.0966796875,0.49928792317708337,False,P
251,independent_reset,3,48,True,0.503662109375,00001111,15,0.978759765625,0.978759765625,0.9754638671875,0.807577589416842,1.0,1.0,0.3828125,0.97711181640625,True,0.521240234375,0.52313232421875,0.6097646739399598,0.999267578125,0.9892578125,0.382080078125,0.522186279296875,False,0.503662109375,0.5021565755208334,0.5011033937803184,0.517822265625,0.50830078125,-0.099365234375,0.5029093424479167,False,P
251,independent_reset,4,49,True,0.50439453125,00001111,15,0.96630859375,0.96630859375,0.9625244140625,0.7845718761937134,1.0,1.0,0.385009765625,0.96441650390625,True,0.53369140625,0.53607177734375,0.6199096950331524,0.999267578125,0.9921875,0.38427734375,0.534881591796875,False,0.50439453125,0.504150390625,0.5011152172674525,0.52099609375,0.505859375,-0.093994140625,0.5042724609375,False,P
251,independent_reset,5,50,True,0.5029296875,00001111,15,0.94970703125,0.94970703125,0.9443359375,0.762590225588863,1.0,1.0,0.38037109375,0.947021484375,True,0.55029296875,0.553466796875,0.6290807103238213,0.99951171875,0.994140625,0.3798828125,0.5518798828125,False,0.5029296875,0.5043538411458334,0.5011290357018715,0.527587890625,0.5068359375,-0.092041015625,0.5036417643229167,False,P
251,independent_reset,7,52,True,0.50244140625,00001111,15,0.87841796875,0.87841796875,0.8753662109375,0.7190921102915404,1.0,1.0,0.372314453125,0.87689208984375,False,0.62158203125,0.62225341796875,0.6456734405250403,0.999755859375,0.996337890625,0.3720703125,0.621917724609375,False,0.50244140625,0.5024820963541666,0.5011455904389572,0.5341796875,0.50830078125,-0.093505859375,0.5024617513020833,False,mixed_or_none
251,independent_reset,9,54,True,0.497802734375,00000011,3,0.843505859375,0.788330078125,0.7906494140625,0.6802710640563885,1.0,1.0,0.369873046875,0.78948974609375,False,0.711669921875,0.7113037109375,0.6596600003820544,0.999755859375,0.998291015625,0.36962890625,0.71148681640625,False,0.497802734375,0.50048828125,0.5011255849939474,0.532470703125,0.510009765625,-0.09765625,0.4991455078125,False,mixed_or_none
251,independent_reset,13,58,True,0.50390625,00110011,51,0.88916015625,0.61083984375,0.6162109375,0.6230151019836327,0.99951171875,0.999755859375,0.360107421875,0.613525390625,False,0.88916015625,0.88629150390625,0.6854728497888685,0.999755859375,0.998779296875,0.3603515625,0.887725830078125,False,0.50390625,0.5051676432291666,0.5010285609423837,0.52880859375,0.507568359375,-0.110595703125,0.5045369466145833,False,mixed_or_none
251,independent_reset,17,62,True,0.499267578125,00110011,51,0.966552734375,0.533447265625,0.5361328125,0.5851019725298817,0.999755859375,0.999755859375,0.34912109375,0.5347900390625,False,0.966552734375,0.965576171875,0.7100608081418196,1.0,1.0,0.349365234375,0.966064453125,True,0.499267578125,0.4989420572916667,0.5009015954972701,0.5283203125,0.510498046875,-0.122314453125,0.49910481770833337,False,Q
251,independent_reset,24,69,True,0.50048828125,00110011,51,0.99951171875,0.50048828125,0.50048828125,0.5430090527956717,0.999267578125,1.0,0.345703125,0.50048828125,False,0.99951171875,0.99951171875,0.7674562221049601,1.0,1.0,0.346435546875,0.99951171875,True,0.50048828125,0.5003255208333334,0.5007388246935073,0.53125,0.502685546875,-0.122314453125,0.5004069010416667,False,Q
251,independent_reset,33,78,True,0.5,00110011,51,1.0,0.5,0.5,0.516282334584308,0.99853515625,1.0,0.35009765625,0.5,False,1.0,1.0,0.8460851340268605,1.0,1.0,0.3515625,1.0,True,0.5,0.5,0.5005017697617864,0.532958984375,0.506591796875,-0.115478515625,0.5,False,Q
251,independent_reset,45,90,True,0.5,00110011,51,1.0,0.5,0.5,0.5026497834047864,0.998779296875,1.0,0.35107421875,0.5,False,1.0,1.0,0.9085617311634148,1.0,1.0,0.352294921875,1.0,True,0.5,0.5,0.5004197657211866,0.525634765625,0.51171875,-0.1220703125,0.5,False,Q
251,independent_reset,62,107,True,0.5,00110011,51,1.0,0.5,0.5,0.4975147701659122,0.998046875,1.0,0.345947265625,0.5,False,1.0,1.0,0.9099815130728777,1.0,1.0,0.347900390625,1.0,True,0.5,0.5,0.5007098442616926,0.536376953125,0.515380859375,-0.11572265625,0.5,False,Q
251,independent_reset,85,130,True,0.5,00110011,51,1.0,0.5,0.5,0.5021635252526123,0.99755859375,1.0,0.3447265625,0.5,False,1.0,1.0,0.8942921793053524,1.0,1.0,0.34716796875,1.0,True,0.5,0.5,0.5016902397663445,0.5576171875,0.558349609375,-0.09521484375,0.5,False,Q
251,independent_reset,117,162,True,0.5,00110011,51,1.0,0.5,0.5,0.5031981091090557,0.99462890625,1.0,0.337646484375,0.5,False,1.0,1.0,0.8979542863732294,1.0,1.0,0.343017578125,1.0,True,0.5,0.5,0.5093294839564657,0.78125,0.826416015625,0.124267578125,0.5,False,Q
251,independent_reset,128,173,True,0.5,00110011,51,1.0,0.5,0.5,0.5019334657111753,0.994140625,1.0,0.325439453125,0.5,False,1.0,1.0,0.8843768576644339,1.0,1.0,0.331298828125,1.0,True,0.5,0.5,0.5197019119196473,0.869140625,0.876220703125,0.200439453125,0.5,False,Q
251,independent_reset,161,206,True,0.52734375,00110011,51,0.97265625,0.48876953125,0.4920654296875,0.49314385876944145,0.99365234375,1.0,0.320068359375,0.49041748046875,False,0.97265625,0.97216796875,0.8283526182422121,1.0,1.0,0.326416015625,0.972412109375,True,0.52734375,0.5284016927083334,0.6122211008450267,0.99853515625,0.9990234375,0.324951171875,0.5278727213541667,False,Q
251,independent_reset,222,267,True,1.0,01010101,85,1.0,0.5,0.5,0.5003487015530454,0.992919921875,1.0,0.333740234375,0.5,False,0.5,0.5,0.5324896909016422,0.999755859375,1.0,0.340576171875,0.5,False,1.0,1.0,0.9631677483034069,1.0,1.0,0.3408203125,1.0,True,Y
251,independent_reset,304,349,True,1.0,01010101,85,1.0,0.5,0.5,0.4998654197832537,0.99462890625,1.0,0.330078125,0.5,False,0.5,0.5,0.5053957763573801,1.0,1.0,0.33544921875,0.5,False,1.0,1.0,0.9938711216029881,1.0,1.0,0.33544921875,1.0,True,Y
251,independent_reset,418,463,True,1.0,01010101,85,1.0,0.5,0.5,0.4999831074273177,0.995361328125,1.0,0.336181640625,0.5,False,0.5,0.5,0.5021276137136129,1.0,1.0,0.3408203125,0.5,False,1.0,1.0,0.9975948848536509,1.0,1.0,0.3408203125,1.0,True,Y
251,independent_reset,575,620,True,1.0,01010101,85,1.0,0.5,0.5,0.49998959307132773,0.99560546875,1.0,0.34814453125,0.5,False,0.5,0.5,0.5009769432558645,1.0,1.0,0.3525390625,0.5,False,1.0,1.0,0.998895559638536,1.0,1.0,0.3525390625,1.0,True,Y
251,independent_reset,790,835,True,1.0,01010101,85,1.0,0.5,0.5,0.4999957680624001,0.99609375,1.0,0.354248046875,0.5,False,0.5,0.5,0.5004794829299369,1.0,1.0,0.358154296875,0.5,False,1.0,1.0,0.9994579170782942,1.0,1.0,0.358154296875,1.0,True,Y
251,independent_reset,1024,1069,True,1.0,01010101,85,1.0,0.5,0.5,0.49999742405047015,0.996337890625,1.0,0.361572265625,0.5,False,0.5,0.5,0.5002750649319921,0.999755859375,1.0,0.364990234375,0.5,False,1.0,1.0,0.9996891391648044,1.0,1.0,0.365234375,1.0,True,Y
251,nested_carry,0,45,True,0.5,00001111,15,1.0,1.0,0.999755859375,0.8777197351455808,1.0,1.0,0.368408203125,0.9998779296875,True,0.5,0.500244140625,0.5247350384483377,0.84326171875,0.8466796875,0.211669921875,0.5001220703125,False,0.5,0.5000406901041666,0.5012620546123921,0.535888671875,0.513916015625,-0.095703125,0.5000203450520833,False,P
251,nested_carry,1,46,True,0.5,00001111,15,1.0,1.0,0.999755859375,0.8670748536997734,1.0,1.0,0.370361328125,0.9998779296875,True,0.5,0.5003662109375,0.5260541091406329,0.8447265625,0.849853515625,0.215087890625,0.50018310546875,False,0.5,0.5001220703125,0.5013444209687858,0.5439453125,0.51318359375,-0.085693359375,0.50006103515625,False,P
251,nested_carry,2,47,True,0.500244140625,00001111,15,0.999755859375,0.999755859375,0.9996337890625,0.8521629865152098,1.0,1.0,0.36474609375,0.99969482421875,True,0.500244140625,0.50048828125,0.5279706662546171,0.850830078125,0.8544921875,0.215576171875,0.5003662109375,False,0.500244140625,0.5002848307291666,0.5014219350511461,0.5458984375,0.516357421875,-0.08935546875,0.5002644856770833,False,P
251,nested_carry,3,48,True,0.500244140625,00001111,15,0.999755859375,0.999755859375,0.9996337890625,0.8327977442475137,1.0,1.0,0.361572265625,0.99969482421875,True,0.500244140625,0.50042724609375,0.5303773766891378,0.85546875,0.858642578125,0.217041015625,0.500335693359375,False,0.500244140625,0.500244140625,0.5014969477061458,0.550537109375,0.51806640625,-0.087890625,0.500244140625,False,P
251,nested_carry,4,49,True,0.50048828125,00001111,15,0.99951171875,0.99951171875,0.9993896484375,0.8094895566285076,1.0,1.0,0.36376953125,0.99945068359375,True,0.50048828125,0.5006103515625,0.5330600588884101,0.866455078125,0.86572265625,0.230224609375,0.50054931640625,False,0.50048828125,0.5003255208333334,0.5015557408817686,0.553466796875,0.51611328125,-0.082763671875,0.5004069010416667,False,P
251,nested_carry,5,50,True,0.500244140625,00001111,15,0.998779296875,0.998779296875,0.9986572265625,0.7841788525315612,1.0,1.0,0.357666015625,0.99871826171875,True,0.501220703125,0.50128173828125,0.5356703167208278,0.875732421875,0.8740234375,0.2333984375,0.501251220703125,False,0.500244140625,0.5000813802083334,0.5016041312861763,0.556884765625,0.516845703125,-0.08544921875,0.5001627604166667,False,P
251,nested_carry,7,52,True,0.5009765625,00001111,15,0.99560546875,0.99560546875,0.994384765625,0.7293816895084073,1.0,1.0,0.35888671875,0.9949951171875,True,0.50439453125,0.50506591796875,0.5404015303907324,0.892333984375,0.888916015625,0.251220703125,0.504730224609375,False,0.5009765625,0.5006103515625,0.5016442228250861,0.552978515625,0.517822265625,-0.088134765625,0.50079345703125,False,P
251,nested_carry,9,54,True,0.502685546875,00001111,15,0.977783203125,0.977783203125,0.9735107421875,0.676171227144668,1.0,1.0,0.364013671875,0.97564697265625,True,0.522216796875,0.526123046875,0.5438317561104775,0.91650390625,0.911376953125,0.280517578125,0.524169921875,False,0.502685546875,0.5032552083333334,0.5016338934468131,0.551025390625,0.522216796875,-0.0849609375,0.5029703776041667,False,P
251,nested_carry,13,58,True,0.50439453125,00001111,15,0.87451171875,0.87451171875,0.873046875,0.5992928086309682,0.99951171875,1.0,0.365478515625,0.873779296875,False,0.6123046875,0.61370849609375,0.5481399313254451,0.954833984375,0.94677734375,0.32080078125,0.613006591796875,False,0.50439453125,0.5045166015625,0.5017095635083463,0.549072265625,0.521728515625,-0.0849609375,0.50445556640625,False,mixed_or_none
251,nested_carry,17,62,True,0.504150390625,00001111,15,0.783935546875,0.783935546875,0.782958984375,0.5603489194743999,0.9970703125,0.999755859375,0.359619140625,0.783447265625,False,0.711669921875,0.7135009765625,0.5534372968931405,0.9794921875,0.97021484375,0.342041015625,0.71258544921875,False,0.504150390625,0.5089111328125,0.5018719380771831,0.547119140625,0.5244140625,-0.09033203125,0.50653076171875,False,mixed_or_none
251,nested_carry,24,69,True,0.501953125,00110011,51,0.89599609375,0.5869140625,0.590087890625,0.5334810718953863,0.9931640625,0.999267578125,0.33642578125,0.5885009765625,False,0.89599609375,0.8924560546875,0.5768135736779596,0.99951171875,0.995361328125,0.3427734375,0.89422607421875,False,0.501953125,0.5048014322916666,0.5023227018329564,0.559814453125,0.533935546875,-0.096923828125,0.5033772786458333,False,mixed_or_none
251,nested_carry,33,78,True,0.49951171875,00110011,51,0.97998046875,0.52001953125,0.5206298828125,0.5244389744285032,0.993896484375,0.999267578125,0.3203125,0.52032470703125,False,0.97998046875,0.97918701171875,0.6472771646169341,1.0,1.0,0.326416015625,0.979583740234375,True,0.49951171875,0.5007731119791666,0.5034877964808606,0.58935546875,0.5546875,-0.084228515625,0.5001424153645833,False,Q
251,nested_carry,45,90,True,0.5,00110011,51,1.0,0.5,0.5,0.5173289069882065,0.9970703125,1.0,0.320068359375,0.5,False,1.0,1.0,0.810277197774095,1.0,1.0,0.322998046875,1.0,True,0.5,0.5,0.5053732250515375,0.632568359375,0.617919921875,-0.04443359375,0.5,False,Q
251,nested_carry,62,107,True,0.5,00110011,51,1.0,0.5,0.5,0.500193961987425,0.998291015625,1.0,0.326416015625,0.5,False,1.0,1.0,0.9210279699834724,1.0,1.0,0.328125,1.0,True,0.5,0.5,0.5076555227396761,0.69384765625,0.738037109375,0.02197265625,0.5,False,Q
251,nested_carry,85,130,True,0.5,00110011,51,1.0,0.5,0.5,0.4993517261050521,0.99853515625,1.0,0.30322265625,0.5,False,1.0,0.999755859375,0.8794028082887446,1.0,1.0,0.3046875,0.9998779296875,True,0.5,0.5000813802083334,0.527128466660325,0.81640625,0.8125,0.12109375,0.5000406901041667,False,Q
251,nested_carry,117,162,True,0.543212890625,00110011,51,0.956787109375,0.501708984375,0.5023193359375,0.5034315262293775,0.998046875,1.0,0.283935546875,0.50201416015625,False,0.956787109375,0.9586181640625,0.8409547128500052,1.0,1.0,0.285888671875,0.95770263671875,True,0.543212890625,0.54248046875,0.5933848042764763,0.9736328125,0.968017578125,0.259521484375,0.5428466796875,False,Q
251,nested_carry,128,173,True,0.635498046875,00110011,51,0.864501953125,0.496826171875,0.4927978515625,0.4975006817640935,0.998291015625,1.0,0.28564453125,0.49481201171875,False,0.864501953125,0.86712646484375,0.7910182591325434,1.0,1.0,0.287353515625,0.865814208984375,False,0.635498046875,0.6356201171875,0.6529348415706683,0.994140625,0.993408203125,0.281494140625,0.63555908203125,False,mixed_or_none
251,nested_carry,161,206,True,0.974365234375,01010101,85,0.974365234375,0.496337890625,0.49755859375,0.4982457627934019,0.99853515625,1.0,0.248779296875,0.4969482421875,False,0.525634765625,0.5286865234375,0.6032351990241692,1.0,1.0,0.250244140625,0.52716064453125,False,0.974365234375,0.9740397135416667,0.8828296680347154,1.0,1.0,0.250244140625,0.9742024739583334,True,Y
251,nested_carry,222,267,True,1.0,01010101,85,1.0,0.5,0.5,0.4999638471427377,0.9970703125,1.0,0.259765625,0.5,False,0.5,0.5,0.51211333719803,0.999755859375,1.0,0.262451171875,0.5,False,1.0,1.0,0.9862101205838849,1.0,1.0,0.2626953125,1.0,True,Y
251,nested_carry,304,349,True,1.0,01010101,85,1.0,0.5,0.5,0.4999252212975795,0.996826171875,1.0,0.228271484375,0.5,False,0.5,0.5,0.5042416934237398,0.999755859375,1.0,0.231201171875,0.5,False,1.0,1.0,0.9951710646408314,1.0,1.0,0.2314453125,1.0,True,Y
251,nested_carry,418,463,True,1.0,01010101,85,1.0,0.5,0.5,0.4999851775439709,0.997314453125,1.0,0.252685546875,0.5,False,0.5,0.5,0.5019133255365605,1.0,1.0,0.25537109375,0.5,False,1.0,1.0,0.9978224838184988,1.0,1.0,0.25537109375,1.0,True,Y
251,nested_carry,575,620,True,1.0,01010101,85,1.0,0.5,0.5,0.49998859877205715,0.997314453125,1.0,0.268310546875,0.5,False,0.5,0.5,0.5008961826068684,1.0,1.0,0.27099609375,0.5,False,1.0,1.0,0.9989797901476416,1.0,1.0,0.27099609375,1.0,True,Y
251,nested_carry,790,835,True,1.0,01010101,85,1.0,0.5,0.5,0.4999919617722648,0.99658203125,1.0,0.267578125,0.5,False,0.5,0.5,0.5003698558978326,0.999755859375,1.0,0.270751953125,0.5,False,1.0,1.0,0.999579174022321,1.0,1.0,0.27099609375,1.0,True,Y
251,nested_carry,1024,1069,True,1.0,01010101,85,1.0,0.5,0.5,0.4999943699058963,0.99658203125,1.0,0.263671875,0.5,False,0.5,0.5,0.500187625655746,0.999755859375,1.0,0.266845703125,0.5,False,1.0,1.0,0.999786723390393,1.0,1.0,0.26708984375,1.0,True,Y
251,nested_reset,0,45,True,0.5,00001111,15,1.0,1.0,0.999755859375,0.8777197351455808,1.0,1.0,0.368408203125,0.9998779296875,True,0.5,0.500244140625,0.5247350384483377,0.84326171875,0.8466796875,0.211669921875,0.5001220703125,False,0.5,0.5000406901041666,0.5012620546123921,0.535888671875,0.513916015625,-0.095703125,0.5000203450520833,False,P
251,nested_reset,1,46,True,0.500244140625,00001111,15,0.999755859375,0.999755859375,0.9996337890625,0.8570672782467941,1.0,1.0,0.368408203125,0.99969482421875,True,0.500244140625,0.50048828125,0.528059663127345,0.85400390625,0.8583984375,0.222412109375,0.5003662109375,False,0.500244140625,0.5002034505208334,0.5013359145154077,0.53857421875,0.515625,-0.093017578125,0.5002237955729167,False,P
251,nested_reset,2,47,True,0.500244140625,00001111,15,0.999755859375,0.999755859375,0.9996337890625,0.8356347460860268,1.0,1.0,0.364501953125,0.99969482421875,True,0.500244140625,0.50030517578125,0.5311987517870078,0.86083984375,0.86572265625,0.225341796875,0.500274658203125,False,0.500244140625,0.5001220703125,0.5013959663969474,0.548828125,0.51513671875,-0.086669921875,0.50018310546875,False,P
251,nested_reset,3,48,True,0.50048828125,00001111,15,0.99951171875,0.99951171875,0.99951171875,0.8122171482135405,1.0,1.0,0.368408203125,0.99951171875,True,0.50048828125,0.5003662109375,0.5343225860595266,0.8720703125,0.872802734375,0.240478515625,0.50042724609375,False,0.50048828125,0.500244140625,0.5014383951559649,0.5517578125,0.51513671875,-0.079833984375,0.5003662109375,False,P
251,nested_reset,4,49,True,0.5,00001111,15,0.9990234375,0.9990234375,0.9989013671875,0.7875557954454939,1.0,1.0,0.36767578125,0.99896240234375,True,0.5009765625,0.50067138671875,0.5372097166090971,0.881103515625,0.881591796875,0.248779296875,0.500823974609375,False,0.5,0.5,0.5014695692245964,0.54833984375,0.51318359375,-0.083984375,0.5,False,P
251,nested_reset,5,50,True,0.500732421875,00001111,15,0.997802734375,0.997802734375,0.99755859375,0.7634156581359419,1.0,1.0,0.368408203125,0.9976806640625,True,0.502197265625,0.50189208984375,0.5397654561799704,0.893798828125,0.893798828125,0.26220703125,0.502044677734375,False,0.500732421875,0.5002848307291666,0.5014945387657185,0.547119140625,0.5146484375,-0.08447265625,0.5005086263020833,False,P
251,nested_reset,7,52,True,0.502197265625,00001111,15,0.991943359375,0.991943359375,0.9913330078125,0.7165061591124251,1.0,1.0,0.367919921875,0.99163818359375,True,0.508056640625,0.508056640625,0.5441350004112063,0.910888671875,0.909423828125,0.27880859375,0.508056640625,False,0.502197265625,0.501708984375,0.5015210568132367,0.540771484375,0.515869140625,-0.09130859375,0.501953125,False,P
251,nested_reset,9,54,True,0.506591796875,00001111,15,0.973388671875,0.973388671875,0.9697265625,0.6744893918245219,1.0,1.0,0.365478515625,0.9715576171875,True,0.526123046875,0.52984619140625,0.5474924154754798,0.927734375,0.9189453125,0.293212890625,0.527984619140625,False,0.506591796875,0.5051676432291666,0.501509046866536,0.5390625,0.52001953125,-0.095458984375,0.5058797200520833,False,P
251,nested_reset,13,58,True,0.5009765625,00001111,15,0.90673828125,0.90673828125,0.9002685546875,0.6140816065874265,0.999755859375,1.0,0.35693359375,0.90350341796875,True,0.591796875,0.59478759765625,0.553194919400917,0.9658203125,0.950439453125,0.322998046875,0.593292236328125,False,0.5009765625,0.5019124348958334,0.5016121207717288,0.5390625,0.521728515625,-0.103759765625,0.5014444986979167,False,P
251,nested_reset,17,62,True,0.498779296875,00001111,15,0.833251953125,0.833251953125,0.82861328125,0.5800234692113999,0.99951171875,1.0,0.355712890625,0.8309326171875,False,0.665283203125,0.6683349609375,0.5598438416563916,0.989501953125,0.97021484375,0.345703125,0.66680908203125,False,0.498779296875,0.5048014322916666,0.5017864672113056,0.5400390625,0.5224609375,-0.103759765625,0.5017903645833333,False,mixed_or_none
251,nested_reset,24,69,True,0.505615234375,00110011,51,0.864501953125,0.631591796875,0.6353759765625,0.55014272849954,0.998291015625,0.999755859375,0.3486328125,0.63348388671875,False,0.864501953125,0.86181640625,0.581766600444817,0.99951171875,0.994140625,0.349853515625,0.8631591796875,False,0.505615234375,0.5063883463541666,0.5022058919093685,0.5546875,0.528076171875,-0.094970703125,0.5060017903645833,False,mixed_or_none
251,nested_reset,33,78,True,0.50048828125,00110011,51,0.97265625,0.52734375,0.529541015625,0.536183204552283,0.997802734375,1.0,0.338134765625,0.5284423828125,False,0.97265625,0.9710693359375,0.6384677537290815,1.0,1.0,0.34033203125,0.97186279296875,True,0.50048828125,0.5015869140625,0.5032503975521755,0.578857421875,0.551025390625,-0.080810546875,0.50103759765625,False,Q
251,nested_reset,45,90,True,0.5,00110011,51,1.0,0.5,0.5,0.527729494911327,0.9990234375,1.0,0.317626953125,0.5,False,1.0,1.0,0.7718533064032295,1.0,1.0,0.318603515625,1.0,True,0.5,0.5,0.5052535311461885,0.603271484375,0.607177734375,-0.078125,0.5,False,Q
251,nested_reset,62,107,True,0.5,00110011,51,1.0,0.5,0.5,0.5035448480618139,0.999755859375,1.0,0.333740234375,0.5,False,1.0,1.0,0.9101375842824083,1.0,1.0,0.333984375,1.0,True,0.5,0.5,0.5071499751435496,0.664794921875,0.72265625,-0.001220703125,0.5,False,Q
251,nested_reset,85,130,True,0.5,00110011,51,1.0,0.5,0.5,0.49888658489898907,1.0,1.0,0.31103515625,0.5,False,1.0,1.0,0.8895445059174001,1.0,1.0,0.31103515625,1.0,True,0.5,0.5,0.5219832362848824,0.78076171875,0.88916015625,0.091796875,0.5,False,Q
251,nested_reset,117,162,True,0.521484375,00110011,51,0.978515625,0.49658203125,0.4986572265625,0.501286582240711,1.0,1.0,0.265869140625,0.49761962890625,False,0.978515625,0.98089599609375,0.8490925401661196,1.0,1.0,0.265869140625,0.979705810546875,True,0.521484375,0.5198567708333334,0.5809053720171281,0.978759765625,0.99853515625,0.24462890625,0.5206705729166667,False,Q
251,nested_reset,128,173,True,0.591796875,00110011,51,0.908203125,0.4951171875,0.4925537109375,0.49610169253449,1.0,1.0,0.2724609375,0.49383544921875,False,0.908203125,0.91094970703125,0.8073882771609081,1.0,1.0,0.2724609375,0.909576416015625,True,0.591796875,0.5934244791666666,0.6334083418983637,0.995849609375,1.0,0.268310546875,0.5926106770833333,False,Q
251,nested_reset,161,206,True,0.987548828125,01010101,85,0.987548828125,0.497802734375,0.498291015625,0.4952653212822996,0.99951171875,1.0,0.25732421875,0.498046875,False,0.512451171875,0.515625,0.6056835652363678,1.0,1.0,0.2578125,0.5140380859375,False,0.987548828125,0.9860026041666667,0.8794222984833009,1.0,1.0,0.2578125,0.9867757161458334,True,Y
251,nested_reset,222,267,True,1.0,01010101,85,1.0,0.5,0.5,0.49966174950310455,0.998046875,1.0,0.262939453125,0.5,False,0.5,0.5,0.5116104675888147,1.0,1.0,0.264892578125,0.5,False,1.0,1.0,0.9866765838220284,1.0,1.0,0.264892578125,1.0,True,Y
251,nested_reset,304,349,True,1.0,01010101,85,1.0,0.5,0.5,0.49984151027187196,0.998291015625,1.0,0.268798828125,0.5,False,0.5,0.5,0.5042093313552529,1.0,1.0,0.2705078125,0.5,False,1.0,1.0,0.9951627160247309,1.0,1.0,0.2705078125,1.0,True,Y
251,nested_reset,418,463,True,1.0,01010101,85,1.0,0.5,0.5,0.4999569485129499,0.99853515625,1.0,0.27197265625,0.5,False,0.5,0.5,0.5019201738230981,1.0,1.0,0.2734375,0.5,False,1.0,1.0,0.9977958413158823,1.0,1.0,0.2734375,1.0,True,Y
251,nested_reset,575,620,True,1.0,01010101,85,1.0,0.5,0.5,0.49997684453320923,0.998779296875,1.0,0.27587890625,0.5,False,0.5,0.5,0.5009377772933197,1.0,1.0,0.277099609375,0.5,False,1.0,1.0,0.9989232392173519,1.0,1.0,0.277099609375,1.0,True,Y
251,nested_reset,790,835,True,1.0,01010101,85,1.0,0.5,0.5,0.49998972472811315,0.998779296875,1.0,0.275634765625,0.5,False,0.5,0.5,0.5004751787382451,0.999755859375,1.0,0.276611328125,0.5,False,1.0,1.0,0.9994543929253703,1.0,1.0,0.27685546875,1.0,True,Y
251,nested_reset,1024,1069,True,1.0,01010101,85,1.0,0.5,0.5,0.49999422535184673,0.998779296875,1.0,0.2783203125,0.5,False,0.5,0.5,0.5002761057041096,0.999755859375,1.0,0.279296875,0.5,False,1.0,1.0,0.9996830246646586,1.0,1.0,0.279541015625,1.0,True,Y
251,scratch,0,45,True,0.498291015625,11111111,255,0.989990234375,0.491455078125,0.4912109375,0.4946028977887229,0.96630859375,0.999267578125,0.3720703125,0.4913330078125,False,0.497802734375,0.49847412109375,0.5001260984643464,0.703125,0.7099609375,0.10888671875,0.498138427734375,False,0.498291015625,0.5005289713541666,0.5003434703163264,0.543701171875,0.4990234375,-0.050537109375,0.4994099934895833,False,mixed_or_none
251,scratch,1,46,True,0.50830078125,11111111,255,0.88916015625,0.4287109375,0.4306640625,0.49365710648416933,0.967529296875,0.99951171875,0.369384765625,0.4296875,False,0.5087890625,0.50885009765625,0.5010509203490316,0.720947265625,0.71337890625,0.122802734375,0.508819580078125,False,0.50830078125,0.506103515625,0.5004389874231769,0.54345703125,0.501953125,-0.0546875,0.5072021484375,False,mixed_or_none
251,scratch,2,47,True,0.507568359375,11110000,240,0.669189453125,0.330810546875,0.3284912109375,0.4923059802508134,0.96728515625,0.99951171875,0.364990234375,0.32965087890625,False,0.530517578125,0.53570556640625,0.5018594380880564,0.7314453125,0.7177734375,0.129150390625,0.533111572265625,False,0.507568359375,0.5096028645833334,0.5005387734360442,0.55224609375,0.5029296875,-0.050048828125,0.5085856119791667,False,mixed_or_none
251,scratch,3,48,True,0.50732421875,00000000,0,0.76611328125,0.3427734375,0.349609375,0.49040826891672085,0.96923828125,0.99951171875,0.367431640625,0.34619140625,False,0.5380859375,0.54119873046875,0.5026979810869009,0.74072265625,0.720458984375,0.138916015625,0.539642333984375,False,0.50732421875,0.5083821614583334,0.5006529303645438,0.555419921875,0.50244140625,-0.04638671875,0.5078531901041667,False,mixed_or_none
251,scratch,4,49,True,0.501220703125,00000000,0,0.862548828125,0.386962890625,0.3917236328125,0.4895494500794434,0.9716796875,0.99951171875,0.374267578125,0.38934326171875,False,0.543701171875,0.54132080078125,0.5036085495459838,0.75634765625,0.72607421875,0.158935546875,0.542510986328125,False,0.501220703125,0.5020751953125,0.5007531815024164,0.5615234375,0.505126953125,-0.035888671875,0.50164794921875,False,mixed_or_none
251,scratch,5,50,True,0.505126953125,00000000,0,0.865478515625,0.389404296875,0.3958740234375,0.49007046778936814,0.970947265625,0.99951171875,0.380615234375,0.39263916015625,False,0.551513671875,0.5509033203125,0.5045558518602778,0.77001953125,0.732177734375,0.1796875,0.55120849609375,False,0.505126953125,0.504638671875,0.5008470278138449,0.5673828125,0.507080078125,-0.02294921875,0.5048828125,False,mixed_or_none
251,scratch,7,52,True,0.506591796875,00000000,0,0.896728515625,0.421142578125,0.4254150390625,0.4911385986057746,0.970458984375,0.99951171875,0.37158203125,0.42327880859375,False,0.555419921875,0.5548095703125,0.5067457031372994,0.79541015625,0.743408203125,0.196533203125,0.55511474609375,False,0.506591796875,0.5072835286458334,0.501054410249791,0.57080078125,0.505615234375,-0.028076171875,0.5069376627604167,False,mixed_or_none
251,scratch,9,54,True,0.50927734375,00000000,0,0.91259765625,0.44384765625,0.4466552734375,0.49265895512493907,0.96875,0.99951171875,0.362060546875,0.44525146484375,False,0.55517578125,0.5540771484375,0.5095401633333686,0.83251953125,0.755615234375,0.225830078125,0.55462646484375,False,0.50927734375,0.5094401041666666,0.5012875865694498,0.576171875,0.510009765625,-0.030517578125,0.5093587239583333,False,mixed_or_none
251,scratch,13,58,True,0.531982421875,00110001,49,0.698974609375,0.462646484375,0.4713134765625,0.49711832842164955,0.971923828125,0.999755859375,0.357177734375,0.46697998046875,False,0.686279296875,0.69024658203125,0.5173106010823448,0.897216796875,0.78564453125,0.282470703125,0.688262939453125,False,0.531982421875,0.5245361328125,0.5018341294994081,0.5791015625,0.508544921875,-0.03564453125,0.52825927734375,False,mixed_or_none
251,scratch,17,62,True,0.508544921875,00110111,55,0.734619140625,0.520263671875,0.5252685546875,0.5039236246741243,0.967529296875,0.999755859375,0.343505859375,0.52276611328125,False,0.732177734375,0.73492431640625,0.5278842532806938,0.953857421875,0.818115234375,0.329833984375,0.733551025390625,False,0.508544921875,0.5120035807291666,0.502250506830273,0.58544921875,0.51025390625,-0.03857421875,0.5102742513020833,False,mixed_or_none
251,scratch,24,69,True,0.512939453125,00110011,51,0.892822265625,0.535888671875,0.539306640625,0.5091411169050493,0.96533203125,1.0,0.32177734375,0.53759765625,False,0.892822265625,0.89312744140625,0.5623850799504404,0.998291015625,0.899169921875,0.354736328125,0.892974853515625,False,0.512939453125,0.5120035807291666,0.5037003191979311,0.617919921875,0.51904296875,-0.025634765625,0.5124715169270833,False,mixed_or_none
251,scratch,33,78,True,0.502197265625,00110011,51,0.990966796875,0.502197265625,0.50390625,0.5063360394630979,0.960693359375,0.999755859375,0.31689453125,0.5030517578125,False,0.990966796875,0.99066162109375,0.6600297773980911,1.0,0.9794921875,0.356201171875,0.990814208984375,True,0.502197265625,0.5025634765625,0.505439110614379,0.667724609375,0.526611328125,0.02392578125,0.50238037109375,False,Q
251,scratch,45,90,True,0.5,00110011,51,1.0,0.5,0.5,0.498903723094404,0.948486328125,0.999755859375,0.280029296875,0.5,False,1.0,1.0,0.8638510362794267,1.0,0.999755859375,0.33154296875,1.0,True,0.5,0.5,0.5056646863262981,0.688720703125,0.55908203125,0.020263671875,0.5,False,Q
251,scratch,62,107,True,0.5,00110011,51,1.0,0.5,0.5,0.4958697578495413,0.92626953125,0.99951171875,0.236328125,0.5,False,1.0,1.0,0.9196272286831475,1.0,1.0,0.31005859375,1.0,True,0.5,0.5,0.5084605931261208,0.760498046875,0.62255859375,0.070556640625,0.5,False,Q
251,scratch,85,130,True,0.5,00110011,51,1.0,0.5,0.5,0.5033834384526843,0.861328125,0.99853515625,0.15625,0.5,False,1.0,1.0,0.8707054249535909,1.0,0.999755859375,0.294921875,1.0,True,0.5,0.5,0.535174127836197,0.943115234375,0.85986328125,0.238037109375,0.5,False,Q
251,scratch,117,162,True,0.68115234375,00110011,51,0.81884765625,0.52294921875,0.527587890625,0.5084069516051928,0.86474609375,0.997802734375,0.1279296875,0.5252685546875,False,0.81884765625,0.82244873046875,0.7487261176160598,1.0,0.999267578125,0.26318359375,0.820648193359375,False,0.68115234375,0.6812337239583334,0.706782307108485,1.0,1.0,0.26318359375,0.6811930338541667,False,mixed_or_none
251,scratch,128,173,True,0.94091796875,01010101,85,0.94091796875,0.5,0.4996337890625,0.5008091380745209,0.87158203125,0.99658203125,0.13427734375,0.49981689453125,False,0.55908203125,0.5615234375,0.6499011635586203,1.0,0.997802734375,0.2626953125,0.560302734375,False,0.94091796875,0.940673828125,0.8237983624615486,1.0,1.0,0.2626953125,0.9407958984375,True,Y
251,scratch,161,206,True,1.0,01010101,85,1.0,0.5,0.5,0.5000683778493697,0.885986328125,0.99462890625,0.134033203125,0.5,False,0.5,0.5,0.5211326919077979,0.99951171875,0.9970703125,0.24755859375,0.5,False,1.0,1.0,0.9755112927158156,1.0,1.0,0.248046875,1.0,True,Y
251,scratch,222,267,True,1.0,01010101,85,1.0,0.5,0.5,0.5000784392126056,0.879638671875,0.994140625,0.1298828125,0.5,False,0.5,0.5,0.505287103326542,0.999267578125,0.9970703125,0.24951171875,0.5,False,1.0,1.0,0.9938644010994515,1.0,1.0,0.250244140625,1.0,True,Y
251,scratch,304,349,True,1.0,01010101,85,1.0,0.5,0.5,0.4999992059322867,0.87939453125,0.994140625,0.126708984375,0.5,False,0.5,0.5,0.5022820442569841,0.999267578125,0.996826171875,0.24658203125,0.5,False,1.0,1.0,0.9973451077916871,1.0,1.0,0.247314453125,1.0,True,Y
251,scratch,418,463,True,1.0,01010101,85,1.0,0.5,0.5,0.500011489646794,0.876220703125,0.994140625,0.125,0.5,False,0.5,0.5,0.5011066735167413,0.9990234375,0.99658203125,0.247802734375,0.5,False,1.0,1.0,0.9987111599609262,1.0,1.0,0.248779296875,1.0,True,Y
251,scratch,575,620,True,1.0,01010101,85,1.0,0.5,0.5,0.5000046998162264,0.875,0.99462890625,0.12451171875,0.5,False,0.5,0.5,0.500561841971039,0.9990234375,0.99658203125,0.24853515625,0.5,False,1.0,1.0,0.999344830185589,1.0,1.0,0.24951171875,1.0,True,Y
251,scratch,790,835,True,1.0,01010101,85,1.0,0.5,0.5,0.5000022912227509,0.873779296875,0.994384765625,0.1220703125,0.5,False,0.5,0.5,0.5002915558477803,0.9990234375,0.99658203125,0.247314453125,0.5,False,1.0,1.0,0.9996597088301544,1.0,1.0,0.248291015625,1.0,True,Y
251,scratch,1024,1069,True,1.0,01010101,85,1.0,0.5,0.5,0.5000011304175181,0.87548828125,0.994384765625,0.1259765625,0.5,False,0.5,0.5,0.5001714979929146,0.99853515625,0.996337890625,0.2490234375,0.5,False,1.0,1.0,0.9997996560620952,1.0,1.0,0.25048828125,1.0,True,Y
251,sham,0,45,True,0.50439453125,11110011,243,0.556640625,0.44921875,0.445556640625,0.49930248561221524,0.856201171875,0.998779296875,0.28759765625,0.4473876953125,False,0.51708984375,0.5054931640625,0.5000927578250289,0.664794921875,0.7119140625,0.09619140625,0.51129150390625,False,0.50439453125,0.5069173177083334,0.5001685653290039,0.53662109375,0.51318359375,-0.031982421875,0.5056559244791667,False,mixed_or_none
251,sham,1,46,True,0.5126953125,00000000,0,0.75146484375,0.45947265625,0.453369140625,0.49922574530465047,0.861328125,0.9990234375,0.296875,0.4564208984375,False,0.51708984375,0.51312255859375,0.5004497522447474,0.6689453125,0.71484375,0.1044921875,0.515106201171875,False,0.5126953125,0.5094807942708334,0.5001914184634959,0.538330078125,0.510498046875,-0.026123046875,0.5110880533854167,False,mixed_or_none
251,sham,2,47,True,0.505859375,00000000,0,0.91064453125,0.45361328125,0.4462890625,0.49864603252848966,0.86572265625,0.999267578125,0.301025390625,0.449951171875,False,0.51220703125,0.5157470703125,0.5007903602399908,0.662353515625,0.715087890625,0.09765625,0.51397705078125,False,0.505859375,0.5028483072916666,0.5002168890262271,0.542236328125,0.51171875,-0.0224609375,0.5043538411458333,False,mixed_or_none
251,sham,3,48,True,0.501708984375,00000000,0,0.949462890625,0.461669921875,0.456787109375,0.4978502071229594,0.8798828125,0.99951171875,0.314697265625,0.459228515625,False,0.513916015625,0.51531982421875,0.5011610956887704,0.65869140625,0.716064453125,0.093505859375,0.514617919921875,False,0.501708984375,0.5003662109375,0.5002417741632916,0.542236328125,0.510498046875,-0.02294921875,0.50103759765625,False,mixed_or_none
251,sham,4,49,True,0.498779296875,00000000,0,0.940673828125,0.457763671875,0.4541015625,0.4973696528309028,0.88525390625,0.99951171875,0.319091796875,0.4559326171875,False,0.522705078125,0.5225830078125,0.5015641940472414,0.661865234375,0.718994140625,0.095703125,0.52264404296875,False,0.498779296875,0.4986572265625,0.5002761000521593,0.54541015625,0.50927734375,-0.020751953125,0.49871826171875,False,mixed_or_none
251,sham,5,50,True,0.498779296875,00000000,0,0.892333984375,0.439208984375,0.4359130859375,0.49750014256336633,0.8818359375,0.999267578125,0.3173828125,0.43756103515625,False,0.538818359375,0.54058837890625,0.5019627140173398,0.671875,0.726806640625,0.107421875,0.539703369140625,False,0.498779296875,0.5004069010416666,0.5003208754635281,0.55322265625,0.50927734375,-0.01123046875,0.4995930989583333,False,mixed_or_none
251,sham,7,52,True,0.5048828125,00000000,0,0.8642578125,0.44482421875,0.4390869140625,0.49765428755848634,0.885009765625,0.999267578125,0.3125,0.44195556640625,False,0.5556640625,0.5582275390625,0.5029466842953051,0.6904296875,0.7392578125,0.117919921875,0.55694580078125,False,0.5048828125,0.5048828125,0.5004201948634631,0.558837890625,0.511962890625,-0.013671875,0.5048828125,False,mixed_or_none
251,sham,9,54,True,0.505615234375,00000000,0,0.875732421875,0.457275390625,0.4517822265625,0.4978014753313089,0.88525390625,0.999267578125,0.31494140625,0.45452880859375,False,0.561767578125,0.5640869140625,0.5042098288291167,0.721435546875,0.750244140625,0.151123046875,0.56292724609375,False,0.505615234375,0.5059814453125,0.5005420647706855,0.567138671875,0.51513671875,-0.003173828125,0.50579833984375,False,mixed_or_none
251,sham,13,58,True,0.52197265625,00000000,0,0.71533203125,0.47705078125,0.478515625,0.4990343274768578,0.89697265625,0.999267578125,0.306396484375,0.477783203125,False,0.63916015625,0.63775634765625,0.5079867085333779,0.80126953125,0.779296875,0.210693359375,0.638458251953125,False,0.52197265625,0.5191243489583334,0.5009596346783711,0.573974609375,0.515869140625,-0.0166015625,0.5205485026041667,False,mixed_or_none
251,sham,17,62,True,0.5185546875,00110011,51,0.71240234375,0.53564453125,0.54150390625,0.5027062602378506,0.91455078125,0.999267578125,0.301513671875,0.53857421875,False,0.71240234375,0.70965576171875,0.5139728897621404,0.872802734375,0.80810546875,0.259765625,0.711029052734375,False,0.5185546875,0.52099609375,0.5015284883717099,0.5830078125,0.51416015625,-0.030029296875,0.519775390625,False,mixed_or_none
251,sham,24,69,True,0.519287109375,00110011,51,0.828369140625,0.539794921875,0.5399169921875,0.5066100452255878,0.932373046875,0.99951171875,0.30126953125,0.53985595703125,False,0.828369140625,0.82794189453125,0.5376026880123953,0.985107421875,0.881591796875,0.35400390625,0.828155517578125,False,0.519287109375,0.5190022786458334,0.5029067142364583,0.618896484375,0.51171875,-0.01220703125,0.5191446940104167,False,mixed_or_none
251,sham,33,78,True,0.505615234375,00110011,51,0.972412109375,0.506591796875,0.50732421875,0.5071672282786029,0.91162109375,0.99951171875,0.262451171875,0.5069580078125,False,0.972412109375,0.97259521484375,0.6176920719846304,1.0,0.976806640625,0.350830078125,0.972503662109375,True,0.505615234375,0.5064697265625,0.5055495418105669,0.660888671875,0.51953125,0.01171875,0.50604248046875,False,Q
251,sham,45,90,True,0.5,00110011,51,1.0,0.5,0.5,0.5023937422612156,0.888916015625,0.999755859375,0.22265625,0.5,False,1.0,1.0,0.8274671291971795,1.0,1.0,0.333740234375,1.0,True,0.5,0.5,0.507183858931717,0.68310546875,0.55419921875,0.016845703125,0.5,False,Q
251,sham,62,107,True,0.5,00110011,51,1.0,0.5,0.5,0.4956820927999391,0.8564453125,0.99951171875,0.162841796875,0.5,False,1.0,1.0,0.9257462447611395,1.0,1.0,0.306396484375,1.0,True,0.5,0.5,0.5101137024735654,0.821044921875,0.64111328125,0.12744140625,0.5,False,Q
251,sham,85,130,True,0.5,00110011,51,1.0,0.5,0.5,0.5022612315265882,0.77978515625,0.99951171875,0.041748046875,0.5,False,1.0,0.99969482421875,0.8568591654152578,1.0,1.0,0.261962890625,0.999847412109375,True,0.5,0.500244140625,0.5518588672104172,0.981201171875,0.861572265625,0.2431640625,0.5001220703125,False,Q
251,sham,117,162,True,0.873046875,01010101,85,0.873046875,0.51025390625,0.509521484375,0.5059641266771271,0.807373046875,0.998046875,0.02734375,0.5098876953125,False,0.626953125,0.6258544921875,0.6868392319809937,1.0,1.0,0.219970703125,0.62640380859375,False,0.873046875,0.8725992838541667,0.7807492437944274,1.0,0.998779296875,0.219970703125,0.8728230794270834,False,mixed_or_none
251,sham,128,173,True,0.9931640625,01010101,85,0.9931640625,0.5,0.5001220703125,0.500842040613354,0.832275390625,0.998046875,0.068603515625,0.50006103515625,False,0.5068359375,0.50628662109375,0.5966307294801827,1.0,0.99951171875,0.236328125,0.506561279296875,False,0.9931640625,0.9931640625,0.885676410245879,1.0,0.999755859375,0.236328125,0.9931640625,True,Y
251,sham,161,206,True,1.0,01010101,85,1.0,0.5,0.5,0.5000379037064409,0.828369140625,0.998046875,0.081298828125,0.5,False,0.5,0.5,0.5143313884015183,1.0,0.998291015625,0.2529296875,0.5,False,1.0,1.0,0.9831974958353107,1.0,1.0,0.2529296875,1.0,True,Y
251,sham,222,267,True,1.0,01010101,85,1.0,0.5,0.5,0.5000440332137135,0.832763671875,0.997802734375,0.08154296875,0.5,False,0.5,0.5,0.5039227785994611,1.0,0.99853515625,0.248779296875,0.5,False,1.0,1.0,0.9954156847930156,1.0,1.0,0.248779296875,1.0,True,Y
251,sham,304,349,True,1.0,01010101,85,1.0,0.5,0.5,0.49999792636008034,0.843994140625,0.997802734375,0.082763671875,0.5,False,0.5,0.5,0.5016933961857681,1.0,0.99853515625,0.23876953125,0.5,False,1.0,1.0,0.9980240295497971,1.0,1.0,0.23876953125,1.0,True,Y
251,sham,418,463,True,1.0,01010101,85,1.0,0.5,0.5,0.5000087312654578,0.8466796875,0.997802734375,0.0810546875,0.5,False,0.5,0.5,0.5008065348871577,1.0,0.998291015625,0.234375,0.5,False,1.0,1.0,0.9990594738575407,1.0,1.0,0.234375,1.0,True,Y
251,sham,575,620,True,1.0,01010101,85,1.0,0.5,0.5,0.500004105412818,0.848876953125,0.998046875,0.075439453125,0.5,False,0.5,0.5,0.5004032596293568,1.0,0.998291015625,0.2265625,0.5,False,1.0,1.0,0.9995299796120165,1.0,1.0,0.2265625,1.0,True,Y
251,sham,790,835,True,1.0,01010101,85,1.0,0.5,0.5,0.5000024631035757,0.85107421875,0.998046875,0.072509765625,0.5,False,0.5,0.5,0.5002063063178507,1.0,0.998291015625,0.221435546875,0.5,False,1.0,1.0,0.9997595152325727,1.0,1.0,0.221435546875,1.0,True,Y
251,sham,1024,1069,True,1.0,01010101,85,1.0,0.5,0.5,0.5000012698024161,0.85302734375,0.997802734375,0.074462890625,0.5,False,0.5,0.5,0.5001206581708825,1.0,0.998291015625,0.221435546875,0.5,False,1.0,1.0,0.9998594306562738,1.0,1.0,0.221435546875,1.0,True,Y
257,independent_carry,0,45,True,0.50048828125,00001111,15,0.99951171875,0.99951171875,0.9990234375,0.8806264909178465,1.0,1.0,0.398681640625,0.999267578125,True,0.50048828125,0.5006103515625,0.5572069143262853,0.99658203125,0.96533203125,0.395263671875,0.50054931640625,False,0.50048828125,0.5001220703125,0.5011133870703696,0.503662109375,0.4892578125,-0.09765625,0.50030517578125,False,P
257,independent_carry,1,46,True,0.499755859375,00001111,15,0.999267578125,0.999267578125,0.999267578125,0.8687347078020251,1.0,1.0,0.3994140625,0.999267578125,True,0.500732421875,0.50054931640625,0.5640445424372447,0.99755859375,0.9697265625,0.39697265625,0.500640869140625,False,0.499755859375,0.4999186197916667,0.5011420538801503,0.510498046875,0.48974609375,-0.090087890625,0.49983723958333337,False,P
257,independent_carry,2,47,True,0.50146484375,00001111,15,0.99560546875,0.99560546875,0.9957275390625,0.850409694172041,1.0,1.0,0.400146484375,0.99566650390625,True,0.50439453125,0.50347900390625,0.5731923544025213,0.99853515625,0.975341796875,0.398681640625,0.503936767578125,False,0.50146484375,0.5008138020833334,0.5011404245033636,0.50927734375,0.492431640625,-0.090576171875,0.5011393229166667,False,P
257,independent_carry,3,48,True,0.501953125,00001111,15,0.9853515625,0.9853515625,0.986083984375,0.8276530032564003,1.0,1.0,0.4013671875,0.9857177734375,True,0.5146484375,0.51409912109375,0.5835440528133103,0.999267578125,0.980224609375,0.400634765625,0.514373779296875,False,0.501953125,0.5010986328125,0.5011241032210365,0.507080078125,0.490966796875,-0.091552734375,0.50152587890625,False,P
257,independent_carry,4,49,True,0.5009765625,00001111,15,0.966796875,0.966796875,0.9671630859375,0.8020416009704459,1.0,1.0,0.4013671875,0.96697998046875,True,0.533203125,0.53326416015625,0.5942596849907189,0.99951171875,0.983154296875,0.40087890625,0.533233642578125,False,0.5009765625,0.5006103515625,0.5010955704814444,0.5068359375,0.491943359375,-0.091796875,0.50079345703125,False,P
257,independent_carry,5,50,True,0.50439453125,00001111,15,0.94775390625,0.94775390625,0.9501953125,0.7774987323161358,1.0,1.0,0.40478515625,0.948974609375,True,0.55224609375,0.5499267578125,0.6045936776848333,0.99951171875,0.988037109375,0.404296875,0.55108642578125,False,0.50439453125,0.5015462239583334,0.5010645143905221,0.515869140625,0.4921875,-0.079345703125,0.5029703776041667,False,P
257,independent_carry,7,52,True,0.50830078125,00001111,15,0.91650390625,0.91650390625,0.918212890625,0.7313741686983166,1.0,1.0,0.406982421875,0.9173583984375,True,0.58349609375,0.58087158203125,0.6250980181185014,1.0,0.993408203125,0.406982421875,0.582183837890625,False,0.50830078125,0.5048421223958334,0.5010412888136088,0.503173828125,0.49560546875,-0.08984375,0.5065714518229167,False,P
257,independent_carry,9,54,True,0.50927734375,00001111,15,0.830078125,0.830078125,0.82861328125,0.6861831260552584,0.999755859375,1.0,0.40185546875,0.829345703125,False,0.669921875,0.66278076171875,0.6448493384555509,1.0,0.9970703125,0.402099609375,0.666351318359375,False,0.50927734375,0.504150390625,0.5010000757909926,0.5009765625,0.4970703125,-0.096923828125,0.5067138671875,False,mixed_or_none
257,independent_carry,13,58,True,0.50830078125,00110011,51,0.896484375,0.603515625,0.60498046875,0.6100896177156101,0.999755859375,0.999755859375,0.39111328125,0.604248046875,False,0.896484375,0.89404296875,0.6789154828788,1.0,0.999755859375,0.391357421875,0.895263671875,False,0.50830078125,0.5058186848958334,0.5008103299567307,0.5029296875,0.5029296875,-0.105712890625,0.5070597330729167,False,mixed_or_none
257,independent_carry,17,62,True,0.499267578125,00110011,51,0.997314453125,0.502685546875,0.5040283203125,0.5599419454665132,0.999267578125,0.99951171875,0.387939453125,0.50335693359375,False,0.997314453125,0.99603271484375,0.7173239031015699,1.0,1.0,0.388671875,0.996673583984375,True,0.499267578125,0.499267578125,0.500631333778066,0.507080078125,0.50439453125,-0.104248046875,0.499267578125,False,Q
257,independent_carry,24,69,True,0.5,00110011,51,1.0,0.5,0.5,0.5154367204555255,0.99609375,0.99951171875,0.38623046875,0.5,False,1.0,1.0,0.7907096054729313,1.0,1.0,0.39013671875,1.0,True,0.5,0.5,0.5005552659118381,0.5234375,0.5068359375,-0.08642578125,0.5,False,Q
257,independent_carry,33,78,True,0.5,00110011,51,1.0,0.5,0.5,0.49679093754077613,0.99462890625,1.0,0.374755859375,0.5,False,1.0,1.0,0.8744740218542935,1.0,1.0,0.380126953125,1.0,True,0.5,0.5,0.5005934053342985,0.5390625,0.513671875,-0.080810546875,0.5,False,Q
257,independent_carry,45,90,True,0.5,00110011,51,1.0,0.5,0.5,0.4970239114610809,0.994384765625,1.0,0.381591796875,0.5,False,1.0,1.0,0.9221863116834338,1.0,1.0,0.38720703125,1.0,True,0.5,0.5,0.5006164083503004,0.541259765625,0.521240234375,-0.071533203125,0.5,False,Q
257,independent_carry,62,107,True,0.5,00110011,51,1.0,0.5,0.5,0.5025480778419145,0.991943359375,1.0,0.37841796875,0.5,False,1.0,1.0,0.9013680405054785,1.0,1.0,0.386474609375,1.0,True,0.5,0.5,0.5014208721408825,0.5478515625,0.546875,-0.065673828125,0.5,False,Q
257,independent_carry,85,130,True,0.5,00110011,51,1.0,0.5,0.5,0.5008548591141222,0.985595703125,0.999755859375,0.365234375,0.5,False,1.0,1.0,0.893841730519684,1.0,1.0,0.379638671875,1.0,True,0.5,0.5,0.5032795206370395,0.6015625,0.64306640625,-0.018798828125,0.5,False,Q
257,independent_carry,117,162,True,0.5,00110011,51,1.0,0.5,0.5,0.5013549383784699,0.983154296875,0.99951171875,0.3427734375,0.5,False,1.0,1.0,0.8854798787613111,1.0,1.0,0.359619140625,1.0,True,0.5,0.5000406901041666,0.5154712656580427,0.706298828125,0.77490234375,0.06591796875,0.5000203450520833,False,Q
257,independent_carry,128,173,True,0.5,00110011,51,1.0,0.5,0.5,0.5013277433658614,0.984375,0.99951171875,0.337890625,0.5,False,1.0,0.99993896484375,0.8819003512797243,1.0,1.0,0.353515625,0.999969482421875,True,0.5,0.5000813802083334,0.5233680149416837,0.73681640625,0.80859375,0.09033203125,0.5000406901041667,False,Q
257,independent_carry,161,206,True,0.525390625,00110011,51,0.974609375,0.49365234375,0.4990234375,0.49969530972735626,0.98828125,0.9990234375,0.344482421875,0.496337890625,False,0.974609375,0.974609375,0.8659455003742255,1.0,1.0,0.356201171875,0.974609375,True,0.525390625,0.525634765625,0.5651776807357353,0.894287109375,0.962158203125,0.25048828125,0.5255126953125,False,Q
257,independent_carry,222,267,True,0.91015625,01010101,85,0.91015625,0.50244140625,0.5032958984375,0.5012551947862635,0.9873046875,0.998291015625,0.2822265625,0.50286865234375,False,0.58984375,0.5885009765625,0.6457969936793204,0.999755859375,1.0,0.294677734375,0.58917236328125,False,0.91015625,0.911376953125,0.8338192110165115,1.0,1.0,0.294921875,0.9107666015625,True,Y
257,independent_carry,304,349,True,1.0,01010101,85,1.0,0.5,0.5,0.4999727493499708,0.984619140625,0.998046875,0.269775390625,0.5,False,0.5,0.5,0.5113306987607453,0.99853515625,0.999755859375,0.28369140625,0.5,False,1.0,1.0,0.987022537676207,1.0,1.0,0.28515625,1.0,True,Y
257,independent_carry,418,463,True,1.0,01010101,85,1.0,0.5,0.5,0.5000071272480616,0.984375,0.99853515625,0.26953125,0.5,False,0.5,0.5,0.503737796182088,0.99853515625,0.999755859375,0.28369140625,0.5,False,1.0,1.0,0.9957247413734507,1.0,1.0,0.28515625,1.0,True,Y
257,independent_carry,575,620,True,1.0,01010101,85,1.0,0.5,0.5,0.49998782677690373,0.983154296875,0.9990234375,0.26708984375,0.5,False,0.5,0.5,0.501603859327919,0.9990234375,0.999755859375,0.282958984375,0.5,False,1.0,1.0,0.9981578199710508,1.0,1.0,0.283935546875,1.0,True,Y
257,independent_carry,790,835,True,1.0,01010101,85,1.0,0.5,0.5,0.49999988478545426,0.9833984375,0.9990234375,0.27490234375,0.5,False,0.5,0.5,0.5007726355733744,0.99853515625,0.999755859375,0.2900390625,0.5,False,1.0,1.0,0.9991126792762048,1.0,1.0,0.29150390625,1.0,True,Y
257,independent_carry,1024,1069,True,1.0,01010101,85,1.0,0.5,0.5,0.5000015814139654,0.982666015625,0.9990234375,0.27685546875,0.5,False,0.5,0.5,0.5004396707884854,0.998779296875,0.999755859375,0.29296875,0.5,False,1.0,1.0,0.9994953363716823,1.0,1.0,0.294189453125,1.0,True,Y
257,independent_reset,0,45,True,0.50048828125,00001111,15,0.99951171875,0.99951171875,0.9990234375,0.8806264909178465,1.0,1.0,0.398681640625,0.999267578125,True,0.50048828125,0.5006103515625,0.5572069143262853,0.99658203125,0.96533203125,0.395263671875,0.50054931640625,False,0.50048828125,0.5001220703125,0.5011133870703696,0.503662109375,0.4892578125,-0.09765625,0.50030517578125,False,P
257,independent_reset,1,46,True,0.499755859375,00001111,15,0.998291015625,0.998291015625,0.998291015625,0.8589904691275017,1.0,1.0,0.3974609375,0.998291015625,True,0.501708984375,0.50115966796875,0.5668897893816672,0.997802734375,0.96923828125,0.395263671875,0.501434326171875,False,0.499755859375,0.4999593098958333,0.5011350363456349,0.505126953125,0.489990234375,-0.097412109375,0.49985758463541663,False,P
257,independent_reset,2,47,True,0.502197265625,00001111,15,0.993408203125,0.993408203125,0.9940185546875,0.834654596353911,1.0,1.0,0.39794921875,0.99371337890625,True,0.506591796875,0.5052490234375,0.5766450487481277,0.998779296875,0.97314453125,0.396728515625,0.50592041015625,False,0.502197265625,0.5011393229166666,0.5011038827250293,0.50244140625,0.48828125,-0.099609375,0.5016682942708333,False,P
257,independent_reset,3,48,True,0.504150390625,00001111,15,0.983642578125,0.983642578125,0.9842529296875,0.8104439555039833,1.0,1.0,0.404296875,0.98394775390625,True,0.516357421875,0.51531982421875,0.5856425496881335,0.9990234375,0.9765625,0.4033203125,0.515838623046875,False,0.504150390625,0.5016682942708334,0.5010670588484069,0.501953125,0.48974609375,-0.09375,0.5029093424479167,False,P
257,independent_reset,4,49,True,0.50244140625,00001111,15,0.96923828125,0.96923828125,0.9705810546875,0.7862210287544423,1.0,1.0,0.404052734375,0.96990966796875,True,0.53076171875,0.5301513671875,0.5939415507399504,0.999267578125,0.98046875,0.4033203125,0.53045654296875,False,0.50244140625,0.5010986328125,0.5010271609271665,0.5029296875,0.48974609375,-0.093017578125,0.50177001953125,False,P
257,independent_reset,5,50,True,0.5009765625,00001111,15,0.95654296875,0.95654296875,0.957763671875,0.7647115175273442,1.0,1.0,0.402099609375,0.9571533203125,True,0.54345703125,0.541259765625,0.6013957270295882,0.99951171875,0.983642578125,0.401611328125,0.5423583984375,False,0.5009765625,0.5013020833333334,0.5010022569488417,0.497802734375,0.489013671875,-0.10009765625,0.5011393229166667,False,P
257,independent_reset,7,52,True,0.505126953125,00001111,15,0.930908203125,0.930908203125,0.9310302734375,0.7257681775162131,1.0,1.0,0.3974609375,0.93096923828125,True,0.569091796875,0.56536865234375,0.6152213396311623,1.0,0.98828125,0.3974609375,0.567230224609375,False,0.505126953125,0.5023193359375,0.5009574851661442,0.500732421875,0.49072265625,-0.101806640625,0.50372314453125,False,P
257,independent_reset,9,54,True,0.509033203125,00001111,15,0.874755859375,0.874755859375,0.8734130859375,0.6893311936126454,0.99951171875,1.0,0.398681640625,0.87408447265625,False,0.625244140625,0.62164306640625,0.6281041052010334,1.0,0.991943359375,0.399169921875,0.623443603515625,False,0.509033203125,0.5028483072916666,0.5009031609801401,0.50146484375,0.4951171875,-0.099365234375,0.5059407552083333,False,mixed_or_none
257,independent_reset,13,58,True,0.511474609375,00110011,51,0.815673828125,0.684326171875,0.68505859375,0.628302642843878,0.999755859375,0.999755859375,0.395263671875,0.6846923828125,False,0.815673828125,0.8135986328125,0.6520969978325439,1.0,0.998046875,0.3955078125,0.81463623046875,False,0.511474609375,0.5063883463541666,0.5007445721028941,0.50537109375,0.497802734375,-0.09912109375,0.5089314778645833,False,mixed_or_none
257,independent_reset,17,62,True,0.504638671875,00110011,51,0.955322265625,0.544677734375,0.54443359375,0.5856093414627616,0.999755859375,0.99951171875,0.392822265625,0.5445556640625,False,0.955322265625,0.9549560546875,0.6792523717554524,1.0,0.999755859375,0.39306640625,0.95513916015625,True,0.504638671875,0.5010172526041666,0.5006037341227029,0.512451171875,0.501708984375,-0.094482421875,0.5028279622395833,False,Q
257,independent_reset,24,69,True,0.5,00110011,51,1.0,0.5,0.5003662109375,0.5431723695591623,0.999755859375,0.999755859375,0.3828125,0.50018310546875,False,1.0,0.9996337890625,0.7353011900982487,1.0,1.0,0.383056640625,0.99981689453125,True,0.5,0.4998779296875,0.5005876612618356,0.52587890625,0.50390625,-0.091064453125,0.49993896484375,False,Q
257,independent_reset,33,78,True,0.5,00110011,51,1.0,0.5,0.5,0.5156135306744316,0.99853515625,1.0,0.383056640625,0.5,False,1.0,1.0,0.8193840373294403,1.0,1.0,0.384521484375,1.0,True,0.5,0.5,0.5006636393352792,0.52392578125,0.503662109375,-0.091552734375,0.5,False,Q
257,independent_reset,45,90,True,0.5,00110011,51,1.0,0.5,0.5,0.5048664581932769,0.997314453125,1.0,0.379150390625,0.5,False,1.0,1.0,0.9017064986992427,1.0,1.0,0.3818359375,1.0,True,0.5,0.5,0.5006607679732016,0.525390625,0.513671875,-0.0927734375,0.5,False,Q
257,independent_reset,62,107,True,0.5,00110011,51,1.0,0.5,0.5,0.504697824128006,0.996337890625,1.0,0.369384765625,0.5,False,1.0,1.0,0.9118172665911031,1.0,1.0,0.373046875,1.0,True,0.5,0.5,0.5011522498231452,0.529541015625,0.5283203125,-0.097412109375,0.5,False,Q
257,independent_reset,85,130,True,0.5,00110011,51,1.0,0.5,0.5,0.49921357005216094,0.99462890625,1.0,0.365234375,0.5,False,1.0,1.0,0.891836982745478,1.0,1.0,0.37060546875,1.0,True,0.5,0.5,0.5027085230104444,0.581787109375,0.607177734375,-0.047607421875,0.5,False,Q
257,independent_reset,117,162,True,0.5,00110011,51,1.0,0.5,0.5,0.5021405816331659,0.992431640625,1.0,0.353759765625,0.5,False,1.0,1.0,0.8881972787127841,1.0,1.0,0.361328125,1.0,True,0.5,0.5,0.5129060702212583,0.701904296875,0.767822265625,0.063232421875,0.5,False,Q
257,independent_reset,128,173,True,0.5,00110011,51,1.0,0.5,0.5,0.5016105363751194,0.994140625,0.999755859375,0.3515625,0.5,False,1.0,1.0,0.8841118659010725,1.0,1.0,0.357421875,1.0,True,0.5,0.5,0.5200072010671565,0.729248046875,0.784912109375,0.086669921875,0.5,False,Q
257,independent_reset,161,206,True,0.516357421875,00110011,51,0.983642578125,0.491943359375,0.4971923828125,0.4987504556829677,0.995849609375,0.999755859375,0.3486328125,0.49456787109375,False,0.983642578125,0.9842529296875,0.8715425452598492,1.0,1.0,0.352783203125,0.98394775390625,True,0.516357421875,0.5159098307291666,0.5561918441422409,0.85107421875,0.9072265625,0.203857421875,0.5161336263020833,False,Q
257,independent_reset,222,267,True,0.857666015625,01010101,85,0.857666015625,0.502197265625,0.505126953125,0.5019318067862804,0.9970703125,0.99951171875,0.2841796875,0.503662109375,False,0.642333984375,0.64166259765625,0.6601110375743003,0.999267578125,1.0,0.286376953125,0.641998291015625,False,0.857666015625,0.857666015625,0.8169184200950073,0.99951171875,1.0,0.28662109375,0.857666015625,False,mixed_or_none
257,independent_reset,304,349,True,1.0,01010101,85,1.0,0.5,0.5,0.5001808105748958,0.994873046875,0.9990234375,0.287353515625,0.5,False,0.5,0.5,0.512890112054472,0.99609375,0.99951171875,0.28857421875,0.5,False,1.0,1.0,0.985255322824538,1.0,1.0,0.29248046875,1.0,True,Y
257,independent_reset,418,463,True,1.0,01010101,85,1.0,0.5,0.5,0.5001204017266816,0.99609375,0.9990234375,0.298828125,0.5,False,0.5,0.5,0.5034557234601643,0.9970703125,0.99951171875,0.2998046875,0.5,False,1.0,1.0,0.9960591789825226,1.0,1.0,0.302734375,1.0,True,Y
257,independent_reset,575,620,True,1.0,01010101,85,1.0,0.5,0.5,0.5000423463573529,0.996337890625,0.999267578125,0.301513671875,0.5,False,0.5,0.5,0.5013363998839456,0.997314453125,0.99951171875,0.302490234375,0.5,False,1.0,1.0,0.9984748933085565,1.0,1.0,0.30517578125,1.0,True,Y
257,independent_reset,790,835,True,1.0,01010101,85,1.0,0.5,0.5,0.5000273164051642,0.99609375,0.999267578125,0.30712890625,0.5,False,0.5,0.5,0.5005950546646947,0.995849609375,0.99951171875,0.306884765625,0.5,False,1.0,1.0,0.9993221617630417,1.0,1.0,0.31103515625,1.0,True,Y
257,independent_reset,1024,1069,True,1.0,01010101,85,1.0,0.5,0.5,0.5000149858337847,0.99609375,0.999267578125,0.311767578125,0.5,False,0.5,0.5,0.5003206309116023,0.995849609375,0.99951171875,0.3115234375,0.5,False,1.0,1.0,0.9996353429649494,1.0,1.0,0.315673828125,1.0,True,Y
257,nested_carry,0,45,True,0.5,00001111,15,1.0,1.0,1.0,0.8819167084668164,1.0,1.0,0.40771484375,1.0,True,0.5,0.5,0.5170774899839258,0.874267578125,0.8388671875,0.281982421875,0.5,False,0.5,0.5,0.5011607972726179,0.505615234375,0.490478515625,-0.086669921875,0.5,False,P
257,nested_carry,1,46,True,0.5,00001111,15,1.0,1.0,1.0,0.870920344266888,1.0,1.0,0.40673828125,1.0,True,0.5,0.5,0.5182056620768585,0.877685546875,0.842041015625,0.284423828125,0.5,False,0.5,0.5,0.50118718176823,0.5048828125,0.489501953125,-0.08837890625,0.5,False,P
257,nested_carry,2,47,True,0.5,00001111,15,1.0,1.0,1.0,0.8530556765989502,1.0,1.0,0.40673828125,1.0,True,0.5,0.5,0.5200412736642378,0.88037109375,0.8447265625,0.287109375,0.5,False,0.5,0.5,0.501175111147173,0.506591796875,0.49169921875,-0.086669921875,0.5,False,P
257,nested_carry,3,48,True,0.5,00001111,15,1.0,1.0,1.0,0.8292029518336906,1.0,1.0,0.4072265625,1.0,True,0.5,0.5,0.5223074730238848,0.8818359375,0.848388671875,0.2890625,0.5,False,0.5,0.5,0.5011474055799109,0.510009765625,0.490478515625,-0.082763671875,0.5,False,P
257,nested_carry,4,49,True,0.49951171875,00001111,15,0.99951171875,0.99951171875,0.9996337890625,0.8005711754409056,1.0,1.0,0.398681640625,0.99957275390625,True,0.50048828125,0.50048828125,0.5247198262537035,0.8857421875,0.85205078125,0.284423828125,0.50048828125,False,0.49951171875,0.4998779296875,0.5011050511429006,0.50927734375,0.491455078125,-0.092041015625,0.49969482421875,False,P
257,nested_carry,5,50,True,0.501220703125,00001111,15,0.996337890625,0.996337890625,0.99658203125,0.7713795369104799,1.0,1.0,0.394287109375,0.9964599609375,True,0.503662109375,0.5035400390625,0.5268807550877266,0.890380859375,0.856201171875,0.28466796875,0.50360107421875,False,0.501220703125,0.5000406901041666,0.5010655382506429,0.51318359375,0.490966796875,-0.092529296875,0.5006306966145833,False,P
257,nested_carry,7,52,True,0.502685546875,00001111,15,0.985595703125,0.985595703125,0.9864501953125,0.71619314952706,1.0,1.0,0.3984375,0.98602294921875,True,0.513916015625,0.51312255859375,0.5304257387849226,0.904541015625,0.871826171875,0.302978515625,0.513519287109375,False,0.502685546875,0.500732421875,0.5010577990399113,0.5078125,0.4931640625,-0.09375,0.501708984375,False,P
257,nested_carry,9,54,True,0.504150390625,00001111,15,0.977294921875,0.977294921875,0.978515625,0.6660496262451385,0.999755859375,1.0,0.410400390625,0.9779052734375,True,0.522216796875,0.52227783203125,0.5330574947732727,0.923583984375,0.88916015625,0.334228515625,0.522247314453125,False,0.504150390625,0.5010579427083334,0.5010784874737993,0.508544921875,0.497314453125,-0.080810546875,0.5026041666666667,False,P
257,nested_carry,13,58,True,0.506591796875,00001111,15,0.947509765625,0.947509765625,0.9481201171875,0.5905001759900027,0.999267578125,0.999755859375,0.418701171875,0.94781494140625,True,0.551513671875,0.55120849609375,0.5358324485303393,0.95361328125,0.91943359375,0.373046875,0.551361083984375,False,0.506591796875,0.5029296875,0.5010248385693602,0.50390625,0.50048828125,-0.07666015625,0.5047607421875,False,P
257,nested_carry,17,62,True,0.50732421875,00000011,3,0.82080078125,0.798828125,0.8011474609375,0.5519327331660567,0.999267578125,0.99951171875,0.432373046875,0.79998779296875,False,0.69482421875,0.6883544921875,0.5396059163395428,0.9814453125,0.947509765625,0.41455078125,0.69158935546875,False,0.50732421875,0.5042724609375,0.5008890438954913,0.51025390625,0.5029296875,-0.056640625,0.50579833984375,False,mixed_or_none
257,nested_carry,24,69,True,0.5048828125,00110011,51,0.88134765625,0.60693359375,0.6077880859375,0.527407906420656,0.995361328125,0.99951171875,0.431884765625,0.60736083984375,False,0.88134765625,0.880126953125,0.5572205808450602,0.99853515625,0.982421875,0.43505859375,0.8807373046875,False,0.5048828125,0.506103515625,0.500888935404886,0.51220703125,0.505126953125,-0.05126953125,0.5054931640625,False,mixed_or_none
257,nested_carry,33,78,True,0.496337890625,00110011,51,0.992919921875,0.507080078125,0.5072021484375,0.521368100509326,0.984375,0.99951171875,0.404296875,0.50714111328125,False,0.992919921875,0.99346923828125,0.6148088171025786,1.0,0.99951171875,0.419921875,0.993194580078125,True,0.496337890625,0.4981282552083333,0.5011406646246711,0.514404296875,0.506103515625,-0.065673828125,0.49723307291666663,False,Q
257,nested_carry,45,90,True,0.5,00110011,51,1.0,0.5,0.5,0.5213019778684482,0.98583984375,0.999755859375,0.378173828125,0.5,False,1.0,1.0,0.7704068574605478,1.0,1.0,0.392333984375,1.0,True,0.5,0.5,0.5016440461582902,0.51708984375,0.519775390625,-0.090576171875,0.5,False,Q
257,nested_carry,62,107,True,0.5,00110011,51,1.0,0.5,0.5,0.506065680820739,0.995849609375,1.0,0.386962890625,0.5,False,1.0,1.0,0.9181215579990725,1.0,1.0,0.39111328125,1.0,True,0.5,0.5,0.5020729957725427,0.5390625,0.5654296875,-0.06982421875,0.5,False,Q
257,nested_carry,85,130,True,0.5,00110011,51,1.0,0.5,0.5,0.49547881668042326,0.993408203125,1.0,0.3583984375,0.5,False,1.0,1.0,0.8949924987075482,1.0,1.0,0.364990234375,1.0,True,0.5,0.5,0.5050524293949468,0.577880859375,0.685546875,-0.05712890625,0.5,False,Q
257,nested_carry,117,162,True,0.5,00110011,51,1.0,0.5,0.5,0.5029327542224806,0.9921875,1.0,0.339111328125,0.5,False,1.0,1.0,0.8825933888885205,1.0,1.0,0.346923828125,1.0,True,0.5,0.5000406901041666,0.5200085643717237,0.69677734375,0.76025390625,0.043701171875,0.5000203450520833,False,Q
257,nested_carry,128,173,True,0.500244140625,00110011,51,0.999755859375,0.500244140625,0.5001220703125,0.5030132020602675,0.99169921875,1.0,0.32763671875,0.50018310546875,False,0.999755859375,0.999755859375,0.8782944492957956,1.0,1.0,0.3359375,0.999755859375,True,0.500244140625,0.50048828125,0.5290317101201149,0.73095703125,0.781494140625,0.06689453125,0.5003662109375,False,Q
257,nested_carry,161,206,True,0.544921875,00110011,51,0.955078125,0.49267578125,0.4964599609375,0.49798613767664,0.9912109375,0.999755859375,0.301025390625,0.49456787109375,False,0.955078125,0.9552001953125,0.8570310995827003,1.0,1.0,0.309814453125,0.95513916015625,True,0.544921875,0.5452880859375,0.5728954354085756,0.86083984375,0.919921875,0.170654296875,0.54510498046875,False,Q
257,nested_carry,222,267,True,0.895263671875,01010101,85,0.895263671875,0.504638671875,0.5030517578125,0.5017655724500543,0.992431640625,0.999755859375,0.26953125,0.50384521484375,False,0.604736328125,0.6063232421875,0.6459842161635457,1.0,1.0,0.277099609375,0.60552978515625,False,0.895263671875,0.8940022786458333,0.8324574361130006,1.0,1.0,0.277099609375,0.8946329752604166,False,mixed_or_none
257,nested_carry,304,349,True,1.0,01010101,85,1.0,0.5,0.5,0.5000377495249486,0.995849609375,0.999755859375,0.265380859375,0.5,False,0.5,0.5,0.5097800404180247,0.997802734375,1.0,0.267333984375,0.5,False,1.0,1.0,0.988596626365257,1.0,1.0,0.26953125,1.0,True,Y
257,nested_carry,418,463,True,1.0,01010101,85,1.0,0.5,0.5,0.5000422365933472,0.996826171875,0.999755859375,0.27001953125,0.5,False,0.5,0.5,0.5030611816775418,0.998779296875,1.0,0.27197265625,0.5,False,1.0,1.0,0.9964438376643012,1.0,1.0,0.273193359375,1.0,True,Y
257,nested_carry,575,620,True,1.0,01010101,85,1.0,0.5,0.5,0.5000018729351842,0.996337890625,0.999755859375,0.2744140625,0.5,False,0.5,0.5,0.5013104304398842,0.99755859375,1.0,0.275634765625,0.5,False,1.0,1.0,0.9984766629043995,1.0,1.0,0.278076171875,1.0,True,Y
257,nested_carry,790,835,True,1.0,01010101,85,1.0,0.5,0.5,0.5000024618966057,0.996337890625,0.999755859375,0.2822265625,0.5,False,0.5,0.5,0.5006251189660297,0.99853515625,1.0,0.284423828125,0.5,False,1.0,1.0,0.9992736539864664,1.0,1.0,0.285888671875,1.0,True,Y
257,nested_carry,1024,1069,True,1.0,01010101,85,1.0,0.5,0.5,0.5000016368795681,0.99609375,0.999755859375,0.279296875,0.5,False,0.5,0.5,0.5003534223883506,0.998291015625,1.0,0.281494140625,0.5,False,1.0,1.0,0.9995899241400656,1.0,1.0,0.283203125,1.0,True,Y
257,nested_reset,0,45,True,0.5,00001111,15,1.0,1.0,1.0,0.8819167084668164,1.0,1.0,0.40771484375,1.0,True,0.5,0.5,0.5170774899839258,0.874267578125,0.8388671875,0.281982421875,0.5,False,0.5,0.5,0.5011607972726179,0.505615234375,0.490478515625,-0.086669921875,0.5,False,P
257,nested_reset,1,46,True,0.5,00001111,15,1.0,1.0,1.0,0.860135767117907,1.0,1.0,0.40625,1.0,True,0.5,0.5,0.5200753996282305,0.886962890625,0.845458984375,0.293212890625,0.5,False,0.5,0.5,0.5011783879010803,0.507568359375,0.49169921875,-0.086181640625,0.5,False,P
257,nested_reset,2,47,True,0.5,00001111,15,1.0,1.0,1.0,0.834508140185655,1.0,1.0,0.4052734375,1.0,True,0.5,0.5,0.5230802158228367,0.890625,0.854248046875,0.2958984375,0.5,False,0.5,0.5,0.5011108489345818,0.505859375,0.4892578125,-0.0888671875,0.5,False,P
257,nested_reset,3,48,True,0.499755859375,00001111,15,0.999755859375,0.999755859375,0.9998779296875,0.8073151197683471,1.0,1.0,0.407470703125,0.99981689453125,True,0.500244140625,0.5001220703125,0.5259108419365193,0.89892578125,0.860107421875,0.306396484375,0.50018310546875,False,0.499755859375,0.4999593098958333,0.5010471984085169,0.50439453125,0.49072265625,-0.088134765625,0.49985758463541663,False,P
257,nested_reset,4,49,True,0.500732421875,00001111,15,0.997802734375,0.997802734375,0.998046875,0.779099652168273,1.0,1.0,0.406982421875,0.9979248046875,True,0.502197265625,0.5015869140625,0.5285134498607381,0.90625,0.864990234375,0.313232421875,0.50189208984375,False,0.500732421875,0.5005696614583334,0.5009970242757096,0.509521484375,0.492431640625,-0.08349609375,0.5006510416666667,False,P
257,nested_reset,5,50,True,0.501953125,00001111,15,0.994140625,0.994140625,0.9949951171875,0.7532888454073645,1.0,1.0,0.40576171875,0.99456787109375,True,0.505859375,0.50494384765625,0.530741918488141,0.919189453125,0.8701171875,0.324951171875,0.505401611328125,False,0.501953125,0.5006510416666666,0.500967851767927,0.5068359375,0.490966796875,-0.08740234375,0.5013020833333333,False,P
257,nested_reset,7,52,True,0.500732421875,00001111,15,0.988525390625,0.988525390625,0.9896240234375,0.7076249566092113,1.0,1.0,0.41259765625,0.98907470703125,True,0.510986328125,0.51129150390625,0.5346118544686913,0.9345703125,0.884765625,0.34716796875,0.511138916015625,False,0.500732421875,0.4998372395833333,0.500965381683997,0.50732421875,0.492431640625,-0.080078125,0.5002848307291666,False,P
257,nested_reset,9,54,True,0.502197265625,00001111,15,0.982177734375,0.982177734375,0.9837646484375,0.6671818807311711,1.0,1.0,0.420166015625,0.98297119140625,True,0.517333984375,0.51751708984375,0.537763733018829,0.951171875,0.900634765625,0.371337890625,0.517425537109375,False,0.502197265625,0.5001627604166666,0.5009901288948763,0.503173828125,0.4931640625,-0.07666015625,0.5011800130208333,False,P
257,nested_reset,13,58,True,0.506591796875,00001111,15,0.947998046875,0.947998046875,0.94921875,0.6041635065143246,0.999755859375,0.999755859375,0.431884765625,0.9486083984375,True,0.552001953125,0.55084228515625,0.5419645113712965,0.97314453125,0.92919921875,0.4052734375,0.551422119140625,False,0.506591796875,0.5021158854166666,0.5009617099711419,0.503173828125,0.498779296875,-0.064697265625,0.5043538411458333,False,P
257,nested_reset,17,62,True,0.509521484375,00001111,15,0.842041015625,0.842041015625,0.84130859375,0.5676312586824267,0.999755859375,0.99951171875,0.439697265625,0.8416748046875,False,0.656982421875,0.65142822265625,0.5471951064610823,0.98828125,0.94970703125,0.42822265625,0.654205322265625,False,0.509521484375,0.5051676432291666,0.50089281393953,0.505126953125,0.502685546875,-0.054931640625,0.5073445638020833,False,mixed_or_none
257,nested_reset,24,69,True,0.50830078125,00110011,51,0.8740234375,0.623046875,0.62255859375,0.5405186988395184,0.997802734375,0.99951171875,0.434326171875,0.622802734375,False,0.8740234375,0.87152099609375,0.5650203590719581,0.998779296875,0.9794921875,0.435302734375,0.872772216796875,False,0.50830078125,0.5057373046875,0.500898476876364,0.52197265625,0.49853515625,-0.04150390625,0.50701904296875,False,mixed_or_none
257,nested_reset,33,78,True,0.496337890625,00110011,51,0.989990234375,0.510009765625,0.51025390625,0.5313801601553404,0.995849609375,0.99951171875,0.3974609375,0.5101318359375,False,0.989990234375,0.989990234375,0.6145672566638691,1.0,0.997314453125,0.401611328125,0.989990234375,True,0.496337890625,0.4975992838541667,0.5011077647733532,0.527099609375,0.50048828125,-0.0712890625,0.49696858723958337,False,Q
257,nested_reset,45,90,True,0.5,00110011,51,1.0,0.5,0.5001220703125,0.5290270260798114,0.99609375,0.999755859375,0.374267578125,0.50006103515625,False,1.0,1.0,0.7452441200954507,1.0,1.0,0.378173828125,1.0,True,0.5,0.4999593098958333,0.5015983110135185,0.52294921875,0.516845703125,-0.098876953125,0.49997965494791663,False,Q
257,nested_reset,62,107,True,0.5,00110011,51,1.0,0.5,0.5,0.5082360708832032,0.99755859375,1.0,0.386962890625,0.5,False,1.0,1.0,0.9052038057500044,1.0,1.0,0.389404296875,1.0,True,0.5,0.5,0.5018824059978182,0.544677734375,0.546630859375,-0.06591796875,0.5,False,Q
257,nested_reset,85,130,True,0.5,00110011,51,1.0,0.5,0.5,0.4938159360394924,0.996826171875,1.0,0.365234375,0.5,False,1.0,1.0,0.900168396979529,1.0,1.0,0.368408203125,1.0,True,0.5,0.5,0.5040745447644653,0.59375,0.661865234375,-0.037841796875,0.5,False,Q
257,nested_reset,117,162,True,0.5,00110011,51,1.0,0.5,0.5,0.5046875966585878,0.996337890625,1.0,0.354736328125,0.5,False,1.0,1.0,0.8818168511695317,1.0,1.0,0.3583984375,1.0,True,0.5,0.5000406901041666,0.5187417440717204,0.732666015625,0.752685546875,0.091064453125,0.5000203450520833,False,Q
257,nested_reset,128,173,True,0.500244140625,00110011,51,0.999755859375,0.500244140625,0.5001220703125,0.5034779767128403,0.997314453125,1.0,0.362060546875,0.50018310546875,False,0.999755859375,0.9998779296875,0.8791707200101551,1.0,1.0,0.36474609375,0.99981689453125,True,0.500244140625,0.5001627604166666,0.527147764216001,0.79296875,0.7705078125,0.15771484375,0.5002034505208333,False,Q
257,nested_reset,161,206,True,0.534423828125,00110011,51,0.965576171875,0.494384765625,0.4986572265625,0.49950321002552445,0.99755859375,1.0,0.31640625,0.49652099609375,False,0.965576171875,0.9649658203125,0.8563876446639784,1.0,1.0,0.31884765625,0.96527099609375,True,0.534423828125,0.5347900390625,0.573833724401411,0.905517578125,0.8798828125,0.224365234375,0.53460693359375,False,Q
257,nested_reset,222,267,True,0.9482421875,01010101,85,0.9482421875,0.5029296875,0.505859375,0.5024375873756673,0.9970703125,1.0,0.260986328125,0.50439453125,False,0.5517578125,0.55401611328125,0.6083148621422835,1.0,1.0,0.263916015625,0.552886962890625,False,0.9482421875,0.9464518229166667,0.8766718299038994,1.0,1.0,0.263916015625,0.9473470052083334,True,Y
257,nested_reset,304,349,True,1.0,01010101,85,1.0,0.5,0.5,0.5001755034595068,0.999267578125,1.0,0.2783203125,0.5,False,0.5,0.5,0.507658197715882,0.99951171875,1.0,0.278564453125,0.5,False,1.0,1.0,0.9912409093741477,1.0,1.0,0.279052734375,1.0,True,Y
257,nested_reset,418,463,True,1.0,01010101,85,1.0,0.5,0.5,0.5000133171923232,0.998779296875,1.0,0.269287109375,0.5,False,0.5,0.5,0.5024825268257975,0.999755859375,1.0,0.270263671875,0.5,False,1.0,1.0,0.9971611218292322,1.0,1.0,0.2705078125,1.0,True,Y
257,nested_reset,575,620,True,1.0,01010101,85,1.0,0.5,0.5,0.4999983186363801,0.998779296875,1.0,0.26611328125,0.5,False,0.5,0.5,0.5010466499282653,0.999755859375,1.0,0.26708984375,0.5,False,1.0,1.0,0.9987984410350819,1.0,1.0,0.267333984375,1.0,True,Y
257,nested_reset,790,835,True,1.0,01010101,85,1.0,0.5,0.5,0.4999974118902751,0.998779296875,1.0,0.268798828125,0.5,False,0.5,0.5,0.500490894965205,0.99951171875,1.0,0.26953125,0.5,False,1.0,1.0,0.9994360671835076,1.0,1.0,0.27001953125,1.0,True,Y
257,nested_reset,1024,1069,True,1.0,01010101,85,1.0,0.5,0.5,0.49999566833622355,0.998779296875,1.0,0.2685546875,0.5,False,0.5,0.5,0.5002735661220384,0.999267578125,1.0,0.26904296875,0.5,False,1.0,1.0,0.9996854959388561,1.0,1.0,0.269775390625,1.0,True,Y
257,scratch,0,45,True,0.497802734375,11111111,255,0.655029296875,0.377197265625,0.373046875,0.4933265183511109,0.957763671875,0.998779296875,0.3818359375,0.3751220703125,False,0.514892578125,0.50848388671875,0.49965249892233493,0.681396484375,0.77197265625,0.10546875,0.511688232421875,False,0.497802734375,0.4966227213541667,0.5000042367484595,0.510498046875,0.49560546875,-0.0654296875,0.49721272786458337,False,mixed_or_none
257,scratch,1,46,True,0.502197265625,11111111,255,0.914306640625,0.437255859375,0.43359375,0.4924289711346742,0.958984375,0.9990234375,0.376220703125,0.4354248046875,False,0.503173828125,0.50311279296875,0.5012254367189151,0.700927734375,0.77490234375,0.1181640625,0.503143310546875,False,0.502197265625,0.5027669270833334,0.5000332611591717,0.51123046875,0.4970703125,-0.071533203125,0.5024820963541667,False,mixed_or_none
257,scratch,2,47,True,0.506103515625,11111111,255,0.940185546875,0.458740234375,0.4532470703125,0.49234513354791054,0.961669921875,0.998779296875,0.37646484375,0.45599365234375,False,0.520263671875,0.5205078125,0.5028618224130256,0.723876953125,0.77685546875,0.138671875,0.5203857421875,False,0.506103515625,0.5024820963541666,0.5000930393857651,0.510009765625,0.497802734375,-0.0751953125,0.5042928059895833,False,mixed_or_none
257,scratch,3,48,True,0.505126953125,11111111,255,0.862060546875,0.426025390625,0.4140625,0.492353874572809,0.962646484375,0.9990234375,0.369873046875,0.4200439453125,False,0.553955078125,0.55316162109375,0.5043151663041917,0.74462890625,0.77587890625,0.15185546875,0.553558349609375,False,0.505126953125,0.5018310546875,0.500152550908577,0.510986328125,0.49755859375,-0.081787109375,0.50347900390625,False,mixed_or_none
257,scratch,4,49,True,0.50537109375,11111111,255,0.78125,0.41845703125,0.4044189453125,0.49259418270971755,0.96337890625,0.9990234375,0.373779296875,0.41143798828125,False,0.578125,0.57769775390625,0.5056907195450833,0.77001953125,0.775390625,0.180419921875,0.577911376953125,False,0.50537109375,0.5010172526041666,0.5002026026199778,0.510498046875,0.49658203125,-0.0791015625,0.5031941731770833,False,mixed_or_none
257,scratch,5,50,True,0.512939453125,11110011,243,0.656982421875,0.383544921875,0.382080078125,0.49257999998558877,0.96240234375,0.998779296875,0.375,0.3828125,False,0.614013671875,0.61114501953125,0.5070460179441606,0.795166015625,0.77978515625,0.207763671875,0.612579345703125,False,0.512939453125,0.5079752604166666,0.5002545933781353,0.508544921875,0.494140625,-0.078857421875,0.5104573567708333,False,mixed_or_none
257,scratch,7,52,True,0.505615234375,00000000,0,0.805419921875,0.445068359375,0.44091796875,0.493435918303202,0.9638671875,0.998779296875,0.379150390625,0.4429931640625,False,0.598876953125,0.59619140625,0.5099619871858538,0.845947265625,0.787353515625,0.26123046875,0.5975341796875,False,0.505615234375,0.5040283203125,0.5003483794766375,0.510986328125,0.490966796875,-0.07373046875,0.50482177734375,False,mixed_or_none
257,scratch,9,54,True,0.50732421875,00000000,0,0.841796875,0.45947265625,0.46337890625,0.49404087790815515,0.960205078125,0.99853515625,0.373779296875,0.46142578125,False,0.6064453125,0.600341796875,0.5135694422726876,0.88525390625,0.796630859375,0.298828125,0.6033935546875,False,0.50732421875,0.50732421875,0.5004848305831778,0.51806640625,0.4931640625,-0.068359375,0.50732421875,False,mixed_or_none
257,scratch,13,58,True,0.512451171875,00110011,51,0.738525390625,0.457763671875,0.44873046875,0.4937922880994068,0.95458984375,0.998291015625,0.3486328125,0.4532470703125,False,0.738525390625,0.73651123046875,0.5229859806388036,0.948974609375,0.8251953125,0.343017578125,0.737518310546875,False,0.512451171875,0.5052490234375,0.5007602096816136,0.533935546875,0.494873046875,-0.072021484375,0.50885009765625,False,mixed_or_none
257,scratch,17,62,True,0.513671875,11110011,243,0.76123046875,0.46630859375,0.46240234375,0.4945648646421755,0.95068359375,0.998291015625,0.343505859375,0.46435546875,False,0.734375,0.73370361328125,0.5364814927963072,0.98974609375,0.862060546875,0.382568359375,0.734039306640625,False,0.513671875,0.5045979817708334,0.50102060433649,0.546142578125,0.49609375,-0.06103515625,0.5091349283854167,False,mixed_or_none
257,scratch,24,69,True,0.508544921875,00110011,51,0.927978515625,0.485595703125,0.48486328125,0.4959101015282688,0.942138671875,0.998046875,0.333251953125,0.4852294921875,False,0.927978515625,0.9273681640625,0.5789712398005794,0.999755859375,0.930908203125,0.390869140625,0.92767333984375,True,0.508544921875,0.5069986979166666,0.5017544013436656,0.568603515625,0.494384765625,-0.040283203125,0.5077718098958333,False,Q
257,scratch,33,78,True,0.499267578125,00110011,51,0.998291015625,0.500732421875,0.499755859375,0.49293221453984637,0.9404296875,0.997314453125,0.2958984375,0.500244140625,False,0.998291015625,0.99786376953125,0.6900617307917153,1.0,0.991455078125,0.35546875,0.998077392578125,True,0.499267578125,0.4995524088541667,0.5021349704768734,0.595703125,0.500732421875,-0.048828125,0.49940999348958337,False,Q
257,scratch,45,90,True,0.5,00110011,51,1.0,0.5,0.5,0.5011613718373684,0.939697265625,0.99853515625,0.3046875,0.5,False,1.0,1.0,0.8839136449938703,1.0,0.999755859375,0.364990234375,1.0,True,0.5,0.5,0.501764895707621,0.61376953125,0.51220703125,-0.021240234375,0.5,False,Q
257,scratch,62,107,True,0.5,00110011,51,1.0,0.5,0.5,0.5075023948179901,0.917236328125,0.998291015625,0.25537109375,0.5,False,1.0,1.0,0.9167382471848853,1.0,1.0,0.338134765625,1.0,True,0.5,0.5,0.5027744048432562,0.66796875,0.52099609375,0.006103515625,0.5,False,Q
257,scratch,85,130,True,0.5,00110011,51,1.0,0.5,0.5,0.4924076628598502,0.88232421875,0.997314453125,0.208251953125,0.5,False,1.0,1.0,0.8880538510309284,1.0,1.0,0.325927734375,1.0,True,0.5,0.5,0.5106642164965323,0.830810546875,0.6376953125,0.15673828125,0.5,False,Q
257,scratch,117,162,True,0.50341796875,00110011,51,0.99658203125,0.501953125,0.5029296875,0.507569063533607,0.863037109375,0.996826171875,0.154541015625,0.50244140625,False,0.99658203125,0.99676513671875,0.8520120629036856,1.0,1.0,0.29150390625,0.996673583984375,True,0.50341796875,0.5033365885416666,0.5609025311072923,0.996826171875,0.756103515625,0.288330078125,0.5033772786458333,False,Q
257,scratch,128,173,True,0.539794921875,00110011,51,0.960205078125,0.500732421875,0.502197265625,0.5022322712355379,0.8466796875,0.9951171875,0.13232421875,0.50146484375,False,0.960205078125,0.9595947265625,0.815829091442938,1.0,0.999755859375,0.28564453125,0.95989990234375,True,0.539794921875,0.5411783854166666,0.6050275618450606,1.0,0.795166015625,0.28564453125,0.5404866536458333,False,Q
257,scratch,161,206,True,0.9970703125,01010101,85,0.9970703125,0.49755859375,0.49951171875,0.5036201857716549,0.8330078125,0.991455078125,0.093017578125,0.49853515625,False,0.5029296875,0.50335693359375,0.603431265215066,1.0,0.996337890625,0.260009765625,0.503143310546875,False,0.9970703125,0.9967041015625,0.8784905764116706,1.0,0.991943359375,0.260009765625,0.99688720703125,True,Y
257,scratch,222,267,True,1.0,01010101,85,1.0,0.5,0.5,0.5001512971831497,0.86083984375,0.992919921875,0.118408203125,0.5,False,0.5,0.5,0.5077471394502014,0.999755859375,0.994384765625,0.25732421875,0.5,False,1.0,1.0,0.9905119900040851,1.0,1.0,0.257568359375,1.0,True,Y
257,scratch,304,349,True,1.0,01010101,85,1.0,0.5,0.5,0.5000293646685176,0.865478515625,0.993408203125,0.12548828125,0.5,False,0.5,0.5,0.5027500693177966,1.0,0.994873046875,0.260009765625,0.5,False,1.0,1.0,0.9966159939340216,1.0,1.0,0.260009765625,1.0,True,Y
257,scratch,418,463,True,1.0,01010101,85,1.0,0.5,0.5,0.5000105049853621,0.86962890625,0.993896484375,0.135986328125,0.5,False,0.5,0.5,0.5012551912255353,1.0,0.994873046875,0.266357421875,0.5,False,1.0,1.0,0.9984583760534471,1.0,1.0,0.266357421875,1.0,True,Y
257,scratch,575,620,True,1.0,01010101,85,1.0,0.5,0.5,0.5000018205340484,0.869384765625,0.99365234375,0.13720703125,0.5,False,0.5,0.5,0.5006235781701047,0.999755859375,0.994384765625,0.267578125,0.5,False,1.0,1.0,0.9992354045774277,1.0,1.0,0.267822265625,1.0,True,Y
257,scratch,790,835,True,1.0,01010101,85,1.0,0.5,0.5,0.5000018877765567,0.876708984375,0.994384765625,0.143798828125,0.5,False,0.5,0.5,0.500321536412455,0.999755859375,0.99365234375,0.266845703125,0.5,False,1.0,1.0,0.9996063736794143,1.0,1.0,0.26708984375,1.0,True,Y
257,scratch,1024,1069,True,1.0,01010101,85,1.0,0.5,0.5,0.5000006791747309,0.88037109375,0.994384765625,0.148681640625,0.5,False,0.5,0.5,0.5001889566425023,1.0,0.99365234375,0.268310546875,0.5,False,1.0,1.0,0.9997689661387816,1.0,1.0,0.268310546875,1.0,True,Y
257,sham,0,45,True,0.5009765625,11111111,255,0.990234375,0.49365234375,0.4964599609375,0.4998360928852197,0.82373046875,0.99609375,0.272705078125,0.49505615234375,False,0.50390625,0.50347900390625,0.5002063020712905,0.615234375,0.78515625,0.064208984375,0.503692626953125,False,0.5009765625,0.5010579427083334,0.5000798570825591,0.52978515625,0.4990234375,-0.021240234375,0.5010172526041667,False,mixed_or_none
257,sham,1,46,True,0.501953125,11111111,255,0.9912109375,0.4951171875,0.4974365234375,0.4992874678149577,0.833984375,0.99658203125,0.288818359375,0.49627685546875,False,0.5068359375,0.50634765625,0.5006782292178342,0.6162109375,0.782958984375,0.071044921875,0.506591796875,False,0.501953125,0.5008544921875,0.5001120797924479,0.529052734375,0.5,-0.01611328125,0.50140380859375,False,mixed_or_none
257,sham,2,47,True,0.50244140625,11111111,255,0.9912109375,0.49365234375,0.494873046875,0.49898034497433397,0.83984375,0.996826171875,0.2880859375,0.4942626953125,False,0.5078125,0.50860595703125,0.5011728787758544,0.62890625,0.78466796875,0.0771484375,0.508209228515625,False,0.50244140625,0.500732421875,0.5001472608391082,0.535400390625,0.5,-0.016357421875,0.5015869140625,False,mixed_or_none
257,sham,3,48,True,0.50537109375,11111111,255,0.96923828125,0.48388671875,0.487060546875,0.4987171430876911,0.84521484375,0.996826171875,0.287353515625,0.4854736328125,False,0.5205078125,0.5208740234375,0.5016656300556442,0.64990234375,0.788330078125,0.092041015625,0.52069091796875,False,0.50537109375,0.5025227864583334,0.5001907225085983,0.539306640625,0.49951171875,-0.0185546875,0.5039469401041667,False,mixed_or_none
257,sham,4,49,True,0.50634765625,11111111,255,0.9501953125,0.48291015625,0.482177734375,0.4985635322795317,0.8486328125,0.996826171875,0.288818359375,0.4825439453125,False,0.52734375,0.5296630859375,0.5021713414496468,0.66748046875,0.791748046875,0.107666015625,0.52850341796875,False,0.50634765625,0.5021565755208334,0.500239110956301,0.546142578125,0.498046875,-0.013671875,0.5042521158854167,False,mixed_or_none
257,sham,5,50,True,0.513427734375,11111111,255,0.872314453125,0.470458984375,0.4713134765625,0.4984011541471242,0.854248046875,0.99658203125,0.28759765625,0.47088623046875,False,0.559814453125,0.55859375,0.5026885729181629,0.685546875,0.796630859375,0.118896484375,0.5592041015625,False,0.513427734375,0.5063069661458334,0.5002986271703026,0.55517578125,0.495849609375,-0.011474609375,0.5098673502604167,False,mixed_or_none
257,sham,7,52,True,0.522705078125,11110011,243,0.640380859375,0.461181640625,0.45703125,0.4983855748813106,0.870849609375,0.996826171875,0.2890625,0.4591064453125,False,0.629150390625,0.623291015625,0.5039205339771381,0.725830078125,0.80908203125,0.14404296875,0.626220703125,False,0.522705078125,0.5165201822916666,0.5004258329461484,0.560791015625,0.4951171875,-0.02099609375,0.5196126302083333,False,mixed_or_none
257,sham,9,54,True,0.518310546875,00110011,51,0.662841796875,0.474365234375,0.466064453125,0.4983548428473449,0.8837890625,0.996826171875,0.296142578125,0.47021484375,False,0.662841796875,0.656982421875,0.5056756662111905,0.76318359375,0.825439453125,0.175537109375,0.659912109375,False,0.518310546875,0.5169677734375,0.5005649992157818,0.56689453125,0.496826171875,-0.020751953125,0.51763916015625,False,mixed_or_none
257,sham,13,58,True,0.52001953125,00110011,51,0.6982421875,0.47802734375,0.47265625,0.4979472563063545,0.898193359375,0.99658203125,0.307373046875,0.475341796875,False,0.6982421875,0.69659423828125,0.5110872163100922,0.83740234375,0.855224609375,0.24658203125,0.697418212890625,False,0.52001953125,0.5168050130208334,0.5008971789456412,0.5849609375,0.492431640625,-0.005859375,0.5184122721354167,False,mixed_or_none
257,sham,17,62,True,0.521240234375,00110011,51,0.718505859375,0.480224609375,0.4766845703125,0.4976201901673045,0.903564453125,0.9970703125,0.306396484375,0.47845458984375,False,0.718505859375,0.717529296875,0.5198735942701439,0.915771484375,0.8896484375,0.318603515625,0.718017578125,False,0.521240234375,0.5154622395833334,0.5012901372083277,0.601318359375,0.495849609375,0.004150390625,0.5183512369791667,False,mixed_or_none
257,sham,24,69,True,0.5107421875,00110011,51,0.87060546875,0.49755859375,0.4990234375,0.49775137627230803,0.905517578125,0.9970703125,0.300048828125,0.498291015625,False,0.87060546875,0.869384765625,0.5503578156193875,0.9931640625,0.947021484375,0.3876953125,0.8699951171875,False,0.5107421875,0.5128987630208334,0.5023444849721233,0.63671875,0.489501953125,0.03125,0.5118204752604167,False,mixed_or_none
257,sham,33,78,True,0.501953125,00110011,51,0.98828125,0.50146484375,0.4986572265625,0.4944671467385951,0.881103515625,0.99658203125,0.250244140625,0.50006103515625,False,0.98828125,0.98602294921875,0.6406584067514025,1.0,0.99267578125,0.369140625,0.987152099609375,True,0.501953125,0.5032958984375,0.5042542377481303,0.68896484375,0.511962890625,0.05810546875,0.50262451171875,False,Q
257,sham,45,90,True,0.5,00110011,51,1.0,0.5,0.5,0.49893483827742335,0.85498046875,0.998291015625,0.211669921875,0.5,False,1.0,1.0,0.8416473646977339,1.0,1.0,0.356689453125,1.0,True,0.5,0.5,0.5049317433871764,0.724365234375,0.53564453125,0.0810546875,0.5,False,Q
257,sham,62,107,True,0.5,00110011,51,1.0,0.5,0.5,0.5044025189177274,0.861328125,0.998291015625,0.169677734375,0.5,False,1.0,1.0,0.9186860410592705,1.0,1.0,0.308349609375,1.0,True,0.5,0.5,0.5074693514189955,0.7978515625,0.57373046875,0.106201171875,0.5,False,Q
257,sham,85,130,True,0.5,00110011,51,1.0,0.5,0.5,0.492890008635856,0.82568359375,0.99853515625,0.12744140625,0.5,False,1.0,1.0,0.8711214340994355,1.0,1.0,0.3017578125,1.0,True,0.5,0.5,0.530795832418031,0.900634765625,0.694580078125,0.202392578125,0.5,False,Q
257,sham,117,162,True,0.705810546875,00110011,51,0.794189453125,0.505126953125,0.5062255859375,0.5069901451437984,0.795166015625,0.9951171875,0.056396484375,0.50567626953125,False,0.794189453125,0.79559326171875,0.7434674513463064,1.0,1.0,0.26123046875,0.794891357421875,False,0.705810546875,0.70263671875,0.6991176395518598,1.0,0.9794921875,0.26123046875,0.7042236328125,False,mixed_or_none
257,sham,128,173,True,0.882080078125,01010101,85,0.882080078125,0.502685546875,0.50927734375,0.5054726561691886,0.827392578125,0.992431640625,0.09521484375,0.5059814453125,False,0.617919921875,0.6175537109375,0.662650527964001,1.0,1.0,0.267822265625,0.61773681640625,False,0.882080078125,0.883544921875,0.8004457871770504,1.0,0.996826171875,0.267822265625,0.8828125,False,mixed_or_none
257,sham,161,206,True,1.0,01010101,85,1.0,0.5,0.5,0.5007704588751928,0.85009765625,0.9892578125,0.12060546875,0.5,False,0.5,0.5,0.5260664041696501,1.0,0.999755859375,0.2705078125,0.5,False,1.0,1.0,0.9683086644556427,1.0,1.0,0.2705078125,1.0,True,Y
257,sham,222,267,True,1.0,01010101,85,1.0,0.5,0.5,0.5000623732199596,0.85498046875,0.98974609375,0.11279296875,0.5,False,0.5,0.5,0.5057586181702852,0.99951171875,0.999755859375,0.25732421875,0.5,False,1.0,1.0,0.9929819969587652,1.0,1.0,0.2578125,1.0,True,Y
257,sham,304,349,True,1.0,01010101,85,1.0,0.5,0.5,0.5000210443547194,0.865234375,0.989501953125,0.118408203125,0.5,False,0.5,0.5,0.5024742626479829,0.9990234375,0.999267578125,0.252197265625,0.5,False,1.0,1.0,0.9969909618098018,1.0,1.0,0.253173828125,1.0,True,Y
257,sham,418,463,True,1.0,01010101,85,1.0,0.5,0.5,0.5000089740674103,0.87255859375,0.989501953125,0.1220703125,0.5,False,0.5,0.5,0.5011913346195149,0.998046875,0.999267578125,0.24755859375,0.5,False,1.0,1.0,0.998551826369785,1.0,1.0,0.24951171875,1.0,True,Y
257,sham,575,620,True,1.0,01010101,85,1.0,0.5,0.5,0.5000015259853624,0.8720703125,0.9892578125,0.121337890625,0.5,False,0.5,0.5,0.5006001470939972,0.998046875,0.999267578125,0.247314453125,0.5,False,1.0,1.0,0.9992699063912511,1.0,1.0,0.249267578125,1.0,True,Y
257,sham,790,835,True,1.0,01010101,85,1.0,0.5,0.5,0.5000019771279208,0.876953125,0.989501953125,0.132568359375,0.5,False,0.5,0.5,0.500310079145166,0.998291015625,0.999267578125,0.25390625,0.5,False,1.0,1.0,0.9996227882511759,1.0,1.0,0.255615234375,1.0,True,Y
257,sham,1024,1069,True,1.0,01010101,85,1.0,0.5,0.5,0.5000009637517203,0.876708984375,0.9892578125,0.131103515625,0.5,False,0.5,0.5,0.5001819912820211,0.998046875,0.999267578125,0.25244140625,0.5,False,1.0,1.0,0.9997787956739472,1.0,1.0,0.25439453125,1.0,True,Y
263,independent_carry,0,45,True,0.497802734375,00001111,15,0.979736328125,0.979736328125,0.9793701171875,0.8626623449397399,1.0,1.0,0.39599609375,0.97955322265625,True,0.520263671875,0.521484375,0.5833937781146984,0.9912109375,0.9697265625,0.38720703125,0.5208740234375,False,0.497802734375,0.5,0.500917801670242,0.52294921875,0.48876953125,-0.0810546875,0.4989013671875,False,P
263,independent_carry,1,46,True,0.49853515625,00001111,15,0.97314453125,0.97314453125,0.972900390625,0.8498946458690324,1.0,1.0,0.404052734375,0.9730224609375,True,0.52685546875,0.52813720703125,0.5916922221893169,0.993896484375,0.9755859375,0.39794921875,0.527496337890625,False,0.49853515625,0.5005696614583334,0.5009853620706538,0.521240234375,0.490234375,-0.07470703125,0.4995524088541667,False,P
263,independent_carry,2,47,True,0.499755859375,00001111,15,0.963623046875,0.963623046875,0.9630126953125,0.8335092372800104,1.0,1.0,0.40380859375,0.96331787109375,True,0.536376953125,0.53802490234375,0.6016922741491872,0.995849609375,0.97998046875,0.399658203125,0.537200927734375,False,0.499755859375,0.5020345052083334,0.5010590144857325,0.52587890625,0.490234375,-0.0703125,0.5008951822916667,False,P
263,independent_carry,3,48,True,0.49951171875,00001111,15,0.94140625,0.94140625,0.9420166015625,0.8119897572589265,1.0,1.0,0.40673828125,0.94171142578125,True,0.55859375,0.55963134765625,0.6138336546120851,0.996337890625,0.98388671875,0.403076171875,0.559112548828125,False,0.49951171875,0.5016682942708334,0.5011171389310936,0.525146484375,0.4921875,-0.068115234375,0.5005900065104167,False,P
263,independent_carry,4,49,True,0.49462890625,00001111,15,0.92041015625,0.92041015625,0.91650390625,0.7893729514788965,1.0,1.0,0.406494140625,0.91845703125,True,0.57958984375,0.581787109375,0.6261149828367836,0.99755859375,0.98779296875,0.404052734375,0.5806884765625,False,0.49462890625,0.4996744791666667,0.5011755401502751,0.52783203125,0.4970703125,-0.065673828125,0.49715169270833337,False,P
263,independent_carry,5,50,True,0.493896484375,00001111,15,0.894775390625,0.894775390625,0.8896484375,0.7658985186483165,1.0,1.0,0.404296875,0.8922119140625,False,0.605224609375,0.60736083984375,0.6383267071430107,0.9990234375,0.9912109375,0.4033203125,0.606292724609375,False,0.493896484375,0.4996744791666667,0.5012263773369652,0.52734375,0.498046875,-0.068359375,0.49678548177083337,False,mixed_or_none
263,independent_carry,7,52,True,0.499755859375,00000011,3,0.852294921875,0.819580078125,0.8193359375,0.716864326984777,1.0,1.0,0.407958984375,0.8194580078125,False,0.680419921875,0.68017578125,0.6613656590036653,0.99951171875,0.995361328125,0.407470703125,0.6802978515625,False,0.499755859375,0.503662109375,0.5012605067692493,0.532958984375,0.503662109375,-0.05908203125,0.501708984375,False,mixed_or_none
263,independent_carry,9,54,True,0.497314453125,00000011,3,0.844482421875,0.746337890625,0.7431640625,0.6748431938513398,1.0,1.0,0.404541015625,0.7447509765625,False,0.753662109375,0.75335693359375,0.681759756151509,0.999755859375,0.997314453125,0.404296875,0.753509521484375,False,0.497314453125,0.5001220703125,0.5012466544012067,0.530517578125,0.508544921875,-0.06494140625,0.49871826171875,False,mixed_or_none
263,independent_carry,13,58,True,0.498779296875,00110011,51,0.919677734375,0.580322265625,0.576416015625,0.6082627891469219,0.999755859375,1.0,0.402587890625,0.578369140625,False,0.919677734375,0.921875,0.7171126142047024,1.0,0.999267578125,0.40283203125,0.9207763671875,True,0.498779296875,0.5027262369791666,0.5010970322316833,0.53173828125,0.514892578125,-0.0654296875,0.5007527669270833,False,Q
263,independent_carry,17,62,True,0.50048828125,00110011,51,0.99365234375,0.50634765625,0.5062255859375,0.5646329893073335,0.9990234375,1.0,0.3984375,0.50628662109375,False,0.99365234375,0.994873046875,0.752439287628677,1.0,1.0,0.3994140625,0.9942626953125,True,0.50048828125,0.501220703125,0.5009818050003941,0.537353515625,0.52685546875,-0.063232421875,0.5008544921875,False,Q
263,independent_carry,24,69,True,0.5,00110011,51,1.0,0.5,0.5,0.5202092765916109,0.997314453125,1.0,0.381591796875,0.5,False,1.0,1.0,0.8220488924447636,1.0,1.0,0.38427734375,1.0,True,0.5,0.5,0.5009657157547732,0.55029296875,0.540771484375,-0.0654296875,0.5,False,Q
263,independent_carry,33,78,True,0.5,00110011,51,1.0,0.5,0.5,0.49740553359703893,0.99609375,0.999755859375,0.369140625,0.5,False,1.0,1.0,0.8950598423349514,1.0,1.0,0.373046875,1.0,True,0.5,0.5,0.5009592512901577,0.5654296875,0.569580078125,-0.0615234375,0.5,False,Q
263,independent_carry,45,90,True,0.5,00110011,51,1.0,0.5,0.5,0.49247745034921186,0.994873046875,0.999755859375,0.367919921875,0.5,False,1.0,1.0,0.9191949670495795,1.0,1.0,0.373046875,1.0,True,0.5,0.5,0.5018411219748689,0.603515625,0.604248046875,-0.0234375,0.5,False,Q
263,independent_carry,62,107,True,0.5,00110011,51,1.0,0.5,0.5,0.49512103368828786,0.992431640625,0.999755859375,0.357666015625,0.5,False,1.0,1.0,0.8888919515694043,1.0,1.0,0.365234375,1.0,True,0.5,0.5,0.5060052179541686,0.6728515625,0.67529296875,0.0380859375,0.5,False,Q
263,independent_carry,85,130,True,0.5,00110011,51,1.0,0.5,0.5,0.49956900975000323,0.992431640625,0.99951171875,0.35205078125,0.5,False,1.0,1.0,0.8878488291711706,1.0,1.0,0.359619140625,1.0,True,0.5,0.5,0.5165012744878124,0.76806640625,0.717041015625,0.127685546875,0.5,False,Q
263,independent_carry,117,162,True,0.520263671875,00110011,51,0.979736328125,0.500244140625,0.5003662109375,0.49931830107695496,0.9921875,0.9990234375,0.32763671875,0.50030517578125,False,0.979736328125,0.97906494140625,0.8510803852235151,1.0,1.0,0.33544921875,0.979400634765625,True,0.520263671875,0.5211181640625,0.5527155066490181,0.91015625,0.782470703125,0.24560546875,0.52069091796875,False,Q
263,independent_carry,128,173,True,0.536376953125,00110011,51,0.963623046875,0.496826171875,0.4971923828125,0.49632951602616626,0.9921875,0.998046875,0.317626953125,0.49700927734375,False,0.963623046875,0.96337890625,0.8468473083449266,1.0,1.0,0.325439453125,0.9635009765625,True,0.536376953125,0.5358479817708334,0.5743671455655441,0.955078125,0.818115234375,0.280517578125,0.5361124674479167,False,Q
263,independent_carry,161,206,True,0.7724609375,00010001,17,0.79443359375,0.48828125,0.489990234375,0.49086905300047745,0.987548828125,0.99853515625,0.28515625,0.4891357421875,False,0.7275390625,0.7242431640625,0.7240188234382561,1.0,1.0,0.297607421875,0.72589111328125,False,0.7724609375,0.7752278645833333,0.7348632034759989,1.0,0.98681640625,0.297607421875,0.7738444010416666,False,mixed_or_none
263,independent_carry,222,267,True,0.9990234375,01010101,85,0.9990234375,0.5,0.5003662109375,0.4985212979769316,0.98974609375,0.998046875,0.26220703125,0.50018310546875,False,0.5009765625,0.5009765625,0.5259002246961363,1.0,1.0,0.2724609375,0.5009765625,False,0.9990234375,0.9990234375,0.9705125076020535,1.0,1.0,0.2724609375,0.9990234375,True,Y
263,independent_carry,304,349,True,1.0,01010101,85,1.0,0.5,0.5,0.4998272124605236,0.990478515625,0.997314453125,0.282470703125,0.5,False,0.5,0.5,0.5068823299861603,1.0,1.0,0.2919921875,0.5,False,1.0,1.0,0.9922022313082388,1.0,1.0,0.2919921875,1.0,True,Y
263,independent_carry,418,463,True,1.0,01010101,85,1.0,0.5,0.5,0.4999694745459286,0.990966796875,0.99755859375,0.286865234375,0.5,False,0.5,0.5,0.5028953657792631,1.0,1.0,0.2958984375,0.5,False,1.0,1.0,0.9967357332372686,1.0,1.0,0.2958984375,1.0,True,Y
263,independent_carry,575,620,True,1.0,01010101,85,1.0,0.5,0.5,0.49998881365375464,0.99169921875,0.998291015625,0.29052734375,0.5,False,0.5,0.5,0.5013682499928399,1.0,1.0,0.298828125,0.5,False,1.0,1.0,0.9984602669748162,1.0,1.0,0.298828125,1.0,True,Y
263,independent_carry,790,835,True,1.0,01010101,85,1.0,0.5,0.5,0.4999925424178041,0.99267578125,0.99853515625,0.2900390625,0.5,False,0.5,0.5,0.5006803833573915,1.0,1.0,0.29736328125,0.5,False,1.0,1.0,0.9992350340095337,1.0,1.0,0.29736328125,1.0,True,Y
263,independent_carry,1024,1069,True,1.0,01010101,85,1.0,0.5,0.5,0.4999959285494062,0.99267578125,0.99853515625,0.289306640625,0.5,False,0.5,0.5,0.5003878548839706,1.0,1.0,0.296630859375,0.5,False,1.0,1.0,0.9995637943553262,1.0,1.0,0.296630859375,1.0,True,Y
263,independent_reset,0,45,True,0.497802734375,00001111,15,0.979736328125,0.979736328125,0.9793701171875,0.8626623449397399,1.0,1.0,0.39599609375,0.97955322265625,True,0.520263671875,0.521484375,0.5833937781146984,0.9912109375,0.9697265625,0.38720703125,0.5208740234375,False,0.497802734375,0.5,0.500917801670242,0.52294921875,0.48876953125,-0.0810546875,0.4989013671875,False,P
263,independent_reset,1,46,True,0.49755859375,00001111,15,0.97314453125,0.97314453125,0.9735107421875,0.8440131305880284,1.0,1.0,0.404296875,0.97332763671875,True,0.52685546875,0.52752685546875,0.5929149272935291,0.993896484375,0.9755859375,0.398193359375,0.527191162109375,False,0.49755859375,0.5004475911458334,0.5009813568530515,0.522705078125,0.48974609375,-0.072998046875,0.4990030924479167,False,P
263,independent_reset,2,47,True,0.498291015625,00001111,15,0.964111328125,0.964111328125,0.9647216796875,0.8239104661719232,1.0,1.0,0.404052734375,0.96441650390625,True,0.535888671875,0.53631591796875,0.6027149819161287,0.995361328125,0.97802734375,0.3994140625,0.536102294921875,False,0.498291015625,0.5011800130208334,0.5010420221915537,0.523193359375,0.49365234375,-0.07275390625,0.4997355143229167,False,P
263,independent_reset,3,48,True,0.495849609375,00001111,15,0.944580078125,0.944580078125,0.94384765625,0.8012322776710856,1.0,1.0,0.406005859375,0.9442138671875,True,0.555419921875,0.55694580078125,0.6133990444081947,0.996337890625,0.982666015625,0.40234375,0.556182861328125,False,0.495849609375,0.5003662109375,0.5010823613075225,0.52001953125,0.4970703125,-0.073974609375,0.49810791015625,False,P
263,independent_reset,4,49,True,0.4951171875,00001111,15,0.92529296875,0.92529296875,0.9217529296875,0.7800883989350692,1.0,1.0,0.4052734375,0.92352294921875,True,0.57470703125,0.57684326171875,0.6229555178482883,0.997314453125,0.98681640625,0.402587890625,0.575775146484375,False,0.4951171875,0.5006917317708334,0.5011180589287888,0.519775390625,0.497314453125,-0.074951171875,0.4979044596354167,False,P
263,independent_reset,5,50,True,0.49365234375,00001111,15,0.9033203125,0.9033203125,0.899169921875,0.7598450395266269,1.0,1.0,0.404541015625,0.9012451171875,False,0.5966796875,0.5997314453125,0.6317844617060329,0.998779296875,0.989013671875,0.4033203125,0.59820556640625,False,0.49365234375,0.5001627604166666,0.501146853422044,0.522216796875,0.5,-0.0732421875,0.4969075520833333,False,mixed_or_none
263,independent_reset,7,52,True,0.497802734375,00000011,3,0.848876953125,0.842529296875,0.840576171875,0.7201571728533723,1.0,1.0,0.40380859375,0.841552734375,False,0.657470703125,0.656494140625,0.6475049032117903,0.99951171875,0.992919921875,0.4033203125,0.656982421875,False,0.497802734375,0.5018310546875,0.5011748088064804,0.523193359375,0.504638671875,-0.072998046875,0.49981689453125,False,mixed_or_none
263,independent_reset,9,54,True,0.50146484375,00000011,3,0.8466796875,0.791015625,0.7877197265625,0.6877706945772288,1.0,1.0,0.402099609375,0.78936767578125,False,0.708984375,0.71002197265625,0.6612919882591984,0.99951171875,0.9951171875,0.401611328125,0.709503173828125,False,0.50146484375,0.5037841796875,0.5011801543867901,0.5205078125,0.5068359375,-0.077392578125,0.50262451171875,False,mixed_or_none
263,independent_reset,13,58,True,0.497314453125,00110011,51,0.837158203125,0.662841796875,0.6600341796875,0.6350651783484924,1.0,1.0,0.3955078125,0.66143798828125,False,0.837158203125,0.83746337890625,0.6869390701629907,0.999755859375,0.99755859375,0.395263671875,0.837310791015625,False,0.497314453125,0.5008544921875,0.5010727149347143,0.518310546875,0.516845703125,-0.086181640625,0.49908447265625,False,mixed_or_none
263,independent_reset,17,62,True,0.501953125,00110011,51,0.9560546875,0.5439453125,0.54345703125,0.59778439705307,0.99951171875,1.0,0.39794921875,0.543701171875,False,0.9560546875,0.95831298828125,0.7140392099905164,1.0,0.999267578125,0.3984375,0.957183837890625,True,0.501953125,0.5037027994791666,0.5009963368592898,0.525146484375,0.5224609375,-0.076416015625,0.5028279622395833,False,Q
263,independent_reset,24,69,True,0.4990234375,00110011,51,0.99755859375,0.50244140625,0.501953125,0.5525856669460509,0.998779296875,1.0,0.38916015625,0.502197265625,False,0.99755859375,0.9979248046875,0.7718208459138656,1.0,1.0,0.390380859375,0.99774169921875,True,0.4990234375,0.4996337890625,0.5009930307184458,0.5361328125,0.52978515625,-0.073486328125,0.49932861328125,False,Q
263,independent_reset,33,78,True,0.5,00110011,51,1.0,0.5,0.5,0.5178196195106942,0.9970703125,1.0,0.375732421875,0.5,False,1.0,1.0,0.8531145112259685,1.0,1.0,0.378662109375,1.0,True,0.5,0.5,0.501008450690351,0.55322265625,0.550537109375,-0.068115234375,0.5,False,Q
263,independent_reset,45,90,True,0.5,00110011,51,1.0,0.5,0.5,0.5018667668074431,0.996826171875,1.0,0.383056640625,0.5,False,1.0,1.0,0.9119908869188181,1.0,1.0,0.38623046875,1.0,True,0.5,0.5,0.5016097278395668,0.571044921875,0.594970703125,-0.042724609375,0.5,False,Q
263,independent_reset,62,107,True,0.5,00110011,51,1.0,0.5,0.5,0.49901026958571487,0.998291015625,1.0,0.379150390625,0.5,False,1.0,1.0,0.901280714115365,1.0,1.0,0.380859375,1.0,True,0.5,0.5,0.5045188854991917,0.625732421875,0.66748046875,0.006591796875,0.5,False,Q
263,independent_reset,85,130,True,0.5,00110011,51,1.0,0.5,0.5,0.49961337374003595,0.997314453125,1.0,0.37109375,0.5,False,1.0,1.0,0.8851772892381387,1.0,1.0,0.373779296875,1.0,True,0.5,0.5,0.5137240872096022,0.6875,0.718017578125,0.061279296875,0.5,False,Q
263,independent_reset,117,162,True,0.509033203125,00110011,51,0.990966796875,0.498779296875,0.4998779296875,0.49940620051060325,0.997314453125,0.99951171875,0.3427734375,0.49932861328125,False,0.990966796875,0.99090576171875,0.8613687800901008,1.0,1.0,0.345458984375,0.990936279296875,True,0.509033203125,0.5091959635416666,0.5406205618764576,0.783447265625,0.8388671875,0.12890625,0.5091145833333333,False,Q
263,independent_reset,128,173,True,0.52099609375,00110011,51,0.97900390625,0.49609375,0.4974365234375,0.49787743017520086,0.996826171875,0.999267578125,0.3388671875,0.49676513671875,False,0.97900390625,0.97869873046875,0.8567703482684119,1.0,1.0,0.342041015625,0.978851318359375,True,0.52099609375,0.5218912760416666,0.5593154107472821,0.836669921875,0.951904296875,0.1787109375,0.5214436848958333,False,Q
263,independent_reset,161,206,True,0.66845703125,00110011,51,0.83154296875,0.4814453125,0.480224609375,0.49236778626751665,0.995361328125,0.998291015625,0.3115234375,0.4808349609375,False,0.83154296875,0.830078125,0.773478480277205,1.0,1.0,0.316162109375,0.830810546875,False,0.66845703125,0.6709798177083334,0.6743407316413803,0.98974609375,1.0,0.305908203125,0.6697184244791667,False,mixed_or_none
263,independent_reset,222,267,True,1.0,01010101,85,1.0,0.5,0.5,0.49912138340517515,0.994873046875,0.998291015625,0.26318359375,0.5,False,0.5,0.5,0.5305039735626104,1.0,1.0,0.268310546875,0.5,False,1.0,1.0,0.9649719204391796,1.0,1.0,0.268310546875,1.0,True,Y
263,independent_reset,304,349,True,1.0,01010101,85,1.0,0.5,0.5,0.49988054903561885,0.99462890625,0.998291015625,0.272216796875,0.5,False,0.5,0.5,0.5065057697892931,1.0,1.0,0.277587890625,0.5,False,1.0,1.0,0.9925181409692894,1.0,1.0,0.277587890625,1.0,True,Y
263,independent_reset,418,463,True,1.0,01010101,85,1.0,0.5,0.5,0.49995903956933224,0.994384765625,0.998046875,0.276611328125,0.5,False,0.5,0.5,0.5026071681283745,1.0,1.0,0.2822265625,0.5,False,1.0,1.0,0.997018053063649,1.0,1.0,0.2822265625,1.0,True,Y
263,independent_reset,575,620,True,1.0,01010101,85,1.0,0.5,0.5,0.499970600461796,0.994384765625,0.998046875,0.281494140625,0.5,False,0.5,0.5,0.5012050804222429,1.0,1.0,0.287109375,0.5,False,1.0,1.0,0.9986223537708263,1.0,1.0,0.287109375,1.0,True,Y
263,independent_reset,790,835,True,1.0,01010101,85,1.0,0.5,0.5,0.49999000455311937,0.994384765625,0.998291015625,0.286865234375,0.5,False,0.5,0.5,0.5005959512613022,1.0,1.0,0.29248046875,0.5,False,1.0,1.0,0.9993185774724276,1.0,1.0,0.29248046875,1.0,True,Y
263,independent_reset,1024,1069,True,1.0,01010101,85,1.0,0.5,0.5,0.49999573528132907,0.994140625,0.998291015625,0.2880859375,0.5,False,0.5,0.5,0.5003422644221168,1.0,1.0,0.2939453125,0.5,False,1.0,1.0,0.9996083202888972,1.0,1.0,0.2939453125,1.0,True,Y
263,nested_carry,0,45,True,0.5,00001111,15,0.99365234375,0.99365234375,0.9942626953125,0.8573291531888836,1.0,1.0,0.419677734375,0.99395751953125,True,0.50634765625,0.50543212890625,0.5297206567573972,0.821044921875,0.83203125,0.24072265625,0.505889892578125,False,0.5,0.5004475911458334,0.5009187595234309,0.516357421875,0.493408203125,-0.06396484375,0.5002237955729167,False,P
263,nested_carry,1,46,True,0.5,00001111,15,0.9921875,0.9921875,0.992431640625,0.8438914861797543,1.0,1.0,0.420654296875,0.9923095703125,True,0.5078125,0.50726318359375,0.5309852131929442,0.82421875,0.833984375,0.244873046875,0.507537841796875,False,0.5,0.50048828125,0.5009959068889664,0.5224609375,0.490966796875,-0.056884765625,0.500244140625,False,P
263,nested_carry,2,47,True,0.49951171875,00001111,15,0.9892578125,0.9892578125,0.9886474609375,0.8246237262424103,1.0,1.0,0.42578125,0.98895263671875,True,0.509765625,0.50982666015625,0.5331959511787614,0.83642578125,0.839599609375,0.26220703125,0.509796142578125,False,0.49951171875,0.5003255208333334,0.5010855437983879,0.523193359375,0.4921875,-0.051025390625,0.4999186197916667,False,P
263,nested_carry,3,48,True,0.500732421875,00001111,15,0.981689453125,0.981689453125,0.9796142578125,0.7984082826085824,1.0,1.0,0.42333984375,0.98065185546875,True,0.515869140625,0.5179443359375,0.5362853114043007,0.848388671875,0.844970703125,0.271728515625,0.51690673828125,False,0.500732421875,0.500732421875,0.5011739740155764,0.525390625,0.491455078125,-0.05126953125,0.500732421875,False,P
263,nested_carry,4,49,True,0.501708984375,00001111,15,0.967041015625,0.967041015625,0.9642333984375,0.7693780451686973,1.0,1.0,0.421875,0.96563720703125,True,0.528564453125,0.530517578125,0.5391494995361533,0.864501953125,0.852294921875,0.286376953125,0.529541015625,False,0.501708984375,0.5017903645833334,0.5012452149160155,0.526611328125,0.493408203125,-0.051513671875,0.5017496744791667,False,P
263,nested_carry,5,50,True,0.502685546875,00001111,15,0.945556640625,0.945556640625,0.942138671875,0.7397825051500184,1.0,1.0,0.427978515625,0.94384765625,True,0.545654296875,0.5482177734375,0.5413982633834046,0.8759765625,0.861083984375,0.303955078125,0.54693603515625,False,0.502685546875,0.5039469401041666,0.5012936764185882,0.529052734375,0.495361328125,-0.04296875,0.5033162434895833,False,P
263,nested_carry,7,52,True,0.50439453125,00001111,15,0.88134765625,0.88134765625,0.8775634765625,0.682059273717323,0.999755859375,1.0,0.41748046875,0.87945556640625,False,0.5869140625,0.59185791015625,0.543356564585545,0.905517578125,0.879638671875,0.3232421875,0.589385986328125,False,0.50439453125,0.5074055989583334,0.5012653952724294,0.531005859375,0.497802734375,-0.05126953125,0.5059000651041667,False,mixed_or_none
263,nested_carry,9,54,True,0.50341796875,00000011,3,0.86865234375,0.8330078125,0.8316650390625,0.6379896458122681,0.99951171875,1.0,0.40771484375,0.83233642578125,False,0.61865234375,0.62158203125,0.5425729122575188,0.923828125,0.8974609375,0.33203125,0.6201171875,False,0.50341796875,0.5047200520833334,0.5011329125125542,0.5400390625,0.50390625,-0.0517578125,0.5040690104166667,False,mixed_or_none
263,nested_carry,13,58,True,0.507568359375,00000011,3,0.887939453125,0.831298828125,0.8291015625,0.5831423453139708,0.995849609375,1.0,0.3974609375,0.8302001953125,False,0.638916015625,0.64007568359375,0.5390816624017565,0.938232421875,0.932373046875,0.33984375,0.639495849609375,False,0.507568359375,0.5061848958333334,0.5010176494712509,0.5517578125,0.51318359375,-0.046630859375,0.5068766276041667,False,mixed_or_none
263,nested_carry,17,62,True,0.506103515625,00001111,15,0.853759765625,0.853759765625,0.847412109375,0.5572262986688651,0.9912109375,1.0,0.382080078125,0.8505859375,False,0.645263671875,0.64495849609375,0.5395657232345724,0.963623046875,0.96142578125,0.3544921875,0.645111083984375,False,0.506103515625,0.5057779947916666,0.5010814683517436,0.563232421875,0.52783203125,-0.0458984375,0.5059407552083333,False,mixed_or_none
263,nested_carry,24,69,True,0.513671875,00111111,63,0.85888671875,0.66064453125,0.6536865234375,0.5408943990326778,0.9873046875,1.0,0.37109375,0.65716552734375,False,0.82763671875,0.82830810546875,0.5575068135433697,0.998291015625,0.986083984375,0.382080078125,0.827972412109375,False,0.513671875,0.5111490885416666,0.5013814898644194,0.548095703125,0.5458984375,-0.068115234375,0.5124104817708333,False,mixed_or_none
263,nested_carry,33,78,True,0.50244140625,00110011,51,0.9453125,0.55419921875,0.5531005859375,0.5437827643636437,0.983642578125,1.0,0.36474609375,0.55364990234375,False,0.9453125,0.94598388671875,0.6227800325739516,1.0,0.997802734375,0.381103515625,0.945648193359375,True,0.50244140625,0.5053304036458334,0.5024084201428426,0.557373046875,0.587646484375,-0.0615234375,0.5038859049479167,False,Q
263,nested_carry,45,90,True,0.500244140625,00110011,51,0.999755859375,0.500244140625,0.5003662109375,0.5417904778215389,0.98388671875,1.0,0.34375,0.50030517578125,False,0.999755859375,0.999755859375,0.783446222525496,1.0,1.0,0.35986328125,0.999755859375,True,0.500244140625,0.5002848307291666,0.5054236575586999,0.60693359375,0.66015625,-0.033203125,0.5002644856770833,False,Q
263,nested_carry,62,107,True,0.5,00110011,51,1.0,0.5,0.5,0.507286672925811,0.994384765625,1.0,0.359130859375,0.5,False,1.0,1.0,0.9157369527416234,1.0,1.0,0.36474609375,1.0,True,0.5,0.5,0.5081447747973142,0.651611328125,0.7109375,0.016357421875,0.5,False,Q
263,nested_carry,85,130,True,0.5,00110011,51,1.0,0.5,0.5,0.49567938471361583,0.994140625,1.0,0.341796875,0.5,False,1.0,1.0,0.8763560330064621,1.0,1.0,0.34765625,1.0,True,0.5,0.5,0.5225103053114668,0.71533203125,0.741455078125,0.06298828125,0.5,False,Q
263,nested_carry,117,162,True,0.521728515625,00110011,51,0.978271484375,0.500244140625,0.5008544921875,0.5008801458664139,0.996337890625,0.999755859375,0.303466796875,0.50054931640625,False,0.978271484375,0.97747802734375,0.8464177981885506,1.0,1.0,0.30712890625,0.977874755859375,True,0.521728515625,0.5225016276041666,0.5611194721280309,0.8642578125,0.856689453125,0.17138671875,0.5221150716145833,False,Q
263,nested_carry,128,173,True,0.546630859375,00110011,51,0.953369140625,0.499267578125,0.4998779296875,0.497694073891134,0.994384765625,0.999755859375,0.304931640625,0.49957275390625,False,0.953369140625,0.953857421875,0.8384563234981731,1.0,1.0,0.310546875,0.95361328125,True,0.546630859375,0.5475260416666666,0.5850043108124282,0.9345703125,0.89697265625,0.2451171875,0.5470784505208333,False,Q
263,nested_carry,161,206,True,0.7822265625,00010001,17,0.7890625,0.49755859375,0.49853515625,0.497049590325442,0.995849609375,0.997802734375,0.29345703125,0.498046875,False,0.7177734375,0.7158203125,0.7252208803132693,1.0,1.0,0.297607421875,0.716796875,False,0.7822265625,0.7820638020833333,0.7326016174175799,1.0,0.9990234375,0.297607421875,0.7821451822916666,False,mixed_or_none
263,nested_carry,222,267,True,1.0,01010101,85,1.0,0.5,0.5,0.4996616383795384,0.997314453125,0.998291015625,0.295166015625,0.5,False,0.5,0.5,0.5251352859594992,0.999755859375,1.0,0.297607421875,0.5,False,1.0,0.9999593098958333,0.9707187469787764,1.0,1.0,0.2978515625,0.9999796549479166,True,Y
263,nested_carry,304,349,True,1.0,01010101,85,1.0,0.5,0.5,0.5000461931970162,0.99560546875,0.998291015625,0.27685546875,0.5,False,0.5,0.5,0.505977624325524,1.0,1.0,0.28125,0.5,False,1.0,1.0,0.9930104975742842,1.0,1.0,0.28125,1.0,True,Y
263,nested_carry,418,463,True,1.0,01010101,85,1.0,0.5,0.5,0.5000324141130704,0.995849609375,0.998291015625,0.269775390625,0.5,False,0.5,0.5,0.5024257441731679,1.0,1.0,0.27392578125,0.5,False,1.0,1.0,0.9971737122212463,1.0,1.0,0.27392578125,1.0,True,Y
263,nested_carry,575,620,True,1.0,01010101,85,1.0,0.5,0.5,0.5000184636213905,0.995361328125,0.99853515625,0.267333984375,0.5,False,0.5,0.5,0.5011218263165245,1.0,1.0,0.27197265625,0.5,False,1.0,1.0,0.9986914040977521,1.0,1.0,0.27197265625,1.0,True,Y
263,nested_carry,790,835,True,1.0,01010101,85,1.0,0.5,0.5,0.5000101977574278,0.995361328125,0.99853515625,0.2734375,0.5,False,0.5,0.5,0.5005515627117677,0.999755859375,1.0,0.27783203125,0.5,False,1.0,1.0,0.9993569180487354,1.0,1.0,0.278076171875,1.0,True,Y
263,nested_carry,1024,1069,True,1.0,01010101,85,1.0,0.5,0.5,0.500005613699054,0.995361328125,0.99853515625,0.276123046875,0.5,False,0.5,0.5,0.5003128430836382,0.999755859375,1.0,0.280517578125,0.5,False,1.0,1.0,0.9996346385802293,1.0,1.0,0.28076171875,1.0,True,Y
263,nested_reset,0,45,True,0.5,00001111,15,0.99365234375,0.99365234375,0.9942626953125,0.8573291531888836,1.0,1.0,0.419677734375,0.99395751953125,True,0.50634765625,0.50543212890625,0.5297206567573972,0.821044921875,0.83203125,0.24072265625,0.505889892578125,False,0.5,0.5004475911458334,0.5009187595234309,0.516357421875,0.493408203125,-0.06396484375,0.5002237955729167,False,P
263,nested_reset,1,46,True,0.4990234375,00001111,15,0.99169921875,0.99169921875,0.992431640625,0.8331215848546749,1.0,1.0,0.42041015625,0.9920654296875,True,0.50830078125,0.50762939453125,0.5336777327273475,0.837890625,0.844970703125,0.25830078125,0.507965087890625,False,0.4990234375,0.5,0.5010107997989878,0.520263671875,0.489013671875,-0.059326171875,0.49951171875,False,P
263,nested_reset,2,47,True,0.500244140625,00001111,15,0.988037109375,0.988037109375,0.9876708984375,0.8064170713008202,1.0,1.0,0.42431640625,0.98785400390625,True,0.511474609375,0.51239013671875,0.5376970899210826,0.857177734375,0.85400390625,0.281494140625,0.511932373046875,False,0.500244140625,0.5012613932291666,0.5010953615083888,0.517578125,0.4892578125,-0.05810546875,0.5007527669270833,False,P
263,nested_reset,3,48,True,0.496826171875,00001111,15,0.972900390625,0.972900390625,0.9713134765625,0.7765844965474504,1.0,1.0,0.42333984375,0.97210693359375,True,0.524658203125,0.52618408203125,0.5417160848192253,0.879638671875,0.864013671875,0.302978515625,0.525421142578125,False,0.496826171875,0.4995524088541667,0.5011665844503712,0.513916015625,0.49365234375,-0.062744140625,0.49818929036458337,False,P
263,nested_reset,4,49,True,0.50244140625,00001111,15,0.95166015625,0.95166015625,0.947998046875,0.7481116579914929,1.0,1.0,0.4228515625,0.9498291015625,True,0.54541015625,0.54791259765625,0.5447379127122762,0.89501953125,0.871337890625,0.31787109375,0.546661376953125,False,0.50244140625,0.5039469401041666,0.5012186682782799,0.515380859375,0.496337890625,-0.061767578125,0.5031941731770833,False,P
263,nested_reset,5,50,True,0.50146484375,00001111,15,0.92626953125,0.92626953125,0.9229736328125,0.7222896957996229,1.0,1.0,0.42431640625,0.92462158203125,True,0.5673828125,0.57025146484375,0.5468137290473911,0.909912109375,0.882568359375,0.334228515625,0.568817138671875,False,0.50146484375,0.504638671875,0.5012337263685642,0.511962890625,0.496826171875,-0.063720703125,0.5030517578125,False,P
263,nested_reset,7,52,True,0.502197265625,00001111,15,0.868896484375,0.868896484375,0.8662109375,0.676485796628655,1.0,1.0,0.419677734375,0.8675537109375,False,0.610107421875,0.6141357421875,0.5486491728293692,0.9296875,0.8994140625,0.349365234375,0.61212158203125,False,0.502197265625,0.5048828125,0.5012123170742581,0.5205078125,0.500244140625,-0.059814453125,0.5035400390625,False,mixed_or_none
263,nested_reset,9,54,True,0.5009765625,00000011,3,0.8837890625,0.84228515625,0.84130859375,0.6437504505362817,0.99951171875,1.0,0.4052734375,0.841796875,False,0.6337890625,0.63525390625,0.5489087019485763,0.9404296875,0.913330078125,0.34619140625,0.634521484375,False,0.5009765625,0.5028889973958334,0.501171701018238,0.52294921875,0.50390625,-0.0712890625,0.5019327799479167,False,mixed_or_none
263,nested_reset,13,58,True,0.501953125,00000011,3,0.8828125,0.86181640625,0.8592529296875,0.6009243689815136,0.99853515625,1.0,0.3896484375,0.86053466796875,False,0.634765625,0.63482666015625,0.5493268735246292,0.95458984375,0.941162109375,0.345703125,0.634796142578125,False,0.501953125,0.5019124348958334,0.5011634180872698,0.532958984375,0.5107421875,-0.075927734375,0.5019327799479167,False,mixed_or_none
263,nested_reset,17,62,True,0.504150390625,00001111,15,0.872802734375,0.872802734375,0.8641357421875,0.5779365520423981,0.996337890625,1.0,0.38330078125,0.86846923828125,False,0.627197265625,0.630615234375,0.5529653667412552,0.97216796875,0.963134765625,0.359130859375,0.62890625,False,0.504150390625,0.5059407552083334,0.5012938079170545,0.531982421875,0.525634765625,-0.0810546875,0.5050455729166667,False,mixed_or_none
263,nested_reset,24,69,True,0.509521484375,00111111,63,0.840576171875,0.682373046875,0.6754150390625,0.5600333652616607,0.993896484375,1.0,0.364990234375,0.67889404296875,False,0.813232421875,0.8143310546875,0.5736912877011558,0.9970703125,0.98583984375,0.3681640625,0.81378173828125,False,0.509521484375,0.5103759765625,0.501725215131619,0.537841796875,0.55029296875,-0.091064453125,0.50994873046875,False,mixed_or_none
263,nested_reset,33,78,True,0.502197265625,00110011,51,0.923095703125,0.576416015625,0.577392578125,0.5601325667902761,0.992431640625,1.0,0.3544921875,0.576904296875,False,0.923095703125,0.92425537109375,0.6347336187628613,1.0,0.996826171875,0.362060546875,0.923675537109375,True,0.502197265625,0.5056559244791666,0.5029409940398185,0.547607421875,0.596435546875,-0.09033203125,0.5039265950520833,False,Q
263,nested_reset,45,90,True,0.500244140625,00110011,51,0.998291015625,0.501708984375,0.5018310546875,0.5540254940840372,0.995361328125,1.0,0.359130859375,0.50177001953125,False,0.998291015625,0.998779296875,0.771971348461609,1.0,1.0,0.36376953125,0.99853515625,True,0.500244140625,0.5008138020833334,0.5060341158612657,0.593505859375,0.66015625,-0.042724609375,0.5005289713541667,False,Q
263,nested_reset,62,107,True,0.5,00110011,51,1.0,0.5,0.5,0.5077601310614769,0.9990234375,1.0,0.370361328125,0.5,False,1.0,1.0,0.9077257664264945,1.0,1.0,0.371337890625,1.0,True,0.5,0.5,0.5083384042618031,0.634521484375,0.71337890625,0.005859375,0.5,False,Q
263,nested_reset,85,130,True,0.5,00110011,51,1.0,0.5,0.5,0.49382715351124296,0.999755859375,1.0,0.348876953125,0.5,False,1.0,1.0,0.8807046709872077,1.0,1.0,0.34912109375,1.0,True,0.5,0.5,0.5205703083129526,0.692626953125,0.764404296875,0.041748046875,0.5,False,Q
263,nested_reset,117,162,True,0.527099609375,00110011,51,0.972900390625,0.503662109375,0.5037841796875,0.503743234420099,0.99951171875,1.0,0.324951171875,0.50372314453125,False,0.972900390625,0.971435546875,0.8419852946491078,1.0,1.0,0.325439453125,0.97216796875,True,0.527099609375,0.5285237630208334,0.5678391307388204,0.878173828125,0.98681640625,0.20361328125,0.5278116861979167,False,Q
263,nested_reset,128,173,True,0.560302734375,00110011,51,0.939697265625,0.503662109375,0.5037841796875,0.5023737486588832,0.999755859375,1.0,0.33203125,0.50372314453125,False,0.939697265625,0.939697265625,0.830102519268017,1.0,1.0,0.332275390625,0.939697265625,True,0.560302734375,0.5606282552083334,0.5968287395506481,0.93310546875,0.996826171875,0.265380859375,0.5604654947916667,False,Q
263,nested_reset,161,206,True,0.759033203125,00010001,17,0.810791015625,0.498779296875,0.4974365234375,0.49844088584502977,0.9990234375,1.0,0.31005859375,0.49810791015625,False,0.740966796875,0.7427978515625,0.7131289031112041,1.0,1.0,0.31103515625,0.74188232421875,False,0.759033203125,0.7604573567708333,0.7485636424732196,0.9990234375,1.0,0.31005859375,0.7597452799479166,False,mixed_or_none
263,nested_reset,222,267,True,1.0,01010101,85,1.0,0.5,0.5,0.4997012647496845,0.99853515625,0.999267578125,0.2685546875,0.5,False,0.5,0.5,0.518960527678456,1.0,1.0,0.27001953125,0.5,False,1.0,1.0,0.9779064176028152,1.0,1.0,0.27001953125,1.0,True,Y
263,nested_reset,304,349,True,1.0,01010101,85,1.0,0.5,0.5,0.5000343496849865,0.998046875,0.999267578125,0.27294921875,0.5,False,0.5,0.5,0.5050541347943263,1.0,1.0,0.27490234375,0.5,False,1.0,1.0,0.9940718442416572,1.0,1.0,0.27490234375,1.0,True,Y
263,nested_reset,418,463,True,1.0,01010101,85,1.0,0.5,0.5,0.5000220767739729,0.998046875,0.9990234375,0.2685546875,0.5,False,0.5,0.5,0.5018868885959614,1.0,1.0,0.2705078125,0.5,False,1.0,1.0,0.9977853379570614,1.0,1.0,0.2705078125,1.0,True,Y
263,nested_reset,575,620,True,1.0,01010101,85,1.0,0.5,0.5,0.5000061331167498,0.998291015625,0.9990234375,0.2626953125,0.5,False,0.5,0.5,0.5007306442380846,1.0,1.0,0.264404296875,0.5,False,1.0,1.0,0.9991360183794007,1.0,1.0,0.264404296875,1.0,True,Y
263,nested_reset,790,835,True,1.0,01010101,85,1.0,0.5,0.5,0.4999981474832174,0.997802734375,0.998779296875,0.255859375,0.5,False,0.5,0.5,0.5002956833272946,1.0,1.0,0.258056640625,0.5,False,1.0,1.0,0.9996485192560345,1.0,1.0,0.258056640625,1.0,True,Y
263,nested_reset,1024,1069,True,1.0,01010101,85,1.0,0.5,0.5,0.499997030572508,0.997802734375,0.998779296875,0.255126953125,0.5,False,0.5,0.5,0.5001473493050901,1.0,1.0,0.25732421875,0.5,False,1.0,1.0,0.9998244454130205,1.0,1.0,0.25732421875,1.0,True,Y
263,scratch,0,45,True,0.504150390625,11111111,255,0.694580078125,0.384521484375,0.392578125,0.49417369764320174,0.971435546875,0.998779296875,0.418701171875,0.3885498046875,False,0.483642578125,0.48187255859375,0.49982170315367874,0.676025390625,0.70947265625,0.123291015625,0.482757568359375,False,0.504150390625,0.49853515625,0.49992644591891816,0.523193359375,0.5009765625,-0.029541015625,0.5013427734375,False,mixed_or_none
263,scratch,1,46,True,0.50390625,11111111,255,0.87548828125,0.443359375,0.44091796875,0.4949861603075562,0.969482421875,0.998779296875,0.415771484375,0.442138671875,False,0.51513671875,0.5111083984375,0.5010411747106608,0.67724609375,0.713134765625,0.12353515625,0.51312255859375,False,0.50390625,0.4994303385416667,0.5000378729173884,0.51611328125,0.502197265625,-0.03759765625,0.5016682942708334,False,mixed_or_none
263,scratch,2,47,True,0.50439453125,11111111,255,0.80322265625,0.4375,0.4403076171875,0.49656488208001864,0.9677734375,0.998779296875,0.41748046875,0.43890380859375,False,0.54296875,0.53765869140625,0.502285788311903,0.6875,0.71728515625,0.13720703125,0.540313720703125,False,0.50439453125,0.5,0.5001116995313872,0.525146484375,0.502197265625,-0.025146484375,0.502197265625,False,mixed_or_none
263,scratch,3,48,True,0.509521484375,11110011,243,0.610595703125,0.416259765625,0.4222412109375,0.4962084157153095,0.96728515625,0.998779296875,0.413330078125,0.41925048828125,False,0.571044921875,0.559814453125,0.5033438480761594,0.695556640625,0.719970703125,0.1416015625,0.5654296875,False,0.509521484375,0.5002034505208334,0.5001852317741082,0.52490234375,0.503662109375,-0.029052734375,0.5048624674479167,False,mixed_or_none
263,scratch,4,49,True,0.51171875,00000000,0,0.6591796875,0.4404296875,0.441650390625,0.49580829880750754,0.966552734375,0.998779296875,0.40283203125,0.4410400390625,False,0.556640625,0.553466796875,0.5043666690985196,0.703369140625,0.72265625,0.1396484375,0.5550537109375,False,0.51171875,0.5028076171875,0.5002382840166054,0.52978515625,0.5029296875,-0.033935546875,0.50726318359375,False,mixed_or_none
263,scratch,5,50,True,0.515380859375,00000000,0,0.797607421875,0.462646484375,0.4642333984375,0.4960110433085859,0.966064453125,0.99853515625,0.40283203125,0.46343994140625,False,0.543701171875,0.5439453125,0.5054381410928429,0.71533203125,0.72802734375,0.152099609375,0.5438232421875,False,0.515380859375,0.5074462890625,0.5002842082602991,0.53173828125,0.500732421875,-0.031494140625,0.51141357421875,False,mixed_or_none
263,scratch,7,52,True,0.50830078125,00000000,0,0.89599609375,0.486328125,0.482421875,0.49596019549061726,0.966552734375,0.99853515625,0.40625,0.484375,False,0.5322265625,0.53594970703125,0.5077729746615558,0.746826171875,0.739013671875,0.1865234375,0.534088134765625,False,0.50830078125,0.5045572916666666,0.500365960745065,0.537109375,0.500244140625,-0.023193359375,0.5064290364583333,False,mixed_or_none
263,scratch,9,54,True,0.50830078125,00000000,0,0.88916015625,0.4921875,0.48876953125,0.49750834779625647,0.96875,0.998291015625,0.398681640625,0.490478515625,False,0.544921875,0.54730224609375,0.5104201679741459,0.783203125,0.7509765625,0.213134765625,0.546112060546875,False,0.50830078125,0.5050455729166666,0.5004616459067694,0.5341796875,0.50048828125,-0.035888671875,0.5066731770833333,False,mixed_or_none
263,scratch,13,58,True,0.510009765625,00000000,0,0.765380859375,0.508056640625,0.50634765625,0.5009680536845009,0.971435546875,0.998291015625,0.39111328125,0.5072021484375,False,0.614013671875,0.60955810546875,0.5173440191107025,0.864501953125,0.77734375,0.2841796875,0.611785888671875,False,0.510009765625,0.5069173177083334,0.5007481243559087,0.538818359375,0.501953125,-0.04150390625,0.5084635416666667,False,mixed_or_none
263,scratch,17,62,True,0.510498046875,00110011,51,0.739501953125,0.548095703125,0.5509033203125,0.5050396240008185,0.97216796875,0.998046875,0.3896484375,0.54949951171875,False,0.739501953125,0.73175048828125,0.5269600383334438,0.9267578125,0.81640625,0.34423828125,0.735626220703125,False,0.510498046875,0.5062255859375,0.5011106239720939,0.55029296875,0.498046875,-0.0322265625,0.50836181640625,False,mixed_or_none
263,scratch,24,69,True,0.5126953125,00110011,51,0.85400390625,0.501953125,0.507568359375,0.5013717824999226,0.973876953125,0.998046875,0.375244140625,0.5047607421875,False,0.85400390625,0.850830078125,0.5575827008966966,0.990234375,0.885986328125,0.3916015625,0.8524169921875,False,0.5126953125,0.5091552734375,0.5018092977116312,0.59130859375,0.50537109375,-0.00732421875,0.51092529296875,False,mixed_or_none
263,scratch,33,78,True,0.4951171875,00110011,51,0.92333984375,0.5048828125,0.5030517578125,0.5026327886203336,0.973876953125,0.998046875,0.359130859375,0.50396728515625,False,0.92333984375,0.92620849609375,0.6428942672138405,0.999267578125,0.9716796875,0.384521484375,0.924774169921875,True,0.4951171875,0.4981282552083333,0.5030671105217286,0.6630859375,0.513671875,0.04833984375,0.49662272135416663,False,Q
263,scratch,45,90,True,0.49609375,00110011,51,0.990234375,0.50048828125,0.501220703125,0.49717785148904636,0.960693359375,0.997314453125,0.327880859375,0.5008544921875,False,0.990234375,0.99102783203125,0.820861366431697,1.0,1.0,0.3671875,0.990631103515625,True,0.49609375,0.4961751302083333,0.5036386104117452,0.7587890625,0.513427734375,0.1259765625,0.49613444010416663,False,Q
263,scratch,62,107,True,0.5,00110011,51,1.0,0.5,0.5,0.5004574628431083,0.93310546875,0.99755859375,0.30029296875,0.5,False,1.0,1.0,0.9183366944585651,1.0,1.0,0.3671875,1.0,True,0.5,0.5,0.5045638149892847,0.848876953125,0.546630859375,0.216064453125,0.5,False,Q
263,scratch,85,130,True,0.5,00110011,51,1.0,0.5,0.5,0.5016101107673469,0.9150390625,0.99609375,0.261962890625,0.5,False,1.0,1.0,0.8743529131577014,1.0,1.0,0.346923828125,1.0,True,0.5,0.5001627604166666,0.5183848812566512,0.980224609375,0.69189453125,0.3271484375,0.5000813802083333,False,Q
263,scratch,117,162,True,0.541015625,00110011,51,0.958984375,0.49853515625,0.500244140625,0.49850637664061165,0.89794921875,0.992919921875,0.181884765625,0.4993896484375,False,0.958984375,0.95574951171875,0.811033407373611,1.0,1.0,0.283935546875,0.957366943359375,True,0.541015625,0.541748046875,0.6115547374856736,1.0,0.9443359375,0.283935546875,0.5413818359375,False,Q
263,scratch,128,173,True,0.660888671875,00110011,51,0.839111328125,0.503173828125,0.49951171875,0.49802917145646264,0.88720703125,0.992919921875,0.141845703125,0.5013427734375,False,0.839111328125,0.8382568359375,0.756274987919756,1.0,1.0,0.254638671875,0.83868408203125,False,0.660888671875,0.6625162760416666,0.6907429601114247,1.0,0.98583984375,0.254638671875,0.6617024739583333,False,mixed_or_none
263,scratch,161,206,True,1.0,01010101,85,1.0,0.5,0.5,0.49859414905543187,0.883544921875,0.9921875,0.121826171875,0.5,False,0.5,0.50006103515625,0.5454269410907608,1.0,0.999755859375,0.23828125,0.500030517578125,False,1.0,1.0,0.9466220033567503,1.0,1.0,0.23828125,1.0,True,Y
263,scratch,222,267,True,1.0,01010101,85,1.0,0.5,0.5,0.49989907567927216,0.905029296875,0.99267578125,0.147216796875,0.5,False,0.5,0.5,0.5063228402323479,1.0,0.999267578125,0.2421875,0.5,False,1.0,1.0,0.9925500847733586,1.0,1.0,0.2421875,1.0,True,Y
263,scratch,304,349,True,1.0,01010101,85,1.0,0.5,0.5,0.499989220288104,0.906494140625,0.9921875,0.14990234375,0.5,False,0.5,0.5,0.5025015123123279,0.999755859375,0.99951171875,0.2431640625,0.5,False,1.0,1.0,0.9970523666991249,1.0,1.0,0.243408203125,1.0,True,Y
263,scratch,418,463,True,1.0,01010101,85,1.0,0.5,0.5,0.4999985298237314,0.9091796875,0.991943359375,0.1552734375,0.5,False,0.5,0.5,0.5011602595479384,0.999755859375,0.99951171875,0.245849609375,0.5,False,1.0,1.0,0.9986346816891782,1.0,1.0,0.24609375,1.0,True,Y
263,scratch,575,620,True,1.0,01010101,85,1.0,0.5,0.5,0.4999978087472187,0.908447265625,0.9921875,0.155029296875,0.5,False,0.5,0.5,0.5005715423071052,0.999755859375,0.99951171875,0.246337890625,0.5,False,1.0,1.0,0.9993282700466479,1.0,1.0,0.24658203125,1.0,True,Y
263,scratch,790,835,True,1.0,01010101,85,1.0,0.5,0.5,0.4999990081775737,0.908203125,0.9921875,0.156494140625,0.5,False,0.5,0.5,0.5002913440698128,0.99951171875,0.99951171875,0.247802734375,0.5,False,1.0,1.0,0.9996580103007244,1.0,1.0,0.248291015625,1.0,True,Y
263,scratch,1024,1069,True,1.0,01010101,85,1.0,0.5,0.5,0.49999955241874106,0.9072265625,0.99169921875,0.15478515625,0.5,False,0.5,0.5,0.5001688627507723,0.999267578125,0.99951171875,0.246826171875,0.5,False,1.0,1.0,0.9998019449836684,1.0,1.0,0.24755859375,1.0,True,Y
263,sham,0,45,True,0.49951171875,11111111,255,0.97998046875,0.5029296875,0.5029296875,0.5004456668082848,0.902587890625,0.99755859375,0.348876953125,0.5029296875,False,0.50390625,0.50274658203125,0.49980411702093275,0.687255859375,0.725341796875,0.133544921875,0.503326416015625,False,0.49951171875,0.4991861979166667,0.49998241734985194,0.519287109375,0.497314453125,-0.034423828125,0.49934895833333337,False,mixed_or_none
263,sham,1,46,True,0.4990234375,11111111,255,0.984375,0.5009765625,0.500244140625,0.5002986976345848,0.906494140625,0.99755859375,0.35302734375,0.5006103515625,False,0.50830078125,0.50732421875,0.5005194868211558,0.6767578125,0.72705078125,0.123291015625,0.5078125,False,0.4990234375,0.4984537760416667,0.5000350012047381,0.5224609375,0.498046875,-0.031005859375,0.49873860677083337,False,mixed_or_none
263,sham,2,47,True,0.496337890625,11111111,255,0.939208984375,0.513427734375,0.51025390625,0.5004714066997349,0.9072265625,0.997314453125,0.361083984375,0.5118408203125,False,0.525146484375,0.52410888671875,0.5012066105784037,0.684326171875,0.726318359375,0.13818359375,0.524627685546875,False,0.496337890625,0.4973551432291667,0.5000768472882937,0.519287109375,0.501708984375,-0.02685546875,0.49684651692708337,False,mixed_or_none
263,sham,3,48,True,0.50146484375,11111111,255,0.783203125,0.5087890625,0.506591796875,0.5000593569164177,0.90576171875,0.9970703125,0.353759765625,0.5076904296875,False,0.58056640625,0.57623291015625,0.5018522142978323,0.69384765625,0.727294921875,0.141845703125,0.578399658203125,False,0.50146484375,0.5018717447916666,0.5001090223152542,0.5234375,0.50244140625,-0.028564453125,0.5016682942708333,False,mixed_or_none
263,sham,4,49,True,0.511962890625,00110011,51,0.617431640625,0.478271484375,0.4793701171875,0.49970949937673903,0.9033203125,0.996826171875,0.34423828125,0.47882080078125,False,0.617431640625,0.6162109375,0.5024717113946361,0.7099609375,0.72900390625,0.15087890625,0.6168212890625,False,0.511962890625,0.5100911458333334,0.5001438410585992,0.52294921875,0.50439453125,-0.0361328125,0.5110270182291667,False,mixed_or_none
263,sham,5,50,True,0.507568359375,00000000,0,0.739501953125,0.487548828125,0.4864501953125,0.49962175563178596,0.901611328125,0.99658203125,0.338134765625,0.48699951171875,False,0.617431640625,0.61444091796875,0.5031104052574363,0.725830078125,0.73095703125,0.162353515625,0.615936279296875,False,0.507568359375,0.5098063151041666,0.5001859618188296,0.52294921875,0.50244140625,-0.04052734375,0.5086873372395833,False,mixed_or_none
263,sham,7,52,True,0.50244140625,00000000,0,0.919921875,0.49853515625,0.49365234375,0.49927680169833105,0.901123046875,0.99658203125,0.334228515625,0.49609375,False,0.55517578125,0.55633544921875,0.504534766843081,0.765380859375,0.73583984375,0.198486328125,0.555755615234375,False,0.50244140625,0.5043131510416666,0.5002701150641152,0.529052734375,0.50341796875,-0.037841796875,0.5033772786458333,False,mixed_or_none
263,sham,9,54,True,0.499755859375,00000000,0,0.956787109375,0.499755859375,0.4949951171875,0.4995516917068871,0.90380859375,0.99609375,0.335693359375,0.49737548828125,False,0.535888671875,0.53643798828125,0.5063422874452985,0.80712890625,0.74755859375,0.239013671875,0.536163330078125,False,0.499755859375,0.5021565755208334,0.5003670095575131,0.533447265625,0.504150390625,-0.03466796875,0.5009562174479167,False,mixed_or_none
263,sham,13,58,True,0.503173828125,00000000,0,0.934814453125,0.502197265625,0.498779296875,0.5006795891279245,0.902099609375,0.99609375,0.32373046875,0.50048828125,False,0.558349609375,0.55792236328125,0.5114278695015055,0.895751953125,0.77783203125,0.3173828125,0.558135986328125,False,0.503173828125,0.5026448567708334,0.5005942111525932,0.5595703125,0.5048828125,-0.018798828125,0.5029093424479167,False,mixed_or_none
263,sham,17,62,True,0.508544921875,00000011,3,0.756103515625,0.541748046875,0.536376953125,0.5030873045480082,0.90087890625,0.995361328125,0.313232421875,0.5390625,False,0.746826171875,0.7423095703125,0.5195393166342929,0.9580078125,0.81689453125,0.370361328125,0.74456787109375,False,0.508544921875,0.5099283854166666,0.5009020195617542,0.560302734375,0.5078125,-0.02734375,0.5092366536458333,False,mixed_or_none
263,sham,24,69,True,0.5078125,00110011,51,0.85546875,0.51318359375,0.5157470703125,0.503135144727531,0.920166015625,0.9951171875,0.311279296875,0.51446533203125,False,0.85546875,0.8486328125,0.546576199287858,0.999267578125,0.892578125,0.390380859375,0.85205078125,False,0.5078125,0.5085042317708334,0.5016221857158005,0.593017578125,0.502197265625,-0.015869140625,0.5081583658854167,False,mixed_or_none
263,sham,33,78,True,0.496826171875,00110011,51,0.945556640625,0.504638671875,0.5023193359375,0.5014523893229694,0.913330078125,0.994140625,0.26953125,0.50347900390625,False,0.945556640625,0.94586181640625,0.628694726394448,1.0,0.96875,0.356201171875,0.945709228515625,True,0.496826171875,0.5005289713541666,0.5032447537584473,0.62841796875,0.509033203125,-0.015380859375,0.4986775716145833,False,Q
263,sham,45,90,True,0.499755859375,00110011,51,0.999267578125,0.499755859375,0.4996337890625,0.4967897399980594,0.911376953125,0.994873046875,0.254150390625,0.49969482421875,False,0.999267578125,0.99932861328125,0.8152746949833207,1.0,0.998046875,0.3427734375,0.999298095703125,True,0.499755859375,0.499755859375,0.5044699706903949,0.648681640625,0.5244140625,-0.008544921875,0.499755859375,False,Q
263,sham,62,107,True,0.5,00110011,51,1.0,0.5,0.5,0.5008601512162614,0.886474609375,0.99658203125,0.22021484375,0.5,False,1.0,1.0,0.9127933202934717,1.0,1.0,0.333740234375,1.0,True,0.5,0.5,0.5059593868189673,0.766845703125,0.632080078125,0.1005859375,0.5,False,Q
263,sham,85,130,True,0.5,00110011,51,1.0,0.5,0.5,0.5023399451509523,0.877197265625,0.994384765625,0.170166015625,0.5,False,1.0,1.0,0.8730429357306191,1.0,1.0,0.29296875,1.0,True,0.5,0.5,0.5240126154238757,0.89501953125,0.804443359375,0.18798828125,0.5,False,Q
263,sham,117,162,True,0.5400390625,00110011,51,0.9599609375,0.50146484375,0.5015869140625,0.5001285467146006,0.8095703125,0.988525390625,0.050537109375,0.50152587890625,False,0.9599609375,0.96087646484375,0.8196984453616647,1.0,0.999755859375,0.240966796875,0.960418701171875,True,0.5400390625,0.5380045572916666,0.6034289696067754,1.0,0.949462890625,0.240966796875,0.5390218098958333,False,Q
263,sham,128,173,True,0.61865234375,00110011,51,0.88134765625,0.5009765625,0.4990234375,0.49836654307972256,0.791748046875,0.986083984375,0.031494140625,0.5,False,0.88134765625,0.88104248046875,0.7844768744146036,1.0,0.99951171875,0.23974609375,0.881195068359375,False,0.61865234375,0.6173502604166666,0.6605769953036821,1.0,0.9775390625,0.23974609375,0.6180013020833333,False,mixed_or_none
263,sham,161,206,True,0.996337890625,01010101,85,0.996337890625,0.500244140625,0.500732421875,0.4985992420074549,0.791748046875,0.984619140625,0.03662109375,0.50048828125,False,0.503662109375,0.50360107421875,0.5809159751116529,1.0,0.997802734375,0.244873046875,0.503631591796875,False,0.996337890625,0.99609375,0.9051966244284972,1.0,1.0,0.244873046875,0.9962158203125,True,Y
263,sham,222,267,True,1.0,01010101,85,1.0,0.5,0.5,0.4996960429549322,0.797607421875,0.984130859375,0.027587890625,0.5,False,0.5,0.5,0.5089624989020698,1.0,0.99560546875,0.22998046875,0.5,False,1.0,1.0,0.9892966210987815,1.0,1.0,0.22998046875,1.0,True,Y
263,sham,304,349,True,1.0,01010101,85,1.0,0.5,0.5,0.49992434733080277,0.793212890625,0.98388671875,0.0107421875,0.5,False,0.5,0.5,0.5032113386881099,1.0,0.995849609375,0.217529296875,0.5,False,1.0,1.0,0.9961540265425457,1.0,1.0,0.217529296875,1.0,True,Y
263,sham,418,463,True,1.0,01010101,85,1.0,0.5,0.5,0.4999784096411041,0.792236328125,0.98388671875,0.008544921875,0.5,False,0.5,0.5,0.5014585049720532,1.0,0.99560546875,0.21630859375,0.5,False,1.0,1.0,0.9982551376950144,1.0,1.0,0.21630859375,1.0,True,Y
263,sham,575,620,True,1.0,01010101,85,1.0,0.5,0.5,0.49999090908731925,0.7890625,0.984619140625,0.0087890625,0.5,False,0.5,0.5,0.5007086682095936,1.0,0.995361328125,0.2197265625,0.5,False,1.0,1.0,0.9991516193723566,1.0,1.0,0.2197265625,1.0,True,Y
263,sham,790,835,True,1.0,01010101,85,1.0,0.5,0.5,0.499996036642746,0.78125,0.98486328125,0.00830078125,0.5,False,0.5,0.5,0.5003604233502558,1.0,0.995361328125,0.22705078125,0.5,False,1.0,1.0,0.99956903071778,1.0,1.0,0.22705078125,1.0,True,Y
263,sham,1024,1069,True,1.0,01010101,85,1.0,0.5,0.5,0.49999812614136513,0.777587890625,0.984375,0.004150390625,0.5,False,0.5,0.5,0.5002080500090667,1.0,0.9951171875,0.2265625,0.5,False,1.0,1.0,0.9997510655076147,1.0,1.0,0.2265625,1.0,True,Y
