seed,branch,local_step,global_step,eligible_intersection,target_accuracy,boolean_signature,behavior_P,causal_P,selective_P,control_P,behavior_Q,causal_Q,selective_Q,control_Q,behavior_Y,causal_Y,selective_Y,control_Y
409,independent_noop,0,45,True,0.500244140625,00001111,0.996826171875,0.9967041015625,0.405029296875,0.99676513671875,0.503173828125,0.5028076171875,0.384765625,0.50299072265625,0.500244140625,0.5001220703125,-0.047607421875,0.50018310546875
409,independent_noop,1,46,True,0.5009765625,00001111,0.99560546875,0.9949951171875,0.40625,0.99530029296875,0.50439453125,0.5045166015625,0.390380859375,0.50445556640625,0.5009765625,0.5009358723958334,-0.04736328125,0.5009562174479167
409,independent_noop,2,47,True,0.50146484375,00001111,0.98876953125,0.9892578125,0.402099609375,0.989013671875,0.5107421875,0.5096435546875,0.387451171875,0.51019287109375,0.50146484375,0.501220703125,-0.0498046875,0.5013427734375
409,independent_noop,3,48,True,0.505126953125,00001111,0.977783203125,0.9786376953125,0.399169921875,0.97821044921875,0.520751953125,0.5196533203125,0.38818359375,0.52020263671875,0.505126953125,0.5038248697916666,-0.051513671875,0.5044759114583333
409,independent_noop,4,49,True,0.5048828125,00001111,0.95654296875,0.956787109375,0.40234375,0.9566650390625,0.54150390625,0.53955078125,0.394287109375,0.54052734375,0.5048828125,0.5052490234375,-0.046142578125,0.50506591796875
409,independent_noop,5,50,True,0.509033203125,00001111,0.926513671875,0.9248046875,0.404296875,0.9256591796875,0.571044921875,0.57012939453125,0.397216796875,0.570587158203125,0.509033203125,0.5084228515625,-0.034912109375,0.50872802734375
409,independent_noop,7,52,True,0.512939453125,00001111,0.872802734375,0.8692626953125,0.40576171875,0.87103271484375,0.620849609375,0.62493896484375,0.40087890625,0.622894287109375,0.512939453125,0.5128987630208334,-0.02685546875,0.5129191080729167
409,independent_noop,9,54,True,0.51220703125,00111111,0.7958984375,0.7945556640625,0.39990234375,0.79522705078125,0.69775390625,0.70013427734375,0.396728515625,0.698944091796875,0.51220703125,0.515869140625,-0.025390625,0.5140380859375
409,independent_noop,13,58,True,0.509521484375,00110011,0.624267578125,0.6253662109375,0.396484375,0.62481689453125,0.870361328125,0.8681640625,0.3955078125,0.8692626953125,0.509521484375,0.509765625,-0.0205078125,0.5096435546875
409,independent_noop,17,62,True,0.51220703125,00110011,0.54345703125,0.5423583984375,0.384033203125,0.54290771484375,0.947265625,0.94677734375,0.383544921875,0.947021484375,0.51220703125,0.509521484375,-0.024658203125,0.5108642578125
409,independent_noop,24,69,True,0.505859375,00110011,0.5,0.50146484375,0.383056640625,0.500732421875,0.98681640625,0.98626708984375,0.38330078125,0.986541748046875,0.505859375,0.5061442057291666,-0.0185546875,0.5060017903645833
409,independent_noop,33,78,True,0.50146484375,00110011,0.5,0.49951171875,0.379638671875,0.499755859375,0.998046875,0.99786376953125,0.3798828125,0.997955322265625,0.50146484375,0.5016276041666666,-0.00390625,0.5015462239583333
409,independent_noop,45,90,True,0.5,00110011,0.5,0.5,0.368896484375,0.5,1.0,0.99993896484375,0.369384765625,0.999969482421875,0.5,0.5,-0.004638671875,0.5
409,independent_noop,62,107,True,0.5,00110011,0.5,0.5,0.360107421875,0.5,1.0,1.0,0.360595703125,1.0,0.5,0.5,0.01171875,0.5
409,independent_noop,85,130,True,0.513671875,00110011,0.50244140625,0.5037841796875,0.34521484375,0.50311279296875,0.986328125,0.98590087890625,0.345703125,0.986114501953125,0.513671875,0.51318359375,0.007080078125,0.513427734375
409,independent_noop,117,162,True,0.52880859375,00110011,0.4990234375,0.5010986328125,0.349609375,0.50006103515625,0.97119140625,0.969970703125,0.349853515625,0.9705810546875,0.52880859375,0.5287272135416666,0.082763671875,0.5287679036458333
409,independent_noop,128,173,True,0.545654296875,00110011,0.503173828125,0.5018310546875,0.33935546875,0.50250244140625,0.954345703125,0.9549560546875,0.339599609375,0.95465087890625,0.545654296875,0.544677734375,0.107666015625,0.545166015625
409,independent_noop,161,206,True,0.592529296875,00110011,0.497802734375,0.4925537109375,0.319580078125,0.49517822265625,0.905029296875,0.90753173828125,0.31982421875,0.906280517578125,0.592529296875,0.5902099609375,0.24365234375,0.59136962890625
409,independent_noop,222,267,True,0.9990234375,01010101,0.49951171875,0.5001220703125,0.33349609375,0.49981689453125,0.5009765625,0.500732421875,0.332763671875,0.5008544921875,0.9990234375,0.9989420572916667,0.333984375,0.9989827473958334
409,independent_noop,304,349,True,1.0,01010101,0.5,0.5,0.3330078125,0.5,0.5,0.5,0.33203125,0.5,1.0,1.0,0.333251953125,1.0
409,independent_noop,418,463,True,1.0,01010101,0.5,0.5,0.331298828125,0.5,0.5,0.5,0.330322265625,0.5,1.0,1.0,0.33154296875,1.0
409,independent_noop,575,620,True,1.0,01010101,0.5,0.5,0.331298828125,0.5,0.5,0.5,0.330078125,0.5,1.0,1.0,0.33154296875,1.0
409,independent_noop,790,835,True,1.0,01010101,0.5,0.5,0.333984375,0.5,0.5,0.5,0.332763671875,0.5,1.0,1.0,0.334228515625,1.0
409,independent_noop,1024,1069,True,1.0,01010101,0.5,0.5,0.330322265625,0.5,0.5,0.5,0.3291015625,0.5,1.0,1.0,0.33056640625,1.0
409,independent_q_restore,0,45,True,0.5,00001111,1.0,1.0,0.41943359375,1.0,0.5,0.5,0.30615234375,0.5,0.5,0.5,-0.020263671875,0.5
409,independent_q_restore,1,46,True,0.5,00001111,1.0,1.0,0.41455078125,1.0,0.5,0.5,0.314208984375,0.5,0.5,0.5,-0.0166015625,0.5
409,independent_q_restore,2,47,True,0.499755859375,00001111,0.999267578125,0.999267578125,0.41015625,0.999267578125,0.500732421875,0.500732421875,0.31396484375,0.500732421875,0.499755859375,0.499755859375,-0.019287109375,0.499755859375
409,independent_q_restore,3,48,True,0.500732421875,00001111,0.997802734375,0.9974365234375,0.406982421875,0.99761962890625,0.501708984375,0.50213623046875,0.318115234375,0.501922607421875,0.500732421875,0.5004475911458334,-0.01904296875,0.5005900065104167
409,independent_q_restore,4,49,True,0.50244140625,00001111,0.99169921875,0.9912109375,0.40771484375,0.991455078125,0.50634765625,0.5048828125,0.32568359375,0.505615234375,0.50244140625,0.50146484375,-0.0166015625,0.501953125
409,independent_q_restore,5,50,True,0.504638671875,00001111,0.980712890625,0.9810791015625,0.405517578125,0.98089599609375,0.512939453125,0.5106201171875,0.332763671875,0.51177978515625,0.504638671875,0.5030924479166666,-0.0146484375,0.5038655598958333
409,independent_q_restore,7,52,True,0.505615234375,00001111,0.953857421875,0.9537353515625,0.4111328125,0.95379638671875,0.531982421875,0.52960205078125,0.35302734375,0.530792236328125,0.505615234375,0.5056559244791666,-0.004150390625,0.5056355794270833
409,independent_q_restore,9,54,True,0.510986328125,00001111,0.930419921875,0.928955078125,0.412353515625,0.9296875,0.551025390625,0.54827880859375,0.36328125,0.549652099609375,0.510986328125,0.5115966796875,-0.001708984375,0.51129150390625
409,independent_q_restore,13,58,True,0.52490234375,00001111,0.80126953125,0.7982177734375,0.398681640625,0.79974365234375,0.6728515625,0.671875,0.36865234375,0.67236328125,0.52490234375,0.52783203125,-0.006591796875,0.5263671875
409,independent_q_restore,17,62,True,0.535400390625,00110011,0.593017578125,0.598876953125,0.394775390625,0.595947265625,0.794677734375,0.7958984375,0.377685546875,0.7952880859375,0.535400390625,0.5360921223958334,0.00146484375,0.5357462565104167
409,independent_q_restore,24,69,True,0.525634765625,00110011,0.453857421875,0.45556640625,0.3837890625,0.4547119140625,0.888427734375,0.89056396484375,0.381591796875,0.889495849609375,0.525634765625,0.523681640625,0.0166015625,0.524658203125
409,independent_q_restore,33,78,True,0.515380859375,00110011,0.471435546875,0.4732666015625,0.37109375,0.47235107421875,0.949462890625,0.94769287109375,0.372314453125,0.948577880859375,0.515380859375,0.5138346354166666,0.022705078125,0.5146077473958333
409,independent_q_restore,45,90,True,0.502685546875,00110011,0.497314453125,0.498046875,0.374267578125,0.4976806640625,0.993408203125,0.99359130859375,0.37548828125,0.993499755859375,0.502685546875,0.5030110677083334,0.06494140625,0.5028483072916667
409,independent_q_restore,62,107,True,0.5,00110011,0.5,0.5,0.352294921875,0.5,1.0,1.0,0.35302734375,1.0,0.5,0.5,0.126708984375,0.5
409,independent_q_restore,85,130,True,0.528076171875,00110011,0.508544921875,0.509765625,0.34375,0.5091552734375,0.971923828125,0.97113037109375,0.34423828125,0.971527099609375,0.528076171875,0.5276285807291666,0.2392578125,0.5278523763020833
409,independent_q_restore,117,162,True,0.727294921875,00010001,0.503662109375,0.5023193359375,0.3466796875,0.50299072265625,0.772705078125,0.7711181640625,0.34716796875,0.77191162109375,0.727294921875,0.726318359375,0.31201171875,0.726806640625
409,independent_q_restore,128,173,True,0.785400390625,00010001,0.500732421875,0.4998779296875,0.34423828125,0.50030517578125,0.714599609375,0.7147216796875,0.343994140625,0.71466064453125,0.785400390625,0.7836507161458333,0.323974609375,0.7845255533854166
409,independent_q_restore,161,206,True,0.97412109375,01010101,0.490234375,0.492919921875,0.335693359375,0.4915771484375,0.52587890625,0.52728271484375,0.33203125,0.526580810546875,0.97412109375,0.9742838541666667,0.335693359375,0.9742024739583334
409,independent_q_restore,222,267,True,1.0,01010101,0.5,0.5,0.31591796875,0.5,0.5,0.5,0.3037109375,0.5,1.0,1.0,0.31591796875,1.0
409,independent_q_restore,304,349,True,1.0,01010101,0.5,0.5,0.311767578125,0.5,0.5,0.5,0.2978515625,0.5,1.0,1.0,0.311767578125,1.0
409,independent_q_restore,418,463,True,1.0,01010101,0.5,0.5,0.308349609375,0.5,0.5,0.5,0.295654296875,0.5,1.0,1.0,0.308349609375,1.0
409,independent_q_restore,575,620,True,1.0,01010101,0.5,0.5,0.311767578125,0.5,0.5,0.5,0.29833984375,0.5,1.0,1.0,0.311767578125,1.0
409,independent_q_restore,790,835,True,1.0,01010101,0.5,0.5,0.311767578125,0.5,0.5,0.5,0.299072265625,0.5,1.0,1.0,0.311767578125,1.0
409,independent_q_restore,1024,1069,True,1.0,01010101,0.5,0.5,0.311279296875,0.5,0.5,0.5,0.298583984375,0.5,1.0,1.0,0.311279296875,1.0
409,independent_padding_sham,0,45,True,0.50146484375,00001111,0.98974609375,0.9892578125,0.409423828125,0.989501953125,0.509765625,0.5107421875,0.3603515625,0.51025390625,0.50146484375,0.5008951822916666,-0.0478515625,0.5011800130208333
409,independent_padding_sham,1,46,True,0.502197265625,00001111,0.984619140625,0.98291015625,0.411865234375,0.9837646484375,0.514892578125,0.51580810546875,0.3681640625,0.515350341796875,0.502197265625,0.5013020833333334,-0.041259765625,0.5017496744791667
409,independent_padding_sham,2,47,True,0.50341796875,00001111,0.97265625,0.9713134765625,0.41015625,0.97198486328125,0.52685546875,0.52630615234375,0.373779296875,0.526580810546875,0.50341796875,0.502685546875,-0.042724609375,0.5030517578125
409,independent_padding_sham,3,48,True,0.505859375,00001111,0.95751953125,0.95751953125,0.411376953125,0.95751953125,0.5419921875,0.540283203125,0.378662109375,0.5411376953125,0.505859375,0.50439453125,-0.03857421875,0.505126953125
409,independent_padding_sham,4,49,True,0.50732421875,00001111,0.935546875,0.934326171875,0.412841796875,0.9349365234375,0.5615234375,0.5601806640625,0.383544921875,0.56085205078125,0.50732421875,0.5061848958333334,-0.03466796875,0.5067545572916667
409,independent_padding_sham,5,50,True,0.51025390625,00001111,0.90966796875,0.9093017578125,0.410888671875,0.90948486328125,0.58544921875,0.5833740234375,0.385009765625,0.58441162109375,0.51025390625,0.5077718098958334,-0.036376953125,0.5090128580729167
409,independent_padding_sham,7,52,True,0.51171875,00001111,0.8671875,0.8662109375,0.413818359375,0.86669921875,0.62548828125,0.62554931640625,0.39208984375,0.625518798828125,0.51171875,0.5106608072916666,-0.024658203125,0.5111897786458333
409,independent_padding_sham,9,54,True,0.50927734375,00011111,0.81640625,0.8155517578125,0.4150390625,0.81597900390625,0.673828125,0.6778564453125,0.398193359375,0.67584228515625,0.50927734375,0.5107828776041666,-0.01220703125,0.5100301106770833
409,independent_padding_sham,13,58,True,0.512451171875,00110011,0.663330078125,0.6676025390625,0.4140625,0.66546630859375,0.825439453125,0.82275390625,0.405517578125,0.8240966796875,0.512451171875,0.5127360026041666,0.00244140625,0.5125935872395833
409,independent_padding_sham,17,62,True,0.5146484375,00110011,0.5576171875,0.559814453125,0.411376953125,0.5587158203125,0.91943359375,0.91729736328125,0.4072265625,0.918365478515625,0.5146484375,0.5130208333333334,0.00341796875,0.5138346354166667
409,independent_padding_sham,24,69,True,0.506103515625,00110011,0.494384765625,0.4976806640625,0.403076171875,0.49603271484375,0.975830078125,0.9765625,0.40380859375,0.9761962890625,0.506103515625,0.5062662760416666,0.00732421875,0.5061848958333333
409,independent_padding_sham,33,78,True,0.50244140625,00110011,0.49755859375,0.498046875,0.39697265625,0.497802734375,0.99658203125,0.996337890625,0.399658203125,0.9964599609375,0.50244140625,0.5021565755208334,0.012451171875,0.5022989908854167
409,independent_padding_sham,45,90,True,0.5,00110011,0.5,0.5,0.391357421875,0.5,1.0,1.0,0.393310546875,1.0,0.5,0.5,0.01513671875,0.5
409,independent_padding_sham,62,107,True,0.5,00110011,0.5,0.4998779296875,0.386474609375,0.49993896484375,1.0,1.0,0.388427734375,1.0,0.5,0.5,0.033935546875,0.5
409,independent_padding_sham,85,130,True,0.514404296875,00110011,0.502197265625,0.5040283203125,0.3740234375,0.50311279296875,0.985595703125,0.98486328125,0.375,0.9852294921875,0.514404296875,0.5138753255208334,0.029296875,0.5141398111979167
409,independent_padding_sham,117,162,True,0.525390625,00110011,0.50048828125,0.501220703125,0.359375,0.5008544921875,0.974609375,0.973876953125,0.35986328125,0.9742431640625,0.525390625,0.5254313151041666,0.073486328125,0.5254109700520833
409,independent_padding_sham,128,173,True,0.53857421875,00110011,0.5048828125,0.5028076171875,0.35498046875,0.50384521484375,0.96142578125,0.96099853515625,0.355712890625,0.961212158203125,0.53857421875,0.5375162760416666,0.10009765625,0.5380452473958333
409,independent_padding_sham,161,206,True,0.578369140625,00110011,0.488037109375,0.4853515625,0.299072265625,0.4866943359375,0.919677734375,0.9207763671875,0.3017578125,0.92022705078125,0.578369140625,0.5770263671875,0.212646484375,0.57769775390625
409,independent_padding_sham,222,267,True,1.0,01010101,0.5,0.5001220703125,0.322509765625,0.50006103515625,0.5,0.5001220703125,0.322998046875,0.50006103515625,1.0,0.9998372395833333,0.322998046875,0.9999186197916666
409,independent_padding_sham,304,349,True,1.0,01010101,0.5,0.5,0.331787109375,0.5,0.5,0.5,0.33203125,0.5,1.0,1.0,0.332275390625,1.0
409,independent_padding_sham,418,463,True,1.0,01010101,0.5,0.5,0.330810546875,0.5,0.5,0.5,0.3310546875,0.5,1.0,1.0,0.331298828125,1.0
409,independent_padding_sham,575,620,True,1.0,01010101,0.5,0.5,0.333740234375,0.5,0.5,0.5,0.333984375,0.5,1.0,1.0,0.334228515625,1.0
409,independent_padding_sham,790,835,True,1.0,01010101,0.5,0.5,0.335205078125,0.5,0.5,0.5,0.335205078125,0.5,1.0,1.0,0.335693359375,1.0
409,independent_padding_sham,1024,1069,True,1.0,01010101,0.5,0.5,0.33349609375,0.5,0.5,0.5,0.33349609375,0.5,1.0,1.0,0.333984375,1.0
409,nested_noop,0,45,True,0.5,00001111,1.0,1.0,0.412109375,1.0,0.5,0.5,0.196533203125,0.5,0.5,0.5,-0.032470703125,0.5
409,nested_noop,1,46,True,0.5,00001111,1.0,1.0,0.411865234375,1.0,0.5,0.50006103515625,0.205078125,0.500030517578125,0.5,0.5,-0.026123046875,0.5
409,nested_noop,2,47,True,0.50048828125,00001111,0.99951171875,0.99951171875,0.412109375,0.99951171875,0.50048828125,0.5003662109375,0.217529296875,0.50042724609375,0.50048828125,0.5002848307291666,-0.02734375,0.5003865559895833
409,nested_noop,3,48,True,0.501708984375,00001111,0.997802734375,0.997802734375,0.4130859375,0.997802734375,0.501220703125,0.5009765625,0.231689453125,0.5010986328125,0.501708984375,0.5008544921875,-0.022705078125,0.50128173828125
409,nested_noop,4,49,True,0.501953125,00001111,0.99462890625,0.994140625,0.413330078125,0.994384765625,0.50390625,0.503662109375,0.23876953125,0.5037841796875,0.501953125,0.5012613932291666,-0.01708984375,0.5016072591145833
409,nested_noop,5,50,True,0.504150390625,00001111,0.982177734375,0.9822998046875,0.410888671875,0.98223876953125,0.512939453125,0.51116943359375,0.245849609375,0.512054443359375,0.504150390625,0.50244140625,-0.02099609375,0.5032958984375
409,nested_noop,7,52,True,0.506591796875,00001111,0.952880859375,0.9505615234375,0.40966796875,0.95172119140625,0.532958984375,0.5311279296875,0.262451171875,0.53204345703125,0.506591796875,0.5041097005208334,-0.019775390625,0.5053507486979167
409,nested_noop,9,54,True,0.504638671875,00001111,0.929931640625,0.927734375,0.415283203125,0.9288330078125,0.547607421875,0.54644775390625,0.28857421875,0.547027587890625,0.504638671875,0.5061442057291666,-0.01220703125,0.5053914388020833
409,nested_noop,13,58,True,0.509765625,00001111,0.91845703125,0.9130859375,0.410400390625,0.915771484375,0.56298828125,0.560546875,0.316650390625,0.561767578125,0.509765625,0.5106608072916666,-0.001708984375,0.5102132161458333
409,nested_noop,17,62,True,0.52978515625,00001111,0.87939453125,0.8817138671875,0.398681640625,0.88055419921875,0.609375,0.603759765625,0.329833984375,0.6065673828125,0.52978515625,0.5291341145833334,-0.009765625,0.5294596354166667
409,nested_noop,24,69,True,0.547119140625,00000011,0.679443359375,0.6839599609375,0.39599609375,0.68170166015625,0.750732421875,0.7462158203125,0.366943359375,0.74847412109375,0.547119140625,0.5447591145833334,0.019775390625,0.5459391276041667
409,nested_noop,33,78,True,0.5283203125,00110011,0.55517578125,0.556640625,0.38427734375,0.555908203125,0.900390625,0.90118408203125,0.384033203125,0.900787353515625,0.5283203125,0.5274251302083334,0.020751953125,0.5278727213541667
409,nested_noop,45,90,True,0.5166015625,00110011,0.5185546875,0.5184326171875,0.36669921875,0.51849365234375,0.96875,0.96893310546875,0.369140625,0.968841552734375,0.5166015625,0.5159912109375,0.01171875,0.51629638671875
409,nested_noop,62,107,True,0.5,00110011,0.5,0.499755859375,0.33642578125,0.4998779296875,1.0,0.99993896484375,0.338134765625,0.999969482421875,0.5,0.5,-0.00634765625,0.5
409,nested_noop,85,130,True,0.5185546875,00110011,0.5087890625,0.5081787109375,0.332275390625,0.50848388671875,0.9814453125,0.9820556640625,0.333251953125,0.98175048828125,0.5185546875,0.5177001953125,0.037353515625,0.51812744140625
409,nested_noop,117,162,True,0.53857421875,00110011,0.51025390625,0.5062255859375,0.33056640625,0.50823974609375,0.96142578125,0.96209716796875,0.330810546875,0.961761474609375,0.53857421875,0.5362955729166666,0.198486328125,0.5374348958333333
409,nested_noop,128,173,True,0.598388671875,00110011,0.516357421875,0.5147705078125,0.328857421875,0.51556396484375,0.901611328125,0.9022216796875,0.3291015625,0.90191650390625,0.598388671875,0.5977376302083334,0.265869140625,0.5980631510416667
409,nested_noop,161,206,True,0.947509765625,01010101,0.493408203125,0.4951171875,0.34326171875,0.4942626953125,0.552490234375,0.553955078125,0.343505859375,0.55322265625,0.947509765625,0.9466959635416667,0.34375,0.9471028645833334
409,nested_noop,222,267,True,1.0,01010101,0.5,0.5,0.337158203125,0.5,0.5,0.5,0.3369140625,0.5,1.0,1.0,0.337158203125,1.0
409,nested_noop,304,349,True,1.0,01010101,0.5,0.5,0.330078125,0.5,0.5,0.5,0.329833984375,0.5,1.0,1.0,0.330078125,1.0
409,nested_noop,418,463,True,1.0,01010101,0.5,0.5,0.325439453125,0.5,0.5,0.5,0.3251953125,0.5,1.0,1.0,0.32568359375,1.0
409,nested_noop,575,620,True,1.0,01010101,0.5,0.5,0.32763671875,0.5,0.5,0.5,0.327392578125,0.5,1.0,1.0,0.327880859375,1.0
409,nested_noop,790,835,True,1.0,01010101,0.5,0.5,0.335693359375,0.5,0.5,0.5,0.33544921875,0.5,1.0,1.0,0.3359375,1.0
409,nested_noop,1024,1069,True,1.0,01010101,0.5,0.5,0.338623046875,0.5,0.5,0.5,0.338134765625,0.5,1.0,1.0,0.3388671875,1.0
409,nested_q_transplant,0,45,True,0.500244140625,00001111,0.999755859375,0.999755859375,0.408203125,0.999755859375,0.500244140625,0.50018310546875,0.286865234375,0.500213623046875,0.500244140625,0.5001220703125,-0.050537109375,0.50018310546875
409,nested_q_transplant,1,46,True,0.500244140625,00001111,0.999755859375,0.999755859375,0.406494140625,0.999755859375,0.500244140625,0.500244140625,0.295166015625,0.500244140625,0.500244140625,0.5001627604166666,-0.046142578125,0.5002034505208333
409,nested_q_transplant,2,47,True,0.5009765625,00001111,0.99853515625,0.99853515625,0.39794921875,0.99853515625,0.50146484375,0.50128173828125,0.295654296875,0.501373291015625,0.5009765625,0.50048828125,-0.05419921875,0.500732421875
409,nested_q_transplant,3,48,True,0.50244140625,00001111,0.99462890625,0.9951171875,0.400146484375,0.994873046875,0.50439453125,0.504150390625,0.30712890625,0.5042724609375,0.50244140625,0.5013834635416666,-0.050537109375,0.5019124348958333
409,nested_q_transplant,4,49,True,0.502685546875,00001111,0.987060546875,0.9873046875,0.401611328125,0.9871826171875,0.511474609375,0.5101318359375,0.314208984375,0.51080322265625,0.502685546875,0.5018310546875,-0.044677734375,0.50225830078125
409,nested_q_transplant,5,50,True,0.5048828125,00001111,0.97216796875,0.971923828125,0.39208984375,0.9720458984375,0.525390625,0.52362060546875,0.31201171875,0.524505615234375,0.5048828125,0.5033365885416666,-0.05078125,0.5041097005208333
409,nested_q_transplant,7,52,True,0.507080078125,00001111,0.938720703125,0.9361572265625,0.385009765625,0.93743896484375,0.555908203125,0.55499267578125,0.323974609375,0.555450439453125,0.507080078125,0.50634765625,-0.05029296875,0.5067138671875
409,nested_q_transplant,9,54,True,0.5087890625,00001111,0.91748046875,0.912353515625,0.385986328125,0.9149169921875,0.57470703125,0.57501220703125,0.337646484375,0.574859619140625,0.5087890625,0.5090738932291666,-0.048095703125,0.5089314778645833
409,nested_q_transplant,13,58,True,0.515625,00001111,0.89111328125,0.886474609375,0.383056640625,0.8887939453125,0.6025390625,0.602783203125,0.3544921875,0.6026611328125,0.515625,0.5172526041666666,-0.042236328125,0.5164388020833333
409,nested_q_transplant,17,62,True,0.528076171875,00000111,0.784912109375,0.7869873046875,0.400390625,0.78594970703125,0.711669921875,0.71136474609375,0.38916015625,0.711517333984375,0.528076171875,0.5271809895833334,-0.021484375,0.5276285807291667
409,nested_q_transplant,24,69,True,0.53076171875,00110011,0.60498046875,0.6065673828125,0.39013671875,0.60577392578125,0.88916015625,0.88787841796875,0.3916015625,0.888519287109375,0.53076171875,0.5274251302083334,-0.01318359375,0.5290934244791667
409,nested_q_transplant,33,78,True,0.5087890625,00110011,0.51904296875,0.518798828125,0.360595703125,0.5189208984375,0.97021484375,0.9686279296875,0.364013671875,0.96942138671875,0.5087890625,0.507568359375,-0.03076171875,0.5081787109375
409,nested_q_transplant,45,90,True,0.5009765625,00110011,0.5009765625,0.5015869140625,0.3486328125,0.50128173828125,0.9990234375,0.9981689453125,0.350341796875,0.99859619140625,0.5009765625,0.5010986328125,-0.027587890625,0.50103759765625
409,nested_q_transplant,62,107,True,0.5,00110011,0.5,0.5,0.35986328125,0.5,1.0,1.0,0.361572265625,1.0,0.5,0.5,0.01220703125,0.5
409,nested_q_transplant,85,130,True,0.51025390625,00110011,0.5048828125,0.50439453125,0.34619140625,0.504638671875,0.98974609375,0.98797607421875,0.346923828125,0.988861083984375,0.51025390625,0.5115152994791666,0.0205078125,0.5108846028645833
409,nested_q_transplant,117,162,True,0.51904296875,00110011,0.50390625,0.503173828125,0.310546875,0.5035400390625,0.98095703125,0.97906494140625,0.3115234375,0.980010986328125,0.51904296875,0.5187581380208334,0.086669921875,0.5189005533854167
409,nested_q_transplant,128,173,True,0.54345703125,00110011,0.51171875,0.5078125,0.303955078125,0.509765625,0.95654296875,0.9569091796875,0.3046875,0.95672607421875,0.54345703125,0.5419921875,0.142822265625,0.542724609375
409,nested_q_transplant,161,206,True,0.767333984375,01010001,0.506591796875,0.500732421875,0.305419921875,0.503662109375,0.732666015625,0.73736572265625,0.304931640625,0.735015869140625,0.767333984375,0.7662353515625,0.3017578125,0.76678466796875
409,nested_q_transplant,222,267,True,1.0,01010101,0.5,0.5,0.331787109375,0.5,0.5,0.5,0.329833984375,0.5,1.0,1.0,0.331787109375,1.0
409,nested_q_transplant,304,349,True,1.0,01010101,0.5,0.5,0.325927734375,0.5,0.5,0.5,0.323974609375,0.5,1.0,1.0,0.325927734375,1.0
409,nested_q_transplant,418,463,True,1.0,01010101,0.5,0.5,0.328125,0.5,0.5,0.5,0.32568359375,0.5,1.0,1.0,0.328125,1.0
409,nested_q_transplant,575,620,True,1.0,01010101,0.5,0.5,0.323486328125,0.5,0.5,0.5,0.3212890625,0.5,1.0,1.0,0.323486328125,1.0
409,nested_q_transplant,790,835,True,1.0,01010101,0.5,0.5,0.320068359375,0.5,0.5,0.5,0.31787109375,0.5,1.0,1.0,0.320068359375,1.0
409,nested_q_transplant,1024,1069,True,1.0,01010101,0.5,0.5,0.318115234375,0.5,0.5,0.5,0.31591796875,0.5,1.0,1.0,0.318115234375,1.0
409,nested_padding_sham,0,45,True,0.5,00001111,1.0,1.0,0.420654296875,1.0,0.5,0.5,0.168212890625,0.5,0.5,0.5,-0.019775390625,0.5
409,nested_padding_sham,1,46,True,0.500244140625,00001111,0.999755859375,0.9998779296875,0.415283203125,0.99981689453125,0.500244140625,0.50018310546875,0.177490234375,0.500213623046875,0.500244140625,0.5001220703125,-0.019287109375,0.50018310546875
409,nested_padding_sham,2,47,True,0.500244140625,00001111,0.999755859375,0.99951171875,0.41796875,0.9996337890625,0.500244140625,0.5003662109375,0.195068359375,0.50030517578125,0.500244140625,0.500244140625,-0.0107421875,0.500244140625
409,nested_padding_sham,3,48,True,0.5009765625,00001111,0.998046875,0.998046875,0.416748046875,0.998046875,0.50146484375,0.501220703125,0.20068359375,0.5013427734375,0.5009765625,0.5005289713541666,-0.015625,0.5007527669270833
409,nested_padding_sham,4,49,True,0.501220703125,00001111,0.992919921875,0.9932861328125,0.41259765625,0.99310302734375,0.505126953125,0.50421142578125,0.20458984375,0.504669189453125,0.501220703125,0.5010579427083334,-0.020263671875,0.5011393229166667
409,nested_padding_sham,5,50,True,0.504638671875,00001111,0.985107421875,0.9854736328125,0.413330078125,0.98529052734375,0.510498046875,0.5098876953125,0.211669921875,0.51019287109375,0.504638671875,0.50341796875,-0.017578125,0.5040283203125
409,nested_padding_sham,7,52,True,0.504150390625,00001111,0.952880859375,0.95361328125,0.41357421875,0.9532470703125,0.531982421875,0.53057861328125,0.228271484375,0.531280517578125,0.504150390625,0.5029703776041666,-0.0234375,0.5035603841145833
409,nested_padding_sham,9,54,True,0.5048828125,00001111,0.931640625,0.930419921875,0.415771484375,0.9310302734375,0.5458984375,0.54437255859375,0.248291015625,0.545135498046875,0.5048828125,0.5056966145833334,-0.01220703125,0.5052897135416667
409,nested_padding_sham,13,58,True,0.508544921875,00001111,0.921630859375,0.9210205078125,0.40869140625,0.92132568359375,0.560791015625,0.55859375,0.283935546875,0.5596923828125,0.508544921875,0.5090738932291666,0.000732421875,0.5088094075520833
409,nested_padding_sham,17,62,True,0.53076171875,00001111,0.88232421875,0.88525390625,0.402587890625,0.8837890625,0.60546875,0.603515625,0.312744140625,0.6044921875,0.53076171875,0.5292561848958334,-0.002685546875,0.5300089518229167
409,nested_padding_sham,24,69,True,0.54443359375,00000011,0.67578125,0.6785888671875,0.39697265625,0.67718505859375,0.73486328125,0.73309326171875,0.35595703125,0.733978271484375,0.54443359375,0.54296875,0.015625,0.543701171875
409,nested_padding_sham,33,78,True,0.525390625,00110011,0.5595703125,0.557861328125,0.382080078125,0.5587158203125,0.8916015625,0.8939208984375,0.3798828125,0.89276123046875,0.525390625,0.5251057942708334,0.0166015625,0.5252482096354167
409,nested_padding_sham,45,90,True,0.521484375,00110011,0.5224609375,0.520751953125,0.358154296875,0.5216064453125,0.9560546875,0.95867919921875,0.36181640625,0.957366943359375,0.521484375,0.5185546875,-0.00048828125,0.52001953125
409,nested_padding_sham,62,107,True,0.5,00110011,0.5,0.4996337890625,0.339111328125,0.49981689453125,1.0,0.99969482421875,0.3408203125,0.999847412109375,0.5,0.5002034505208334,0.00634765625,0.5001017252604167
409,nested_padding_sham,85,130,True,0.515380859375,00110011,0.509521484375,0.5086669921875,0.319091796875,0.50909423828125,0.984619140625,0.98431396484375,0.32080078125,0.984466552734375,0.515380859375,0.5152587890625,0.009521484375,0.51531982421875
409,nested_padding_sham,117,162,True,0.52978515625,00110011,0.51220703125,0.5098876953125,0.31689453125,0.51104736328125,0.97021484375,0.9700927734375,0.3173828125,0.97015380859375,0.52978515625,0.5286458333333334,0.1591796875,0.5292154947916667
409,nested_padding_sham,128,173,True,0.56982421875,00110011,0.51806640625,0.5159912109375,0.320068359375,0.51702880859375,0.93017578125,0.93096923828125,0.3212890625,0.930572509765625,0.56982421875,0.5686848958333334,0.227294921875,0.5692545572916667
409,nested_padding_sham,161,206,True,0.900390625,01010101,0.4921875,0.4927978515625,0.329833984375,0.49249267578125,0.599609375,0.6024169921875,0.3291015625,0.60101318359375,0.900390625,0.8994954427083333,0.33056640625,0.8999430338541666
409,nested_padding_sham,222,267,True,1.0,01010101,0.5,0.5,0.31787109375,0.5,0.5,0.5,0.31640625,0.5,1.0,1.0,0.318359375,1.0
409,nested_padding_sham,304,349,True,1.0,01010101,0.5,0.5,0.312255859375,0.5,0.5,0.5,0.3115234375,0.5,1.0,1.0,0.312744140625,1.0
409,nested_padding_sham,418,463,True,1.0,01010101,0.5,0.5,0.30810546875,0.5,0.5,0.5,0.306640625,0.5,1.0,1.0,0.308349609375,1.0
409,nested_padding_sham,575,620,True,1.0,01010101,0.5,0.5,0.304931640625,0.5,0.5,0.5,0.30322265625,0.5,1.0,1.0,0.30517578125,1.0
409,nested_padding_sham,790,835,True,1.0,01010101,0.5,0.5,0.308349609375,0.5,0.5,0.5,0.306640625,0.5,1.0,1.0,0.30859375,1.0
409,nested_padding_sham,1024,1069,True,1.0,01010101,0.5,0.5,0.31201171875,0.5,0.5,0.5,0.310302734375,0.5,1.0,1.0,0.312255859375,1.0
419,independent_noop,0,45,True,0.499755859375,00001111,0.999755859375,0.9998779296875,0.379638671875,0.99981689453125,0.500244140625,0.5001220703125,0.346923828125,0.50018310546875,0.499755859375,0.4998779296875,-0.091064453125,0.49981689453125
419,independent_noop,1,46,True,0.5009765625,00001111,0.9990234375,0.9991455078125,0.37890625,0.99908447265625,0.5009765625,0.50067138671875,0.353271484375,0.500823974609375,0.5009765625,0.5004475911458334,-0.08984375,0.5007120768229167
419,independent_noop,2,47,True,0.502197265625,00001111,0.996337890625,0.9964599609375,0.37548828125,0.99639892578125,0.503662109375,0.503173828125,0.354248046875,0.50341796875,0.502197265625,0.5006917317708334,-0.090576171875,0.5014444986979167
419,independent_noop,3,48,True,0.50341796875,00001111,0.99365234375,0.9935302734375,0.369384765625,0.99359130859375,0.50634765625,0.5062255859375,0.353271484375,0.50628662109375,0.50341796875,0.5016276041666666,-0.09521484375,0.5025227864583333
419,independent_noop,4,49,True,0.50537109375,00001111,0.98876953125,0.98828125,0.36328125,0.988525390625,0.51123046875,0.51153564453125,0.3515625,0.511383056640625,0.50537109375,0.5025227864583334,-0.102294921875,0.5039469401041667
419,independent_noop,5,50,True,0.50537109375,00001111,0.98095703125,0.980224609375,0.357666015625,0.9805908203125,0.51904296875,0.5177001953125,0.3486328125,0.51837158203125,0.50537109375,0.5028076171875,-0.11181640625,0.50408935546875
419,independent_noop,7,52,True,0.510986328125,00001111,0.955322265625,0.95654296875,0.35791015625,0.9559326171875,0.544677734375,0.54193115234375,0.353515625,0.543304443359375,0.510986328125,0.5054117838541666,-0.11279296875,0.5081990559895833
419,independent_noop,9,54,True,0.514892578125,00001111,0.905517578125,0.906005859375,0.359375,0.90576171875,0.594482421875,0.59283447265625,0.3583984375,0.593658447265625,0.514892578125,0.5081787109375,-0.1142578125,0.51153564453125
419,independent_noop,13,58,True,0.51220703125,00111111,0.78857421875,0.7908935546875,0.361328125,0.78973388671875,0.71142578125,0.71014404296875,0.361328125,0.710784912109375,0.51220703125,0.5113932291666666,-0.108642578125,0.5118001302083333
419,independent_noop,17,62,True,0.50634765625,00110011,0.6259765625,0.628662109375,0.362060546875,0.6273193359375,0.8740234375,0.87255859375,0.362548828125,0.873291015625,0.50634765625,0.5072835286458334,-0.10400390625,0.5068155924479167
419,independent_noop,24,69,True,0.50244140625,00110011,0.509765625,0.5087890625,0.353515625,0.50927734375,0.990234375,0.98968505859375,0.35498046875,0.989959716796875,0.50244140625,0.5033772786458334,-0.113037109375,0.5029093424479167
419,independent_noop,33,78,True,0.5,00110011,0.5,0.5,0.33984375,0.5,1.0,0.99993896484375,0.3427734375,0.999969482421875,0.5,0.5,-0.122802734375,0.5
419,independent_noop,45,90,True,0.5,00110011,0.5,0.5,0.3349609375,0.5,1.0,1.0,0.338623046875,1.0,0.5,0.5,-0.098388671875,0.5
419,independent_noop,62,107,True,0.5,00110011,0.5,0.5,0.330810546875,0.5,1.0,1.0,0.33447265625,1.0,0.5,0.5,-0.065185546875,0.5
419,independent_noop,85,130,True,0.5,00110011,0.5,0.5,0.318115234375,0.5,1.0,0.9998779296875,0.3212890625,0.99993896484375,0.5,0.5000813802083334,-0.002197265625,0.5000406901041667
419,independent_noop,117,162,True,0.5107421875,00110011,0.4990234375,0.4984130859375,0.298095703125,0.49871826171875,0.9892578125,0.98968505859375,0.300537109375,0.989471435546875,0.5107421875,0.5104166666666666,0.050048828125,0.5105794270833333
419,independent_noop,128,173,True,0.521240234375,00110011,0.499267578125,0.4971923828125,0.285400390625,0.49822998046875,0.978759765625,0.9798583984375,0.289794921875,0.97930908203125,0.521240234375,0.5207112630208334,0.0712890625,0.5209757486979167
419,independent_noop,161,206,True,0.6083984375,00110011,0.50439453125,0.5037841796875,0.283935546875,0.50408935546875,0.8916015625,0.89013671875,0.295654296875,0.890869140625,0.6083984375,0.6085205078125,0.239501953125,0.60845947265625
419,independent_noop,222,267,True,0.989501953125,01010101,0.501220703125,0.4990234375,0.227294921875,0.5001220703125,0.510498046875,0.50982666015625,0.248779296875,0.510162353515625,0.989501953125,0.9896240234375,0.249755859375,0.98956298828125
419,independent_noop,304,349,True,1.0,01010101,0.5,0.5,0.2275390625,0.5,0.5,0.5,0.24560546875,0.5,1.0,1.0,0.247802734375,1.0
419,independent_noop,418,463,True,1.0,01010101,0.5,0.5,0.2275390625,0.5,0.5,0.5,0.245849609375,0.5,1.0,1.0,0.248291015625,1.0
419,independent_noop,575,620,True,1.0,01010101,0.5,0.5,0.229248046875,0.5,0.5,0.5,0.24658203125,0.5,1.0,1.0,0.250244140625,1.0
419,independent_noop,790,835,True,1.0,01010101,0.5,0.5,0.229736328125,0.5,0.5,0.5,0.247802734375,0.5,1.0,1.0,0.25146484375,1.0
419,independent_noop,1024,1069,True,1.0,01010101,0.5,0.5,0.227783203125,0.5,0.5,0.5,0.244140625,0.5,1.0,1.0,0.24853515625,1.0
419,independent_q_restore,0,45,True,0.5,00001111,1.0,1.0,0.412109375,1.0,0.5,0.5,0.281494140625,0.5,0.5,0.5,-0.036865234375,0.5
419,independent_q_restore,1,46,True,0.5,00001111,1.0,1.0,0.4072265625,1.0,0.5,0.5,0.291748046875,0.5,0.5,0.5,-0.036865234375,0.5
419,independent_q_restore,2,47,True,0.5,00001111,1.0,1.0,0.400634765625,1.0,0.5,0.5,0.295166015625,0.5,0.5,0.5,-0.0400390625,0.5
419,independent_q_restore,3,48,True,0.5,00001111,1.0,0.9998779296875,0.39892578125,0.99993896484375,0.5,0.5,0.299560546875,0.5,0.5,0.5000406901041666,-0.03857421875,0.5000203450520833
419,independent_q_restore,4,49,True,0.500732421875,00001111,0.998779296875,0.998779296875,0.395751953125,0.998779296875,0.501220703125,0.50079345703125,0.307373046875,0.501007080078125,0.500732421875,0.500244140625,-0.04541015625,0.50048828125
419,independent_q_restore,5,50,True,0.5009765625,00001111,0.99755859375,0.99755859375,0.387451171875,0.99755859375,0.50244140625,0.50177001953125,0.307373046875,0.502105712890625,0.5009765625,0.5004069010416666,-0.052490234375,0.5006917317708333
419,independent_q_restore,7,52,True,0.50244140625,00001111,0.99462890625,0.9932861328125,0.377197265625,0.99395751953125,0.50537109375,0.50506591796875,0.31005859375,0.505218505859375,0.50244140625,0.5013834635416666,-0.064697265625,0.5019124348958333
419,independent_q_restore,9,54,True,0.50537109375,00001111,0.97607421875,0.97607421875,0.372314453125,0.97607421875,0.52392578125,0.52294921875,0.316650390625,0.5234375,0.50537109375,0.5036214192708334,-0.064453125,0.5044962565104167
419,independent_q_restore,13,58,True,0.509765625,00001111,0.939453125,0.939208984375,0.3837890625,0.9393310546875,0.55908203125,0.55633544921875,0.347900390625,0.557708740234375,0.509765625,0.5062255859375,-0.05859375,0.50799560546875
419,independent_q_restore,17,62,True,0.51123046875,00001111,0.88818359375,0.888671875,0.381591796875,0.888427734375,0.60791015625,0.6051025390625,0.364501953125,0.60650634765625,0.51123046875,0.5121256510416666,-0.052001953125,0.5116780598958333
419,independent_q_restore,24,69,True,0.5234375,00110011,0.65966796875,0.6612548828125,0.373779296875,0.66046142578125,0.8203125,0.81646728515625,0.370361328125,0.818389892578125,0.5234375,0.5232747395833334,-0.048828125,0.5233561197916667
419,independent_q_restore,33,78,True,0.5234375,00110011,0.52587890625,0.525146484375,0.38134765625,0.5255126953125,0.9541015625,0.95318603515625,0.38427734375,0.953643798828125,0.5234375,0.5224202473958334,-0.023681640625,0.5229288736979167
419,independent_q_restore,45,90,True,0.503173828125,00110011,0.500732421875,0.5001220703125,0.361083984375,0.50042724609375,0.996337890625,0.99700927734375,0.364501953125,0.996673583984375,0.503173828125,0.5024820963541666,0.00927734375,0.5028279622395833
419,independent_q_restore,62,107,True,0.50048828125,00110011,0.5,0.5001220703125,0.353271484375,0.50006103515625,0.99951171875,0.9996337890625,0.355224609375,0.99957275390625,0.50048828125,0.5004069010416666,0.066650390625,0.5004475911458333
419,independent_q_restore,85,130,True,0.5341796875,00110011,0.50146484375,0.499755859375,0.347900390625,0.5006103515625,0.9658203125,0.96337890625,0.351318359375,0.964599609375,0.5341796875,0.5353190104166666,0.10498046875,0.5347493489583333
419,independent_q_restore,117,162,True,0.572509765625,00110011,0.496826171875,0.4974365234375,0.321044921875,0.49713134765625,0.927490234375,0.92633056640625,0.32275390625,0.926910400390625,0.572509765625,0.57177734375,0.168212890625,0.5721435546875
419,independent_q_restore,128,173,True,0.62939453125,00110011,0.49658203125,0.49609375,0.2939453125,0.496337890625,0.87060546875,0.86962890625,0.29638671875,0.8701171875,0.62939453125,0.6297200520833334,0.187744140625,0.6295572916666667
419,independent_q_restore,161,206,True,0.79931640625,01010111,0.5107421875,0.5118408203125,0.302734375,0.51129150390625,0.70068359375,0.7003173828125,0.303955078125,0.70050048828125,0.79931640625,0.7986653645833333,0.30126953125,0.7989908854166666
419,independent_q_restore,222,267,True,1.0,01010101,0.5,0.5,0.306640625,0.5,0.5,0.5,0.306884765625,0.5,1.0,1.0,0.309326171875,1.0
419,independent_q_restore,304,349,True,1.0,01010101,0.5,0.5,0.292236328125,0.5,0.5,0.5,0.291748046875,0.5,1.0,1.0,0.2958984375,1.0
419,independent_q_restore,418,463,True,1.0,01010101,0.5,0.5,0.291748046875,0.5,0.5,0.5,0.291259765625,0.5,1.0,1.0,0.29541015625,1.0
419,independent_q_restore,575,620,True,1.0,01010101,0.5,0.5,0.2880859375,0.5,0.5,0.5,0.287353515625,0.5,1.0,1.0,0.291748046875,1.0
419,independent_q_restore,790,835,True,1.0,01010101,0.5,0.5,0.2841796875,0.5,0.5,0.5,0.283203125,0.5,1.0,1.0,0.2880859375,1.0
419,independent_q_restore,1024,1069,True,1.0,01010101,0.5,0.5,0.28564453125,0.5,0.5,0.5,0.2841796875,0.5,1.0,1.0,0.2890625,1.0
419,independent_padding_sham,0,45,True,0.500244140625,00001111,0.992919921875,0.9931640625,0.393798828125,0.9930419921875,0.507080078125,0.5074462890625,0.330322265625,0.50726318359375,0.500244140625,0.5006103515625,-0.086181640625,0.50042724609375
419,independent_padding_sham,1,46,True,0.501220703125,00001111,0.989013671875,0.9896240234375,0.392333984375,0.98931884765625,0.510986328125,0.5108642578125,0.338623046875,0.51092529296875,0.501220703125,0.500244140625,-0.087646484375,0.500732421875
419,independent_padding_sham,2,47,True,0.50537109375,00001111,0.97998046875,0.98095703125,0.389892578125,0.98046875,0.52001953125,0.5185546875,0.346435546875,0.519287109375,0.50537109375,0.5023193359375,-0.088623046875,0.50384521484375
419,independent_padding_sham,3,48,True,0.505859375,00001111,0.96923828125,0.9718017578125,0.383544921875,0.97052001953125,0.53076171875,0.5283203125,0.348876953125,0.529541015625,0.505859375,0.5018717447916666,-0.093994140625,0.5038655598958333
419,independent_padding_sham,4,49,True,0.506103515625,00001111,0.960205078125,0.9635009765625,0.375732421875,0.96185302734375,0.539794921875,0.53875732421875,0.34765625,0.539276123046875,0.506103515625,0.501708984375,-0.0966796875,0.50390625
419,independent_padding_sham,5,50,True,0.50634765625,00001111,0.94775390625,0.951171875,0.374267578125,0.949462890625,0.55224609375,0.5516357421875,0.3505859375,0.55194091796875,0.50634765625,0.5021565755208334,-0.098388671875,0.5042521158854167
419,independent_padding_sham,7,52,True,0.504150390625,00001111,0.923095703125,0.9248046875,0.3740234375,0.9239501953125,0.576904296875,0.5765380859375,0.357421875,0.57672119140625,0.504150390625,0.5015869140625,-0.09814453125,0.50286865234375
419,independent_padding_sham,9,54,True,0.50537109375,00001111,0.8837890625,0.8870849609375,0.367919921875,0.88543701171875,0.6162109375,0.6134033203125,0.358642578125,0.61480712890625,0.50537109375,0.5005696614583334,-0.106201171875,0.5029703776041667
419,independent_padding_sham,13,58,True,0.5107421875,00011111,0.802734375,0.808349609375,0.36181640625,0.8055419921875,0.697265625,0.69085693359375,0.359375,0.694061279296875,0.5107421875,0.5041910807291666,-0.1162109375,0.5074666341145833
419,independent_padding_sham,17,62,True,0.508544921875,00110011,0.697509765625,0.700927734375,0.358154296875,0.69921875,0.802490234375,0.7979736328125,0.3603515625,0.80023193359375,0.508544921875,0.5049641927083334,-0.11572265625,0.5067545572916667
419,independent_padding_sham,24,69,True,0.507080078125,00110011,0.535888671875,0.537841796875,0.357421875,0.536865234375,0.962646484375,0.960693359375,0.364501953125,0.961669921875,0.507080078125,0.505126953125,-0.117431640625,0.506103515625
419,independent_padding_sham,33,78,True,0.5,00110011,0.5,0.5003662109375,0.34814453125,0.50018310546875,1.0,0.999755859375,0.35595703125,0.9998779296875,0.5,0.5000813802083334,-0.12158203125,0.5000406901041667
419,independent_padding_sham,45,90,True,0.5,00110011,0.5,0.5,0.336669921875,0.5,1.0,1.0,0.34619140625,1.0,0.5,0.5,-0.12158203125,0.5
419,independent_padding_sham,62,107,True,0.5,00110011,0.5,0.5,0.33251953125,0.5,1.0,1.0,0.34130859375,1.0,0.5,0.5,-0.1064453125,0.5
419,independent_padding_sham,85,130,True,0.5,00110011,0.5,0.5,0.317626953125,0.5,1.0,1.0,0.32861328125,1.0,0.5,0.5,-0.075439453125,0.5
419,independent_padding_sham,117,162,True,0.501953125,00110011,0.50048828125,0.5001220703125,0.322998046875,0.50030517578125,0.998046875,0.9981689453125,0.332275390625,0.99810791015625,0.501953125,0.5024007161458334,0.070556640625,0.5021769205729167
419,independent_padding_sham,128,173,True,0.506103515625,00110011,0.499267578125,0.4996337890625,0.335693359375,0.49945068359375,0.993896484375,0.9947509765625,0.3447265625,0.99432373046875,0.506103515625,0.5058186848958334,0.1396484375,0.5059611002604167
419,independent_padding_sham,161,206,True,0.597412109375,00110011,0.504638671875,0.5018310546875,0.282470703125,0.50323486328125,0.902587890625,0.9007568359375,0.29833984375,0.90167236328125,0.597412109375,0.5989990234375,0.22265625,0.59820556640625
419,independent_padding_sham,222,267,True,0.986328125,01010101,0.50390625,0.5006103515625,0.205810546875,0.50225830078125,0.513671875,0.51409912109375,0.23974609375,0.513885498046875,0.986328125,0.9854329427083333,0.2412109375,0.9858805338541666
419,independent_padding_sham,304,349,True,1.0,01010101,0.5,0.5,0.2216796875,0.5,0.5,0.5,0.24169921875,0.5,1.0,1.0,0.244140625,1.0
419,independent_padding_sham,418,463,True,1.0,01010101,0.5,0.5,0.223388671875,0.5,0.5,0.5,0.23876953125,0.5,1.0,1.0,0.241455078125,1.0
419,independent_padding_sham,575,620,True,1.0,01010101,0.5,0.5,0.222900390625,0.5,0.5,0.5,0.2373046875,0.5,1.0,1.0,0.239990234375,1.0
419,independent_padding_sham,790,835,True,1.0,01010101,0.5,0.5,0.2236328125,0.5,0.5,0.5,0.23828125,0.5,1.0,1.0,0.24072265625,1.0
419,independent_padding_sham,1024,1069,True,1.0,01010101,0.5,0.5,0.226318359375,0.5,0.5,0.5,0.241455078125,0.5,1.0,1.0,0.244140625,1.0
419,nested_noop,0,45,True,0.5,00001111,1.0,1.0,0.399658203125,1.0,0.5,0.5,0.146728515625,0.5,0.5,0.5,-0.047607421875,0.5
419,nested_noop,1,46,True,0.5,00001111,1.0,1.0,0.401611328125,1.0,0.5,0.5,0.1611328125,0.5,0.5,0.4999593098958333,-0.04052734375,0.49997965494791663
419,nested_noop,2,47,True,0.5009765625,00001111,0.99853515625,0.998291015625,0.400390625,0.9984130859375,0.50146484375,0.50152587890625,0.169921875,0.501495361328125,0.5009765625,0.50048828125,-0.038330078125,0.500732421875
419,nested_noop,3,48,True,0.501708984375,00001111,0.993896484375,0.99365234375,0.3994140625,0.9937744140625,0.506103515625,0.506103515625,0.1767578125,0.506103515625,0.501708984375,0.5009358723958334,-0.035400390625,0.5013224283854167
419,nested_noop,4,49,True,0.5029296875,00001111,0.986328125,0.9862060546875,0.399658203125,0.98626708984375,0.513671875,0.5125732421875,0.185546875,0.51312255859375,0.5029296875,0.5017496744791666,-0.03857421875,0.5023396809895833
419,nested_noop,5,50,True,0.5078125,00001111,0.97119140625,0.9722900390625,0.395751953125,0.97174072265625,0.52880859375,0.52532958984375,0.1962890625,0.527069091796875,0.5078125,0.505126953125,-0.037353515625,0.5064697265625
419,nested_noop,7,52,True,0.510498046875,00001111,0.938232421875,0.9398193359375,0.391845703125,0.93902587890625,0.560302734375,0.55645751953125,0.212646484375,0.558380126953125,0.510498046875,0.5071614583333334,-0.03564453125,0.5088297526041667
419,nested_noop,9,54,True,0.51123046875,00001111,0.89697265625,0.8961181640625,0.382080078125,0.89654541015625,0.5927734375,0.5916748046875,0.23193359375,0.59222412109375,0.51123046875,0.5071207682291666,-0.04345703125,0.5091756184895833
419,nested_noop,13,58,True,0.520263671875,00011111,0.853271484375,0.85888671875,0.3740234375,0.8560791015625,0.622802734375,0.62042236328125,0.248046875,0.621612548828125,0.520263671875,0.51416015625,-0.0439453125,0.5172119140625
419,nested_noop,17,62,True,0.517333984375,00001111,0.896240234375,0.9000244140625,0.37841796875,0.89813232421875,0.597900390625,0.59307861328125,0.269775390625,0.595489501953125,0.517333984375,0.5132649739583334,-0.0419921875,0.5152994791666667
419,nested_noop,24,69,True,0.51611328125,00001111,0.82666015625,0.8309326171875,0.359619140625,0.82879638671875,0.66650390625,0.663818359375,0.312744140625,0.6651611328125,0.51611328125,0.515625,-0.036376953125,0.515869140625
419,nested_noop,33,78,True,0.52099609375,00110011,0.6748046875,0.6746826171875,0.341064453125,0.67474365234375,0.82080078125,0.82354736328125,0.35546875,0.822174072265625,0.52099609375,0.5206298828125,-0.034912109375,0.52081298828125
419,nested_noop,45,90,True,0.51611328125,00110011,0.54541015625,0.5462646484375,0.345458984375,0.54583740234375,0.95458984375,0.955078125,0.356689453125,0.954833984375,0.51611328125,0.5183512369791666,0.00048828125,0.5172322591145833
419,nested_noop,62,107,True,0.5,00110011,0.5,0.5001220703125,0.326171875,0.50006103515625,1.0,0.9998779296875,0.329345703125,0.99993896484375,0.5,0.5000813802083334,0.063720703125,0.5000406901041667
419,nested_noop,85,130,True,0.528564453125,00110011,0.504638671875,0.5028076171875,0.327880859375,0.50372314453125,0.971435546875,0.97003173828125,0.32958984375,0.970733642578125,0.528564453125,0.5287272135416666,0.1005859375,0.5286458333333333
419,nested_noop,117,162,True,0.6142578125,00110011,0.49755859375,0.4984130859375,0.303466796875,0.49798583984375,0.8857421875,0.88446044921875,0.3056640625,0.885101318359375,0.6142578125,0.6138102213541666,0.213623046875,0.6140340169270833
419,nested_noop,128,173,True,0.673828125,00110011,0.501953125,0.501220703125,0.314453125,0.5015869140625,0.826171875,0.82513427734375,0.3173828125,0.825653076171875,0.673828125,0.6735026041666666,0.259765625,0.6736653645833333
419,nested_noop,161,206,True,0.85205078125,01010101,0.50244140625,0.503173828125,0.293212890625,0.5028076171875,0.64794921875,0.64886474609375,0.295654296875,0.648406982421875,0.85205078125,0.8515218098958333,0.295654296875,0.8517862955729166
419,nested_noop,222,267,True,1.0,01010101,0.5,0.5,0.303955078125,0.5,0.5,0.5,0.308837890625,0.5,1.0,1.0,0.308837890625,1.0
419,nested_noop,304,349,True,1.0,01010101,0.5,0.5,0.311767578125,0.5,0.5,0.5,0.31591796875,0.5,1.0,1.0,0.31591796875,1.0
419,nested_noop,418,463,True,1.0,01010101,0.5,0.5,0.315673828125,0.5,0.5,0.5,0.3203125,0.5,1.0,1.0,0.3203125,1.0
419,nested_noop,575,620,True,1.0,01010101,0.5,0.5,0.317138671875,0.5,0.5,0.5,0.32177734375,0.5,1.0,1.0,0.32177734375,1.0
419,nested_noop,790,835,True,1.0,01010101,0.5,0.5,0.3173828125,0.5,0.5,0.5,0.321533203125,0.5,1.0,1.0,0.32177734375,1.0
419,nested_noop,1024,1069,True,1.0,01010101,0.5,0.5,0.318603515625,0.5,0.5,0.5,0.322021484375,0.5,1.0,1.0,0.322265625,1.0
419,nested_q_transplant,0,45,True,0.5,00001111,1.0,1.0,0.38330078125,1.0,0.5,0.5,0.235107421875,0.5,0.5,0.5,-0.07666015625,0.5
419,nested_q_transplant,1,46,True,0.500732421875,00001111,0.999267578125,0.999267578125,0.395263671875,0.999267578125,0.500732421875,0.50048828125,0.25927734375,0.5006103515625,0.500732421875,0.5002848307291666,-0.05712890625,0.5005086263020833
419,nested_q_transplant,2,47,True,0.501708984375,00001111,0.995849609375,0.99560546875,0.392822265625,0.9957275390625,0.504150390625,0.50372314453125,0.267333984375,0.503936767578125,0.501708984375,0.5008138020833334,-0.058349609375,0.5012613932291667
419,nested_q_transplant,3,48,True,0.50341796875,00001111,0.98876953125,0.989501953125,0.38427734375,0.9891357421875,0.51123046875,0.51019287109375,0.26708984375,0.510711669921875,0.50341796875,0.5016276041666666,-0.0634765625,0.5025227864583333
419,nested_q_transplant,4,49,True,0.506103515625,00001111,0.976318359375,0.9765625,0.385498046875,0.9764404296875,0.523681640625,0.52032470703125,0.284423828125,0.522003173828125,0.506103515625,0.5030924479166666,-0.05908203125,0.5045979817708333
419,nested_q_transplant,5,50,True,0.507080078125,00001111,0.963134765625,0.964111328125,0.38232421875,0.963623046875,0.536865234375,0.53387451171875,0.29541015625,0.535369873046875,0.507080078125,0.5044352213541666,-0.063232421875,0.5057576497395833
419,nested_q_transplant,7,52,True,0.512451171875,00001111,0.924072265625,0.92822265625,0.37646484375,0.9261474609375,0.575927734375,0.5723876953125,0.309814453125,0.57415771484375,0.512451171875,0.5061848958333334,-0.0625,0.5093180338541667
419,nested_q_transplant,9,54,True,0.51220703125,00011111,0.8828125,0.8861083984375,0.3720703125,0.88446044921875,0.6171875,0.61712646484375,0.318359375,0.617156982421875,0.51220703125,0.5063883463541666,-0.062744140625,0.5092976888020833
419,nested_q_transplant,13,58,True,0.518310546875,00111111,0.853271484375,0.85693359375,0.350341796875,0.8551025390625,0.646240234375,0.64483642578125,0.310302734375,0.645538330078125,0.518310546875,0.5121256510416666,-0.08203125,0.5152180989583333
419,nested_q_transplant,17,62,True,0.52197265625,00011111,0.853515625,0.858154296875,0.348388671875,0.8558349609375,0.646484375,0.6416015625,0.3232421875,0.64404296875,0.52197265625,0.519287109375,-0.077880859375,0.5206298828125
419,nested_q_transplant,24,69,True,0.50390625,00010011,0.677734375,0.6837158203125,0.330810546875,0.68072509765625,0.822265625,0.81793212890625,0.34130859375,0.820098876953125,0.50390625,0.5050455729166666,-0.086181640625,0.5044759114583333
419,nested_q_transplant,33,78,True,0.503662109375,00110011,0.524658203125,0.5234375,0.31689453125,0.5240478515625,0.975341796875,0.975341796875,0.3310546875,0.975341796875,0.503662109375,0.5054117838541666,-0.09375,0.5045369466145833
419,nested_q_transplant,45,90,True,0.500244140625,00110011,0.500244140625,0.5001220703125,0.319580078125,0.50018310546875,0.999755859375,0.99981689453125,0.3271484375,0.999786376953125,0.500244140625,0.5001627604166666,-0.0625,0.5002034505208333
419,nested_q_transplant,62,107,True,0.5,00110011,0.5,0.5,0.315673828125,0.5,1.0,1.0,0.318115234375,1.0,0.5,0.5,-0.010009765625,0.5
419,nested_q_transplant,85,130,True,0.500244140625,00110011,0.500244140625,0.5001220703125,0.306640625,0.50018310546875,0.999755859375,0.999755859375,0.309814453125,0.999755859375,0.500244140625,0.5001627604166666,0.03125,0.5002034505208333
419,nested_q_transplant,117,162,True,0.5419921875,00110011,0.5078125,0.5054931640625,0.301513671875,0.50665283203125,0.9580078125,0.95538330078125,0.304931640625,0.956695556640625,0.5419921875,0.5447184244791666,0.134033203125,0.5433553059895833
419,nested_q_transplant,128,173,True,0.603759765625,00110011,0.497314453125,0.4951171875,0.293212890625,0.4962158203125,0.896240234375,0.897216796875,0.295654296875,0.896728515625,0.603759765625,0.6024576822916666,0.1640625,0.6031087239583333
419,nested_q_transplant,161,206,True,0.753173828125,01010111,0.508056640625,0.5098876953125,0.2939453125,0.50897216796875,0.746826171875,0.7462158203125,0.297119140625,0.74652099609375,0.753173828125,0.7538248697916667,0.275146484375,0.7534993489583334
419,nested_q_transplant,222,267,True,0.999267578125,01010101,0.499755859375,0.4998779296875,0.27490234375,0.49981689453125,0.500732421875,0.5010986328125,0.279296875,0.50091552734375,0.999267578125,0.9991861979166667,0.279296875,0.9992268880208334
419,nested_q_transplant,304,349,True,1.0,01010101,0.5,0.5,0.280029296875,0.5,0.5,0.5,0.283447265625,0.5,1.0,1.0,0.28369140625,1.0
419,nested_q_transplant,418,463,True,1.0,01010101,0.5,0.5,0.277099609375,0.5,0.5,0.5,0.28076171875,0.5,1.0,1.0,0.281005859375,1.0
419,nested_q_transplant,575,620,True,1.0,01010101,0.5,0.5,0.279296875,0.5,0.5,0.5,0.282470703125,0.5,1.0,1.0,0.28271484375,1.0
419,nested_q_transplant,790,835,True,1.0,01010101,0.5,0.5,0.280517578125,0.5,0.5,0.5,0.2841796875,0.5,1.0,1.0,0.2841796875,1.0
419,nested_q_transplant,1024,1069,True,1.0,01010101,0.5,0.5,0.283447265625,0.5,0.5,0.5,0.286865234375,0.5,1.0,1.0,0.286865234375,1.0
419,nested_padding_sham,0,45,True,0.5,00001111,1.0,1.0,0.393798828125,1.0,0.5,0.5,0.136474609375,0.5,0.5,0.5,-0.053466796875,0.5
419,nested_padding_sham,1,46,True,0.5,00001111,1.0,0.9996337890625,0.40380859375,0.99981689453125,0.5,0.5,0.155517578125,0.5,0.5,0.5000406901041666,-0.037353515625,0.5000203450520833
419,nested_padding_sham,2,47,True,0.5,00001111,0.99755859375,0.9974365234375,0.403564453125,0.99749755859375,0.50244140625,0.502197265625,0.16455078125,0.5023193359375,0.5,0.4997965494791667,-0.032958984375,0.49989827473958337
419,nested_padding_sham,3,48,True,0.50244140625,00001111,0.9921875,0.9927978515625,0.405517578125,0.99249267578125,0.5078125,0.5067138671875,0.17529296875,0.50726318359375,0.50244140625,0.5015462239583334,-0.0263671875,0.5019938151041667
419,nested_padding_sham,4,49,True,0.5029296875,00001111,0.9833984375,0.9833984375,0.4091796875,0.9833984375,0.51611328125,0.51434326171875,0.191162109375,0.515228271484375,0.5029296875,0.5026448567708334,-0.019287109375,0.5027872721354167
419,nested_padding_sham,5,50,True,0.505859375,00001111,0.970703125,0.9715576171875,0.4072265625,0.97113037109375,0.5283203125,0.52618408203125,0.202392578125,0.527252197265625,0.505859375,0.5044759114583334,-0.0244140625,0.5051676432291667
419,nested_padding_sham,7,52,True,0.51171875,00001111,0.93603515625,0.936279296875,0.393310546875,0.9361572265625,0.556640625,0.55413818359375,0.20458984375,0.555389404296875,0.51171875,0.5083414713541666,-0.0341796875,0.5100301106770833
419,nested_padding_sham,9,54,True,0.515625,00001111,0.89111328125,0.889892578125,0.3955078125,0.8905029296875,0.59228515625,0.58984375,0.22119140625,0.591064453125,0.515625,0.5113525390625,-0.029541015625,0.51348876953125
419,nested_padding_sham,13,58,True,0.5224609375,00011111,0.85888671875,0.859130859375,0.37744140625,0.8590087890625,0.611328125,0.610107421875,0.23291015625,0.6107177734375,0.5224609375,0.5166015625,-0.04638671875,0.51953125
419,nested_padding_sham,17,62,True,0.518798828125,00001111,0.894775390625,0.8988037109375,0.374755859375,0.89678955078125,0.595947265625,0.5908203125,0.2548828125,0.5933837890625,0.518798828125,0.5148111979166666,-0.045654296875,0.5168050130208333
419,nested_padding_sham,24,69,True,0.514892578125,00001111,0.836181640625,0.8414306640625,0.3505859375,0.83880615234375,0.657470703125,0.65643310546875,0.292724609375,0.656951904296875,0.514892578125,0.5169270833333334,-0.05126953125,0.5159098307291667
419,nested_padding_sham,33,78,True,0.517578125,00110011,0.69091796875,0.689208984375,0.34619140625,0.6900634765625,0.80419921875,0.80657958984375,0.352294921875,0.805389404296875,0.517578125,0.5215250651041666,-0.031494140625,0.5195515950520833
419,nested_padding_sham,45,90,True,0.52587890625,00110011,0.55712890625,0.557373046875,0.3505859375,0.5572509765625,0.94287109375,0.942138671875,0.361083984375,0.9425048828125,0.52587890625,0.5265299479166666,0.009765625,0.5262044270833333
419,nested_padding_sham,62,107,True,0.500244140625,00110011,0.500244140625,0.5003662109375,0.326416015625,0.50030517578125,0.999755859375,0.99957275390625,0.32958984375,0.999664306640625,0.500244140625,0.5005289713541666,0.063232421875,0.5003865559895833
419,nested_padding_sham,85,130,True,0.53173828125,00110011,0.50537109375,0.5030517578125,0.319580078125,0.50421142578125,0.96826171875,0.96728515625,0.322021484375,0.9677734375,0.53173828125,0.532470703125,0.09814453125,0.5321044921875
419,nested_padding_sham,117,162,True,0.613525390625,00110011,0.494873046875,0.496337890625,0.32421875,0.49560546875,0.886474609375,0.88580322265625,0.32568359375,0.886138916015625,0.613525390625,0.6127115885416666,0.232421875,0.6131184895833333
419,nested_padding_sham,128,173,True,0.672119140625,00110011,0.502685546875,0.50146484375,0.318115234375,0.5020751953125,0.827880859375,0.8277587890625,0.320556640625,0.82781982421875,0.672119140625,0.6710611979166666,0.264404296875,0.6715901692708333
419,nested_padding_sham,161,206,True,0.85595703125,01010101,0.50341796875,0.50341796875,0.296875,0.50341796875,0.64404296875,0.64373779296875,0.2998046875,0.643890380859375,0.85595703125,0.8565673828125,0.2998046875,0.85626220703125
419,nested_padding_sham,222,267,True,1.0,01010101,0.5,0.5,0.30029296875,0.5,0.5,0.5,0.30419921875,0.5,1.0,1.0,0.304443359375,1.0
419,nested_padding_sham,304,349,True,1.0,01010101,0.5,0.5,0.306884765625,0.5,0.5,0.5,0.309814453125,0.5,1.0,1.0,0.310302734375,1.0
419,nested_padding_sham,418,463,True,1.0,01010101,0.5,0.5,0.303955078125,0.5,0.5,0.5,0.307373046875,0.5,1.0,1.0,0.307861328125,1.0
419,nested_padding_sham,575,620,True,1.0,01010101,0.5,0.5,0.305419921875,0.5,0.5,0.5,0.308837890625,0.5,1.0,1.0,0.309326171875,1.0
419,nested_padding_sham,790,835,True,1.0,01010101,0.5,0.5,0.304443359375,0.5,0.5,0.5,0.30810546875,0.5,1.0,1.0,0.30859375,1.0
419,nested_padding_sham,1024,1069,True,1.0,01010101,0.5,0.5,0.3056640625,0.5,0.5,0.5,0.309326171875,0.5,1.0,1.0,0.309814453125,1.0
421,independent_noop,0,45,True,0.5009765625,00001111,0.99609375,0.99609375,0.41357421875,0.99609375,0.50390625,0.50433349609375,0.3662109375,0.504119873046875,0.5009765625,0.5005289713541666,-0.034912109375,0.5007527669270833
421,independent_noop,1,46,True,0.4990234375,00001111,0.99365234375,0.994140625,0.41845703125,0.993896484375,0.50634765625,0.5067138671875,0.38134765625,0.50653076171875,0.4990234375,0.4999186197916667,-0.02392578125,0.49947102864583337
421,independent_noop,2,47,True,0.499755859375,00001111,0.986083984375,0.9873046875,0.41845703125,0.9866943359375,0.513916015625,0.51361083984375,0.387939453125,0.513763427734375,0.499755859375,0.5013427734375,-0.014892578125,0.50054931640625
421,independent_noop,3,48,True,0.49853515625,00001111,0.9814453125,0.9837646484375,0.413818359375,0.98260498046875,0.5185546875,0.518310546875,0.39111328125,0.5184326171875,0.49853515625,0.5008544921875,-0.012451171875,0.49969482421875
421,independent_noop,4,49,True,0.499267578125,00001111,0.980224609375,0.9818115234375,0.412841796875,0.98101806640625,0.519775390625,0.5205078125,0.39501953125,0.5201416015625,0.499267578125,0.5013834635416666,-0.00732421875,0.5003255208333333
421,independent_noop,5,50,True,0.50048828125,00001111,0.974609375,0.975830078125,0.413818359375,0.9752197265625,0.525390625,0.52691650390625,0.400390625,0.526153564453125,0.50048828125,0.5032552083333334,-0.0048828125,0.5018717447916667
421,independent_noop,7,52,True,0.504638671875,00001111,0.956787109375,0.958740234375,0.4033203125,0.957763671875,0.543212890625,0.54534912109375,0.396240234375,0.544281005859375,0.504638671875,0.5069580078125,-0.00634765625,0.50579833984375
421,independent_noop,9,54,True,0.503662109375,00001111,0.913818359375,0.91650390625,0.3955078125,0.9151611328125,0.586181640625,0.58935546875,0.39111328125,0.5877685546875,0.503662109375,0.5091145833333334,-0.00830078125,0.5063883463541667
421,independent_noop,13,58,True,0.51708984375,00111111,0.7646484375,0.77001953125,0.39501953125,0.767333984375,0.7353515625,0.74029541015625,0.39453125,0.737823486328125,0.51708984375,0.521728515625,0.001708984375,0.5194091796875
421,independent_noop,17,62,True,0.512451171875,00110011,0.615478515625,0.61962890625,0.38525390625,0.6175537109375,0.883056640625,0.883056640625,0.3857421875,0.883056640625,0.512451171875,0.5152180989583334,0.0048828125,0.5138346354166667
421,independent_noop,24,69,True,0.510009765625,00110011,0.515869140625,0.5169677734375,0.372314453125,0.51641845703125,0.980712890625,0.98138427734375,0.375244140625,0.981048583984375,0.510009765625,0.5089518229166666,0.02490234375,0.5094807942708333
421,independent_noop,33,78,True,0.501220703125,00110011,0.501220703125,0.500732421875,0.365966796875,0.5009765625,0.998779296875,0.9991455078125,0.369384765625,0.99896240234375,0.501220703125,0.5007731119791666,0.052978515625,0.5009969075520833
421,independent_noop,45,90,True,0.5,00110011,0.5,0.5,0.3623046875,0.5,1.0,1.0,0.36572265625,1.0,0.5,0.5,0.078125,0.5
421,independent_noop,62,107,True,0.500244140625,00110011,0.500244140625,0.5001220703125,0.366943359375,0.50018310546875,0.999755859375,0.99981689453125,0.369140625,0.999786376953125,0.500244140625,0.5001220703125,0.11767578125,0.50018310546875
421,independent_noop,85,130,True,0.503173828125,00110011,0.498779296875,0.4981689453125,0.355224609375,0.49847412109375,0.996826171875,0.99664306640625,0.358154296875,0.996734619140625,0.503173828125,0.5029703776041666,0.16650390625,0.5030721028645833
421,independent_noop,117,162,True,0.547607421875,00110011,0.500244140625,0.4981689453125,0.340576171875,0.49920654296875,0.952392578125,0.955078125,0.34423828125,0.9537353515625,0.547607421875,0.5467529296875,0.27783203125,0.54718017578125
421,independent_noop,128,173,True,0.57763671875,00110011,0.50244140625,0.501708984375,0.3369140625,0.5020751953125,0.92236328125,0.9228515625,0.34130859375,0.922607421875,0.57763671875,0.5787760416666666,0.320068359375,0.5782063802083333
421,independent_noop,161,206,True,0.884521484375,01010101,0.494873046875,0.4954833984375,0.3154296875,0.49517822265625,0.615478515625,0.62103271484375,0.32080078125,0.618255615234375,0.884521484375,0.8807779947916667,0.32080078125,0.8826497395833334
421,independent_noop,222,267,True,1.0,01010101,0.5,0.5,0.33056640625,0.5,0.5,0.5,0.33251953125,0.5,1.0,1.0,0.333984375,1.0
421,independent_noop,304,349,True,1.0,01010101,0.5,0.5,0.33203125,0.5,0.5,0.5,0.332275390625,0.5,1.0,1.0,0.335205078125,1.0
421,independent_noop,418,463,True,1.0,01010101,0.5,0.5,0.328125,0.5,0.5,0.5,0.328125,0.5,1.0,1.0,0.330810546875,1.0
421,independent_noop,575,620,True,1.0,01010101,0.5,0.5,0.32861328125,0.5,0.5,0.5,0.3291015625,0.5,1.0,1.0,0.331298828125,1.0
421,independent_noop,790,835,True,1.0,01010101,0.5,0.5,0.32568359375,0.5,0.5,0.5,0.326171875,0.5,1.0,1.0,0.328125,1.0
421,independent_noop,1024,1069,True,1.0,01010101,0.5,0.5,0.327392578125,0.5,0.5,0.5,0.327392578125,0.5,1.0,1.0,0.32958984375,1.0
421,independent_q_restore,0,45,True,0.499755859375,00001111,0.999755859375,0.9998779296875,0.418701171875,0.99981689453125,0.500244140625,0.50030517578125,0.25732421875,0.500274658203125,0.499755859375,0.4998779296875,-0.039306640625,0.49981689453125
421,independent_q_restore,1,46,True,0.500244140625,00001111,0.998779296875,0.9991455078125,0.419677734375,0.99896240234375,0.501220703125,0.50103759765625,0.272216796875,0.501129150390625,0.500244140625,0.5000813802083334,-0.02978515625,0.5001627604166667
421,independent_q_restore,2,47,True,0.5,00001111,0.998046875,0.9984130859375,0.41943359375,0.99822998046875,0.501953125,0.50146484375,0.284423828125,0.501708984375,0.5,0.5001627604166666,-0.02099609375,0.5000813802083333
421,independent_q_restore,3,48,True,0.49951171875,00001111,0.9970703125,0.99755859375,0.4169921875,0.997314453125,0.50244140625,0.50225830078125,0.2958984375,0.502349853515625,0.49951171875,0.4999186197916667,-0.016357421875,0.49971516927083337
421,independent_q_restore,4,49,True,0.499755859375,00001111,0.996826171875,0.9970703125,0.417724609375,0.9969482421875,0.503173828125,0.50311279296875,0.3134765625,0.503143310546875,0.499755859375,0.4998372395833333,-0.012451171875,0.49979654947916663
421,independent_q_restore,5,50,True,0.49951171875,00001111,0.99560546875,0.9957275390625,0.414794921875,0.99566650390625,0.50390625,0.50396728515625,0.32666015625,0.503936767578125,0.49951171875,0.5000813802083334,-0.01123046875,0.4997965494791667
421,independent_q_restore,7,52,True,0.500244140625,00001111,0.990966796875,0.9918212890625,0.41015625,0.99139404296875,0.507080078125,0.50762939453125,0.34814453125,0.507354736328125,0.500244140625,0.5010986328125,-0.0068359375,0.50067138671875
421,independent_q_restore,9,54,True,0.500732421875,00001111,0.984619140625,0.98486328125,0.412109375,0.9847412109375,0.512451171875,0.51507568359375,0.373046875,0.513763427734375,0.500732421875,0.5027262369791666,0.005126953125,0.5017293294270833
421,independent_q_restore,13,58,True,0.50732421875,00001111,0.92822265625,0.9295654296875,0.40283203125,0.92889404296875,0.56005859375,0.56365966796875,0.38330078125,0.561859130859375,0.50732421875,0.5122884114583334,0.015380859375,0.5098063151041667
421,independent_q_restore,17,62,True,0.52978515625,00001111,0.8291015625,0.8310546875,0.400146484375,0.830078125,0.64697265625,0.6536865234375,0.387939453125,0.65032958984375,0.52978515625,0.5355224609375,0.0234375,0.53265380859375
421,independent_q_restore,24,69,True,0.541015625,00110011,0.6123046875,0.6126708984375,0.388671875,0.61248779296875,0.8310546875,0.83447265625,0.387451171875,0.832763671875,0.541015625,0.5431722005208334,0.04736328125,0.5420939127604167
421,independent_q_restore,33,78,True,0.533203125,00110011,0.49755859375,0.4993896484375,0.36962890625,0.49847412109375,0.943359375,0.94329833984375,0.37353515625,0.943328857421875,0.533203125,0.5337727864583334,0.067626953125,0.5334879557291667
421,independent_q_restore,45,90,True,0.508056640625,00110011,0.498291015625,0.498779296875,0.35693359375,0.49853515625,0.991943359375,0.99273681640625,0.36181640625,0.992340087890625,0.508056640625,0.5078531901041666,0.088134765625,0.5079549153645833
421,independent_q_restore,62,107,True,0.500244140625,00110011,0.500244140625,0.5001220703125,0.36767578125,0.50018310546875,0.999755859375,0.99981689453125,0.372802734375,0.999786376953125,0.500244140625,0.5001220703125,0.12255859375,0.50018310546875
421,independent_q_restore,85,130,True,0.50244140625,00110011,0.49853515625,0.4984130859375,0.34375,0.49847412109375,0.99755859375,0.9970703125,0.349853515625,0.997314453125,0.50244140625,0.5024007161458334,0.16455078125,0.5024210611979167
421,independent_q_restore,117,162,True,0.58056640625,00110011,0.50390625,0.50537109375,0.307861328125,0.504638671875,0.91943359375,0.922119140625,0.31298828125,0.9207763671875,0.58056640625,0.5797932942708334,0.2705078125,0.5801798502604167
421,independent_q_restore,128,173,True,0.632568359375,00110011,0.494873046875,0.4976806640625,0.294677734375,0.49627685546875,0.867431640625,0.86639404296875,0.300048828125,0.866912841796875,0.632568359375,0.6360677083333334,0.287109375,0.6343180338541667
421,independent_q_restore,161,206,True,0.81298828125,01010101,0.49755859375,0.4981689453125,0.30419921875,0.49786376953125,0.68701171875,0.69049072265625,0.310546875,0.688751220703125,0.81298828125,0.8099772135416667,0.310546875,0.8114827473958334
421,independent_q_restore,222,267,True,1.0,01010101,0.5,0.5,0.32080078125,0.5,0.5,0.5,0.31884765625,0.5,1.0,1.0,0.324951171875,1.0
421,independent_q_restore,304,349,True,1.0,01010101,0.5,0.5,0.330322265625,0.5,0.5,0.5,0.327392578125,0.5,1.0,1.0,0.334716796875,1.0
421,independent_q_restore,418,463,True,1.0,01010101,0.5,0.5,0.33251953125,0.5,0.5,0.5,0.32763671875,0.5,1.0,1.0,0.336181640625,1.0
421,independent_q_restore,575,620,True,1.0,01010101,0.5,0.5,0.328369140625,0.5,0.5,0.5,0.323486328125,0.5,1.0,1.0,0.332275390625,1.0
421,independent_q_restore,790,835,True,1.0,01010101,0.5,0.5,0.327880859375,0.5,0.5,0.5,0.322265625,0.5,1.0,1.0,0.33154296875,1.0
421,independent_q_restore,1024,1069,True,1.0,01010101,0.5,0.5,0.32275390625,0.5,0.5,0.5,0.316162109375,0.5,1.0,1.0,0.326416015625,1.0
421,independent_padding_sham,0,45,True,0.500732421875,00001111,0.994384765625,0.993896484375,0.42236328125,0.994140625,0.505615234375,0.507080078125,0.327880859375,0.50634765625,0.500732421875,0.5,-0.041748046875,0.5003662109375
421,independent_padding_sham,1,46,True,0.502685546875,00001111,0.989990234375,0.988037109375,0.42236328125,0.989013671875,0.510009765625,0.51141357421875,0.344970703125,0.510711669921875,0.502685546875,0.5008138020833334,-0.034912109375,0.5017496744791667
421,independent_padding_sham,2,47,True,0.502197265625,00001111,0.981201171875,0.9783935546875,0.421875,0.97979736328125,0.518798828125,0.52008056640625,0.3583984375,0.519439697265625,0.502197265625,0.5013427734375,-0.03271484375,0.50177001953125
421,independent_padding_sham,3,48,True,0.50341796875,00001111,0.9736328125,0.97265625,0.419921875,0.97314453125,0.5263671875,0.52667236328125,0.365966796875,0.526519775390625,0.50341796875,0.5019124348958334,-0.03125,0.5026652018229167
421,independent_padding_sham,4,49,True,0.50341796875,00001111,0.97021484375,0.96923828125,0.42041015625,0.9697265625,0.52978515625,0.53070068359375,0.373779296875,0.530242919921875,0.50341796875,0.5021565755208334,-0.03173828125,0.5027872721354167
421,independent_padding_sham,5,50,True,0.501220703125,00001111,0.964111328125,0.9635009765625,0.412353515625,0.96380615234375,0.535888671875,0.5374755859375,0.372802734375,0.53668212890625,0.501220703125,0.50048828125,-0.036865234375,0.5008544921875
421,independent_padding_sham,7,52,True,0.500732421875,00001111,0.936767578125,0.9385986328125,0.401611328125,0.93768310546875,0.563232421875,0.56396484375,0.373046875,0.5635986328125,0.500732421875,0.5015462239583334,-0.0439453125,0.5011393229166667
421,independent_padding_sham,9,54,True,0.507080078125,00001111,0.894775390625,0.8953857421875,0.3935546875,0.89508056640625,0.604736328125,0.60699462890625,0.374267578125,0.605865478515625,0.507080078125,0.5063883463541666,-0.048095703125,0.5067342122395833
421,independent_padding_sham,13,58,True,0.511962890625,00111111,0.783935546875,0.7901611328125,0.38916015625,0.78704833984375,0.713623046875,0.716796875,0.385498046875,0.7152099609375,0.511962890625,0.5127766927083334,-0.03466796875,0.5123697916666667
421,independent_padding_sham,17,62,True,0.51611328125,00110011,0.67333984375,0.6768798828125,0.379150390625,0.67510986328125,0.822265625,0.8251953125,0.3828125,0.82373046875,0.51611328125,0.5155843098958334,-0.0283203125,0.5158487955729167
421,independent_padding_sham,24,69,True,0.5146484375,00110011,0.53857421875,0.538330078125,0.373046875,0.5384521484375,0.9560546875,0.9561767578125,0.381103515625,0.95611572265625,0.5146484375,0.5111490885416666,-0.005615234375,0.5128987630208333
421,independent_padding_sham,33,78,True,0.502197265625,00110011,0.503173828125,0.5029296875,0.376220703125,0.5030517578125,0.996826171875,0.99688720703125,0.384033203125,0.996856689453125,0.502197265625,0.5015869140625,0.030029296875,0.50189208984375
421,independent_padding_sham,45,90,True,0.500244140625,00110011,0.500244140625,0.5001220703125,0.369384765625,0.50018310546875,0.999755859375,0.9998779296875,0.376708984375,0.99981689453125,0.500244140625,0.5001220703125,0.054443359375,0.50018310546875
421,independent_padding_sham,62,107,True,0.500244140625,00110011,0.500244140625,0.5,0.3720703125,0.5001220703125,0.999755859375,0.999755859375,0.37646484375,0.999755859375,0.500244140625,0.5001627604166666,0.09326171875,0.5002034505208333
421,independent_padding_sham,85,130,True,0.50537109375,00110011,0.49755859375,0.497802734375,0.364990234375,0.4976806640625,0.99462890625,0.99456787109375,0.371826171875,0.994598388671875,0.50537109375,0.5049641927083334,0.149658203125,0.5051676432291667
421,independent_padding_sham,117,162,True,0.5498046875,00110011,0.5,0.4993896484375,0.34033203125,0.49969482421875,0.9501953125,0.95208740234375,0.347412109375,0.951141357421875,0.5498046875,0.5492350260416666,0.2548828125,0.5495198567708333
421,independent_padding_sham,128,173,True,0.577392578125,00110011,0.504150390625,0.502685546875,0.339111328125,0.50341796875,0.922607421875,0.92388916015625,0.3466796875,0.923248291015625,0.577392578125,0.5781656901041666,0.30615234375,0.5777791341145833
421,independent_padding_sham,161,206,True,0.7890625,01010001,0.494140625,0.49755859375,0.331298828125,0.495849609375,0.7109375,0.71331787109375,0.340087890625,0.712127685546875,0.7890625,0.7877197265625,0.340576171875,0.78839111328125
421,independent_padding_sham,222,267,True,1.0,01010101,0.5,0.5,0.329833984375,0.5,0.5,0.5,0.3349609375,0.5,1.0,1.0,0.3359375,1.0
421,independent_padding_sham,304,349,True,1.0,01010101,0.5,0.5,0.329345703125,0.5,0.5,0.5,0.333984375,0.5,1.0,1.0,0.33544921875,1.0
421,independent_padding_sham,418,463,True,1.0,01010101,0.5,0.5,0.3388671875,0.5,0.5,0.5,0.3427734375,0.5,1.0,1.0,0.34521484375,1.0
421,independent_padding_sham,575,620,True,1.0,01010101,0.5,0.5,0.336181640625,0.5,0.5,0.5,0.33984375,0.5,1.0,1.0,0.34228515625,1.0
421,independent_padding_sham,790,835,True,1.0,01010101,0.5,0.5,0.335693359375,0.5,0.5,0.5,0.340087890625,0.5,1.0,1.0,0.342529296875,1.0
421,independent_padding_sham,1024,1069,True,1.0,01010101,0.5,0.5,0.332275390625,0.5,0.5,0.5,0.33740234375,0.5,1.0,1.0,0.33984375,1.0
421,nested_noop,0,45,True,0.499755859375,00001111,0.999755859375,0.9998779296875,0.413818359375,0.99981689453125,0.500244140625,0.50030517578125,0.157958984375,0.500274658203125,0.499755859375,0.4998779296875,-0.048095703125,0.49981689453125
421,nested_noop,1,46,True,0.49951171875,00001111,0.99951171875,0.9996337890625,0.40966796875,0.99957275390625,0.50048828125,0.50048828125,0.16943359375,0.50048828125,0.49951171875,0.499755859375,-0.0439453125,0.4996337890625
421,nested_noop,2,47,True,0.500244140625,00001111,0.998779296875,0.999267578125,0.411865234375,0.9990234375,0.501220703125,0.50103759765625,0.185791015625,0.501129150390625,0.500244140625,0.5,-0.038330078125,0.5001220703125
421,nested_noop,3,48,True,0.500244140625,00001111,0.998779296875,0.9991455078125,0.414306640625,0.99896240234375,0.501220703125,0.50115966796875,0.20703125,0.501190185546875,0.500244140625,0.5002034505208334,-0.032470703125,0.5002237955729167
421,nested_noop,4,49,True,0.50048828125,00001111,0.99853515625,0.9989013671875,0.41748046875,0.99871826171875,0.50146484375,0.50128173828125,0.22607421875,0.501373291015625,0.50048828125,0.50048828125,-0.028076171875,0.50048828125
421,nested_noop,5,50,True,0.50048828125,00001111,0.998046875,0.998046875,0.418701171875,0.998046875,0.501953125,0.50250244140625,0.24072265625,0.502227783203125,0.50048828125,0.5007731119791666,-0.027099609375,0.5006306966145833
421,nested_noop,7,52,True,0.501708984375,00001111,0.988037109375,0.9888916015625,0.415283203125,0.98846435546875,0.509521484375,0.50970458984375,0.268798828125,0.509613037109375,0.501708984375,0.5022379557291666,-0.018798828125,0.5019734700520833
421,nested_noop,9,54,True,0.50390625,00001111,0.98291015625,0.9832763671875,0.416259765625,0.98309326171875,0.5146484375,0.5166015625,0.295166015625,0.515625,0.50390625,0.5035807291666666,-0.00439453125,0.5037434895833333
421,nested_noop,13,58,True,0.5078125,00001111,0.95654296875,0.958984375,0.42138671875,0.957763671875,0.5390625,0.54052734375,0.344970703125,0.539794921875,0.5078125,0.5089111328125,0.01416015625,0.50836181640625
421,nested_noop,17,62,True,0.521484375,00001111,0.876953125,0.880126953125,0.422607421875,0.8785400390625,0.60888671875,0.61419677734375,0.380615234375,0.611541748046875,0.521484375,0.5263671875,0.034912109375,0.52392578125
421,nested_noop,24,69,True,0.548828125,00110111,0.7197265625,0.7215576171875,0.41064453125,0.72064208984375,0.7451171875,0.75140380859375,0.40185546875,0.748260498046875,0.548828125,0.55126953125,0.0546875,0.550048828125
421,nested_noop,33,78,True,0.538818359375,00110011,0.571533203125,0.5693359375,0.40625,0.5704345703125,0.874755859375,0.875,0.411865234375,0.8748779296875,0.538818359375,0.5439860026041666,0.084228515625,0.5414021809895833
421,nested_noop,45,90,True,0.519287109375,00110011,0.506103515625,0.5086669921875,0.368896484375,0.50738525390625,0.978759765625,0.97821044921875,0.375732421875,0.978485107421875,0.519287109375,0.5192057291666666,0.09228515625,0.5192464192708333
421,nested_noop,62,107,True,0.5,00110011,0.5,0.5,0.3359375,0.5,1.0,1.0,0.33837890625,1.0,0.5,0.5,0.097412109375,0.5
421,nested_noop,85,130,True,0.50146484375,00110011,0.49951171875,0.4991455078125,0.355224609375,0.49932861328125,0.99853515625,0.9981689453125,0.3583984375,0.99835205078125,0.50146484375,0.50146484375,0.1875,0.50146484375
421,nested_noop,117,162,True,0.5654296875,00110011,0.501953125,0.50390625,0.336181640625,0.5029296875,0.9345703125,0.93798828125,0.34033203125,0.936279296875,0.5654296875,0.5647379557291666,0.3056640625,0.5650838216145833
421,nested_noop,128,173,True,0.64013671875,00110011,0.49609375,0.500732421875,0.321533203125,0.4984130859375,0.85986328125,0.86181640625,0.324951171875,0.86083984375,0.64013671875,0.6382242838541666,0.317626953125,0.6391805013020833
421,nested_noop,161,206,True,0.950439453125,01010101,0.501220703125,0.500732421875,0.31884765625,0.5009765625,0.549560546875,0.54913330078125,0.323486328125,0.549346923828125,0.950439453125,0.9517008463541667,0.32373046875,0.9510701497395834
421,nested_noop,222,267,True,1.0,01010101,0.5,0.5,0.30859375,0.5,0.5,0.5,0.31298828125,0.5,1.0,1.0,0.313720703125,1.0
421,nested_noop,304,349,True,1.0,01010101,0.5,0.5,0.31103515625,0.5,0.5,0.5,0.315185546875,0.5,1.0,1.0,0.316162109375,1.0
421,nested_noop,418,463,True,1.0,01010101,0.5,0.5,0.3095703125,0.5,0.5,0.5,0.31396484375,0.5,1.0,1.0,0.3154296875,1.0
421,nested_noop,575,620,True,1.0,01010101,0.5,0.5,0.310546875,0.5,0.5,0.5,0.315185546875,0.5,1.0,1.0,0.31689453125,1.0
421,nested_noop,790,835,True,1.0,01010101,0.5,0.5,0.3115234375,0.5,0.5,0.5,0.31591796875,0.5,1.0,1.0,0.317626953125,1.0
421,nested_noop,1024,1069,True,1.0,01010101,0.5,0.5,0.3134765625,0.5,0.5,0.5,0.318115234375,0.5,1.0,1.0,0.31982421875,1.0
421,nested_q_transplant,0,45,True,0.49951171875,00001111,0.99951171875,0.99951171875,0.406494140625,0.99951171875,0.50048828125,0.50048828125,0.241455078125,0.50048828125,0.49951171875,0.4997965494791667,-0.06201171875,0.49965413411458337
421,nested_q_transplant,1,46,True,0.500244140625,00001111,0.998779296875,0.9991455078125,0.406494140625,0.99896240234375,0.501220703125,0.5010986328125,0.25537109375,0.50115966796875,0.500244140625,0.5001220703125,-0.05712890625,0.50018310546875
421,nested_q_transplant,2,47,True,0.50048828125,00001111,0.998046875,0.9981689453125,0.408203125,0.99810791015625,0.501953125,0.501708984375,0.27197265625,0.5018310546875,0.50048828125,0.500244140625,-0.04736328125,0.5003662109375
421,nested_q_transplant,3,48,True,0.50048828125,00001111,0.99755859375,0.99755859375,0.406005859375,0.99755859375,0.50244140625,0.50244140625,0.286865234375,0.50244140625,0.50048828125,0.5004475911458334,-0.04736328125,0.5004679361979167
421,nested_q_transplant,4,49,True,0.50048828125,00001111,0.9970703125,0.9964599609375,0.4072265625,0.99676513671875,0.5029296875,0.5030517578125,0.302734375,0.50299072265625,0.50048828125,0.5006917317708334,-0.039306640625,0.5005900065104167
421,nested_q_transplant,5,50,True,0.5,00001111,0.99560546875,0.9947509765625,0.408447265625,0.99517822265625,0.50439453125,0.50506591796875,0.31787109375,0.504730224609375,0.5,0.500732421875,-0.0322265625,0.5003662109375
421,nested_q_transplant,7,52,True,0.502685546875,00001111,0.982177734375,0.9832763671875,0.40234375,0.98272705078125,0.517333984375,0.517822265625,0.333251953125,0.517578125,0.502685546875,0.5029296875,-0.03076171875,0.5028076171875
421,nested_q_transplant,9,54,True,0.505126953125,00001111,0.971923828125,0.9732666015625,0.401611328125,0.97259521484375,0.527587890625,0.52923583984375,0.348876953125,0.528411865234375,0.505126953125,0.506103515625,-0.0244140625,0.505615234375
421,nested_q_transplant,13,58,True,0.51025390625,00001111,0.91748046875,0.9190673828125,0.407470703125,0.91827392578125,0.5810546875,0.58673095703125,0.38525390625,0.583892822265625,0.51025390625,0.5140787760416666,-0.000244140625,0.5121663411458333
421,nested_q_transplant,17,62,True,0.526611328125,00011111,0.804443359375,0.8077392578125,0.40087890625,0.80609130859375,0.692138671875,0.69842529296875,0.39697265625,0.695281982421875,0.526611328125,0.53076171875,0.010009765625,0.5286865234375
421,nested_q_transplant,24,69,True,0.52734375,00110011,0.609375,0.6116943359375,0.39501953125,0.61053466796875,0.88134765625,0.8817138671875,0.400634765625,0.88153076171875,0.52734375,0.5288899739583334,0.03173828125,0.5281168619791667
421,nested_q_transplant,33,78,True,0.514404296875,00110011,0.520263671875,0.5220947265625,0.384033203125,0.52117919921875,0.972412109375,0.97119140625,0.392578125,0.9718017578125,0.514404296875,0.5157470703125,0.06591796875,0.51507568359375
421,nested_q_transplant,45,90,True,0.500732421875,00110011,0.500732421875,0.5003662109375,0.34765625,0.50054931640625,0.999267578125,0.99945068359375,0.353759765625,0.999359130859375,0.500732421875,0.5004475911458334,0.0693359375,0.5005900065104167
421,nested_q_transplant,62,107,True,0.5,00110011,0.5,0.5,0.335205078125,0.5,1.0,1.0,0.33984375,1.0,0.5,0.5,0.080322265625,0.5
421,nested_q_transplant,85,130,True,0.503173828125,00110011,0.498779296875,0.498291015625,0.34521484375,0.49853515625,0.996826171875,0.99658203125,0.3486328125,0.9967041015625,0.503173828125,0.50244140625,0.161376953125,0.5028076171875
421,nested_q_transplant,117,162,True,0.54296875,00110011,0.50439453125,0.5029296875,0.3232421875,0.503662109375,0.95703125,0.95892333984375,0.329345703125,0.957977294921875,0.54296875,0.5430501302083334,0.27001953125,0.5430094401041667
421,nested_q_transplant,128,173,True,0.588623046875,00110011,0.500732421875,0.5015869140625,0.314208984375,0.50115966796875,0.911376953125,0.91253662109375,0.31982421875,0.911956787109375,0.588623046875,0.5895589192708334,0.30615234375,0.5890909830729167
421,nested_q_transplant,161,206,True,0.8681640625,01010101,0.490234375,0.4913330078125,0.316162109375,0.49078369140625,0.6318359375,0.634521484375,0.3203125,0.6331787109375,0.8681640625,0.8649495442708333,0.3203125,0.8665568033854166
421,nested_q_transplant,222,267,True,1.0,01010101,0.5,0.5,0.342529296875,0.5,0.5,0.5,0.344482421875,0.5,1.0,1.0,0.345458984375,1.0
421,nested_q_transplant,304,349,True,1.0,01010101,0.5,0.5,0.3291015625,0.5,0.5,0.5,0.33203125,0.5,1.0,1.0,0.3330078125,1.0
421,nested_q_transplant,418,463,True,1.0,01010101,0.5,0.5,0.33349609375,0.5,0.5,0.5,0.33544921875,0.5,1.0,1.0,0.336669921875,1.0
421,nested_q_transplant,575,620,True,1.0,01010101,0.5,0.5,0.332275390625,0.5,0.5,0.5,0.334228515625,0.5,1.0,1.0,0.335205078125,1.0
421,nested_q_transplant,790,835,True,1.0,01010101,0.5,0.5,0.333984375,0.5,0.5,0.5,0.33544921875,0.5,1.0,1.0,0.3369140625,1.0
421,nested_q_transplant,1024,1069,True,1.0,01010101,0.5,0.5,0.3359375,0.5,0.5,0.5,0.337158203125,0.5,1.0,1.0,0.3388671875,1.0
421,nested_padding_sham,0,45,True,0.499755859375,00001111,0.999755859375,0.9996337890625,0.40966796875,0.99969482421875,0.500244140625,0.5003662109375,0.141357421875,0.50030517578125,0.499755859375,0.4998779296875,-0.052001953125,0.49981689453125
421,nested_padding_sham,1,46,True,0.5,00001111,0.9990234375,0.999267578125,0.409912109375,0.9991455078125,0.5009765625,0.5008544921875,0.1572265625,0.50091552734375,0.5,0.4999186197916667,-0.04638671875,0.49995930989583337
421,nested_padding_sham,2,47,True,0.500244140625,00001111,0.998291015625,0.9986572265625,0.40966796875,0.99847412109375,0.501708984375,0.50140380859375,0.167724609375,0.501556396484375,0.500244140625,0.500244140625,-0.046142578125,0.500244140625
421,nested_padding_sham,3,48,True,0.5,00001111,0.998046875,0.9984130859375,0.4111328125,0.99822998046875,0.501953125,0.50164794921875,0.1865234375,0.501800537109375,0.5,0.5002034505208334,-0.035400390625,0.5001017252604167
421,nested_padding_sham,4,49,True,0.5,00001111,0.99755859375,0.9976806640625,0.41357421875,0.99761962890625,0.50244140625,0.50213623046875,0.201904296875,0.502288818359375,0.5,0.5001627604166666,-0.031494140625,0.5000813802083333
421,nested_padding_sham,5,50,True,0.50048828125,00001111,0.99658203125,0.9962158203125,0.415771484375,0.99639892578125,0.5029296875,0.50323486328125,0.216552734375,0.503082275390625,0.50048828125,0.5008138020833334,-0.026123046875,0.5006510416666667
421,nested_padding_sham,7,52,True,0.50244140625,00001111,0.98974609375,0.989990234375,0.415283203125,0.9898681640625,0.5087890625,0.50958251953125,0.2412109375,0.509185791015625,0.50244140625,0.5028483072916666,-0.018798828125,0.5026448567708333
421,nested_padding_sham,9,54,True,0.503173828125,00001111,0.983154296875,0.98291015625,0.407470703125,0.9830322265625,0.515380859375,0.5169677734375,0.26171875,0.51617431640625,0.503173828125,0.50390625,-0.01025390625,0.5035400390625
421,nested_padding_sham,13,58,True,0.50634765625,00001111,0.95654296875,0.9578857421875,0.423828125,0.95721435546875,0.5380859375,0.5401611328125,0.335693359375,0.53912353515625,0.50634765625,0.5088704427083334,0.023193359375,0.5076090494791667
421,nested_padding_sham,17,62,True,0.522216796875,00001111,0.885986328125,0.88623046875,0.413330078125,0.8861083984375,0.595947265625,0.6029052734375,0.360595703125,0.59942626953125,0.522216796875,0.5271809895833334,0.028564453125,0.5246988932291667
421,nested_padding_sham,24,69,True,0.54443359375,00110111,0.72119140625,0.7230224609375,0.406005859375,0.72210693359375,0.7353515625,0.7415771484375,0.387451171875,0.73846435546875,0.54443359375,0.55078125,0.054931640625,0.547607421875
421,nested_padding_sham,33,78,True,0.53662109375,00110011,0.57421875,0.572021484375,0.407470703125,0.5731201171875,0.859375,0.86187744140625,0.412841796875,0.860626220703125,0.53662109375,0.5418701171875,0.093017578125,0.53924560546875
421,nested_padding_sham,45,90,True,0.523681640625,00110011,0.508056640625,0.509765625,0.3701171875,0.5089111328125,0.973876953125,0.97412109375,0.380126953125,0.9739990234375,0.523681640625,0.5232747395833334,0.08642578125,0.5234781901041667
421,nested_padding_sham,62,107,True,0.5,00110011,0.5,0.5,0.338134765625,0.5,1.0,1.0,0.341796875,1.0,0.5,0.5,0.08056640625,0.5
421,nested_padding_sham,85,130,True,0.50146484375,00110011,0.49951171875,0.499267578125,0.346435546875,0.4993896484375,0.99853515625,0.9981689453125,0.348876953125,0.99835205078125,0.50146484375,0.5013427734375,0.16552734375,0.50140380859375
421,nested_padding_sham,117,162,True,0.5595703125,00110011,0.50439453125,0.504150390625,0.334716796875,0.5042724609375,0.9404296875,0.943359375,0.33984375,0.94189453125,0.5595703125,0.5589192708333334,0.2939453125,0.5592447916666667
421,nested_padding_sham,128,173,True,0.618408203125,00110011,0.494873046875,0.498291015625,0.328369140625,0.49658203125,0.881591796875,0.88232421875,0.33154296875,0.8819580078125,0.618408203125,0.6193440755208334,0.3173828125,0.6188761393229167
421,nested_padding_sham,161,206,True,0.896240234375,01010101,0.489990234375,0.4920654296875,0.29248046875,0.49102783203125,0.603759765625,0.60479736328125,0.297119140625,0.604278564453125,0.896240234375,0.89453125,0.29736328125,0.8953857421875
421,nested_padding_sham,222,267,True,1.0,01010101,0.5,0.5,0.30322265625,0.5,0.5,0.5,0.30615234375,0.5,1.0,1.0,0.3076171875,1.0
421,nested_padding_sham,304,349,True,1.0,01010101,0.5,0.5,0.3017578125,0.5,0.5,0.5,0.30517578125,0.5,1.0,1.0,0.30615234375,1.0
421,nested_padding_sham,418,463,True,1.0,01010101,0.5,0.5,0.30712890625,0.5,0.5,0.5,0.310791015625,0.5,1.0,1.0,0.311767578125,1.0
421,nested_padding_sham,575,620,True,1.0,01010101,0.5,0.5,0.304931640625,0.5,0.5,0.5,0.308349609375,0.5,1.0,1.0,0.3095703125,1.0
421,nested_padding_sham,790,835,True,1.0,01010101,0.5,0.5,0.303955078125,0.5,0.5,0.5,0.307373046875,0.5,1.0,1.0,0.308837890625,1.0
421,nested_padding_sham,1024,1069,True,1.0,01010101,0.5,0.5,0.302734375,0.5,0.5,0.5,0.306396484375,0.5,1.0,1.0,0.30810546875,1.0
431,independent_noop,0,45,True,0.500732421875,00001111,0.996826171875,0.996826171875,0.392333984375,0.996826171875,0.503173828125,0.50262451171875,0.343994140625,0.502899169921875,0.500732421875,0.5,-0.063720703125,0.5003662109375
431,independent_noop,1,46,True,0.5009765625,00001111,0.99560546875,0.9962158203125,0.394287109375,0.99591064453125,0.50439453125,0.50347900390625,0.354248046875,0.503936767578125,0.5009765625,0.500244140625,-0.060791015625,0.5006103515625
431,independent_noop,2,47,True,0.501953125,00001111,0.994140625,0.994140625,0.394287109375,0.994140625,0.505859375,0.5054931640625,0.36083984375,0.50567626953125,0.501953125,0.5008138020833334,-0.05859375,0.5013834635416667
431,independent_noop,3,48,True,0.503173828125,00001111,0.989501953125,0.9893798828125,0.395751953125,0.98944091796875,0.510498046875,0.5107421875,0.368408203125,0.5106201171875,0.503173828125,0.501953125,-0.056884765625,0.5025634765625
431,independent_noop,4,49,True,0.505126953125,00001111,0.980224609375,0.97900390625,0.39599609375,0.9796142578125,0.519775390625,0.51983642578125,0.37548828125,0.519805908203125,0.505126953125,0.5031331380208334,-0.05908203125,0.5041300455729167
431,independent_noop,5,50,True,0.505126953125,00001111,0.964111328125,0.962646484375,0.390625,0.96337890625,0.535888671875,0.53533935546875,0.375,0.535614013671875,0.505126953125,0.5029703776041666,-0.06591796875,0.5040486653645833
431,independent_noop,7,52,True,0.5048828125,00001111,0.9111328125,0.9091796875,0.39111328125,0.91015625,0.5888671875,0.58856201171875,0.381591796875,0.588714599609375,0.5048828125,0.5038248697916666,-0.06005859375,0.5043538411458333
431,independent_noop,9,54,True,0.4970703125,00111111,0.83642578125,0.8338623046875,0.385498046875,0.83514404296875,0.66357421875,0.6607666015625,0.38134765625,0.66217041015625,0.4970703125,0.5019124348958334,-0.0634765625,0.4994913736979167
431,independent_noop,13,58,True,0.501220703125,00110011,0.668701171875,0.6712646484375,0.388427734375,0.66998291015625,0.831298828125,0.82696533203125,0.388427734375,0.829132080078125,0.501220703125,0.5053304036458334,-0.05322265625,0.5032755533854167
431,independent_noop,17,62,True,0.4951171875,00110011,0.5625,0.562744140625,0.38916015625,0.5626220703125,0.93701171875,0.93536376953125,0.389404296875,0.936187744140625,0.4951171875,0.4998372395833333,-0.039794921875,0.49747721354166663
431,independent_noop,24,69,True,0.5,00110011,0.50341796875,0.5032958984375,0.369140625,0.50335693359375,0.99658203125,0.99609375,0.369384765625,0.996337890625,0.5,0.5009765625,-0.04638671875,0.50048828125
431,independent_noop,33,78,True,0.5,00110011,0.5,0.5,0.36279296875,0.5,1.0,1.0,0.36328125,1.0,0.5,0.5,-0.021484375,0.5
431,independent_noop,45,90,True,0.5,00110011,0.5,0.5,0.347412109375,0.5,1.0,1.0,0.347412109375,1.0,0.5,0.5,0.00830078125,0.5
431,independent_noop,62,107,True,0.5,00110011,0.5,0.5,0.343994140625,0.5,1.0,1.0,0.34423828125,1.0,0.5,0.5,0.0703125,0.5
431,independent_noop,85,130,True,0.5,00110011,0.5,0.5,0.344970703125,0.5,1.0,1.0,0.34521484375,1.0,0.5,0.5,0.207275390625,0.5
431,independent_noop,117,162,True,0.51220703125,00110011,0.49267578125,0.4930419921875,0.34619140625,0.49285888671875,0.98779296875,0.98822021484375,0.346435546875,0.988006591796875,0.51220703125,0.5108235677083334,0.323486328125,0.5115152994791667
431,independent_noop,128,173,True,0.55322265625,00110011,0.50634765625,0.5079345703125,0.343994140625,0.50714111328125,0.94677734375,0.94281005859375,0.34423828125,0.944793701171875,0.55322265625,0.5520426432291666,0.337158203125,0.5526326497395833
431,independent_noop,161,206,True,0.971923828125,01010101,0.503173828125,0.5032958984375,0.335205078125,0.50323486328125,0.528076171875,0.52978515625,0.336181640625,0.5289306640625,0.971923828125,0.9721272786458333,0.336181640625,0.9720255533854166
431,independent_noop,222,267,True,1.0,01010101,0.5,0.5,0.335693359375,0.5,0.5,0.5,0.338134765625,0.5,1.0,1.0,0.338623046875,1.0
431,independent_noop,304,349,True,1.0,01010101,0.5,0.5,0.34375,0.5,0.5,0.5,0.345947265625,0.5,1.0,1.0,0.34619140625,1.0
431,independent_noop,418,463,True,1.0,01010101,0.5,0.5,0.3505859375,0.5,0.5,0.5,0.35302734375,0.5,1.0,1.0,0.353271484375,1.0
431,independent_noop,575,620,True,1.0,01010101,0.5,0.5,0.349609375,0.5,0.5,0.5,0.3525390625,0.5,1.0,1.0,0.352783203125,1.0
431,independent_noop,790,835,True,1.0,01010101,0.5,0.5,0.357421875,0.5,0.5,0.5,0.360107421875,0.5,1.0,1.0,0.3603515625,1.0
431,independent_noop,1024,1069,True,1.0,01010101,0.5,0.5,0.35791015625,0.5,0.5,0.5,0.360595703125,0.5,1.0,1.0,0.360595703125,1.0
431,independent_q_restore,0,45,True,0.5,00001111,1.0,0.9998779296875,0.438232421875,0.99993896484375,0.5,0.5,0.25048828125,0.5,0.5,0.5,-0.011962890625,0.5
431,independent_q_restore,1,46,True,0.5,00001111,1.0,0.9998779296875,0.437255859375,0.99993896484375,0.5,0.5,0.259033203125,0.5,0.5,0.5,-0.013916015625,0.5
431,independent_q_restore,2,47,True,0.5,00001111,1.0,0.9998779296875,0.4287109375,0.99993896484375,0.5,0.5,0.266845703125,0.5,0.5,0.5,-0.01806640625,0.5
431,independent_q_restore,3,48,True,0.49951171875,00001111,0.9990234375,0.9993896484375,0.427001953125,0.99920654296875,0.5009765625,0.5006103515625,0.27490234375,0.50079345703125,0.49951171875,0.4998372395833333,-0.020751953125,0.49967447916666663
431,independent_q_restore,4,49,True,0.49951171875,00001111,0.9990234375,0.9989013671875,0.425048828125,0.99896240234375,0.5009765625,0.500732421875,0.279296875,0.5008544921875,0.49951171875,0.4999186197916667,-0.020263671875,0.49971516927083337
431,independent_q_restore,5,50,True,0.500732421875,00001111,0.997802734375,0.99755859375,0.424560546875,0.9976806640625,0.502197265625,0.50201416015625,0.28466796875,0.502105712890625,0.500732421875,0.5008138020833334,-0.02197265625,0.5007731119791667
431,independent_q_restore,7,52,True,0.504638671875,00001111,0.989990234375,0.9893798828125,0.422119140625,0.98968505859375,0.510009765625,0.510009765625,0.29833984375,0.510009765625,0.504638671875,0.5021158854166666,-0.018310546875,0.5033772786458333
431,independent_q_restore,9,54,True,0.5068359375,00001111,0.97216796875,0.9705810546875,0.4169921875,0.97137451171875,0.52734375,0.52801513671875,0.31787109375,0.527679443359375,0.5068359375,0.5034586588541666,-0.01513671875,0.5051472981770833
431,independent_q_restore,13,58,True,0.509033203125,00001111,0.916259765625,0.9112548828125,0.418212890625,0.91375732421875,0.582275390625,0.582763671875,0.365478515625,0.58251953125,0.509033203125,0.5064697265625,0.0048828125,0.50775146484375
431,independent_q_restore,17,62,True,0.521240234375,00000011,0.754638671875,0.7509765625,0.41357421875,0.7528076171875,0.725341796875,0.721923828125,0.390380859375,0.7236328125,0.521240234375,0.5171712239583334,0.016845703125,0.5192057291666667
431,independent_q_restore,24,69,True,0.514404296875,00110011,0.572998046875,0.573974609375,0.4013671875,0.573486328125,0.890380859375,0.8853759765625,0.396728515625,0.88787841796875,0.514404296875,0.515869140625,0.03369140625,0.51513671875
431,independent_q_restore,33,78,True,0.50732421875,00110011,0.5048828125,0.505859375,0.387451171875,0.50537109375,0.9765625,0.9761962890625,0.387451171875,0.97637939453125,0.50732421875,0.5092366536458334,0.0693359375,0.5082804361979167
431,independent_q_restore,45,90,True,0.5,00110011,0.5,0.5,0.363037109375,0.5,1.0,1.0,0.36328125,1.0,0.5,0.5000406901041666,0.11083984375,0.5000203450520833
431,independent_q_restore,62,107,True,0.5,00110011,0.5,0.5,0.3427734375,0.5,1.0,1.0,0.343017578125,1.0,0.5,0.5,0.155517578125,0.5
431,independent_q_restore,85,130,True,0.5,00110011,0.5,0.5,0.36279296875,0.5,1.0,0.99993896484375,0.36328125,0.999969482421875,0.5,0.5,0.29443359375,0.5
431,independent_q_restore,117,162,True,0.570068359375,00110011,0.473876953125,0.474609375,0.3623046875,0.4742431640625,0.929931640625,0.930908203125,0.362548828125,0.930419921875,0.570068359375,0.5668131510416666,0.36083984375,0.5684407552083333
431,independent_q_restore,128,173,True,0.680908203125,00110011,0.507568359375,0.501220703125,0.368408203125,0.50439453125,0.819091796875,0.81451416015625,0.36865234375,0.816802978515625,0.680908203125,0.6812337239583334,0.36865234375,0.6810709635416667
431,independent_q_restore,161,206,True,1.0,01010101,0.5,0.5,0.334228515625,0.5,0.5,0.5,0.334228515625,0.5,1.0,0.9997965494791667,0.334716796875,0.9998982747395834
431,independent_q_restore,222,267,True,1.0,01010101,0.5,0.5,0.353515625,0.5,0.5,0.5,0.35302734375,0.5,1.0,1.0,0.354248046875,1.0
431,independent_q_restore,304,349,True,1.0,01010101,0.5,0.5,0.35986328125,0.5,0.5,0.5,0.358642578125,0.5,1.0,1.0,0.360107421875,1.0
431,independent_q_restore,418,463,True,1.0,01010101,0.5,0.5,0.36181640625,0.5,0.5,0.5,0.360595703125,0.5,1.0,1.0,0.362060546875,1.0
431,independent_q_restore,575,620,True,1.0,01010101,0.5,0.5,0.3623046875,0.5,0.5,0.5,0.36083984375,0.5,1.0,1.0,0.362548828125,1.0
431,independent_q_restore,790,835,True,1.0,01010101,0.5,0.5,0.368408203125,0.5,0.5,0.5,0.366455078125,0.5,1.0,1.0,0.36865234375,1.0
431,independent_q_restore,1024,1069,True,1.0,01010101,0.5,0.5,0.37158203125,0.5,0.5,0.5,0.36962890625,0.5,1.0,1.0,0.371826171875,1.0
431,independent_padding_sham,0,45,True,0.499267578125,00001111,0.991455078125,0.9903564453125,0.407470703125,0.99090576171875,0.508544921875,0.50860595703125,0.31884765625,0.508575439453125,0.499267578125,0.5006103515625,-0.048583984375,0.49993896484375
431,independent_padding_sham,1,46,True,0.498779296875,00001111,0.989501953125,0.9879150390625,0.408935546875,0.98870849609375,0.510498046875,0.5108642578125,0.3330078125,0.51068115234375,0.498779296875,0.5005696614583334,-0.044677734375,0.4996744791666667
431,independent_padding_sham,2,47,True,0.4990234375,00001111,0.98388671875,0.982177734375,0.408447265625,0.9830322265625,0.51611328125,0.5157470703125,0.34423828125,0.51593017578125,0.4990234375,0.5006510416666666,-0.047119140625,0.4998372395833333
431,independent_padding_sham,3,48,True,0.497802734375,00001111,0.972412109375,0.9716796875,0.406982421875,0.9720458984375,0.527587890625,0.52569580078125,0.352294921875,0.526641845703125,0.497802734375,0.5005289713541666,-0.0498046875,0.4991658528645833
431,independent_padding_sham,4,49,True,0.499267578125,00001111,0.958740234375,0.9586181640625,0.405517578125,0.95867919921875,0.541259765625,0.538818359375,0.357177734375,0.5400390625,0.499267578125,0.5008138020833334,-0.049072265625,0.5000406901041667
431,independent_padding_sham,5,50,True,0.50439453125,00001111,0.93798828125,0.937744140625,0.403564453125,0.9378662109375,0.56201171875,0.5589599609375,0.36181640625,0.56048583984375,0.50439453125,0.5032958984375,-0.04931640625,0.50384521484375
431,independent_padding_sham,7,52,True,0.50146484375,00001111,0.8955078125,0.8924560546875,0.398681640625,0.89398193359375,0.6044921875,0.60272216796875,0.37158203125,0.603607177734375,0.50146484375,0.5022786458333334,-0.0517578125,0.5018717447916667
431,independent_padding_sham,9,54,True,0.5,00001111,0.85009765625,0.8450927734375,0.39697265625,0.84759521484375,0.64990234375,0.65045166015625,0.3818359375,0.650177001953125,0.5,0.5016276041666666,-0.049072265625,0.5008138020833333
431,independent_padding_sham,13,58,True,0.50732421875,00110111,0.73193359375,0.73193359375,0.390869140625,0.73193359375,0.76708984375,0.7679443359375,0.38671875,0.76751708984375,0.50732421875,0.5065104166666666,-0.042724609375,0.5069173177083333
431,independent_padding_sham,17,62,True,0.50390625,00110011,0.60302734375,0.6026611328125,0.385986328125,0.60284423828125,0.8935546875,0.89208984375,0.38427734375,0.892822265625,0.50390625,0.5039469401041666,-0.02783203125,0.5039265950520833
431,independent_padding_sham,24,69,True,0.50244140625,00110011,0.5068359375,0.506591796875,0.37548828125,0.5067138671875,0.9931640625,0.99163818359375,0.3759765625,0.992401123046875,0.50244140625,0.5019124348958334,-0.023681640625,0.5021769205729167
431,independent_padding_sham,33,78,True,0.5,00110011,0.5,0.5,0.36767578125,0.5,1.0,1.0,0.3681640625,1.0,0.5,0.5,-0.006103515625,0.5
431,independent_padding_sham,45,90,True,0.5,00110011,0.5,0.5,0.3583984375,0.5,1.0,1.0,0.35888671875,1.0,0.5,0.5,0.024658203125,0.5
431,independent_padding_sham,62,107,True,0.5,00110011,0.5,0.5,0.347412109375,0.5,1.0,1.0,0.347900390625,1.0,0.5,0.5,0.0869140625,0.5
431,independent_padding_sham,85,130,True,0.5,00110011,0.5,0.5,0.35595703125,0.5,1.0,1.0,0.3564453125,1.0,0.5,0.5,0.250244140625,0.5
431,independent_padding_sham,117,162,True,0.515380859375,00110011,0.490478515625,0.491455078125,0.352294921875,0.490966796875,0.984619140625,0.98455810546875,0.352783203125,0.984588623046875,0.515380859375,0.5142415364583334,0.332763671875,0.5148111979166667
431,independent_padding_sham,128,173,True,0.556640625,00110011,0.50341796875,0.5047607421875,0.3427734375,0.50408935546875,0.943359375,0.9407958984375,0.34326171875,0.94207763671875,0.556640625,0.554443359375,0.33447265625,0.5555419921875
431,independent_padding_sham,161,206,True,0.983154296875,01010101,0.501220703125,0.501708984375,0.334716796875,0.50146484375,0.516845703125,0.5181884765625,0.3369140625,0.51751708984375,0.983154296875,0.9825846354166667,0.3369140625,0.9828694661458334
431,independent_padding_sham,222,267,True,1.0,01010101,0.5,0.5,0.342529296875,0.5,0.5,0.5,0.3466796875,0.5,1.0,1.0,0.346923828125,1.0
431,independent_padding_sham,304,349,True,1.0,01010101,0.5,0.5,0.348876953125,0.5,0.5,0.5,0.352783203125,0.5,1.0,1.0,0.35302734375,1.0
431,independent_padding_sham,418,463,True,1.0,01010101,0.5,0.5,0.3544921875,0.5,0.5,0.5,0.35888671875,0.5,1.0,1.0,0.359130859375,1.0
431,independent_padding_sham,575,620,True,1.0,01010101,0.5,0.5,0.359130859375,0.5,0.5,0.5,0.36279296875,0.5,1.0,1.0,0.36328125,1.0
431,independent_padding_sham,790,835,True,1.0,01010101,0.5,0.5,0.364501953125,0.5,0.5,0.5,0.367431640625,0.5,1.0,1.0,0.3681640625,1.0
431,independent_padding_sham,1024,1069,True,1.0,01010101,0.5,0.5,0.364013671875,0.5,0.5,0.5,0.36669921875,0.5,1.0,1.0,0.367431640625,1.0
431,nested_noop,0,45,True,0.5,00001111,1.0,1.0,0.40771484375,1.0,0.5,0.5,0.1630859375,0.5,0.5,0.5,-0.058349609375,0.5
431,nested_noop,1,46,True,0.5,00001111,1.0,1.0,0.4052734375,1.0,0.5,0.5,0.16015625,0.5,0.5,0.5,-0.0615234375,0.5
431,nested_noop,2,47,True,0.5,00001111,1.0,1.0,0.40576171875,1.0,0.5,0.5,0.1708984375,0.5,0.5,0.5,-0.056884765625,0.5
431,nested_noop,3,48,True,0.5,00001111,1.0,1.0,0.409423828125,1.0,0.5,0.5001220703125,0.173583984375,0.50006103515625,0.5,0.5000406901041666,-0.048583984375,0.5000203450520833
431,nested_noop,4,49,True,0.5,00001111,0.99951171875,0.9996337890625,0.40673828125,0.99957275390625,0.50048828125,0.50048828125,0.1796875,0.50048828125,0.5,0.5000813802083334,-0.041259765625,0.5000406901041667
431,nested_noop,5,50,True,0.5,00001111,0.99951171875,0.9993896484375,0.40673828125,0.99945068359375,0.50048828125,0.5006103515625,0.194580078125,0.50054931640625,0.5,0.5000406901041666,-0.029541015625,0.5000203450520833
431,nested_noop,7,52,True,0.501220703125,00001111,0.995849609375,0.9951171875,0.405029296875,0.9954833984375,0.504150390625,0.50439453125,0.237548828125,0.5042724609375,0.501220703125,0.5006917317708334,-0.019287109375,0.5009562174479167
431,nested_noop,9,54,True,0.505859375,00001111,0.984375,0.9840087890625,0.406982421875,0.98419189453125,0.515625,0.5159912109375,0.278076171875,0.51580810546875,0.505859375,0.5025634765625,-0.010009765625,0.50421142578125
431,nested_noop,13,58,True,0.506103515625,00001111,0.948974609375,0.947021484375,0.39990234375,0.947998046875,0.551025390625,0.55084228515625,0.3193359375,0.550933837890625,0.506103515625,0.5041910807291666,-0.00048828125,0.5051472981770833
431,nested_noop,17,62,True,0.51416015625,00001111,0.88623046875,0.885986328125,0.38720703125,0.8861083984375,0.61181640625,0.60791015625,0.33935546875,0.60986328125,0.51416015625,0.5113932291666666,0.00244140625,0.5127766927083333
431,nested_noop,24,69,True,0.535888671875,00010011,0.727783203125,0.7291259765625,0.38818359375,0.72845458984375,0.763916015625,0.76019287109375,0.3759765625,0.762054443359375,0.535888671875,0.5288492838541666,0.029052734375,0.5323689778645833
431,nested_noop,33,78,True,0.522705078125,00110011,0.603759765625,0.603759765625,0.38916015625,0.603759765625,0.891357421875,0.8900146484375,0.389404296875,0.89068603515625,0.522705078125,0.5238444010416666,0.0732421875,0.5232747395833333
431,nested_noop,45,90,True,0.50146484375,00110011,0.501953125,0.5023193359375,0.3544921875,0.50213623046875,0.998046875,0.99755859375,0.355224609375,0.997802734375,0.50146484375,0.5013834635416666,0.0888671875,0.5014241536458333
431,nested_noop,62,107,True,0.5,00110011,0.5,0.5,0.33056640625,0.5,1.0,1.0,0.330810546875,1.0,0.5,0.5,0.14306640625,0.5
431,nested_noop,85,130,True,0.5,00110011,0.5,0.5,0.31591796875,0.5,1.0,1.0,0.31640625,1.0,0.5,0.5,0.24951171875,0.5
431,nested_noop,117,162,True,0.56494140625,00110011,0.494140625,0.492919921875,0.343017578125,0.4935302734375,0.93505859375,0.93408203125,0.34326171875,0.9345703125,0.56494140625,0.5653889973958334,0.34326171875,0.5651652018229167
431,nested_noop,128,173,True,0.731201171875,00110111,0.524169921875,0.52099609375,0.337890625,0.5225830078125,0.768798828125,0.7645263671875,0.338134765625,0.76666259765625,0.731201171875,0.728515625,0.338134765625,0.7298583984375
431,nested_noop,161,206,True,0.999755859375,01010101,0.500244140625,0.5,0.336669921875,0.5001220703125,0.500244140625,0.5001220703125,0.3369140625,0.50018310546875,0.999755859375,0.9998372395833333,0.3369140625,0.9997965494791666
431,nested_noop,222,267,True,1.0,01010101,0.5,0.5,0.347900390625,0.5,0.5,0.5,0.34814453125,0.5,1.0,1.0,0.34814453125,1.0
431,nested_noop,304,349,True,1.0,01010101,0.5,0.5,0.349853515625,0.5,0.5,0.5,0.35009765625,0.5,1.0,1.0,0.35009765625,1.0
431,nested_noop,418,463,True,1.0,01010101,0.5,0.5,0.349609375,0.5,0.5,0.5,0.349853515625,0.5,1.0,1.0,0.349853515625,1.0
431,nested_noop,575,620,True,1.0,01010101,0.5,0.5,0.338623046875,0.5,0.5,0.5,0.3388671875,0.5,1.0,1.0,0.3388671875,1.0
431,nested_noop,790,835,True,1.0,01010101,0.5,0.5,0.330810546875,0.5,0.5,0.5,0.3310546875,0.5,1.0,1.0,0.3310546875,1.0
431,nested_noop,1024,1069,True,1.0,01010101,0.5,0.5,0.322021484375,0.5,0.5,0.5,0.322265625,0.5,1.0,1.0,0.322265625,1.0
431,nested_q_transplant,0,45,True,0.500244140625,00001111,0.999755859375,0.9998779296875,0.392333984375,0.99981689453125,0.500244140625,0.50018310546875,0.235595703125,0.500213623046875,0.500244140625,0.5001627604166666,-0.079345703125,0.5002034505208333
431,nested_q_transplant,1,46,True,0.5,00001111,1.0,1.0,0.388916015625,1.0,0.5,0.5,0.237548828125,0.5,0.5,0.5,-0.087158203125,0.5
431,nested_q_transplant,2,47,True,0.50048828125,00001111,0.99951171875,0.99951171875,0.38916015625,0.99951171875,0.50048828125,0.50048828125,0.239990234375,0.50048828125,0.50048828125,0.500244140625,-0.080322265625,0.5003662109375
431,nested_q_transplant,3,48,True,0.500244140625,00001111,0.999267578125,0.999267578125,0.39111328125,0.999267578125,0.500732421875,0.50079345703125,0.255859375,0.500762939453125,0.500244140625,0.5,-0.070068359375,0.5001220703125
431,nested_q_transplant,4,49,True,0.5009765625,00001111,0.99853515625,0.998291015625,0.3935546875,0.9984130859375,0.50146484375,0.501953125,0.2734375,0.501708984375,0.5009765625,0.5006103515625,-0.06396484375,0.50079345703125
431,nested_q_transplant,5,50,True,0.500732421875,00001111,0.994384765625,0.9942626953125,0.389404296875,0.99432373046875,0.505615234375,0.50537109375,0.2841796875,0.5054931640625,0.500732421875,0.5007731119791666,-0.0615234375,0.5007527669270833
431,nested_q_transplant,7,52,True,0.505126953125,00001111,0.981201171875,0.9808349609375,0.38720703125,0.98101806640625,0.518798828125,0.51904296875,0.31298828125,0.5189208984375,0.505126953125,0.5022379557291666,-0.0458984375,0.5036824544270833
431,nested_q_transplant,9,54,True,0.5048828125,00001111,0.94970703125,0.9501953125,0.3818359375,0.949951171875,0.55029296875,0.54986572265625,0.336669921875,0.550079345703125,0.5048828125,0.5025634765625,-0.048828125,0.50372314453125
431,nested_q_transplant,13,58,True,0.5087890625,00001111,0.88818359375,0.886474609375,0.368896484375,0.8873291015625,0.61181640625,0.61053466796875,0.35205078125,0.611175537109375,0.5087890625,0.5071207682291666,-0.05517578125,0.5079549153645833
431,nested_q_transplant,17,62,True,0.5126953125,00011111,0.7802734375,0.7808837890625,0.36669921875,0.78057861328125,0.7197265625,0.71881103515625,0.361328125,0.719268798828125,0.5126953125,0.5132649739583334,-0.0546875,0.5129801432291667
431,nested_q_transplant,24,69,True,0.50341796875,00110011,0.60009765625,0.603271484375,0.35986328125,0.6016845703125,0.8994140625,0.897216796875,0.361083984375,0.8983154296875,0.50341796875,0.5068359375,-0.0341796875,0.505126953125
431,nested_q_transplant,33,78,True,0.50537109375,00110011,0.5126953125,0.513916015625,0.345458984375,0.5133056640625,0.9873046875,0.985595703125,0.346435546875,0.9864501953125,0.50537109375,0.5052897135416666,-0.012939453125,0.5053304036458333
431,nested_q_transplant,45,90,True,0.5,00110011,0.5,0.5,0.3232421875,0.5,1.0,1.0,0.3232421875,1.0,0.5,0.5,0.040771484375,0.5
431,nested_q_transplant,62,107,True,0.5,00110011,0.5,0.5,0.3203125,0.5,1.0,1.0,0.321044921875,1.0,0.5,0.5,0.115478515625,0.5
431,nested_q_transplant,85,130,True,0.5,00110011,0.5,0.5,0.318359375,0.5,1.0,1.0,0.318359375,1.0,0.5,0.5,0.237060546875,0.5
431,nested_q_transplant,117,162,True,0.520263671875,00110011,0.495361328125,0.4967041015625,0.31591796875,0.49603271484375,0.979736328125,0.9796142578125,0.316650390625,0.97967529296875,0.520263671875,0.5189615885416666,0.310791015625,0.5196126302083333
431,nested_q_transplant,128,173,True,0.63525390625,00110011,0.505859375,0.5091552734375,0.31494140625,0.50750732421875,0.86474609375,0.86492919921875,0.3154296875,0.864837646484375,0.63525390625,0.6312662760416666,0.313232421875,0.6332600911458333
431,nested_q_transplant,161,206,True,0.994140625,01010101,0.4990234375,0.4991455078125,0.321044921875,0.49908447265625,0.505859375,0.505126953125,0.322021484375,0.5054931640625,0.994140625,0.9945882161458333,0.322021484375,0.9943644205729166
431,nested_q_transplant,222,267,True,1.0,01010101,0.5,0.5,0.318603515625,0.5,0.5,0.5,0.319091796875,0.5,1.0,1.0,0.319091796875,1.0
431,nested_q_transplant,304,349,True,1.0,01010101,0.5,0.5,0.323486328125,0.5,0.5,0.5,0.324462890625,0.5,1.0,1.0,0.324462890625,1.0
431,nested_q_transplant,418,463,True,1.0,01010101,0.5,0.5,0.327392578125,0.5,0.5,0.5,0.328369140625,0.5,1.0,1.0,0.328369140625,1.0
431,nested_q_transplant,575,620,True,1.0,01010101,0.5,0.5,0.323974609375,0.5,0.5,0.5,0.324951171875,0.5,1.0,1.0,0.324951171875,1.0
431,nested_q_transplant,790,835,True,1.0,01010101,0.5,0.5,0.325439453125,0.5,0.5,0.5,0.326171875,0.5,1.0,1.0,0.326171875,1.0
431,nested_q_transplant,1024,1069,True,1.0,01010101,0.5,0.5,0.32421875,0.5,0.5,0.5,0.3251953125,0.5,1.0,1.0,0.3251953125,1.0
431,nested_padding_sham,0,45,True,0.5,00001111,1.0,1.0,0.413330078125,1.0,0.5,0.50006103515625,0.158447265625,0.500030517578125,0.5,0.5000406901041666,-0.049560546875,0.5000203450520833
431,nested_padding_sham,1,46,True,0.5,00001111,1.0,1.0,0.4140625,1.0,0.5,0.5,0.159912109375,0.5,0.5,0.5,-0.05419921875,0.5
431,nested_padding_sham,2,47,True,0.500244140625,00001111,0.999755859375,0.9998779296875,0.415771484375,0.99981689453125,0.500244140625,0.5003662109375,0.164794921875,0.50030517578125,0.500244140625,0.5002034505208334,-0.048828125,0.5002237955729167
431,nested_padding_sham,3,48,True,0.5,00001111,0.99951171875,0.999755859375,0.416259765625,0.9996337890625,0.50048828125,0.50067138671875,0.173095703125,0.500579833984375,0.5,0.5001220703125,-0.0419921875,0.50006103515625
431,nested_padding_sham,4,49,True,0.50048828125,00001111,0.99853515625,0.9990234375,0.415771484375,0.998779296875,0.50146484375,0.50152587890625,0.17919921875,0.501495361328125,0.50048828125,0.5005696614583334,-0.032470703125,0.5005289713541667
431,nested_padding_sham,5,50,True,0.500244140625,00001111,0.997314453125,0.9979248046875,0.419677734375,0.99761962890625,0.502685546875,0.5025634765625,0.19970703125,0.50262451171875,0.500244140625,0.500732421875,-0.025390625,0.50048828125
431,nested_padding_sham,7,52,True,0.50244140625,00001111,0.9931640625,0.9930419921875,0.414794921875,0.99310302734375,0.5068359375,0.5072021484375,0.223876953125,0.50701904296875,0.50244140625,0.5017496744791666,-0.015380859375,0.5020955403645833
431,nested_padding_sham,9,54,True,0.505126953125,00001111,0.981201171875,0.9815673828125,0.408203125,0.98138427734375,0.518798828125,0.5179443359375,0.2421875,0.51837158203125,0.505126953125,0.5032145182291666,-0.0107421875,0.5041707356770833
431,nested_padding_sham,13,58,True,0.5087890625,00001111,0.95068359375,0.952880859375,0.392578125,0.9517822265625,0.54931640625,0.5482177734375,0.28564453125,0.54876708984375,0.5087890625,0.5049235026041666,-0.00341796875,0.5068562825520833
431,nested_padding_sham,17,62,True,0.518798828125,00001111,0.899169921875,0.896728515625,0.391845703125,0.89794921875,0.599853515625,0.5977783203125,0.322509765625,0.59881591796875,0.518798828125,0.5142008463541666,0.0068359375,0.5164998372395833
431,nested_padding_sham,24,69,True,0.529296875,00010111,0.73779296875,0.7359619140625,0.38232421875,0.73687744140625,0.75439453125,0.75238037109375,0.359619140625,0.753387451171875,0.529296875,0.5260416666666666,0.022705078125,0.5276692708333333
431,nested_padding_sham,33,78,True,0.530029296875,00110011,0.611083984375,0.6123046875,0.39306640625,0.6116943359375,0.878662109375,0.8739013671875,0.392333984375,0.87628173828125,0.530029296875,0.5298258463541666,0.0634765625,0.5299275716145833
431,nested_padding_sham,45,90,True,0.5048828125,00110011,0.5087890625,0.509765625,0.3681640625,0.50927734375,0.99072265625,0.99017333984375,0.368896484375,0.990447998046875,0.5048828125,0.5048014322916666,0.099365234375,0.5048421223958333
431,nested_padding_sham,62,107,True,0.5,00110011,0.5,0.5,0.3251953125,0.5,1.0,1.0,0.325927734375,1.0,0.5,0.5,0.13916015625,0.5
431,nested_padding_sham,85,130,True,0.5,00110011,0.5,0.5,0.32275390625,0.5,1.0,1.0,0.3232421875,1.0,0.5,0.5,0.2529296875,0.5
431,nested_padding_sham,117,162,True,0.56298828125,00110011,0.4931640625,0.490234375,0.354736328125,0.49169921875,0.93701171875,0.93609619140625,0.355712890625,0.936553955078125,0.56298828125,0.5628255208333334,0.355712890625,0.5629069010416667
431,nested_padding_sham,128,173,True,0.720458984375,00110111,0.524658203125,0.5228271484375,0.356689453125,0.52374267578125,0.779541015625,0.7777099609375,0.358154296875,0.77862548828125,0.720458984375,0.7156168619791666,0.358154296875,0.7180379231770833
431,nested_padding_sham,161,206,True,1.0,01010101,0.5,0.4998779296875,0.360595703125,0.49993896484375,0.5,0.5,0.361083984375,0.5,1.0,0.9999593098958333,0.361083984375,0.9999796549479166
431,nested_padding_sham,222,267,True,1.0,01010101,0.5,0.5,0.375,0.5,0.5,0.5,0.375244140625,0.5,1.0,1.0,0.375244140625,1.0
431,nested_padding_sham,304,349,True,1.0,01010101,0.5,0.5,0.37451171875,0.5,0.5,0.5,0.374755859375,0.5,1.0,1.0,0.374755859375,1.0
431,nested_padding_sham,418,463,True,1.0,01010101,0.5,0.5,0.373291015625,0.5,0.5,0.5,0.37353515625,0.5,1.0,1.0,0.37353515625,1.0
431,nested_padding_sham,575,620,True,1.0,01010101,0.5,0.5,0.37158203125,0.5,0.5,0.5,0.3720703125,0.5,1.0,1.0,0.3720703125,1.0
431,nested_padding_sham,790,835,True,1.0,01010101,0.5,0.5,0.37255859375,0.5,0.5,0.5,0.373046875,0.5,1.0,1.0,0.373046875,1.0
431,nested_padding_sham,1024,1069,True,1.0,01010101,0.5,0.5,0.366455078125,0.5,0.5,0.5,0.366943359375,0.5,1.0,1.0,0.366943359375,1.0
433,independent_noop,0,45,True,0.50146484375,00001111,0.99462890625,0.994873046875,0.387939453125,0.9947509765625,0.50537109375,0.50579833984375,0.365966796875,0.505584716796875,0.50146484375,0.5008544921875,-0.103759765625,0.50115966796875
433,independent_noop,1,46,True,0.50048828125,00001111,0.9921875,0.9925537109375,0.38525390625,0.99237060546875,0.5078125,0.5086669921875,0.3681640625,0.50823974609375,0.50048828125,0.4999593098958333,-0.1064453125,0.5002237955729166
433,independent_noop,2,47,True,0.50048828125,00001111,0.990234375,0.99072265625,0.382080078125,0.990478515625,0.509765625,0.51055908203125,0.36865234375,0.510162353515625,0.50048828125,0.5000813802083334,-0.105712890625,0.5002848307291667
433,independent_noop,3,48,True,0.50146484375,00001111,0.98486328125,0.985107421875,0.38134765625,0.9849853515625,0.51513671875,0.51544189453125,0.370849609375,0.515289306640625,0.50146484375,0.5008544921875,-0.106689453125,0.50115966796875
433,independent_noop,4,49,True,0.502685546875,00001111,0.977783203125,0.9776611328125,0.379638671875,0.97772216796875,0.522216796875,0.522216796875,0.37060546875,0.522216796875,0.502685546875,0.501708984375,-0.109619140625,0.502197265625
433,independent_noop,5,50,True,0.501953125,00001111,0.96728515625,0.9674072265625,0.375732421875,0.96734619140625,0.53271484375,0.53314208984375,0.369140625,0.532928466796875,0.501953125,0.5011393229166666,-0.113525390625,0.5015462239583333
433,independent_noop,7,52,True,0.50390625,00001111,0.93896484375,0.9378662109375,0.376708984375,0.93841552734375,0.56103515625,0.56219482421875,0.373779296875,0.561614990234375,0.50390625,0.5025634765625,-0.10595703125,0.50323486328125
433,independent_noop,9,54,True,0.508056640625,00001111,0.884033203125,0.8822021484375,0.374267578125,0.88311767578125,0.615966796875,0.61541748046875,0.373291015625,0.615692138671875,0.508056640625,0.5072835286458334,-0.100341796875,0.5076700846354167
433,independent_noop,13,58,True,0.509033203125,00111111,0.721435546875,0.7171630859375,0.367431640625,0.71929931640625,0.777587890625,0.7752685546875,0.3681640625,0.77642822265625,0.509033203125,0.5084228515625,-0.099609375,0.50872802734375
433,independent_noop,17,62,True,0.509521484375,00110011,0.599365234375,0.598388671875,0.359375,0.598876953125,0.899169921875,0.89642333984375,0.361572265625,0.897796630859375,0.509521484375,0.5061848958333334,-0.10107421875,0.5078531901041667
433,independent_noop,24,69,True,0.499267578125,00110011,0.513427734375,0.5135498046875,0.3447265625,0.51348876953125,0.986572265625,0.984375,0.3505859375,0.9854736328125,0.499267578125,0.5009358723958334,-0.089599609375,0.5001017252604167
433,independent_noop,33,78,True,0.5,00110011,0.5,0.5,0.340576171875,0.5,1.0,1.0,0.346923828125,1.0,0.5,0.5000406901041666,-0.071044921875,0.5000203450520833
433,independent_noop,45,90,True,0.5,00110011,0.5,0.5,0.341064453125,0.5,1.0,1.0,0.34423828125,1.0,0.5,0.5,-0.031005859375,0.5
433,independent_noop,62,107,True,0.5,00110011,0.5,0.5,0.335693359375,0.5,1.0,1.0,0.338134765625,1.0,0.5,0.5,-0.0078125,0.5
433,independent_noop,85,130,True,0.500732421875,00110011,0.499267578125,0.499267578125,0.329833984375,0.499267578125,0.999267578125,0.99884033203125,0.334716796875,0.999053955078125,0.500732421875,0.5011393229166666,0.0234375,0.5009358723958333
433,independent_noop,117,162,True,0.5205078125,00110011,0.5029296875,0.503662109375,0.31982421875,0.5032958984375,0.9794921875,0.978515625,0.32666015625,0.97900390625,0.5205078125,0.521484375,0.072265625,0.52099609375
433,independent_noop,128,173,True,0.557861328125,00110011,0.499267578125,0.499267578125,0.29638671875,0.499267578125,0.942138671875,0.94171142578125,0.305419921875,0.941925048828125,0.557861328125,0.5576985677083334,0.096435546875,0.5577799479166667
433,independent_noop,161,206,True,0.65869140625,00110011,0.51416015625,0.5133056640625,0.29931640625,0.51373291015625,0.84130859375,0.84295654296875,0.307373046875,0.842132568359375,0.65869140625,0.6572265625,0.24853515625,0.657958984375
433,independent_noop,222,267,True,0.99560546875,01010101,0.5,0.5001220703125,0.298583984375,0.50006103515625,0.50439453125,0.50439453125,0.3125,0.50439453125,0.99560546875,0.9957682291666667,0.31298828125,0.9956868489583334
433,independent_noop,304,349,True,1.0,01010101,0.5,0.5,0.31591796875,0.5,0.5,0.5,0.3291015625,0.5,1.0,1.0,0.32958984375,1.0
433,independent_noop,418,463,True,1.0,01010101,0.5,0.5,0.316162109375,0.5,0.5,0.5,0.3291015625,0.5,1.0,1.0,0.330322265625,1.0
433,independent_noop,575,620,True,1.0,01010101,0.5,0.5,0.312255859375,0.5,0.5,0.5,0.32470703125,0.5,1.0,1.0,0.326171875,1.0
433,independent_noop,790,835,True,1.0,01010101,0.5,0.5,0.310546875,0.5,0.5,0.5,0.32275390625,0.5,1.0,1.0,0.32421875,1.0
433,independent_noop,1024,1069,True,1.0,01010101,0.5,0.5,0.31005859375,0.5,0.5,0.5,0.3203125,0.5,1.0,1.0,0.322021484375,1.0
433,independent_q_restore,0,45,True,0.5,00001111,0.99951171875,0.9991455078125,0.404052734375,0.99932861328125,0.50048828125,0.50054931640625,0.275634765625,0.500518798828125,0.5,0.5000813802083334,-0.072509765625,0.5000406901041667
433,independent_q_restore,1,46,True,0.5,00001111,0.99951171875,0.9990234375,0.404052734375,0.999267578125,0.50048828125,0.5006103515625,0.276611328125,0.50054931640625,0.5,0.5002848307291666,-0.070068359375,0.5001424153645833
433,independent_q_restore,2,47,True,0.5,00001111,0.99951171875,0.9991455078125,0.39990234375,0.99932861328125,0.50048828125,0.50054931640625,0.28369140625,0.500518798828125,0.5,0.5001220703125,-0.073974609375,0.50006103515625
433,independent_q_restore,3,48,True,0.5,00001111,0.9990234375,0.998779296875,0.405029296875,0.9989013671875,0.5009765625,0.5008544921875,0.2978515625,0.50091552734375,0.5,0.4999593098958333,-0.067138671875,0.49997965494791663
433,independent_q_restore,4,49,True,0.500244140625,00001111,0.998291015625,0.998291015625,0.409423828125,0.998291015625,0.501708984375,0.50164794921875,0.315673828125,0.501678466796875,0.500244140625,0.4998372395833333,-0.06884765625,0.5000406901041666
433,independent_q_restore,5,50,True,0.501220703125,00001111,0.996826171875,0.9971923828125,0.40576171875,0.99700927734375,0.503173828125,0.502685546875,0.3212890625,0.5029296875,0.501220703125,0.5004069010416666,-0.0732421875,0.5008138020833333
433,independent_q_restore,7,52,True,0.501708984375,00001111,0.994873046875,0.994873046875,0.40380859375,0.994873046875,0.505126953125,0.50531005859375,0.332763671875,0.505218505859375,0.501708984375,0.5008544921875,-0.070556640625,0.50128173828125
433,independent_q_restore,9,54,True,0.5029296875,00001111,0.9892578125,0.9886474609375,0.398681640625,0.98895263671875,0.5107421875,0.51080322265625,0.344970703125,0.510772705078125,0.5029296875,0.5009765625,-0.06884765625,0.501953125
433,independent_q_restore,13,58,True,0.5029296875,00001111,0.939453125,0.9368896484375,0.391357421875,0.93817138671875,0.55322265625,0.555419921875,0.36572265625,0.5543212890625,0.5029296875,0.5054117838541666,-0.061279296875,0.5041707356770833
433,independent_q_restore,17,62,True,0.509765625,00111111,0.80517578125,0.8087158203125,0.371337890625,0.80694580078125,0.6689453125,0.66693115234375,0.360595703125,0.667938232421875,0.509765625,0.5104573567708334,-0.054931640625,0.5101114908854167
433,independent_q_restore,24,69,True,0.517333984375,00110011,0.610107421875,0.6092529296875,0.348876953125,0.60968017578125,0.850341796875,0.8494873046875,0.3515625,0.84991455078125,0.517333984375,0.51806640625,-0.05810546875,0.5177001953125
433,independent_q_restore,33,78,True,0.51025390625,00110011,0.498046875,0.5042724609375,0.337890625,0.50115966796875,0.9541015625,0.95416259765625,0.342529296875,0.954132080078125,0.51025390625,0.5119222005208334,-0.04248046875,0.5110880533854167
433,independent_q_restore,45,90,True,0.50341796875,00110011,0.498046875,0.4991455078125,0.330322265625,0.49859619140625,0.99560546875,0.99578857421875,0.335693359375,0.995697021484375,0.50341796875,0.5033772786458334,-0.023193359375,0.5033976236979167
433,independent_q_restore,62,107,True,0.5,00110011,0.5,0.5,0.344970703125,0.5,1.0,1.0,0.351318359375,1.0,0.5,0.5,0.015380859375,0.5
433,independent_q_restore,85,130,True,0.500732421875,00110011,0.499267578125,0.4993896484375,0.333740234375,0.49932861328125,0.999267578125,0.9989013671875,0.33935546875,0.99908447265625,0.500732421875,0.5009358723958334,0.04931640625,0.5008341471354167
433,independent_q_restore,117,162,True,0.53564453125,00110011,0.50146484375,0.5025634765625,0.317626953125,0.50201416015625,0.96435546875,0.96343994140625,0.32080078125,0.963897705078125,0.53564453125,0.5364583333333334,0.1435546875,0.5360514322916667
433,independent_q_restore,128,173,True,0.561279296875,00110011,0.501708984375,0.5018310546875,0.292236328125,0.50177001953125,0.938720703125,0.9390869140625,0.299072265625,0.93890380859375,0.561279296875,0.5607503255208334,0.164794921875,0.5610148111979167
433,independent_q_restore,161,206,True,0.706298828125,00010011,0.519287109375,0.5146484375,0.28369140625,0.5169677734375,0.793701171875,0.795654296875,0.2958984375,0.794677734375,0.706298828125,0.7014567057291666,0.255615234375,0.7038777669270833
433,independent_q_restore,222,267,True,0.99853515625,01010101,0.5,0.5001220703125,0.2978515625,0.50006103515625,0.50146484375,0.501953125,0.302978515625,0.501708984375,0.99853515625,0.9981282552083333,0.304443359375,0.9983317057291666
433,independent_q_restore,304,349,True,1.0,01010101,0.5,0.5,0.304931640625,0.5,0.5,0.5,0.308349609375,0.5,1.0,1.0,0.312255859375,1.0
433,independent_q_restore,418,463,True,1.0,01010101,0.5,0.5,0.300537109375,0.5,0.5,0.5,0.304443359375,0.5,1.0,1.0,0.30859375,1.0
433,independent_q_restore,575,620,True,1.0,01010101,0.5,0.5,0.297607421875,0.5,0.5,0.5,0.302001953125,0.5,1.0,1.0,0.306640625,1.0
433,independent_q_restore,790,835,True,1.0,01010101,0.5,0.5,0.293212890625,0.5,0.5,0.5,0.2978515625,0.5,1.0,1.0,0.30322265625,1.0
433,independent_q_restore,1024,1069,True,1.0,01010101,0.5,0.5,0.2939453125,0.5,0.5,0.5,0.2998046875,0.5,1.0,1.0,0.305419921875,1.0
433,independent_padding_sham,0,45,True,0.501220703125,00001111,0.980712890625,0.9810791015625,0.392578125,0.98089599609375,0.519287109375,0.51947021484375,0.34619140625,0.519378662109375,0.501220703125,0.5013427734375,-0.084228515625,0.50128173828125
433,independent_padding_sham,1,46,True,0.50341796875,00001111,0.974609375,0.97607421875,0.392578125,0.975341796875,0.525390625,0.525390625,0.348388671875,0.525390625,0.50341796875,0.5015869140625,-0.087890625,0.50250244140625
433,independent_padding_sham,2,47,True,0.503173828125,00001111,0.970947265625,0.9716796875,0.392822265625,0.9713134765625,0.529052734375,0.52935791015625,0.356201171875,0.529205322265625,0.503173828125,0.5008544921875,-0.0908203125,0.50201416015625
433,independent_padding_sham,3,48,True,0.503173828125,00001111,0.966064453125,0.965576171875,0.38916015625,0.9658203125,0.533935546875,0.53509521484375,0.357177734375,0.534515380859375,0.503173828125,0.5010986328125,-0.091552734375,0.50213623046875
433,independent_padding_sham,4,49,True,0.50244140625,00001111,0.955078125,0.9569091796875,0.38720703125,0.95599365234375,0.544921875,0.54461669921875,0.359619140625,0.544769287109375,0.50244140625,0.5013020833333334,-0.094482421875,0.5018717447916667
433,independent_padding_sham,5,50,True,0.502685546875,00001111,0.946044921875,0.9464111328125,0.384521484375,0.94622802734375,0.553955078125,0.55450439453125,0.36083984375,0.554229736328125,0.502685546875,0.5022786458333334,-0.0947265625,0.5024820963541667
433,independent_padding_sham,7,52,True,0.497802734375,00001111,0.918701171875,0.9197998046875,0.38720703125,0.91925048828125,0.581298828125,0.5802001953125,0.373291015625,0.58074951171875,0.497802734375,0.5015462239583334,-0.08447265625,0.4996744791666667
433,independent_padding_sham,9,54,True,0.497802734375,00001111,0.884521484375,0.8822021484375,0.376953125,0.88336181640625,0.615478515625,0.6158447265625,0.368408203125,0.61566162109375,0.497802734375,0.504150390625,-0.090576171875,0.5009765625
433,independent_padding_sham,13,58,True,0.5029296875,00111111,0.7626953125,0.76318359375,0.3662109375,0.762939453125,0.73681640625,0.734375,0.36572265625,0.735595703125,0.5029296875,0.5062662760416666,-0.092529296875,0.5045979817708333
433,independent_padding_sham,17,62,True,0.508544921875,00110011,0.652099609375,0.6444091796875,0.35693359375,0.64825439453125,0.846923828125,0.8486328125,0.3603515625,0.8477783203125,0.508544921875,0.5069173177083334,-0.099853515625,0.5077311197916667
433,independent_padding_sham,24,69,True,0.5009765625,00110011,0.53076171875,0.52783203125,0.33935546875,0.529296875,0.96533203125,0.96527099609375,0.345703125,0.965301513671875,0.5009765625,0.5017496744791666,-0.093017578125,0.5013631184895833
433,independent_padding_sham,33,78,True,0.50048828125,00110011,0.5009765625,0.5009765625,0.3427734375,0.5009765625,0.99853515625,0.99871826171875,0.349365234375,0.998626708984375,0.50048828125,0.5003255208333334,-0.0576171875,0.5004069010416667
433,independent_padding_sham,45,90,True,0.5,00110011,0.5,0.5,0.343505859375,0.5,1.0,1.0,0.347412109375,1.0,0.5,0.5,-0.02197265625,0.5
433,independent_padding_sham,62,107,True,0.5,00110011,0.5,0.5,0.341552734375,0.5,1.0,1.0,0.34423828125,1.0,0.5,0.5,-0.01318359375,0.5
433,independent_padding_sham,85,130,True,0.5009765625,00110011,0.4990234375,0.4991455078125,0.328125,0.49908447265625,0.9990234375,0.99859619140625,0.3349609375,0.998809814453125,0.5009765625,0.5011800130208334,0.015625,0.5010782877604167
433,independent_padding_sham,117,162,True,0.51708984375,00110011,0.50048828125,0.5006103515625,0.321044921875,0.50054931640625,0.98291015625,0.9798583984375,0.326416015625,0.98138427734375,0.51708984375,0.5189208984375,0.08935546875,0.51800537109375
433,independent_padding_sham,128,173,True,0.5576171875,00110011,0.49853515625,0.4990234375,0.298583984375,0.498779296875,0.94189453125,0.94189453125,0.307861328125,0.94189453125,0.5576171875,0.557373046875,0.120849609375,0.5574951171875
433,independent_padding_sham,161,206,True,0.638916015625,00110011,0.513916015625,0.5120849609375,0.31298828125,0.51300048828125,0.861083984375,0.8616943359375,0.322509765625,0.86138916015625,0.638916015625,0.6388753255208334,0.30224609375,0.6388956705729167
433,independent_padding_sham,222,267,True,0.999755859375,01010101,0.499755859375,0.499755859375,0.304443359375,0.499755859375,0.500244140625,0.50054931640625,0.31298828125,0.500396728515625,0.999755859375,0.9995930989583333,0.31396484375,0.9996744791666666
433,independent_padding_sham,304,349,True,1.0,01010101,0.5,0.5,0.317138671875,0.5,0.5,0.5,0.324951171875,0.5,1.0,1.0,0.326171875,1.0
433,independent_padding_sham,418,463,True,1.0,01010101,0.5,0.5,0.32763671875,0.5,0.5,0.5,0.33447265625,0.5,1.0,1.0,0.335205078125,1.0
433,independent_padding_sham,575,620,True,1.0,01010101,0.5,0.5,0.3251953125,0.5,0.5,0.5,0.332275390625,0.5,1.0,1.0,0.3330078125,1.0
433,independent_padding_sham,790,835,True,1.0,01010101,0.5,0.5,0.33349609375,0.5,0.5,0.5,0.3408203125,0.5,1.0,1.0,0.34130859375,1.0
433,independent_padding_sham,1024,1069,True,1.0,01010101,0.5,0.5,0.333984375,0.5,0.5,0.5,0.3408203125,0.5,1.0,1.0,0.341552734375,1.0
433,nested_noop,0,45,True,0.5,00001111,1.0,1.0,0.38818359375,1.0,0.5,0.5,0.170166015625,0.5,0.5,0.5,-0.0869140625,0.5
433,nested_noop,1,46,True,0.5,00001111,1.0,1.0,0.39013671875,1.0,0.5,0.5,0.183837890625,0.5,0.5,0.5,-0.0888671875,0.5
433,nested_noop,2,47,True,0.5,00001111,1.0,1.0,0.39013671875,1.0,0.5,0.5,0.201171875,0.5,0.5,0.5,-0.087158203125,0.5
433,nested_noop,3,48,True,0.5,00001111,1.0,1.0,0.39208984375,1.0,0.5,0.50006103515625,0.217529296875,0.500030517578125,0.5,0.5000406901041666,-0.084228515625,0.5000203450520833
433,nested_noop,4,49,True,0.5,00001111,1.0,0.9998779296875,0.392333984375,0.99993896484375,0.5,0.5001220703125,0.22607421875,0.50006103515625,0.5,0.4999593098958333,-0.08642578125,0.49997965494791663
433,nested_noop,5,50,True,0.499755859375,00001111,0.999755859375,0.99951171875,0.388916015625,0.9996337890625,0.500244140625,0.50030517578125,0.23876953125,0.500274658203125,0.499755859375,0.4999186197916667,-0.086669921875,0.49983723958333337
433,nested_noop,7,52,True,0.500244140625,00001111,0.998779296875,0.9981689453125,0.386962890625,0.99847412109375,0.501220703125,0.501708984375,0.26806640625,0.50146484375,0.500244140625,0.500244140625,-0.0888671875,0.500244140625
433,nested_noop,9,54,True,0.5009765625,00001111,0.9951171875,0.9940185546875,0.39111328125,0.99456787109375,0.5048828125,0.50531005859375,0.29052734375,0.505096435546875,0.5009765625,0.5009358723958334,-0.0830078125,0.5009562174479167
433,nested_noop,13,58,True,0.506591796875,00001111,0.968994140625,0.969970703125,0.384521484375,0.969482421875,0.530517578125,0.52972412109375,0.324462890625,0.530120849609375,0.506591796875,0.5060221354166666,-0.081298828125,0.5063069661458333
433,nested_noop,17,62,True,0.51171875,00001111,0.90771484375,0.9046630859375,0.381103515625,0.90618896484375,0.58935546875,0.59063720703125,0.350341796875,0.589996337890625,0.51171875,0.5111897786458334,-0.076904296875,0.5114542643229167
433,nested_noop,24,69,True,0.517578125,00000011,0.76318359375,0.75830078125,0.36865234375,0.7607421875,0.73388671875,0.73101806640625,0.3623046875,0.732452392578125,0.517578125,0.5149739583333334,-0.077392578125,0.5162760416666667
433,nested_noop,33,78,True,0.509765625,00110011,0.5869140625,0.5858154296875,0.347412109375,0.58636474609375,0.91015625,0.90911865234375,0.35595703125,0.909637451171875,0.509765625,0.5100911458333334,-0.0908203125,0.5099283854166667
433,nested_noop,45,90,True,0.500244140625,00110011,0.507568359375,0.508544921875,0.326416015625,0.508056640625,0.992431640625,0.9915771484375,0.3330078125,0.99200439453125,0.500244140625,0.5018310546875,-0.07666015625,0.50103759765625
433,nested_noop,62,107,True,0.5,00110011,0.5,0.5,0.3466796875,0.5,1.0,1.0,0.350341796875,1.0,0.5,0.5,0.00537109375,0.5
433,nested_noop,85,130,True,0.500732421875,00110011,0.499267578125,0.4993896484375,0.34228515625,0.49932861328125,0.999267578125,0.999267578125,0.34375,0.999267578125,0.500732421875,0.500732421875,0.047119140625,0.500732421875
433,nested_noop,117,162,True,0.517333984375,00110011,0.505615234375,0.5050048828125,0.3125,0.50531005859375,0.982666015625,0.9813232421875,0.314208984375,0.98199462890625,0.517333984375,0.518798828125,0.13671875,0.51806640625
433,nested_noop,128,173,True,0.557373046875,00110011,0.500244140625,0.5006103515625,0.28515625,0.50042724609375,0.942626953125,0.94219970703125,0.287841796875,0.942413330078125,0.557373046875,0.5575764973958334,0.161376953125,0.5574747721354167
433,nested_noop,161,206,True,0.7060546875,00010011,0.51513671875,0.5128173828125,0.259765625,0.51397705078125,0.7939453125,0.79620361328125,0.26123046875,0.795074462890625,0.7060546875,0.7016194661458334,0.255126953125,0.7038370768229167
433,nested_noop,222,267,True,1.0,01010101,0.5,0.5,0.252197265625,0.5,0.5,0.5,0.253662109375,0.5,1.0,1.0,0.253662109375,1.0
433,nested_noop,304,349,True,1.0,01010101,0.5,0.5,0.253173828125,0.5,0.5,0.5,0.255615234375,0.5,1.0,1.0,0.255615234375,1.0
433,nested_noop,418,463,True,1.0,01010101,0.5,0.5,0.252685546875,0.5,0.5,0.5,0.25537109375,0.5,1.0,1.0,0.25537109375,1.0
433,nested_noop,575,620,True,1.0,01010101,0.5,0.5,0.2587890625,0.5,0.5,0.5,0.2607421875,0.5,1.0,1.0,0.261474609375,1.0
433,nested_noop,790,835,True,1.0,01010101,0.5,0.5,0.2578125,0.5,0.5,0.5,0.26025390625,0.5,1.0,1.0,0.260986328125,1.0
433,nested_noop,1024,1069,True,1.0,01010101,0.5,0.5,0.258544921875,0.5,0.5,0.5,0.2607421875,0.5,1.0,1.0,0.26171875,1.0
433,nested_q_transplant,0,45,True,0.500244140625,00001111,0.999755859375,0.9998779296875,0.388671875,0.99981689453125,0.500244140625,0.50018310546875,0.259033203125,0.500213623046875,0.500244140625,0.5002034505208334,-0.09716796875,0.5002237955729167
433,nested_q_transplant,1,46,True,0.500244140625,00001111,0.999755859375,0.99951171875,0.38623046875,0.9996337890625,0.500244140625,0.50042724609375,0.273193359375,0.500335693359375,0.500244140625,0.5001220703125,-0.09814453125,0.50018310546875
433,nested_q_transplant,2,47,True,0.49951171875,00001111,0.99951171875,0.9993896484375,0.385986328125,0.99945068359375,0.50048828125,0.50067138671875,0.285400390625,0.500579833984375,0.49951171875,0.4997965494791667,-0.098388671875,0.49965413411458337
433,nested_q_transplant,3,48,True,0.499267578125,00001111,0.998291015625,0.998291015625,0.385009765625,0.998291015625,0.501708984375,0.50177001953125,0.29296875,0.501739501953125,0.499267578125,0.4998779296875,-0.095458984375,0.49957275390625
433,nested_q_transplant,4,49,True,0.4990234375,00001111,0.9970703125,0.9967041015625,0.386962890625,0.99688720703125,0.5029296875,0.503173828125,0.30615234375,0.5030517578125,0.4990234375,0.4999593098958333,-0.098876953125,0.49949137369791663
433,nested_q_transplant,5,50,True,0.498291015625,00001111,0.993408203125,0.9937744140625,0.3837890625,0.99359130859375,0.506591796875,0.50616455078125,0.3154296875,0.506378173828125,0.498291015625,0.49951171875,-0.1015625,0.4989013671875
433,nested_q_transplant,7,52,True,0.50048828125,00001111,0.986328125,0.9869384765625,0.380615234375,0.98663330078125,0.513671875,0.51336669921875,0.33642578125,0.513519287109375,0.50048828125,0.5005289713541666,-0.09814453125,0.5005086263020833
433,nested_q_transplant,9,54,True,0.50390625,00001111,0.97119140625,0.971923828125,0.380615234375,0.9715576171875,0.52880859375,0.52899169921875,0.3505859375,0.528900146484375,0.50390625,0.5032145182291666,-0.09423828125,0.5035603841145833
433,nested_q_transplant,13,58,True,0.510009765625,00001111,0.900634765625,0.9014892578125,0.376220703125,0.90106201171875,0.598876953125,0.5986328125,0.364013671875,0.5987548828125,0.510009765625,0.5087483723958334,-0.0986328125,0.5093790690104167
433,nested_q_transplant,17,62,True,0.50830078125,00111111,0.7890625,0.7835693359375,0.364013671875,0.78631591796875,0.71044921875,0.7081298828125,0.362548828125,0.70928955078125,0.50830078125,0.5110677083333334,-0.10498046875,0.5096842447916667
433,nested_q_transplant,24,69,True,0.511962890625,00110011,0.625732421875,0.621826171875,0.34130859375,0.623779296875,0.873779296875,0.87261962890625,0.34521484375,0.873199462890625,0.511962890625,0.5088704427083334,-0.126708984375,0.5104166666666667
433,nested_q_transplant,33,78,True,0.50244140625,00110011,0.5224609375,0.52294921875,0.332275390625,0.522705078125,0.9775390625,0.97698974609375,0.3408203125,0.977264404296875,0.50244140625,0.503662109375,-0.097412109375,0.5030517578125
433,nested_q_transplant,45,90,True,0.5,00110011,0.5,0.5,0.31591796875,0.5,1.0,1.0,0.3232421875,1.0,0.5,0.5,-0.07568359375,0.5
433,nested_q_transplant,62,107,True,0.5,00110011,0.5,0.5,0.335693359375,0.5,1.0,1.0,0.338623046875,1.0,0.5,0.5,0.002685546875,0.5
433,nested_q_transplant,85,130,True,0.5,00110011,0.5,0.5,0.34033203125,0.5,1.0,0.99981689453125,0.34326171875,0.999908447265625,0.5,0.5001627604166666,0.0419921875,0.5000813802083333
433,nested_q_transplant,117,162,True,0.510009765625,00110011,0.501708984375,0.5028076171875,0.321044921875,0.50225830078125,0.989990234375,0.988525390625,0.32373046875,0.9892578125,0.510009765625,0.5113525390625,0.08447265625,0.51068115234375
433,nested_q_transplant,128,173,True,0.553466796875,00110011,0.496826171875,0.4981689453125,0.30224609375,0.49749755859375,0.946533203125,0.94512939453125,0.3046875,0.945831298828125,0.553466796875,0.5539957682291666,0.108642578125,0.5537312825520833
433,nested_q_transplant,161,206,True,0.6552734375,00110011,0.5126953125,0.511474609375,0.26416015625,0.5120849609375,0.8447265625,0.84454345703125,0.26611328125,0.844635009765625,0.6552734375,0.651123046875,0.21728515625,0.6531982421875
433,nested_q_transplant,222,267,True,0.9990234375,01010101,0.5,0.5,0.26171875,0.5,0.5009765625,0.50140380859375,0.262939453125,0.501190185546875,0.9990234375,0.9984537760416667,0.263671875,0.9987386067708334
433,nested_q_transplant,304,349,True,1.0,01010101,0.5,0.5,0.265869140625,0.5,0.5,0.5,0.267333984375,0.5,1.0,1.0,0.2685546875,1.0
433,nested_q_transplant,418,463,True,1.0,01010101,0.5,0.5,0.276123046875,0.5,0.5,0.5,0.278564453125,0.5,1.0,1.0,0.279296875,1.0
433,nested_q_transplant,575,620,True,1.0,01010101,0.5,0.5,0.285888671875,0.5,0.5,0.5,0.288818359375,0.5,1.0,1.0,0.28955078125,1.0
433,nested_q_transplant,790,835,True,1.0,01010101,0.5,0.5,0.29541015625,0.5,0.5,0.5,0.29736328125,0.5,1.0,1.0,0.298828125,1.0
433,nested_q_transplant,1024,1069,True,1.0,01010101,0.5,0.5,0.303466796875,0.5,0.5,0.5,0.3056640625,0.5,1.0,1.0,0.30712890625,1.0
433,nested_padding_sham,0,45,True,0.5,00001111,1.0,1.0,0.390380859375,1.0,0.5,0.5,0.160400390625,0.5,0.5,0.5,-0.089111328125,0.5
433,nested_padding_sham,1,46,True,0.5,00001111,1.0,0.9998779296875,0.390625,0.99993896484375,0.5,0.5001220703125,0.168701171875,0.50006103515625,0.5,0.5,-0.090576171875,0.5
433,nested_padding_sham,2,47,True,0.5,00001111,1.0,0.9998779296875,0.39013671875,0.99993896484375,0.5,0.50018310546875,0.182373046875,0.500091552734375,0.5,0.5000406901041666,-0.08984375,0.5000203450520833
433,nested_padding_sham,3,48,True,0.499755859375,00001111,0.999267578125,0.9991455078125,0.390625,0.99920654296875,0.500732421875,0.50079345703125,0.193115234375,0.500762939453125,0.499755859375,0.4999593098958333,-0.080078125,0.49985758463541663
433,nested_padding_sham,4,49,True,0.499267578125,00001111,0.998779296875,0.998291015625,0.382568359375,0.99853515625,0.501220703125,0.5013427734375,0.19775390625,0.50128173828125,0.499267578125,0.499755859375,-0.085693359375,0.49951171875
433,nested_padding_sham,5,50,True,0.498779296875,00001111,0.997802734375,0.9971923828125,0.380126953125,0.99749755859375,0.502197265625,0.502197265625,0.20751953125,0.502197265625,0.498779296875,0.4994710286458333,-0.091064453125,0.49912516276041663
433,nested_padding_sham,7,52,True,0.500244140625,00001111,0.994873046875,0.9949951171875,0.381103515625,0.99493408203125,0.505126953125,0.50457763671875,0.234130859375,0.504852294921875,0.500244140625,0.5000813802083334,-0.093505859375,0.5001627604166667
433,nested_padding_sham,9,54,True,0.502197265625,00001111,0.990478515625,0.9898681640625,0.37744140625,0.99017333984375,0.509521484375,0.50946044921875,0.25244140625,0.509490966796875,0.502197265625,0.5013834635416666,-0.086181640625,0.5017903645833333
433,nested_padding_sham,13,58,True,0.50537109375,00001111,0.9658203125,0.96484375,0.3818359375,0.96533203125,0.533203125,0.53387451171875,0.300537109375,0.533538818359375,0.50537109375,0.5049235026041666,-0.08056640625,0.5051472981770833
433,nested_padding_sham,17,62,True,0.51708984375,00001111,0.90380859375,0.90185546875,0.37548828125,0.90283203125,0.591796875,0.593994140625,0.326904296875,0.5928955078125,0.51708984375,0.5142822265625,-0.07373046875,0.51568603515625
433,nested_padding_sham,24,69,True,0.51806640625,00000011,0.76025390625,0.757568359375,0.36767578125,0.7589111328125,0.7333984375,0.731689453125,0.353515625,0.7325439453125,0.51806640625,0.515869140625,-0.0712890625,0.5169677734375
433,nested_padding_sham,33,78,True,0.51220703125,00110011,0.59228515625,0.58935546875,0.3408203125,0.5908203125,0.9013671875,0.900146484375,0.349609375,0.9007568359375,0.51220703125,0.5111083984375,-0.100341796875,0.51165771484375
433,nested_padding_sham,45,90,True,0.5009765625,00110011,0.50732421875,0.5078125,0.314208984375,0.507568359375,0.99267578125,0.99151611328125,0.322998046875,0.992095947265625,0.5009765625,0.5025634765625,-0.0830078125,0.50177001953125
433,nested_padding_sham,62,107,True,0.5,00110011,0.5,0.5,0.33544921875,0.5,1.0,1.0,0.33984375,1.0,0.5,0.5,-0.00439453125,0.5
433,nested_padding_sham,85,130,True,0.500244140625,00110011,0.499755859375,0.499755859375,0.345947265625,0.499755859375,0.999755859375,0.99951171875,0.347412109375,0.9996337890625,0.500244140625,0.5003255208333334,0.046630859375,0.5002848307291667
433,nested_padding_sham,117,162,True,0.518798828125,00110011,0.505615234375,0.505859375,0.325439453125,0.5057373046875,0.981201171875,0.97930908203125,0.327880859375,0.980255126953125,0.518798828125,0.5201009114583334,0.155517578125,0.5194498697916667
433,nested_padding_sham,128,173,True,0.557861328125,00110011,0.499267578125,0.500732421875,0.28759765625,0.5,0.942138671875,0.94085693359375,0.28955078125,0.941497802734375,0.557861328125,0.5581461588541666,0.1640625,0.5580037434895833
433,nested_padding_sham,161,206,True,0.732666015625,00010011,0.509521484375,0.5076904296875,0.2548828125,0.50860595703125,0.767333984375,0.76788330078125,0.256591796875,0.767608642578125,0.732666015625,0.729248046875,0.2529296875,0.73095703125
433,nested_padding_sham,222,267,True,1.0,01010101,0.5,0.5,0.26220703125,0.5,0.5,0.5,0.265380859375,0.5,1.0,1.0,0.265380859375,1.0
433,nested_padding_sham,304,349,True,1.0,01010101,0.5,0.5,0.25634765625,0.5,0.5,0.5,0.259765625,0.5,1.0,1.0,0.26025390625,1.0
433,nested_padding_sham,418,463,True,1.0,01010101,0.5,0.5,0.2548828125,0.5,0.5,0.5,0.258056640625,0.5,1.0,1.0,0.2587890625,1.0
433,nested_padding_sham,575,620,True,1.0,01010101,0.5,0.5,0.2548828125,0.5,0.5,0.5,0.2587890625,0.5,1.0,1.0,0.259765625,1.0
433,nested_padding_sham,790,835,True,1.0,01010101,0.5,0.5,0.2568359375,0.5,0.5,0.5,0.26025390625,0.5,1.0,1.0,0.26123046875,1.0
433,nested_padding_sham,1024,1069,True,1.0,01010101,0.5,0.5,0.25439453125,0.5,0.5,0.5,0.25830078125,0.5,1.0,1.0,0.25927734375,1.0
439,independent_noop,0,45,True,0.50244140625,00001111,0.994140625,0.993896484375,0.398193359375,0.9940185546875,0.505859375,0.50640869140625,0.350830078125,0.506134033203125,0.50244140625,0.501220703125,-0.06396484375,0.5018310546875
439,independent_noop,1,46,True,0.50244140625,00001111,0.99072265625,0.9908447265625,0.394775390625,0.99078369140625,0.50927734375,0.5093994140625,0.356201171875,0.50933837890625,0.50244140625,0.5011393229166666,-0.067626953125,0.5017903645833333
439,independent_noop,2,47,True,0.503173828125,00001111,0.983642578125,0.985595703125,0.398193359375,0.984619140625,0.516357421875,0.5159912109375,0.36669921875,0.51617431640625,0.503173828125,0.5018717447916666,-0.061767578125,0.5025227864583333
439,independent_noop,3,48,True,0.502685546875,00001111,0.973876953125,0.974609375,0.39599609375,0.9742431640625,0.526123046875,0.52496337890625,0.36962890625,0.525543212890625,0.502685546875,0.5020751953125,-0.065673828125,0.50238037109375
439,independent_noop,4,49,True,0.50439453125,00001111,0.9658203125,0.9658203125,0.390380859375,0.9658203125,0.5341796875,0.53369140625,0.370849609375,0.533935546875,0.50439453125,0.5037027994791666,-0.07177734375,0.5040486653645833
439,independent_noop,5,50,True,0.5048828125,00001111,0.95556640625,0.95654296875,0.386474609375,0.9560546875,0.54443359375,0.544189453125,0.372314453125,0.5443115234375,0.5048828125,0.5041097005208334,-0.075439453125,0.5044962565104167
439,independent_noop,7,52,True,0.505126953125,00001111,0.928466796875,0.929931640625,0.38623046875,0.92919921875,0.571533203125,0.56890869140625,0.376708984375,0.570220947265625,0.505126953125,0.5050048828125,-0.07080078125,0.50506591796875
439,independent_noop,9,54,True,0.50830078125,00001111,0.890625,0.89013671875,0.384521484375,0.890380859375,0.609375,0.60516357421875,0.377197265625,0.607269287109375,0.50830078125,0.5067952473958334,-0.07568359375,0.5075480143229167
439,independent_noop,13,58,True,0.5078125,00000111,0.77490234375,0.7774658203125,0.373046875,0.77618408203125,0.72509765625,0.71673583984375,0.370849609375,0.720916748046875,0.5078125,0.5088297526041666,-0.08154296875,0.5083211263020833
439,independent_noop,17,62,True,0.509765625,00110011,0.671875,0.675537109375,0.373779296875,0.6737060546875,0.828125,0.8248291015625,0.37353515625,0.82647705078125,0.509765625,0.5088704427083334,-0.080810546875,0.5093180338541667
439,independent_noop,24,69,True,0.508544921875,00110011,0.543212890625,0.5455322265625,0.3662109375,0.54437255859375,0.956298828125,0.95391845703125,0.3662109375,0.955108642578125,0.508544921875,0.5056559244791666,-0.064697265625,0.5071004231770833
439,independent_noop,33,78,True,0.499755859375,00110011,0.501220703125,0.501220703125,0.36767578125,0.501220703125,0.998779296875,0.99835205078125,0.367919921875,0.998565673828125,0.499755859375,0.4992268880208333,-0.038330078125,0.49949137369791663
439,independent_noop,45,90,True,0.5,00110011,0.5,0.5,0.35595703125,0.5,1.0,0.99993896484375,0.35595703125,0.999969482421875,0.5,0.5,-0.018798828125,0.5
439,independent_noop,62,107,True,0.501220703125,00110011,0.499267578125,0.499267578125,0.351318359375,0.499267578125,0.998779296875,0.99847412109375,0.351318359375,0.998626708984375,0.501220703125,0.501220703125,0.0419921875,0.501220703125
439,independent_noop,85,130,True,0.544677734375,00110011,0.497314453125,0.4991455078125,0.341552734375,0.49822998046875,0.955322265625,0.95697021484375,0.341796875,0.956146240234375,0.544677734375,0.54443359375,0.13671875,0.5445556640625
439,independent_noop,117,162,True,0.60107421875,00110011,0.49267578125,0.496826171875,0.33203125,0.4947509765625,0.89892578125,0.89764404296875,0.33203125,0.898284912109375,0.60107421875,0.6042887369791666,0.283935546875,0.6026814778645833
439,independent_noop,128,173,True,0.697021484375,00110011,0.484619140625,0.48779296875,0.33154296875,0.4862060546875,0.802978515625,0.80072021484375,0.33154296875,0.801849365234375,0.697021484375,0.697998046875,0.322998046875,0.697509765625
439,independent_noop,161,206,True,0.94287109375,01010101,0.50634765625,0.5072021484375,0.32373046875,0.50677490234375,0.55712890625,0.55963134765625,0.32373046875,0.558380126953125,0.94287109375,0.93994140625,0.32373046875,0.94140625
439,independent_noop,222,267,True,1.0,01010101,0.5,0.5,0.333251953125,0.5,0.5,0.5,0.333251953125,0.5,1.0,1.0,0.333251953125,1.0
439,independent_noop,304,349,True,1.0,01010101,0.5,0.5,0.32568359375,0.5,0.5,0.5,0.32568359375,0.5,1.0,1.0,0.32568359375,1.0
439,independent_noop,418,463,True,1.0,01010101,0.5,0.5,0.323974609375,0.5,0.5,0.5,0.323974609375,0.5,1.0,1.0,0.323974609375,1.0
439,independent_noop,575,620,True,1.0,01010101,0.5,0.5,0.32421875,0.5,0.5,0.5,0.32421875,0.5,1.0,1.0,0.32421875,1.0
439,independent_noop,790,835,True,1.0,01010101,0.5,0.5,0.325927734375,0.5,0.5,0.5,0.325927734375,0.5,1.0,1.0,0.325927734375,1.0
439,independent_noop,1024,1069,True,1.0,01010101,0.5,0.5,0.323974609375,0.5,0.5,0.5,0.323974609375,0.5,1.0,1.0,0.323974609375,1.0
439,independent_q_restore,0,45,True,0.5,00001111,1.0,1.0,0.40673828125,1.0,0.5,0.5,0.212890625,0.5,0.5,0.5,-0.035400390625,0.5
439,independent_q_restore,1,46,True,0.5,00001111,1.0,1.0,0.40625,1.0,0.5,0.5,0.226318359375,0.5,0.5,0.5,-0.02978515625,0.5
439,independent_q_restore,2,47,True,0.5,00001111,1.0,1.0,0.409912109375,1.0,0.5,0.5,0.244873046875,0.5,0.5,0.5,-0.02880859375,0.5
439,independent_q_restore,3,48,True,0.5,00001111,1.0,0.9998779296875,0.409912109375,0.99993896484375,0.5,0.5,0.257568359375,0.5,0.5,0.5,-0.0234375,0.5
439,independent_q_restore,4,49,True,0.50048828125,00001111,0.99951171875,0.99951171875,0.409423828125,0.99951171875,0.50048828125,0.50048828125,0.27294921875,0.50048828125,0.50048828125,0.5003255208333334,-0.0244140625,0.5004069010416667
439,independent_q_restore,5,50,True,0.50146484375,00001111,0.998046875,0.9979248046875,0.408935546875,0.99798583984375,0.501953125,0.501708984375,0.28466796875,0.5018310546875,0.50146484375,0.5008951822916666,-0.02294921875,0.5011800130208333
439,independent_q_restore,7,52,True,0.5029296875,00001111,0.9921875,0.992431640625,0.40771484375,0.9923095703125,0.5068359375,0.50628662109375,0.302001953125,0.506561279296875,0.5029296875,0.5019124348958334,-0.01904296875,0.5024210611979167
439,independent_q_restore,9,54,True,0.506591796875,00001111,0.975830078125,0.977783203125,0.401123046875,0.976806640625,0.520751953125,0.5194091796875,0.30810546875,0.52008056640625,0.506591796875,0.5059407552083334,-0.025634765625,0.5062662760416667
439,independent_q_restore,13,58,True,0.513427734375,00001111,0.907470703125,0.91015625,0.3916015625,0.9088134765625,0.577392578125,0.57391357421875,0.328125,0.575653076171875,0.513427734375,0.5146077473958334,-0.02685546875,0.5140177408854167
439,independent_q_restore,17,62,True,0.524658203125,00000111,0.795166015625,0.798095703125,0.3759765625,0.796630859375,0.673583984375,0.66229248046875,0.33984375,0.667938232421875,0.524658203125,0.5260416666666666,-0.020263671875,0.5253499348958333
439,independent_q_restore,24,69,True,0.533447265625,00110011,0.627685546875,0.6302490234375,0.359619140625,0.62896728515625,0.788818359375,0.7825927734375,0.346923828125,0.78570556640625,0.533447265625,0.5367024739583334,-0.028076171875,0.5350748697916667
439,independent_q_restore,33,78,True,0.533203125,00110011,0.5263671875,0.529296875,0.346923828125,0.52783203125,0.88916015625,0.8887939453125,0.34716796875,0.88897705078125,0.533203125,0.5327962239583334,-0.013671875,0.5329996744791667
439,independent_q_restore,45,90,True,0.51513671875,00110011,0.5009765625,0.503173828125,0.351806640625,0.5020751953125,0.97705078125,0.97637939453125,0.352294921875,0.976715087890625,0.51513671875,0.5142008463541666,0.0224609375,0.5146687825520833
439,independent_q_restore,62,107,True,0.502197265625,00110011,0.501220703125,0.50146484375,0.322998046875,0.5013427734375,0.997802734375,0.9971923828125,0.322998046875,0.99749755859375,0.502197265625,0.5025634765625,0.022216796875,0.50238037109375
439,independent_q_restore,85,130,True,0.550048828125,00110011,0.500244140625,0.5001220703125,0.317138671875,0.50018310546875,0.949951171875,0.9501953125,0.317138671875,0.9500732421875,0.550048828125,0.5502522786458334,0.1025390625,0.5501505533854167
439,independent_q_restore,117,162,True,0.635986328125,00110011,0.510986328125,0.51220703125,0.298828125,0.5115966796875,0.864013671875,0.8638916015625,0.298828125,0.86395263671875,0.635986328125,0.6388753255208334,0.29638671875,0.6374308268229167
439,independent_q_restore,128,173,True,0.7265625,00010001,0.49853515625,0.4949951171875,0.300048828125,0.49676513671875,0.7734375,0.7755126953125,0.300048828125,0.77447509765625,0.7265625,0.7250569661458334,0.2998046875,0.7258097330729167
439,independent_q_restore,161,206,True,0.991455078125,01010101,0.500732421875,0.50048828125,0.29833984375,0.5006103515625,0.508544921875,0.509521484375,0.29833984375,0.509033203125,0.991455078125,0.9908447265625,0.29833984375,0.99114990234375
439,independent_q_restore,222,267,True,1.0,01010101,0.5,0.5,0.309326171875,0.5,0.5,0.5,0.30810546875,0.5,1.0,1.0,0.309326171875,1.0
439,independent_q_restore,304,349,True,1.0,01010101,0.5,0.5,0.311767578125,0.5,0.5,0.5,0.310546875,0.5,1.0,1.0,0.311767578125,1.0
439,independent_q_restore,418,463,True,1.0,01010101,0.5,0.5,0.314208984375,0.5,0.5,0.5,0.31298828125,0.5,1.0,1.0,0.314208984375,1.0
439,independent_q_restore,575,620,True,1.0,01010101,0.5,0.5,0.3193359375,0.5,0.5,0.5,0.3173828125,0.5,1.0,1.0,0.3193359375,1.0
439,independent_q_restore,790,835,True,1.0,01010101,0.5,0.5,0.323486328125,0.5,0.5,0.5,0.3212890625,0.5,1.0,1.0,0.323486328125,1.0
439,independent_q_restore,1024,1069,True,1.0,01010101,0.5,0.5,0.32373046875,0.5,0.5,0.5,0.32080078125,0.5,1.0,1.0,0.32373046875,1.0
439,independent_padding_sham,0,45,True,0.50146484375,00001111,0.97021484375,0.9705810546875,0.409423828125,0.97039794921875,0.52978515625,0.52789306640625,0.2841796875,0.528839111328125,0.50146484375,0.5,-0.060791015625,0.500732421875
439,independent_padding_sham,1,46,True,0.50244140625,00001111,0.9677734375,0.9683837890625,0.4091796875,0.96807861328125,0.5322265625,0.5302734375,0.300048828125,0.53125,0.50244140625,0.5006103515625,-0.05419921875,0.50152587890625
439,independent_padding_sham,2,47,True,0.504638671875,00001111,0.963623046875,0.96484375,0.406005859375,0.9642333984375,0.536376953125,0.53436279296875,0.307373046875,0.535369873046875,0.504638671875,0.501708984375,-0.054931640625,0.503173828125
439,independent_padding_sham,3,48,True,0.50341796875,00001111,0.958984375,0.96044921875,0.40869140625,0.959716796875,0.541015625,0.539306640625,0.32080078125,0.5401611328125,0.50341796875,0.5005289713541666,-0.04931640625,0.5019734700520833
439,independent_padding_sham,4,49,True,0.5029296875,00001111,0.9521484375,0.9541015625,0.412353515625,0.953125,0.54736328125,0.5455322265625,0.335205078125,0.54644775390625,0.5029296875,0.5002848307291666,-0.048583984375,0.5016072591145833
439,independent_padding_sham,5,50,True,0.50390625,00001111,0.94482421875,0.9468994140625,0.406982421875,0.94586181640625,0.5546875,0.5513916015625,0.338134765625,0.55303955078125,0.50390625,0.5005696614583334,-0.056884765625,0.5022379557291667
439,independent_padding_sham,7,52,True,0.508056640625,00001111,0.927001953125,0.9288330078125,0.405029296875,0.92791748046875,0.572021484375,0.56817626953125,0.347900390625,0.570098876953125,0.508056640625,0.5025227864583334,-0.06494140625,0.5052897135416667
439,independent_padding_sham,9,54,True,0.50830078125,00001111,0.90234375,0.90234375,0.402587890625,0.90234375,0.59619140625,0.59185791015625,0.355712890625,0.594024658203125,0.50830078125,0.503662109375,-0.063232421875,0.5059814453125
439,independent_padding_sham,13,58,True,0.511474609375,00001111,0.817138671875,0.81689453125,0.391845703125,0.8170166015625,0.681884765625,0.675537109375,0.368896484375,0.6787109375,0.511474609375,0.5087483723958334,-0.067138671875,0.5101114908854167
439,independent_padding_sham,17,62,True,0.5107421875,00000011,0.70947265625,0.711181640625,0.385498046875,0.7103271484375,0.78515625,0.78302001953125,0.377197265625,0.784088134765625,0.5107421875,0.5080973307291666,-0.07421875,0.5094197591145833
439,independent_padding_sham,24,69,True,0.5126953125,00110011,0.57177734375,0.5750732421875,0.3837890625,0.57342529296875,0.92529296875,0.92315673828125,0.383544921875,0.924224853515625,0.5126953125,0.51025390625,-0.0673828125,0.511474609375
439,independent_padding_sham,33,78,True,0.501953125,00110011,0.5068359375,0.5064697265625,0.37646484375,0.50665283203125,0.99267578125,0.9927978515625,0.378173828125,0.99273681640625,0.501953125,0.5007731119791666,-0.057373046875,0.5013631184895833
439,independent_padding_sham,45,90,True,0.499755859375,00110011,0.500244140625,0.5001220703125,0.359619140625,0.50018310546875,0.999755859375,0.9996337890625,0.3623046875,0.99969482421875,0.499755859375,0.4999593098958333,-0.0400390625,0.49985758463541663
439,independent_padding_sham,62,107,True,0.501220703125,00110011,0.499755859375,0.4993896484375,0.34619140625,0.49957275390625,0.998779296875,0.998291015625,0.348876953125,0.99853515625,0.501220703125,0.5018310546875,0.00341796875,0.50152587890625
439,independent_padding_sham,85,130,True,0.544677734375,00110011,0.496826171875,0.4990234375,0.34521484375,0.4979248046875,0.955322265625,0.95654296875,0.347412109375,0.9559326171875,0.544677734375,0.5449625651041666,0.1005859375,0.5448201497395833
439,independent_padding_sham,117,162,True,0.5859375,00110011,0.4951171875,0.50048828125,0.321044921875,0.497802734375,0.9140625,0.9117431640625,0.32373046875,0.91290283203125,0.5859375,0.5901285807291666,0.234619140625,0.5880330403645833
439,independent_padding_sham,128,173,True,0.64306640625,00110011,0.490234375,0.4925537109375,0.3173828125,0.49139404296875,0.85693359375,0.85467529296875,0.31787109375,0.855804443359375,0.64306640625,0.6457926432291666,0.281005859375,0.6444295247395833
439,independent_padding_sham,161,206,True,0.894775390625,01010101,0.504150390625,0.5062255859375,0.3291015625,0.50518798828125,0.605224609375,0.60565185546875,0.3291015625,0.605438232421875,0.894775390625,0.8930257161458333,0.3291015625,0.8939005533854166
439,independent_padding_sham,222,267,True,1.0,01010101,0.5,0.5,0.341552734375,0.5,0.5,0.5,0.34130859375,0.5,1.0,1.0,0.341552734375,1.0
439,independent_padding_sham,304,349,True,1.0,01010101,0.5,0.5,0.34033203125,0.5,0.5,0.5,0.339599609375,0.5,1.0,1.0,0.34033203125,1.0
439,independent_padding_sham,418,463,True,1.0,01010101,0.5,0.5,0.337646484375,0.5,0.5,0.5,0.336669921875,0.5,1.0,1.0,0.337646484375,1.0
439,independent_padding_sham,575,620,True,1.0,01010101,0.5,0.5,0.33740234375,0.5,0.5,0.5,0.336181640625,0.5,1.0,1.0,0.33740234375,1.0
439,independent_padding_sham,790,835,True,1.0,01010101,0.5,0.5,0.33740234375,0.5,0.5,0.5,0.335693359375,0.5,1.0,1.0,0.33740234375,1.0
439,independent_padding_sham,1024,1069,True,1.0,01010101,0.5,0.5,0.333984375,0.5,0.5,0.5,0.332275390625,0.5,1.0,1.0,0.333984375,1.0
439,nested_noop,0,45,True,0.5,00001111,1.0,1.0,0.396484375,1.0,0.5,0.5,0.1640625,0.5,0.5,0.5,-0.05517578125,0.5
439,nested_noop,1,46,True,0.5,00001111,1.0,1.0,0.3994140625,1.0,0.5,0.5,0.1787109375,0.5,0.5,0.5,-0.0556640625,0.5
439,nested_noop,2,47,True,0.5,00001111,1.0,1.0,0.397705078125,1.0,0.5,0.5,0.183837890625,0.5,0.5,0.5,-0.061767578125,0.5
439,nested_noop,3,48,True,0.5,00001111,1.0,1.0,0.3984375,1.0,0.5,0.5,0.19775390625,0.5,0.5,0.5,-0.061767578125,0.5
439,nested_noop,4,49,True,0.500244140625,00001111,0.999755859375,0.9998779296875,0.403564453125,0.99981689453125,0.500244140625,0.500244140625,0.212646484375,0.500244140625,0.500244140625,0.5000406901041666,-0.0537109375,0.5001424153645833
439,nested_noop,5,50,True,0.500732421875,00001111,0.998779296875,0.9989013671875,0.40673828125,0.99884033203125,0.500732421875,0.5006103515625,0.22412109375,0.50067138671875,0.500732421875,0.5002034505208334,-0.048828125,0.5004679361979167
439,nested_noop,7,52,True,0.50390625,00001111,0.99462890625,0.9947509765625,0.40576171875,0.99468994140625,0.50439453125,0.5037841796875,0.236572265625,0.50408935546875,0.50390625,0.5015055338541666,-0.0458984375,0.5027058919270833
439,nested_noop,9,54,True,0.504638671875,00001111,0.985595703125,0.9862060546875,0.404052734375,0.98590087890625,0.511474609375,0.51092529296875,0.236083984375,0.511199951171875,0.504638671875,0.5032145182291666,-0.042236328125,0.5039265950520833
439,nested_noop,13,58,True,0.508544921875,00001111,0.936279296875,0.93798828125,0.405517578125,0.9371337890625,0.555908203125,0.5518798828125,0.252685546875,0.55389404296875,0.508544921875,0.5085856119791666,-0.0341796875,0.5085652669270833
439,nested_noop,17,62,True,0.5166015625,00001111,0.8505859375,0.8558349609375,0.408447265625,0.85321044921875,0.6337890625,0.62701416015625,0.281005859375,0.630401611328125,0.5166015625,0.5160725911458334,-0.031494140625,0.5163370768229167
439,nested_noop,24,69,True,0.516357421875,00000011,0.719482421875,0.7232666015625,0.399169921875,0.72137451171875,0.740966796875,0.7344970703125,0.345458984375,0.73773193359375,0.516357421875,0.5198160807291666,-0.028564453125,0.5180867513020833
439,nested_noop,33,78,True,0.517333984375,00110011,0.597412109375,0.599365234375,0.384033203125,0.598388671875,0.872802734375,0.8662109375,0.3740234375,0.8695068359375,0.517333984375,0.518798828125,-0.03076171875,0.51806640625
439,nested_noop,45,90,True,0.510986328125,00110011,0.526123046875,0.5274658203125,0.36767578125,0.52679443359375,0.970458984375,0.96923828125,0.371826171875,0.9698486328125,0.510986328125,0.5093180338541666,-0.006591796875,0.5101521809895833
439,nested_noop,62,107,True,0.5,00110011,0.5,0.5,0.361083984375,0.5,1.0,0.99981689453125,0.3623046875,0.999908447265625,0.5,0.5001220703125,0.074462890625,0.50006103515625
439,nested_noop,85,130,True,0.53369140625,00110011,0.498046875,0.4998779296875,0.361572265625,0.49896240234375,0.96630859375,0.96759033203125,0.363037109375,0.966949462890625,0.53369140625,0.533203125,0.144287109375,0.533447265625
439,nested_noop,117,162,True,0.6494140625,00110011,0.5048828125,0.505615234375,0.356201171875,0.5052490234375,0.8505859375,0.8502197265625,0.35693359375,0.85040283203125,0.6494140625,0.6513264973958334,0.281494140625,0.6503702799479167
439,nested_noop,128,173,True,0.72900390625,00110001,0.48876953125,0.4903564453125,0.345458984375,0.48956298828125,0.77099609375,0.76873779296875,0.345947265625,0.769866943359375,0.72900390625,0.730712890625,0.309326171875,0.7298583984375
439,nested_noop,161,206,True,0.93408203125,01010101,0.505859375,0.5086669921875,0.3359375,0.50726318359375,0.56591796875,0.5679931640625,0.334228515625,0.56695556640625,0.93408203125,0.9316813151041667,0.3349609375,0.9328816731770834
439,nested_noop,222,267,True,1.0,01010101,0.5,0.5,0.328857421875,0.5,0.5,0.5,0.326171875,0.5,1.0,1.0,0.328857421875,1.0
439,nested_noop,304,349,True,1.0,01010101,0.5,0.5,0.327392578125,0.5,0.5,0.5,0.32470703125,0.5,1.0,1.0,0.3271484375,1.0
439,nested_noop,418,463,True,1.0,01010101,0.5,0.5,0.323974609375,0.5,0.5,0.5,0.320556640625,0.5,1.0,1.0,0.323974609375,1.0
439,nested_noop,575,620,True,1.0,01010101,0.5,0.5,0.322021484375,0.5,0.5,0.5,0.318603515625,0.5,1.0,1.0,0.322021484375,1.0
439,nested_noop,790,835,True,1.0,01010101,0.5,0.5,0.31787109375,0.5,0.5,0.5,0.31396484375,0.5,1.0,1.0,0.31787109375,1.0
439,nested_noop,1024,1069,True,1.0,01010101,0.5,0.5,0.3173828125,0.5,0.5,0.5,0.31396484375,0.5,1.0,1.0,0.3173828125,1.0
439,nested_q_transplant,0,45,True,0.500244140625,00001111,0.999755859375,0.9998779296875,0.39013671875,0.99981689453125,0.500244140625,0.5001220703125,0.23974609375,0.50018310546875,0.500244140625,0.5001220703125,-0.0712890625,0.50018310546875
439,nested_q_transplant,1,46,True,0.50048828125,00001111,0.99951171875,0.999755859375,0.39306640625,0.9996337890625,0.50048828125,0.50030517578125,0.254150390625,0.500396728515625,0.50048828125,0.500244140625,-0.06396484375,0.5003662109375
439,nested_q_transplant,2,47,True,0.50048828125,00001111,0.99951171875,0.999755859375,0.396240234375,0.9996337890625,0.50048828125,0.50042724609375,0.266357421875,0.500457763671875,0.50048828125,0.5002034505208334,-0.0625,0.5003458658854167
439,nested_q_transplant,3,48,True,0.500732421875,00001111,0.999267578125,0.9991455078125,0.394287109375,0.99920654296875,0.500732421875,0.500732421875,0.271728515625,0.500732421875,0.500732421875,0.5004069010416666,-0.069580078125,0.5005696614583333
439,nested_q_transplant,4,49,True,0.502685546875,00001111,0.996337890625,0.9971923828125,0.392578125,0.99676513671875,0.503662109375,0.50274658203125,0.27880859375,0.503204345703125,0.502685546875,0.5016276041666666,-0.077392578125,0.5021565755208333
439,nested_q_transplant,5,50,True,0.502197265625,00001111,0.994384765625,0.99462890625,0.3935546875,0.9945068359375,0.505615234375,0.50494384765625,0.289306640625,0.505279541015625,0.502197265625,0.5015055338541666,-0.076904296875,0.5018513997395833
439,nested_q_transplant,7,52,True,0.502685546875,00001111,0.987060546875,0.9876708984375,0.3916015625,0.98736572265625,0.512451171875,0.51123046875,0.30078125,0.5118408203125,0.502685546875,0.5015869140625,-0.071533203125,0.50213623046875
439,nested_q_transplant,9,54,True,0.505859375,00001111,0.96630859375,0.9671630859375,0.39013671875,0.96673583984375,0.53173828125,0.53094482421875,0.30859375,0.531341552734375,0.505859375,0.5032958984375,-0.07373046875,0.50457763671875
439,nested_q_transplant,13,58,True,0.502685546875,00001111,0.883544921875,0.885009765625,0.396728515625,0.88427734375,0.612548828125,0.607666015625,0.32666015625,0.610107421875,0.502685546875,0.5046793619791666,-0.056396484375,0.5036824544270833
439,nested_q_transplant,17,62,True,0.51171875,00000111,0.7958984375,0.800537109375,0.40478515625,0.7982177734375,0.701171875,0.69476318359375,0.357421875,0.697967529296875,0.51171875,0.51025390625,-0.054443359375,0.510986328125
439,nested_q_transplant,24,69,True,0.505126953125,00110011,0.648681640625,0.6573486328125,0.39013671875,0.65301513671875,0.847900390625,0.839599609375,0.377197265625,0.84375,0.505126953125,0.507080078125,-0.07275390625,0.506103515625
439,nested_q_transplant,33,78,True,0.51123046875,00110011,0.54541015625,0.545654296875,0.37744140625,0.5455322265625,0.95361328125,0.9517822265625,0.37939453125,0.95269775390625,0.51123046875,0.5084635416666666,-0.053955078125,0.5098470052083333
439,nested_q_transplant,45,90,True,0.499755859375,00110011,0.500732421875,0.501220703125,0.35986328125,0.5009765625,0.999267578125,0.99847412109375,0.361328125,0.998870849609375,0.499755859375,0.499755859375,-0.04443359375,0.499755859375
439,nested_q_transplant,62,107,True,0.500244140625,00110011,0.499755859375,0.4998779296875,0.36083984375,0.49981689453125,0.999755859375,0.9998779296875,0.361572265625,0.99981689453125,0.500244140625,0.5001627604166666,0.05517578125,0.5002034505208333
439,nested_q_transplant,85,130,True,0.52978515625,00110011,0.4970703125,0.499267578125,0.36279296875,0.4981689453125,0.97021484375,0.9715576171875,0.363525390625,0.97088623046875,0.52978515625,0.529296875,0.1416015625,0.529541015625
439,nested_q_transplant,117,162,True,0.602294921875,00110011,0.494384765625,0.4986572265625,0.3671875,0.49652099609375,0.897705078125,0.89727783203125,0.367431640625,0.897491455078125,0.602294921875,0.6050211588541666,0.280029296875,0.6036580403645833
439,nested_q_transplant,128,173,True,0.6845703125,00110011,0.48095703125,0.48388671875,0.36572265625,0.482421875,0.8154296875,0.81396484375,0.366455078125,0.814697265625,0.6845703125,0.6848551432291666,0.321044921875,0.6847127278645833
439,nested_q_transplant,161,206,True,0.884521484375,01010101,0.504638671875,0.50830078125,0.342041015625,0.5064697265625,0.615478515625,0.61474609375,0.342529296875,0.6151123046875,0.884521484375,0.8855794270833333,0.342041015625,0.8850504557291666
439,nested_q_transplant,222,267,True,1.0,01010101,0.5,0.5,0.32470703125,0.5,0.5,0.5,0.32470703125,0.5,1.0,1.0,0.32470703125,1.0
439,nested_q_transplant,304,349,True,1.0,01010101,0.5,0.5,0.327392578125,0.5,0.5,0.5,0.3271484375,0.5,1.0,1.0,0.327392578125,1.0
439,nested_q_transplant,418,463,True,1.0,01010101,0.5,0.5,0.33203125,0.5,0.5,0.5,0.331787109375,0.5,1.0,1.0,0.33203125,1.0
439,nested_q_transplant,575,620,True,1.0,01010101,0.5,0.5,0.3310546875,0.5,0.5,0.5,0.330810546875,0.5,1.0,1.0,0.3310546875,1.0
439,nested_q_transplant,790,835,True,1.0,01010101,0.5,0.5,0.32763671875,0.5,0.5,0.5,0.327392578125,0.5,1.0,1.0,0.32763671875,1.0
439,nested_q_transplant,1024,1069,True,1.0,01010101,0.5,0.5,0.32958984375,0.5,0.5,0.5,0.329345703125,0.5,1.0,1.0,0.32958984375,1.0
439,nested_padding_sham,0,45,True,0.5,00001111,1.0,1.0,0.396240234375,1.0,0.5,0.5,0.1591796875,0.5,0.5,0.5,-0.0517578125,0.5
439,nested_padding_sham,1,46,True,0.5,00001111,1.0,1.0,0.39453125,1.0,0.5,0.5,0.172119140625,0.5,0.5,0.5,-0.0478515625,0.5
439,nested_padding_sham,2,47,True,0.5,00001111,1.0,1.0,0.394287109375,1.0,0.5,0.50006103515625,0.1806640625,0.500030517578125,0.5,0.5000406901041666,-0.051025390625,0.5000203450520833
439,nested_padding_sham,3,48,True,0.5,00001111,1.0,0.9998779296875,0.40380859375,0.99993896484375,0.5,0.5001220703125,0.209716796875,0.50006103515625,0.5,0.5000813802083334,-0.045166015625,0.5000406901041667
439,nested_padding_sham,4,49,True,0.5,00001111,1.0,0.9998779296875,0.409423828125,0.99993896484375,0.5,0.50018310546875,0.21875,0.500091552734375,0.5,0.5003255208333334,-0.049072265625,0.5001627604166667
439,nested_padding_sham,5,50,True,0.5,00001111,0.99951171875,0.9990234375,0.400390625,0.999267578125,0.50048828125,0.50054931640625,0.217041015625,0.500518798828125,0.5,0.500244140625,-0.050048828125,0.5001220703125
439,nested_padding_sham,7,52,True,0.50146484375,00001111,0.994140625,0.9945068359375,0.40380859375,0.99432373046875,0.5048828125,0.50396728515625,0.2275390625,0.504425048828125,0.50146484375,0.5013834635416666,-0.046875,0.5014241536458333
439,nested_padding_sham,9,54,True,0.5029296875,00001111,0.98486328125,0.9857177734375,0.400390625,0.98529052734375,0.51123046875,0.5101318359375,0.2265625,0.51068115234375,0.5029296875,0.5028889973958334,-0.045166015625,0.5029093424479167
439,nested_padding_sham,13,58,True,0.511962890625,00001111,0.936279296875,0.9384765625,0.40869140625,0.9373779296875,0.552978515625,0.5499267578125,0.241943359375,0.55145263671875,0.511962890625,0.511474609375,-0.024658203125,0.51171875
439,nested_padding_sham,17,62,True,0.515625,00001111,0.853515625,0.85791015625,0.405029296875,0.855712890625,0.6298828125,0.62548828125,0.271240234375,0.627685546875,0.515625,0.5171712239583334,-0.0361328125,0.5163981119791667
439,nested_padding_sham,24,69,True,0.5185546875,00000011,0.72412109375,0.7276611328125,0.403076171875,0.72589111328125,0.7373046875,0.7308349609375,0.3466796875,0.73406982421875,0.5185546875,0.5225830078125,-0.023681640625,0.52056884765625
439,nested_padding_sham,33,78,True,0.51904296875,00110011,0.59814453125,0.602294921875,0.384033203125,0.6002197265625,0.865234375,0.85980224609375,0.3740234375,0.862518310546875,0.51904296875,0.52001953125,-0.037841796875,0.51953125
439,nested_padding_sham,45,90,True,0.5126953125,00110011,0.529296875,0.5303955078125,0.367431640625,0.52984619140625,0.96533203125,0.9644775390625,0.37109375,0.96490478515625,0.5126953125,0.5101725260416666,-0.0078125,0.5114339192708333
439,nested_padding_sham,62,107,True,0.5,00110011,0.5,0.5001220703125,0.361328125,0.50006103515625,1.0,0.999755859375,0.364990234375,0.9998779296875,0.5,0.5000813802083334,0.07177734375,0.5000406901041667
439,nested_padding_sham,85,130,True,0.535400390625,00110011,0.498779296875,0.500244140625,0.350830078125,0.49951171875,0.964599609375,0.96630859375,0.352294921875,0.9654541015625,0.535400390625,0.5341389973958334,0.134033203125,0.5347696940104167
439,nested_padding_sham,117,162,True,0.657470703125,00110011,0.500244140625,0.5020751953125,0.34521484375,0.50115966796875,0.842529296875,0.84228515625,0.345703125,0.8424072265625,0.657470703125,0.6583658854166666,0.271728515625,0.6579182942708333
439,nested_padding_sham,128,173,True,0.727783203125,00010001,0.487548828125,0.4896240234375,0.341552734375,0.48858642578125,0.772216796875,0.7706298828125,0.342041015625,0.77142333984375,0.727783203125,0.7286783854166666,0.31005859375,0.7282307942708333
439,nested_padding_sham,161,206,True,0.938232421875,01010101,0.506103515625,0.508056640625,0.32177734375,0.507080078125,0.561767578125,0.563720703125,0.32177734375,0.562744140625,0.938232421875,0.9353841145833333,0.32177734375,0.9368082682291666
439,nested_padding_sham,222,267,True,1.0,01010101,0.5,0.5,0.325927734375,0.5,0.5,0.5,0.32470703125,0.5,1.0,1.0,0.325927734375,1.0
439,nested_padding_sham,304,349,True,1.0,01010101,0.5,0.5,0.32470703125,0.5,0.5,0.5,0.322998046875,0.5,1.0,1.0,0.32470703125,1.0
439,nested_padding_sham,418,463,True,1.0,01010101,0.5,0.5,0.32421875,0.5,0.5,0.5,0.322998046875,0.5,1.0,1.0,0.32421875,1.0
439,nested_padding_sham,575,620,True,1.0,01010101,0.5,0.5,0.318603515625,0.5,0.5,0.5,0.317626953125,0.5,1.0,1.0,0.318603515625,1.0
439,nested_padding_sham,790,835,True,1.0,01010101,0.5,0.5,0.316650390625,0.5,0.5,0.5,0.3154296875,0.5,1.0,1.0,0.316650390625,1.0
439,nested_padding_sham,1024,1069,True,1.0,01010101,0.5,0.5,0.31640625,0.5,0.5,0.5,0.3154296875,0.5,1.0,1.0,0.31640625,1.0
443,independent_noop,0,45,True,0.50048828125,00001111,0.99951171875,0.99853515625,0.379638671875,0.9990234375,0.50048828125,0.50079345703125,0.307861328125,0.500640869140625,0.50048828125,0.5003255208333334,-0.105224609375,0.5004069010416667
443,independent_noop,1,46,True,0.500732421875,00001111,0.996826171875,0.996337890625,0.38232421875,0.99658203125,0.503173828125,0.50262451171875,0.32177734375,0.502899169921875,0.500732421875,0.5008951822916666,-0.0966796875,0.5008138020833333
443,independent_noop,2,47,True,0.499755859375,00001111,0.993408203125,0.9931640625,0.383056640625,0.9932861328125,0.506591796875,0.50579833984375,0.329345703125,0.506195068359375,0.499755859375,0.5005696614583334,-0.094482421875,0.5001627604166667
443,independent_noop,3,48,True,0.500244140625,00001111,0.986083984375,0.98583984375,0.382568359375,0.9859619140625,0.513916015625,0.51287841796875,0.334716796875,0.513397216796875,0.500244140625,0.5016682942708334,-0.0947265625,0.5009562174479167
443,independent_noop,4,49,True,0.500244140625,00001111,0.976806640625,0.976318359375,0.37939453125,0.9765625,0.523193359375,0.52191162109375,0.337890625,0.522552490234375,0.500244140625,0.5018310546875,-0.103759765625,0.50103759765625
443,independent_noop,5,50,True,0.501708984375,00001111,0.965576171875,0.9644775390625,0.3818359375,0.96502685546875,0.534423828125,0.53411865234375,0.347412109375,0.534271240234375,0.501708984375,0.5032145182291666,-0.1025390625,0.5024617513020833
443,independent_noop,7,52,True,0.5,00001111,0.93115234375,0.9312744140625,0.37890625,0.93121337890625,0.56884765625,0.570068359375,0.350341796875,0.5694580078125,0.5,0.5032958984375,-0.10107421875,0.50164794921875
443,independent_noop,9,54,True,0.50244140625,00001111,0.8828125,0.8809814453125,0.3798828125,0.88189697265625,0.6171875,0.61566162109375,0.359130859375,0.616424560546875,0.50244140625,0.5050862630208334,-0.09765625,0.5037638346354167
443,independent_noop,13,58,True,0.500244140625,00111111,0.774169921875,0.771728515625,0.3798828125,0.77294921875,0.725830078125,0.72332763671875,0.370849609375,0.724578857421875,0.500244140625,0.5023193359375,-0.096923828125,0.50128173828125
443,independent_noop,17,62,True,0.49951171875,00110011,0.65283203125,0.6539306640625,0.37353515625,0.65338134765625,0.84619140625,0.8463134765625,0.37255859375,0.84625244140625,0.49951171875,0.5032552083333334,-0.09375,0.5013834635416667
443,independent_noop,24,69,True,0.499267578125,00110011,0.552001953125,0.550048828125,0.36279296875,0.551025390625,0.941162109375,0.9425048828125,0.363037109375,0.94183349609375,0.499267578125,0.5,-0.10302734375,0.4996337890625
443,independent_noop,33,78,True,0.5,00110011,0.5009765625,0.5013427734375,0.35302734375,0.50115966796875,0.9990234375,0.99859619140625,0.3544921875,0.998809814453125,0.5,0.5003255208333334,-0.107421875,0.5001627604166667
443,independent_noop,45,90,True,0.5,00110011,0.5,0.5,0.3408203125,0.5,1.0,1.0,0.342529296875,1.0,0.5,0.5,-0.097412109375,0.5
443,independent_noop,62,107,True,0.5,00110011,0.5,0.5,0.334228515625,0.5,1.0,1.0,0.337646484375,1.0,0.5,0.5,-0.090087890625,0.5
443,independent_noop,85,130,True,0.5,00110011,0.5,0.5,0.337646484375,0.5,1.0,1.0,0.34326171875,1.0,0.5,0.5,-0.027099609375,0.5
443,independent_noop,117,162,True,0.5,00110011,0.5,0.5,0.333251953125,0.5,1.0,1.0,0.3427734375,1.0,0.5,0.5000406901041666,0.1201171875,0.5000203450520833
443,independent_noop,128,173,True,0.5,00110011,0.5,0.5,0.32177734375,0.5,1.0,0.99981689453125,0.33349609375,0.999908447265625,0.5,0.500244140625,0.19482421875,0.5001220703125
443,independent_noop,161,206,True,0.57421875,00110011,0.49462890625,0.4954833984375,0.30859375,0.49505615234375,0.92578125,0.92547607421875,0.32470703125,0.925628662109375,0.57421875,0.5733642578125,0.315673828125,0.57379150390625
443,independent_noop,222,267,True,1.0,01010101,0.5,0.5,0.3115234375,0.5,0.5,0.5,0.3251953125,0.5,1.0,0.9999593098958333,0.325439453125,0.9999796549479166
443,independent_noop,304,349,True,1.0,01010101,0.5,0.5,0.31201171875,0.5,0.5,0.5,0.32763671875,0.5,1.0,1.0,0.327880859375,1.0
443,independent_noop,418,463,True,1.0,01010101,0.5,0.5,0.31201171875,0.5,0.5,0.5,0.32666015625,0.5,1.0,1.0,0.326904296875,1.0
443,independent_noop,575,620,True,1.0,01010101,0.5,0.5,0.312255859375,0.5,0.5,0.5,0.3271484375,0.5,1.0,1.0,0.327392578125,1.0
443,independent_noop,790,835,True,1.0,01010101,0.5,0.5,0.311767578125,0.5,0.5,0.5,0.326904296875,0.5,1.0,1.0,0.3271484375,1.0
443,independent_noop,1024,1069,True,1.0,01010101,0.5,0.5,0.314208984375,0.5,0.5,0.5,0.32958984375,0.5,1.0,1.0,0.329833984375,1.0
443,independent_q_restore,0,45,True,0.5,00001111,1.0,1.0,0.406494140625,1.0,0.5,0.5,0.167724609375,0.5,0.5,0.5,-0.06982421875,0.5
443,independent_q_restore,1,46,True,0.499755859375,00001111,0.999755859375,0.999755859375,0.406982421875,0.999755859375,0.500244140625,0.5,0.181640625,0.5001220703125,0.499755859375,0.4999593098958333,-0.070556640625,0.49985758463541663
443,independent_q_restore,2,47,True,0.499755859375,00001111,0.999267578125,0.998779296875,0.404541015625,0.9990234375,0.500732421875,0.50042724609375,0.18994140625,0.500579833984375,0.499755859375,0.5000406901041666,-0.071044921875,0.4998982747395833
443,independent_q_restore,3,48,True,0.4990234375,00001111,0.998046875,0.997802734375,0.401611328125,0.9979248046875,0.501953125,0.5010986328125,0.198974609375,0.50152587890625,0.4990234375,0.4996337890625,-0.07568359375,0.49932861328125
443,independent_q_restore,4,49,True,0.498779296875,00001111,0.997314453125,0.9969482421875,0.40234375,0.99713134765625,0.502685546875,0.50177001953125,0.21240234375,0.502227783203125,0.498779296875,0.4997151692708333,-0.07177734375,0.49924723307291663
443,independent_q_restore,5,50,True,0.5,00001111,0.99462890625,0.9942626953125,0.40380859375,0.99444580078125,0.50390625,0.50286865234375,0.227783203125,0.503387451171875,0.5,0.500732421875,-0.067626953125,0.5003662109375
443,independent_q_restore,7,52,True,0.501953125,00001111,0.98974609375,0.9879150390625,0.40380859375,0.98883056640625,0.50830078125,0.50750732421875,0.245361328125,0.507904052734375,0.501953125,0.50146484375,-0.076416015625,0.501708984375
443,independent_q_restore,9,54,True,0.5009765625,00001111,0.978515625,0.974609375,0.40576171875,0.9765625,0.51611328125,0.5177001953125,0.26220703125,0.51690673828125,0.5009765625,0.5023193359375,-0.068603515625,0.50164794921875
443,independent_q_restore,13,58,True,0.50390625,00001111,0.9169921875,0.916259765625,0.399169921875,0.9166259765625,0.55908203125,0.56219482421875,0.2861328125,0.560638427734375,0.50390625,0.5049235026041666,-0.072509765625,0.5044148763020833
443,independent_q_restore,17,62,True,0.510498046875,00011111,0.816162109375,0.8145751953125,0.405517578125,0.81536865234375,0.622802734375,0.6241455078125,0.324951171875,0.62347412109375,0.510498046875,0.5104166666666666,-0.062744140625,0.5104573567708333
443,independent_q_restore,24,69,True,0.506103515625,00000011,0.609130859375,0.6060791015625,0.397705078125,0.60760498046875,0.746337890625,0.74359130859375,0.363525390625,0.744964599609375,0.506103515625,0.5107014973958334,-0.055908203125,0.5084025065104167
443,independent_q_restore,33,78,True,0.5087890625,00110011,0.53271484375,0.5406494140625,0.38916015625,0.53668212890625,0.869140625,0.87249755859375,0.386474609375,0.870819091796875,0.5087890625,0.5123697916666666,-0.06884765625,0.5105794270833333
443,independent_q_restore,45,90,True,0.49658203125,00110011,0.51171875,0.5146484375,0.380126953125,0.51318359375,0.966796875,0.9688720703125,0.38134765625,0.96783447265625,0.49658203125,0.4979248046875,-0.048583984375,0.49725341796875
443,independent_q_restore,62,107,True,0.5,00110011,0.5,0.5,0.356201171875,0.5,1.0,1.0,0.358154296875,1.0,0.5,0.5001220703125,-0.00927734375,0.50006103515625
443,independent_q_restore,85,130,True,0.501220703125,00110011,0.498779296875,0.499267578125,0.347412109375,0.4990234375,0.998779296875,0.99847412109375,0.350341796875,0.998626708984375,0.501220703125,0.501708984375,0.076904296875,0.50146484375
443,independent_q_restore,117,162,True,0.5517578125,00110011,0.4951171875,0.4952392578125,0.334228515625,0.49517822265625,0.9482421875,0.947265625,0.33740234375,0.94775390625,0.5517578125,0.5516764322916666,0.230224609375,0.5517171223958333
443,independent_q_restore,128,173,True,0.562744140625,00110011,0.498291015625,0.498291015625,0.333984375,0.498291015625,0.937255859375,0.93682861328125,0.33740234375,0.937042236328125,0.562744140625,0.5623372395833334,0.284912109375,0.5625406901041667
443,independent_q_restore,161,206,True,0.7763671875,01110101,0.49951171875,0.4986572265625,0.309814453125,0.49908447265625,0.7236328125,0.72607421875,0.31396484375,0.724853515625,0.7763671875,0.77734375,0.314697265625,0.77685546875
443,independent_q_restore,222,267,True,1.0,01010101,0.5,0.5,0.303466796875,0.5,0.5,0.5,0.305908203125,0.5,1.0,1.0,0.310302734375,1.0
443,independent_q_restore,304,349,True,1.0,01010101,0.5,0.5,0.315673828125,0.5,0.5,0.5,0.316650390625,0.5,1.0,1.0,0.32177734375,1.0
443,independent_q_restore,418,463,True,1.0,01010101,0.5,0.5,0.321533203125,0.5,0.5,0.5,0.3212890625,0.5,1.0,1.0,0.32666015625,1.0
443,independent_q_restore,575,620,True,1.0,01010101,0.5,0.5,0.32177734375,0.5,0.5,0.5,0.321533203125,0.5,1.0,1.0,0.32666015625,1.0
443,independent_q_restore,790,835,True,1.0,01010101,0.5,0.5,0.322998046875,0.5,0.5,0.5,0.322265625,0.5,1.0,1.0,0.327392578125,1.0
443,independent_q_restore,1024,1069,True,1.0,01010101,0.5,0.5,0.323974609375,0.5,0.5,0.5,0.32373046875,0.5,1.0,1.0,0.328857421875,1.0
443,independent_padding_sham,0,45,True,0.500732421875,00001111,0.992919921875,0.9906005859375,0.383056640625,0.99176025390625,0.507080078125,0.5078125,0.257080078125,0.5074462890625,0.500732421875,0.5005696614583334,-0.103759765625,0.5006510416666667
443,independent_padding_sham,1,46,True,0.5009765625,00001111,0.98779296875,0.9853515625,0.375732421875,0.986572265625,0.51220703125,0.51324462890625,0.25830078125,0.512725830078125,0.5009765625,0.5008544921875,-0.111572265625,0.50091552734375
443,independent_padding_sham,2,47,True,0.500244140625,00001111,0.983642578125,0.9794921875,0.37451171875,0.9815673828125,0.516357421875,0.51904296875,0.27001953125,0.5177001953125,0.500244140625,0.5005289713541666,-0.11279296875,0.5003865559895833
443,independent_padding_sham,3,48,True,0.4990234375,00001111,0.97705078125,0.97216796875,0.375244140625,0.974609375,0.52294921875,0.52655029296875,0.28369140625,0.524749755859375,0.4990234375,0.4996744791666667,-0.11328125,0.49934895833333337
443,independent_padding_sham,4,49,True,0.50146484375,00001111,0.96630859375,0.9609375,0.37353515625,0.963623046875,0.53369140625,0.53814697265625,0.287841796875,0.535919189453125,0.50146484375,0.5010579427083334,-0.1123046875,0.5012613932291667
443,independent_padding_sham,5,50,True,0.5029296875,00001111,0.95654296875,0.9505615234375,0.3720703125,0.95355224609375,0.54345703125,0.54833984375,0.29248046875,0.5458984375,0.5029296875,0.5025634765625,-0.11083984375,0.50274658203125
443,independent_padding_sham,7,52,True,0.503173828125,00001111,0.927978515625,0.9248046875,0.373046875,0.9263916015625,0.572021484375,0.5762939453125,0.309326171875,0.57415771484375,0.503173828125,0.5048014322916666,-0.11083984375,0.5039876302083333
443,independent_padding_sham,9,54,True,0.501953125,00001111,0.888671875,0.8851318359375,0.3798828125,0.88690185546875,0.61083984375,0.613037109375,0.326904296875,0.6119384765625,0.501953125,0.5041910807291666,-0.0986328125,0.5030721028645833
443,independent_padding_sham,13,58,True,0.50830078125,00111111,0.79345703125,0.7928466796875,0.381591796875,0.79315185546875,0.70458984375,0.703857421875,0.352294921875,0.7042236328125,0.50830078125,0.5059000651041666,-0.093017578125,0.5071004231770833
443,independent_padding_sham,17,62,True,0.503173828125,00110011,0.685302734375,0.685791015625,0.37744140625,0.685546875,0.811767578125,0.81390380859375,0.364990234375,0.812835693359375,0.503173828125,0.5062255859375,-0.0986328125,0.50469970703125
443,independent_padding_sham,24,69,True,0.501220703125,00110011,0.571533203125,0.571044921875,0.368896484375,0.5712890625,0.918701171875,0.9180908203125,0.367431640625,0.91839599609375,0.501220703125,0.5022786458333334,-0.09619140625,0.5017496744791667
443,independent_padding_sham,33,78,True,0.50048828125,00110011,0.501953125,0.5032958984375,0.353759765625,0.50262451171875,0.99609375,0.99560546875,0.35400390625,0.995849609375,0.50048828125,0.5009358723958334,-0.10791015625,0.5007120768229167
443,independent_padding_sham,45,90,True,0.5,00110011,0.5,0.5,0.333251953125,0.5,1.0,1.0,0.335205078125,1.0,0.5,0.5,-0.11328125,0.5
443,independent_padding_sham,62,107,True,0.5,00110011,0.5,0.5,0.336669921875,0.5,1.0,1.0,0.3408203125,1.0,0.5,0.5,-0.09619140625,0.5
443,independent_padding_sham,85,130,True,0.5,00110011,0.5,0.5,0.327880859375,0.5,1.0,1.0,0.334716796875,1.0,0.5,0.5,-0.073486328125,0.5
443,independent_padding_sham,117,162,True,0.5,00110011,0.5,0.5,0.32958984375,0.5,1.0,1.0,0.338623046875,1.0,0.5,0.5,0.04150390625,0.5
443,independent_padding_sham,128,173,True,0.5,00110011,0.5,0.5,0.322265625,0.5,1.0,1.0,0.332275390625,1.0,0.5,0.5,0.094970703125,0.5
443,independent_padding_sham,161,206,True,0.525146484375,00110011,0.498291015625,0.4969482421875,0.28662109375,0.49761962890625,0.974853515625,0.974365234375,0.301513671875,0.974609375,0.525146484375,0.5243733723958334,0.228515625,0.5247599283854167
443,independent_padding_sham,222,267,True,1.0,01010101,0.5,0.499755859375,0.286865234375,0.4998779296875,0.5,0.500244140625,0.309814453125,0.5001220703125,1.0,0.99951171875,0.31005859375,0.999755859375
443,independent_padding_sham,304,349,True,1.0,01010101,0.5,0.5,0.289794921875,0.5,0.5,0.5,0.312255859375,0.5,1.0,1.0,0.312744140625,1.0
443,independent_padding_sham,418,463,True,1.0,01010101,0.5,0.5,0.286376953125,0.5,0.5,0.5,0.307861328125,0.5,1.0,1.0,0.308349609375,1.0
443,independent_padding_sham,575,620,True,1.0,01010101,0.5,0.5,0.291748046875,0.5,0.5,0.5,0.310791015625,0.5,1.0,1.0,0.311279296875,1.0
443,independent_padding_sham,790,835,True,1.0,01010101,0.5,0.5,0.2919921875,0.5,0.5,0.5,0.310791015625,0.5,1.0,1.0,0.311279296875,1.0
443,independent_padding_sham,1024,1069,True,1.0,01010101,0.5,0.5,0.294677734375,0.5,0.5,0.5,0.311767578125,0.5,1.0,1.0,0.312255859375,1.0
443,nested_noop,0,45,True,0.5,00001111,1.0,0.999755859375,0.397216796875,0.9998779296875,0.5,0.50018310546875,0.149658203125,0.500091552734375,0.5,0.5001220703125,-0.095947265625,0.50006103515625
443,nested_noop,1,46,True,0.49951171875,00001111,0.99951171875,0.9991455078125,0.395263671875,0.99932861328125,0.50048828125,0.50042724609375,0.153076171875,0.500457763671875,0.49951171875,0.5000406901041666,-0.094482421875,0.4997762044270833
443,nested_noop,2,47,True,0.498779296875,00001111,0.998291015625,0.997802734375,0.39453125,0.998046875,0.501708984375,0.50140380859375,0.159423828125,0.501556396484375,0.498779296875,0.4998779296875,-0.088134765625,0.49932861328125
443,nested_noop,3,48,True,0.499267578125,00001111,0.994384765625,0.994140625,0.393798828125,0.9942626953125,0.505615234375,0.504150390625,0.16552734375,0.5048828125,0.499267578125,0.5003255208333334,-0.090087890625,0.4997965494791667
443,nested_noop,4,49,True,0.5009765625,00001111,0.98828125,0.98828125,0.39501953125,0.98828125,0.51123046875,0.50933837890625,0.168701171875,0.510284423828125,0.5009765625,0.5013427734375,-0.09130859375,0.50115966796875
443,nested_noop,5,50,True,0.50244140625,00001111,0.98388671875,0.9818115234375,0.39892578125,0.98284912109375,0.51513671875,0.5130615234375,0.183349609375,0.51409912109375,0.50244140625,0.5026041666666666,-0.085205078125,0.5025227864583333
443,nested_noop,7,52,True,0.501953125,00001111,0.97021484375,0.9664306640625,0.396240234375,0.96832275390625,0.525390625,0.52490234375,0.201416015625,0.525146484375,0.501953125,0.5027669270833334,-0.0947265625,0.5023600260416667
443,nested_noop,9,54,True,0.5029296875,00001111,0.95703125,0.9544677734375,0.3994140625,0.95574951171875,0.53515625,0.53662109375,0.2275390625,0.535888671875,0.5029296875,0.5032145182291666,-0.085693359375,0.5030721028645833
443,nested_noop,13,58,True,0.5009765625,00001111,0.9638671875,0.9598388671875,0.4013671875,0.96185302734375,0.53515625,0.537109375,0.2626953125,0.5361328125,0.5009765625,0.503662109375,-0.06396484375,0.5023193359375
443,nested_noop,17,62,True,0.506103515625,00001111,0.862548828125,0.85986328125,0.410400390625,0.8612060546875,0.626220703125,0.6253662109375,0.30517578125,0.62579345703125,0.506103515625,0.5074869791666666,-0.0380859375,0.5067952473958333
443,nested_noop,24,69,True,0.503662109375,00001111,0.756103515625,0.754150390625,0.3837890625,0.755126953125,0.732666015625,0.73138427734375,0.34619140625,0.732025146484375,0.503662109375,0.5084635416666666,-0.0478515625,0.5060628255208333
443,nested_noop,33,78,True,0.503662109375,00110011,0.614501953125,0.613525390625,0.364501953125,0.614013671875,0.867919921875,0.86810302734375,0.3681640625,0.868011474609375,0.503662109375,0.5054117838541666,-0.05224609375,0.5045369466145833
443,nested_noop,45,90,True,0.49853515625,00110011,0.51953125,0.5216064453125,0.3701171875,0.52056884765625,0.98046875,0.98016357421875,0.38330078125,0.980316162109375,0.49853515625,0.5016276041666666,-0.045654296875,0.5000813802083333
443,nested_noop,62,107,True,0.5,00110011,0.5,0.5,0.3583984375,0.5,1.0,1.0,0.36279296875,1.0,0.5,0.5,-0.0068359375,0.5
443,nested_noop,85,130,True,0.5,00110011,0.5,0.5,0.348388671875,0.5,1.0,0.9998779296875,0.3515625,0.99993896484375,0.5,0.5002034505208334,0.0947265625,0.5001017252604167
443,nested_noop,117,162,True,0.540771484375,00110011,0.497314453125,0.49755859375,0.312744140625,0.4974365234375,0.959228515625,0.9588623046875,0.3154296875,0.95904541015625,0.540771484375,0.5405680338541666,0.266845703125,0.5406697591145833
443,nested_noop,128,173,True,0.56787109375,00110011,0.50048828125,0.4993896484375,0.298583984375,0.49993896484375,0.93212890625,0.9302978515625,0.30029296875,0.93121337890625,0.56787109375,0.5675048828125,0.281494140625,0.56768798828125
443,nested_noop,161,206,True,0.856201171875,01010101,0.503662109375,0.5037841796875,0.298095703125,0.50372314453125,0.643798828125,0.6396484375,0.30322265625,0.6417236328125,0.856201171875,0.8599853515625,0.30322265625,0.85809326171875
443,nested_noop,222,267,True,1.0,01010101,0.5,0.5,0.2890625,0.5,0.5,0.5,0.2958984375,0.5,1.0,1.0,0.2958984375,1.0
443,nested_noop,304,349,True,1.0,01010101,0.5,0.5,0.310791015625,0.5,0.5,0.5,0.317138671875,0.5,1.0,1.0,0.3173828125,1.0
443,nested_noop,418,463,True,1.0,01010101,0.5,0.5,0.315185546875,0.5,0.5,0.5,0.32177734375,0.5,1.0,1.0,0.322021484375,1.0
443,nested_noop,575,620,True,1.0,01010101,0.5,0.5,0.31884765625,0.5,0.5,0.5,0.325439453125,0.5,1.0,1.0,0.32568359375,1.0
443,nested_noop,790,835,True,1.0,01010101,0.5,0.5,0.3173828125,0.5,0.5,0.5,0.32421875,0.5,1.0,1.0,0.32470703125,1.0
443,nested_noop,1024,1069,True,1.0,01010101,0.5,0.5,0.31689453125,0.5,0.5,0.5,0.323486328125,0.5,1.0,1.0,0.323974609375,1.0
443,nested_q_transplant,0,45,True,0.5,00001111,1.0,0.9996337890625,0.376953125,0.99981689453125,0.5,0.50018310546875,0.206787109375,0.500091552734375,0.5,0.5001220703125,-0.11474609375,0.50006103515625
443,nested_q_transplant,1,46,True,0.49951171875,00001111,0.99951171875,0.998046875,0.376953125,0.998779296875,0.50048828125,0.5006103515625,0.217041015625,0.50054931640625,0.49951171875,0.5001220703125,-0.111083984375,0.49981689453125
443,nested_q_transplant,2,47,True,0.4990234375,00001111,0.9970703125,0.996337890625,0.37841796875,0.9967041015625,0.5029296875,0.50250244140625,0.235107421875,0.502716064453125,0.4990234375,0.5000813802083334,-0.10791015625,0.4995524088541667
443,nested_q_transplant,3,48,True,0.502197265625,00001111,0.989990234375,0.99072265625,0.377685546875,0.9903564453125,0.510009765625,0.50830078125,0.24365234375,0.5091552734375,0.502197265625,0.5019124348958334,-0.115478515625,0.5020548502604167
443,nested_q_transplant,4,49,True,0.500732421875,00001111,0.984130859375,0.9830322265625,0.380126953125,0.98358154296875,0.515869140625,0.51434326171875,0.253662109375,0.515106201171875,0.500732421875,0.5015869140625,-0.107177734375,0.50115966796875
443,nested_q_transplant,5,50,True,0.501708984375,00001111,0.977783203125,0.9749755859375,0.3779296875,0.97637939453125,0.522216796875,0.52166748046875,0.25927734375,0.521942138671875,0.501708984375,0.5022379557291666,-0.10986328125,0.5019734700520833
443,nested_q_transplant,7,52,True,0.502685546875,00001111,0.963134765625,0.9600830078125,0.382568359375,0.96160888671875,0.536865234375,0.5364990234375,0.28564453125,0.53668212890625,0.502685546875,0.5037027994791666,-0.10791015625,0.5031941731770833
443,nested_q_transplant,9,54,True,0.498291015625,00001111,0.947509765625,0.9434814453125,0.382080078125,0.94549560546875,0.552001953125,0.552490234375,0.29931640625,0.55224609375,0.498291015625,0.501708984375,-0.109619140625,0.5
443,nested_q_transplant,13,58,True,0.49853515625,00001111,0.90771484375,0.905029296875,0.385009765625,0.9063720703125,0.59228515625,0.59197998046875,0.3232421875,0.592132568359375,0.49853515625,0.5025227864583334,-0.08447265625,0.5005289713541667
443,nested_q_transplant,17,62,True,0.505126953125,00111111,0.798095703125,0.7945556640625,0.377197265625,0.79632568359375,0.700927734375,0.70111083984375,0.343017578125,0.701019287109375,0.505126953125,0.5059407552083334,-0.080078125,0.5055338541666667
443,nested_q_transplant,24,69,True,0.50244140625,00110011,0.642578125,0.6392822265625,0.361328125,0.64093017578125,0.853515625,0.85333251953125,0.361572265625,0.853424072265625,0.50244140625,0.5030110677083334,-0.08642578125,0.5027262369791667
443,nested_q_transplant,33,78,True,0.49658203125,00110011,0.5380859375,0.5394287109375,0.347900390625,0.53875732421875,0.96142578125,0.96173095703125,0.35888671875,0.961578369140625,0.49658203125,0.4972737630208333,-0.09619140625,0.49692789713541663
443,nested_q_transplant,45,90,True,0.5,00110011,0.5,0.5,0.34814453125,0.5,1.0,0.99993896484375,0.3544921875,0.999969482421875,0.5,0.5000406901041666,-0.0947265625,0.5000203450520833
443,nested_q_transplant,62,107,True,0.5,00110011,0.5,0.5,0.357421875,0.5,1.0,1.0,0.359619140625,1.0,0.5,0.5,-0.05908203125,0.5
443,nested_q_transplant,85,130,True,0.5,00110011,0.5,0.5,0.3408203125,0.5,1.0,1.0,0.3447265625,1.0,0.5,0.5,-0.00830078125,0.5
443,nested_q_transplant,117,162,True,0.5,00110011,0.5,0.5,0.3125,0.5,1.0,1.0,0.3203125,1.0,0.5,0.5,0.1630859375,0.5
443,nested_q_transplant,128,173,True,0.5,00110011,0.5,0.5,0.2939453125,0.5,1.0,1.0,0.303466796875,1.0,0.5,0.5,0.207763671875,0.5
443,nested_q_transplant,161,206,True,0.61865234375,00110011,0.49462890625,0.4957275390625,0.31201171875,0.49517822265625,0.88134765625,0.88043212890625,0.318115234375,0.880889892578125,0.61865234375,0.6173502604166666,0.309326171875,0.6180013020833333
443,nested_q_transplant,222,267,True,1.0,01010101,0.5,0.5,0.3154296875,0.5,0.5,0.5,0.321044921875,0.5,1.0,1.0,0.321044921875,1.0
443,nested_q_transplant,304,349,True,1.0,01010101,0.5,0.5,0.3076171875,0.5,0.5,0.5,0.31201171875,0.5,1.0,1.0,0.31201171875,1.0
443,nested_q_transplant,418,463,True,1.0,01010101,0.5,0.5,0.30517578125,0.5,0.5,0.5,0.3095703125,0.5,1.0,1.0,0.3095703125,1.0
443,nested_q_transplant,575,620,True,1.0,01010101,0.5,0.5,0.302001953125,0.5,0.5,0.5,0.306396484375,0.5,1.0,1.0,0.306396484375,1.0
443,nested_q_transplant,790,835,True,1.0,01010101,0.5,0.5,0.30419921875,0.5,0.5,0.5,0.3076171875,0.5,1.0,1.0,0.3076171875,1.0
443,nested_q_transplant,1024,1069,True,1.0,01010101,0.5,0.5,0.302001953125,0.5,0.5,0.5,0.304931640625,0.5,1.0,1.0,0.304931640625,1.0
443,nested_padding_sham,0,45,True,0.5,00001111,1.0,0.9998779296875,0.396728515625,0.99993896484375,0.5,0.5001220703125,0.140380859375,0.50006103515625,0.5,0.5000406901041666,-0.091552734375,0.5000203450520833
443,nested_padding_sham,1,46,True,0.49951171875,00001111,0.99951171875,0.999267578125,0.39697265625,0.9993896484375,0.50048828125,0.50042724609375,0.146728515625,0.500457763671875,0.49951171875,0.4999593098958333,-0.09130859375,0.49973551432291663
443,nested_padding_sham,2,47,True,0.499267578125,00001111,0.998779296875,0.99853515625,0.39599609375,0.9986572265625,0.501220703125,0.5010986328125,0.154052734375,0.50115966796875,0.499267578125,0.5000406901041666,-0.09423828125,0.4996541341145833
443,nested_padding_sham,3,48,True,0.49853515625,00001111,0.99462890625,0.9952392578125,0.394287109375,0.99493408203125,0.50537109375,0.50445556640625,0.158203125,0.504913330078125,0.49853515625,0.5002034505208334,-0.093994140625,0.4993693033854167
443,nested_padding_sham,4,49,True,0.499267578125,00001111,0.989013671875,0.9873046875,0.395751953125,0.9881591796875,0.510986328125,0.50958251953125,0.162109375,0.510284423828125,0.499267578125,0.5005696614583334,-0.095703125,0.4999186197916667
443,nested_padding_sham,5,50,True,0.50146484375,00001111,0.982421875,0.980712890625,0.3984375,0.9815673828125,0.5166015625,0.51513671875,0.172607421875,0.515869140625,0.50146484375,0.5019124348958334,-0.0869140625,0.5016886393229167
443,nested_padding_sham,7,52,True,0.502197265625,00001111,0.966064453125,0.96435546875,0.396484375,0.9652099609375,0.528076171875,0.52703857421875,0.19189453125,0.527557373046875,0.502197265625,0.5030924479166666,-0.087890625,0.5026448567708333
443,nested_padding_sham,9,54,True,0.497802734375,00001111,0.951904296875,0.9495849609375,0.3984375,0.95074462890625,0.539306640625,0.53875732421875,0.216796875,0.539031982421875,0.497802734375,0.5013834635416666,-0.080322265625,0.4995930989583333
443,nested_padding_sham,13,58,True,0.50439453125,00001111,0.95703125,0.9569091796875,0.408447265625,0.95697021484375,0.54052734375,0.540283203125,0.260986328125,0.5404052734375,0.50439453125,0.5046793619791666,-0.059814453125,0.5045369466145833
443,nested_padding_sham,17,62,True,0.506591796875,00001111,0.864501953125,0.86181640625,0.397216796875,0.8631591796875,0.620849609375,0.6204833984375,0.2880859375,0.62066650390625,0.506591796875,0.5066731770833334,-0.053466796875,0.5066324869791667
443,nested_padding_sham,24,69,True,0.50439453125,00001111,0.76318359375,0.7607421875,0.38037109375,0.761962890625,0.72265625,0.72235107421875,0.34521484375,0.722503662109375,0.50439453125,0.5088704427083334,-0.05126953125,0.5066324869791667
443,nested_padding_sham,33,78,True,0.5078125,00110011,0.61767578125,0.618408203125,0.364990234375,0.6180419921875,0.85546875,0.85467529296875,0.37060546875,0.855072021484375,0.5078125,0.5080159505208334,-0.050048828125,0.5079142252604167
443,nested_padding_sham,45,90,True,0.50390625,00110011,0.52685546875,0.52880859375,0.36328125,0.52783203125,0.97265625,0.97222900390625,0.37939453125,0.972442626953125,0.50390625,0.5040283203125,-0.052490234375,0.50396728515625
443,nested_padding_sham,62,107,True,0.5,00110011,0.5,0.5,0.350341796875,0.5,1.0,1.0,0.356689453125,1.0,0.5,0.5,-0.01953125,0.5
443,nested_padding_sham,85,130,True,0.5,00110011,0.5,0.5,0.340087890625,0.5,1.0,0.99993896484375,0.34619140625,0.999969482421875,0.5,0.5001627604166666,0.078125,0.5000813802083333
443,nested_padding_sham,117,162,True,0.533935546875,00110011,0.499267578125,0.4989013671875,0.312255859375,0.49908447265625,0.966064453125,0.96478271484375,0.318115234375,0.965423583984375,0.533935546875,0.5347493489583334,0.205322265625,0.5343424479166667
443,nested_padding_sham,128,173,True,0.557373046875,00110011,0.500732421875,0.50048828125,0.30029296875,0.5006103515625,0.942626953125,0.9412841796875,0.30517578125,0.94195556640625,0.557373046875,0.5572916666666666,0.244384765625,0.5573323567708333
443,nested_padding_sham,161,206,True,0.803466796875,01010101,0.499267578125,0.4984130859375,0.2890625,0.49884033203125,0.696533203125,0.69427490234375,0.291015625,0.695404052734375,0.803466796875,0.8048909505208333,0.290771484375,0.8041788736979166
443,nested_padding_sham,222,267,True,1.0,01010101,0.5,0.5,0.297607421875,0.5,0.5,0.5,0.3037109375,0.5,1.0,1.0,0.303955078125,1.0
443,nested_padding_sham,304,349,True,1.0,01010101,0.5,0.5,0.296630859375,0.5,0.5,0.5,0.302734375,0.5,1.0,1.0,0.30322265625,1.0
443,nested_padding_sham,418,463,True,1.0,01010101,0.5,0.5,0.302734375,0.5,0.5,0.5,0.30908203125,0.5,1.0,1.0,0.3095703125,1.0
443,nested_padding_sham,575,620,True,1.0,01010101,0.5,0.5,0.31103515625,0.5,0.5,0.5,0.316650390625,0.5,1.0,1.0,0.317138671875,1.0
443,nested_padding_sham,790,835,True,1.0,01010101,0.5,0.5,0.3251953125,0.5,0.5,0.5,0.330078125,0.5,1.0,1.0,0.33056640625,1.0
443,nested_padding_sham,1024,1069,True,1.0,01010101,0.5,0.5,0.3291015625,0.5,0.5,0.5,0.33349609375,0.5,1.0,1.0,0.333984375,1.0
449,independent_noop,0,45,True,0.5,00001111,1.0,1.0,0.40087890625,1.0,0.5,0.5,0.383056640625,0.5,0.5,0.5,-0.079345703125,0.5
449,independent_noop,1,46,True,0.5,00001111,1.0,1.0,0.398193359375,1.0,0.5,0.5,0.382080078125,0.5,0.5,0.5,-0.076416015625,0.5
449,independent_noop,2,47,True,0.499755859375,00001111,0.999755859375,0.9996337890625,0.39306640625,0.99969482421875,0.500244140625,0.50030517578125,0.37939453125,0.500274658203125,0.499755859375,0.4995930989583333,-0.07861328125,0.49967447916666663
449,independent_noop,3,48,True,0.500732421875,00001111,0.997314453125,0.9964599609375,0.38671875,0.99688720703125,0.502685546875,0.503173828125,0.375244140625,0.5029296875,0.500732421875,0.4999593098958333,-0.080078125,0.5003458658854166
449,independent_noop,4,49,True,0.503662109375,00001111,0.984619140625,0.984375,0.385009765625,0.9844970703125,0.515380859375,0.51611328125,0.37646484375,0.5157470703125,0.503662109375,0.50146484375,-0.0771484375,0.5025634765625
449,independent_noop,5,50,True,0.504638671875,00001111,0.964599609375,0.9642333984375,0.37939453125,0.96441650390625,0.534912109375,0.537841796875,0.37255859375,0.536376953125,0.504638671875,0.5028889973958334,-0.083984375,0.5037638346354167
449,independent_noop,7,52,True,0.50048828125,00001111,0.9130859375,0.9117431640625,0.373046875,0.91241455078125,0.58447265625,0.5875244140625,0.3681640625,0.58599853515625,0.50048828125,0.5032552083333334,-0.0908203125,0.5018717447916667
449,independent_noop,9,54,True,0.500244140625,00111111,0.864013671875,0.864501953125,0.36474609375,0.8642578125,0.630126953125,0.6337890625,0.36279296875,0.6319580078125,0.500244140625,0.5063883463541666,-0.081787109375,0.5033162434895833
449,independent_noop,13,58,True,0.505859375,00001111,0.77587890625,0.7757568359375,0.351806640625,0.77581787109375,0.7216796875,0.7236328125,0.351318359375,0.72265625,0.505859375,0.50732421875,-0.0791015625,0.506591796875
449,independent_noop,17,62,True,0.4990234375,00000011,0.67626953125,0.6734619140625,0.342529296875,0.67486572265625,0.822265625,0.82550048828125,0.342529296875,0.823883056640625,0.4990234375,0.5074462890625,-0.066650390625,0.50323486328125
449,independent_noop,24,69,True,0.501220703125,00110011,0.510009765625,0.51025390625,0.33740234375,0.5101318359375,0.989013671875,0.9886474609375,0.337890625,0.98883056640625,0.501220703125,0.5022379557291666,-0.041748046875,0.5017293294270833
449,independent_noop,33,78,True,0.5,00110011,0.5,0.5,0.33251953125,0.5,1.0,1.0,0.332763671875,1.0,0.5,0.5,-0.015625,0.5
449,independent_noop,45,90,True,0.5,00110011,0.5,0.5,0.345703125,0.5,1.0,1.0,0.34619140625,1.0,0.5,0.5,0.02978515625,0.5
449,independent_noop,62,107,True,0.5,00110011,0.5,0.5,0.3349609375,0.5,1.0,1.0,0.335205078125,1.0,0.5,0.5,0.06884765625,0.5
449,independent_noop,85,130,True,0.501220703125,00110011,0.499267578125,0.4993896484375,0.310302734375,0.49932861328125,0.998779296875,0.99884033203125,0.310546875,0.998809814453125,0.501220703125,0.5009358723958334,0.10205078125,0.5010782877604167
449,independent_noop,117,162,True,0.553955078125,00110011,0.502685546875,0.5009765625,0.328369140625,0.5018310546875,0.946044921875,0.946533203125,0.328369140625,0.9462890625,0.553955078125,0.552734375,0.24609375,0.5533447265625
449,independent_noop,128,173,True,0.53125,00110011,0.509765625,0.5091552734375,0.33935546875,0.50946044921875,0.96875,0.97003173828125,0.33984375,0.969390869140625,0.53125,0.531494140625,0.308349609375,0.5313720703125
449,independent_noop,161,206,True,0.740478515625,01110011,0.483642578125,0.4891357421875,0.333251953125,0.48638916015625,0.759521484375,0.75677490234375,0.333740234375,0.758148193359375,0.740478515625,0.740478515625,0.333740234375,0.740478515625
449,independent_noop,222,267,True,1.0,01010101,0.5,0.5,0.35302734375,0.5,0.5,0.5,0.353271484375,0.5,1.0,1.0,0.353271484375,1.0
449,independent_noop,304,349,True,1.0,01010101,0.5,0.5,0.357421875,0.5,0.5,0.5,0.357421875,0.5,1.0,1.0,0.357666015625,1.0
449,independent_noop,418,463,True,1.0,01010101,0.5,0.5,0.356689453125,0.5,0.5,0.5,0.356201171875,0.5,1.0,1.0,0.356689453125,1.0
449,independent_noop,575,620,True,1.0,01010101,0.5,0.5,0.355224609375,0.5,0.5,0.5,0.3544921875,0.5,1.0,1.0,0.35546875,1.0
449,independent_noop,790,835,True,1.0,01010101,0.5,0.5,0.350830078125,0.5,0.5,0.5,0.35009765625,0.5,1.0,1.0,0.35107421875,1.0
449,independent_noop,1024,1069,True,1.0,01010101,0.5,0.5,0.348388671875,0.5,0.5,0.5,0.347412109375,0.5,1.0,1.0,0.348388671875,1.0
449,independent_q_restore,0,45,True,0.5,00001111,1.0,1.0,0.405517578125,1.0,0.5,0.5,0.3291015625,0.5,0.5,0.5,-0.07666015625,0.5
449,independent_q_restore,1,46,True,0.5,00001111,1.0,1.0,0.40869140625,1.0,0.5,0.5,0.34326171875,0.5,0.5,0.5,-0.075439453125,0.5
449,independent_q_restore,2,47,True,0.5,00001111,1.0,1.0,0.4111328125,1.0,0.5,0.50006103515625,0.3505859375,0.500030517578125,0.5,0.5,-0.073974609375,0.5
449,independent_q_restore,3,48,True,0.5,00001111,0.99951171875,0.9996337890625,0.408935546875,0.99957275390625,0.5,0.50030517578125,0.353271484375,0.500152587890625,0.5,0.499755859375,-0.0693359375,0.4998779296875
449,independent_q_restore,4,49,True,0.5009765625,00001111,0.99658203125,0.9967041015625,0.403564453125,0.99664306640625,0.5,0.50140380859375,0.348388671875,0.500701904296875,0.5009765625,0.5004475911458334,-0.072509765625,0.5007120768229167
449,independent_q_restore,5,50,True,0.501220703125,00001111,0.986572265625,0.9849853515625,0.397705078125,0.98577880859375,0.505615234375,0.5069580078125,0.34619140625,0.50628662109375,0.501220703125,0.5006917317708334,-0.07421875,0.5009562174479167
449,independent_q_restore,7,52,True,0.500732421875,00001111,0.951904296875,0.9500732421875,0.3876953125,0.95098876953125,0.524169921875,0.52740478515625,0.34521484375,0.525787353515625,0.500732421875,0.50244140625,-0.08740234375,0.5015869140625
449,independent_q_restore,9,54,True,0.504638671875,00001111,0.901123046875,0.900634765625,0.38623046875,0.90087890625,0.554931640625,0.55712890625,0.35400390625,0.5560302734375,0.504638671875,0.5055745442708334,-0.075927734375,0.5051066080729167
449,independent_q_restore,13,58,True,0.504638671875,00001111,0.895751953125,0.8905029296875,0.38427734375,0.89312744140625,0.572998046875,0.575927734375,0.3671875,0.574462890625,0.504638671875,0.5071614583333334,-0.060546875,0.5059000651041667
449,independent_q_restore,17,62,True,0.50390625,00000011,0.8046875,0.802978515625,0.377685546875,0.8038330078125,0.66162109375,0.6651611328125,0.371337890625,0.66339111328125,0.50390625,0.5040690104166666,-0.041015625,0.5039876302083333
449,independent_q_restore,24,69,True,0.50732421875,00110011,0.5751953125,0.5704345703125,0.375,0.57281494140625,0.869140625,0.87042236328125,0.373046875,0.869781494140625,0.50732421875,0.5120849609375,-0.02392578125,0.50970458984375
449,independent_q_restore,33,78,True,0.50244140625,00110011,0.498046875,0.4952392578125,0.3779296875,0.49664306640625,0.9775390625,0.9764404296875,0.378173828125,0.97698974609375,0.50244140625,0.50341796875,0.009033203125,0.5029296875
449,independent_q_restore,45,90,True,0.5,00110011,0.5,0.4998779296875,0.3515625,0.49993896484375,1.0,1.0,0.35205078125,1.0,0.5,0.5,0.017578125,0.5
449,independent_q_restore,62,107,True,0.5,00110011,0.5,0.5,0.333251953125,0.5,1.0,1.0,0.334716796875,1.0,0.5,0.5,0.067138671875,0.5
449,independent_q_restore,85,130,True,0.500732421875,00110011,0.499755859375,0.4996337890625,0.31494140625,0.49969482421875,0.999267578125,0.99920654296875,0.31640625,0.999237060546875,0.500732421875,0.500732421875,0.10888671875,0.500732421875
449,independent_q_restore,117,162,True,0.54638671875,00110011,0.50439453125,0.502685546875,0.343017578125,0.5035400390625,0.95361328125,0.952880859375,0.344482421875,0.9532470703125,0.54638671875,0.5472819010416666,0.232421875,0.5468343098958333
449,independent_q_restore,128,173,True,0.53662109375,00110011,0.50927734375,0.507568359375,0.347900390625,0.5084228515625,0.96337890625,0.9638671875,0.348388671875,0.963623046875,0.53662109375,0.5367024739583334,0.25146484375,0.5366617838541667
449,independent_q_restore,161,206,True,0.599365234375,00110011,0.493408203125,0.4998779296875,0.323974609375,0.49664306640625,0.900634765625,0.8997802734375,0.3251953125,0.90020751953125,0.599365234375,0.5986328125,0.322021484375,0.5989990234375
449,independent_q_restore,222,267,True,1.0,01010101,0.5,0.5,0.32421875,0.5,0.5,0.50018310546875,0.322998046875,0.500091552734375,1.0,0.9997965494791667,0.326904296875,0.9998982747395834
449,independent_q_restore,304,349,True,1.0,01010101,0.5,0.5,0.3271484375,0.5,0.5,0.5,0.324951171875,0.5,1.0,1.0,0.328857421875,1.0
449,independent_q_restore,418,463,True,1.0,01010101,0.5,0.5,0.334716796875,0.5,0.5,0.5,0.33251953125,0.5,1.0,1.0,0.337158203125,1.0
449,independent_q_restore,575,620,True,1.0,01010101,0.5,0.5,0.3349609375,0.5,0.5,0.5,0.331787109375,0.5,1.0,1.0,0.336669921875,1.0
449,independent_q_restore,790,835,True,1.0,01010101,0.5,0.5,0.340087890625,0.5,0.5,0.5,0.336181640625,0.5,1.0,1.0,0.341552734375,1.0
449,independent_q_restore,1024,1069,True,1.0,01010101,0.5,0.5,0.342041015625,0.5,0.5,0.5,0.336669921875,0.5,1.0,1.0,0.343017578125,1.0
449,independent_padding_sham,0,45,True,0.499755859375,00001111,0.999755859375,0.9998779296875,0.396728515625,0.99981689453125,0.500244140625,0.50018310546875,0.35546875,0.500213623046875,0.499755859375,0.4999593098958333,-0.08251953125,0.49985758463541663
449,independent_padding_sham,1,46,True,0.5,00001111,0.99951171875,0.999755859375,0.40234375,0.9996337890625,0.50048828125,0.50030517578125,0.3720703125,0.500396728515625,0.5,0.5001220703125,-0.07275390625,0.50006103515625
449,independent_padding_sham,2,47,True,0.5,00001111,0.9990234375,0.9991455078125,0.400634765625,0.99908447265625,0.5009765625,0.500732421875,0.376708984375,0.5008544921875,0.5,0.5000813802083334,-0.077880859375,0.5000406901041667
449,independent_padding_sham,3,48,True,0.50146484375,00001111,0.9951171875,0.9954833984375,0.396728515625,0.99530029296875,0.5048828125,0.50537109375,0.3759765625,0.505126953125,0.50146484375,0.5006917317708334,-0.081298828125,0.5010782877604167
449,independent_padding_sham,4,49,True,0.502685546875,00001111,0.982666015625,0.979736328125,0.39306640625,0.981201171875,0.517333984375,0.52008056640625,0.375732421875,0.518707275390625,0.502685546875,0.5017496744791666,-0.084228515625,0.5022176106770833
449,independent_padding_sham,5,50,True,0.501220703125,00001111,0.957275390625,0.9544677734375,0.3994140625,0.95587158203125,0.542724609375,0.54669189453125,0.384521484375,0.544708251953125,0.501220703125,0.5016276041666666,-0.076171875,0.5014241536458333
449,independent_padding_sham,7,52,True,0.5029296875,00001111,0.9033203125,0.9013671875,0.383056640625,0.90234375,0.59326171875,0.5980224609375,0.372314453125,0.59564208984375,0.5029296875,0.503662109375,-0.08935546875,0.5032958984375
449,independent_padding_sham,9,54,True,0.5009765625,00111111,0.85791015625,0.857421875,0.37548828125,0.857666015625,0.6357421875,0.64080810546875,0.369873046875,0.638275146484375,0.5009765625,0.5042317708333334,-0.084716796875,0.5026041666666667
449,independent_padding_sham,13,58,True,0.507568359375,00001111,0.795654296875,0.79248046875,0.357177734375,0.7940673828125,0.701904296875,0.704345703125,0.35546875,0.703125,0.507568359375,0.5098063151041666,-0.085205078125,0.5086873372395833
449,independent_padding_sham,17,62,True,0.50048828125,00000011,0.6962890625,0.697509765625,0.351318359375,0.6968994140625,0.80224609375,0.802978515625,0.35107421875,0.8026123046875,0.50048828125,0.5059407552083334,-0.085205078125,0.5032145182291667
449,independent_padding_sham,24,69,True,0.49951171875,00110011,0.51953125,0.521240234375,0.347900390625,0.5203857421875,0.9755859375,0.97381591796875,0.348388671875,0.974700927734375,0.49951171875,0.5028483072916666,-0.053466796875,0.5011800130208333
449,independent_padding_sham,33,78,True,0.5,00110011,0.5,0.5003662109375,0.347900390625,0.50018310546875,1.0,0.9996337890625,0.348388671875,0.99981689453125,0.5,0.5001220703125,-0.021484375,0.50006103515625
449,independent_padding_sham,45,90,True,0.5,00110011,0.5,0.5,0.33935546875,0.5,1.0,1.0,0.340576171875,1.0,0.5,0.5,0.016357421875,0.5
449,independent_padding_sham,62,107,True,0.5,00110011,0.5,0.5,0.339111328125,0.5,1.0,1.0,0.33984375,1.0,0.5,0.5,0.072265625,0.5
449,independent_padding_sham,85,130,True,0.501220703125,00110011,0.500244140625,0.5,0.314697265625,0.5001220703125,0.998779296875,0.99884033203125,0.315673828125,0.998809814453125,0.501220703125,0.5011393229166666,0.105712890625,0.5011800130208333
449,independent_padding_sham,117,162,True,0.55419921875,00110011,0.5029296875,0.501220703125,0.322021484375,0.5020751953125,0.94580078125,0.9459228515625,0.322509765625,0.94586181640625,0.55419921875,0.5535888671875,0.2314453125,0.55389404296875
449,independent_padding_sham,128,173,True,0.53857421875,00110011,0.5107421875,0.508544921875,0.34033203125,0.5096435546875,0.96142578125,0.962646484375,0.341796875,0.9620361328125,0.53857421875,0.5387776692708334,0.305908203125,0.5386759440104167
449,independent_padding_sham,161,206,True,0.685791015625,00110011,0.485107421875,0.4896240234375,0.33251953125,0.48736572265625,0.814208984375,0.81146240234375,0.333251953125,0.812835693359375,0.685791015625,0.6865234375,0.333251953125,0.6861572265625
449,independent_padding_sham,222,267,True,1.0,01010101,0.5,0.5,0.346923828125,0.5,0.5,0.5,0.3486328125,0.5,1.0,1.0,0.34912109375,1.0
449,independent_padding_sham,304,349,True,1.0,01010101,0.5,0.5,0.361328125,0.5,0.5,0.5,0.362548828125,0.5,1.0,1.0,0.363037109375,1.0
449,independent_padding_sham,418,463,True,1.0,01010101,0.5,0.5,0.365478515625,0.5,0.5,0.5,0.36669921875,0.5,1.0,1.0,0.366943359375,1.0
449,independent_padding_sham,575,620,True,1.0,01010101,0.5,0.5,0.3681640625,0.5,0.5,0.5,0.368896484375,0.5,1.0,1.0,0.369384765625,1.0
449,independent_padding_sham,790,835,True,1.0,01010101,0.5,0.5,0.367431640625,0.5,0.5,0.5,0.368408203125,0.5,1.0,1.0,0.368896484375,1.0
449,independent_padding_sham,1024,1069,True,1.0,01010101,0.5,0.5,0.366943359375,0.5,0.5,0.5,0.36767578125,0.5,1.0,1.0,0.3681640625,1.0
449,nested_noop,0,45,True,0.5,00001111,1.0,1.0,0.40380859375,1.0,0.5,0.5,0.14501953125,0.5,0.5,0.5,-0.0693359375,0.5
449,nested_noop,1,46,True,0.5,00001111,1.0,1.0,0.402099609375,1.0,0.5,0.5,0.146484375,0.5,0.5,0.5,-0.069091796875,0.5
449,nested_noop,2,47,True,0.500244140625,00001111,0.999755859375,0.99951171875,0.414306640625,0.9996337890625,0.500244140625,0.50030517578125,0.1611328125,0.500274658203125,0.500244140625,0.5000406901041666,-0.057861328125,0.5001424153645833
449,nested_noop,3,48,True,0.50146484375,00001111,0.99462890625,0.994384765625,0.419921875,0.9945068359375,0.50537109375,0.50518798828125,0.172607421875,0.505279541015625,0.50146484375,0.5003662109375,-0.046875,0.50091552734375
449,nested_noop,4,49,True,0.499267578125,00001111,0.979248046875,0.9808349609375,0.414794921875,0.98004150390625,0.516845703125,0.51861572265625,0.174072265625,0.517730712890625,0.499267578125,0.4998372395833333,-0.0478515625,0.49955240885416663
449,nested_noop,5,50,True,0.504150390625,00001111,0.952392578125,0.9539794921875,0.4140625,0.95318603515625,0.532958984375,0.5367431640625,0.185302734375,0.53485107421875,0.504150390625,0.5035400390625,-0.04541015625,0.50384521484375
449,nested_noop,7,52,True,0.507568359375,00001111,0.873291015625,0.8707275390625,0.403076171875,0.87200927734375,0.566162109375,0.5679931640625,0.19580078125,0.56707763671875,0.507568359375,0.5083414713541666,-0.052001953125,0.5079549153645833
449,nested_noop,9,54,True,0.515625,00111111,0.79052734375,0.785888671875,0.39111328125,0.7882080078125,0.587890625,0.5882568359375,0.20947265625,0.58807373046875,0.515625,0.5123697916666666,-0.06689453125,0.5139973958333333
449,nested_noop,13,58,True,0.512451171875,00111111,0.794677734375,0.789306640625,0.38818359375,0.7919921875,0.613525390625,0.61224365234375,0.225341796875,0.612884521484375,0.512451171875,0.5143636067708334,-0.06201171875,0.5134073893229167
449,nested_noop,17,62,True,0.51220703125,00001111,0.931640625,0.9261474609375,0.38671875,0.92889404296875,0.55419921875,0.5628662109375,0.23681640625,0.55853271484375,0.51220703125,0.5146891276041666,-0.0537109375,0.5134480794270833
449,nested_noop,24,69,True,0.5234375,00000011,0.73974609375,0.738525390625,0.390869140625,0.7391357421875,0.6484375,0.6495361328125,0.301513671875,0.64898681640625,0.5234375,0.5275065104166666,-0.0244140625,0.5254720052083333
449,nested_noop,33,78,True,0.5390625,00010011,0.701171875,0.69775390625,0.353515625,0.699462890625,0.78564453125,0.78814697265625,0.338623046875,0.786895751953125,0.5390625,0.5456949869791666,-0.021728515625,0.5423787434895833
449,nested_noop,45,90,True,0.5419921875,00110011,0.599609375,0.59716796875,0.3203125,0.598388671875,0.89892578125,0.8984375,0.322021484375,0.898681640625,0.5419921875,0.5443115234375,-0.0009765625,0.54315185546875
449,nested_noop,62,107,True,0.5,00110011,0.5,0.5001220703125,0.335693359375,0.50006103515625,1.0,0.9998779296875,0.33935546875,0.99993896484375,0.5,0.5000406901041666,0.081298828125,0.5000203450520833
449,nested_noop,85,130,True,0.5,00110011,0.5,0.5,0.299560546875,0.5,1.0,0.99993896484375,0.302001953125,0.999969482421875,0.5,0.5000406901041666,0.166015625,0.5000203450520833
449,nested_noop,117,162,True,0.637451171875,01110011,0.483154296875,0.4801025390625,0.314208984375,0.48162841796875,0.862548828125,0.859375,0.314453125,0.8609619140625,0.637451171875,0.637939453125,0.30810546875,0.6376953125
449,nested_noop,128,173,True,0.72802734375,00010011,0.54541015625,0.5433349609375,0.323486328125,0.54437255859375,0.77197265625,0.771240234375,0.323486328125,0.7716064453125,0.72802734375,0.7285970052083334,0.3232421875,0.7283121744791667
449,nested_noop,161,206,True,0.9951171875,01010101,0.5029296875,0.50341796875,0.317138671875,0.503173828125,0.5048828125,0.504638671875,0.317138671875,0.5047607421875,0.9951171875,0.9954020182291667,0.317138671875,0.9952596028645834
449,nested_noop,222,267,True,1.0,01010101,0.5,0.5,0.309326171875,0.5,0.5,0.5,0.309326171875,0.5,1.0,1.0,0.309326171875,1.0
449,nested_noop,304,349,True,1.0,01010101,0.5,0.5,0.309814453125,0.5,0.5,0.5,0.309814453125,0.5,1.0,1.0,0.309814453125,1.0
449,nested_noop,418,463,True,1.0,01010101,0.5,0.5,0.302490234375,0.5,0.5,0.5,0.302490234375,0.5,1.0,1.0,0.302490234375,1.0
449,nested_noop,575,620,True,1.0,01010101,0.5,0.5,0.306396484375,0.5,0.5,0.5,0.306396484375,0.5,1.0,1.0,0.306396484375,1.0
449,nested_noop,790,835,True,1.0,01010101,0.5,0.5,0.31005859375,0.5,0.5,0.5,0.31005859375,0.5,1.0,1.0,0.31005859375,1.0
449,nested_noop,1024,1069,True,1.0,01010101,0.5,0.5,0.3154296875,0.5,0.5,0.5,0.3154296875,0.5,1.0,1.0,0.3154296875,1.0
449,nested_q_transplant,0,45,True,0.5,00001111,1.0,1.0,0.385986328125,1.0,0.5,0.5,0.219482421875,0.5,0.5,0.5,-0.0927734375,0.5
449,nested_q_transplant,1,46,True,0.5,00001111,1.0,1.0,0.391845703125,1.0,0.5,0.5,0.228515625,0.5,0.5,0.5,-0.080078125,0.5
449,nested_q_transplant,2,47,True,0.500244140625,00001111,0.999755859375,0.99951171875,0.3935546875,0.9996337890625,0.500244140625,0.5003662109375,0.2333984375,0.50030517578125,0.500244140625,0.5,-0.075439453125,0.5001220703125
449,nested_q_transplant,3,48,True,0.5009765625,00001111,0.99560546875,0.9949951171875,0.393310546875,0.99530029296875,0.50439453125,0.50469970703125,0.23974609375,0.504547119140625,0.5009765625,0.5002848307291666,-0.0732421875,0.5006306966145833
449,nested_q_transplant,4,49,True,0.502197265625,00001111,0.980712890625,0.980712890625,0.387451171875,0.980712890625,0.518798828125,0.52020263671875,0.246337890625,0.519500732421875,0.502197265625,0.50146484375,-0.07666015625,0.5018310546875
449,nested_q_transplant,5,50,True,0.504150390625,00001111,0.952392578125,0.9539794921875,0.3876953125,0.95318603515625,0.541748046875,0.5452880859375,0.264404296875,0.54351806640625,0.504150390625,0.5039876302083334,-0.083740234375,0.5040690104166667
449,nested_q_transplant,7,52,True,0.50439453125,00001111,0.876953125,0.878173828125,0.378662109375,0.8775634765625,0.60205078125,0.6041259765625,0.281494140625,0.60308837890625,0.50439453125,0.5061442057291666,-0.08984375,0.5052693684895833
449,nested_q_transplant,9,54,True,0.510986328125,00111111,0.809326171875,0.807373046875,0.378662109375,0.808349609375,0.646728515625,0.64727783203125,0.297607421875,0.647003173828125,0.510986328125,0.510009765625,-0.079833984375,0.510498046875
449,nested_q_transplant,13,58,True,0.508544921875,00111111,0.819580078125,0.818603515625,0.365478515625,0.819091796875,0.652587890625,0.65179443359375,0.30517578125,0.652191162109375,0.508544921875,0.5118815104166666,-0.094970703125,0.5102132161458333
449,nested_q_transplant,17,62,True,0.505126953125,00001111,0.863525390625,0.8602294921875,0.361328125,0.86187744140625,0.633056640625,0.6368408203125,0.306640625,0.63494873046875,0.505126953125,0.5094401041666666,-0.0849609375,0.5072835286458333
449,nested_q_transplant,24,69,True,0.516357421875,00000011,0.739990234375,0.735595703125,0.35595703125,0.73779296875,0.750732421875,0.75592041015625,0.337158203125,0.753326416015625,0.516357421875,0.522216796875,-0.05859375,0.519287109375
449,nested_q_transplant,33,78,True,0.517333984375,00110011,0.576904296875,0.5743408203125,0.3330078125,0.57562255859375,0.922607421875,0.92529296875,0.3369140625,0.9239501953125,0.517333984375,0.5220947265625,-0.0302734375,0.51971435546875
449,nested_q_transplant,45,90,True,0.504638671875,00110011,0.508056640625,0.5074462890625,0.328857421875,0.50775146484375,0.991943359375,0.9920654296875,0.331787109375,0.99200439453125,0.504638671875,0.5064697265625,0.025146484375,0.50555419921875
449,nested_q_transplant,62,107,True,0.5,00110011,0.5,0.5,0.31591796875,0.5,1.0,1.0,0.3193359375,1.0,0.5,0.5,0.10498046875,0.5
449,nested_q_transplant,85,130,True,0.500732421875,00110011,0.500244140625,0.500244140625,0.321044921875,0.500244140625,0.999267578125,0.99884033203125,0.322021484375,0.999053955078125,0.500732421875,0.5008544921875,0.27197265625,0.50079345703125
449,nested_q_transplant,117,162,True,0.648681640625,00110011,0.486083984375,0.4820556640625,0.328369140625,0.48406982421875,0.851318359375,0.84454345703125,0.32861328125,0.847930908203125,0.648681640625,0.65380859375,0.328369140625,0.6512451171875
449,nested_q_transplant,128,173,True,0.691162109375,00010011,0.543212890625,0.5418701171875,0.32763671875,0.54254150390625,0.808837890625,0.8077392578125,0.32763671875,0.80828857421875,0.691162109375,0.6929931640625,0.32763671875,0.69207763671875
449,nested_q_transplant,161,206,True,0.99560546875,01010101,0.50048828125,0.501708984375,0.3447265625,0.5010986328125,0.50439453125,0.50408935546875,0.3447265625,0.504241943359375,0.99560546875,0.9961751302083333,0.3447265625,0.9958902994791666
449,nested_q_transplant,222,267,True,1.0,01010101,0.5,0.5,0.336181640625,0.5,0.5,0.5,0.336181640625,0.5,1.0,1.0,0.336181640625,1.0
449,nested_q_transplant,304,349,True,1.0,01010101,0.5,0.5,0.343017578125,0.5,0.5,0.5,0.343017578125,0.5,1.0,1.0,0.343017578125,1.0
449,nested_q_transplant,418,463,True,1.0,01010101,0.5,0.5,0.3427734375,0.5,0.5,0.5,0.3427734375,0.5,1.0,1.0,0.3427734375,1.0
449,nested_q_transplant,575,620,True,1.0,01010101,0.5,0.5,0.3388671875,0.5,0.5,0.5,0.3388671875,0.5,1.0,1.0,0.3388671875,1.0
449,nested_q_transplant,790,835,True,1.0,01010101,0.5,0.5,0.334228515625,0.5,0.5,0.5,0.334228515625,0.5,1.0,1.0,0.334228515625,1.0
449,nested_q_transplant,1024,1069,True,1.0,01010101,0.5,0.5,0.335693359375,0.5,0.5,0.5,0.335693359375,0.5,1.0,1.0,0.335693359375,1.0
449,nested_padding_sham,0,45,True,0.5,00001111,1.0,1.0,0.406005859375,1.0,0.5,0.5,0.12939453125,0.5,0.5,0.5,-0.0703125,0.5
449,nested_padding_sham,1,46,True,0.5,00001111,1.0,1.0,0.404541015625,1.0,0.5,0.5,0.133056640625,0.5,0.5,0.5,-0.0673828125,0.5
449,nested_padding_sham,2,47,True,0.500244140625,00001111,0.999755859375,0.99951171875,0.415771484375,0.9996337890625,0.500244140625,0.50042724609375,0.1513671875,0.500335693359375,0.500244140625,0.4999593098958333,-0.050537109375,0.5001017252604166
449,nested_padding_sham,3,48,True,0.501708984375,00001111,0.993896484375,0.9932861328125,0.413330078125,0.99359130859375,0.505615234375,0.50604248046875,0.151611328125,0.505828857421875,0.501708984375,0.5005696614583334,-0.04736328125,0.5011393229166667
449,nested_padding_sham,4,49,True,0.5,00001111,0.978515625,0.9793701171875,0.413818359375,0.97894287109375,0.51611328125,0.51806640625,0.15771484375,0.51708984375,0.5,0.5002848307291666,-0.043701171875,0.5001424153645833
449,nested_padding_sham,5,50,True,0.504638671875,00001111,0.949462890625,0.949951171875,0.407470703125,0.94970703125,0.531005859375,0.5357666015625,0.15966796875,0.53338623046875,0.504638671875,0.5048014322916666,-0.048583984375,0.5047200520833333
449,nested_padding_sham,7,52,True,0.504150390625,00001111,0.867431640625,0.86962890625,0.400146484375,0.8685302734375,0.568115234375,0.56976318359375,0.175048828125,0.568939208984375,0.504150390625,0.5071207682291666,-0.056396484375,0.5056355794270833
449,nested_padding_sham,9,54,True,0.508056640625,00111111,0.791748046875,0.7867431640625,0.392822265625,0.78924560546875,0.583251953125,0.58624267578125,0.196044921875,0.584747314453125,0.508056640625,0.5078531901041666,-0.066162109375,0.5079549153645833
449,nested_padding_sham,13,58,True,0.508056640625,00111111,0.797607421875,0.79150390625,0.38330078125,0.7945556640625,0.599853515625,0.6024169921875,0.20751953125,0.60113525390625,0.508056640625,0.5105794270833334,-0.072265625,0.5093180338541667
449,nested_padding_sham,17,62,True,0.509521484375,00001111,0.924072265625,0.9249267578125,0.37841796875,0.92449951171875,0.558349609375,0.56317138671875,0.212158203125,0.560760498046875,0.509521484375,0.5123697916666666,-0.07177734375,0.5109456380208333
449,nested_padding_sham,24,69,True,0.520263671875,00000011,0.736572265625,0.7354736328125,0.38720703125,0.73602294921875,0.638427734375,0.64202880859375,0.28466796875,0.640228271484375,0.520263671875,0.5234781901041666,-0.039794921875,0.5218709309895833
449,nested_padding_sham,33,78,True,0.5302734375,00000011,0.712890625,0.705078125,0.361572265625,0.708984375,0.76806640625,0.7718505859375,0.33740234375,0.76995849609375,0.5302734375,0.5386962890625,-0.026611328125,0.53448486328125
449,nested_padding_sham,45,90,True,0.53759765625,00110011,0.60888671875,0.6075439453125,0.32958984375,0.60821533203125,0.88720703125,0.88848876953125,0.333984375,0.887847900390625,0.53759765625,0.5389811197916666,-0.004638671875,0.5382893880208333
449,nested_padding_sham,62,107,True,0.5,00110011,0.5,0.500244140625,0.33544921875,0.5001220703125,1.0,0.99981689453125,0.34033203125,0.999908447265625,0.5,0.5000813802083334,0.064208984375,0.5000406901041667
449,nested_padding_sham,85,130,True,0.5,00110011,0.5,0.5,0.298583984375,0.5,1.0,0.99993896484375,0.300537109375,0.999969482421875,0.5,0.5,0.12744140625,0.5
449,nested_padding_sham,117,162,True,0.603759765625,00110011,0.482177734375,0.481201171875,0.3271484375,0.481689453125,0.896240234375,0.89453125,0.32763671875,0.8953857421875,0.603759765625,0.6035970052083334,0.317626953125,0.6036783854166667
449,nested_padding_sham,128,173,True,0.68994140625,00010011,0.54345703125,0.539794921875,0.33154296875,0.5416259765625,0.81005859375,0.80853271484375,0.331787109375,0.809295654296875,0.68994140625,0.6916910807291666,0.33154296875,0.6908162434895833
449,nested_padding_sham,161,206,True,0.99169921875,01010101,0.50341796875,0.5047607421875,0.32958984375,0.50408935546875,0.50830078125,0.50738525390625,0.329833984375,0.507843017578125,0.99169921875,0.9927978515625,0.329833984375,0.99224853515625
449,nested_padding_sham,222,267,True,1.0,01010101,0.5,0.5,0.3115234375,0.5,0.5,0.5,0.31103515625,0.5,1.0,1.0,0.3115234375,1.0
449,nested_padding_sham,304,349,True,1.0,01010101,0.5,0.5,0.312744140625,0.5,0.5,0.5,0.3125,0.5,1.0,1.0,0.312744140625,1.0
449,nested_padding_sham,418,463,True,1.0,01010101,0.5,0.5,0.316162109375,0.5,0.5,0.5,0.31591796875,0.5,1.0,1.0,0.316162109375,1.0
449,nested_padding_sham,575,620,True,1.0,01010101,0.5,0.5,0.322998046875,0.5,0.5,0.5,0.322998046875,0.5,1.0,1.0,0.322998046875,1.0
449,nested_padding_sham,790,835,True,1.0,01010101,0.5,0.5,0.31982421875,0.5,0.5,0.5,0.31982421875,0.5,1.0,1.0,0.31982421875,1.0
449,nested_padding_sham,1024,1069,True,1.0,01010101,0.5,0.5,0.323486328125,0.5,0.5,0.5,0.322998046875,0.5,1.0,1.0,0.323486328125,1.0
457,independent_noop,0,45,True,0.50048828125,00001111,0.99951171875,0.999755859375,0.36572265625,0.9996337890625,0.50048828125,0.50030517578125,0.337646484375,0.500396728515625,0.50048828125,0.5003255208333334,-0.120849609375,0.5004069010416667
457,independent_noop,1,46,True,0.50048828125,00001111,0.99755859375,0.9984130859375,0.364013671875,0.99798583984375,0.50244140625,0.5015869140625,0.341064453125,0.50201416015625,0.50048828125,0.500732421875,-0.12548828125,0.5006103515625
457,independent_noop,2,47,True,0.5009765625,00001111,0.99609375,0.9971923828125,0.36474609375,0.99664306640625,0.50390625,0.50274658203125,0.344482421875,0.503326416015625,0.5009765625,0.5009358723958334,-0.116455078125,0.5009562174479167
457,independent_noop,3,48,True,0.500244140625,00001111,0.996337890625,0.996826171875,0.359619140625,0.99658203125,0.503662109375,0.50286865234375,0.3427734375,0.503265380859375,0.500244140625,0.50048828125,-0.11572265625,0.5003662109375
457,independent_noop,4,49,True,0.500244140625,00001111,0.995361328125,0.9957275390625,0.361083984375,0.99554443359375,0.504638671875,0.5040283203125,0.345458984375,0.50433349609375,0.500244140625,0.5004069010416666,-0.112060546875,0.5003255208333333
457,independent_noop,5,50,True,0.500244140625,00001111,0.992431640625,0.990966796875,0.363037109375,0.99169921875,0.507568359375,0.5072021484375,0.3505859375,0.50738525390625,0.500244140625,0.5001627604166666,-0.114501953125,0.5002034505208333
457,independent_noop,7,52,True,0.49853515625,00001111,0.97314453125,0.9713134765625,0.36865234375,0.97222900390625,0.52685546875,0.52789306640625,0.36083984375,0.527374267578125,0.49853515625,0.4999593098958333,-0.109619140625,0.49924723307291663
457,independent_noop,9,54,True,0.5009765625,00001111,0.92138671875,0.921142578125,0.374267578125,0.9212646484375,0.57861328125,0.57843017578125,0.36962890625,0.578521728515625,0.5009765625,0.5009358723958334,-0.108642578125,0.5009562174479167
457,independent_noop,13,58,True,0.5068359375,00111111,0.7421875,0.7418212890625,0.369873046875,0.74200439453125,0.7578125,0.7630615234375,0.36865234375,0.76043701171875,0.5068359375,0.5038248697916666,-0.114990234375,0.5053304036458333
457,independent_noop,17,62,True,0.498779296875,00110011,0.581298828125,0.5794677734375,0.361083984375,0.58038330078125,0.918701171875,0.92022705078125,0.361328125,0.919464111328125,0.498779296875,0.4982096354166667,-0.11376953125,0.49849446614583337
457,independent_noop,24,69,True,0.5,00110011,0.5029296875,0.503173828125,0.361572265625,0.5030517578125,0.9970703125,0.99713134765625,0.362060546875,0.997100830078125,0.5,0.500244140625,-0.107666015625,0.5001220703125
457,independent_noop,33,78,True,0.5,00110011,0.5,0.5,0.358642578125,0.5,1.0,1.0,0.359130859375,1.0,0.5,0.5,-0.118408203125,0.5
457,independent_noop,45,90,True,0.5,00110011,0.5,0.5,0.37109375,0.5,1.0,1.0,0.37109375,1.0,0.5,0.5,-0.112060546875,0.5
457,independent_noop,62,107,True,0.5,00110011,0.5,0.5,0.3701171875,0.5,1.0,1.0,0.3701171875,1.0,0.5,0.5,-0.104736328125,0.5
457,independent_noop,85,130,True,0.5,00110011,0.5,0.5,0.37158203125,0.5,1.0,1.0,0.371826171875,1.0,0.5,0.5,-0.08447265625,0.5
457,independent_noop,117,162,True,0.5,00110011,0.5,0.5,0.3525390625,0.5,1.0,1.0,0.3525390625,1.0,0.5,0.5,0.00830078125,0.5
457,independent_noop,128,173,True,0.5,00110011,0.5,0.5,0.345458984375,0.5,1.0,1.0,0.345703125,1.0,0.5,0.5,0.068359375,0.5
457,independent_noop,161,206,True,0.5,00110011,0.5,0.5,0.33447265625,0.5,1.0,1.0,0.33544921875,1.0,0.5,0.5,0.226806640625,0.5
457,independent_noop,222,267,True,0.75048828125,00010111,0.53662109375,0.5343017578125,0.245849609375,0.53546142578125,0.74951171875,0.7457275390625,0.249267578125,0.74761962890625,0.75048828125,0.753173828125,0.249267578125,0.7518310546875
457,independent_noop,304,349,True,1.0,01010101,0.5,0.5,0.245849609375,0.5,0.5,0.5,0.253173828125,0.5,1.0,1.0,0.254150390625,1.0
457,independent_noop,418,463,True,1.0,01010101,0.5,0.5,0.24560546875,0.5,0.5,0.5,0.25146484375,0.5,1.0,1.0,0.2529296875,1.0
457,independent_noop,575,620,True,1.0,01010101,0.5,0.5,0.252685546875,0.5,0.5,0.5,0.258544921875,0.5,1.0,1.0,0.259765625,1.0
457,independent_noop,790,835,True,1.0,01010101,0.5,0.5,0.2548828125,0.5,0.5,0.5,0.259521484375,0.5,1.0,1.0,0.2607421875,1.0
457,independent_noop,1024,1069,True,1.0,01010101,0.5,0.5,0.26025390625,0.5,0.5,0.5,0.263916015625,0.5,1.0,1.0,0.26513671875,1.0
457,independent_q_restore,0,45,True,0.5,00001111,1.0,1.0,0.3720703125,1.0,0.5,0.5,0.20263671875,0.5,0.5,0.5,-0.104248046875,0.5
457,independent_q_restore,1,46,True,0.5,00001111,1.0,1.0,0.373291015625,1.0,0.5,0.5,0.219482421875,0.5,0.5,0.5,-0.105224609375,0.5
457,independent_q_restore,2,47,True,0.5,00001111,1.0,1.0,0.372314453125,1.0,0.5,0.5,0.23193359375,0.5,0.5,0.5,-0.09375,0.5
457,independent_q_restore,3,48,True,0.5,00001111,1.0,1.0,0.36962890625,1.0,0.5,0.5,0.242919921875,0.5,0.5,0.5,-0.092529296875,0.5
457,independent_q_restore,4,49,True,0.5,00001111,1.0,1.0,0.3681640625,1.0,0.5,0.5,0.251953125,0.5,0.5,0.5,-0.0927734375,0.5
457,independent_q_restore,5,50,True,0.5,00001111,1.0,1.0,0.373291015625,1.0,0.5,0.5,0.26806640625,0.5,0.5,0.5,-0.08349609375,0.5
457,independent_q_restore,7,52,True,0.50048828125,00001111,0.99951171875,0.999755859375,0.38916015625,0.9996337890625,0.50048828125,0.50030517578125,0.30126953125,0.500396728515625,0.50048828125,0.500244140625,-0.063232421875,0.5003662109375
457,independent_q_restore,9,54,True,0.501220703125,00001111,0.997802734375,0.9970703125,0.396728515625,0.9974365234375,0.502197265625,0.50225830078125,0.326171875,0.502227783203125,0.501220703125,0.5008138020833334,-0.05419921875,0.5010172526041667
457,independent_q_restore,13,58,True,0.50390625,00001111,0.96826171875,0.9677734375,0.397705078125,0.968017578125,0.5283203125,0.53094482421875,0.3544921875,0.529632568359375,0.50390625,0.5047607421875,-0.065673828125,0.50433349609375
457,independent_q_restore,17,62,True,0.50390625,00001111,0.8505859375,0.8505859375,0.403564453125,0.8505859375,0.6416015625,0.64263916015625,0.3857421875,0.642120361328125,0.50390625,0.5073649088541666,-0.056396484375,0.5056355794270833
457,independent_q_restore,24,69,True,0.508544921875,00110011,0.593017578125,0.59033203125,0.392333984375,0.5916748046875,0.885986328125,0.88714599609375,0.391845703125,0.886566162109375,0.508544921875,0.5013427734375,-0.063720703125,0.50494384765625
457,independent_q_restore,33,78,True,0.49853515625,00110011,0.501953125,0.50146484375,0.37109375,0.501708984375,0.99072265625,0.990234375,0.371826171875,0.990478515625,0.49853515625,0.4980875651041667,-0.07373046875,0.49831136067708337
457,independent_q_restore,45,90,True,0.500732421875,00110011,0.499267578125,0.49951171875,0.355224609375,0.4993896484375,0.999267578125,0.99920654296875,0.355712890625,0.999237060546875,0.500732421875,0.500244140625,-0.115234375,0.50048828125
457,independent_q_restore,62,107,True,0.5,00110011,0.5,0.5,0.357177734375,0.5,1.0,1.0,0.357666015625,1.0,0.5,0.5,-0.102783203125,0.5
457,independent_q_restore,85,130,True,0.5,00110011,0.5,0.5,0.33740234375,0.5,1.0,1.0,0.33837890625,1.0,0.5,0.5,-0.079833984375,0.5
457,independent_q_restore,117,162,True,0.5,00110011,0.5,0.5,0.322998046875,0.5,1.0,1.0,0.323486328125,1.0,0.5,0.5,0.01171875,0.5
457,independent_q_restore,128,173,True,0.5,00110011,0.5,0.5,0.3271484375,0.5,1.0,1.0,0.327392578125,1.0,0.5,0.5,0.086181640625,0.5
457,independent_q_restore,161,206,True,0.519287109375,00110011,0.501220703125,0.500244140625,0.285400390625,0.500732421875,0.980712890625,0.98138427734375,0.2861328125,0.981048583984375,0.519287109375,0.5185953776041666,0.23095703125,0.5189412434895833
457,independent_q_restore,222,267,True,0.912841796875,01010101,0.508056640625,0.5076904296875,0.269287109375,0.50787353515625,0.587158203125,0.58709716796875,0.270263671875,0.587127685546875,0.912841796875,0.9109293619791667,0.270263671875,0.9118855794270834
457,independent_q_restore,304,349,True,1.0,01010101,0.5,0.5,0.267578125,0.5,0.5,0.5,0.266845703125,0.5,1.0,1.0,0.268798828125,1.0
457,independent_q_restore,418,463,True,1.0,01010101,0.5,0.5,0.26611328125,0.5,0.5,0.5,0.263427734375,0.5,1.0,1.0,0.266845703125,1.0
457,independent_q_restore,575,620,True,1.0,01010101,0.5,0.5,0.263427734375,0.5,0.5,0.5,0.259765625,0.5,1.0,1.0,0.263916015625,1.0
457,independent_q_restore,790,835,True,1.0,01010101,0.5,0.5,0.26123046875,0.5,0.5,0.5,0.257568359375,0.5,1.0,1.0,0.26171875,1.0
457,independent_q_restore,1024,1069,True,1.0,01010101,0.5,0.5,0.26220703125,0.5,0.5,0.5,0.258544921875,0.5,1.0,1.0,0.2626953125,1.0
457,independent_padding_sham,0,45,True,0.498779296875,00001111,0.991455078125,0.9920654296875,0.36669921875,0.99176025390625,0.508544921875,0.5084228515625,0.285888671875,0.50848388671875,0.498779296875,0.499267578125,-0.127685546875,0.4990234375
457,independent_padding_sham,1,46,True,0.497314453125,00001111,0.987060546875,0.988037109375,0.3662109375,0.987548828125,0.512939453125,0.51171875,0.2939453125,0.5123291015625,0.497314453125,0.49853515625,-0.12744140625,0.4979248046875
457,independent_padding_sham,2,47,True,0.498779296875,00001111,0.986083984375,0.9862060546875,0.370849609375,0.98614501953125,0.513916015625,0.5133056640625,0.3056640625,0.51361083984375,0.498779296875,0.4996744791666667,-0.124267578125,0.49922688802083337
457,independent_padding_sham,3,48,True,0.5,00001111,0.98291015625,0.9837646484375,0.376708984375,0.98333740234375,0.51708984375,0.51593017578125,0.3173828125,0.516510009765625,0.5,0.5008138020833334,-0.112548828125,0.5004069010416667
457,independent_padding_sham,4,49,True,0.49853515625,00001111,0.98193359375,0.9815673828125,0.37939453125,0.98175048828125,0.51806640625,0.51751708984375,0.327880859375,0.517791748046875,0.49853515625,0.499755859375,-0.109375,0.4991455078125
457,independent_padding_sham,5,50,True,0.49609375,00001111,0.97705078125,0.9761962890625,0.38330078125,0.97662353515625,0.52294921875,0.52239990234375,0.338623046875,0.522674560546875,0.49609375,0.4977620442708333,-0.097412109375,0.49692789713541663
457,independent_padding_sham,7,52,True,0.498291015625,00001111,0.950927734375,0.9495849609375,0.383544921875,0.95025634765625,0.549072265625,0.55059814453125,0.349609375,0.549835205078125,0.498291015625,0.5003255208333334,-0.096923828125,0.4993082682291667
457,independent_padding_sham,9,54,True,0.498046875,00001111,0.912109375,0.9112548828125,0.388671875,0.91168212890625,0.587890625,0.59124755859375,0.363525390625,0.589569091796875,0.498046875,0.4994303385416667,-0.0947265625,0.49873860677083337
457,independent_padding_sham,13,58,True,0.50244140625,00111111,0.76953125,0.7664794921875,0.39013671875,0.76800537109375,0.72900390625,0.7283935546875,0.379150390625,0.72869873046875,0.50244140625,0.5016682942708334,-0.101318359375,0.5020548502604167
457,independent_padding_sham,17,62,True,0.50537109375,00110011,0.63916015625,0.6365966796875,0.39111328125,0.63787841796875,0.85791015625,0.86090087890625,0.3896484375,0.859405517578125,0.50537109375,0.500732421875,-0.097412109375,0.5030517578125
457,independent_padding_sham,24,69,True,0.50146484375,00110011,0.51318359375,0.512451171875,0.38818359375,0.5128173828125,0.9833984375,0.98492431640625,0.388427734375,0.984161376953125,0.50146484375,0.5001220703125,-0.1064453125,0.50079345703125
457,independent_padding_sham,33,78,True,0.5,00110011,0.5,0.5,0.376953125,0.5,1.0,1.0,0.377685546875,1.0,0.5,0.5,-0.115478515625,0.5
457,independent_padding_sham,45,90,True,0.5,00110011,0.5,0.5,0.3740234375,0.5,1.0,1.0,0.374755859375,1.0,0.5,0.5,-0.114990234375,0.5
457,independent_padding_sham,62,107,True,0.5,00110011,0.5,0.5,0.38134765625,0.5,1.0,1.0,0.381591796875,1.0,0.5,0.5,-0.105712890625,0.5
457,independent_padding_sham,85,130,True,0.5,00110011,0.5,0.5,0.35498046875,0.5,1.0,1.0,0.355712890625,1.0,0.5,0.5,-0.080322265625,0.5
457,independent_padding_sham,117,162,True,0.5,00110011,0.5,0.5,0.330810546875,0.5,1.0,1.0,0.331787109375,1.0,0.5,0.5,0.087158203125,0.5
457,independent_padding_sham,128,173,True,0.500244140625,00110011,0.499755859375,0.5,0.34619140625,0.4998779296875,0.999755859375,0.99981689453125,0.347412109375,0.999786376953125,0.500244140625,0.500244140625,0.18798828125,0.500244140625
457,independent_padding_sham,161,206,True,0.556396484375,00110011,0.498779296875,0.4984130859375,0.322998046875,0.49859619140625,0.943603515625,0.944580078125,0.323974609375,0.944091796875,0.556396484375,0.5562337239583334,0.320068359375,0.5563151041666667
457,independent_padding_sham,222,267,True,0.980224609375,01010101,0.509033203125,0.51025390625,0.2646484375,0.5096435546875,0.519775390625,0.51971435546875,0.26611328125,0.519744873046875,0.980224609375,0.9793294270833333,0.2666015625,0.9797770182291666
457,independent_padding_sham,304,349,True,1.0,01010101,0.5,0.5,0.2578125,0.5,0.5,0.5,0.25927734375,0.5,1.0,1.0,0.259765625,1.0
457,independent_padding_sham,418,463,True,1.0,01010101,0.5,0.5,0.260009765625,0.5,0.5,0.5,0.26171875,0.5,1.0,1.0,0.262451171875,1.0
457,independent_padding_sham,575,620,True,1.0,01010101,0.5,0.5,0.263427734375,0.5,0.5,0.5,0.2646484375,0.5,1.0,1.0,0.265625,1.0
457,independent_padding_sham,790,835,True,1.0,01010101,0.5,0.5,0.26318359375,0.5,0.5,0.5,0.26416015625,0.5,1.0,1.0,0.26513671875,1.0
457,independent_padding_sham,1024,1069,True,1.0,01010101,0.5,0.5,0.260986328125,0.5,0.5,0.5,0.261962890625,0.5,1.0,1.0,0.262939453125,1.0
457,nested_noop,0,45,True,0.5,00001111,1.0,1.0,0.37109375,1.0,0.5,0.5,0.214111328125,0.5,0.5,0.5,-0.109375,0.5
457,nested_noop,1,46,True,0.5,00001111,1.0,1.0,0.3681640625,1.0,0.5,0.5,0.22705078125,0.5,0.5,0.5,-0.10400390625,0.5
457,nested_noop,2,47,True,0.5,00001111,1.0,1.0,0.372802734375,1.0,0.5,0.5,0.241943359375,0.5,0.5,0.5,-0.092529296875,0.5
457,nested_noop,3,48,True,0.5,00001111,1.0,1.0,0.374267578125,1.0,0.5,0.5,0.25537109375,0.5,0.5,0.5,-0.08251953125,0.5
457,nested_noop,4,49,True,0.5,00001111,1.0,1.0,0.37255859375,1.0,0.5,0.5,0.257080078125,0.5,0.5,0.5,-0.0791015625,0.5
457,nested_noop,5,50,True,0.5,00001111,1.0,1.0,0.36865234375,1.0,0.5,0.50006103515625,0.255126953125,0.500030517578125,0.5,0.4999593098958333,-0.083984375,0.49997965494791663
457,nested_noop,7,52,True,0.5,00001111,0.998046875,0.99853515625,0.373779296875,0.998291015625,0.501953125,0.501708984375,0.262939453125,0.5018310546875,0.5,0.5,-0.077880859375,0.5
457,nested_noop,9,54,True,0.501953125,00001111,0.99365234375,0.9935302734375,0.3798828125,0.99359130859375,0.50634765625,0.50628662109375,0.27734375,0.506317138671875,0.501953125,0.5015869140625,-0.069580078125,0.50177001953125
457,nested_noop,13,58,True,0.5048828125,00001111,0.9580078125,0.95849609375,0.3857421875,0.958251953125,0.541015625,0.54150390625,0.312744140625,0.541259765625,0.5048828125,0.5055338541666666,-0.068603515625,0.5052083333333333
457,nested_noop,17,62,True,0.511474609375,00001111,0.885009765625,0.8873291015625,0.392822265625,0.88616943359375,0.612060546875,0.6092529296875,0.344482421875,0.61065673828125,0.511474609375,0.5097249348958334,-0.066650390625,0.5105997721354167
457,nested_noop,24,69,True,0.523193359375,00110011,0.689697265625,0.6962890625,0.396728515625,0.6929931640625,0.802978515625,0.80023193359375,0.38916015625,0.801605224609375,0.523193359375,0.5164794921875,-0.06005859375,0.51983642578125
457,nested_noop,33,78,True,0.5048828125,00110011,0.54736328125,0.5472412109375,0.37890625,0.54730224609375,0.94921875,0.947265625,0.381591796875,0.9482421875,0.5048828125,0.5009358723958334,-0.070556640625,0.5029093424479167
457,nested_noop,45,90,True,0.5009765625,00110011,0.5009765625,0.5009765625,0.353271484375,0.5009765625,0.9990234375,0.9991455078125,0.353515625,0.99908447265625,0.5009765625,0.5008544921875,-0.09326171875,0.50091552734375
457,nested_noop,62,107,True,0.5,00110011,0.5,0.5,0.34326171875,0.5,1.0,1.0,0.34326171875,1.0,0.5,0.5,-0.094970703125,0.5
457,nested_noop,85,130,True,0.5,00110011,0.5,0.5,0.321533203125,0.5,1.0,1.0,0.32177734375,1.0,0.5,0.5,-0.057861328125,0.5
457,nested_noop,117,162,True,0.5,00110011,0.5,0.5,0.27587890625,0.5,1.0,1.0,0.276123046875,1.0,0.5,0.5,0.027587890625,0.5
457,nested_noop,128,173,True,0.5,00110011,0.5,0.5,0.2607421875,0.5,1.0,1.0,0.26171875,1.0,0.5,0.5,0.065185546875,0.5
457,nested_noop,161,206,True,0.511474609375,00110011,0.502685546875,0.5029296875,0.25390625,0.5028076171875,0.988525390625,0.98858642578125,0.263916015625,0.988555908203125,0.511474609375,0.51171875,0.236083984375,0.5115966796875
457,nested_noop,222,267,True,0.988037109375,01010101,0.500732421875,0.501953125,0.228271484375,0.5013427734375,0.511962890625,0.51275634765625,0.2353515625,0.512359619140625,0.988037109375,0.9878743489583333,0.235595703125,0.9879557291666666
457,nested_noop,304,349,True,1.0,01010101,0.5,0.5,0.238525390625,0.5,0.5,0.5,0.24169921875,0.5,1.0,1.0,0.241943359375,1.0
457,nested_noop,418,463,True,1.0,01010101,0.5,0.5,0.234130859375,0.5,0.5,0.5,0.237060546875,0.5,1.0,1.0,0.2373046875,1.0
457,nested_noop,575,620,True,1.0,01010101,0.5,0.5,0.22998046875,0.5,0.5,0.5,0.232666015625,0.5,1.0,1.0,0.23291015625,1.0
457,nested_noop,790,835,True,1.0,01010101,0.5,0.5,0.2294921875,0.5,0.5,0.5,0.233154296875,0.5,1.0,1.0,0.233154296875,1.0
457,nested_noop,1024,1069,True,1.0,01010101,0.5,0.5,0.228759765625,0.5,0.5,0.5,0.23193359375,0.5,1.0,1.0,0.23193359375,1.0
457,nested_q_transplant,0,45,True,0.5,00001111,1.0,1.0,0.36181640625,1.0,0.5,0.5,0.277099609375,0.5,0.5,0.5,-0.126220703125,0.5
457,nested_q_transplant,1,46,True,0.5,00001111,1.0,1.0,0.364501953125,1.0,0.5,0.5,0.2919921875,0.5,0.5,0.5,-0.114990234375,0.5
457,nested_q_transplant,2,47,True,0.5,00001111,1.0,1.0,0.3720703125,1.0,0.5,0.5,0.309814453125,0.5,0.5,0.5,-0.1015625,0.5
457,nested_q_transplant,3,48,True,0.5,00001111,1.0,1.0,0.375,1.0,0.5,0.5,0.320068359375,0.5,0.5,0.5,-0.096435546875,0.5
457,nested_q_transplant,4,49,True,0.5,00001111,1.0,1.0,0.369873046875,1.0,0.5,0.5,0.315673828125,0.5,0.5,0.4999593098958333,-0.098388671875,0.49997965494791663
457,nested_q_transplant,5,50,True,0.5,00001111,1.0,1.0,0.37109375,1.0,0.5,0.50006103515625,0.317626953125,0.500030517578125,0.5,0.4998779296875,-0.097900390625,0.49993896484375
457,nested_q_transplant,7,52,True,0.501953125,00001111,0.99560546875,0.9957275390625,0.369140625,0.99566650390625,0.50439453125,0.50384521484375,0.31982421875,0.504119873046875,0.501953125,0.5012613932291666,-0.095458984375,0.5016072591145833
457,nested_q_transplant,9,54,True,0.5029296875,00001111,0.9873046875,0.987548828125,0.377197265625,0.9874267578125,0.5126953125,0.512451171875,0.340087890625,0.5125732421875,0.5029296875,0.5017496744791666,-0.09375,0.5023396809895833
457,nested_q_transplant,13,58,True,0.500244140625,00001111,0.918701171875,0.918701171875,0.364990234375,0.918701171875,0.581298828125,0.58209228515625,0.34765625,0.581695556640625,0.500244140625,0.5021565755208334,-0.097900390625,0.5012003580729167
457,nested_q_transplant,17,62,True,0.51123046875,00001111,0.787109375,0.7890625,0.367431640625,0.7880859375,0.71240234375,0.71044921875,0.3623046875,0.71142578125,0.51123046875,0.5107828776041666,-0.101318359375,0.5110066731770833
457,nested_q_transplant,24,69,True,0.5048828125,00110011,0.59716796875,0.5943603515625,0.36767578125,0.59576416015625,0.90234375,0.9031982421875,0.369140625,0.90277099609375,0.5048828125,0.5002848307291666,-0.106689453125,0.5025838216145833
457,nested_q_transplant,33,78,True,0.5009765625,00110011,0.50537109375,0.5047607421875,0.34765625,0.50506591796875,0.99462890625,0.99505615234375,0.34912109375,0.994842529296875,0.5009765625,0.5006510416666666,-0.130126953125,0.5008138020833333
457,nested_q_transplant,45,90,True,0.5,00110011,0.5,0.5,0.334716796875,0.5,1.0,1.0,0.3349609375,1.0,0.5,0.5,-0.146728515625,0.5
457,nested_q_transplant,62,107,True,0.5,00110011,0.5,0.5,0.3544921875,0.5,1.0,1.0,0.354736328125,1.0,0.5,0.5,-0.1025390625,0.5
457,nested_q_transplant,85,130,True,0.5,00110011,0.5,0.5,0.339111328125,0.5,1.0,1.0,0.33984375,1.0,0.5,0.5,-0.085205078125,0.5
457,nested_q_transplant,117,162,True,0.5,00110011,0.5,0.5,0.320556640625,0.5,1.0,1.0,0.32177734375,1.0,0.5,0.5,0.03515625,0.5
457,nested_q_transplant,128,173,True,0.5,00110011,0.5,0.5,0.30419921875,0.5,1.0,1.0,0.30615234375,1.0,0.5,0.5,0.068603515625,0.5
457,nested_q_transplant,161,206,True,0.5,00110011,0.5,0.5,0.279296875,0.5,1.0,1.0,0.289306640625,1.0,0.5,0.5,0.2431640625,0.5
457,nested_q_transplant,222,267,True,0.888671875,01010101,0.50732421875,0.50634765625,0.228515625,0.5068359375,0.611328125,0.61041259765625,0.2421875,0.610870361328125,0.888671875,0.88916015625,0.2421875,0.888916015625
457,nested_q_transplant,304,349,True,1.0,01010101,0.5,0.5,0.177978515625,0.5,0.5,0.5,0.198974609375,0.5,1.0,1.0,0.198974609375,1.0
457,nested_q_transplant,418,463,True,1.0,01010101,0.5,0.5,0.1845703125,0.5,0.5,0.5,0.205322265625,0.5,1.0,1.0,0.2060546875,1.0
457,nested_q_transplant,575,620,True,1.0,01010101,0.5,0.5,0.186279296875,0.5,0.5,0.5,0.20703125,0.5,1.0,1.0,0.207763671875,1.0
457,nested_q_transplant,790,835,True,1.0,01010101,0.5,0.5,0.191650390625,0.5,0.5,0.5,0.2109375,0.5,1.0,1.0,0.211669921875,1.0
457,nested_q_transplant,1024,1069,True,1.0,01010101,0.5,0.5,0.187255859375,0.5,0.5,0.5,0.209228515625,0.5,1.0,1.0,0.2099609375,1.0
457,nested_padding_sham,0,45,True,0.5,00001111,1.0,1.0,0.370361328125,1.0,0.5,0.5,0.199951171875,0.5,0.5,0.5,-0.105712890625,0.5
457,nested_padding_sham,1,46,True,0.5,00001111,1.0,1.0,0.373046875,1.0,0.5,0.5,0.219482421875,0.5,0.5,0.5,-0.094482421875,0.5
457,nested_padding_sham,2,47,True,0.5,00001111,1.0,1.0,0.369873046875,1.0,0.5,0.5,0.227294921875,0.5,0.5,0.5,-0.097412109375,0.5
457,nested_padding_sham,3,48,True,0.5,00001111,1.0,1.0,0.36962890625,1.0,0.5,0.5,0.238037109375,0.5,0.5,0.5,-0.09130859375,0.5
457,nested_padding_sham,4,49,True,0.5,00001111,1.0,1.0,0.37060546875,1.0,0.5,0.5,0.247314453125,0.5,0.5,0.4999593098958333,-0.0869140625,0.49997965494791663
457,nested_padding_sham,5,50,True,0.5,00001111,1.0,1.0,0.372802734375,1.0,0.5,0.5,0.255126953125,0.5,0.5,0.4998372395833333,-0.08642578125,0.49991861979166663
457,nested_padding_sham,7,52,True,0.50048828125,00001111,0.99853515625,0.998291015625,0.37548828125,0.9984130859375,0.50146484375,0.5015869140625,0.2685546875,0.50152587890625,0.50048828125,0.4999593098958333,-0.07421875,0.5002237955729166
457,nested_padding_sham,9,54,True,0.5009765625,00001111,0.9951171875,0.9942626953125,0.37451171875,0.99468994140625,0.5048828125,0.505859375,0.27587890625,0.50537109375,0.5009765625,0.5006103515625,-0.072998046875,0.50079345703125
457,nested_padding_sham,13,58,True,0.50634765625,00001111,0.9599609375,0.959716796875,0.3876953125,0.9598388671875,0.5390625,0.5401611328125,0.310546875,0.53961181640625,0.50634765625,0.5054931640625,-0.0634765625,0.50592041015625
457,nested_padding_sham,17,62,True,0.51171875,00001111,0.8857421875,0.88720703125,0.39501953125,0.886474609375,0.61083984375,0.608642578125,0.348388671875,0.6097412109375,0.51171875,0.5091959635416666,-0.063720703125,0.5104573567708333
457,nested_padding_sham,24,69,True,0.517333984375,00010011,0.697998046875,0.7020263671875,0.395751953125,0.70001220703125,0.792236328125,0.790283203125,0.386474609375,0.791259765625,0.517333984375,0.5118815104166666,-0.068359375,0.5146077473958333
457,nested_padding_sham,33,78,True,0.507568359375,00110011,0.552001953125,0.5528564453125,0.37890625,0.55242919921875,0.945068359375,0.94403076171875,0.382080078125,0.944549560546875,0.507568359375,0.50244140625,-0.067138671875,0.5050048828125
457,nested_padding_sham,45,90,True,0.5009765625,00110011,0.5009765625,0.501220703125,0.356201171875,0.5010986328125,0.9990234375,0.9990234375,0.356201171875,0.9990234375,0.5009765625,0.5009358723958334,-0.1015625,0.5009562174479167
457,nested_padding_sham,62,107,True,0.5,00110011,0.5,0.5,0.34619140625,0.5,1.0,1.0,0.34619140625,1.0,0.5,0.5,-0.105712890625,0.5
457,nested_padding_sham,85,130,True,0.5,00110011,0.5,0.5,0.341552734375,0.5,1.0,1.0,0.341552734375,1.0,0.5,0.5,-0.062744140625,0.5
457,nested_padding_sham,117,162,True,0.5,00110011,0.5,0.5,0.28857421875,0.5,1.0,1.0,0.288818359375,1.0,0.5,0.5,0.005859375,0.5
457,nested_padding_sham,128,173,True,0.5,00110011,0.5,0.5,0.2626953125,0.5,1.0,1.0,0.263427734375,1.0,0.5,0.5,0.042724609375,0.5
457,nested_padding_sham,161,206,True,0.5068359375,00110011,0.50244140625,0.501708984375,0.24169921875,0.5020751953125,0.9931640625,0.99267578125,0.25048828125,0.992919921875,0.5068359375,0.5074055989583334,0.2001953125,0.5071207682291667
457,nested_padding_sham,222,267,True,0.973388671875,01010101,0.501220703125,0.5023193359375,0.2236328125,0.50177001953125,0.526611328125,0.526611328125,0.23046875,0.526611328125,0.973388671875,0.9739990234375,0.231201171875,0.97369384765625
457,nested_padding_sham,304,349,True,1.0,01010101,0.5,0.5,0.227783203125,0.5,0.5,0.5,0.228515625,0.5,1.0,1.0,0.2294921875,1.0
457,nested_padding_sham,418,463,True,1.0,01010101,0.5,0.5,0.228271484375,0.5,0.5,0.5,0.229736328125,0.5,1.0,1.0,0.22998046875,1.0
457,nested_padding_sham,575,620,True,1.0,01010101,0.5,0.5,0.22509765625,0.5,0.5,0.5,0.226806640625,0.5,1.0,1.0,0.22705078125,1.0
457,nested_padding_sham,790,835,True,1.0,01010101,0.5,0.5,0.223876953125,0.5,0.5,0.5,0.2255859375,0.5,1.0,1.0,0.225830078125,1.0
457,nested_padding_sham,1024,1069,True,1.0,01010101,0.5,0.5,0.22314453125,0.5,0.5,0.5,0.224853515625,0.5,1.0,1.0,0.22509765625,1.0
461,independent_noop,0,45,True,0.50048828125,00001111,0.99853515625,0.99853515625,0.40673828125,0.99853515625,0.50146484375,0.50164794921875,0.352294921875,0.501556396484375,0.50048828125,0.5001627604166666,-0.077880859375,0.5003255208333333
461,independent_noop,1,46,True,0.500732421875,00001111,0.998779296875,0.9991455078125,0.404052734375,0.99896240234375,0.501220703125,0.50140380859375,0.360595703125,0.501312255859375,0.500732421875,0.5002848307291666,-0.077392578125,0.5005086263020833
461,independent_noop,2,47,True,0.500732421875,00001111,0.997314453125,0.99755859375,0.4052734375,0.9974365234375,0.502685546875,0.50286865234375,0.368408203125,0.502777099609375,0.500732421875,0.4998372395833333,-0.075927734375,0.5002848307291666
461,independent_noop,3,48,True,0.499755859375,00001111,0.995361328125,0.9949951171875,0.3984375,0.99517822265625,0.504638671875,0.50518798828125,0.365966796875,0.504913330078125,0.499755859375,0.4989827473958333,-0.0810546875,0.49936930338541663
461,independent_noop,4,49,True,0.5009765625,00001111,0.99267578125,0.992431640625,0.396484375,0.9925537109375,0.50732421875,0.50787353515625,0.370361328125,0.507598876953125,0.5009765625,0.5000406901041666,-0.085693359375,0.5005086263020833
461,independent_noop,5,50,True,0.501708984375,00001111,0.985107421875,0.984375,0.393310546875,0.9847412109375,0.514892578125,0.5164794921875,0.373291015625,0.51568603515625,0.501708984375,0.5006103515625,-0.087158203125,0.50115966796875
461,independent_noop,7,52,True,0.502197265625,00001111,0.956787109375,0.9561767578125,0.380859375,0.95648193359375,0.543212890625,0.5426025390625,0.369384765625,0.54290771484375,0.502197265625,0.5018310546875,-0.100830078125,0.50201416015625
461,independent_noop,9,54,True,0.499267578125,00001111,0.931884765625,0.9285888671875,0.38037109375,0.93023681640625,0.568115234375,0.569580078125,0.375244140625,0.56884765625,0.499267578125,0.5023193359375,-0.1142578125,0.50079345703125
461,independent_noop,13,58,True,0.505859375,00111111,0.79345703125,0.7939453125,0.39208984375,0.793701171875,0.70654296875,0.70556640625,0.391357421875,0.7060546875,0.505859375,0.5059407552083334,-0.10302734375,0.5059000651041667
461,independent_noop,17,62,True,0.5078125,00110011,0.6240234375,0.6197509765625,0.38916015625,0.62188720703125,0.8759765625,0.8765869140625,0.389404296875,0.87628173828125,0.5078125,0.5051676432291666,-0.10498046875,0.5064900716145833
461,independent_noop,24,69,True,0.501220703125,00110011,0.504638671875,0.50537109375,0.381103515625,0.5050048828125,0.995361328125,0.99493408203125,0.38134765625,0.995147705078125,0.501220703125,0.5004475911458334,-0.111328125,0.5008341471354167
461,independent_noop,33,78,True,0.5,00110011,0.5,0.5,0.373046875,0.5,1.0,1.0,0.374267578125,1.0,0.5,0.5,-0.106201171875,0.5
461,independent_noop,45,90,True,0.5,00110011,0.5,0.5,0.35986328125,0.5,1.0,1.0,0.36279296875,1.0,0.5,0.5,-0.103271484375,0.5
461,independent_noop,62,107,True,0.5,00110011,0.5,0.5,0.3505859375,0.5,1.0,1.0,0.35498046875,1.0,0.5,0.5,-0.0927734375,0.5
461,independent_noop,85,130,True,0.5,00110011,0.5,0.5,0.322265625,0.5,1.0,1.0,0.329345703125,1.0,0.5,0.5,0.0166015625,0.5
461,independent_noop,117,162,True,0.5,00110011,0.5,0.5,0.32666015625,0.5,1.0,0.99993896484375,0.331298828125,0.999969482421875,0.5,0.5001220703125,0.25732421875,0.50006103515625
461,independent_noop,128,173,True,0.503662109375,00110011,0.500244140625,0.50048828125,0.3154296875,0.5003662109375,0.996337890625,0.9957275390625,0.322265625,0.99603271484375,0.503662109375,0.5044352213541666,0.27294921875,0.5040486653645833
461,independent_noop,161,206,True,0.713134765625,01110111,0.488037109375,0.4864501953125,0.317138671875,0.48724365234375,0.786865234375,0.78765869140625,0.319580078125,0.787261962890625,0.713134765625,0.7146402994791666,0.318359375,0.7138875325520833
461,independent_noop,222,267,True,1.0,01010101,0.5,0.5,0.321044921875,0.5,0.5,0.5,0.322021484375,0.5,1.0,1.0,0.322021484375,1.0
461,independent_noop,304,349,True,1.0,01010101,0.5,0.5,0.326416015625,0.5,0.5,0.5,0.326904296875,0.5,1.0,1.0,0.3271484375,1.0
461,independent_noop,418,463,True,1.0,01010101,0.5,0.5,0.3251953125,0.5,0.5,0.5,0.325439453125,0.5,1.0,1.0,0.32568359375,1.0
461,independent_noop,575,620,True,1.0,01010101,0.5,0.5,0.32763671875,0.5,0.5,0.5,0.327880859375,0.5,1.0,1.0,0.328125,1.0
461,independent_noop,790,835,True,1.0,01010101,0.5,0.5,0.326416015625,0.5,0.5,0.5,0.326416015625,0.5,1.0,1.0,0.32666015625,1.0
461,independent_noop,1024,1069,True,1.0,01010101,0.5,0.5,0.328369140625,0.5,0.5,0.5,0.328369140625,0.5,1.0,1.0,0.32861328125,1.0
461,independent_q_restore,0,45,True,0.5,00001111,1.0,1.0,0.399658203125,1.0,0.5,0.5,0.22314453125,0.5,0.5,0.5,-0.065185546875,0.5
461,independent_q_restore,1,46,True,0.5,00001111,1.0,1.0,0.4013671875,1.0,0.5,0.5,0.24072265625,0.5,0.5,0.5,-0.06591796875,0.5
461,independent_q_restore,2,47,True,0.5,00001111,1.0,1.0,0.402587890625,1.0,0.5,0.5,0.25048828125,0.5,0.5,0.5,-0.06396484375,0.5
461,independent_q_restore,3,48,True,0.5,00001111,1.0,1.0,0.400146484375,1.0,0.5,0.5001220703125,0.2568359375,0.50006103515625,0.5,0.5000813802083334,-0.069091796875,0.5000406901041667
461,independent_q_restore,4,49,True,0.5,00001111,1.0,0.9998779296875,0.3994140625,0.99993896484375,0.5,0.5003662109375,0.265380859375,0.50018310546875,0.5,0.5001627604166666,-0.0693359375,0.5000813802083333
461,independent_q_restore,5,50,True,0.50048828125,00001111,0.99951171875,0.9991455078125,0.39599609375,0.99932861328125,0.50048828125,0.5010986328125,0.26806640625,0.50079345703125,0.50048828125,0.5003662109375,-0.071533203125,0.50042724609375
461,independent_q_restore,7,52,True,0.501708984375,00001111,0.994873046875,0.993896484375,0.396240234375,0.994384765625,0.505126953125,0.5062255859375,0.291015625,0.50567626953125,0.501708984375,0.5011800130208334,-0.074951171875,0.5014444986979167
461,independent_q_restore,9,54,True,0.501220703125,00001111,0.989013671875,0.98779296875,0.40087890625,0.9884033203125,0.510986328125,0.51190185546875,0.323486328125,0.511444091796875,0.501220703125,0.5006917317708334,-0.0625,0.5009562174479167
461,independent_q_restore,13,58,True,0.505615234375,00001111,0.966552734375,0.96728515625,0.392578125,0.9669189453125,0.533447265625,0.5340576171875,0.3427734375,0.53375244140625,0.505615234375,0.5015055338541666,-0.0751953125,0.5035603841145833
461,independent_q_restore,17,62,True,0.5068359375,00001111,0.85986328125,0.8580322265625,0.39453125,0.85894775390625,0.63720703125,0.6380615234375,0.366943359375,0.63763427734375,0.5068359375,0.5042724609375,-0.066650390625,0.50555419921875
461,independent_q_restore,24,69,True,0.50927734375,00110011,0.615234375,0.6116943359375,0.37890625,0.61346435546875,0.87451171875,0.87530517578125,0.37646484375,0.874908447265625,0.50927734375,0.5045979817708334,-0.090576171875,0.5069376627604167
461,independent_q_restore,33,78,True,0.50732421875,00110011,0.51171875,0.5106201171875,0.373291015625,0.51116943359375,0.97705078125,0.97705078125,0.375244140625,0.97705078125,0.50732421875,0.5045979817708334,-0.08349609375,0.5059611002604167
461,independent_q_restore,45,90,True,0.5,00110011,0.5,0.5,0.361572265625,0.5,1.0,1.0,0.363037109375,1.0,0.5,0.5,-0.080810546875,0.5
461,independent_q_restore,62,107,True,0.5,00110011,0.5,0.5,0.341796875,0.5,1.0,1.0,0.3447265625,1.0,0.5,0.5,-0.0703125,0.5
461,independent_q_restore,85,130,True,0.5,00110011,0.5,0.5,0.342529296875,0.5,1.0,1.0,0.345947265625,1.0,0.5,0.5,0.06884765625,0.5
461,independent_q_restore,117,162,True,0.5,00110011,0.5,0.5,0.312255859375,0.5,1.0,0.99993896484375,0.321044921875,0.999969482421875,0.5,0.5,0.2744140625,0.5
461,independent_q_restore,128,173,True,0.503173828125,00110011,0.500732421875,0.5009765625,0.294677734375,0.5008544921875,0.996826171875,0.99664306640625,0.303955078125,0.996734619140625,0.503173828125,0.5035807291666666,0.280517578125,0.5033772786458333
461,independent_q_restore,161,206,True,0.71875,01110011,0.482421875,0.478759765625,0.274658203125,0.4805908203125,0.78125,0.7818603515625,0.279052734375,0.78155517578125,0.71875,0.7211507161458334,0.278564453125,0.7199503580729167
461,independent_q_restore,222,267,True,1.0,01010101,0.5,0.5,0.298095703125,0.5,0.5,0.5,0.298583984375,0.5,1.0,1.0,0.30029296875,1.0
461,independent_q_restore,304,349,True,1.0,01010101,0.5,0.5,0.3076171875,0.5,0.5,0.5,0.30615234375,0.5,1.0,1.0,0.30859375,1.0
461,independent_q_restore,418,463,True,1.0,01010101,0.5,0.5,0.302734375,0.5,0.5,0.5,0.301513671875,0.5,1.0,1.0,0.3037109375,1.0
461,independent_q_restore,575,620,True,1.0,01010101,0.5,0.5,0.307861328125,0.5,0.5,0.5,0.306884765625,0.5,1.0,1.0,0.308837890625,1.0
461,independent_q_restore,790,835,True,1.0,01010101,0.5,0.5,0.30810546875,0.5,0.5,0.5,0.30712890625,0.5,1.0,1.0,0.30908203125,1.0
461,independent_q_restore,1024,1069,True,1.0,01010101,0.5,0.5,0.30859375,0.5,0.5,0.5,0.307373046875,0.5,1.0,1.0,0.3095703125,1.0
461,independent_padding_sham,0,45,True,0.499755859375,00001111,0.990966796875,0.989990234375,0.39501953125,0.990478515625,0.509033203125,0.5101318359375,0.31884765625,0.50958251953125,0.499755859375,0.4988606770833333,-0.0830078125,0.49930826822916663
461,independent_padding_sham,1,46,True,0.500244140625,00001111,0.992431640625,0.990966796875,0.3955078125,0.99169921875,0.507568359375,0.5086669921875,0.327880859375,0.50811767578125,0.500244140625,0.4993082682291667,-0.08203125,0.49977620442708337
461,independent_padding_sham,2,47,True,0.5,00001111,0.9892578125,0.987548828125,0.394287109375,0.9884033203125,0.5107421875,0.511962890625,0.33447265625,0.5113525390625,0.5,0.4993489583333333,-0.0859375,0.49967447916666663
461,independent_padding_sham,3,48,True,0.501953125,00001111,0.98388671875,0.9827880859375,0.391357421875,0.98333740234375,0.51611328125,0.51776123046875,0.34130859375,0.516937255859375,0.501953125,0.50048828125,-0.08544921875,0.501220703125
461,independent_padding_sham,4,49,True,0.501708984375,00001111,0.978271484375,0.9774169921875,0.3935546875,0.97784423828125,0.521728515625,0.52276611328125,0.351318359375,0.522247314453125,0.501708984375,0.500732421875,-0.089111328125,0.501220703125
461,independent_padding_sham,5,50,True,0.501708984375,00001111,0.971923828125,0.9691162109375,0.3916015625,0.97052001953125,0.528076171875,0.5311279296875,0.35693359375,0.52960205078125,0.501708984375,0.5015869140625,-0.09130859375,0.50164794921875
461,independent_padding_sham,7,52,True,0.50048828125,00001111,0.94921875,0.9449462890625,0.390869140625,0.94708251953125,0.55078125,0.5550537109375,0.369140625,0.55291748046875,0.50048828125,0.5023193359375,-0.09765625,0.50140380859375
461,independent_padding_sham,9,54,True,0.502197265625,00001111,0.923095703125,0.919189453125,0.389892578125,0.921142578125,0.576904296875,0.58001708984375,0.380126953125,0.578460693359375,0.502197265625,0.5027262369791666,-0.101318359375,0.5024617513020833
461,independent_padding_sham,13,58,True,0.50048828125,00001111,0.806640625,0.805908203125,0.393798828125,0.8062744140625,0.693359375,0.69366455078125,0.392333984375,0.693511962890625,0.50048828125,0.504150390625,-0.097412109375,0.5023193359375
461,independent_padding_sham,17,62,True,0.503173828125,00110011,0.648681640625,0.646240234375,0.388916015625,0.6474609375,0.851318359375,0.85308837890625,0.38916015625,0.852203369140625,0.503173828125,0.5046793619791666,-0.10302734375,0.5039265950520833
461,independent_padding_sham,24,69,True,0.502197265625,00110011,0.515380859375,0.51318359375,0.372314453125,0.5142822265625,0.984619140625,0.98577880859375,0.373046875,0.985198974609375,0.502197265625,0.5015055338541666,-0.1201171875,0.5018513997395833
461,independent_padding_sham,33,78,True,0.500244140625,00110011,0.500244140625,0.50048828125,0.365966796875,0.5003662109375,0.999755859375,0.999755859375,0.36669921875,0.999755859375,0.500244140625,0.5002034505208334,-0.119140625,0.5002237955729167
461,independent_padding_sham,45,90,True,0.5,00110011,0.5,0.5,0.361083984375,0.5,1.0,1.0,0.3623046875,1.0,0.5,0.5,-0.11279296875,0.5
461,independent_padding_sham,62,107,True,0.5,00110011,0.5,0.5,0.331298828125,0.5,1.0,1.0,0.334228515625,1.0,0.5,0.5,-0.133056640625,0.5
461,independent_padding_sham,85,130,True,0.5,00110011,0.5,0.5,0.31640625,0.5,1.0,1.0,0.31982421875,1.0,0.5,0.5,-0.0361328125,0.5
461,independent_padding_sham,117,162,True,0.5,00110011,0.5,0.5,0.321044921875,0.5,1.0,1.0,0.325439453125,1.0,0.5,0.5,0.223876953125,0.5
461,independent_padding_sham,128,173,True,0.5009765625,00110011,0.5,0.500244140625,0.3134765625,0.5001220703125,0.9990234375,0.99908447265625,0.31982421875,0.999053955078125,0.5009765625,0.5012613932291666,0.251220703125,0.5011189778645833
461,independent_padding_sham,161,206,True,0.589599609375,00110011,0.492919921875,0.4892578125,0.28515625,0.4910888671875,0.910400390625,0.90814208984375,0.2919921875,0.909271240234375,0.589599609375,0.5908610026041666,0.285888671875,0.5902303059895833
461,independent_padding_sham,222,267,True,1.0,01010101,0.5,0.5,0.299560546875,0.5,0.5,0.5,0.30078125,0.5,1.0,1.0,0.302001953125,1.0
461,independent_padding_sham,304,349,True,1.0,01010101,0.5,0.5,0.30419921875,0.5,0.5,0.5,0.304931640625,0.5,1.0,1.0,0.30615234375,1.0
461,independent_padding_sham,418,463,True,1.0,01010101,0.5,0.5,0.30712890625,0.5,0.5,0.5,0.307373046875,0.5,1.0,1.0,0.30859375,1.0
461,independent_padding_sham,575,620,True,1.0,01010101,0.5,0.5,0.306396484375,0.5,0.5,0.5,0.30712890625,0.5,1.0,1.0,0.30810546875,1.0
461,independent_padding_sham,790,835,True,1.0,01010101,0.5,0.5,0.304443359375,0.5,0.5,0.5,0.3056640625,0.5,1.0,1.0,0.306640625,1.0
461,independent_padding_sham,1024,1069,True,1.0,01010101,0.5,0.5,0.29931640625,0.5,0.5,0.5,0.301513671875,0.5,1.0,1.0,0.3017578125,1.0
461,nested_noop,0,45,True,0.500244140625,00001111,0.999267578125,0.9990234375,0.4208984375,0.9991455078125,0.500732421875,0.50091552734375,0.18896484375,0.500823974609375,0.500244140625,0.5000813802083334,-0.06005859375,0.5001627604166667
461,nested_noop,1,46,True,0.50048828125,00001111,0.99951171875,0.999267578125,0.419189453125,0.9993896484375,0.50048828125,0.50067138671875,0.208251953125,0.500579833984375,0.50048828125,0.5002848307291666,-0.054931640625,0.5003865559895833
461,nested_noop,2,47,True,0.499755859375,00001111,0.996337890625,0.9967041015625,0.413818359375,0.99652099609375,0.503662109375,0.5035400390625,0.220458984375,0.50360107421875,0.499755859375,0.49951171875,-0.06005859375,0.4996337890625
461,nested_noop,3,48,True,0.500732421875,00001111,0.993896484375,0.9942626953125,0.41650390625,0.99407958984375,0.506103515625,0.5062255859375,0.236328125,0.50616455078125,0.500732421875,0.5000406901041666,-0.050048828125,0.5003865559895833
461,nested_noop,4,49,True,0.501708984375,00001111,0.989013671875,0.9901123046875,0.420654296875,0.98956298828125,0.510986328125,0.51019287109375,0.24951171875,0.510589599609375,0.501708984375,0.5006917317708334,-0.039306640625,0.5012003580729167
461,nested_noop,5,50,True,0.501953125,00001111,0.98291015625,0.984130859375,0.4208984375,0.9835205078125,0.51708984375,0.51580810546875,0.265625,0.516448974609375,0.501953125,0.5010986328125,-0.037841796875,0.50152587890625
461,nested_noop,7,52,True,0.501708984375,00001111,0.972900390625,0.971923828125,0.418701171875,0.972412109375,0.527099609375,0.526611328125,0.282470703125,0.52685546875,0.501708984375,0.5010172526041666,-0.03515625,0.5013631184895833
461,nested_noop,9,54,True,0.504150390625,00001111,0.965087890625,0.96435546875,0.40966796875,0.9647216796875,0.534423828125,0.5343017578125,0.283935546875,0.53436279296875,0.504150390625,0.5028076171875,-0.042236328125,0.50347900390625
461,nested_noop,13,58,True,0.50244140625,00001111,0.970703125,0.970458984375,0.397705078125,0.9705810546875,0.529296875,0.528564453125,0.300048828125,0.5289306640625,0.50244140625,0.5008951822916666,-0.067626953125,0.5016682942708333
461,nested_noop,17,62,True,0.5078125,00001111,0.87841796875,0.878662109375,0.375732421875,0.8785400390625,0.6044921875,0.60369873046875,0.306396484375,0.604095458984375,0.5078125,0.5055338541666666,-0.08154296875,0.5066731770833333
461,nested_noop,24,69,True,0.516845703125,00010011,0.710205078125,0.704833984375,0.360595703125,0.70751953125,0.774658203125,0.77532958984375,0.346923828125,0.774993896484375,0.516845703125,0.5120442708333334,-0.0849609375,0.5144449869791667
461,nested_noop,33,78,True,0.514892578125,00110011,0.572021484375,0.5689697265625,0.36376953125,0.57049560546875,0.922607421875,0.9234619140625,0.36669921875,0.92303466796875,0.514892578125,0.5112711588541666,-0.04931640625,0.5130818684895833
461,nested_noop,45,90,True,0.500244140625,00110011,0.500244140625,0.50048828125,0.33251953125,0.5003662109375,0.999755859375,0.99951171875,0.336669921875,0.9996337890625,0.500244140625,0.5003255208333334,-0.0244140625,0.5002848307291667
461,nested_noop,62,107,True,0.5,00110011,0.5,0.5,0.337158203125,0.5,1.0,1.0,0.340087890625,1.0,0.5,0.5,0.026611328125,0.5
461,nested_noop,85,130,True,0.5,00110011,0.5,0.5,0.340087890625,0.5,1.0,1.0,0.341796875,1.0,0.5,0.5000406901041666,0.13671875,0.5000203450520833
461,nested_noop,117,162,True,0.5205078125,00110011,0.50390625,0.504150390625,0.298095703125,0.5040283203125,0.9794921875,0.97955322265625,0.2998046875,0.979522705078125,0.5205078125,0.5207112630208334,0.26806640625,0.5206095377604167
461,nested_noop,128,173,True,0.576171875,00110011,0.5078125,0.5052490234375,0.28271484375,0.50653076171875,0.923828125,0.926513671875,0.28515625,0.9251708984375,0.576171875,0.5741373697916666,0.275390625,0.5751546223958333
461,nested_noop,161,206,True,0.98046875,01010101,0.49853515625,0.49560546875,0.30322265625,0.4970703125,0.51953125,0.51873779296875,0.303955078125,0.519134521484375,0.98046875,0.9818115234375,0.303955078125,0.98114013671875
461,nested_noop,222,267,True,1.0,01010101,0.5,0.5,0.310791015625,0.5,0.5,0.5,0.31103515625,0.5,1.0,1.0,0.311279296875,1.0
461,nested_noop,304,349,True,1.0,01010101,0.5,0.5,0.31494140625,0.5,0.5,0.5,0.3154296875,0.5,1.0,1.0,0.3154296875,1.0
461,nested_noop,418,463,True,1.0,01010101,0.5,0.5,0.314697265625,0.5,0.5,0.5,0.315185546875,0.5,1.0,1.0,0.315185546875,1.0
461,nested_noop,575,620,True,1.0,01010101,0.5,0.5,0.315673828125,0.5,0.5,0.5,0.31591796875,0.5,1.0,1.0,0.31591796875,1.0
461,nested_noop,790,835,True,1.0,01010101,0.5,0.5,0.31884765625,0.5,0.5,0.5,0.319091796875,0.5,1.0,1.0,0.319091796875,1.0
461,nested_noop,1024,1069,True,1.0,01010101,0.5,0.5,0.32373046875,0.5,0.5,0.5,0.323974609375,0.5,1.0,1.0,0.323974609375,1.0
461,nested_q_transplant,0,45,True,0.500244140625,00001111,0.999267578125,0.9991455078125,0.40576171875,0.99920654296875,0.500732421875,0.5009765625,0.2431640625,0.5008544921875,0.500244140625,0.5000406901041666,-0.07861328125,0.5001424153645833
461,nested_q_transplant,1,46,True,0.50048828125,00001111,0.99951171875,0.999267578125,0.40478515625,0.9993896484375,0.50048828125,0.5008544921875,0.263671875,0.50067138671875,0.50048828125,0.5001627604166666,-0.077392578125,0.5003255208333333
461,nested_q_transplant,2,47,True,0.500244140625,00001111,0.996826171875,0.9970703125,0.401123046875,0.9969482421875,0.503173828125,0.503173828125,0.273193359375,0.503173828125,0.500244140625,0.4997965494791667,-0.075439453125,0.5000203450520834
461,nested_q_transplant,3,48,True,0.500244140625,00001111,0.993408203125,0.994384765625,0.401123046875,0.993896484375,0.506591796875,0.5062255859375,0.287109375,0.50640869140625,0.500244140625,0.499755859375,-0.076416015625,0.5
461,nested_q_transplant,4,49,True,0.501708984375,00001111,0.989990234375,0.99072265625,0.404296875,0.9903564453125,0.510009765625,0.5098876953125,0.302978515625,0.50994873046875,0.501708984375,0.5005696614583334,-0.06494140625,0.5011393229166667
461,nested_q_transplant,5,50,True,0.502685546875,00001111,0.983642578125,0.98388671875,0.404052734375,0.9837646484375,0.516357421875,0.5159912109375,0.31787109375,0.51617431640625,0.502685546875,0.5011393229166666,-0.06640625,0.5019124348958333
461,nested_q_transplant,7,52,True,0.502685546875,00001111,0.971923828125,0.9705810546875,0.4013671875,0.97125244140625,0.528076171875,0.5296630859375,0.336181640625,0.52886962890625,0.502685546875,0.5015055338541666,-0.07080078125,0.5020955403645833
461,nested_q_transplant,9,54,True,0.502197265625,00001111,0.967041015625,0.96337890625,0.396484375,0.9652099609375,0.532958984375,0.535888671875,0.3466796875,0.534423828125,0.502197265625,0.5023600260416666,-0.0751953125,0.5022786458333333
461,nested_q_transplant,13,58,True,0.50830078125,00001111,0.9326171875,0.9345703125,0.385009765625,0.93359375,0.5673828125,0.56591796875,0.356689453125,0.566650390625,0.50830078125,0.5037841796875,-0.088134765625,0.50604248046875
461,nested_q_transplant,17,62,True,0.50830078125,00011111,0.81884765625,0.8143310546875,0.38134765625,0.81658935546875,0.6787109375,0.6800537109375,0.36962890625,0.67938232421875,0.50830078125,0.5074869791666666,-0.080810546875,0.5078938802083333
461,nested_q_transplant,24,69,True,0.51416015625,00110011,0.61572265625,0.6136474609375,0.376953125,0.61468505859375,0.88427734375,0.8837890625,0.379150390625,0.884033203125,0.51416015625,0.507080078125,-0.085693359375,0.5106201171875
461,nested_q_transplant,33,78,True,0.505126953125,00110011,0.515380859375,0.51416015625,0.34228515625,0.5147705078125,0.983642578125,0.9837646484375,0.3466796875,0.98370361328125,0.505126953125,0.5033772786458334,-0.087890625,0.5042521158854167
461,nested_q_transplant,45,90,True,0.5,00110011,0.5,0.5,0.33642578125,0.5,1.0,1.0,0.343017578125,1.0,0.5,0.5,-0.043212890625,0.5
461,nested_q_transplant,62,107,True,0.5,00110011,0.5,0.5,0.337890625,0.5,1.0,1.0,0.344970703125,1.0,0.5,0.5,0.000244140625,0.5
461,nested_q_transplant,85,130,True,0.5,00110011,0.5,0.5,0.320556640625,0.5,1.0,1.0,0.330810546875,1.0,0.5,0.5000406901041666,0.055908203125,0.5000203450520833
461,nested_q_transplant,117,162,True,0.507568359375,00110011,0.499267578125,0.5008544921875,0.302001953125,0.50006103515625,0.992431640625,0.992431640625,0.30810546875,0.992431640625,0.507568359375,0.5076904296875,0.19287109375,0.50762939453125
461,nested_q_transplant,128,173,True,0.529296875,00110011,0.50732421875,0.50439453125,0.29931640625,0.505859375,0.970703125,0.97052001953125,0.301513671875,0.970611572265625,0.529296875,0.5310872395833334,0.245361328125,0.5301920572916667
461,nested_q_transplant,161,206,True,0.88525390625,01010101,0.48974609375,0.4853515625,0.295654296875,0.487548828125,0.61474609375,0.6126708984375,0.297119140625,0.61370849609375,0.88525390625,0.8888753255208333,0.297119140625,0.8870646158854166
461,nested_q_transplant,222,267,True,1.0,01010101,0.5,0.5,0.27978515625,0.5,0.5,0.5,0.281005859375,0.5,1.0,1.0,0.281005859375,1.0
461,nested_q_transplant,304,349,True,1.0,01010101,0.5,0.5,0.29052734375,0.5,0.5,0.5,0.291259765625,0.5,1.0,1.0,0.291259765625,1.0
461,nested_q_transplant,418,463,True,1.0,01010101,0.5,0.5,0.29150390625,0.5,0.5,0.5,0.292236328125,0.5,1.0,1.0,0.292236328125,1.0
461,nested_q_transplant,575,620,True,1.0,01010101,0.5,0.5,0.291015625,0.5,0.5,0.5,0.291748046875,0.5,1.0,1.0,0.291748046875,1.0
461,nested_q_transplant,790,835,True,1.0,01010101,0.5,0.5,0.28662109375,0.5,0.5,0.5,0.28759765625,0.5,1.0,1.0,0.28759765625,1.0
461,nested_q_transplant,1024,1069,True,1.0,01010101,0.5,0.5,0.286865234375,0.5,0.5,0.5,0.287841796875,0.5,1.0,1.0,0.287841796875,1.0
461,nested_padding_sham,0,45,True,0.50048828125,00001111,0.9990234375,0.9989013671875,0.4228515625,0.99896240234375,0.5009765625,0.50115966796875,0.174072265625,0.501068115234375,0.50048828125,0.500244140625,-0.063720703125,0.5003662109375
461,nested_padding_sham,1,46,True,0.500244140625,00001111,0.999267578125,0.999267578125,0.42333984375,0.999267578125,0.500732421875,0.5009765625,0.201416015625,0.5008544921875,0.500244140625,0.5002034505208334,-0.051025390625,0.5002237955729167
461,nested_padding_sham,2,47,True,0.499755859375,00001111,0.996826171875,0.9969482421875,0.425537109375,0.99688720703125,0.503173828125,0.5030517578125,0.215576171875,0.50311279296875,0.499755859375,0.4993489583333333,-0.04638671875,0.49955240885416663
461,nested_padding_sham,3,48,True,0.499267578125,00001111,0.994873046875,0.9945068359375,0.42333984375,0.99468994140625,0.505126953125,0.50579833984375,0.227294921875,0.505462646484375,0.499267578125,0.4991861979166667,-0.04541015625,0.49922688802083337
461,nested_padding_sham,4,49,True,0.501953125,00001111,0.99072265625,0.9913330078125,0.41845703125,0.99102783203125,0.50927734375,0.50933837890625,0.233642578125,0.509307861328125,0.501953125,0.5009358723958334,-0.046142578125,0.5014444986979167
461,nested_padding_sham,5,50,True,0.5009765625,00001111,0.98388671875,0.985107421875,0.41748046875,0.9844970703125,0.51611328125,0.5157470703125,0.241455078125,0.51593017578125,0.5009765625,0.5005696614583334,-0.0439453125,0.5007731119791667
461,nested_padding_sham,7,52,True,0.504150390625,00001111,0.969970703125,0.9708251953125,0.4228515625,0.97039794921875,0.527587890625,0.527587890625,0.271728515625,0.527587890625,0.504150390625,0.5030924479166666,-0.037353515625,0.5036214192708333
461,nested_padding_sham,9,54,True,0.505615234375,00001111,0.961669921875,0.9603271484375,0.415283203125,0.96099853515625,0.534423828125,0.53485107421875,0.275146484375,0.534637451171875,0.505615234375,0.5037841796875,-0.044921875,0.50469970703125
461,nested_padding_sham,13,58,True,0.50341796875,00001111,0.96875,0.969482421875,0.398193359375,0.9691162109375,0.5302734375,0.52911376953125,0.287353515625,0.529693603515625,0.50341796875,0.50146484375,-0.061767578125,0.50244140625
461,nested_padding_sham,17,62,True,0.513427734375,00001111,0.878173828125,0.87646484375,0.383544921875,0.8773193359375,0.597900390625,0.59716796875,0.30517578125,0.5975341796875,0.513427734375,0.5056559244791666,-0.075439453125,0.5095418294270833
461,nested_padding_sham,24,69,True,0.51708984375,00010011,0.71240234375,0.7073974609375,0.378173828125,0.70989990234375,0.7607421875,0.76214599609375,0.35595703125,0.761444091796875,0.51708984375,0.5113932291666666,-0.06396484375,0.5142415364583333
461,nested_padding_sham,33,78,True,0.517822265625,00110011,0.585693359375,0.5830078125,0.3671875,0.5843505859375,0.905029296875,0.904541015625,0.370361328125,0.90478515625,0.517822265625,0.5131022135416666,-0.0498046875,0.5154622395833333
461,nested_padding_sham,45,90,True,0.50146484375,00110011,0.501953125,0.501953125,0.336669921875,0.501953125,0.998046875,0.99786376953125,0.342529296875,0.997955322265625,0.50146484375,0.5008138020833334,-0.033447265625,0.5011393229166667
461,nested_padding_sham,62,107,True,0.5,00110011,0.5,0.5,0.341064453125,0.5,1.0,1.0,0.345703125,1.0,0.5,0.5,0.02587890625,0.5
461,nested_padding_sham,85,130,True,0.5,00110011,0.5,0.5,0.342041015625,0.5,1.0,1.0,0.344970703125,1.0,0.5,0.5000813802083334,0.13671875,0.5000406901041667
461,nested_padding_sham,117,162,True,0.5234375,00110011,0.50390625,0.50341796875,0.3076171875,0.503662109375,0.9765625,0.9759521484375,0.309814453125,0.97625732421875,0.5234375,0.5255940755208334,0.297119140625,0.5245157877604167
461,nested_padding_sham,128,173,True,0.58544921875,00110011,0.50830078125,0.506103515625,0.2822265625,0.5072021484375,0.91455078125,0.9163818359375,0.28466796875,0.91546630859375,0.58544921875,0.5827229817708334,0.283203125,0.5840861002604167
461,nested_padding_sham,161,206,True,0.981201171875,01010101,0.496337890625,0.4957275390625,0.297119140625,0.49603271484375,0.518798828125,0.51788330078125,0.298095703125,0.518341064453125,0.981201171875,0.9818522135416667,0.298095703125,0.9815266927083334
461,nested_padding_sham,222,267,True,1.0,01010101,0.5,0.5,0.31005859375,0.5,0.5,0.5,0.310302734375,0.5,1.0,1.0,0.310546875,1.0
461,nested_padding_sham,304,349,True,1.0,01010101,0.5,0.5,0.30908203125,0.5,0.5,0.5,0.309326171875,0.5,1.0,1.0,0.3095703125,1.0
461,nested_padding_sham,418,463,True,1.0,01010101,0.5,0.5,0.31298828125,0.5,0.5,0.5,0.31298828125,0.5,1.0,1.0,0.3134765625,1.0
461,nested_padding_sham,575,620,True,1.0,01010101,0.5,0.5,0.315673828125,0.5,0.5,0.5,0.315673828125,0.5,1.0,1.0,0.316162109375,1.0
461,nested_padding_sham,790,835,True,1.0,01010101,0.5,0.5,0.320068359375,0.5,0.5,0.5,0.31982421875,0.5,1.0,1.0,0.3203125,1.0
461,nested_padding_sham,1024,1069,True,1.0,01010101,0.5,0.5,0.319091796875,0.5,0.5,0.5,0.31884765625,0.5,1.0,1.0,0.3193359375,1.0
463,independent_noop,0,45,True,0.499755859375,00001111,0.997802734375,0.9974365234375,0.388671875,0.99761962890625,0.502197265625,0.5020751953125,0.328857421875,0.50213623046875,0.499755859375,0.4998779296875,-0.04638671875,0.49981689453125
463,independent_noop,1,46,True,0.500732421875,00001111,0.996826171875,0.9964599609375,0.381591796875,0.99664306640625,0.503173828125,0.50274658203125,0.32470703125,0.502960205078125,0.500732421875,0.5003255208333334,-0.05078125,0.5005289713541667
463,independent_noop,2,47,True,0.501220703125,00001111,0.997802734375,0.9976806640625,0.374755859375,0.99774169921875,0.502197265625,0.50189208984375,0.32421875,0.502044677734375,0.501220703125,0.50048828125,-0.060302734375,0.5008544921875
463,independent_noop,3,48,True,0.50048828125,00001111,0.9970703125,0.9962158203125,0.37646484375,0.99664306640625,0.5029296875,0.5029296875,0.335693359375,0.5029296875,0.50048828125,0.5002848307291666,-0.053466796875,0.5003865559895833
463,independent_noop,4,49,True,0.501953125,00001111,0.99169921875,0.991943359375,0.3720703125,0.9918212890625,0.50830078125,0.507568359375,0.338623046875,0.5079345703125,0.501953125,0.5010579427083334,-0.05322265625,0.5015055338541667
463,independent_noop,5,50,True,0.501220703125,00001111,0.985107421875,0.9866943359375,0.375,0.98590087890625,0.514892578125,0.512939453125,0.348876953125,0.513916015625,0.501220703125,0.5008138020833334,-0.0439453125,0.5010172526041667
463,independent_noop,7,52,True,0.5009765625,00001111,0.9755859375,0.9759521484375,0.378662109375,0.97576904296875,0.5244140625,0.52435302734375,0.364501953125,0.524383544921875,0.5009765625,0.5010172526041666,-0.027587890625,0.5009969075520833
463,independent_noop,9,54,True,0.5,00001111,0.95703125,0.9561767578125,0.378173828125,0.95660400390625,0.54296875,0.54400634765625,0.3720703125,0.543487548828125,0.5,0.5009765625,-0.013916015625,0.50048828125
463,independent_noop,13,58,True,0.507080078125,00001111,0.843994140625,0.8409423828125,0.367919921875,0.84246826171875,0.655517578125,0.6611328125,0.364501953125,0.6583251953125,0.507080078125,0.5061848958333334,-0.000244140625,0.5066324869791667
463,independent_noop,17,62,True,0.51416015625,00110111,0.68505859375,0.6856689453125,0.369384765625,0.68536376953125,0.81494140625,0.819580078125,0.369384765625,0.8172607421875,0.51416015625,0.5100504557291666,0.037109375,0.5121053059895833
463,independent_noop,24,69,True,0.50634765625,00110011,0.52294921875,0.5233154296875,0.366455078125,0.52313232421875,0.9765625,0.9775390625,0.3671875,0.97705078125,0.50634765625,0.5039876302083334,0.042236328125,0.5051676432291667
463,independent_noop,33,78,True,0.500244140625,00110011,0.500244140625,0.5001220703125,0.353271484375,0.50018310546875,0.999755859375,0.999755859375,0.353759765625,0.999755859375,0.500244140625,0.5001220703125,0.07763671875,0.50018310546875
463,independent_noop,45,90,True,0.5,00110011,0.5,0.5,0.33740234375,0.5,1.0,1.0,0.33740234375,1.0,0.5,0.5,0.100830078125,0.5
463,independent_noop,62,107,True,0.5,00110011,0.5,0.5,0.32275390625,0.5,1.0,1.0,0.32275390625,1.0,0.5,0.5,0.173583984375,0.5
463,independent_noop,85,130,True,0.5,00110011,0.5,0.5,0.327880859375,0.5,1.0,1.0,0.328857421875,1.0,0.5,0.5,0.273681640625,0.5
463,independent_noop,117,162,True,0.531005859375,00110011,0.497314453125,0.50048828125,0.3076171875,0.4989013671875,0.968994140625,0.96893310546875,0.308349609375,0.968963623046875,0.531005859375,0.5307210286458334,0.308349609375,0.5308634440104167
463,independent_noop,128,173,True,0.599365234375,00110011,0.499755859375,0.501220703125,0.29833984375,0.50048828125,0.900634765625,0.89996337890625,0.29931640625,0.900299072265625,0.599365234375,0.6005859375,0.29931640625,0.5999755859375
463,independent_noop,161,206,True,0.981689453125,01010101,0.504638671875,0.5040283203125,0.291015625,0.50433349609375,0.518310546875,0.5185546875,0.291259765625,0.5184326171875,0.981689453125,0.9807942708333333,0.291259765625,0.9812418619791666
463,independent_noop,222,267,True,1.0,01010101,0.5,0.5,0.288818359375,0.5,0.5,0.5,0.291259765625,0.5,1.0,1.0,0.291259765625,1.0
463,independent_noop,304,349,True,1.0,01010101,0.5,0.5,0.279296875,0.5,0.5,0.5,0.28173828125,0.5,1.0,1.0,0.28173828125,1.0
463,independent_noop,418,463,True,1.0,01010101,0.5,0.5,0.280517578125,0.5,0.5,0.5,0.28271484375,0.5,1.0,1.0,0.28271484375,1.0
463,independent_noop,575,620,True,1.0,01010101,0.5,0.5,0.279296875,0.5,0.5,0.5,0.281005859375,0.5,1.0,1.0,0.281005859375,1.0
463,independent_noop,790,835,True,1.0,01010101,0.5,0.5,0.278564453125,0.5,0.5,0.5,0.2802734375,0.5,1.0,1.0,0.2802734375,1.0
463,independent_noop,1024,1069,True,1.0,01010101,0.5,0.5,0.2802734375,0.5,0.5,0.5,0.2822265625,0.5,1.0,1.0,0.2822265625,1.0
463,independent_q_restore,0,45,True,0.5,00001111,1.0,0.9998779296875,0.4033203125,0.99993896484375,0.5,0.5,0.206298828125,0.5,0.5,0.5,-0.017578125,0.5
463,independent_q_restore,1,46,True,0.5,00001111,1.0,0.9998779296875,0.4013671875,0.99993896484375,0.5,0.5,0.216552734375,0.5,0.5,0.5,-0.021728515625,0.5
463,independent_q_restore,2,47,True,0.5,00001111,1.0,1.0,0.400146484375,1.0,0.5,0.5,0.2177734375,0.5,0.5,0.5,-0.021484375,0.5
463,independent_q_restore,3,48,True,0.500244140625,00001111,0.999755859375,0.9998779296875,0.39599609375,0.99981689453125,0.500244140625,0.5001220703125,0.22119140625,0.50018310546875,0.500244140625,0.5001220703125,-0.02587890625,0.50018310546875
463,independent_q_restore,4,49,True,0.500244140625,00001111,0.999755859375,0.9998779296875,0.393310546875,0.99981689453125,0.500244140625,0.5001220703125,0.234375,0.50018310546875,0.500244140625,0.5001220703125,-0.02685546875,0.50018310546875
463,independent_q_restore,5,50,True,0.499755859375,00001111,0.998779296875,0.9989013671875,0.392822265625,0.99884033203125,0.501220703125,0.50079345703125,0.24560546875,0.501007080078125,0.499755859375,0.4999186197916667,-0.02197265625,0.49983723958333337
463,independent_q_restore,7,52,True,0.500244140625,00001111,0.995361328125,0.995849609375,0.388671875,0.99560546875,0.504638671875,0.503662109375,0.261962890625,0.504150390625,0.500244140625,0.5005289713541666,-0.013916015625,0.5003865559895833
463,independent_q_restore,9,54,True,0.50048828125,00001111,0.990234375,0.9906005859375,0.391845703125,0.99041748046875,0.50927734375,0.50775146484375,0.281494140625,0.508514404296875,0.50048828125,0.5010579427083334,-0.00537109375,0.5007731119791667
463,independent_q_restore,13,58,True,0.501220703125,00001111,0.965087890625,0.9627685546875,0.384033203125,0.96392822265625,0.529541015625,0.5296630859375,0.304443359375,0.52960205078125,0.501220703125,0.5013020833333334,0.002197265625,0.5012613932291667
463,independent_q_restore,17,62,True,0.508544921875,00001111,0.897705078125,0.89501953125,0.37939453125,0.8963623046875,0.589111328125,0.59210205078125,0.328857421875,0.590606689453125,0.508544921875,0.5084635416666666,0.037353515625,0.5085042317708333
463,independent_q_restore,24,69,True,0.517578125,00110011,0.63720703125,0.6412353515625,0.37451171875,0.63922119140625,0.82861328125,0.829833984375,0.3603515625,0.8292236328125,0.517578125,0.518310546875,0.078125,0.5179443359375
463,independent_q_restore,33,78,True,0.511474609375,00110011,0.499267578125,0.5047607421875,0.35595703125,0.50201416015625,0.952392578125,0.95361328125,0.35546875,0.9530029296875,0.511474609375,0.5111490885416666,0.105712890625,0.5113118489583333
463,independent_q_restore,45,90,True,0.501708984375,00110011,0.499755859375,0.4993896484375,0.346435546875,0.49957275390625,0.998291015625,0.99822998046875,0.346435546875,0.998260498046875,0.501708984375,0.5011800130208334,0.197998046875,0.5014444986979167
463,independent_q_restore,62,107,True,0.5,00110011,0.5,0.5,0.324951171875,0.5,1.0,1.0,0.3251953125,1.0,0.5,0.5,0.278076171875,0.5
463,independent_q_restore,85,130,True,0.5,00110011,0.5,0.5,0.305908203125,0.5,1.0,1.0,0.306640625,1.0,0.5,0.5,0.302001953125,0.5
463,independent_q_restore,117,162,True,0.582763671875,00110011,0.499755859375,0.502197265625,0.27197265625,0.5009765625,0.917236328125,0.91632080078125,0.27197265625,0.916778564453125,0.582763671875,0.5832112630208334,0.27197265625,0.5829874674479167
463,independent_q_restore,128,173,True,0.686279296875,00110011,0.496337890625,0.4993896484375,0.268310546875,0.49786376953125,0.813720703125,0.81182861328125,0.268310546875,0.812774658203125,0.686279296875,0.6865641276041666,0.268310546875,0.6864217122395833
463,independent_q_restore,161,206,True,0.982421875,01010101,0.50390625,0.5015869140625,0.29833984375,0.50274658203125,0.517578125,0.516845703125,0.29833984375,0.5172119140625,0.982421875,0.9816080729166667,0.29833984375,0.9820149739583334
463,independent_q_restore,222,267,True,1.0,01010101,0.5,0.5,0.296875,0.5,0.5,0.5,0.296875,0.5,1.0,1.0,0.296875,1.0
463,independent_q_restore,304,349,True,1.0,01010101,0.5,0.5,0.287353515625,0.5,0.5,0.5,0.286865234375,0.5,1.0,1.0,0.287353515625,1.0
463,independent_q_restore,418,463,True,1.0,01010101,0.5,0.5,0.285888671875,0.5,0.5,0.5,0.285400390625,0.5,1.0,1.0,0.285888671875,1.0
463,independent_q_restore,575,620,True,1.0,01010101,0.5,0.5,0.287109375,0.5,0.5,0.5,0.28662109375,0.5,1.0,1.0,0.287109375,1.0
463,independent_q_restore,790,835,True,1.0,01010101,0.5,0.5,0.28564453125,0.5,0.5,0.5,0.28515625,0.5,1.0,1.0,0.28564453125,1.0
463,independent_q_restore,1024,1069,True,1.0,01010101,0.5,0.5,0.28857421875,0.5,0.5,0.5,0.287841796875,0.5,1.0,1.0,0.28857421875,1.0
463,independent_padding_sham,0,45,True,0.500732421875,00001111,0.994873046875,0.993896484375,0.386962890625,0.994384765625,0.505126953125,0.505615234375,0.2880859375,0.50537109375,0.500732421875,0.5001220703125,-0.043212890625,0.50042724609375
463,independent_padding_sham,1,46,True,0.500244140625,00001111,0.995849609375,0.9951171875,0.380859375,0.9954833984375,0.504150390625,0.5045166015625,0.2919921875,0.50433349609375,0.500244140625,0.4995930989583333,-0.047607421875,0.49991861979166663
463,independent_padding_sham,2,47,True,0.500732421875,00001111,0.996337890625,0.995849609375,0.3818359375,0.99609375,0.503662109375,0.50360107421875,0.301025390625,0.503631591796875,0.500732421875,0.5004069010416666,-0.0458984375,0.5005696614583333
463,independent_padding_sham,3,48,True,0.50146484375,00001111,0.9931640625,0.993408203125,0.38330078125,0.9932861328125,0.5068359375,0.50640869140625,0.310302734375,0.506622314453125,0.50146484375,0.5008138020833334,-0.042236328125,0.5011393229166667
463,independent_padding_sham,4,49,True,0.501953125,00001111,0.990234375,0.9906005859375,0.37744140625,0.99041748046875,0.509765625,0.5098876953125,0.313720703125,0.50982666015625,0.501953125,0.5013020833333334,-0.04736328125,0.5016276041666667
463,independent_padding_sham,5,50,True,0.501953125,00001111,0.984375,0.984130859375,0.380615234375,0.9842529296875,0.515625,0.51593017578125,0.326171875,0.515777587890625,0.501953125,0.5002034505208334,-0.04736328125,0.5010782877604167
463,independent_padding_sham,7,52,True,0.50439453125,00001111,0.9716796875,0.9700927734375,0.378662109375,0.97088623046875,0.5283203125,0.52911376953125,0.338134765625,0.528717041015625,0.50439453125,0.5016276041666666,-0.0380859375,0.5030110677083333
463,independent_padding_sham,9,54,True,0.505126953125,00001111,0.952392578125,0.9490966796875,0.3798828125,0.95074462890625,0.547607421875,0.54937744140625,0.349365234375,0.548492431640625,0.505126953125,0.5020345052083334,-0.025146484375,0.5035807291666667
463,independent_padding_sham,13,58,True,0.5126953125,00001111,0.8525390625,0.849853515625,0.374267578125,0.8511962890625,0.64599609375,0.65008544921875,0.361083984375,0.648040771484375,0.5126953125,0.5052490234375,0.001953125,0.50897216796875
463,independent_padding_sham,17,62,True,0.508544921875,00111111,0.721435546875,0.7216796875,0.3720703125,0.7215576171875,0.776123046875,0.77984619140625,0.370361328125,0.777984619140625,0.508544921875,0.5073649088541666,0.029052734375,0.5079549153645833
463,independent_padding_sham,24,69,True,0.504150390625,00110011,0.545654296875,0.5457763671875,0.3603515625,0.54571533203125,0.950439453125,0.951171875,0.36083984375,0.9508056640625,0.504150390625,0.5042724609375,0.0224609375,0.50421142578125
463,independent_padding_sham,33,78,True,0.50048828125,00110011,0.50244140625,0.501708984375,0.359130859375,0.5020751953125,0.99755859375,0.99609375,0.359375,0.996826171875,0.50048828125,0.5005289713541666,0.0859375,0.5005086263020833
463,independent_padding_sham,45,90,True,0.5,00110011,0.5,0.5,0.3330078125,0.5,1.0,1.0,0.333251953125,1.0,0.5,0.5,0.099609375,0.5
463,independent_padding_sham,62,107,True,0.5,00110011,0.5,0.5,0.32470703125,0.5,1.0,1.0,0.324951171875,1.0,0.5,0.5,0.168701171875,0.5
463,independent_padding_sham,85,130,True,0.5,00110011,0.5,0.5,0.3203125,0.5,1.0,1.0,0.3212890625,1.0,0.5,0.5,0.245361328125,0.5
463,independent_padding_sham,117,162,True,0.529296875,00110011,0.49658203125,0.4986572265625,0.3095703125,0.49761962890625,0.970703125,0.9710693359375,0.310546875,0.97088623046875,0.529296875,0.5293375651041666,0.310546875,0.5293172200520833
463,independent_padding_sham,128,173,True,0.59130859375,00110011,0.5009765625,0.5001220703125,0.287353515625,0.50054931640625,0.90869140625,0.91009521484375,0.288330078125,0.909393310546875,0.59130859375,0.5904541015625,0.288330078125,0.59088134765625
463,independent_padding_sham,161,206,True,0.9658203125,01010101,0.501953125,0.49951171875,0.291015625,0.500732421875,0.5341796875,0.53253173828125,0.291748046875,0.533355712890625,0.9658203125,0.9662679036458333,0.291748046875,0.9660441080729166
463,independent_padding_sham,222,267,True,1.0,01010101,0.5,0.5,0.274169921875,0.5,0.5,0.5,0.276611328125,0.5,1.0,1.0,0.276611328125,1.0
463,independent_padding_sham,304,349,True,1.0,01010101,0.5,0.5,0.2666015625,0.5,0.5,0.5,0.268310546875,0.5,1.0,1.0,0.268310546875,1.0
463,independent_padding_sham,418,463,True,1.0,01010101,0.5,0.5,0.26953125,0.5,0.5,0.5,0.271728515625,0.5,1.0,1.0,0.271728515625,1.0
463,independent_padding_sham,575,620,True,1.0,01010101,0.5,0.5,0.26953125,0.5,0.5,0.5,0.271484375,0.5,1.0,1.0,0.271484375,1.0
463,independent_padding_sham,790,835,True,1.0,01010101,0.5,0.5,0.27197265625,0.5,0.5,0.5,0.27392578125,0.5,1.0,1.0,0.27392578125,1.0
463,independent_padding_sham,1024,1069,True,1.0,01010101,0.5,0.5,0.274169921875,0.5,0.5,0.5,0.276123046875,0.5,1.0,1.0,0.276123046875,1.0
463,nested_noop,0,45,True,0.5,00001111,1.0,0.9998779296875,0.389892578125,0.99993896484375,0.5,0.50006103515625,0.157958984375,0.500030517578125,0.5,0.5000406901041666,-0.033203125,0.5000203450520833
463,nested_noop,1,46,True,0.5,00001111,1.0,0.9998779296875,0.38330078125,0.99993896484375,0.5,0.50006103515625,0.15869140625,0.500030517578125,0.5,0.5000813802083334,-0.02783203125,0.5000406901041667
463,nested_noop,2,47,True,0.5,00001111,1.0,0.9998779296875,0.379150390625,0.99993896484375,0.5,0.5,0.164306640625,0.5,0.5,0.5000406901041666,-0.0419921875,0.5000203450520833
463,nested_noop,3,48,True,0.5,00001111,1.0,0.9998779296875,0.37548828125,0.99993896484375,0.5,0.50006103515625,0.163330078125,0.500030517578125,0.5,0.5000813802083334,-0.041259765625,0.5000406901041667
463,nested_noop,4,49,True,0.500244140625,00001111,0.999755859375,0.9996337890625,0.375732421875,0.99969482421875,0.500244140625,0.500244140625,0.162841796875,0.500244140625,0.500244140625,0.5002034505208334,-0.040771484375,0.5002237955729167
463,nested_noop,5,50,True,0.500732421875,00001111,0.998779296875,0.9989013671875,0.36962890625,0.99884033203125,0.501220703125,0.50091552734375,0.158203125,0.501068115234375,0.500732421875,0.5008138020833334,-0.043701171875,0.5007731119791667
463,nested_noop,7,52,True,0.49853515625,00001111,0.99267578125,0.9940185546875,0.373046875,0.99334716796875,0.50634765625,0.50567626953125,0.177490234375,0.506011962890625,0.49853515625,0.5000813802083334,-0.027099609375,0.4993082682291667
463,nested_noop,9,54,True,0.499755859375,00001111,0.984619140625,0.9854736328125,0.376220703125,0.98504638671875,0.512939453125,0.5107421875,0.19189453125,0.5118408203125,0.499755859375,0.501708984375,-0.013427734375,0.500732421875
463,nested_noop,13,58,True,0.50244140625,00001111,0.97119140625,0.970703125,0.39599609375,0.970947265625,0.52734375,0.52642822265625,0.2470703125,0.526885986328125,0.50244140625,0.5032145182291666,0.047119140625,0.5028279622395833
463,nested_noop,17,62,True,0.5107421875,00001111,0.939453125,0.939697265625,0.40625,0.9395751953125,0.55810546875,0.55816650390625,0.295166015625,0.558135986328125,0.5107421875,0.509033203125,0.07568359375,0.5098876953125
463,nested_noop,24,69,True,0.5244140625,00111111,0.8046875,0.80712890625,0.39453125,0.805908203125,0.6689453125,0.676025390625,0.34521484375,0.6724853515625,0.5244140625,0.5240478515625,0.093017578125,0.52423095703125
463,nested_noop,33,78,True,0.5263671875,00111111,0.658203125,0.6624755859375,0.37890625,0.66033935546875,0.810546875,0.81317138671875,0.369384765625,0.811859130859375,0.5263671875,0.5260009765625,0.153564453125,0.52618408203125
463,nested_noop,45,90,True,0.513916015625,00110011,0.543701171875,0.544921875,0.359375,0.5443115234375,0.955810546875,0.9559326171875,0.360595703125,0.95587158203125,0.513916015625,0.5135498046875,0.221923828125,0.51373291015625
463,nested_noop,62,107,True,0.5,00110011,0.5,0.5,0.3330078125,0.5,1.0,1.0,0.3330078125,1.0,0.5,0.5,0.284912109375,0.5
463,nested_noop,85,130,True,0.5,00110011,0.5,0.5,0.2998046875,0.5,1.0,1.0,0.300537109375,1.0,0.5,0.5,0.294921875,0.5
463,nested_noop,117,162,True,0.655517578125,00110011,0.506591796875,0.5078125,0.248291015625,0.5072021484375,0.844482421875,0.84490966796875,0.2490234375,0.844696044921875,0.655517578125,0.6553548177083334,0.2490234375,0.6554361979166667
463,nested_noop,128,173,True,0.792236328125,01110111,0.502685546875,0.5032958984375,0.28369140625,0.50299072265625,0.707763671875,0.70501708984375,0.285400390625,0.706390380859375,0.792236328125,0.7952880859375,0.285400390625,0.79376220703125
463,nested_noop,161,206,True,1.0,01010101,0.5,0.5001220703125,0.286376953125,0.50006103515625,0.5,0.50006103515625,0.28759765625,0.500030517578125,1.0,1.0,0.28759765625,1.0
463,nested_noop,222,267,True,1.0,01010101,0.5,0.5,0.275390625,0.5,0.5,0.5,0.27587890625,0.5,1.0,1.0,0.27587890625,1.0
463,nested_noop,304,349,True,1.0,01010101,0.5,0.5,0.278076171875,0.5,0.5,0.5,0.278564453125,0.5,1.0,1.0,0.278564453125,1.0
463,nested_noop,418,463,True,1.0,01010101,0.5,0.5,0.279541015625,0.5,0.5,0.5,0.27978515625,0.5,1.0,1.0,0.27978515625,1.0
463,nested_noop,575,620,True,1.0,01010101,0.5,0.5,0.27880859375,0.5,0.5,0.5,0.279052734375,0.5,1.0,1.0,0.279052734375,1.0
463,nested_noop,790,835,True,1.0,01010101,0.5,0.5,0.283203125,0.5,0.5,0.5,0.28271484375,0.5,1.0,1.0,0.283203125,1.0
463,nested_noop,1024,1069,True,1.0,01010101,0.5,0.5,0.28564453125,0.5,0.5,0.5,0.284912109375,0.5,1.0,1.0,0.28564453125,1.0
463,nested_q_transplant,0,45,True,0.500244140625,00001111,0.999267578125,0.9993896484375,0.37548828125,0.99932861328125,0.500732421875,0.5006103515625,0.23193359375,0.50067138671875,0.500244140625,0.5001627604166666,-0.048583984375,0.5002034505208333
463,nested_q_transplant,1,46,True,0.499755859375,00001111,0.999267578125,0.9993896484375,0.373291015625,0.99932861328125,0.500732421875,0.50067138671875,0.236572265625,0.500701904296875,0.499755859375,0.4998779296875,-0.0537109375,0.49981689453125
463,nested_q_transplant,2,47,True,0.500244140625,00001111,0.999755859375,0.9996337890625,0.371337890625,0.99969482421875,0.500244140625,0.500244140625,0.242431640625,0.500244140625,0.500244140625,0.5002034505208334,-0.060546875,0.5002237955729167
463,nested_q_transplant,3,48,True,0.500244140625,00001111,0.999755859375,0.9993896484375,0.371826171875,0.99957275390625,0.500244140625,0.50042724609375,0.24755859375,0.500335693359375,0.500244140625,0.500244140625,-0.06005859375,0.500244140625
463,nested_q_transplant,4,49,True,0.49951171875,00001111,0.9970703125,0.997802734375,0.366455078125,0.9974365234375,0.5029296875,0.50201416015625,0.24365234375,0.502471923828125,0.49951171875,0.5000813802083334,-0.062744140625,0.4997965494791667
463,nested_q_transplant,5,50,True,0.498779296875,00001111,0.994873046875,0.9957275390625,0.369384765625,0.99530029296875,0.505126953125,0.50408935546875,0.2490234375,0.504608154296875,0.498779296875,0.5,-0.05126953125,0.4993896484375
463,nested_q_transplant,7,52,True,0.501708984375,00001111,0.985107421875,0.9864501953125,0.3671875,0.98577880859375,0.514892578125,0.51300048828125,0.2646484375,0.513946533203125,0.501708984375,0.5013020833333334,-0.044921875,0.5015055338541667
463,nested_q_transplant,9,54,True,0.501953125,00001111,0.97314453125,0.9742431640625,0.37060546875,0.97369384765625,0.52685546875,0.525146484375,0.289794921875,0.5260009765625,0.501953125,0.5025227864583334,-0.029541015625,0.5022379557291667
463,nested_q_transplant,13,58,True,0.50732421875,00001111,0.94873046875,0.94580078125,0.389404296875,0.947265625,0.55078125,0.55126953125,0.34375,0.551025390625,0.50732421875,0.5051676432291666,0.0205078125,0.5062459309895833
463,nested_q_transplant,17,62,True,0.512451171875,00001111,0.886474609375,0.88525390625,0.38623046875,0.8858642578125,0.612060546875,0.61834716796875,0.3603515625,0.615203857421875,0.512451171875,0.5120849609375,0.03564453125,0.51226806640625
463,nested_q_transplant,24,69,True,0.521484375,00110111,0.68115234375,0.685546875,0.37353515625,0.683349609375,0.8173828125,0.82086181640625,0.37060546875,0.819122314453125,0.521484375,0.5195719401041666,0.04736328125,0.5205281575520833
463,nested_q_transplant,33,78,True,0.5048828125,00110011,0.53662109375,0.5382080078125,0.355712890625,0.53741455078125,0.96240234375,0.96240234375,0.35693359375,0.96240234375,0.5048828125,0.5057373046875,0.10107421875,0.50531005859375
463,nested_q_transplant,45,90,True,0.500244140625,00110011,0.500244140625,0.5001220703125,0.341796875,0.50018310546875,0.999755859375,0.99981689453125,0.342529296875,0.999786376953125,0.500244140625,0.5002034505208334,0.122802734375,0.5002237955729167
463,nested_q_transplant,62,107,True,0.5,00110011,0.5,0.5,0.319580078125,0.5,1.0,1.0,0.319580078125,1.0,0.5,0.5,0.177490234375,0.5
463,nested_q_transplant,85,130,True,0.5,00110011,0.5,0.5,0.305419921875,0.5,1.0,1.0,0.306884765625,1.0,0.5,0.5,0.231689453125,0.5
463,nested_q_transplant,117,162,True,0.581787109375,00110011,0.505615234375,0.5057373046875,0.281494140625,0.50567626953125,0.918212890625,0.9183349609375,0.282958984375,0.91827392578125,0.581787109375,0.580322265625,0.2822265625,0.5810546875
463,nested_q_transplant,128,173,True,0.73291015625,01110011,0.498046875,0.4981689453125,0.281005859375,0.49810791015625,0.76708984375,0.7646484375,0.282958984375,0.765869140625,0.73291015625,0.7338053385416666,0.282958984375,0.7333577473958333
463,nested_q_transplant,161,206,True,0.999755859375,01010101,0.499755859375,0.5001220703125,0.262939453125,0.49993896484375,0.500244140625,0.50054931640625,0.265380859375,0.500396728515625,0.999755859375,0.9994710286458333,0.265380859375,0.9996134440104166
463,nested_q_transplant,222,267,True,1.0,01010101,0.5,0.5,0.269775390625,0.5,0.5,0.5,0.272216796875,0.5,1.0,1.0,0.272216796875,1.0
463,nested_q_transplant,304,349,True,1.0,01010101,0.5,0.5,0.272216796875,0.5,0.5,0.5,0.275390625,0.5,1.0,1.0,0.275390625,1.0
463,nested_q_transplant,418,463,True,1.0,01010101,0.5,0.5,0.2744140625,0.5,0.5,0.5,0.277099609375,0.5,1.0,1.0,0.277099609375,1.0
463,nested_q_transplant,575,620,True,1.0,01010101,0.5,0.5,0.279541015625,0.5,0.5,0.5,0.2822265625,0.5,1.0,1.0,0.2822265625,1.0
463,nested_q_transplant,790,835,True,1.0,01010101,0.5,0.5,0.282470703125,0.5,0.5,0.5,0.285400390625,0.5,1.0,1.0,0.285400390625,1.0
463,nested_q_transplant,1024,1069,True,1.0,01010101,0.5,0.5,0.281982421875,0.5,0.5,0.5,0.28515625,0.5,1.0,1.0,0.28515625,1.0
463,nested_padding_sham,0,45,True,0.5,00001111,1.0,1.0,0.394287109375,1.0,0.5,0.5,0.142822265625,0.5,0.5,0.5,-0.024658203125,0.5
463,nested_padding_sham,1,46,True,0.5,00001111,1.0,0.9998779296875,0.3876953125,0.99993896484375,0.5,0.50006103515625,0.144287109375,0.500030517578125,0.5,0.5,-0.030517578125,0.5
463,nested_padding_sham,2,47,True,0.5,00001111,1.0,1.0,0.378173828125,1.0,0.5,0.5,0.14501953125,0.5,0.5,0.5,-0.03125,0.5
463,nested_padding_sham,3,48,True,0.500244140625,00001111,0.999755859375,0.999755859375,0.379150390625,0.999755859375,0.500244140625,0.50018310546875,0.1484375,0.500213623046875,0.500244140625,0.5001627604166666,-0.034423828125,0.5002034505208333
463,nested_padding_sham,4,49,True,0.500732421875,00001111,0.999267578125,0.99951171875,0.373779296875,0.9993896484375,0.500732421875,0.50048828125,0.146728515625,0.5006103515625,0.500732421875,0.50048828125,-0.03515625,0.5006103515625
463,nested_padding_sham,5,50,True,0.499755859375,00001111,0.998291015625,0.99853515625,0.3759765625,0.9984130859375,0.501708984375,0.5015869140625,0.1533203125,0.50164794921875,0.499755859375,0.4999186197916667,-0.032958984375,0.49983723958333337
463,nested_padding_sham,7,52,True,0.5009765625,00001111,0.99169921875,0.9925537109375,0.38427734375,0.99212646484375,0.50634765625,0.50518798828125,0.180908203125,0.505767822265625,0.5009765625,0.5015869140625,-0.013427734375,0.50128173828125
463,nested_padding_sham,9,54,True,0.500244140625,00001111,0.981689453125,0.9830322265625,0.385986328125,0.98236083984375,0.514404296875,0.5125732421875,0.193603515625,0.51348876953125,0.500244140625,0.5013834635416666,0.0068359375,0.5008138020833333
463,nested_padding_sham,13,58,True,0.50634765625,00001111,0.962890625,0.9637451171875,0.396484375,0.96331787109375,0.5322265625,0.53118896484375,0.23876953125,0.531707763671875,0.50634765625,0.5050048828125,0.051513671875,0.50567626953125
463,nested_padding_sham,17,62,True,0.51171875,00001111,0.9306640625,0.9295654296875,0.401123046875,0.93011474609375,0.56591796875,0.56640625,0.282958984375,0.566162109375,0.51171875,0.51025390625,0.076171875,0.510986328125
463,nested_padding_sham,24,69,True,0.526123046875,00111111,0.780029296875,0.78564453125,0.39306640625,0.7828369140625,0.685791015625,0.68988037109375,0.33642578125,0.687835693359375,0.526123046875,0.5242513020833334,0.10498046875,0.5251871744791667
463,nested_padding_sham,33,78,True,0.52392578125,00111111,0.64404296875,0.650634765625,0.384521484375,0.6473388671875,0.82177734375,0.82476806640625,0.372314453125,0.823272705078125,0.52392578125,0.5233154296875,0.169921875,0.52362060546875
463,nested_padding_sham,45,90,True,0.510009765625,00110011,0.541748046875,0.54296875,0.36376953125,0.5423583984375,0.955322265625,0.95574951171875,0.365478515625,0.955535888671875,0.510009765625,0.5110677083333334,0.215576171875,0.5105387369791667
463,nested_padding_sham,62,107,True,0.5,00110011,0.5,0.5,0.336181640625,0.5,1.0,1.0,0.3369140625,1.0,0.5,0.5,0.2900390625,0.5
463,nested_padding_sham,85,130,True,0.5,00110011,0.5,0.5,0.304443359375,0.5,1.0,1.0,0.30517578125,1.0,0.5,0.5,0.30029296875,0.5
463,nested_padding_sham,117,162,True,0.614501953125,00110011,0.506591796875,0.505859375,0.282958984375,0.5062255859375,0.885498046875,0.8865966796875,0.283447265625,0.88604736328125,0.614501953125,0.6136881510416666,0.283447265625,0.6140950520833333
463,nested_padding_sham,128,173,True,0.74609375,01110111,0.498046875,0.4979248046875,0.274658203125,0.49798583984375,0.75390625,0.75103759765625,0.27587890625,0.752471923828125,0.74609375,0.7490641276041666,0.27587890625,0.7475789388020833
463,nested_padding_sham,161,206,True,0.998046875,01010101,0.50048828125,0.5009765625,0.26953125,0.500732421875,0.501953125,0.501953125,0.271240234375,0.501953125,0.998046875,0.9979248046875,0.271240234375,0.99798583984375
463,nested_padding_sham,222,267,True,1.0,01010101,0.5,0.5,0.269775390625,0.5,0.5,0.5,0.2705078125,0.5,1.0,1.0,0.270751953125,1.0
463,nested_padding_sham,304,349,True,1.0,01010101,0.5,0.5,0.2734375,0.5,0.5,0.5,0.273193359375,0.5,1.0,1.0,0.2734375,1.0
463,nested_padding_sham,418,463,True,1.0,01010101,0.5,0.5,0.2734375,0.5,0.5,0.5,0.273193359375,0.5,1.0,1.0,0.2734375,1.0
463,nested_padding_sham,575,620,True,1.0,01010101,0.5,0.5,0.276123046875,0.5,0.5,0.5,0.27587890625,0.5,1.0,1.0,0.276123046875,1.0
463,nested_padding_sham,790,835,True,1.0,01010101,0.5,0.5,0.27783203125,0.5,0.5,0.5,0.277587890625,0.5,1.0,1.0,0.27783203125,1.0
463,nested_padding_sham,1024,1069,True,1.0,01010101,0.5,0.5,0.2822265625,0.5,0.5,0.5,0.28173828125,0.5,1.0,1.0,0.2822265625,1.0
467,independent_noop,0,45,True,0.5,00001111,1.0,1.0,0.388427734375,1.0,0.5,0.50006103515625,0.312255859375,0.500030517578125,0.5,0.5001220703125,-0.0927734375,0.50006103515625
467,independent_noop,1,46,True,0.49951171875,00001111,0.99658203125,0.99755859375,0.38671875,0.9970703125,0.50341796875,0.5030517578125,0.323486328125,0.50323486328125,0.49951171875,0.5002848307291666,-0.0947265625,0.4998982747395833
467,independent_noop,2,47,True,0.502685546875,00001111,0.989013671875,0.990478515625,0.387451171875,0.98974609375,0.510986328125,0.51080322265625,0.3349609375,0.510894775390625,0.502685546875,0.50244140625,-0.094482421875,0.5025634765625
467,independent_noop,3,48,True,0.503173828125,00001111,0.982177734375,0.9832763671875,0.38525390625,0.98272705078125,0.517822265625,0.519775390625,0.345947265625,0.518798828125,0.503173828125,0.5036214192708334,-0.094482421875,0.5033976236979167
467,independent_noop,4,49,True,0.50390625,00001111,0.97509765625,0.976318359375,0.386962890625,0.9757080078125,0.52490234375,0.52740478515625,0.355224609375,0.526153564453125,0.50390625,0.504150390625,-0.090576171875,0.5040283203125
467,independent_noop,5,50,True,0.504150390625,00001111,0.964111328125,0.9661865234375,0.390380859375,0.96514892578125,0.535888671875,0.53753662109375,0.3662109375,0.536712646484375,0.504150390625,0.5039469401041666,-0.089111328125,0.5040486653645833
467,independent_noop,7,52,True,0.5029296875,00001111,0.93896484375,0.9410400390625,0.38623046875,0.94000244140625,0.56103515625,0.5628662109375,0.37255859375,0.56195068359375,0.5029296875,0.504150390625,-0.09423828125,0.5035400390625
467,independent_noop,9,54,True,0.501953125,00001111,0.90966796875,0.9144287109375,0.38525390625,0.91204833984375,0.59033203125,0.59136962890625,0.375,0.590850830078125,0.501953125,0.5028889973958334,-0.097900390625,0.5024210611979167
467,independent_noop,13,58,True,0.504150390625,00111111,0.740966796875,0.740966796875,0.390380859375,0.740966796875,0.759033203125,0.76324462890625,0.387451171875,0.761138916015625,0.504150390625,0.5069173177083334,-0.089599609375,0.5055338541666667
467,independent_noop,17,62,True,0.502197265625,00110011,0.576416015625,0.5765380859375,0.383056640625,0.57647705078125,0.923583984375,0.92462158203125,0.38232421875,0.924102783203125,0.502197265625,0.5029296875,-0.0927734375,0.5025634765625
467,independent_noop,24,69,True,0.5,00110011,0.5009765625,0.50146484375,0.356689453125,0.501220703125,0.9990234375,0.99896240234375,0.356689453125,0.998992919921875,0.5,0.5004069010416666,-0.112548828125,0.5002034505208333
467,independent_noop,33,78,True,0.5,00110011,0.5,0.5001220703125,0.342041015625,0.50006103515625,1.0,1.0,0.34228515625,1.0,0.5,0.5,-0.122314453125,0.5
467,independent_noop,45,90,True,0.5,00110011,0.5,0.5,0.33984375,0.5,1.0,1.0,0.33984375,1.0,0.5,0.5,-0.1064453125,0.5
467,independent_noop,62,107,True,0.5,00110011,0.5,0.5,0.3291015625,0.5,1.0,1.0,0.329345703125,1.0,0.5,0.5,-0.074951171875,0.5
467,independent_noop,85,130,True,0.5,00110011,0.5,0.5,0.322265625,0.5,1.0,1.0,0.322265625,1.0,0.5,0.5,-0.002685546875,0.5
467,independent_noop,117,162,True,0.50390625,00110011,0.50341796875,0.5001220703125,0.31884765625,0.50177001953125,0.99609375,0.996337890625,0.319091796875,0.9962158203125,0.50390625,0.5033365885416666,0.11181640625,0.5036214192708333
467,independent_noop,128,173,True,0.524169921875,00110011,0.502197265625,0.500732421875,0.31591796875,0.50146484375,0.975830078125,0.97625732421875,0.31591796875,0.976043701171875,0.524169921875,0.5244954427083334,0.162841796875,0.5243326822916667
467,independent_noop,161,206,True,0.658203125,00110011,0.5009765625,0.4996337890625,0.31787109375,0.50030517578125,0.841796875,0.83673095703125,0.31787109375,0.839263916015625,0.658203125,0.66259765625,0.3134765625,0.660400390625
467,independent_noop,222,267,True,1.0,01010101,0.5,0.5,0.322021484375,0.5,0.5,0.5,0.32275390625,0.5,1.0,1.0,0.32275390625,1.0
467,independent_noop,304,349,True,1.0,01010101,0.5,0.5,0.308349609375,0.5,0.5,0.5,0.308349609375,0.5,1.0,1.0,0.308837890625,1.0
467,independent_noop,418,463,True,1.0,01010101,0.5,0.5,0.301513671875,0.5,0.5,0.5,0.3017578125,0.5,1.0,1.0,0.302490234375,1.0
467,independent_noop,575,620,True,1.0,01010101,0.5,0.5,0.3076171875,0.5,0.5,0.5,0.307861328125,0.5,1.0,1.0,0.30859375,1.0
467,independent_noop,790,835,True,1.0,01010101,0.5,0.5,0.313232421875,0.5,0.5,0.5,0.313720703125,0.5,1.0,1.0,0.314453125,1.0
467,independent_noop,1024,1069,True,1.0,01010101,0.5,0.5,0.325927734375,0.5,0.5,0.5,0.32666015625,0.5,1.0,1.0,0.327392578125,1.0
467,independent_q_restore,0,45,True,0.5,00001111,1.0,1.0,0.392578125,1.0,0.5,0.5,0.1298828125,0.5,0.5,0.5,-0.074951171875,0.5
467,independent_q_restore,1,46,True,0.5,00001111,1.0,1.0,0.3896484375,1.0,0.5,0.5001220703125,0.151123046875,0.50006103515625,0.5,0.5,-0.081298828125,0.5
467,independent_q_restore,2,47,True,0.500244140625,00001111,0.999267578125,0.99951171875,0.391357421875,0.9993896484375,0.500732421875,0.50067138671875,0.168701171875,0.500701904296875,0.500244140625,0.5003255208333334,-0.078125,0.5002848307291667
467,independent_q_restore,3,48,True,0.50146484375,00001111,0.99755859375,0.998291015625,0.39599609375,0.9979248046875,0.50146484375,0.501708984375,0.18994140625,0.5015869140625,0.50146484375,0.50146484375,-0.071533203125,0.50146484375
467,independent_q_restore,4,49,True,0.501220703125,00001111,0.995849609375,0.996826171875,0.398193359375,0.996337890625,0.503173828125,0.50372314453125,0.2060546875,0.503448486328125,0.501220703125,0.5016682942708334,-0.064453125,0.5014444986979167
467,independent_q_restore,5,50,True,0.5029296875,00001111,0.99267578125,0.9925537109375,0.397705078125,0.99261474609375,0.50537109375,0.50653076171875,0.2177734375,0.505950927734375,0.5029296875,0.5026448567708334,-0.063232421875,0.5027872721354167
467,independent_q_restore,7,52,True,0.502197265625,00001111,0.977294921875,0.975830078125,0.39501953125,0.9765625,0.514892578125,0.517822265625,0.2412109375,0.516357421875,0.502197265625,0.5038655598958334,-0.076416015625,0.5030314127604167
467,independent_q_restore,9,54,True,0.505859375,00001111,0.9619140625,0.96142578125,0.388671875,0.961669921875,0.52587890625,0.529541015625,0.26318359375,0.5277099609375,0.505859375,0.5060221354166666,-0.093017578125,0.5059407552083333
467,independent_q_restore,13,58,True,0.503662109375,00001111,0.918212890625,0.920654296875,0.388671875,0.91943359375,0.574462890625,0.57427978515625,0.2998046875,0.574371337890625,0.503662109375,0.5038655598958334,-0.087890625,0.5037638346354167
467,independent_q_restore,17,62,True,0.51123046875,00111111,0.7578125,0.75927734375,0.382568359375,0.758544921875,0.70654296875,0.705078125,0.328857421875,0.705810546875,0.51123046875,0.5123697916666666,-0.085693359375,0.5118001302083333
467,independent_q_restore,24,69,True,0.505615234375,00110011,0.512451171875,0.511474609375,0.376708984375,0.511962890625,0.882080078125,0.8861083984375,0.36328125,0.88409423828125,0.505615234375,0.5098063151041666,-0.093505859375,0.5077107747395833
467,independent_q_restore,33,78,True,0.505126953125,00110011,0.481689453125,0.4837646484375,0.3515625,0.48272705078125,0.973388671875,0.97406005859375,0.35107421875,0.973724365234375,0.505126953125,0.5043131510416666,-0.099609375,0.5047200520833333
467,independent_q_restore,45,90,True,0.500732421875,00110011,0.500244140625,0.5003662109375,0.343017578125,0.50030517578125,0.999267578125,0.99945068359375,0.343505859375,0.999359130859375,0.500732421875,0.5004475911458334,-0.0810546875,0.5005900065104167
467,independent_q_restore,62,107,True,0.5,00110011,0.5,0.5,0.33837890625,0.5,1.0,1.0,0.338623046875,1.0,0.5,0.5,-0.02490234375,0.5
467,independent_q_restore,85,130,True,0.5,00110011,0.5,0.49951171875,0.3466796875,0.499755859375,1.0,1.0,0.3466796875,1.0,0.5,0.5000406901041666,0.1123046875,0.5000203450520833
467,independent_q_restore,117,162,True,0.52197265625,00110011,0.5048828125,0.5030517578125,0.334228515625,0.50396728515625,0.97802734375,0.97821044921875,0.334228515625,0.978118896484375,0.52197265625,0.5205485026041666,0.279296875,0.5212605794270833
467,independent_q_restore,128,173,True,0.588134765625,00110011,0.498291015625,0.4967041015625,0.327880859375,0.49749755859375,0.911865234375,0.9134521484375,0.328125,0.91265869140625,0.588134765625,0.5850830078125,0.305908203125,0.58660888671875
467,independent_q_restore,161,206,True,0.937255859375,01010101,0.501220703125,0.5025634765625,0.32666015625,0.50189208984375,0.562744140625,0.5623779296875,0.32275390625,0.56256103515625,0.937255859375,0.9383951822916667,0.32666015625,0.9378255208333334
467,independent_q_restore,222,267,True,1.0,01010101,0.5,0.5,0.32470703125,0.5,0.5,0.5,0.318603515625,0.5,1.0,1.0,0.324951171875,1.0
467,independent_q_restore,304,349,True,1.0,01010101,0.5,0.5,0.33544921875,0.5,0.5,0.5,0.327880859375,0.5,1.0,1.0,0.335693359375,1.0
467,independent_q_restore,418,463,True,1.0,01010101,0.5,0.5,0.337646484375,0.5,0.5,0.5,0.330078125,0.5,1.0,1.0,0.338134765625,1.0
467,independent_q_restore,575,620,True,1.0,01010101,0.5,0.5,0.336181640625,0.5,0.5,0.5,0.328369140625,0.5,1.0,1.0,0.337158203125,1.0
467,independent_q_restore,790,835,True,1.0,01010101,0.5,0.5,0.33544921875,0.5,0.5,0.5,0.32763671875,0.5,1.0,1.0,0.336669921875,1.0
467,independent_q_restore,1024,1069,True,1.0,01010101,0.5,0.5,0.333251953125,0.5,0.5,0.5,0.32470703125,0.5,1.0,1.0,0.33447265625,1.0
467,independent_padding_sham,0,45,True,0.501220703125,00001111,0.994384765625,0.9951171875,0.40234375,0.9947509765625,0.505615234375,0.50457763671875,0.288818359375,0.505096435546875,0.501220703125,0.5010986328125,-0.07763671875,0.50115966796875
467,independent_padding_sham,1,46,True,0.49951171875,00001111,0.98876953125,0.990234375,0.405029296875,0.989501953125,0.51123046875,0.51092529296875,0.306884765625,0.511077880859375,0.49951171875,0.5008138020833334,-0.0830078125,0.5001627604166667
467,independent_padding_sham,2,47,True,0.497802734375,00001111,0.980712890625,0.981689453125,0.405029296875,0.981201171875,0.518798828125,0.51934814453125,0.322998046875,0.519073486328125,0.497802734375,0.5004069010416666,-0.083984375,0.4991048177083333
467,independent_padding_sham,3,48,True,0.500244140625,00001111,0.973388671875,0.975830078125,0.4033203125,0.974609375,0.525634765625,0.5262451171875,0.33349609375,0.52593994140625,0.500244140625,0.5020345052083334,-0.088134765625,0.5011393229166667
467,independent_padding_sham,4,49,True,0.499755859375,00001111,0.964599609375,0.9678955078125,0.404541015625,0.96624755859375,0.534423828125,0.53485107421875,0.34423828125,0.534637451171875,0.499755859375,0.501953125,-0.08447265625,0.5008544921875
467,independent_padding_sham,5,50,True,0.500244140625,00001111,0.956787109375,0.9593505859375,0.399169921875,0.95806884765625,0.542236328125,0.54248046875,0.34765625,0.5423583984375,0.500244140625,0.5022786458333334,-0.092041015625,0.5012613932291667
467,independent_padding_sham,7,52,True,0.50537109375,00001111,0.92822265625,0.9332275390625,0.39111328125,0.93072509765625,0.56884765625,0.56732177734375,0.35888671875,0.568084716796875,0.50537109375,0.5049641927083334,-0.100830078125,0.5051676432291667
467,independent_padding_sham,9,54,True,0.50439453125,00001111,0.89501953125,0.89697265625,0.393798828125,0.89599609375,0.6025390625,0.6033935546875,0.370361328125,0.60296630859375,0.50439453125,0.5069173177083334,-0.099365234375,0.5056559244791667
467,independent_padding_sham,13,58,True,0.4990234375,00001111,0.78515625,0.78271484375,0.38623046875,0.783935546875,0.712890625,0.7177734375,0.37548828125,0.71533203125,0.4990234375,0.5035400390625,-0.102294921875,0.50128173828125
467,independent_padding_sham,17,62,True,0.503662109375,00110011,0.637451171875,0.635498046875,0.37451171875,0.636474609375,0.857666015625,0.8642578125,0.370361328125,0.8609619140625,0.503662109375,0.5032958984375,-0.1005859375,0.50347900390625
467,independent_padding_sham,24,69,True,0.500732421875,00110011,0.507080078125,0.509521484375,0.359130859375,0.50830078125,0.982666015625,0.98284912109375,0.35888671875,0.982757568359375,0.500732421875,0.5018717447916666,-0.11279296875,0.5013020833333333
467,independent_padding_sham,33,78,True,0.501220703125,00110011,0.500244140625,0.50048828125,0.358642578125,0.5003662109375,0.998779296875,0.99920654296875,0.358642578125,0.998992919921875,0.501220703125,0.500732421875,-0.105712890625,0.5009765625
467,independent_padding_sham,45,90,True,0.5,00110011,0.5,0.5,0.350830078125,0.5,1.0,1.0,0.350830078125,1.0,0.5,0.5,-0.0966796875,0.5
467,independent_padding_sham,62,107,True,0.5,00110011,0.5,0.5,0.329345703125,0.5,1.0,1.0,0.32958984375,1.0,0.5,0.5,-0.08056640625,0.5
467,independent_padding_sham,85,130,True,0.5,00110011,0.5,0.5,0.322021484375,0.5,1.0,1.0,0.323486328125,1.0,0.5,0.5,-0.016845703125,0.5
467,independent_padding_sham,117,162,True,0.5048828125,00110011,0.50244140625,0.5,0.315185546875,0.501220703125,0.9951171875,0.9954833984375,0.315673828125,0.99530029296875,0.5048828125,0.5040690104166666,0.082763671875,0.5044759114583333
467,independent_padding_sham,128,173,True,0.524658203125,00110011,0.502197265625,0.5008544921875,0.317626953125,0.50152587890625,0.975341796875,0.9754638671875,0.318115234375,0.97540283203125,0.524658203125,0.5250244140625,0.129150390625,0.52484130859375
467,independent_padding_sham,161,206,True,0.625,00110011,0.5107421875,0.50830078125,0.327392578125,0.509521484375,0.875,0.8734130859375,0.32763671875,0.87420654296875,0.625,0.6280517578125,0.291259765625,0.62652587890625
467,independent_padding_sham,222,267,True,1.0,01010101,0.5,0.5,0.316650390625,0.5,0.5,0.50006103515625,0.31591796875,0.500030517578125,1.0,1.0,0.31689453125,1.0
467,independent_padding_sham,304,349,True,1.0,01010101,0.5,0.5,0.333984375,0.5,0.5,0.5,0.333740234375,0.5,1.0,1.0,0.334228515625,1.0
467,independent_padding_sham,418,463,True,1.0,01010101,0.5,0.5,0.324951171875,0.5,0.5,0.5,0.32470703125,0.5,1.0,1.0,0.3251953125,1.0
467,independent_padding_sham,575,620,True,1.0,01010101,0.5,0.5,0.33056640625,0.5,0.5,0.5,0.330810546875,0.5,1.0,1.0,0.3310546875,1.0
467,independent_padding_sham,790,835,True,1.0,01010101,0.5,0.5,0.333984375,0.5,0.5,0.5,0.333740234375,0.5,1.0,1.0,0.334228515625,1.0
467,independent_padding_sham,1024,1069,True,1.0,01010101,0.5,0.5,0.335693359375,0.5,0.5,0.5,0.33544921875,0.5,1.0,1.0,0.3359375,1.0
467,nested_noop,0,45,True,0.5,00001111,1.0,1.0,0.402587890625,1.0,0.5,0.5,0.0947265625,0.5,0.5,0.5,-0.067138671875,0.5
467,nested_noop,1,46,True,0.5,00001111,1.0,1.0,0.407470703125,1.0,0.5,0.5,0.107666015625,0.5,0.5,0.5,-0.061767578125,0.5
467,nested_noop,2,47,True,0.5,00001111,1.0,1.0,0.409912109375,1.0,0.5,0.5,0.11328125,0.5,0.5,0.5000813802083334,-0.06005859375,0.5000406901041667
467,nested_noop,3,48,True,0.500732421875,00001111,0.999267578125,0.99951171875,0.408447265625,0.9993896484375,0.500244140625,0.5003662109375,0.117431640625,0.50030517578125,0.500732421875,0.5006917317708334,-0.06103515625,0.5007120768229167
467,nested_noop,4,49,True,0.5009765625,00001111,0.998046875,0.9984130859375,0.410888671875,0.99822998046875,0.50146484375,0.50146484375,0.12548828125,0.50146484375,0.5009765625,0.5011800130208334,-0.052734375,0.5010782877604167
467,nested_noop,5,50,True,0.501220703125,00001111,0.994873046875,0.9959716796875,0.412841796875,0.99542236328125,0.504638671875,0.5047607421875,0.14111328125,0.50469970703125,0.501220703125,0.5020345052083334,-0.046630859375,0.5016276041666667
467,nested_noop,7,52,True,0.505859375,00001111,0.97900390625,0.9788818359375,0.404052734375,0.97894287109375,0.5126953125,0.5146484375,0.15185546875,0.513671875,0.505859375,0.5066324869791666,-0.052734375,0.5062459309895833
467,nested_noop,9,54,True,0.509033203125,00001111,0.956787109375,0.958251953125,0.41064453125,0.95751953125,0.526611328125,0.53045654296875,0.16845703125,0.528533935546875,0.509033203125,0.5081380208333334,-0.054443359375,0.5085856119791667
467,nested_noop,13,58,True,0.5078125,00001111,0.943359375,0.944580078125,0.40283203125,0.9439697265625,0.54052734375,0.54437255859375,0.190185546875,0.542449951171875,0.5078125,0.5073649088541666,-0.065185546875,0.5075887044270833
467,nested_noop,17,62,True,0.510009765625,00001111,0.899658203125,0.90234375,0.386474609375,0.9010009765625,0.589111328125,0.59014892578125,0.215576171875,0.589630126953125,0.510009765625,0.5078531901041666,-0.0810546875,0.5089314778645833
467,nested_noop,24,69,True,0.50390625,00111111,0.6865234375,0.6883544921875,0.383056640625,0.68743896484375,0.720703125,0.7176513671875,0.291748046875,0.71917724609375,0.50390625,0.5078531901041666,-0.082275390625,0.5058797200520833
467,nested_noop,33,78,True,0.5107421875,00110011,0.587890625,0.5921630859375,0.3720703125,0.59002685546875,0.87109375,0.87408447265625,0.351318359375,0.872589111328125,0.5107421875,0.5104166666666666,-0.095458984375,0.5105794270833333
467,nested_noop,45,90,True,0.50390625,00110011,0.50830078125,0.5079345703125,0.36328125,0.50811767578125,0.9912109375,0.9927978515625,0.3642578125,0.99200439453125,0.50390625,0.50341796875,-0.084228515625,0.503662109375
467,nested_noop,62,107,True,0.5,00110011,0.5,0.5,0.336181640625,0.5,1.0,1.0,0.336181640625,1.0,0.5,0.5,-0.0625,0.5
467,nested_noop,85,130,True,0.5,00110011,0.5,0.5,0.3017578125,0.5,1.0,1.0,0.302001953125,1.0,0.5,0.5,-0.014892578125,0.5
467,nested_noop,117,162,True,0.50439453125,00110011,0.5029296875,0.5008544921875,0.289306640625,0.50189208984375,0.99560546875,0.9959716796875,0.289306640625,0.99578857421875,0.50439453125,0.5032552083333334,0.056640625,0.5038248697916667
467,nested_noop,128,173,True,0.52734375,00110011,0.5009765625,0.5001220703125,0.281982421875,0.50054931640625,0.97265625,0.9732666015625,0.281982421875,0.97296142578125,0.52734375,0.5276692708333334,0.093994140625,0.5275065104166667
467,nested_noop,161,206,True,0.65966796875,00110011,0.50634765625,0.5074462890625,0.2861328125,0.50689697265625,0.84033203125,0.841552734375,0.2861328125,0.8409423828125,0.65966796875,0.6594645182291666,0.259765625,0.6595662434895833
467,nested_noop,222,267,True,1.0,01010101,0.5,0.5,0.287841796875,0.5,0.5,0.5,0.285888671875,0.5,1.0,1.0,0.2880859375,1.0
467,nested_noop,304,349,True,1.0,01010101,0.5,0.5,0.304443359375,0.5,0.5,0.5,0.302734375,0.5,1.0,1.0,0.3046875,1.0
467,nested_noop,418,463,True,1.0,01010101,0.5,0.5,0.29736328125,0.5,0.5,0.5,0.294677734375,0.5,1.0,1.0,0.29736328125,1.0
467,nested_noop,575,620,True,1.0,01010101,0.5,0.5,0.291748046875,0.5,0.5,0.5,0.28955078125,0.5,1.0,1.0,0.291748046875,1.0
467,nested_noop,790,835,True,1.0,01010101,0.5,0.5,0.284912109375,0.5,0.5,0.5,0.282470703125,0.5,1.0,1.0,0.284912109375,1.0
467,nested_noop,1024,1069,True,1.0,01010101,0.5,0.5,0.291259765625,0.5,0.5,0.5,0.288818359375,0.5,1.0,1.0,0.291259765625,1.0
467,nested_q_transplant,0,45,True,0.5,00001111,1.0,1.0,0.409423828125,1.0,0.5,0.5,0.205322265625,0.5,0.5,0.5,-0.068359375,0.5
467,nested_q_transplant,1,46,True,0.5,00001111,1.0,1.0,0.4140625,1.0,0.5,0.5,0.21826171875,0.5,0.5,0.5000406901041666,-0.061279296875,0.5000203450520833
467,nested_q_transplant,2,47,True,0.500732421875,00001111,0.999267578125,0.9993896484375,0.411865234375,0.99932861328125,0.500732421875,0.50054931640625,0.224609375,0.500640869140625,0.500732421875,0.5006510416666666,-0.06298828125,0.5006917317708333
467,nested_q_transplant,3,48,True,0.500732421875,00001111,0.996337890625,0.997314453125,0.40673828125,0.996826171875,0.503662109375,0.50323486328125,0.223388671875,0.503448486328125,0.500732421875,0.501220703125,-0.069580078125,0.5009765625
467,nested_q_transplant,4,49,True,0.501708984375,00001111,0.993408203125,0.994384765625,0.407470703125,0.993896484375,0.506591796875,0.507080078125,0.23828125,0.5068359375,0.501708984375,0.5026448567708334,-0.068603515625,0.5021769205729167
467,nested_q_transplant,5,50,True,0.5029296875,00001111,0.986328125,0.987548828125,0.408203125,0.9869384765625,0.513671875,0.51446533203125,0.24755859375,0.514068603515625,0.5029296875,0.5035807291666666,-0.06689453125,0.5032552083333333
467,nested_q_transplant,7,52,True,0.504150390625,00001111,0.964599609375,0.9654541015625,0.401123046875,0.96502685546875,0.534423828125,0.53668212890625,0.271240234375,0.535552978515625,0.504150390625,0.5047200520833334,-0.078857421875,0.5044352213541667
467,nested_q_transplant,9,54,True,0.50537109375,00001111,0.94287109375,0.9447021484375,0.40478515625,0.94378662109375,0.5537109375,0.55712890625,0.294189453125,0.555419921875,0.50537109375,0.5059814453125,-0.0693359375,0.50567626953125
467,nested_q_transplant,13,58,True,0.5068359375,00001111,0.9248046875,0.92724609375,0.3974609375,0.926025390625,0.57421875,0.57672119140625,0.3125,0.575469970703125,0.5068359375,0.5052083333333334,-0.070068359375,0.5060221354166667
467,nested_q_transplant,17,62,True,0.50341796875,00001111,0.83447265625,0.83349609375,0.388916015625,0.833984375,0.6650390625,0.66876220703125,0.33447265625,0.666900634765625,0.50341796875,0.505615234375,-0.088623046875,0.5045166015625
467,nested_q_transplant,24,69,True,0.5068359375,00111111,0.65380859375,0.652587890625,0.380859375,0.6531982421875,0.8427734375,0.8448486328125,0.372802734375,0.84381103515625,0.5068359375,0.5072021484375,-0.10302734375,0.50701904296875
467,nested_q_transplant,33,78,True,0.49853515625,00110011,0.515625,0.51611328125,0.37548828125,0.515869140625,0.9833984375,0.98406982421875,0.375732421875,0.983734130859375,0.49853515625,0.500244140625,-0.10546875,0.4993896484375
467,nested_q_transplant,45,90,True,0.5,00110011,0.5,0.5001220703125,0.349609375,0.50006103515625,1.0,1.0,0.349853515625,1.0,0.5,0.5,-0.118408203125,0.5
467,nested_q_transplant,62,107,True,0.5,00110011,0.5,0.5,0.336669921875,0.5,1.0,1.0,0.336669921875,1.0,0.5,0.5,-0.111083984375,0.5
467,nested_q_transplant,85,130,True,0.5,00110011,0.5,0.5,0.31982421875,0.5,1.0,1.0,0.31982421875,1.0,0.5,0.5,-0.03759765625,0.5
467,nested_q_transplant,117,162,True,0.501953125,00110011,0.5009765625,0.500244140625,0.302490234375,0.5006103515625,0.998046875,0.99847412109375,0.302734375,0.998260498046875,0.501953125,0.5013020833333334,0.034423828125,0.5016276041666667
467,nested_q_transplant,128,173,True,0.517333984375,00110011,0.502197265625,0.5006103515625,0.30029296875,0.50140380859375,0.982666015625,0.98388671875,0.300537109375,0.9832763671875,0.517333984375,0.5164388020833334,0.056396484375,0.5168863932291667
467,nested_q_transplant,161,206,True,0.601318359375,00110011,0.513916015625,0.509765625,0.28369140625,0.5118408203125,0.898681640625,0.9002685546875,0.28369140625,0.89947509765625,0.601318359375,0.6015625,0.21240234375,0.6014404296875
467,nested_q_transplant,222,267,True,1.0,01010101,0.5,0.5,0.3173828125,0.5,0.5,0.5,0.317138671875,0.5,1.0,1.0,0.3173828125,1.0
467,nested_q_transplant,304,349,True,1.0,01010101,0.5,0.5,0.325927734375,0.5,0.5,0.5,0.326171875,0.5,1.0,1.0,0.326416015625,1.0
467,nested_q_transplant,418,463,True,1.0,01010101,0.5,0.5,0.3232421875,0.5,0.5,0.5,0.322998046875,0.5,1.0,1.0,0.323486328125,1.0
467,nested_q_transplant,575,620,True,1.0,01010101,0.5,0.5,0.3212890625,0.5,0.5,0.5,0.321044921875,0.5,1.0,1.0,0.321533203125,1.0
467,nested_q_transplant,790,835,True,1.0,01010101,0.5,0.5,0.314697265625,0.5,0.5,0.5,0.314453125,0.5,1.0,1.0,0.31494140625,1.0
467,nested_q_transplant,1024,1069,True,1.0,01010101,0.5,0.5,0.3076171875,0.5,0.5,0.5,0.3076171875,0.5,1.0,1.0,0.307861328125,1.0
467,nested_padding_sham,0,45,True,0.5,00001111,1.0,1.0,0.404052734375,1.0,0.5,0.5,0.10009765625,0.5,0.5,0.5,-0.06640625,0.5
467,nested_padding_sham,1,46,True,0.5,00001111,1.0,1.0,0.40771484375,1.0,0.5,0.5,0.1044921875,0.5,0.5,0.5000406901041666,-0.064453125,0.5000203450520833
467,nested_padding_sham,2,47,True,0.500244140625,00001111,0.999755859375,0.9998779296875,0.40771484375,0.99981689453125,0.500244140625,0.50018310546875,0.108154296875,0.500213623046875,0.500244140625,0.5003255208333334,-0.060302734375,0.5002848307291667
467,nested_padding_sham,3,48,True,0.50048828125,00001111,0.99853515625,0.9986572265625,0.408203125,0.99859619140625,0.5009765625,0.50091552734375,0.118896484375,0.500946044921875,0.50048828125,0.5006510416666666,-0.063720703125,0.5005696614583333
467,nested_padding_sham,4,49,True,0.50048828125,00001111,0.998046875,0.9979248046875,0.41064453125,0.99798583984375,0.50146484375,0.50213623046875,0.1337890625,0.501800537109375,0.50048828125,0.501220703125,-0.0556640625,0.5008544921875
467,nested_padding_sham,5,50,True,0.501708984375,00001111,0.993896484375,0.9940185546875,0.406982421875,0.99395751953125,0.505126953125,0.506103515625,0.134521484375,0.505615234375,0.501708984375,0.5026041666666666,-0.053955078125,0.5021565755208333
467,nested_padding_sham,7,52,True,0.50439453125,00001111,0.978515625,0.9788818359375,0.408447265625,0.97869873046875,0.51611328125,0.5179443359375,0.1591796875,0.51702880859375,0.50439453125,0.5058186848958334,-0.052734375,0.5051066080729167
467,nested_padding_sham,9,54,True,0.505126953125,00001111,0.955322265625,0.9581298828125,0.410400390625,0.95672607421875,0.533447265625,0.53509521484375,0.168701171875,0.534271240234375,0.505126953125,0.5068766276041666,-0.05078125,0.5060017903645833
467,nested_padding_sham,13,58,True,0.509521484375,00001111,0.947509765625,0.94921875,0.39599609375,0.9483642578125,0.543701171875,0.54705810546875,0.19482421875,0.545379638671875,0.509521484375,0.5082194010416666,-0.0693359375,0.5088704427083333
467,nested_padding_sham,17,62,True,0.503173828125,00001111,0.898681640625,0.900146484375,0.37646484375,0.8994140625,0.591064453125,0.59344482421875,0.208251953125,0.592254638671875,0.503173828125,0.5056559244791666,-0.09326171875,0.5044148763020833
467,nested_padding_sham,24,69,True,0.5048828125,00111111,0.68017578125,0.67919921875,0.39306640625,0.6796875,0.69677734375,0.69647216796875,0.304443359375,0.696624755859375,0.5048828125,0.5074869791666666,-0.0732421875,0.5061848958333333
467,nested_padding_sham,33,78,True,0.508544921875,00110011,0.589111328125,0.59130859375,0.385986328125,0.5902099609375,0.864013671875,0.8641357421875,0.368408203125,0.86407470703125,0.508544921875,0.5086669921875,-0.074462890625,0.50860595703125
467,nested_padding_sham,45,90,True,0.502197265625,00110011,0.507568359375,0.50732421875,0.3701171875,0.5074462890625,0.992431640625,0.99365234375,0.3720703125,0.9930419921875,0.502197265625,0.502685546875,-0.081298828125,0.50244140625
467,nested_padding_sham,62,107,True,0.5,00110011,0.5,0.5,0.3310546875,0.5,1.0,1.0,0.331787109375,1.0,0.5,0.5,-0.0615234375,0.5
467,nested_padding_sham,85,130,True,0.5,00110011,0.5,0.5,0.311767578125,0.5,1.0,1.0,0.311767578125,1.0,0.5,0.5,-0.01220703125,0.5
467,nested_padding_sham,117,162,True,0.504150390625,00110011,0.502685546875,0.5010986328125,0.299560546875,0.50189208984375,0.995849609375,0.99627685546875,0.299560546875,0.996063232421875,0.504150390625,0.5029703776041666,0.070556640625,0.5035603841145833
467,nested_padding_sham,128,173,True,0.524169921875,00110011,0.501220703125,0.4998779296875,0.29541015625,0.50054931640625,0.975830078125,0.9765625,0.295654296875,0.9761962890625,0.524169921875,0.5234375,0.115478515625,0.5238037109375
467,nested_padding_sham,161,206,True,0.662841796875,00110011,0.505126953125,0.505126953125,0.27099609375,0.505126953125,0.837158203125,0.83721923828125,0.27099609375,0.837188720703125,0.662841796875,0.6631266276041666,0.253662109375,0.6629842122395833
467,nested_padding_sham,222,267,True,1.0,01010101,0.5,0.5,0.31005859375,0.5,0.5,0.5,0.3095703125,0.5,1.0,1.0,0.31005859375,1.0
467,nested_padding_sham,304,349,True,1.0,01010101,0.5,0.5,0.297119140625,0.5,0.5,0.5,0.296630859375,0.5,1.0,1.0,0.297119140625,1.0
467,nested_padding_sham,418,463,True,1.0,01010101,0.5,0.5,0.288330078125,0.5,0.5,0.5,0.287841796875,0.5,1.0,1.0,0.288330078125,1.0
467,nested_padding_sham,575,620,True,1.0,01010101,0.5,0.5,0.28271484375,0.5,0.5,0.5,0.2822265625,0.5,1.0,1.0,0.28271484375,1.0
467,nested_padding_sham,790,835,True,1.0,01010101,0.5,0.5,0.283935546875,0.5,0.5,0.5,0.283203125,0.5,1.0,1.0,0.283935546875,1.0
467,nested_padding_sham,1024,1069,True,1.0,01010101,0.5,0.5,0.28271484375,0.5,0.5,0.5,0.281982421875,0.5,1.0,1.0,0.28271484375,1.0
479,independent_noop,0,45,True,0.4990234375,00001111,0.99853515625,0.99853515625,0.37353515625,0.99853515625,0.50146484375,0.50152587890625,0.367919921875,0.501495361328125,0.4990234375,0.49951171875,-0.112548828125,0.499267578125
479,independent_noop,1,46,True,0.49853515625,00001111,0.99658203125,0.9976806640625,0.36572265625,0.99713134765625,0.50341796875,0.50286865234375,0.36279296875,0.503143310546875,0.49853515625,0.499755859375,-0.119384765625,0.4991455078125
479,independent_noop,2,47,True,0.4970703125,00001111,0.9921875,0.9925537109375,0.361083984375,0.99237060546875,0.5078125,0.50799560546875,0.35986328125,0.507904052734375,0.4970703125,0.4998779296875,-0.120849609375,0.49847412109375
479,independent_noop,3,48,True,0.497802734375,00001111,0.987548828125,0.987548828125,0.35888671875,0.987548828125,0.512451171875,0.5133056640625,0.35791015625,0.51287841796875,0.497802734375,0.5013834635416666,-0.120361328125,0.4995930989583333
479,independent_noop,4,49,True,0.49853515625,00001111,0.98193359375,0.98193359375,0.357421875,0.98193359375,0.51806640625,0.5198974609375,0.357421875,0.51898193359375,0.49853515625,0.501953125,-0.128662109375,0.500244140625
479,independent_noop,5,50,True,0.498779296875,00001111,0.965576171875,0.96435546875,0.352783203125,0.9649658203125,0.534423828125,0.53759765625,0.352783203125,0.5360107421875,0.498779296875,0.5030517578125,-0.135498046875,0.50091552734375
479,independent_noop,7,52,True,0.500244140625,00001111,0.908935546875,0.909423828125,0.354736328125,0.9091796875,0.591064453125,0.592041015625,0.354736328125,0.591552734375,0.500244140625,0.505859375,-0.144775390625,0.5030517578125
479,independent_noop,9,54,True,0.4853515625,00001111,0.8154296875,0.817138671875,0.358642578125,0.8162841796875,0.6845703125,0.6884765625,0.358642578125,0.6865234375,0.4853515625,0.498291015625,-0.14306640625,0.4918212890625
479,independent_noop,13,58,True,0.490966796875,00110011,0.615966796875,0.612548828125,0.362060546875,0.6142578125,0.884033203125,0.88873291015625,0.362060546875,0.886383056640625,0.490966796875,0.5025227864583334,-0.1142578125,0.4967447916666667
479,independent_noop,17,62,True,0.501220703125,00110011,0.515380859375,0.5159912109375,0.355712890625,0.51568603515625,0.984619140625,0.98486328125,0.35595703125,0.9847412109375,0.501220703125,0.503662109375,-0.11328125,0.50244140625
479,independent_noop,24,69,True,0.5,00110011,0.5,0.5,0.352783203125,0.5,1.0,1.0,0.35302734375,1.0,0.5,0.5,-0.10302734375,0.5
479,independent_noop,33,78,True,0.5,00110011,0.5,0.5,0.3623046875,0.5,1.0,1.0,0.363525390625,1.0,0.5,0.5,-0.088134765625,0.5
479,independent_noop,45,90,True,0.5,00110011,0.5,0.5,0.361572265625,0.5,1.0,1.0,0.363037109375,1.0,0.5,0.5,-0.086669921875,0.5
479,independent_noop,62,107,True,0.5,00110011,0.5,0.5,0.352294921875,0.5,1.0,1.0,0.353515625,1.0,0.5,0.5,-0.0810546875,0.5
479,independent_noop,85,130,True,0.5,00110011,0.5,0.5,0.33349609375,0.5,1.0,1.0,0.335693359375,1.0,0.5,0.5,-0.059326171875,0.5
479,independent_noop,117,162,True,0.5,00110011,0.5,0.5,0.3349609375,0.5,1.0,1.0,0.337890625,1.0,0.5,0.5,0.060791015625,0.5
479,independent_noop,128,173,True,0.5,00110011,0.5,0.5,0.34326171875,0.5,1.0,1.0,0.346435546875,1.0,0.5,0.5,0.122802734375,0.5
479,independent_noop,161,206,True,0.5009765625,00110011,0.49951171875,0.500732421875,0.3232421875,0.5001220703125,0.9990234375,0.99847412109375,0.325439453125,0.998748779296875,0.5009765625,0.5013020833333334,0.180908203125,0.5011393229166667
479,independent_noop,222,267,True,0.703857421875,01110111,0.484130859375,0.4869384765625,0.323486328125,0.48553466796875,0.796142578125,0.79156494140625,0.325927734375,0.793853759765625,0.703857421875,0.7057698567708334,0.32568359375,0.7048136393229167
479,independent_noop,304,349,True,1.0,01010101,0.5,0.5,0.321044921875,0.5,0.5,0.5,0.322265625,0.5,1.0,1.0,0.323974609375,1.0
479,independent_noop,418,463,True,1.0,01010101,0.5,0.5,0.308349609375,0.5,0.5,0.5,0.310546875,0.5,1.0,1.0,0.311767578125,1.0
479,independent_noop,575,620,True,1.0,01010101,0.5,0.5,0.2998046875,0.5,0.5,0.5,0.302490234375,0.5,1.0,1.0,0.3037109375,1.0
479,independent_noop,790,835,True,1.0,01010101,0.5,0.5,0.300048828125,0.5,0.5,0.5,0.302490234375,0.5,1.0,1.0,0.30419921875,1.0
479,independent_noop,1024,1069,True,1.0,01010101,0.5,0.5,0.302001953125,0.5,0.5,0.5,0.3037109375,0.5,1.0,1.0,0.30615234375,1.0
479,independent_q_restore,0,45,True,0.5,00001111,1.0,1.0,0.398681640625,1.0,0.5,0.50006103515625,0.33154296875,0.500030517578125,0.5,0.5000406901041666,-0.083740234375,0.5000203450520833
479,independent_q_restore,1,46,True,0.5,00001111,1.0,1.0,0.387451171875,1.0,0.5,0.5001220703125,0.327392578125,0.50006103515625,0.5,0.5001627604166666,-0.0966796875,0.5000813802083333
479,independent_q_restore,2,47,True,0.49951171875,00001111,0.998046875,0.9989013671875,0.379150390625,0.99847412109375,0.501953125,0.50152587890625,0.323974609375,0.501739501953125,0.49951171875,0.5001627604166666,-0.107421875,0.4998372395833333
479,independent_q_restore,3,48,True,0.49951171875,00001111,0.99755859375,0.9984130859375,0.374755859375,0.99798583984375,0.50244140625,0.50189208984375,0.329345703125,0.502166748046875,0.49951171875,0.5003255208333334,-0.10546875,0.4999186197916667
479,independent_q_restore,4,49,True,0.49951171875,00001111,0.99755859375,0.998291015625,0.37255859375,0.9979248046875,0.50244140625,0.50213623046875,0.332763671875,0.502288818359375,0.49951171875,0.5002848307291666,-0.11474609375,0.4998982747395833
479,independent_q_restore,5,50,True,0.5,00001111,0.99609375,0.9964599609375,0.3740234375,0.99627685546875,0.50390625,0.50372314453125,0.3408203125,0.503814697265625,0.5,0.5005696614583334,-0.113037109375,0.5002848307291667
479,independent_q_restore,7,52,True,0.49951171875,00001111,0.994140625,0.994873046875,0.370849609375,0.9945068359375,0.505859375,0.506103515625,0.34765625,0.5059814453125,0.49951171875,0.500732421875,-0.115478515625,0.5001220703125
479,independent_q_restore,9,54,True,0.500244140625,00001111,0.982177734375,0.983154296875,0.374267578125,0.982666015625,0.517822265625,0.51763916015625,0.359130859375,0.517730712890625,0.500244140625,0.50341796875,-0.1083984375,0.5018310546875
479,independent_q_restore,13,58,True,0.49560546875,00001111,0.8603515625,0.8641357421875,0.385009765625,0.86224365234375,0.63916015625,0.63677978515625,0.379638671875,0.637969970703125,0.49560546875,0.5032552083333334,-0.093017578125,0.4994303385416667
479,independent_q_restore,17,62,True,0.488037109375,00110011,0.681884765625,0.682373046875,0.38232421875,0.68212890625,0.816650390625,0.82080078125,0.382080078125,0.8187255859375,0.488037109375,0.5028889973958334,-0.0908203125,0.4954630533854167
479,independent_q_restore,24,69,True,0.5009765625,00110011,0.5107421875,0.510986328125,0.36669921875,0.5108642578125,0.98828125,0.9888916015625,0.3671875,0.98858642578125,0.5009765625,0.5032552083333334,-0.09326171875,0.5021158854166667
479,independent_q_restore,33,78,True,0.500244140625,00110011,0.499755859375,0.5003662109375,0.361083984375,0.50006103515625,0.999755859375,0.99969482421875,0.362548828125,0.999725341796875,0.500244140625,0.5003662109375,-0.097900390625,0.50030517578125
479,independent_q_restore,45,90,True,0.5,00110011,0.5,0.5,0.385009765625,0.5,1.0,1.0,0.38623046875,1.0,0.5,0.5,-0.071533203125,0.5
479,independent_q_restore,62,107,True,0.5,00110011,0.5,0.5,0.370361328125,0.5,1.0,1.0,0.371337890625,1.0,0.5,0.5,-0.07763671875,0.5
479,independent_q_restore,85,130,True,0.5,00110011,0.5,0.5,0.36962890625,0.5,1.0,1.0,0.371826171875,1.0,0.5,0.5,-0.04296875,0.5
479,independent_q_restore,117,162,True,0.5,00110011,0.5,0.5001220703125,0.3515625,0.50006103515625,1.0,0.99993896484375,0.35400390625,0.999969482421875,0.5,0.5,0.0302734375,0.5
479,independent_q_restore,128,173,True,0.5,00110011,0.5,0.500244140625,0.34521484375,0.5001220703125,1.0,0.99993896484375,0.347900390625,0.999969482421875,0.5,0.5000813802083334,0.077392578125,0.5000406901041667
479,independent_q_restore,161,206,True,0.50244140625,00110011,0.5,0.500732421875,0.321044921875,0.5003662109375,0.99755859375,0.99761962890625,0.3232421875,0.997589111328125,0.50244140625,0.5023193359375,0.185791015625,0.50238037109375
479,independent_q_restore,222,267,True,0.85205078125,01010101,0.486328125,0.490966796875,0.275146484375,0.4886474609375,0.64794921875,0.64703369140625,0.277587890625,0.647491455078125,0.85205078125,0.85400390625,0.278564453125,0.85302734375
479,independent_q_restore,304,349,True,1.0,01010101,0.5,0.5,0.280517578125,0.5,0.5,0.5,0.28369140625,0.5,1.0,1.0,0.285400390625,1.0
479,independent_q_restore,418,463,True,1.0,01010101,0.5,0.5,0.275146484375,0.5,0.5,0.5,0.276123046875,0.5,1.0,1.0,0.279296875,1.0
479,independent_q_restore,575,620,True,1.0,01010101,0.5,0.5,0.2763671875,0.5,0.5,0.5,0.276611328125,0.5,1.0,1.0,0.28076171875,1.0
479,independent_q_restore,790,835,True,1.0,01010101,0.5,0.5,0.279296875,0.5,0.5,0.5,0.279052734375,0.5,1.0,1.0,0.28369140625,1.0
479,independent_q_restore,1024,1069,True,1.0,01010101,0.5,0.5,0.280517578125,0.5,0.5,0.5,0.27978515625,0.5,1.0,1.0,0.284423828125,1.0
479,independent_padding_sham,0,45,True,0.498291015625,00001111,0.989501953125,0.9891357421875,0.38134765625,0.98931884765625,0.510498046875,0.50958251953125,0.357421875,0.510040283203125,0.498291015625,0.4999593098958333,-0.10009765625,0.49912516276041663
479,independent_padding_sham,1,46,True,0.498291015625,00001111,0.989501953125,0.9893798828125,0.377197265625,0.98944091796875,0.510498046875,0.50958251953125,0.3583984375,0.510040283203125,0.498291015625,0.5005696614583334,-0.10693359375,0.4994303385416667
479,independent_padding_sham,2,47,True,0.496337890625,00001111,0.980712890625,0.9815673828125,0.369140625,0.98114013671875,0.519287109375,0.51837158203125,0.355224609375,0.518829345703125,0.496337890625,0.4995930989583333,-0.11572265625,0.49796549479166663
479,independent_padding_sham,3,48,True,0.495849609375,00001111,0.972412109375,0.973876953125,0.369873046875,0.97314453125,0.527587890625,0.52862548828125,0.3603515625,0.528106689453125,0.495849609375,0.500732421875,-0.1171875,0.498291015625
479,independent_padding_sham,4,49,True,0.498046875,00001111,0.9619140625,0.9622802734375,0.369140625,0.96209716796875,0.5380859375,0.53912353515625,0.36181640625,0.538604736328125,0.498046875,0.5021565755208334,-0.116455078125,0.5001017252604167
479,independent_padding_sham,5,50,True,0.501220703125,00001111,0.944091796875,0.94287109375,0.361328125,0.9434814453125,0.555908203125,0.55712890625,0.35546875,0.5565185546875,0.501220703125,0.50390625,-0.121826171875,0.5025634765625
479,independent_padding_sham,7,52,True,0.4990234375,00001111,0.8994140625,0.901611328125,0.359619140625,0.9005126953125,0.6005859375,0.60455322265625,0.357177734375,0.602569580078125,0.4990234375,0.5030924479166666,-0.1220703125,0.5010579427083333
479,independent_padding_sham,9,54,True,0.499267578125,00001111,0.835205078125,0.83544921875,0.36181640625,0.8353271484375,0.664794921875,0.66888427734375,0.361572265625,0.666839599609375,0.499267578125,0.5050862630208334,-0.13037109375,0.5021769205729167
479,independent_padding_sham,13,58,True,0.491455078125,00110011,0.646728515625,0.6474609375,0.35693359375,0.6470947265625,0.853271484375,0.8597412109375,0.35693359375,0.85650634765625,0.491455078125,0.4993082682291667,-0.127685546875,0.49538167317708337
479,independent_padding_sham,17,62,True,0.498291015625,00110011,0.522216796875,0.5225830078125,0.3525390625,0.52239990234375,0.977783203125,0.97833251953125,0.3525390625,0.978057861328125,0.498291015625,0.5016682942708334,-0.117919921875,0.4999796549479167
479,independent_padding_sham,24,69,True,0.5,00110011,0.5,0.5001220703125,0.352783203125,0.50006103515625,1.0,0.99993896484375,0.353759765625,0.999969482421875,0.5,0.5001627604166666,-0.107421875,0.5000813802083333
479,independent_padding_sham,33,78,True,0.5,00110011,0.5,0.5,0.361572265625,0.5,1.0,1.0,0.364013671875,1.0,0.5,0.5,-0.103271484375,0.5
479,independent_padding_sham,45,90,True,0.5,00110011,0.5,0.5,0.369140625,0.5,1.0,1.0,0.3720703125,1.0,0.5,0.5,-0.082275390625,0.5
479,independent_padding_sham,62,107,True,0.5,00110011,0.5,0.5,0.34716796875,0.5,1.0,1.0,0.352294921875,1.0,0.5,0.5,-0.09375,0.5
479,independent_padding_sham,85,130,True,0.5,00110011,0.5,0.5,0.329833984375,0.5,1.0,1.0,0.333984375,1.0,0.5,0.5,-0.079833984375,0.5
479,independent_padding_sham,117,162,True,0.5,00110011,0.5,0.5,0.319091796875,0.5,1.0,1.0,0.324951171875,1.0,0.5,0.5,0.0166015625,0.5
479,independent_padding_sham,128,173,True,0.5,00110011,0.5,0.5,0.330078125,0.5,1.0,1.0,0.33642578125,1.0,0.5,0.5,0.08984375,0.5
479,independent_padding_sham,161,206,True,0.50048828125,00110011,0.49951171875,0.5001220703125,0.30908203125,0.49981689453125,0.99951171875,0.99957275390625,0.315185546875,0.999542236328125,0.50048828125,0.5004069010416666,0.170654296875,0.5004475911458333
479,independent_padding_sham,222,267,True,0.68505859375,00110011,0.48876953125,0.4859619140625,0.29931640625,0.48736572265625,0.81494140625,0.80987548828125,0.304931640625,0.812408447265625,0.68505859375,0.6876220703125,0.304443359375,0.68634033203125
479,independent_padding_sham,304,349,True,1.0,01010101,0.5,0.5,0.300048828125,0.5,0.5,0.5,0.297607421875,0.5,1.0,1.0,0.30517578125,1.0
479,independent_padding_sham,418,463,True,1.0,01010101,0.5,0.5,0.291259765625,0.5,0.5,0.5,0.288330078125,0.5,1.0,1.0,0.29541015625,1.0
479,independent_padding_sham,575,620,True,1.0,01010101,0.5,0.5,0.296630859375,0.5,0.5,0.5,0.292724609375,0.5,1.0,1.0,0.30029296875,1.0
479,independent_padding_sham,790,835,True,1.0,01010101,0.5,0.5,0.296875,0.5,0.5,0.5,0.2939453125,0.5,1.0,1.0,0.30126953125,1.0
479,independent_padding_sham,1024,1069,True,1.0,01010101,0.5,0.5,0.295654296875,0.5,0.5,0.5,0.293212890625,0.5,1.0,1.0,0.300537109375,1.0
479,nested_noop,0,45,True,0.5,00001111,1.0,1.0,0.4169921875,1.0,0.5,0.5001220703125,0.248291015625,0.50006103515625,0.5,0.5,-0.07275390625,0.5
479,nested_noop,1,46,True,0.5,00001111,1.0,1.0,0.412841796875,1.0,0.5,0.5001220703125,0.26025390625,0.50006103515625,0.5,0.5,-0.071044921875,0.5
479,nested_noop,2,47,True,0.5,00001111,0.99853515625,0.99853515625,0.405517578125,0.99853515625,0.50146484375,0.501220703125,0.261474609375,0.5013427734375,0.5,0.4999593098958333,-0.08251953125,0.49997965494791663
479,nested_noop,3,48,True,0.50048828125,00001111,0.99755859375,0.9971923828125,0.40380859375,0.99737548828125,0.50244140625,0.5029296875,0.276611328125,0.502685546875,0.50048828125,0.500732421875,-0.0830078125,0.5006103515625
479,nested_noop,4,49,True,0.500732421875,00001111,0.996337890625,0.9959716796875,0.395751953125,0.99615478515625,0.503662109375,0.50457763671875,0.279052734375,0.504119873046875,0.500732421875,0.5008951822916666,-0.08642578125,0.5008138020833333
479,nested_noop,5,50,True,0.500732421875,00001111,0.990478515625,0.9913330078125,0.39404296875,0.99090576171875,0.509521484375,0.50958251953125,0.287353515625,0.509552001953125,0.500732421875,0.5013834635416666,-0.0908203125,0.5010579427083333
479,nested_noop,7,52,True,0.50146484375,00001111,0.98046875,0.9814453125,0.393310546875,0.98095703125,0.51953125,0.52056884765625,0.3056640625,0.520050048828125,0.50146484375,0.50244140625,-0.090576171875,0.501953125
479,nested_noop,9,54,True,0.5009765625,00001111,0.97607421875,0.9759521484375,0.39208984375,0.97601318359375,0.52392578125,0.5269775390625,0.320068359375,0.52545166015625,0.5009765625,0.50244140625,-0.090087890625,0.501708984375
479,nested_noop,13,58,True,0.501708984375,00001111,0.950927734375,0.9517822265625,0.38720703125,0.95135498046875,0.548583984375,0.5509033203125,0.34326171875,0.54974365234375,0.501708984375,0.5041910807291666,-0.083251953125,0.5029500325520833
479,nested_noop,17,62,True,0.490966796875,00101111,0.826416015625,0.828369140625,0.381591796875,0.827392578125,0.672119140625,0.6754150390625,0.364501953125,0.67376708984375,0.490966796875,0.5019938151041666,-0.083984375,0.4964803059895833
479,nested_noop,24,69,True,0.49755859375,00110011,0.603515625,0.603759765625,0.359130859375,0.6036376953125,0.8955078125,0.89923095703125,0.359619140625,0.897369384765625,0.49755859375,0.5078938802083334,-0.10546875,0.5027262369791667
479,nested_noop,33,78,True,0.5029296875,00110011,0.5087890625,0.5103759765625,0.365966796875,0.50958251953125,0.9912109375,0.99029541015625,0.368408203125,0.990753173828125,0.5029296875,0.5049235026041666,-0.083984375,0.5039265950520833
479,nested_noop,45,90,True,0.5,00110011,0.5,0.5,0.355712890625,0.5,1.0,1.0,0.359130859375,1.0,0.5,0.5,-0.093017578125,0.5
479,nested_noop,62,107,True,0.5,00110011,0.5,0.5,0.33935546875,0.5,1.0,1.0,0.34375,1.0,0.5,0.5,-0.080078125,0.5
479,nested_noop,85,130,True,0.5,00110011,0.5,0.5,0.350341796875,0.5,1.0,1.0,0.353515625,1.0,0.5,0.5,-0.04150390625,0.5
479,nested_noop,117,162,True,0.5,00110011,0.5,0.5001220703125,0.3388671875,0.50006103515625,1.0,0.9998779296875,0.343017578125,0.99993896484375,0.5,0.5,0.036376953125,0.5
479,nested_noop,128,173,True,0.5,00110011,0.5,0.5001220703125,0.33251953125,0.50006103515625,1.0,0.99993896484375,0.335693359375,0.999969482421875,0.5,0.5000813802083334,0.083984375,0.5000406901041667
479,nested_noop,161,206,True,0.505126953125,00110011,0.499755859375,0.500732421875,0.293701171875,0.500244140625,0.994873046875,0.9945068359375,0.302490234375,0.99468994140625,0.505126953125,0.5052897135416666,0.17724609375,0.5052083333333333
479,nested_noop,222,267,True,0.878662109375,01010101,0.504638671875,0.5047607421875,0.28515625,0.50469970703125,0.621337890625,0.6219482421875,0.290771484375,0.62164306640625,0.878662109375,0.8824869791666667,0.29638671875,0.8805745442708334
479,nested_noop,304,349,True,1.0,01010101,0.5,0.5,0.287353515625,0.5,0.5,0.5,0.2822265625,0.5,1.0,1.0,0.2939453125,1.0
479,nested_noop,418,463,True,1.0,01010101,0.5,0.5,0.29052734375,0.5,0.5,0.5,0.2841796875,0.5,1.0,1.0,0.296630859375,1.0
479,nested_noop,575,620,True,1.0,01010101,0.5,0.5,0.292236328125,0.5,0.5,0.5,0.287353515625,0.5,1.0,1.0,0.2998046875,1.0
479,nested_noop,790,835,True,1.0,01010101,0.5,0.5,0.294189453125,0.5,0.5,0.5,0.291259765625,0.5,1.0,1.0,0.302978515625,1.0
479,nested_noop,1024,1069,True,1.0,01010101,0.5,0.5,0.292724609375,0.5,0.5,0.5,0.291015625,0.5,1.0,1.0,0.30224609375,1.0
479,nested_q_transplant,0,45,True,0.5,00001111,1.0,1.0,0.392822265625,1.0,0.5,0.5001220703125,0.318115234375,0.50006103515625,0.5,0.5,-0.092529296875,0.5
479,nested_q_transplant,1,46,True,0.499755859375,00001111,0.999267578125,0.9993896484375,0.393798828125,0.99932861328125,0.500732421875,0.500732421875,0.32763671875,0.500732421875,0.499755859375,0.4999186197916667,-0.093994140625,0.49983723958333337
479,nested_q_transplant,2,47,True,0.500244140625,00001111,0.997314453125,0.9970703125,0.38525390625,0.9971923828125,0.502685546875,0.503173828125,0.33203125,0.5029296875,0.500244140625,0.500732421875,-0.102294921875,0.50048828125
479,nested_q_transplant,3,48,True,0.501953125,00001111,0.9951171875,0.995361328125,0.38623046875,0.9952392578125,0.5048828125,0.5054931640625,0.3447265625,0.50518798828125,0.501953125,0.5017496744791666,-0.1005859375,0.5018513997395833
479,nested_q_transplant,4,49,True,0.50244140625,00001111,0.99169921875,0.9927978515625,0.381103515625,0.99224853515625,0.50830078125,0.508544921875,0.345947265625,0.5084228515625,0.50244140625,0.5022786458333334,-0.10595703125,0.5023600260416667
479,nested_q_transplant,5,50,True,0.501953125,00001111,0.98583984375,0.9881591796875,0.3779296875,0.98699951171875,0.51416015625,0.5137939453125,0.35107421875,0.51397705078125,0.501953125,0.5026448567708334,-0.10791015625,0.5022989908854167
479,nested_q_transplant,7,52,True,0.501220703125,00001111,0.976806640625,0.978515625,0.372802734375,0.9776611328125,0.523193359375,0.5245361328125,0.355224609375,0.52386474609375,0.501220703125,0.5028889973958334,-0.1171875,0.5020548502604167
479,nested_q_transplant,9,54,True,0.50146484375,00001111,0.96533203125,0.9664306640625,0.371826171875,0.96588134765625,0.53466796875,0.5362548828125,0.36328125,0.53546142578125,0.50146484375,0.5030924479166666,-0.11962890625,0.5022786458333333
479,nested_q_transplant,13,58,True,0.496826171875,00001111,0.854736328125,0.857177734375,0.36279296875,0.85595703125,0.645263671875,0.65216064453125,0.36181640625,0.648712158203125,0.496826171875,0.5029296875,-0.116943359375,0.4998779296875
479,nested_q_transplant,17,62,True,0.4921875,00111111,0.69775390625,0.695068359375,0.361083984375,0.6964111328125,0.80224609375,0.8095703125,0.361083984375,0.805908203125,0.4921875,0.505126953125,-0.1240234375,0.4986572265625
479,nested_q_transplant,24,69,True,0.4990234375,00110011,0.52392578125,0.5257568359375,0.35205078125,0.52484130859375,0.97607421875,0.9744873046875,0.352783203125,0.97528076171875,0.4990234375,0.5034586588541666,-0.12646484375,0.5012410481770833
479,nested_q_transplant,33,78,True,0.5,00110011,0.5,0.5003662109375,0.338623046875,0.50018310546875,1.0,1.0,0.3408203125,1.0,0.5,0.4999593098958333,-0.13037109375,0.49997965494791663
479,nested_q_transplant,45,90,True,0.5,00110011,0.5,0.5,0.3505859375,0.5,1.0,1.0,0.353271484375,1.0,0.5,0.5,-0.089111328125,0.5
479,nested_q_transplant,62,107,True,0.5,00110011,0.5,0.5,0.345458984375,0.5,1.0,1.0,0.35009765625,1.0,0.5,0.5,-0.06298828125,0.5
479,nested_q_transplant,85,130,True,0.5,00110011,0.5,0.5,0.332763671875,0.5,1.0,1.0,0.3349609375,1.0,0.5,0.5,-0.041748046875,0.5
479,nested_q_transplant,117,162,True,0.5,00110011,0.5,0.5,0.31494140625,0.5,1.0,0.9998779296875,0.318359375,0.99993896484375,0.5,0.5,0.010986328125,0.5
479,nested_q_transplant,128,173,True,0.5,00110011,0.5,0.5,0.31689453125,0.5,1.0,1.0,0.322021484375,1.0,0.5,0.5,0.0478515625,0.5
479,nested_q_transplant,161,206,True,0.50146484375,00110011,0.49951171875,0.5006103515625,0.28955078125,0.50006103515625,0.99853515625,0.99786376953125,0.298095703125,0.998199462890625,0.50146484375,0.5019938151041666,0.155517578125,0.5017293294270833
479,nested_q_transplant,222,267,True,0.78955078125,01110111,0.50244140625,0.5018310546875,0.254638671875,0.50213623046875,0.71044921875,0.70928955078125,0.27099609375,0.709869384765625,0.78955078125,0.7917073567708333,0.2724609375,0.7906290690104166
479,nested_q_transplant,304,349,True,1.0,01010101,0.5,0.5,0.234130859375,0.5,0.5,0.5,0.238525390625,0.5,1.0,1.0,0.242919921875,1.0
479,nested_q_transplant,418,463,True,1.0,01010101,0.5,0.5,0.250732421875,0.5,0.5,0.5,0.255126953125,0.5,1.0,1.0,0.258544921875,1.0
479,nested_q_transplant,575,620,True,1.0,01010101,0.5,0.5,0.258056640625,0.5,0.5,0.5,0.263916015625,0.5,1.0,1.0,0.2666015625,1.0
479,nested_q_transplant,790,835,True,1.0,01010101,0.5,0.5,0.265380859375,0.5,0.5,0.5,0.271484375,0.5,1.0,1.0,0.274169921875,1.0
479,nested_q_transplant,1024,1069,True,1.0,01010101,0.5,0.5,0.26806640625,0.5,0.5,0.5,0.273681640625,0.5,1.0,1.0,0.2763671875,1.0
479,nested_padding_sham,0,45,True,0.5,00001111,1.0,1.0,0.419921875,1.0,0.5,0.5001220703125,0.23486328125,0.50006103515625,0.5,0.5,-0.069580078125,0.5
479,nested_padding_sham,1,46,True,0.5,00001111,0.99951171875,0.9996337890625,0.423095703125,0.99957275390625,0.50048828125,0.50048828125,0.25341796875,0.50048828125,0.5,0.4999186197916667,-0.058837890625,0.49995930989583337
479,nested_padding_sham,2,47,True,0.5,00001111,0.998046875,0.9981689453125,0.418212890625,0.99810791015625,0.501953125,0.50177001953125,0.2578125,0.501861572265625,0.5,0.5002034505208334,-0.070556640625,0.5001017252604167
479,nested_padding_sham,3,48,True,0.501220703125,00001111,0.996826171875,0.9964599609375,0.4140625,0.99664306640625,0.503173828125,0.50396728515625,0.266845703125,0.503570556640625,0.501220703125,0.5009765625,-0.07666015625,0.5010986328125
479,nested_padding_sham,4,49,True,0.501953125,00001111,0.99267578125,0.9935302734375,0.41015625,0.99310302734375,0.50732421875,0.5068359375,0.27294921875,0.507080078125,0.501953125,0.5016276041666666,-0.08056640625,0.5017903645833333
479,nested_padding_sham,5,50,True,0.501220703125,00001111,0.988037109375,0.9888916015625,0.404541015625,0.98846435546875,0.511474609375,0.511962890625,0.2802734375,0.51171875,0.501220703125,0.5016682942708334,-0.082763671875,0.5014444986979167
479,nested_padding_sham,7,52,True,0.499755859375,00001111,0.979736328125,0.979736328125,0.400634765625,0.979736328125,0.520263671875,0.5218505859375,0.29345703125,0.52105712890625,0.499755859375,0.5015462239583334,-0.08837890625,0.5006510416666667
479,nested_padding_sham,9,54,True,0.499755859375,00001111,0.975830078125,0.9752197265625,0.399169921875,0.97552490234375,0.524169921875,0.52703857421875,0.306396484375,0.525604248046875,0.499755859375,0.5011800130208334,-0.084228515625,0.5004679361979167
479,nested_padding_sham,13,58,True,0.497314453125,00001111,0.949462890625,0.9486083984375,0.396728515625,0.94903564453125,0.548095703125,0.55078125,0.341796875,0.5494384765625,0.497314453125,0.5013427734375,-0.068359375,0.49932861328125
479,nested_padding_sham,17,62,True,0.495361328125,00101111,0.823974609375,0.824462890625,0.391845703125,0.82421875,0.666259765625,0.668212890625,0.371826171875,0.667236328125,0.495361328125,0.5032145182291666,-0.0693359375,0.4992879231770833
479,nested_padding_sham,24,69,True,0.50390625,00110011,0.625,0.626708984375,0.37890625,0.6258544921875,0.87255859375,0.87579345703125,0.37890625,0.874176025390625,0.50390625,0.5119222005208334,-0.0859375,0.5079142252604167
479,nested_padding_sham,33,78,True,0.5009765625,00110011,0.51513671875,0.517578125,0.366455078125,0.516357421875,0.984375,0.9820556640625,0.369873046875,0.98321533203125,0.5009765625,0.5049641927083334,-0.094482421875,0.5029703776041667
479,nested_padding_sham,45,90,True,0.5,00110011,0.5,0.5,0.359130859375,0.5,1.0,1.0,0.36279296875,1.0,0.5,0.5,-0.090576171875,0.5
479,nested_padding_sham,62,107,True,0.5,00110011,0.5,0.5,0.331787109375,0.5,1.0,1.0,0.336181640625,1.0,0.5,0.5,-0.087158203125,0.5
479,nested_padding_sham,85,130,True,0.5,00110011,0.5,0.5,0.35400390625,0.5,1.0,1.0,0.35693359375,1.0,0.5,0.5,-0.037109375,0.5
479,nested_padding_sham,117,162,True,0.5,00110011,0.5,0.5001220703125,0.34228515625,0.50006103515625,1.0,0.9996337890625,0.346923828125,0.99981689453125,0.5,0.5,0.06982421875,0.5
479,nested_padding_sham,128,173,True,0.5,00110011,0.5,0.5,0.33935546875,0.5,1.0,0.99993896484375,0.343505859375,0.999969482421875,0.5,0.5001220703125,0.116455078125,0.50006103515625
479,nested_padding_sham,161,206,True,0.505615234375,00110011,0.500732421875,0.5013427734375,0.304443359375,0.50103759765625,0.994384765625,0.99346923828125,0.3134765625,0.993927001953125,0.505615234375,0.5066731770833334,0.224853515625,0.5061442057291667
479,nested_padding_sham,222,267,True,0.883544921875,01010101,0.507568359375,0.5068359375,0.2978515625,0.5072021484375,0.616455078125,0.6180419921875,0.30126953125,0.61724853515625,0.883544921875,0.8853759765625,0.3095703125,0.88446044921875
479,nested_padding_sham,304,349,True,1.0,01010101,0.5,0.5,0.287353515625,0.5,0.5,0.5,0.279052734375,0.5,1.0,1.0,0.299560546875,1.0
479,nested_padding_sham,418,463,True,1.0,01010101,0.5,0.5,0.271728515625,0.5,0.5,0.5,0.26123046875,0.5,1.0,1.0,0.283935546875,1.0
479,nested_padding_sham,575,620,True,1.0,01010101,0.5,0.5,0.268310546875,0.5,0.5,0.5,0.256591796875,0.5,1.0,1.0,0.2822265625,1.0
479,nested_padding_sham,790,835,True,1.0,01010101,0.5,0.5,0.26953125,0.5,0.5,0.5,0.254638671875,0.5,1.0,1.0,0.283935546875,1.0
479,nested_padding_sham,1024,1069,True,1.0,01010101,0.5,0.5,0.26708984375,0.5,0.5,0.5,0.24951171875,0.5,1.0,1.0,0.281494140625,1.0
487,independent_noop,0,45,True,0.5,00001111,1.0,1.0,0.38916015625,1.0,0.5,0.5003662109375,0.379150390625,0.50018310546875,0.5,0.5001220703125,-0.0107421875,0.50006103515625
487,independent_noop,1,46,True,0.49853515625,00001111,0.998046875,0.9986572265625,0.38818359375,0.99835205078125,0.501953125,0.50189208984375,0.38037109375,0.501922607421875,0.49853515625,0.4996744791666667,-0.01708984375,0.49910481770833337
487,independent_noop,2,47,True,0.49853515625,00001111,0.99658203125,0.997314453125,0.38671875,0.9969482421875,0.50341796875,0.503662109375,0.380615234375,0.5035400390625,0.49853515625,0.4997965494791667,-0.017578125,0.49916585286458337
487,independent_noop,3,48,True,0.498291015625,00001111,0.996826171875,0.9969482421875,0.385498046875,0.99688720703125,0.503173828125,0.50384521484375,0.381103515625,0.503509521484375,0.498291015625,0.4998779296875,-0.0107421875,0.49908447265625
487,independent_noop,4,49,True,0.498291015625,00001111,0.994384765625,0.994873046875,0.38427734375,0.99462890625,0.505615234375,0.50567626953125,0.380126953125,0.505645751953125,0.498291015625,0.4997151692708333,-0.0126953125,0.49900309244791663
487,independent_noop,5,50,True,0.498291015625,00001111,0.991455078125,0.9906005859375,0.384765625,0.99102783203125,0.508544921875,0.50933837890625,0.380615234375,0.508941650390625,0.498291015625,0.49951171875,-0.0146484375,0.4989013671875
487,independent_noop,7,52,True,0.499755859375,00001111,0.975341796875,0.9744873046875,0.385009765625,0.97491455078125,0.524658203125,0.5260009765625,0.38232421875,0.52532958984375,0.499755859375,0.4999593098958333,-0.015869140625,0.49985758463541663
487,independent_noop,9,54,True,0.50390625,00001111,0.92578125,0.923828125,0.376220703125,0.9248046875,0.57421875,0.57574462890625,0.374755859375,0.574981689453125,0.50390625,0.503662109375,-0.024658203125,0.5037841796875
487,independent_noop,13,58,True,0.5029296875,00000011,0.71337890625,0.71044921875,0.370361328125,0.7119140625,0.78662109375,0.78662109375,0.37060546875,0.78662109375,0.5029296875,0.5028076171875,-0.0361328125,0.50286865234375
487,independent_noop,17,62,True,0.50146484375,00110011,0.56884765625,0.5682373046875,0.36376953125,0.56854248046875,0.93115234375,0.93194580078125,0.364013671875,0.931549072265625,0.50146484375,0.5007731119791666,-0.022216796875,0.5011189778645833
487,independent_noop,24,69,True,0.500244140625,00110011,0.504638671875,0.5048828125,0.35400390625,0.5047607421875,0.995361328125,0.9952392578125,0.354248046875,0.99530029296875,0.500244140625,0.4997151692708333,-0.0146484375,0.49997965494791663
487,independent_noop,33,78,True,0.5,00110011,0.5,0.5,0.353271484375,0.5,1.0,1.0,0.35400390625,1.0,0.5,0.5,-0.03271484375,0.5
487,independent_noop,45,90,True,0.5,00110011,0.5,0.5,0.36181640625,0.5,1.0,1.0,0.36279296875,1.0,0.5,0.5,0.03466796875,0.5
487,independent_noop,62,107,True,0.5,00110011,0.5,0.5,0.360595703125,0.5,1.0,1.0,0.361083984375,1.0,0.5,0.5,0.047607421875,0.5
487,independent_noop,85,130,True,0.5,00110011,0.5,0.5,0.341064453125,0.5,1.0,1.0,0.341796875,1.0,0.5,0.5,0.081298828125,0.5
487,independent_noop,117,162,True,0.5,00110011,0.5,0.4998779296875,0.31494140625,0.49993896484375,1.0,1.0,0.316650390625,1.0,0.5,0.5000813802083334,0.16650390625,0.5000406901041667
487,independent_noop,128,173,True,0.515869140625,00110011,0.498779296875,0.499755859375,0.303466796875,0.499267578125,0.984130859375,0.98468017578125,0.304931640625,0.984405517578125,0.515869140625,0.5150146484375,0.231689453125,0.51544189453125
487,independent_noop,161,206,True,0.647705078125,00110011,0.495361328125,0.4952392578125,0.2900390625,0.49530029296875,0.852294921875,0.85260009765625,0.294677734375,0.852447509765625,0.647705078125,0.6467692057291666,0.293212890625,0.6472371419270833
487,independent_noop,222,267,True,0.9970703125,01010101,0.4970703125,0.4984130859375,0.28857421875,0.49774169921875,0.5029296875,0.50262451171875,0.288818359375,0.502777099609375,0.9970703125,0.9976806640625,0.289306640625,0.99737548828125
487,independent_noop,304,349,True,1.0,01010101,0.5,0.5,0.29443359375,0.5,0.5,0.5,0.29345703125,0.5,1.0,1.0,0.294677734375,1.0
487,independent_noop,418,463,True,1.0,01010101,0.5,0.5,0.300048828125,0.5,0.5,0.5,0.299072265625,0.5,1.0,1.0,0.30029296875,1.0
487,independent_noop,575,620,True,1.0,01010101,0.5,0.5,0.30126953125,0.5,0.5,0.5,0.299560546875,0.5,1.0,1.0,0.301513671875,1.0
487,independent_noop,790,835,True,1.0,01010101,0.5,0.5,0.30224609375,0.5,0.5,0.5,0.30029296875,0.5,1.0,1.0,0.302734375,1.0
487,independent_noop,1024,1069,True,1.0,01010101,0.5,0.5,0.305419921875,0.5,0.5,0.5,0.303466796875,0.5,1.0,1.0,0.30615234375,1.0
487,independent_q_restore,0,45,True,0.5,00001111,1.0,1.0,0.388427734375,1.0,0.5,0.5,0.296875,0.5,0.5,0.5,-0.014404296875,0.5
487,independent_q_restore,1,46,True,0.5,00001111,1.0,1.0,0.392578125,1.0,0.5,0.5001220703125,0.308349609375,0.50006103515625,0.5,0.5,-0.0126953125,0.5
487,independent_q_restore,2,47,True,0.5,00001111,1.0,1.0,0.394775390625,1.0,0.5,0.5001220703125,0.31787109375,0.50006103515625,0.5,0.5,-0.006103515625,0.5
487,independent_q_restore,3,48,True,0.5,00001111,1.0,1.0,0.395751953125,1.0,0.5,0.5001220703125,0.3251953125,0.50006103515625,0.5,0.5001220703125,0.003662109375,0.50006103515625
487,independent_q_restore,4,49,True,0.499755859375,00001111,0.999755859375,0.9998779296875,0.393310546875,0.99981689453125,0.500244140625,0.50030517578125,0.3271484375,0.500274658203125,0.499755859375,0.5,-0.001220703125,0.4998779296875
487,independent_q_restore,5,50,True,0.499755859375,00001111,0.999755859375,0.999755859375,0.39111328125,0.999755859375,0.500244140625,0.50042724609375,0.329833984375,0.500335693359375,0.499755859375,0.5000406901041666,-0.009033203125,0.4998982747395833
487,independent_q_restore,7,52,True,0.49951171875,00001111,0.99951171875,0.9993896484375,0.39013671875,0.99945068359375,0.50048828125,0.50067138671875,0.337646484375,0.500579833984375,0.49951171875,0.5000406901041666,-0.01904296875,0.4997762044270833
487,independent_q_restore,9,54,True,0.499755859375,00001111,0.997802734375,0.9974365234375,0.38671875,0.99761962890625,0.502197265625,0.50274658203125,0.34619140625,0.502471923828125,0.499755859375,0.50048828125,-0.02587890625,0.5001220703125
487,independent_q_restore,13,58,True,0.503662109375,00001111,0.960693359375,0.9580078125,0.380859375,0.9593505859375,0.539306640625,0.53948974609375,0.356201171875,0.539398193359375,0.503662109375,0.5026041666666666,-0.023681640625,0.5031331380208333
487,independent_q_restore,17,62,True,0.51611328125,00000011,0.7841796875,0.7816162109375,0.361328125,0.78289794921875,0.7060546875,0.7000732421875,0.35302734375,0.70306396484375,0.51611328125,0.51025390625,-0.00732421875,0.51318359375
487,independent_q_restore,24,69,True,0.50341796875,00110011,0.58056640625,0.5792236328125,0.35498046875,0.57989501953125,0.90625,0.906005859375,0.355224609375,0.9061279296875,0.50341796875,0.5022786458333334,0.014404296875,0.5028483072916667
487,independent_q_restore,33,78,True,0.5009765625,00110011,0.50390625,0.5029296875,0.359130859375,0.50341796875,0.99365234375,0.99371337890625,0.35986328125,0.993682861328125,0.5009765625,0.5004475911458334,0.0166015625,0.5007120768229167
487,independent_q_restore,45,90,True,0.5,00110011,0.5,0.5,0.343994140625,0.5,1.0,1.0,0.344482421875,1.0,0.5,0.5000406901041666,0.04443359375,0.5000203450520833
487,independent_q_restore,62,107,True,0.5,00110011,0.5,0.5,0.341796875,0.5,1.0,1.0,0.3427734375,1.0,0.5,0.5,0.0595703125,0.5
487,independent_q_restore,85,130,True,0.5,00110011,0.5,0.5,0.3193359375,0.5,1.0,1.0,0.320556640625,1.0,0.5,0.5,0.071533203125,0.5
487,independent_q_restore,117,162,True,0.500732421875,00110011,0.500244140625,0.5,0.301025390625,0.5001220703125,0.999267578125,0.99951171875,0.302001953125,0.9993896484375,0.500732421875,0.5006917317708334,0.15625,0.5007120768229167
487,independent_q_restore,128,173,True,0.52099609375,00110011,0.501953125,0.502685546875,0.295654296875,0.5023193359375,0.97900390625,0.978759765625,0.296142578125,0.9788818359375,0.52099609375,0.5210774739583334,0.21240234375,0.5210367838541667
487,independent_q_restore,161,206,True,0.642578125,00110011,0.49462890625,0.49365234375,0.275390625,0.494140625,0.857421875,0.85455322265625,0.27734375,0.855987548828125,0.642578125,0.6444905598958334,0.276123046875,0.6435343424479167
487,independent_q_restore,222,267,True,1.0,01010101,0.5,0.5,0.269775390625,0.5,0.5,0.50006103515625,0.271728515625,0.500030517578125,1.0,0.9998779296875,0.271728515625,0.99993896484375
487,independent_q_restore,304,349,True,1.0,01010101,0.5,0.5,0.275634765625,0.5,0.5,0.5,0.2763671875,0.5,1.0,1.0,0.277587890625,1.0
487,independent_q_restore,418,463,True,1.0,01010101,0.5,0.5,0.278076171875,0.5,0.5,0.5,0.27734375,0.5,1.0,1.0,0.280029296875,1.0
487,independent_q_restore,575,620,True,1.0,01010101,0.5,0.5,0.285400390625,0.5,0.5,0.5,0.283203125,0.5,1.0,1.0,0.287109375,1.0
487,independent_q_restore,790,835,True,1.0,01010101,0.5,0.5,0.2861328125,0.5,0.5,0.5,0.283935546875,0.5,1.0,1.0,0.2880859375,1.0
487,independent_q_restore,1024,1069,True,1.0,01010101,0.5,0.5,0.282470703125,0.5,0.5,0.5,0.28076171875,0.5,1.0,1.0,0.28564453125,1.0
487,independent_padding_sham,0,45,True,0.500244140625,00001111,0.995849609375,0.995361328125,0.395751953125,0.99560546875,0.504150390625,0.50396728515625,0.353271484375,0.504058837890625,0.500244140625,0.5004069010416666,-0.02294921875,0.5003255208333333
487,independent_padding_sham,1,46,True,0.499267578125,00001111,0.992919921875,0.9932861328125,0.393310546875,0.99310302734375,0.507080078125,0.5074462890625,0.35693359375,0.50726318359375,0.499267578125,0.5003662109375,-0.015869140625,0.49981689453125
487,independent_padding_sham,2,47,True,0.4990234375,00001111,0.9873046875,0.98779296875,0.396240234375,0.987548828125,0.5126953125,0.51300048828125,0.36328125,0.512847900390625,0.4990234375,0.5004475911458334,-0.01416015625,0.4997355143229167
487,independent_padding_sham,3,48,True,0.49755859375,00001111,0.98486328125,0.984375,0.39111328125,0.984619140625,0.51513671875,0.5152587890625,0.36376953125,0.51519775390625,0.49755859375,0.4992268880208333,-0.012451171875,0.49839274088541663
487,independent_padding_sham,4,49,True,0.498046875,00001111,0.98193359375,0.9810791015625,0.39501953125,0.98150634765625,0.51806640625,0.5189208984375,0.37353515625,0.51849365234375,0.498046875,0.4993489583333333,-0.006591796875,0.49869791666666663
487,independent_padding_sham,5,50,True,0.50048828125,00001111,0.974609375,0.9730224609375,0.393310546875,0.97381591796875,0.525390625,0.526611328125,0.374755859375,0.5260009765625,0.50048828125,0.5008544921875,-0.00927734375,0.50067138671875
487,independent_padding_sham,7,52,True,0.498779296875,00001111,0.954833984375,0.951904296875,0.4013671875,0.953369140625,0.545166015625,0.54754638671875,0.389892578125,0.546356201171875,0.498779296875,0.4995930989583333,-0.00390625,0.49918619791666663
487,independent_padding_sham,9,54,True,0.5029296875,00001111,0.91357421875,0.9124755859375,0.398193359375,0.91302490234375,0.58642578125,0.587158203125,0.39111328125,0.5867919921875,0.5029296875,0.5011800130208334,-0.00048828125,0.5020548502604167
487,independent_padding_sham,13,58,True,0.5068359375,00000011,0.7685546875,0.762939453125,0.38134765625,0.7657470703125,0.7314453125,0.73114013671875,0.38037109375,0.731292724609375,0.5068359375,0.5032145182291666,-0.020263671875,0.5050252278645833
487,independent_padding_sham,17,62,True,0.504150390625,00110011,0.624267578125,0.6234130859375,0.373291015625,0.62384033203125,0.875244140625,0.87646484375,0.3740234375,0.8758544921875,0.504150390625,0.5030110677083334,-0.00439453125,0.5035807291666667
487,independent_padding_sham,24,69,True,0.500244140625,00110011,0.511962890625,0.5130615234375,0.37060546875,0.51251220703125,0.987548828125,0.98736572265625,0.370849609375,0.987457275390625,0.500244140625,0.5001220703125,0.015869140625,0.50018310546875
487,independent_padding_sham,33,78,True,0.5,00110011,0.5,0.5,0.36474609375,0.5,1.0,1.0,0.364990234375,1.0,0.5,0.5,-0.015625,0.5
487,independent_padding_sham,45,90,True,0.5,00110011,0.5,0.5,0.367919921875,0.5,1.0,1.0,0.3681640625,1.0,0.5,0.5,0.045166015625,0.5
487,independent_padding_sham,62,107,True,0.5,00110011,0.5,0.5,0.371826171875,0.5,1.0,1.0,0.372314453125,1.0,0.5,0.5,0.07275390625,0.5
487,independent_padding_sham,85,130,True,0.5,00110011,0.5,0.5,0.367919921875,0.5,1.0,1.0,0.36865234375,1.0,0.5,0.5,0.102294921875,0.5
487,independent_padding_sham,117,162,True,0.5,00110011,0.5,0.5,0.344482421875,0.5,1.0,1.0,0.345703125,1.0,0.5,0.5001220703125,0.19189453125,0.50006103515625
487,independent_padding_sham,128,173,True,0.513427734375,00110011,0.499755859375,0.499755859375,0.33203125,0.499755859375,0.986572265625,0.988525390625,0.33349609375,0.987548828125,0.513427734375,0.5120442708333334,0.236083984375,0.5127360026041667
487,independent_padding_sham,161,206,True,0.620849609375,00110011,0.495849609375,0.498779296875,0.304443359375,0.497314453125,0.879150390625,0.877685546875,0.307373046875,0.87841796875,0.620849609375,0.6219482421875,0.302734375,0.62139892578125
487,independent_padding_sham,222,267,True,0.9912109375,01010101,0.4970703125,0.4991455078125,0.27197265625,0.49810791015625,0.5087890625,0.5089111328125,0.273681640625,0.50885009765625,0.9912109375,0.991455078125,0.27392578125,0.9913330078125
487,independent_padding_sham,304,349,True,1.0,01010101,0.5,0.5,0.2822265625,0.5,0.5,0.5,0.283447265625,0.5,1.0,1.0,0.28369140625,1.0
487,independent_padding_sham,418,463,True,1.0,01010101,0.5,0.5,0.282470703125,0.5,0.5,0.5,0.283447265625,0.5,1.0,1.0,0.28369140625,1.0
487,independent_padding_sham,575,620,True,1.0,01010101,0.5,0.5,0.281005859375,0.5,0.5,0.5,0.281982421875,0.5,1.0,1.0,0.2822265625,1.0
487,independent_padding_sham,790,835,True,1.0,01010101,0.5,0.5,0.28076171875,0.5,0.5,0.5,0.28173828125,0.5,1.0,1.0,0.281982421875,1.0
487,independent_padding_sham,1024,1069,True,1.0,01010101,0.5,0.5,0.280517578125,0.5,0.5,0.5,0.281494140625,0.5,1.0,1.0,0.28173828125,1.0
487,nested_noop,0,45,True,0.5,00001111,1.0,1.0,0.395751953125,1.0,0.5,0.5,0.23193359375,0.5,0.5,0.5,0.0087890625,0.5
487,nested_noop,1,46,True,0.5,00001111,1.0,1.0,0.392578125,1.0,0.5,0.50006103515625,0.237548828125,0.500030517578125,0.5,0.5,-0.00732421875,0.5
487,nested_noop,2,47,True,0.499755859375,00001111,0.999755859375,0.9998779296875,0.392333984375,0.99981689453125,0.500244140625,0.50042724609375,0.24755859375,0.500335693359375,0.499755859375,0.4998779296875,-0.007080078125,0.49981689453125
487,nested_noop,3,48,True,0.499755859375,00001111,0.999755859375,0.9998779296875,0.38720703125,0.99981689453125,0.500244140625,0.50048828125,0.25244140625,0.5003662109375,0.499755859375,0.4998779296875,-0.0146484375,0.49981689453125
487,nested_noop,4,49,True,0.49951171875,00001111,0.99951171875,0.9996337890625,0.38134765625,0.99957275390625,0.50048828125,0.500732421875,0.2548828125,0.5006103515625,0.49951171875,0.499755859375,-0.022705078125,0.4996337890625
487,nested_noop,5,50,True,0.49951171875,00001111,0.99951171875,0.9996337890625,0.373046875,0.99957275390625,0.50048828125,0.5009765625,0.251953125,0.500732421875,0.49951171875,0.4999186197916667,-0.033203125,0.49971516927083337
487,nested_noop,7,52,True,0.499267578125,00001111,0.999267578125,0.999267578125,0.37255859375,0.999267578125,0.500732421875,0.50115966796875,0.26025390625,0.500946044921875,0.499267578125,0.5002848307291666,-0.040283203125,0.4997762044270833
487,nested_noop,9,54,True,0.5009765625,00001111,0.99609375,0.995849609375,0.38330078125,0.9959716796875,0.50390625,0.5037841796875,0.2900390625,0.50384521484375,0.5009765625,0.5013020833333334,-0.020263671875,0.5011393229166667
487,nested_noop,13,58,True,0.50390625,00001111,0.97314453125,0.97216796875,0.39306640625,0.97265625,0.52685546875,0.52783203125,0.33740234375,0.52734375,0.50390625,0.5024007161458334,0.0009765625,0.5031534830729167
487,nested_noop,17,62,True,0.514892578125,00000011,0.843994140625,0.8441162109375,0.3994140625,0.84405517578125,0.652587890625,0.652099609375,0.376708984375,0.65234375,0.514892578125,0.50927734375,0.021728515625,0.5120849609375
487,nested_noop,24,69,True,0.5185546875,00010011,0.6796875,0.6778564453125,0.38330078125,0.67877197265625,0.81884765625,0.8177490234375,0.380615234375,0.81829833984375,0.5185546875,0.517333984375,0.031005859375,0.5179443359375
487,nested_noop,33,78,True,0.51416015625,00110011,0.54052734375,0.539794921875,0.367919921875,0.5401611328125,0.9560546875,0.9542236328125,0.373046875,0.95513916015625,0.51416015625,0.5094807942708334,0.024658203125,0.5118204752604167
487,nested_noop,45,90,True,0.500732421875,00110011,0.502685546875,0.5032958984375,0.340576171875,0.50299072265625,0.997314453125,0.99761962890625,0.343017578125,0.997467041015625,0.500732421875,0.5008138020833334,0.039306640625,0.5007731119791667
487,nested_noop,62,107,True,0.5,00110011,0.5,0.5,0.322998046875,0.5,1.0,1.0,0.323974609375,1.0,0.5,0.5,0.054443359375,0.5
487,nested_noop,85,130,True,0.5009765625,00110011,0.4990234375,0.499267578125,0.2890625,0.4991455078125,0.9990234375,0.9993896484375,0.291259765625,0.99920654296875,0.5009765625,0.5008544921875,0.1044921875,0.50091552734375
487,nested_noop,117,162,True,0.5419921875,00110011,0.50390625,0.5048828125,0.254638671875,0.50439453125,0.9580078125,0.95941162109375,0.255615234375,0.958709716796875,0.5419921875,0.5401204427083334,0.2216796875,0.5410563151041667
487,nested_noop,128,173,True,0.57177734375,00110011,0.50341796875,0.5052490234375,0.2421875,0.50433349609375,0.92822265625,0.92889404296875,0.242919921875,0.928558349609375,0.57177734375,0.5701497395833334,0.234130859375,0.5709635416666667
487,nested_noop,161,206,True,0.769775390625,01110111,0.503173828125,0.5030517578125,0.241455078125,0.50311279296875,0.730224609375,0.73126220703125,0.241943359375,0.730743408203125,0.769775390625,0.7694905598958333,0.241943359375,0.7696329752604166
487,nested_noop,222,267,True,1.0,01010101,0.5,0.5,0.2900390625,0.5,0.5,0.50006103515625,0.290771484375,0.500030517578125,1.0,1.0,0.290771484375,1.0
487,nested_noop,304,349,True,1.0,01010101,0.5,0.5,0.294677734375,0.5,0.5,0.5,0.294677734375,0.5,1.0,1.0,0.294677734375,1.0
487,nested_noop,418,463,True,1.0,01010101,0.5,0.5,0.293212890625,0.5,0.5,0.5,0.29345703125,0.5,1.0,1.0,0.29345703125,1.0
487,nested_noop,575,620,True,1.0,01010101,0.5,0.5,0.28955078125,0.5,0.5,0.5,0.289794921875,0.5,1.0,1.0,0.289794921875,1.0
487,nested_noop,790,835,True,1.0,01010101,0.5,0.5,0.28515625,0.5,0.5,0.5,0.285400390625,0.5,1.0,1.0,0.285400390625,1.0
487,nested_noop,1024,1069,True,1.0,01010101,0.5,0.5,0.28125,0.5,0.5,0.5,0.281494140625,0.5,1.0,1.0,0.281494140625,1.0
487,nested_q_transplant,0,45,True,0.5,00001111,1.0,1.0,0.384521484375,1.0,0.5,0.50006103515625,0.29248046875,0.500030517578125,0.5,0.5,0.0,0.5
487,nested_q_transplant,1,46,True,0.499755859375,00001111,0.999755859375,0.9998779296875,0.3818359375,0.99981689453125,0.500244140625,0.50042724609375,0.2998046875,0.500335693359375,0.499755859375,0.4998779296875,-0.016845703125,0.49981689453125
487,nested_q_transplant,2,47,True,0.499755859375,00001111,0.999267578125,0.99951171875,0.3828125,0.9993896484375,0.500732421875,0.50103759765625,0.307373046875,0.500885009765625,0.499755859375,0.4998372395833333,-0.02978515625,0.49979654947916663
487,nested_q_transplant,3,48,True,0.49951171875,00001111,0.9990234375,0.9993896484375,0.374755859375,0.99920654296875,0.5009765625,0.50128173828125,0.308837890625,0.501129150390625,0.49951171875,0.4998779296875,-0.034423828125,0.49969482421875
487,nested_q_transplant,4,49,True,0.4990234375,00001111,0.99853515625,0.998779296875,0.377197265625,0.9986572265625,0.50146484375,0.50189208984375,0.314208984375,0.501678466796875,0.4990234375,0.4995930989583333,-0.035400390625,0.49930826822916663
487,nested_q_transplant,5,50,True,0.4990234375,00001111,0.998046875,0.9979248046875,0.374755859375,0.99798583984375,0.501953125,0.5028076171875,0.315673828125,0.50238037109375,0.4990234375,0.4997965494791667,-0.036376953125,0.49940999348958337
487,nested_q_transplant,7,52,True,0.4990234375,00001111,0.99462890625,0.994140625,0.38330078125,0.994384765625,0.50537109375,0.5052490234375,0.343017578125,0.50531005859375,0.4990234375,0.500244140625,-0.025146484375,0.4996337890625
487,nested_q_transplant,9,54,True,0.497802734375,00001111,0.987060546875,0.9864501953125,0.3896484375,0.98675537109375,0.512939453125,0.5120849609375,0.36474609375,0.51251220703125,0.497802734375,0.5004069010416666,-0.0166015625,0.4991048177083333
487,nested_q_transplant,13,58,True,0.506103515625,00001111,0.910888671875,0.907958984375,0.392333984375,0.909423828125,0.589111328125,0.591796875,0.3818359375,0.5904541015625,0.506103515625,0.5032552083333334,0.00830078125,0.5046793619791667
487,nested_q_transplant,17,62,True,0.51123046875,00000011,0.75732421875,0.759765625,0.377685546875,0.758544921875,0.74267578125,0.7406005859375,0.3740234375,0.74163818359375,0.51123046875,0.5104573567708334,0.00634765625,0.5108439127604167
487,nested_q_transplant,24,69,True,0.505859375,00110011,0.568359375,0.568603515625,0.35888671875,0.5684814453125,0.9306640625,0.93011474609375,0.360107421875,0.930389404296875,0.505859375,0.5044352213541666,0.00439453125,0.5051472981770833
487,nested_q_transplant,33,78,True,0.50341796875,00110011,0.51123046875,0.5111083984375,0.35400390625,0.51116943359375,0.98876953125,0.98919677734375,0.35693359375,0.988983154296875,0.50341796875,0.5024820963541666,-0.02001953125,0.5029500325520833
487,nested_q_transplant,45,90,True,0.5,00110011,0.5,0.5,0.3466796875,0.5,1.0,1.0,0.35009765625,1.0,0.5,0.5,0.044677734375,0.5
487,nested_q_transplant,62,107,True,0.5,00110011,0.5,0.5,0.333251953125,0.5,1.0,1.0,0.335205078125,1.0,0.5,0.5,0.082275390625,0.5
487,nested_q_transplant,85,130,True,0.5,00110011,0.5,0.5,0.3115234375,0.5,1.0,1.0,0.3134765625,1.0,0.5,0.5,0.106689453125,0.5
487,nested_q_transplant,117,162,True,0.529296875,00110011,0.50146484375,0.5020751953125,0.28564453125,0.50177001953125,0.970703125,0.972412109375,0.286376953125,0.9715576171875,0.529296875,0.5273030598958334,0.23779296875,0.5282999674479167
487,nested_q_transplant,128,173,True,0.562744140625,00110011,0.502685546875,0.5025634765625,0.275390625,0.50262451171875,0.937255859375,0.9366455078125,0.27587890625,0.93695068359375,0.562744140625,0.5620524088541666,0.263671875,0.5623982747395833
487,nested_q_transplant,161,206,True,0.748291015625,01110111,0.498779296875,0.49755859375,0.270263671875,0.4981689453125,0.751708984375,0.75360107421875,0.271728515625,0.752655029296875,0.748291015625,0.7465413411458334,0.271728515625,0.7474161783854167
487,nested_q_transplant,222,267,True,1.0,01010101,0.5,0.5,0.29443359375,0.5,0.5,0.5001220703125,0.295166015625,0.50006103515625,1.0,1.0,0.295654296875,1.0
487,nested_q_transplant,304,349,True,1.0,01010101,0.5,0.5,0.30615234375,0.5,0.5,0.5,0.30810546875,0.5,1.0,1.0,0.30810546875,1.0
487,nested_q_transplant,418,463,True,1.0,01010101,0.5,0.5,0.310302734375,0.5,0.5,0.5,0.31201171875,0.5,1.0,1.0,0.31201171875,1.0
487,nested_q_transplant,575,620,True,1.0,01010101,0.5,0.5,0.30322265625,0.5,0.5,0.5,0.30517578125,0.5,1.0,1.0,0.3056640625,1.0
487,nested_q_transplant,790,835,True,1.0,01010101,0.5,0.5,0.3046875,0.5,0.5,0.5,0.306640625,0.5,1.0,1.0,0.30712890625,1.0
487,nested_q_transplant,1024,1069,True,1.0,01010101,0.5,0.5,0.305419921875,0.5,0.5,0.5,0.30712890625,0.5,1.0,1.0,0.307861328125,1.0
487,nested_padding_sham,0,45,True,0.5,00001111,1.0,1.0,0.3974609375,1.0,0.5,0.50006103515625,0.216796875,0.500030517578125,0.5,0.5,0.004150390625,0.5
487,nested_padding_sham,1,46,True,0.5,00001111,1.0,1.0,0.395263671875,1.0,0.5,0.500244140625,0.224365234375,0.5001220703125,0.5,0.5,-0.010009765625,0.5
487,nested_padding_sham,2,47,True,0.49951171875,00001111,0.99951171875,0.999755859375,0.392822265625,0.9996337890625,0.50048828125,0.5006103515625,0.2333984375,0.50054931640625,0.49951171875,0.499755859375,-0.0205078125,0.4996337890625
487,nested_padding_sham,3,48,True,0.49951171875,00001111,0.99951171875,0.999755859375,0.39208984375,0.9996337890625,0.50048828125,0.50067138671875,0.242919921875,0.500579833984375,0.49951171875,0.4997965494791667,-0.025390625,0.49965413411458337
487,nested_padding_sham,4,49,True,0.49951171875,00001111,0.99951171875,0.9996337890625,0.38232421875,0.99957275390625,0.50048828125,0.500732421875,0.2392578125,0.5006103515625,0.49951171875,0.4997151692708333,-0.038330078125,0.49961344401041663
487,nested_padding_sham,5,50,True,0.499755859375,00001111,0.999267578125,0.9993896484375,0.3779296875,0.99932861328125,0.500732421875,0.50115966796875,0.242919921875,0.500946044921875,0.499755859375,0.5000813802083334,-0.046875,0.4999186197916667
487,nested_padding_sham,7,52,True,0.5,00001111,0.99853515625,0.9984130859375,0.376220703125,0.99847412109375,0.50146484375,0.50189208984375,0.252685546875,0.501678466796875,0.5,0.500244140625,-0.048583984375,0.5001220703125
487,nested_padding_sham,9,54,True,0.500732421875,00001111,0.995361328125,0.9952392578125,0.3876953125,0.99530029296875,0.504638671875,0.50482177734375,0.282958984375,0.504730224609375,0.500732421875,0.5011800130208334,-0.025634765625,0.5009562174479167
487,nested_padding_sham,13,58,True,0.5048828125,00001111,0.96630859375,0.9652099609375,0.394287109375,0.96575927734375,0.53369140625,0.533447265625,0.327880859375,0.5335693359375,0.5048828125,0.5028889973958334,-0.009033203125,0.5038859049479167
487,nested_padding_sham,17,62,True,0.511474609375,00000011,0.846923828125,0.844970703125,0.38818359375,0.845947265625,0.648681640625,0.6458740234375,0.35400390625,0.64727783203125,0.511474609375,0.5069580078125,0.00439453125,0.50921630859375
487,nested_padding_sham,24,69,True,0.517822265625,00010011,0.680908203125,0.6817626953125,0.37060546875,0.68133544921875,0.816162109375,0.81475830078125,0.36474609375,0.815460205078125,0.517822265625,0.5168050130208334,0.01513671875,0.5173136393229167
487,nested_padding_sham,33,78,True,0.51123046875,00110011,0.54443359375,0.54443359375,0.363037109375,0.54443359375,0.94970703125,0.94830322265625,0.369873046875,0.949005126953125,0.51123046875,0.509033203125,0.0166015625,0.5101318359375
487,nested_padding_sham,45,90,True,0.500732421875,00110011,0.503173828125,0.5037841796875,0.348388671875,0.50347900390625,0.996826171875,0.9974365234375,0.352294921875,0.99713134765625,0.500732421875,0.5006103515625,0.054443359375,0.50067138671875
487,nested_padding_sham,62,107,True,0.5,00110011,0.5,0.5,0.31640625,0.5,1.0,1.0,0.318115234375,1.0,0.5,0.5,0.0625,0.5
487,nested_padding_sham,85,130,True,0.5009765625,00110011,0.4990234375,0.4993896484375,0.29248046875,0.49920654296875,0.9990234375,0.9993896484375,0.295166015625,0.99920654296875,0.5009765625,0.5008544921875,0.119140625,0.50091552734375
487,nested_padding_sham,117,162,True,0.531005859375,00110011,0.502197265625,0.50390625,0.262451171875,0.5030517578125,0.968994140625,0.968994140625,0.2646484375,0.968994140625,0.531005859375,0.5308024088541666,0.226318359375,0.5309041341145833
487,nested_padding_sham,128,173,True,0.56201171875,00110011,0.50146484375,0.5023193359375,0.254638671875,0.50189208984375,0.93798828125,0.938232421875,0.256591796875,0.9381103515625,0.56201171875,0.5611979166666666,0.2431640625,0.5616048177083333
487,nested_padding_sham,161,206,True,0.763427734375,01110111,0.502685546875,0.4996337890625,0.236572265625,0.50115966796875,0.736572265625,0.7386474609375,0.23779296875,0.73760986328125,0.763427734375,0.7624918619791667,0.23779296875,0.7629597981770834
487,nested_padding_sham,222,267,True,1.0,01010101,0.5,0.5,0.266357421875,0.5,0.5,0.50006103515625,0.266845703125,0.500030517578125,1.0,1.0,0.26708984375,1.0
487,nested_padding_sham,304,349,True,1.0,01010101,0.5,0.5,0.27783203125,0.5,0.5,0.5,0.278076171875,0.5,1.0,1.0,0.2783203125,1.0
487,nested_padding_sham,418,463,True,1.0,01010101,0.5,0.5,0.28515625,0.5,0.5,0.5,0.28466796875,0.5,1.0,1.0,0.285400390625,1.0
487,nested_padding_sham,575,620,True,1.0,01010101,0.5,0.5,0.28515625,0.5,0.5,0.5,0.2841796875,0.5,1.0,1.0,0.285400390625,1.0
487,nested_padding_sham,790,835,True,1.0,01010101,0.5,0.5,0.284912109375,0.5,0.5,0.5,0.283935546875,0.5,1.0,1.0,0.28515625,1.0
487,nested_padding_sham,1024,1069,True,1.0,01010101,0.5,0.5,0.2900390625,0.5,0.5,0.5,0.2890625,0.5,1.0,1.0,0.2900390625,1.0
491,independent_noop,0,45,True,0.5,00001111,1.0,1.0,0.39990234375,1.0,0.5,0.5,0.3466796875,0.5,0.5,0.5,-0.07177734375,0.5
491,independent_noop,1,46,True,0.49951171875,00001111,0.99951171875,0.999755859375,0.40234375,0.9996337890625,0.50048828125,0.500244140625,0.359375,0.5003662109375,0.49951171875,0.4998372395833333,-0.063720703125,0.49967447916666663
491,independent_noop,2,47,True,0.499267578125,00001111,0.998779296875,0.9991455078125,0.399658203125,0.99896240234375,0.501220703125,0.50091552734375,0.363037109375,0.501068115234375,0.499267578125,0.4997151692708333,-0.068115234375,0.49949137369791663
491,independent_noop,3,48,True,0.499755859375,00001111,0.997314453125,0.9981689453125,0.398193359375,0.99774169921875,0.502685546875,0.50238037109375,0.369384765625,0.502532958984375,0.499755859375,0.5,-0.06982421875,0.4998779296875
491,independent_noop,4,49,True,0.502197265625,00001111,0.993408203125,0.994384765625,0.393798828125,0.993896484375,0.506591796875,0.50653076171875,0.371337890625,0.506561279296875,0.502197265625,0.5015869140625,-0.07373046875,0.50189208984375
491,independent_noop,5,50,True,0.504638671875,00001111,0.985595703125,0.985595703125,0.3916015625,0.985595703125,0.514404296875,0.5146484375,0.37548828125,0.5145263671875,0.504638671875,0.50341796875,-0.075439453125,0.5040283203125
491,independent_noop,7,52,True,0.50390625,00001111,0.95703125,0.9549560546875,0.38818359375,0.95599365234375,0.54296875,0.5447998046875,0.379150390625,0.54388427734375,0.50390625,0.5031331380208334,-0.07421875,0.5035196940104167
491,independent_noop,9,54,True,0.514404296875,00001111,0.901123046875,0.9007568359375,0.383544921875,0.90093994140625,0.598876953125,0.59515380859375,0.37939453125,0.597015380859375,0.514404296875,0.5069986979166666,-0.07275390625,0.5107014973958333
491,independent_noop,13,58,True,0.512939453125,00111111,0.755126953125,0.7545166015625,0.38232421875,0.75482177734375,0.744873046875,0.74322509765625,0.38232421875,0.744049072265625,0.512939453125,0.507568359375,-0.0625,0.51025390625
491,independent_noop,17,62,True,0.509033203125,00110011,0.618896484375,0.6153564453125,0.378173828125,0.61712646484375,0.881103515625,0.88348388671875,0.378173828125,0.882293701171875,0.509033203125,0.5067952473958334,-0.054443359375,0.5079142252604167
491,independent_noop,24,69,True,0.5009765625,00110011,0.5078125,0.50830078125,0.376953125,0.508056640625,0.9921875,0.9921875,0.37841796875,0.9921875,0.5009765625,0.5006103515625,-0.03173828125,0.50079345703125
491,independent_noop,33,78,True,0.5,00110011,0.5,0.5,0.377685546875,0.5,1.0,1.0,0.37890625,1.0,0.5,0.5,0.000732421875,0.5
491,independent_noop,45,90,True,0.5,00110011,0.5,0.5,0.374755859375,0.5,1.0,1.0,0.37548828125,1.0,0.5,0.5,0.03515625,0.5
491,independent_noop,62,107,True,0.5,00110011,0.5,0.5,0.369384765625,0.5,1.0,1.0,0.370361328125,1.0,0.5,0.5,0.0888671875,0.5
491,independent_noop,85,130,True,0.50048828125,00110011,0.5,0.499755859375,0.360595703125,0.4998779296875,0.99951171875,0.99908447265625,0.3623046875,0.999298095703125,0.50048828125,0.5010172526041666,0.151611328125,0.5007527669270833
491,independent_noop,117,162,True,0.580322265625,00110011,0.494384765625,0.49169921875,0.35791015625,0.4930419921875,0.919677734375,0.91900634765625,0.360107421875,0.919342041015625,0.580322265625,0.5810546875,0.2587890625,0.5806884765625
491,independent_noop,128,173,True,0.63330078125,00110011,0.4775390625,0.481201171875,0.356689453125,0.4793701171875,0.86669921875,0.8673095703125,0.359130859375,0.86700439453125,0.63330078125,0.6339925130208334,0.295166015625,0.6336466471354167
491,independent_noop,161,206,True,0.810791015625,01010101,0.502685546875,0.498046875,0.342529296875,0.5003662109375,0.689208984375,0.6927490234375,0.34423828125,0.69097900390625,0.810791015625,0.8099772135416667,0.34228515625,0.8103841145833334
491,independent_noop,222,267,True,1.0,01010101,0.5,0.5,0.332275390625,0.5,0.5,0.5,0.33740234375,0.5,1.0,1.0,0.337646484375,1.0
491,independent_noop,304,349,True,1.0,01010101,0.5,0.5,0.321533203125,0.5,0.5,0.5,0.326416015625,0.5,1.0,1.0,0.32666015625,1.0
491,independent_noop,418,463,True,1.0,01010101,0.5,0.5,0.32177734375,0.5,0.5,0.5,0.32666015625,0.5,1.0,1.0,0.3271484375,1.0
491,independent_noop,575,620,True,1.0,01010101,0.5,0.5,0.32666015625,0.5,0.5,0.5,0.330810546875,0.5,1.0,1.0,0.331298828125,1.0
491,independent_noop,790,835,True,1.0,01010101,0.5,0.5,0.330810546875,0.5,0.5,0.5,0.333251953125,0.5,1.0,1.0,0.333740234375,1.0
491,independent_noop,1024,1069,True,1.0,01010101,0.5,0.5,0.325439453125,0.5,0.5,0.5,0.327392578125,0.5,1.0,1.0,0.327880859375,1.0
491,independent_q_restore,0,45,True,0.5,00001111,1.0,1.0,0.41064453125,1.0,0.5,0.5,0.20556640625,0.5,0.5,0.5,-0.054443359375,0.5
491,independent_q_restore,1,46,True,0.5,00001111,1.0,1.0,0.4111328125,1.0,0.5,0.5,0.229248046875,0.5,0.5,0.5,-0.055419921875,0.5
491,independent_q_restore,2,47,True,0.5,00001111,1.0,1.0,0.406005859375,1.0,0.5,0.5,0.241943359375,0.5,0.5,0.5,-0.058349609375,0.5
491,independent_q_restore,3,48,True,0.5,00001111,1.0,1.0,0.401123046875,1.0,0.5,0.5,0.24951171875,0.5,0.5,0.5,-0.0546875,0.5
491,independent_q_restore,4,49,True,0.5,00001111,1.0,1.0,0.3974609375,1.0,0.5,0.5,0.26708984375,0.5,0.5,0.5000406901041666,-0.0576171875,0.5000203450520833
491,independent_q_restore,5,50,True,0.500244140625,00001111,0.999755859375,0.9996337890625,0.398193359375,0.99969482421875,0.500244140625,0.50018310546875,0.28662109375,0.500213623046875,0.500244140625,0.5004069010416666,-0.0546875,0.5003255208333333
491,independent_q_restore,7,52,True,0.502197265625,00001111,0.995361328125,0.99609375,0.389404296875,0.9957275390625,0.504638671875,0.50384521484375,0.304443359375,0.504241943359375,0.502197265625,0.5019124348958334,-0.063232421875,0.5020548502604167
491,independent_q_restore,9,54,True,0.50390625,00001111,0.98974609375,0.9893798828125,0.388916015625,0.98956298828125,0.51025390625,0.5107421875,0.3232421875,0.510498046875,0.50390625,0.5032145182291666,-0.064697265625,0.5035603841145833
491,independent_q_restore,13,58,True,0.5146484375,00001111,0.9375,0.9407958984375,0.3837890625,0.93914794921875,0.56005859375,0.55963134765625,0.347412109375,0.559844970703125,0.5146484375,0.5111897786458334,-0.060546875,0.5129191080729167
491,independent_q_restore,17,62,True,0.521484375,00001111,0.82666015625,0.8253173828125,0.37451171875,0.82598876953125,0.66845703125,0.6646728515625,0.35791015625,0.66656494140625,0.521484375,0.5149332682291666,-0.049072265625,0.5182088216145833
491,independent_q_restore,24,69,True,0.51416015625,00110011,0.587890625,0.5855712890625,0.36962890625,0.58673095703125,0.8759765625,0.8765869140625,0.3662109375,0.87628173828125,0.51416015625,0.5126546223958334,-0.04443359375,0.5134073893229167
491,independent_q_restore,33,78,True,0.512939453125,00110011,0.502197265625,0.5018310546875,0.358642578125,0.50201416015625,0.971923828125,0.97186279296875,0.3603515625,0.971893310546875,0.512939453125,0.5099690755208334,-0.01708984375,0.5114542643229167
491,independent_q_restore,45,90,True,0.50048828125,00110011,0.5,0.4998779296875,0.347412109375,0.49993896484375,0.9990234375,0.99932861328125,0.3486328125,0.999176025390625,0.50048828125,0.50048828125,0.010498046875,0.50048828125
491,independent_q_restore,62,107,True,0.5,00110011,0.5,0.5,0.333740234375,0.5,1.0,1.0,0.333984375,1.0,0.5,0.5,0.06494140625,0.5
491,independent_q_restore,85,130,True,0.5009765625,00110011,0.49951171875,0.4989013671875,0.327392578125,0.49920654296875,0.9990234375,0.99835205078125,0.32763671875,0.998687744140625,0.5009765625,0.5015869140625,0.126220703125,0.50128173828125
491,independent_q_restore,117,162,True,0.599853515625,00110011,0.504150390625,0.5029296875,0.323974609375,0.5035400390625,0.900146484375,0.9012451171875,0.325927734375,0.90069580078125,0.599853515625,0.6003011067708334,0.294677734375,0.6000773111979167
491,independent_q_restore,128,173,True,0.62890625,00110011,0.49365234375,0.4949951171875,0.315673828125,0.49432373046875,0.87109375,0.8681640625,0.3173828125,0.86962890625,0.62890625,0.62939453125,0.302001953125,0.629150390625
491,independent_q_restore,161,206,True,0.92919921875,01010101,0.501953125,0.502197265625,0.332763671875,0.5020751953125,0.57080078125,0.570556640625,0.332763671875,0.5706787109375,0.92919921875,0.9298095703125,0.332763671875,0.92950439453125
491,independent_q_restore,222,267,True,1.0,01010101,0.5,0.5,0.327392578125,0.5,0.5,0.5,0.321044921875,0.5,1.0,1.0,0.327880859375,1.0
491,independent_q_restore,304,349,True,1.0,01010101,0.5,0.5,0.3232421875,0.5,0.5,0.5,0.31787109375,0.5,1.0,1.0,0.32373046875,1.0
491,independent_q_restore,418,463,True,1.0,01010101,0.5,0.5,0.324951171875,0.5,0.5,0.5,0.3193359375,0.5,1.0,1.0,0.32568359375,1.0
491,independent_q_restore,575,620,True,1.0,01010101,0.5,0.5,0.3271484375,0.5,0.5,0.5,0.32177734375,0.5,1.0,1.0,0.327880859375,1.0
491,independent_q_restore,790,835,True,1.0,01010101,0.5,0.5,0.3251953125,0.5,0.5,0.5,0.31982421875,0.5,1.0,1.0,0.325927734375,1.0
491,independent_q_restore,1024,1069,True,1.0,01010101,0.5,0.5,0.322998046875,0.5,0.5,0.5,0.3173828125,0.5,1.0,1.0,0.323974609375,1.0
491,independent_padding_sham,0,45,True,0.50146484375,00001111,0.998046875,0.9986572265625,0.402099609375,0.99835205078125,0.501953125,0.5020751953125,0.330810546875,0.50201416015625,0.50146484375,0.500732421875,-0.0693359375,0.5010986328125
491,independent_padding_sham,1,46,True,0.501220703125,00001111,0.997314453125,0.9976806640625,0.3994140625,0.99749755859375,0.502685546875,0.50311279296875,0.338134765625,0.502899169921875,0.501220703125,0.5003662109375,-0.07080078125,0.50079345703125
491,independent_padding_sham,2,47,True,0.5029296875,00001111,0.994140625,0.9949951171875,0.401611328125,0.99456787109375,0.505859375,0.506103515625,0.35107421875,0.5059814453125,0.5029296875,0.5010579427083334,-0.071044921875,0.5019938151041667
491,independent_padding_sham,3,48,True,0.501953125,00001111,0.98974609375,0.9901123046875,0.396728515625,0.98992919921875,0.51025390625,0.51019287109375,0.352783203125,0.510223388671875,0.501953125,0.5008951822916666,-0.077392578125,0.5014241536458333
491,independent_padding_sham,4,49,True,0.503662109375,00001111,0.978759765625,0.9810791015625,0.3916015625,0.97991943359375,0.521240234375,0.51910400390625,0.356689453125,0.520172119140625,0.503662109375,0.5019124348958334,-0.081298828125,0.5027872721354167
491,independent_padding_sham,5,50,True,0.507080078125,00001111,0.970458984375,0.9720458984375,0.388671875,0.97125244140625,0.529541015625,0.5281982421875,0.35986328125,0.52886962890625,0.507080078125,0.5040690104166666,-0.081298828125,0.5055745442708333
491,independent_padding_sham,7,52,True,0.505126953125,00001111,0.938720703125,0.9417724609375,0.381103515625,0.94024658203125,0.561279296875,0.56060791015625,0.365478515625,0.560943603515625,0.505126953125,0.5027669270833334,-0.08447265625,0.5039469401041667
491,independent_padding_sham,9,54,True,0.509521484375,00001111,0.891357421875,0.89404296875,0.378662109375,0.8927001953125,0.608642578125,0.60577392578125,0.370849609375,0.607208251953125,0.509521484375,0.506591796875,-0.082275390625,0.508056640625
491,independent_padding_sham,13,58,True,0.505859375,00111111,0.7685546875,0.7705078125,0.376953125,0.76953125,0.73095703125,0.72845458984375,0.376220703125,0.729705810546875,0.505859375,0.5025227864583334,-0.082763671875,0.5041910807291667
491,independent_padding_sham,17,62,True,0.506103515625,00110011,0.635986328125,0.642578125,0.37744140625,0.6392822265625,0.864013671875,0.86602783203125,0.37744140625,0.865020751953125,0.506103515625,0.5041097005208334,-0.06591796875,0.5051066080729167
491,independent_padding_sham,24,69,True,0.49853515625,00110011,0.51318359375,0.5120849609375,0.3759765625,0.51263427734375,0.98681640625,0.98895263671875,0.376220703125,0.987884521484375,0.49853515625,0.499755859375,-0.058837890625,0.4991455078125
491,independent_padding_sham,33,78,True,0.5,00110011,0.5,0.5,0.37451171875,0.5,1.0,1.0,0.375244140625,1.0,0.5,0.5,-0.042724609375,0.5
491,independent_padding_sham,45,90,True,0.5,00110011,0.5,0.5,0.365234375,0.5,1.0,1.0,0.36669921875,1.0,0.5,0.5,-0.017822265625,0.5
491,independent_padding_sham,62,107,True,0.5,00110011,0.5,0.5,0.35302734375,0.5,1.0,1.0,0.355224609375,1.0,0.5,0.5,0.022705078125,0.5
491,independent_padding_sham,85,130,True,0.5,00110011,0.5,0.5,0.33984375,0.5,1.0,1.0,0.3427734375,1.0,0.5,0.5,0.099365234375,0.5
491,independent_padding_sham,117,162,True,0.525390625,00110011,0.4951171875,0.493896484375,0.351318359375,0.4945068359375,0.974609375,0.97271728515625,0.356689453125,0.973663330078125,0.525390625,0.5262044270833334,0.248291015625,0.5257975260416667
491,independent_padding_sham,128,173,True,0.6044921875,00110011,0.4873046875,0.4903564453125,0.360595703125,0.48883056640625,0.8955078125,0.89501953125,0.365478515625,0.895263671875,0.6044921875,0.6063639322916666,0.290283203125,0.6054280598958333
491,independent_padding_sham,161,206,True,0.797607421875,01010101,0.505126953125,0.5009765625,0.345703125,0.5030517578125,0.702392578125,0.705322265625,0.35009765625,0.703857421875,0.797607421875,0.7960611979166667,0.3486328125,0.7968343098958334
491,independent_padding_sham,222,267,True,1.0,01010101,0.5,0.5,0.3193359375,0.5,0.5,0.5,0.322998046875,0.5,1.0,1.0,0.324951171875,1.0
491,independent_padding_sham,304,349,True,1.0,01010101,0.5,0.5,0.316650390625,0.5,0.5,0.5,0.3203125,0.5,1.0,1.0,0.322021484375,1.0
491,independent_padding_sham,418,463,True,1.0,01010101,0.5,0.5,0.3203125,0.5,0.5,0.5,0.32373046875,0.5,1.0,1.0,0.325439453125,1.0
491,independent_padding_sham,575,620,True,1.0,01010101,0.5,0.5,0.3173828125,0.5,0.5,0.5,0.31982421875,0.5,1.0,1.0,0.321533203125,1.0
491,independent_padding_sham,790,835,True,1.0,01010101,0.5,0.5,0.314697265625,0.5,0.5,0.5,0.3173828125,0.5,1.0,1.0,0.3193359375,1.0
491,independent_padding_sham,1024,1069,True,1.0,01010101,0.5,0.5,0.313232421875,0.5,0.5,0.5,0.316162109375,0.5,1.0,1.0,0.31787109375,1.0
491,nested_noop,0,45,True,0.5,00001111,1.0,1.0,0.42333984375,1.0,0.5,0.5,0.185791015625,0.5,0.5,0.5,-0.031494140625,0.5
491,nested_noop,1,46,True,0.5,00001111,1.0,1.0,0.4189453125,1.0,0.5,0.5,0.195556640625,0.5,0.5,0.5,-0.03759765625,0.5
491,nested_noop,2,47,True,0.5,00001111,1.0,1.0,0.41455078125,1.0,0.5,0.5,0.20166015625,0.5,0.5,0.5,-0.045654296875,0.5
491,nested_noop,3,48,True,0.5,00001111,1.0,1.0,0.407958984375,1.0,0.5,0.5,0.20458984375,0.5,0.5,0.5,-0.054931640625,0.5
491,nested_noop,4,49,True,0.5,00001111,1.0,1.0,0.404541015625,1.0,0.5,0.5,0.2119140625,0.5,0.5,0.5000406901041666,-0.05029296875,0.5000203450520833
491,nested_noop,5,50,True,0.5,00001111,1.0,0.9998779296875,0.400634765625,0.99993896484375,0.5,0.500244140625,0.221923828125,0.5001220703125,0.5,0.5002034505208334,-0.057373046875,0.5001017252604167
491,nested_noop,7,52,True,0.50146484375,00001111,0.99658203125,0.997314453125,0.392333984375,0.9969482421875,0.50341796875,0.50323486328125,0.24072265625,0.503326416015625,0.50146484375,0.501220703125,-0.064697265625,0.5013427734375
491,nested_noop,9,54,True,0.501953125,00001111,0.990234375,0.9906005859375,0.39013671875,0.99041748046875,0.509765625,0.51019287109375,0.26611328125,0.509979248046875,0.501953125,0.5017903645833334,-0.068115234375,0.5018717447916667
491,nested_noop,13,58,True,0.50830078125,00001111,0.958984375,0.9588623046875,0.387939453125,0.95892333984375,0.53955078125,0.539794921875,0.30615234375,0.5396728515625,0.50830078125,0.5076497395833334,-0.052734375,0.5079752604166667
491,nested_noop,17,62,True,0.5263671875,00001111,0.8955078125,0.896484375,0.383544921875,0.89599609375,0.60107421875,0.60052490234375,0.331298828125,0.600799560546875,0.5263671875,0.5184733072916666,-0.039306640625,0.5224202473958333
491,nested_noop,24,69,True,0.524169921875,00010111,0.734130859375,0.7320556640625,0.364501953125,0.73309326171875,0.759033203125,0.76287841796875,0.347900390625,0.760955810546875,0.524169921875,0.5198160807291666,-0.0458984375,0.5219930013020833
491,nested_noop,33,78,True,0.523681640625,00110011,0.578857421875,0.5777587890625,0.344970703125,0.57830810546875,0.914306640625,0.91717529296875,0.35302734375,0.915740966796875,0.523681640625,0.5181477864583334,-0.04296875,0.5209147135416667
491,nested_noop,45,90,True,0.501708984375,00110011,0.505126953125,0.5054931640625,0.348876953125,0.50531005859375,0.994873046875,0.99517822265625,0.35595703125,0.995025634765625,0.501708984375,0.5017496744791666,0.009521484375,0.5017293294270833
491,nested_noop,62,107,True,0.5,00110011,0.5,0.5,0.331298828125,0.5,1.0,1.0,0.3349609375,1.0,0.5,0.5,0.08544921875,0.5
491,nested_noop,85,130,True,0.500732421875,00110011,0.499267578125,0.499267578125,0.333984375,0.499267578125,0.999267578125,0.9989013671875,0.3369140625,0.99908447265625,0.500732421875,0.5012613932291666,0.17236328125,0.5009969075520833
491,nested_noop,117,162,True,0.636962890625,00110011,0.489501953125,0.4896240234375,0.319580078125,0.48956298828125,0.863037109375,0.86236572265625,0.322509765625,0.862701416015625,0.636962890625,0.6371663411458334,0.292724609375,0.6370646158854167
491,nested_noop,128,173,True,0.69091796875,00110011,0.47900390625,0.479736328125,0.302490234375,0.4793701171875,0.80908203125,0.80596923828125,0.306396484375,0.807525634765625,0.69091796875,0.6908772786458334,0.29833984375,0.6908976236979167
491,nested_noop,161,206,True,0.939453125,01010101,0.498046875,0.4993896484375,0.31201171875,0.49871826171875,0.560546875,0.5618896484375,0.314208984375,0.56121826171875,0.939453125,0.9390462239583333,0.314453125,0.9392496744791666
491,nested_noop,222,267,True,1.0,01010101,0.5,0.5,0.315185546875,0.5,0.5,0.5,0.317138671875,0.5,1.0,1.0,0.317626953125,1.0
491,nested_noop,304,349,True,1.0,01010101,0.5,0.5,0.31201171875,0.5,0.5,0.5,0.31396484375,0.5,1.0,1.0,0.314453125,1.0
491,nested_noop,418,463,True,1.0,01010101,0.5,0.5,0.305419921875,0.5,0.5,0.5,0.307373046875,0.5,1.0,1.0,0.3076171875,1.0
491,nested_noop,575,620,True,1.0,01010101,0.5,0.5,0.30419921875,0.5,0.5,0.5,0.306396484375,0.5,1.0,1.0,0.306640625,1.0
491,nested_noop,790,835,True,1.0,01010101,0.5,0.5,0.2998046875,0.5,0.5,0.5,0.30224609375,0.5,1.0,1.0,0.302490234375,1.0
491,nested_noop,1024,1069,True,1.0,01010101,0.5,0.5,0.300537109375,0.5,0.5,0.5,0.302978515625,0.5,1.0,1.0,0.30322265625,1.0
491,nested_q_transplant,0,45,True,0.5,00001111,1.0,1.0,0.408447265625,1.0,0.5,0.5,0.246337890625,0.5,0.5,0.5,-0.05712890625,0.5
491,nested_q_transplant,1,46,True,0.5,00001111,1.0,1.0,0.40576171875,1.0,0.5,0.5,0.254638671875,0.5,0.5,0.5,-0.05615234375,0.5
491,nested_q_transplant,2,47,True,0.5,00001111,1.0,1.0,0.402099609375,1.0,0.5,0.5,0.2626953125,0.5,0.5,0.5,-0.06005859375,0.5
491,nested_q_transplant,3,48,True,0.5,00001111,1.0,0.9998779296875,0.397216796875,0.99993896484375,0.5,0.50018310546875,0.26904296875,0.500091552734375,0.5,0.5000813802083334,-0.0625,0.5000406901041667
491,nested_q_transplant,4,49,True,0.500244140625,00001111,0.998291015625,0.9989013671875,0.391357421875,0.99859619140625,0.501708984375,0.50146484375,0.27685546875,0.5015869140625,0.500244140625,0.5003255208333334,-0.075439453125,0.5002848307291667
491,nested_q_transplant,5,50,True,0.500732421875,00001111,0.996337890625,0.9974365234375,0.3828125,0.99688720703125,0.503662109375,0.503173828125,0.279541015625,0.50341796875,0.500732421875,0.5005696614583334,-0.077880859375,0.5006510416666667
491,nested_q_transplant,7,52,True,0.501708984375,00001111,0.991455078125,0.99072265625,0.37744140625,0.9910888671875,0.508544921875,0.5101318359375,0.299560546875,0.50933837890625,0.501708984375,0.5015869140625,-0.08740234375,0.50164794921875
491,nested_q_transplant,9,54,True,0.502685546875,00001111,0.974853515625,0.974365234375,0.375732421875,0.974609375,0.525146484375,0.52655029296875,0.32373046875,0.525848388671875,0.502685546875,0.5025634765625,-0.09326171875,0.50262451171875
491,nested_q_transplant,13,58,True,0.5166015625,00001111,0.90625,0.9080810546875,0.385498046875,0.90716552734375,0.59375,0.59228515625,0.361572265625,0.593017578125,0.5166015625,0.5097249348958334,-0.072998046875,0.5131632486979167
491,nested_q_transplant,17,62,True,0.51953125,00001111,0.80419921875,0.8060302734375,0.371826171875,0.80511474609375,0.69580078125,0.6932373046875,0.3642578125,0.69451904296875,0.51953125,0.5124918619791666,-0.0732421875,0.5160115559895833
491,nested_q_transplant,24,69,True,0.51806640625,00110011,0.62158203125,0.6204833984375,0.360595703125,0.62103271484375,0.8779296875,0.880859375,0.36474609375,0.87939453125,0.51806640625,0.5131429036458334,-0.069091796875,0.5156046549479167
491,nested_q_transplant,33,78,True,0.50244140625,00110011,0.51416015625,0.51513671875,0.3486328125,0.5146484375,0.98583984375,0.987060546875,0.355224609375,0.9864501953125,0.50244140625,0.50244140625,-0.048828125,0.50244140625
491,nested_q_transplant,45,90,True,0.5,00110011,0.5,0.5,0.34033203125,0.5,1.0,1.0,0.347900390625,1.0,0.5,0.5,-0.016845703125,0.5
491,nested_q_transplant,62,107,True,0.5,00110011,0.5,0.5,0.306396484375,0.5,1.0,1.0,0.313232421875,1.0,0.5,0.5,0.02294921875,0.5
491,nested_q_transplant,85,130,True,0.5,00110011,0.5,0.5,0.335205078125,0.5,1.0,0.99969482421875,0.33837890625,0.999847412109375,0.5,0.5003255208333334,0.1376953125,0.5001627604166667
491,nested_q_transplant,117,162,True,0.575927734375,00110011,0.495361328125,0.4949951171875,0.311279296875,0.49517822265625,0.924072265625,0.92315673828125,0.3173828125,0.923614501953125,0.575927734375,0.5772705078125,0.225830078125,0.57659912109375
491,nested_q_transplant,128,173,True,0.6455078125,00110011,0.47998046875,0.4830322265625,0.30615234375,0.48150634765625,0.8544921875,0.8555908203125,0.311767578125,0.85504150390625,0.6455078125,0.6453043619791666,0.257080078125,0.6454060872395833
491,nested_q_transplant,161,206,True,0.816162109375,01010101,0.505126953125,0.5030517578125,0.3125,0.50408935546875,0.683837890625,0.6854248046875,0.31884765625,0.68463134765625,0.816162109375,0.816650390625,0.318359375,0.81640625
491,nested_q_transplant,222,267,True,1.0,01010101,0.5,0.5,0.321044921875,0.5,0.5,0.5,0.325439453125,0.5,1.0,1.0,0.325439453125,1.0
491,nested_q_transplant,304,349,True,1.0,01010101,0.5,0.5,0.3251953125,0.5,0.5,0.5,0.3291015625,0.5,1.0,1.0,0.3291015625,1.0
491,nested_q_transplant,418,463,True,1.0,01010101,0.5,0.5,0.31787109375,0.5,0.5,0.5,0.322998046875,0.5,1.0,1.0,0.322998046875,1.0
491,nested_q_transplant,575,620,True,1.0,01010101,0.5,0.5,0.3193359375,0.5,0.5,0.5,0.323974609375,0.5,1.0,1.0,0.323974609375,1.0
491,nested_q_transplant,790,835,True,1.0,01010101,0.5,0.5,0.322998046875,0.5,0.5,0.5,0.328125,0.5,1.0,1.0,0.328125,1.0
491,nested_q_transplant,1024,1069,True,1.0,01010101,0.5,0.5,0.3232421875,0.5,0.5,0.5,0.32861328125,0.5,1.0,1.0,0.32861328125,1.0
491,nested_padding_sham,0,45,True,0.5,00001111,1.0,1.0,0.425537109375,1.0,0.5,0.5,0.178466796875,0.5,0.5,0.5,-0.0322265625,0.5
491,nested_padding_sham,1,46,True,0.5,00001111,1.0,1.0,0.424072265625,1.0,0.5,0.5,0.19091796875,0.5,0.5,0.5,-0.025390625,0.5
491,nested_padding_sham,2,47,True,0.5,00001111,1.0,1.0,0.42138671875,1.0,0.5,0.5,0.195068359375,0.5,0.5,0.5,-0.033203125,0.5
491,nested_padding_sham,3,48,True,0.5,00001111,1.0,1.0,0.415771484375,1.0,0.5,0.50006103515625,0.2060546875,0.500030517578125,0.5,0.5000406901041666,-0.038330078125,0.5000203450520833
491,nested_padding_sham,4,49,True,0.5,00001111,1.0,1.0,0.40869140625,1.0,0.5,0.5003662109375,0.21142578125,0.50018310546875,0.5,0.5001627604166666,-0.04345703125,0.5000813802083333
491,nested_padding_sham,5,50,True,0.5,00001111,0.99853515625,0.9991455078125,0.40478515625,0.99884033203125,0.50146484375,0.50146484375,0.218994140625,0.50146484375,0.5,0.4999593098958333,-0.04833984375,0.49997965494791663
491,nested_padding_sham,7,52,True,0.50146484375,00001111,0.99560546875,0.995361328125,0.401611328125,0.9954833984375,0.50439453125,0.504638671875,0.241455078125,0.5045166015625,0.50146484375,0.5006103515625,-0.05419921875,0.50103759765625
491,nested_padding_sham,9,54,True,0.502685546875,00001111,0.989013671875,0.9896240234375,0.397705078125,0.98931884765625,0.509521484375,0.5115966796875,0.26318359375,0.51055908203125,0.502685546875,0.5019938151041666,-0.0576171875,0.5023396809895833
491,nested_padding_sham,13,58,True,0.50732421875,00001111,0.95751953125,0.9564208984375,0.398681640625,0.95697021484375,0.5390625,0.54058837890625,0.302001953125,0.539825439453125,0.50732421875,0.5061442057291666,-0.043701171875,0.5067342122395833
491,nested_padding_sham,17,62,True,0.526611328125,00001111,0.896240234375,0.8944091796875,0.389892578125,0.89532470703125,0.598388671875,0.59674072265625,0.32470703125,0.597564697265625,0.526611328125,0.518310546875,-0.033935546875,0.5224609375
491,nested_padding_sham,24,69,True,0.5224609375,00010111,0.73876953125,0.7376708984375,0.376708984375,0.73822021484375,0.75,0.75152587890625,0.349853515625,0.750762939453125,0.5224609375,0.5182291666666666,-0.03076171875,0.5203450520833333
491,nested_padding_sham,33,78,True,0.525390625,00110011,0.59619140625,0.5921630859375,0.36474609375,0.59417724609375,0.890625,0.8914794921875,0.365478515625,0.89105224609375,0.525390625,0.5202229817708334,-0.0205078125,0.5228068033854167
491,nested_padding_sham,45,90,True,0.505615234375,00110011,0.515380859375,0.514892578125,0.355712890625,0.51513671875,0.983154296875,0.984375,0.3623046875,0.9837646484375,0.505615234375,0.5052490234375,0.015869140625,0.50543212890625
491,nested_padding_sham,62,107,True,0.5,00110011,0.5,0.5,0.3251953125,0.5,1.0,1.0,0.329345703125,1.0,0.5,0.5,0.072021484375,0.5
491,nested_padding_sham,85,130,True,0.5,00110011,0.5,0.4998779296875,0.324951171875,0.49993896484375,1.0,0.99932861328125,0.32861328125,0.999664306640625,0.5,0.5006917317708334,0.15869140625,0.5003458658854167
491,nested_padding_sham,117,162,True,0.632080078125,00110011,0.487548828125,0.4884033203125,0.317626953125,0.48797607421875,0.867919921875,0.86700439453125,0.31982421875,0.867462158203125,0.632080078125,0.6336669921875,0.300048828125,0.63287353515625
491,nested_padding_sham,128,173,True,0.70458984375,00110011,0.482421875,0.4832763671875,0.320068359375,0.48284912109375,0.79541015625,0.794677734375,0.322509765625,0.7950439453125,0.70458984375,0.7028401692708334,0.315185546875,0.7037150065104167
491,nested_padding_sham,161,206,True,0.972900390625,01010101,0.493896484375,0.49560546875,0.327880859375,0.4947509765625,0.527099609375,0.527587890625,0.32861328125,0.52734375,0.972900390625,0.9730631510416667,0.32861328125,0.9729817708333334
491,nested_padding_sham,222,267,True,1.0,01010101,0.5,0.5,0.33349609375,0.5,0.5,0.5,0.3349609375,0.5,1.0,1.0,0.3349609375,1.0
491,nested_padding_sham,304,349,True,1.0,01010101,0.5,0.5,0.328857421875,0.5,0.5,0.5,0.3310546875,0.5,1.0,1.0,0.3310546875,1.0
491,nested_padding_sham,418,463,True,1.0,01010101,0.5,0.5,0.32958984375,0.5,0.5,0.5,0.331787109375,0.5,1.0,1.0,0.331787109375,1.0
491,nested_padding_sham,575,620,True,1.0,01010101,0.5,0.5,0.322265625,0.5,0.5,0.5,0.324462890625,0.5,1.0,1.0,0.324462890625,1.0
491,nested_padding_sham,790,835,True,1.0,01010101,0.5,0.5,0.31884765625,0.5,0.5,0.5,0.321044921875,0.5,1.0,1.0,0.321044921875,1.0
491,nested_padding_sham,1024,1069,True,1.0,01010101,0.5,0.5,0.31640625,0.5,0.5,0.5,0.318603515625,0.5,1.0,1.0,0.318603515625,1.0
499,independent_noop,0,45,True,0.499267578125,00001111,0.995361328125,0.9957275390625,0.388671875,0.99554443359375,0.504638671875,0.50390625,0.359619140625,0.5042724609375,0.499267578125,0.4997151692708333,-0.0859375,0.49949137369791663
499,independent_noop,1,46,True,0.499755859375,00001111,0.991943359375,0.9915771484375,0.3896484375,0.99176025390625,0.508056640625,0.50726318359375,0.365478515625,0.507659912109375,0.499755859375,0.4998779296875,-0.0888671875,0.49981689453125
499,independent_noop,2,47,True,0.5,00001111,0.98828125,0.9874267578125,0.38818359375,0.98785400390625,0.51171875,0.511474609375,0.36669921875,0.5115966796875,0.5,0.5,-0.091064453125,0.5
499,independent_noop,3,48,True,0.498291015625,00001111,0.979736328125,0.978515625,0.38330078125,0.9791259765625,0.520263671875,0.51995849609375,0.366455078125,0.520111083984375,0.498291015625,0.5005289713541666,-0.09033203125,0.4994099934895833
499,independent_noop,4,49,True,0.49755859375,00001111,0.97119140625,0.9696044921875,0.38525390625,0.97039794921875,0.52880859375,0.52960205078125,0.37255859375,0.529205322265625,0.49755859375,0.500732421875,-0.09130859375,0.4991455078125
499,independent_noop,5,50,True,0.496826171875,00001111,0.962646484375,0.959228515625,0.384765625,0.9609375,0.537353515625,0.53839111328125,0.375,0.537872314453125,0.496826171875,0.5001627604166666,-0.096435546875,0.4984944661458333
499,independent_noop,7,52,True,0.49609375,00001111,0.92041015625,0.9193115234375,0.378662109375,0.91986083984375,0.57861328125,0.576171875,0.372314453125,0.577392578125,0.49609375,0.5008544921875,-0.103759765625,0.49847412109375
499,independent_noop,9,54,True,0.5029296875,00001111,0.8818359375,0.8809814453125,0.37158203125,0.88140869140625,0.6171875,0.61505126953125,0.367919921875,0.616119384765625,0.5029296875,0.5028889973958334,-0.111328125,0.5029093424479167
499,independent_noop,13,58,True,0.507568359375,00111111,0.736572265625,0.7359619140625,0.370361328125,0.73626708984375,0.762939453125,0.75640869140625,0.3701171875,0.759674072265625,0.507568359375,0.5067138671875,-0.125244140625,0.50714111328125
499,independent_noop,17,62,True,0.49853515625,00110011,0.599609375,0.6005859375,0.37744140625,0.60009765625,0.89892578125,0.89666748046875,0.37744140625,0.897796630859375,0.49853515625,0.5028483072916666,-0.1171875,0.5006917317708333
499,independent_noop,24,69,True,0.498779296875,00110011,0.503662109375,0.5032958984375,0.369873046875,0.50347900390625,0.996337890625,0.996337890625,0.369873046875,0.996337890625,0.498779296875,0.4993082682291667,-0.1142578125,0.49904378255208337
499,independent_noop,33,78,True,0.5,00110011,0.5,0.5,0.3447265625,0.5,1.0,1.0,0.3447265625,1.0,0.5,0.5,-0.1396484375,0.5
499,independent_noop,45,90,True,0.5,00110011,0.5,0.5,0.335205078125,0.5,1.0,1.0,0.335205078125,1.0,0.5,0.5,-0.144775390625,0.5
499,independent_noop,62,107,True,0.5,00110011,0.5,0.5,0.328857421875,0.5,1.0,1.0,0.328857421875,1.0,0.5,0.5,-0.128662109375,0.5
499,independent_noop,85,130,True,0.5,00110011,0.5,0.5,0.34765625,0.5,1.0,1.0,0.34765625,1.0,0.5,0.5,-0.0791015625,0.5
499,independent_noop,117,162,True,0.500732421875,00110011,0.500732421875,0.500732421875,0.335205078125,0.500732421875,0.999267578125,0.99920654296875,0.33544921875,0.999237060546875,0.500732421875,0.5007731119791666,0.029052734375,0.5007527669270833
499,independent_noop,128,173,True,0.500732421875,00110011,0.500244140625,0.50048828125,0.32373046875,0.5003662109375,0.999267578125,0.99896240234375,0.32421875,0.999114990234375,0.500732421875,0.5008544921875,0.04541015625,0.50079345703125
499,independent_noop,161,206,True,0.55615234375,00110011,0.5068359375,0.5054931640625,0.326416015625,0.50616455078125,0.94384765625,0.942138671875,0.3271484375,0.9429931640625,0.55615234375,0.5572916666666666,0.2060546875,0.5567220052083333
499,independent_noop,222,267,True,0.908447265625,01010101,0.492919921875,0.495849609375,0.28369140625,0.494384765625,0.591552734375,0.590576171875,0.284423828125,0.591064453125,0.908447265625,0.9084065755208333,0.284423828125,0.9084269205729166
499,independent_noop,304,349,True,1.0,01010101,0.5,0.5,0.3359375,0.5,0.5,0.5,0.3359375,0.5,1.0,1.0,0.3359375,1.0
499,independent_noop,418,463,True,1.0,01010101,0.5,0.5,0.332763671875,0.5,0.5,0.5,0.33251953125,0.5,1.0,1.0,0.332763671875,1.0
499,independent_noop,575,620,True,1.0,01010101,0.5,0.5,0.3369140625,0.5,0.5,0.5,0.336669921875,0.5,1.0,1.0,0.3369140625,1.0
499,independent_noop,790,835,True,1.0,01010101,0.5,0.5,0.336669921875,0.5,0.5,0.5,0.33642578125,0.5,1.0,1.0,0.336669921875,1.0
499,independent_noop,1024,1069,True,1.0,01010101,0.5,0.5,0.33935546875,0.5,0.5,0.5,0.3388671875,0.5,1.0,1.0,0.33935546875,1.0
499,independent_q_restore,0,45,True,0.500244140625,00001111,0.999755859375,0.999755859375,0.409423828125,0.999755859375,0.500244140625,0.5001220703125,0.240966796875,0.50018310546875,0.500244140625,0.500244140625,-0.0595703125,0.500244140625
499,independent_q_restore,1,46,True,0.49951171875,00001111,0.99853515625,0.998779296875,0.40576171875,0.9986572265625,0.50146484375,0.5009765625,0.251708984375,0.501220703125,0.49951171875,0.4999593098958333,-0.061279296875,0.49973551432291663
499,independent_q_restore,2,47,True,0.5,00001111,0.99755859375,0.9969482421875,0.40966796875,0.99725341796875,0.501953125,0.501708984375,0.267333984375,0.5018310546875,0.5,0.5000406901041666,-0.0556640625,0.5000203450520833
499,independent_q_restore,3,48,True,0.501220703125,00001111,0.993896484375,0.994140625,0.404052734375,0.9940185546875,0.503662109375,0.50323486328125,0.273193359375,0.503448486328125,0.501220703125,0.5004069010416666,-0.066650390625,0.5008138020833333
499,independent_q_restore,4,49,True,0.499755859375,00001111,0.990478515625,0.990478515625,0.40234375,0.990478515625,0.505615234375,0.50537109375,0.28515625,0.5054931640625,0.499755859375,0.5003255208333334,-0.062744140625,0.5000406901041667
499,independent_q_restore,5,50,True,0.500244140625,00001111,0.985107421875,0.9852294921875,0.40087890625,0.98516845703125,0.509033203125,0.5084228515625,0.294921875,0.50872802734375,0.500244140625,0.501953125,-0.070556640625,0.5010986328125
499,independent_q_restore,7,52,True,0.499267578125,00001111,0.966552734375,0.965576171875,0.40380859375,0.966064453125,0.522216796875,0.52142333984375,0.307861328125,0.521820068359375,0.499267578125,0.5017496744791666,-0.0732421875,0.5005086263020833
499,independent_q_restore,9,54,True,0.494873046875,00001111,0.957275390625,0.95703125,0.3994140625,0.9571533203125,0.532958984375,0.53173828125,0.318115234375,0.5323486328125,0.494873046875,0.5004475911458334,-0.077880859375,0.4976603190104167
499,independent_q_restore,13,58,True,0.502685546875,00001111,0.908447265625,0.905517578125,0.399658203125,0.906982421875,0.576416015625,0.57513427734375,0.34619140625,0.575775146484375,0.502685546875,0.5042724609375,-0.07421875,0.50347900390625
499,independent_q_restore,17,62,True,0.509521484375,00000111,0.772705078125,0.7706298828125,0.400390625,0.77166748046875,0.689697265625,0.687744140625,0.372802734375,0.688720703125,0.509521484375,0.5091959635416666,-0.079345703125,0.5093587239583333
499,independent_q_restore,24,69,True,0.499267578125,00110011,0.552490234375,0.5611572265625,0.397216796875,0.55682373046875,0.851806640625,0.8485107421875,0.390380859375,0.85015869140625,0.499267578125,0.5054117838541666,-0.071044921875,0.5023396809895833
499,independent_q_restore,33,78,True,0.49755859375,00110011,0.494140625,0.494140625,0.385009765625,0.494140625,0.97265625,0.9752197265625,0.384521484375,0.97393798828125,0.49755859375,0.498291015625,-0.076416015625,0.4979248046875
499,independent_q_restore,45,90,True,0.5,00110011,0.5,0.5,0.36083984375,0.5,1.0,1.0,0.36083984375,1.0,0.5,0.5,-0.093017578125,0.5
499,independent_q_restore,62,107,True,0.5,00110011,0.5,0.5,0.32666015625,0.5,1.0,1.0,0.3271484375,1.0,0.5,0.5,-0.079833984375,0.5
499,independent_q_restore,85,130,True,0.5,00110011,0.5,0.5,0.32421875,0.5,1.0,1.0,0.324462890625,1.0,0.5,0.5,0.01416015625,0.5
499,independent_q_restore,117,162,True,0.5126953125,00110011,0.50537109375,0.50390625,0.307373046875,0.504638671875,0.9873046875,0.9874267578125,0.3076171875,0.98736572265625,0.5126953125,0.5129801432291666,0.164306640625,0.5128377278645833
499,independent_q_restore,128,173,True,0.536865234375,00110011,0.511962890625,0.509765625,0.314697265625,0.5108642578125,0.963134765625,0.96270751953125,0.314697265625,0.962921142578125,0.536865234375,0.5375569661458334,0.2294921875,0.5372111002604167
499,independent_q_restore,161,206,True,0.710205078125,00110011,0.507080078125,0.5084228515625,0.3173828125,0.50775146484375,0.789794921875,0.786865234375,0.3173828125,0.788330078125,0.710205078125,0.71240234375,0.31640625,0.7113037109375
499,independent_q_restore,222,267,True,1.0,01010101,0.5,0.5,0.294921875,0.5,0.5,0.5,0.2939453125,0.5,1.0,1.0,0.295166015625,1.0
499,independent_q_restore,304,349,True,1.0,01010101,0.5,0.5,0.29150390625,0.5,0.5,0.5,0.2890625,0.5,1.0,1.0,0.29150390625,1.0
499,independent_q_restore,418,463,True,1.0,01010101,0.5,0.5,0.29248046875,0.5,0.5,0.5,0.2900390625,0.5,1.0,1.0,0.29248046875,1.0
499,independent_q_restore,575,620,True,1.0,01010101,0.5,0.5,0.29345703125,0.5,0.5,0.5,0.291259765625,0.5,1.0,1.0,0.29345703125,1.0
499,independent_q_restore,790,835,True,1.0,01010101,0.5,0.5,0.2958984375,0.5,0.5,0.5,0.293701171875,0.5,1.0,1.0,0.2958984375,1.0
499,independent_q_restore,1024,1069,True,1.0,01010101,0.5,0.5,0.2939453125,0.5,0.5,0.5,0.291748046875,0.5,1.0,1.0,0.2939453125,1.0
499,independent_padding_sham,0,45,True,0.4990234375,00001111,0.99072265625,0.990478515625,0.396484375,0.9906005859375,0.50927734375,0.50909423828125,0.2919921875,0.509185791015625,0.4990234375,0.5,-0.087158203125,0.49951171875
499,independent_padding_sham,1,46,True,0.49951171875,00001111,0.98681640625,0.9857177734375,0.400146484375,0.98626708984375,0.51318359375,0.5137939453125,0.30908203125,0.51348876953125,0.49951171875,0.5006103515625,-0.079345703125,0.50006103515625
499,independent_padding_sham,2,47,True,0.497802734375,00001111,0.980712890625,0.98095703125,0.3935546875,0.9808349609375,0.519287109375,0.518798828125,0.310302734375,0.51904296875,0.497802734375,0.4996744791666667,-0.08251953125,0.49873860677083337
499,independent_padding_sham,3,48,True,0.498046875,00001111,0.97265625,0.97216796875,0.3916015625,0.972412109375,0.52685546875,0.5264892578125,0.3203125,0.52667236328125,0.498046875,0.4997151692708333,-0.082275390625,0.49888102213541663
499,independent_padding_sham,4,49,True,0.496826171875,00001111,0.962158203125,0.9619140625,0.39404296875,0.9620361328125,0.536865234375,0.53582763671875,0.328857421875,0.536346435546875,0.496826171875,0.5001627604166666,-0.082763671875,0.4984944661458333
499,independent_padding_sham,5,50,True,0.499267578125,00001111,0.953857421875,0.9517822265625,0.39208984375,0.95281982421875,0.545166015625,0.5457763671875,0.333251953125,0.54547119140625,0.499267578125,0.501708984375,-0.08349609375,0.50048828125
499,independent_padding_sham,7,52,True,0.500732421875,00001111,0.917236328125,0.915283203125,0.386962890625,0.916259765625,0.581298828125,0.57989501953125,0.34033203125,0.580596923828125,0.500732421875,0.5012613932291666,-0.08935546875,0.5009969075520833
499,independent_padding_sham,9,54,True,0.504150390625,00001111,0.881103515625,0.8797607421875,0.37890625,0.88043212890625,0.617919921875,0.61370849609375,0.344482421875,0.615814208984375,0.504150390625,0.50244140625,-0.104736328125,0.5032958984375
499,independent_padding_sham,13,58,True,0.50048828125,00011111,0.7724609375,0.7686767578125,0.389892578125,0.77056884765625,0.72509765625,0.72174072265625,0.375732421875,0.723419189453125,0.50048828125,0.5024007161458334,-0.1015625,0.5014444986979167
499,independent_padding_sham,17,62,True,0.501708984375,00110011,0.644287109375,0.6439208984375,0.390380859375,0.64410400390625,0.849853515625,0.84320068359375,0.386962890625,0.846527099609375,0.501708984375,0.503662109375,-0.099609375,0.502685546875
499,independent_padding_sham,24,69,True,0.497314453125,00110011,0.526123046875,0.528564453125,0.3828125,0.52734375,0.966064453125,0.9669189453125,0.3828125,0.96649169921875,0.497314453125,0.5006510416666666,-0.104248046875,0.4989827473958333
499,independent_padding_sham,33,78,True,0.5,00110011,0.5,0.5,0.35791015625,0.5,1.0,0.99981689453125,0.358154296875,0.999908447265625,0.5,0.4999593098958333,-0.128173828125,0.49997965494791663
499,independent_padding_sham,45,90,True,0.5,00110011,0.5,0.5,0.339599609375,0.5,1.0,1.0,0.34033203125,1.0,0.5,0.5,-0.135498046875,0.5
499,independent_padding_sham,62,107,True,0.5,00110011,0.5,0.5,0.333984375,0.5,1.0,1.0,0.334716796875,1.0,0.5,0.5,-0.099853515625,0.5
499,independent_padding_sham,85,130,True,0.5,00110011,0.5,0.5,0.3359375,0.5,1.0,1.0,0.3369140625,1.0,0.5,0.5,-0.03955078125,0.5
499,independent_padding_sham,117,162,True,0.51220703125,00110011,0.5048828125,0.5032958984375,0.332275390625,0.50408935546875,0.98779296875,0.988525390625,0.3330078125,0.9881591796875,0.51220703125,0.5122884114583334,0.055419921875,0.5122477213541667
499,independent_padding_sham,128,173,True,0.514892578125,00110011,0.505126953125,0.5023193359375,0.34521484375,0.50372314453125,0.985107421875,0.98565673828125,0.34716796875,0.985382080078125,0.514892578125,0.5147298177083334,0.11181640625,0.5148111979166667
499,independent_padding_sham,161,206,True,0.57275390625,00110011,0.505859375,0.5067138671875,0.337158203125,0.50628662109375,0.92724609375,0.92645263671875,0.337646484375,0.926849365234375,0.57275390625,0.5731201171875,0.23876953125,0.57293701171875
499,independent_padding_sham,222,267,True,0.94091796875,01010101,0.4921875,0.4964599609375,0.28857421875,0.49432373046875,0.55908203125,0.559326171875,0.2890625,0.5592041015625,0.94091796875,0.9429117838541667,0.2890625,0.9419148763020834
499,independent_padding_sham,304,349,True,1.0,01010101,0.5,0.5,0.317138671875,0.5,0.5,0.5,0.317626953125,0.5,1.0,1.0,0.317626953125,1.0
499,independent_padding_sham,418,463,True,1.0,01010101,0.5,0.5,0.3193359375,0.5,0.5,0.5,0.31982421875,0.5,1.0,1.0,0.31982421875,1.0
499,independent_padding_sham,575,620,True,1.0,01010101,0.5,0.5,0.31494140625,0.5,0.5,0.5,0.3154296875,0.5,1.0,1.0,0.31591796875,1.0
499,independent_padding_sham,790,835,True,1.0,01010101,0.5,0.5,0.3203125,0.5,0.5,0.5,0.320068359375,0.5,1.0,1.0,0.3212890625,1.0
499,independent_padding_sham,1024,1069,True,1.0,01010101,0.5,0.5,0.3212890625,0.5,0.5,0.5,0.321044921875,0.5,1.0,1.0,0.322265625,1.0
499,nested_noop,0,45,True,0.5,00001111,1.0,1.0,0.395263671875,1.0,0.5,0.5,0.176513671875,0.5,0.5,0.5000813802083334,-0.078125,0.5000406901041667
499,nested_noop,1,46,True,0.5,00001111,0.9990234375,0.9993896484375,0.39306640625,0.99920654296875,0.5009765625,0.50067138671875,0.181640625,0.500823974609375,0.5,0.5002034505208334,-0.08544921875,0.5001017252604167
499,nested_noop,2,47,True,0.49951171875,00001111,0.9970703125,0.9979248046875,0.39111328125,0.99749755859375,0.5029296875,0.502197265625,0.186767578125,0.5025634765625,0.49951171875,0.4999186197916667,-0.0810546875,0.49971516927083337
499,nested_noop,3,48,True,0.498779296875,00001111,0.993408203125,0.99365234375,0.388916015625,0.9935302734375,0.506103515625,0.5052490234375,0.1884765625,0.50567626953125,0.498779296875,0.4997151692708333,-0.082763671875,0.49924723307291663
499,nested_noop,4,49,True,0.498291015625,00001111,0.989013671875,0.9898681640625,0.38427734375,0.98944091796875,0.509521484375,0.5086669921875,0.194091796875,0.50909423828125,0.498291015625,0.499755859375,-0.087890625,0.4990234375
499,nested_noop,5,50,True,0.49755859375,00001111,0.982421875,0.98291015625,0.369140625,0.982666015625,0.51416015625,0.51385498046875,0.19140625,0.514007568359375,0.49755859375,0.4998372395833333,-0.106201171875,0.49869791666666663
499,nested_noop,7,52,True,0.4990234375,00001111,0.96044921875,0.960205078125,0.363037109375,0.9603271484375,0.53125,0.53021240234375,0.208740234375,0.530731201171875,0.4990234375,0.50146484375,-0.101806640625,0.500244140625
499,nested_noop,9,54,True,0.497314453125,00001111,0.947509765625,0.945556640625,0.363037109375,0.946533203125,0.543212890625,0.543212890625,0.24365234375,0.543212890625,0.497314453125,0.50146484375,-0.10009765625,0.4993896484375
499,nested_noop,13,58,True,0.498291015625,00001111,0.922119140625,0.9202880859375,0.36669921875,0.92120361328125,0.570556640625,0.567626953125,0.2900390625,0.569091796875,0.498291015625,0.501708984375,-0.09619140625,0.5
499,nested_noop,17,62,True,0.50341796875,00001111,0.85888671875,0.855712890625,0.394775390625,0.8572998046875,0.6357421875,0.63385009765625,0.35107421875,0.634796142578125,0.50341796875,0.5040690104166666,-0.067138671875,0.5037434895833333
499,nested_noop,24,69,True,0.498046875,00000011,0.66552734375,0.6644287109375,0.405517578125,0.66497802734375,0.7841796875,0.78265380859375,0.39404296875,0.783416748046875,0.498046875,0.5033772786458334,-0.04931640625,0.5007120768229167
499,nested_noop,33,78,True,0.49951171875,00110011,0.56884765625,0.5694580078125,0.393310546875,0.56915283203125,0.92919921875,0.92694091796875,0.393798828125,0.928070068359375,0.49951171875,0.505615234375,-0.068115234375,0.5025634765625
499,nested_noop,45,90,True,0.499267578125,00110011,0.500732421875,0.500732421875,0.3623046875,0.500732421875,0.999267578125,0.9991455078125,0.3623046875,0.99920654296875,0.499267578125,0.4996337890625,-0.080810546875,0.49945068359375
499,nested_noop,62,107,True,0.5,00110011,0.5,0.5,0.33251953125,0.5,1.0,1.0,0.33251953125,1.0,0.5,0.5,-0.10009765625,0.5
499,nested_noop,85,130,True,0.5,00110011,0.5,0.5,0.331787109375,0.5,1.0,1.0,0.331787109375,1.0,0.5,0.5,-0.025390625,0.5
499,nested_noop,117,162,True,0.507568359375,00110011,0.503662109375,0.5042724609375,0.3037109375,0.50396728515625,0.992431640625,0.99176025390625,0.3037109375,0.992095947265625,0.507568359375,0.5080159505208334,0.0986328125,0.5077921549479167
499,nested_noop,128,173,True,0.53369140625,00110011,0.5068359375,0.505859375,0.299560546875,0.50634765625,0.96630859375,0.96636962890625,0.299560546875,0.966339111328125,0.53369140625,0.5334879557291666,0.1376953125,0.5335896809895833
499,nested_noop,161,206,True,0.69873046875,00110011,0.5068359375,0.5076904296875,0.25390625,0.50726318359375,0.80126953125,0.79974365234375,0.25390625,0.800506591796875,0.69873046875,0.699462890625,0.231689453125,0.6990966796875
499,nested_noop,222,267,True,1.0,01010101,0.5,0.4998779296875,0.2373046875,0.49993896484375,0.5,0.5,0.237060546875,0.5,1.0,1.0,0.2373046875,1.0
499,nested_noop,304,349,True,1.0,01010101,0.5,0.5,0.23828125,0.5,0.5,0.5,0.238037109375,0.5,1.0,1.0,0.23828125,1.0
499,nested_noop,418,463,True,1.0,01010101,0.5,0.5,0.2392578125,0.5,0.5,0.5,0.239013671875,0.5,1.0,1.0,0.2392578125,1.0
499,nested_noop,575,620,True,1.0,01010101,0.5,0.5,0.23583984375,0.5,0.5,0.5,0.235595703125,0.5,1.0,1.0,0.23583984375,1.0
499,nested_noop,790,835,True,1.0,01010101,0.5,0.5,0.23828125,0.5,0.5,0.5,0.238037109375,0.5,1.0,1.0,0.23828125,1.0
499,nested_noop,1024,1069,True,1.0,01010101,0.5,0.5,0.238037109375,0.5,0.5,0.5,0.23779296875,0.5,1.0,1.0,0.238037109375,1.0
499,nested_q_transplant,0,45,True,0.5,00001111,0.99951171875,0.99951171875,0.381103515625,0.99951171875,0.50048828125,0.50030517578125,0.241455078125,0.500396728515625,0.5,0.5001627604166666,-0.09423828125,0.5000813802083333
499,nested_q_transplant,1,46,True,0.4990234375,00001111,0.99658203125,0.997314453125,0.38232421875,0.9969482421875,0.50341796875,0.50286865234375,0.245361328125,0.503143310546875,0.4990234375,0.4996337890625,-0.09521484375,0.49932861328125
499,nested_q_transplant,2,47,True,0.499267578125,00001111,0.994384765625,0.9947509765625,0.37890625,0.99456787109375,0.505615234375,0.5047607421875,0.248291015625,0.50518798828125,0.499267578125,0.5000813802083334,-0.102783203125,0.4996744791666667
499,nested_q_transplant,3,48,True,0.498291015625,00001111,0.990478515625,0.990234375,0.373779296875,0.9903564453125,0.509521484375,0.509033203125,0.2529296875,0.50927734375,0.498291015625,0.4997151692708333,-0.10595703125,0.49900309244791663
499,nested_q_transplant,4,49,True,0.500244140625,00001111,0.981689453125,0.9815673828125,0.368408203125,0.98162841796875,0.518310546875,0.5172119140625,0.257080078125,0.51776123046875,0.500244140625,0.5013427734375,-0.104248046875,0.50079345703125
499,nested_q_transplant,5,50,True,0.49853515625,00001111,0.97509765625,0.974365234375,0.36474609375,0.9747314453125,0.52392578125,0.5240478515625,0.265380859375,0.52398681640625,0.49853515625,0.4997965494791667,-0.10595703125,0.49916585286458337
499,nested_q_transplant,7,52,True,0.49658203125,00001111,0.95068359375,0.9490966796875,0.355224609375,0.94989013671875,0.54541015625,0.5447998046875,0.276611328125,0.54510498046875,0.49658203125,0.5008138020833334,-0.12255859375,0.4986979166666667
499,nested_q_transplant,9,54,True,0.4970703125,00001111,0.93017578125,0.927734375,0.3564453125,0.928955078125,0.56591796875,0.56390380859375,0.30078125,0.564910888671875,0.4970703125,0.5008951822916666,-0.113037109375,0.4989827473958333
499,nested_q_transplant,13,58,True,0.498779296875,00001111,0.878173828125,0.874267578125,0.3681640625,0.876220703125,0.620849609375,0.61627197265625,0.341552734375,0.618560791015625,0.498779296875,0.5012613932291666,-0.10400390625,0.5000203450520833
499,nested_q_transplant,17,62,True,0.501953125,00000011,0.771484375,0.76513671875,0.387939453125,0.768310546875,0.72705078125,0.72418212890625,0.377685546875,0.725616455078125,0.501953125,0.504638671875,-0.089111328125,0.5032958984375
499,nested_q_transplant,24,69,True,0.499267578125,00110011,0.609130859375,0.611083984375,0.391357421875,0.610107421875,0.885986328125,0.88067626953125,0.391357421875,0.883331298828125,0.499267578125,0.5034586588541666,-0.08251953125,0.5013631184895833
499,nested_q_transplant,33,78,True,0.500732421875,00110011,0.509521484375,0.5096435546875,0.36669921875,0.50958251953125,0.990478515625,0.99041748046875,0.36767578125,0.990447998046875,0.500732421875,0.5,-0.10888671875,0.5003662109375
499,nested_q_transplant,45,90,True,0.5,00110011,0.5,0.5,0.33984375,0.5,1.0,1.0,0.340087890625,1.0,0.5,0.5,-0.134521484375,0.5
499,nested_q_transplant,62,107,True,0.5,00110011,0.5,0.5,0.337158203125,0.5,1.0,1.0,0.337158203125,1.0,0.5,0.5,-0.111572265625,0.5
499,nested_q_transplant,85,130,True,0.5,00110011,0.5,0.5,0.339111328125,0.5,1.0,1.0,0.339111328125,1.0,0.5,0.5,-0.083740234375,0.5
499,nested_q_transplant,117,162,True,0.5,00110011,0.5,0.5,0.3251953125,0.5,1.0,0.99993896484375,0.325439453125,0.999969482421875,0.5,0.5,0.0048828125,0.5
499,nested_q_transplant,128,173,True,0.50390625,00110011,0.49951171875,0.5001220703125,0.3349609375,0.49981689453125,0.99609375,0.995849609375,0.335205078125,0.9959716796875,0.50390625,0.5041910807291666,0.04296875,0.5040486653645833
499,nested_q_transplant,161,206,True,0.609130859375,00110011,0.504150390625,0.5040283203125,0.30908203125,0.50408935546875,0.890869140625,0.89190673828125,0.309326171875,0.891387939453125,0.609130859375,0.6092936197916666,0.2021484375,0.6092122395833333
499,nested_q_transplant,222,267,True,0.974853515625,01010101,0.494873046875,0.496826171875,0.29052734375,0.495849609375,0.525146484375,0.525146484375,0.290771484375,0.525146484375,0.974853515625,0.9739176432291667,0.290771484375,0.9743855794270834
499,nested_q_transplant,304,349,True,1.0,01010101,0.5,0.5,0.254150390625,0.5,0.5,0.5,0.25341796875,0.5,1.0,1.0,0.25439453125,1.0
499,nested_q_transplant,418,463,True,1.0,01010101,0.5,0.5,0.2431640625,0.5,0.5,0.5,0.242431640625,0.5,1.0,1.0,0.243408203125,1.0
499,nested_q_transplant,575,620,True,1.0,01010101,0.5,0.5,0.23388671875,0.5,0.5,0.5,0.233154296875,0.5,1.0,1.0,0.234130859375,1.0
499,nested_q_transplant,790,835,True,1.0,01010101,0.5,0.5,0.232177734375,0.5,0.5,0.5,0.231201171875,0.5,1.0,1.0,0.232177734375,1.0
499,nested_q_transplant,1024,1069,True,1.0,01010101,0.5,0.5,0.234619140625,0.5,0.5,0.5,0.233642578125,0.5,1.0,1.0,0.234619140625,1.0
499,nested_padding_sham,0,45,True,0.5,00001111,1.0,1.0,0.40087890625,1.0,0.5,0.5,0.171875,0.5,0.5,0.5,-0.07177734375,0.5
499,nested_padding_sham,1,46,True,0.499755859375,00001111,0.999267578125,0.999267578125,0.396728515625,0.999267578125,0.500732421875,0.50048828125,0.176025390625,0.5006103515625,0.499755859375,0.5000406901041666,-0.07861328125,0.4998982747395833
499,nested_padding_sham,2,47,True,0.499755859375,00001111,0.997802734375,0.998046875,0.394775390625,0.9979248046875,0.502197265625,0.501708984375,0.18017578125,0.501953125,0.499755859375,0.5000406901041666,-0.085693359375,0.4998982747395833
499,nested_padding_sham,3,48,True,0.498779296875,00001111,0.994384765625,0.994384765625,0.384033203125,0.994384765625,0.505126953125,0.50396728515625,0.17822265625,0.504547119140625,0.498779296875,0.4997151692708333,-0.0927734375,0.49924723307291663
499,nested_padding_sham,4,49,True,0.49951171875,00001111,0.98974609375,0.990478515625,0.38330078125,0.9901123046875,0.50732421875,0.5072021484375,0.18603515625,0.50726318359375,0.49951171875,0.5002034505208334,-0.094482421875,0.4998575846354167
499,nested_padding_sham,5,50,True,0.4990234375,00001111,0.984375,0.985107421875,0.376708984375,0.9847412109375,0.51123046875,0.5118408203125,0.1953125,0.51153564453125,0.4990234375,0.5003662109375,-0.099365234375,0.49969482421875
499,nested_padding_sham,7,52,True,0.498779296875,00001111,0.962158203125,0.9603271484375,0.36083984375,0.96124267578125,0.529541015625,0.5291748046875,0.20947265625,0.52935791015625,0.498779296875,0.5001220703125,-0.104736328125,0.49945068359375
499,nested_padding_sham,9,54,True,0.49609375,00001111,0.943359375,0.9417724609375,0.3642578125,0.94256591796875,0.546875,0.544921875,0.246826171875,0.5458984375,0.49609375,0.5003662109375,-0.09814453125,0.49822998046875
499,nested_padding_sham,13,58,True,0.499267578125,00001111,0.920166015625,0.9171142578125,0.371826171875,0.91864013671875,0.572998046875,0.57025146484375,0.299560546875,0.571624755859375,0.499267578125,0.5029296875,-0.083251953125,0.5010986328125
499,nested_padding_sham,17,62,True,0.500244140625,00001111,0.862548828125,0.8572998046875,0.392333984375,0.85992431640625,0.629150390625,0.630615234375,0.351806640625,0.6298828125,0.500244140625,0.5041097005208334,-0.0673828125,0.5021769205729167
499,nested_padding_sham,24,69,True,0.4970703125,00000011,0.67138671875,0.6688232421875,0.4091796875,0.67010498046875,0.77978515625,0.7781982421875,0.396240234375,0.77899169921875,0.4970703125,0.5046793619791666,-0.0419921875,0.5008748372395833
499,nested_padding_sham,33,78,True,0.502197265625,00110011,0.566650390625,0.5667724609375,0.383544921875,0.56671142578125,0.930419921875,0.92938232421875,0.383544921875,0.929901123046875,0.502197265625,0.5060221354166666,-0.07666015625,0.5041097005208333
499,nested_padding_sham,45,90,True,0.5,00110011,0.5009765625,0.5006103515625,0.37255859375,0.50079345703125,0.9990234375,0.9990234375,0.37255859375,0.9990234375,0.5,0.4999593098958333,-0.079345703125,0.49997965494791663
499,nested_padding_sham,62,107,True,0.5,00110011,0.5,0.5,0.33642578125,0.5,1.0,1.0,0.33642578125,1.0,0.5,0.5,-0.101806640625,0.5
499,nested_padding_sham,85,130,True,0.5,00110011,0.5,0.5,0.34130859375,0.5,1.0,1.0,0.34130859375,1.0,0.5,0.5,-0.046630859375,0.5
499,nested_padding_sham,117,162,True,0.50146484375,00110011,0.5009765625,0.50146484375,0.324951171875,0.501220703125,0.99853515625,0.99835205078125,0.324951171875,0.998443603515625,0.50146484375,0.5011393229166666,0.082275390625,0.5013020833333333
499,nested_padding_sham,128,173,True,0.51904296875,00110011,0.50244140625,0.501953125,0.319091796875,0.502197265625,0.98095703125,0.980224609375,0.319091796875,0.9805908203125,0.51904296875,0.5198160807291666,0.112060546875,0.5194295247395833
499,nested_padding_sham,161,206,True,0.6806640625,00110011,0.505859375,0.5079345703125,0.2802734375,0.50689697265625,0.8193359375,0.817626953125,0.280029296875,0.8184814453125,0.6806640625,0.6813557942708334,0.218017578125,0.6810099283854167
499,nested_padding_sham,222,267,True,0.998291015625,01010101,0.500732421875,0.4996337890625,0.244873046875,0.50018310546875,0.501708984375,0.501708984375,0.24462890625,0.501708984375,0.998291015625,0.9984537760416667,0.244873046875,0.9983723958333334
499,nested_padding_sham,304,349,True,1.0,01010101,0.5,0.5,0.247802734375,0.5,0.5,0.5,0.24755859375,0.5,1.0,1.0,0.247802734375,1.0
499,nested_padding_sham,418,463,True,1.0,01010101,0.5,0.5,0.2578125,0.5,0.5,0.5,0.257568359375,0.5,1.0,1.0,0.2578125,1.0
499,nested_padding_sham,575,620,True,1.0,01010101,0.5,0.5,0.2587890625,0.5,0.5,0.5,0.258544921875,0.5,1.0,1.0,0.2587890625,1.0
499,nested_padding_sham,790,835,True,1.0,01010101,0.5,0.5,0.2607421875,0.5,0.5,0.5,0.260498046875,0.5,1.0,1.0,0.2607421875,1.0
499,nested_padding_sham,1024,1069,True,1.0,01010101,0.5,0.5,0.261474609375,0.5,0.5,0.5,0.26123046875,0.5,1.0,1.0,0.261474609375,1.0
503,independent_noop,0,45,True,0.502685546875,00001111,0.994384765625,0.9937744140625,0.396484375,0.99407958984375,0.505615234375,0.5069580078125,0.3837890625,0.50628662109375,0.502685546875,0.501708984375,-0.074462890625,0.502197265625
503,independent_noop,1,46,True,0.505126953125,00001111,0.989501953125,0.9893798828125,0.3935546875,0.98944091796875,0.510498046875,0.5118408203125,0.38525390625,0.51116943359375,0.505126953125,0.5027262369791666,-0.0771484375,0.5039265950520833
503,independent_noop,2,47,True,0.505126953125,00001111,0.986572265625,0.9853515625,0.39111328125,0.9859619140625,0.513427734375,0.5152587890625,0.384521484375,0.51434326171875,0.505126953125,0.5027262369791666,-0.081787109375,0.5039265950520833
503,independent_noop,3,48,True,0.502197265625,00001111,0.972900390625,0.97412109375,0.392578125,0.9735107421875,0.527099609375,0.5257568359375,0.38720703125,0.52642822265625,0.502197265625,0.5015462239583334,-0.073974609375,0.5018717447916667
503,independent_noop,4,49,True,0.503662109375,00001111,0.961181640625,0.96044921875,0.39208984375,0.9608154296875,0.538818359375,0.53857421875,0.388427734375,0.5386962890625,0.503662109375,0.50244140625,-0.071533203125,0.5030517578125
503,independent_noop,5,50,True,0.5009765625,00001111,0.9423828125,0.9405517578125,0.390380859375,0.94146728515625,0.5576171875,0.55816650390625,0.387451171875,0.557891845703125,0.5009765625,0.5015869140625,-0.069091796875,0.50128173828125
503,independent_noop,7,52,True,0.499755859375,00001111,0.878662109375,0.876708984375,0.393310546875,0.877685546875,0.621337890625,0.61932373046875,0.390625,0.620330810546875,0.499755859375,0.5028076171875,-0.0703125,0.50128173828125
503,independent_noop,9,54,True,0.50390625,00001111,0.7802734375,0.781494140625,0.389404296875,0.7808837890625,0.7197265625,0.7138671875,0.388427734375,0.716796875,0.50390625,0.5064697265625,-0.07080078125,0.50518798828125
503,independent_noop,13,58,True,0.50634765625,00110011,0.625,0.62353515625,0.379638671875,0.624267578125,0.87255859375,0.86956787109375,0.380126953125,0.871063232421875,0.50634765625,0.5050862630208334,-0.073486328125,0.5057169596354167
503,independent_noop,17,62,True,0.50244140625,00110011,0.55078125,0.5511474609375,0.370849609375,0.55096435546875,0.94580078125,0.94268798828125,0.371337890625,0.944244384765625,0.50244140625,0.5033365885416666,-0.082275390625,0.5028889973958333
503,independent_noop,24,69,True,0.500244140625,00110011,0.503173828125,0.503662109375,0.36474609375,0.50341796875,0.996826171875,0.99627685546875,0.365478515625,0.996551513671875,0.500244140625,0.500244140625,-0.079345703125,0.500244140625
503,independent_noop,33,78,True,0.5,00110011,0.5,0.5,0.358154296875,0.5,1.0,1.0,0.35888671875,1.0,0.5,0.5,-0.0576171875,0.5
503,independent_noop,45,90,True,0.5,00110011,0.5,0.5,0.346923828125,0.5,1.0,1.0,0.348388671875,1.0,0.5,0.5,-0.019287109375,0.5
503,independent_noop,62,107,True,0.5,00110011,0.5,0.5,0.346435546875,0.5,1.0,1.0,0.3486328125,1.0,0.5,0.5,0.044189453125,0.5
503,independent_noop,85,130,True,0.5009765625,00110011,0.49951171875,0.49951171875,0.328857421875,0.49951171875,0.9990234375,0.99920654296875,0.33056640625,0.999114990234375,0.5009765625,0.5006917317708334,0.088134765625,0.5008341471354167
503,independent_noop,117,162,True,0.52392578125,00110011,0.49609375,0.4989013671875,0.30859375,0.49749755859375,0.97607421875,0.97760009765625,0.310791015625,0.976837158203125,0.52392578125,0.5228271484375,0.192626953125,0.52337646484375
503,independent_noop,128,173,True,0.5693359375,00110011,0.4921875,0.4918212890625,0.293212890625,0.49200439453125,0.9306640625,0.9306640625,0.29638671875,0.9306640625,0.5693359375,0.568603515625,0.222412109375,0.5689697265625
503,independent_noop,161,206,True,0.81103515625,01010101,0.49609375,0.498046875,0.271728515625,0.4970703125,0.68896484375,0.68328857421875,0.27587890625,0.686126708984375,0.81103515625,0.8121744791666667,0.274658203125,0.8116048177083334
503,independent_noop,222,267,True,1.0,01010101,0.5,0.5,0.264892578125,0.5,0.5,0.5,0.26953125,0.5,1.0,1.0,0.269775390625,1.0
503,independent_noop,304,349,True,1.0,01010101,0.5,0.5,0.26953125,0.5,0.5,0.5,0.2744140625,0.5,1.0,1.0,0.274658203125,1.0
503,independent_noop,418,463,True,1.0,01010101,0.5,0.5,0.267822265625,0.5,0.5,0.5,0.2724609375,0.5,1.0,1.0,0.27294921875,1.0
503,independent_noop,575,620,True,1.0,01010101,0.5,0.5,0.26806640625,0.5,0.5,0.5,0.272705078125,0.5,1.0,1.0,0.273193359375,1.0
503,independent_noop,790,835,True,1.0,01010101,0.5,0.5,0.266845703125,0.5,0.5,0.5,0.271240234375,0.5,1.0,1.0,0.27197265625,1.0
503,independent_noop,1024,1069,True,1.0,01010101,0.5,0.5,0.26806640625,0.5,0.5,0.5,0.2724609375,0.5,1.0,1.0,0.273193359375,1.0
503,independent_q_restore,0,45,True,0.50048828125,00001111,0.99951171875,0.999755859375,0.412353515625,0.9996337890625,0.50048828125,0.5003662109375,0.30419921875,0.50042724609375,0.50048828125,0.5002848307291666,-0.05322265625,0.5003865559895833
503,independent_q_restore,1,46,True,0.500732421875,00001111,0.999267578125,0.9996337890625,0.4111328125,0.99945068359375,0.500732421875,0.50054931640625,0.310546875,0.500640869140625,0.500732421875,0.5004475911458334,-0.059814453125,0.5005900065104167
503,independent_q_restore,2,47,True,0.5009765625,00001111,0.9990234375,0.9993896484375,0.408447265625,0.99920654296875,0.5009765625,0.50067138671875,0.31787109375,0.500823974609375,0.5009765625,0.5005289713541666,-0.058837890625,0.5007527669270833
503,independent_q_restore,3,48,True,0.500244140625,00001111,0.998779296875,0.999267578125,0.41015625,0.9990234375,0.501220703125,0.5009765625,0.328369140625,0.5010986328125,0.500244140625,0.5003255208333334,-0.05908203125,0.5002848307291667
503,independent_q_restore,4,49,True,0.5009765625,00001111,0.9970703125,0.997314453125,0.41259765625,0.9971923828125,0.5029296875,0.5029296875,0.33740234375,0.5029296875,0.5009765625,0.5005289713541666,-0.052001953125,0.5007527669270833
503,independent_q_restore,5,50,True,0.5009765625,00001111,0.99560546875,0.99560546875,0.413330078125,0.99560546875,0.50439453125,0.50457763671875,0.344482421875,0.504486083984375,0.5009765625,0.500732421875,-0.052734375,0.5008544921875
503,independent_q_restore,7,52,True,0.500244140625,00001111,0.983642578125,0.9832763671875,0.420654296875,0.98345947265625,0.516357421875,0.515869140625,0.368408203125,0.51611328125,0.500244140625,0.4999593098958333,-0.03515625,0.5001017252604166
503,independent_q_restore,9,54,True,0.50146484375,00001111,0.95556640625,0.951904296875,0.42138671875,0.9537353515625,0.54296875,0.5421142578125,0.3798828125,0.54254150390625,0.50146484375,0.50341796875,-0.03369140625,0.50244140625
503,independent_q_restore,13,58,True,0.50537109375,00011111,0.81103515625,0.81103515625,0.413818359375,0.81103515625,0.6669921875,0.66131591796875,0.39111328125,0.664154052734375,0.50537109375,0.5051676432291666,-0.030029296875,0.5052693684895833
503,independent_q_restore,17,62,True,0.513427734375,00110011,0.658447265625,0.6605224609375,0.40380859375,0.65948486328125,0.798095703125,0.79132080078125,0.393798828125,0.794708251953125,0.513427734375,0.511474609375,-0.023193359375,0.512451171875
503,independent_q_restore,24,69,True,0.5126953125,00110011,0.5302734375,0.5308837890625,0.3876953125,0.53057861328125,0.91748046875,0.91497802734375,0.387451171875,0.916229248046875,0.5126953125,0.5115966796875,-0.00830078125,0.51214599609375
503,independent_q_restore,33,78,True,0.5,00110011,0.498046875,0.498779296875,0.3759765625,0.4984130859375,0.9931640625,0.9935302734375,0.376220703125,0.99334716796875,0.5,0.5006103515625,0.01904296875,0.50030517578125
503,independent_q_restore,45,90,True,0.5,00110011,0.5,0.5,0.354736328125,0.5,1.0,1.0,0.35546875,1.0,0.5,0.5,0.029296875,0.5
503,independent_q_restore,62,107,True,0.5,00110011,0.5,0.5,0.3505859375,0.5,1.0,1.0,0.35107421875,1.0,0.5,0.5,0.06689453125,0.5
503,independent_q_restore,85,130,True,0.501220703125,00110011,0.498779296875,0.4989013671875,0.33642578125,0.49884033203125,0.998779296875,0.998779296875,0.3369140625,0.998779296875,0.501220703125,0.5013834635416666,0.115234375,0.5013020833333333
503,independent_q_restore,117,162,True,0.52099609375,00110011,0.498046875,0.5001220703125,0.3271484375,0.49908447265625,0.97900390625,0.98089599609375,0.330078125,0.979949951171875,0.52099609375,0.5201416015625,0.22705078125,0.52056884765625
503,independent_q_restore,128,173,True,0.564697265625,00110011,0.497314453125,0.4954833984375,0.318603515625,0.49639892578125,0.935302734375,0.935791015625,0.321533203125,0.935546875,0.564697265625,0.5640055338541666,0.27783203125,0.5643513997395833
503,independent_q_restore,161,206,True,0.8408203125,01010101,0.49462890625,0.4974365234375,0.327880859375,0.49603271484375,0.6591796875,0.655517578125,0.331298828125,0.6573486328125,0.8408203125,0.8402506510416667,0.33056640625,0.8405354817708334
503,independent_q_restore,222,267,True,1.0,01010101,0.5,0.5,0.34765625,0.5,0.5,0.5,0.3486328125,0.5,1.0,1.0,0.350341796875,1.0
503,independent_q_restore,304,349,True,1.0,01010101,0.5,0.5,0.355224609375,0.5,0.5,0.5,0.35595703125,0.5,1.0,1.0,0.35791015625,1.0
503,independent_q_restore,418,463,True,1.0,01010101,0.5,0.5,0.36083984375,0.5,0.5,0.5,0.360595703125,0.5,1.0,1.0,0.36376953125,1.0
503,independent_q_restore,575,620,True,1.0,01010101,0.5,0.5,0.361328125,0.5,0.5,0.5,0.361572265625,0.5,1.0,1.0,0.36474609375,1.0
503,independent_q_restore,790,835,True,1.0,01010101,0.5,0.5,0.36181640625,0.5,0.5,0.5,0.3603515625,0.5,1.0,1.0,0.364501953125,1.0
503,independent_q_restore,1024,1069,True,1.0,01010101,0.5,0.5,0.362060546875,0.5,0.5,0.5,0.36083984375,0.5,1.0,1.0,0.36474609375,1.0
503,independent_padding_sham,0,45,True,0.500244140625,00001111,0.981689453125,0.984130859375,0.394287109375,0.98291015625,0.518310546875,0.5174560546875,0.3671875,0.51788330078125,0.500244140625,0.5005289713541666,-0.08056640625,0.5003865559895833
503,independent_padding_sham,1,46,True,0.499267578125,00001111,0.975341796875,0.977294921875,0.388671875,0.976318359375,0.524658203125,0.5228271484375,0.36572265625,0.52374267578125,0.499267578125,0.5003255208333334,-0.091552734375,0.4997965494791667
503,independent_padding_sham,2,47,True,0.49853515625,00001111,0.96923828125,0.9713134765625,0.389892578125,0.97027587890625,0.53076171875,0.53021240234375,0.372314453125,0.530487060546875,0.49853515625,0.4998372395833333,-0.088134765625,0.49918619791666663
503,independent_padding_sham,3,48,True,0.4970703125,00001111,0.95947265625,0.9613037109375,0.3916015625,0.96038818359375,0.54052734375,0.53875732421875,0.3779296875,0.539642333984375,0.4970703125,0.4995930989583333,-0.08154296875,0.49833170572916663
503,independent_padding_sham,4,49,True,0.49853515625,00001111,0.9443359375,0.945068359375,0.38623046875,0.9447021484375,0.5556640625,0.5540771484375,0.37646484375,0.55487060546875,0.49853515625,0.500244140625,-0.08349609375,0.4993896484375
503,independent_padding_sham,5,50,True,0.49853515625,00001111,0.9248046875,0.9268798828125,0.386962890625,0.92584228515625,0.5751953125,0.573486328125,0.379150390625,0.5743408203125,0.49853515625,0.5006103515625,-0.082763671875,0.49957275390625
503,independent_padding_sham,7,52,True,0.501953125,00001111,0.8681640625,0.871337890625,0.385009765625,0.8697509765625,0.6318359375,0.62847900390625,0.379638671875,0.630157470703125,0.501953125,0.5022786458333334,-0.08544921875,0.5021158854166667
503,independent_padding_sham,9,54,True,0.50390625,00001111,0.7958984375,0.8004150390625,0.384033203125,0.79815673828125,0.70361328125,0.69805908203125,0.38134765625,0.700836181640625,0.50390625,0.5047200520833334,-0.08447265625,0.5043131510416667
503,independent_padding_sham,13,58,True,0.505859375,00110011,0.65380859375,0.657470703125,0.37939453125,0.6556396484375,0.83837890625,0.829833984375,0.37939453125,0.8341064453125,0.505859375,0.5049641927083334,-0.081298828125,0.5054117838541667
503,independent_padding_sham,17,62,True,0.501220703125,00110011,0.569091796875,0.5706787109375,0.3701171875,0.56988525390625,0.920166015625,0.916259765625,0.3720703125,0.918212890625,0.501220703125,0.5033365885416666,-0.08642578125,0.5022786458333333
503,independent_padding_sham,24,69,True,0.501708984375,00110011,0.507568359375,0.5069580078125,0.366455078125,0.50726318359375,0.990966796875,0.9910888671875,0.37109375,0.99102783203125,0.501708984375,0.5014241536458334,-0.064208984375,0.5015665690104167
503,independent_padding_sham,33,78,True,0.5,00110011,0.5,0.5,0.3603515625,0.5,1.0,1.0,0.3642578125,1.0,0.5,0.5,-0.047119140625,0.5
503,independent_padding_sham,45,90,True,0.5,00110011,0.5,0.5,0.34521484375,0.5,1.0,1.0,0.348876953125,1.0,0.5,0.5,-0.0283203125,0.5
503,independent_padding_sham,62,107,True,0.5,00110011,0.5,0.5,0.34033203125,0.5,1.0,1.0,0.344970703125,1.0,0.5,0.5,0.038330078125,0.5
503,independent_padding_sham,85,130,True,0.5009765625,00110011,0.49951171875,0.49951171875,0.327880859375,0.49951171875,0.9990234375,0.99908447265625,0.33251953125,0.999053955078125,0.5009765625,0.5008138020833334,0.069580078125,0.5008951822916667
503,independent_padding_sham,117,162,True,0.52490234375,00110011,0.4970703125,0.4986572265625,0.308837890625,0.49786376953125,0.97509765625,0.97607421875,0.311767578125,0.9755859375,0.52490234375,0.5246175130208334,0.193603515625,0.5247599283854167
503,independent_padding_sham,128,173,True,0.562255859375,00110011,0.494873046875,0.494140625,0.29248046875,0.4945068359375,0.937744140625,0.93695068359375,0.297119140625,0.937347412109375,0.562255859375,0.5626220703125,0.241943359375,0.56243896484375
503,independent_padding_sham,161,206,True,0.811767578125,01010101,0.491943359375,0.494384765625,0.319091796875,0.4931640625,0.688232421875,0.685546875,0.3251953125,0.6868896484375,0.811767578125,0.8131510416666667,0.32080078125,0.8124593098958334
503,independent_padding_sham,222,267,True,0.999755859375,01010101,0.500244140625,0.5001220703125,0.3447265625,0.50018310546875,0.500244140625,0.5001220703125,0.351806640625,0.50018310546875,0.999755859375,0.9998779296875,0.351806640625,0.99981689453125
503,independent_padding_sham,304,349,True,1.0,01010101,0.5,0.5,0.338623046875,0.5,0.5,0.5,0.345947265625,0.5,1.0,1.0,0.34619140625,1.0
503,independent_padding_sham,418,463,True,1.0,01010101,0.5,0.5,0.330078125,0.5,0.5,0.5,0.337890625,0.5,1.0,1.0,0.338134765625,1.0
503,independent_padding_sham,575,620,True,1.0,01010101,0.5,0.5,0.323486328125,0.5,0.5,0.5,0.330078125,0.5,1.0,1.0,0.330810546875,1.0
503,independent_padding_sham,790,835,True,1.0,01010101,0.5,0.5,0.3193359375,0.5,0.5,0.5,0.326416015625,0.5,1.0,1.0,0.32763671875,1.0
503,independent_padding_sham,1024,1069,True,1.0,01010101,0.5,0.5,0.317626953125,0.5,0.5,0.5,0.32470703125,0.5,1.0,1.0,0.326171875,1.0
503,nested_noop,0,45,True,0.501220703125,00001111,0.998779296875,0.9990234375,0.417724609375,0.9989013671875,0.501220703125,0.50067138671875,0.230224609375,0.500946044921875,0.501220703125,0.5008544921875,-0.052490234375,0.50103759765625
503,nested_noop,1,46,True,0.50146484375,00001111,0.99853515625,0.9989013671875,0.412841796875,0.99871826171875,0.50146484375,0.5008544921875,0.225830078125,0.50115966796875,0.50146484375,0.5010579427083334,-0.053955078125,0.5012613932291667
503,nested_noop,2,47,True,0.50146484375,00001111,0.99853515625,0.9989013671875,0.413818359375,0.99871826171875,0.50146484375,0.5008544921875,0.231689453125,0.50115966796875,0.50146484375,0.5008951822916666,-0.054443359375,0.5011800130208333
503,nested_noop,3,48,True,0.50146484375,00001111,0.998046875,0.99853515625,0.41015625,0.998291015625,0.501953125,0.501220703125,0.233642578125,0.5015869140625,0.50146484375,0.5009765625,-0.054931640625,0.501220703125
503,nested_noop,4,49,True,0.501220703125,00001111,0.996826171875,0.9971923828125,0.409423828125,0.99700927734375,0.503173828125,0.5023193359375,0.241455078125,0.50274658203125,0.501220703125,0.5009358723958334,-0.052978515625,0.5010782877604167
503,nested_noop,5,50,True,0.501708984375,00001111,0.995361328125,0.9954833984375,0.40869140625,0.99542236328125,0.504638671875,0.5042724609375,0.249267578125,0.50445556640625,0.501708984375,0.5015055338541666,-0.056640625,0.5016072591145833
503,nested_noop,7,52,True,0.50146484375,00001111,0.990234375,0.9893798828125,0.410888671875,0.98980712890625,0.509765625,0.50994873046875,0.2763671875,0.509857177734375,0.50146484375,0.501708984375,-0.054443359375,0.5015869140625
503,nested_noop,9,54,True,0.501708984375,00001111,0.975341796875,0.974853515625,0.408447265625,0.97509765625,0.523681640625,0.52349853515625,0.2998046875,0.523590087890625,0.501708984375,0.5021565755208334,-0.052978515625,0.5019327799479167
503,nested_noop,13,58,True,0.501220703125,00001111,0.908447265625,0.90625,0.391357421875,0.9073486328125,0.582275390625,0.580810546875,0.325439453125,0.58154296875,0.501220703125,0.5050862630208334,-0.067138671875,0.5031534830729167
503,nested_noop,17,62,True,0.50927734375,00111111,0.8037109375,0.8045654296875,0.373046875,0.80413818359375,0.66845703125,0.66253662109375,0.329345703125,0.665496826171875,0.50927734375,0.5099283854166666,-0.0732421875,0.5096028645833333
503,nested_noop,24,69,True,0.51220703125,00110011,0.6455078125,0.6441650390625,0.36962890625,0.64483642578125,0.82177734375,0.81646728515625,0.361572265625,0.819122314453125,0.51220703125,0.5120035807291666,-0.067626953125,0.5121053059895833
503,nested_noop,33,78,True,0.50927734375,00110011,0.55078125,0.5517578125,0.36279296875,0.55126953125,0.93505859375,0.932861328125,0.368896484375,0.9339599609375,0.50927734375,0.5108235677083334,-0.04248046875,0.5100504557291667
503,nested_noop,45,90,True,0.499755859375,00110011,0.500244140625,0.5001220703125,0.326904296875,0.50018310546875,0.999755859375,0.99981689453125,0.330322265625,0.999786376953125,0.499755859375,0.4999186197916667,-0.027099609375,0.49983723958333337
503,nested_noop,62,107,True,0.5,00110011,0.5,0.5,0.314208984375,0.5,1.0,1.0,0.315185546875,1.0,0.5,0.5,0.02587890625,0.5
503,nested_noop,85,130,True,0.501220703125,00110011,0.498779296875,0.499267578125,0.3115234375,0.4990234375,0.998779296875,0.99896240234375,0.312744140625,0.998870849609375,0.501220703125,0.5009358723958334,0.096923828125,0.5010782877604167
503,nested_noop,117,162,True,0.52099609375,00110011,0.49951171875,0.502197265625,0.313720703125,0.5008544921875,0.97900390625,0.9786376953125,0.31640625,0.97882080078125,0.52099609375,0.5214029947916666,0.21533203125,0.5211995442708333
503,nested_noop,128,173,True,0.588134765625,00110011,0.488037109375,0.4869384765625,0.308837890625,0.48748779296875,0.911865234375,0.9124755859375,0.3115234375,0.91217041015625,0.588134765625,0.5861409505208334,0.24755859375,0.5871378580729167
503,nested_noop,161,206,True,0.884033203125,01010101,0.502197265625,0.5050048828125,0.267578125,0.50360107421875,0.615966796875,0.612060546875,0.2685546875,0.614013671875,0.884033203125,0.8877766927083333,0.268798828125,0.8859049479166666
503,nested_noop,222,267,True,1.0,01010101,0.5,0.5,0.297119140625,0.5,0.5,0.5,0.296630859375,0.5,1.0,1.0,0.298095703125,1.0
503,nested_noop,304,349,True,1.0,01010101,0.5,0.5,0.29541015625,0.5,0.5,0.5,0.295654296875,0.5,1.0,1.0,0.296875,1.0
503,nested_noop,418,463,True,1.0,01010101,0.5,0.5,0.298828125,0.5,0.5,0.5,0.298828125,0.5,1.0,1.0,0.2998046875,1.0
503,nested_noop,575,620,True,1.0,01010101,0.5,0.5,0.29931640625,0.5,0.5,0.5,0.29931640625,0.5,1.0,1.0,0.30029296875,1.0
503,nested_noop,790,835,True,1.0,01010101,0.5,0.5,0.30078125,0.5,0.5,0.5,0.300537109375,0.5,1.0,1.0,0.301513671875,1.0
503,nested_noop,1024,1069,True,1.0,01010101,0.5,0.5,0.2998046875,0.5,0.5,0.5,0.298828125,0.5,1.0,1.0,0.30029296875,1.0
503,nested_q_transplant,0,45,True,0.501708984375,00001111,0.998291015625,0.99853515625,0.39892578125,0.9984130859375,0.501708984375,0.5015869140625,0.305908203125,0.50164794921875,0.501708984375,0.5013834635416666,-0.077392578125,0.5015462239583333
503,nested_q_transplant,1,46,True,0.501708984375,00001111,0.997314453125,0.99755859375,0.396240234375,0.9974365234375,0.502685546875,0.50262451171875,0.311279296875,0.502655029296875,0.501708984375,0.5013427734375,-0.073486328125,0.50152587890625
503,nested_q_transplant,2,47,True,0.50146484375,00001111,0.9970703125,0.9971923828125,0.39453125,0.99713134765625,0.5029296875,0.503173828125,0.318359375,0.5030517578125,0.50146484375,0.5010172526041666,-0.083251953125,0.5012410481770833
503,nested_q_transplant,3,48,True,0.5029296875,00001111,0.994140625,0.99462890625,0.396240234375,0.994384765625,0.505859375,0.50567626953125,0.324951171875,0.505767822265625,0.5029296875,0.5017496744791666,-0.0771484375,0.5023396809895833
503,nested_q_transplant,4,49,True,0.502685546875,00001111,0.992431640625,0.9915771484375,0.3994140625,0.99200439453125,0.507568359375,0.50823974609375,0.339111328125,0.507904052734375,0.502685546875,0.5017903645833334,-0.0751953125,0.5022379557291667
503,nested_q_transplant,5,50,True,0.50390625,00001111,0.98828125,0.9873046875,0.40087890625,0.98779296875,0.51171875,0.51263427734375,0.350341796875,0.512176513671875,0.50390625,0.5024820963541666,-0.071044921875,0.5031941731770833
503,nested_q_transplant,7,52,True,0.5009765625,00001111,0.96923828125,0.9698486328125,0.39501953125,0.96954345703125,0.53076171875,0.53045654296875,0.356689453125,0.530609130859375,0.5009765625,0.5014241536458334,-0.07666015625,0.5012003580729167
503,nested_q_transplant,9,54,True,0.49658203125,00001111,0.9365234375,0.936279296875,0.39306640625,0.9364013671875,0.5634765625,0.56268310546875,0.370361328125,0.563079833984375,0.49658203125,0.501220703125,-0.072509765625,0.4989013671875
503,nested_q_transplant,13,58,True,0.506103515625,00111111,0.814208984375,0.81640625,0.3701171875,0.8153076171875,0.680419921875,0.675048828125,0.364501953125,0.677734375,0.506103515625,0.507080078125,-0.098388671875,0.506591796875
503,nested_q_transplant,17,62,True,0.50732421875,00110011,0.67724609375,0.677734375,0.3544921875,0.677490234375,0.81201171875,0.8056640625,0.355224609375,0.808837890625,0.50732421875,0.5059000651041666,-0.114013671875,0.5066121419270833
503,nested_q_transplant,24,69,True,0.504638671875,00110011,0.561279296875,0.563232421875,0.34814453125,0.562255859375,0.932861328125,0.93011474609375,0.351318359375,0.931488037109375,0.504638671875,0.505859375,-0.12060546875,0.5052490234375
503,nested_q_transplant,33,78,True,0.49951171875,00110011,0.50341796875,0.5037841796875,0.342041015625,0.50360107421875,0.99658203125,0.99609375,0.343994140625,0.996337890625,0.49951171875,0.5001627604166666,-0.09716796875,0.4998372395833333
503,nested_q_transplant,45,90,True,0.5,00110011,0.5,0.5,0.33935546875,0.5,1.0,1.0,0.34033203125,1.0,0.5,0.5,-0.072021484375,0.5
503,nested_q_transplant,62,107,True,0.5,00110011,0.5,0.5,0.34228515625,0.5,1.0,1.0,0.34375,1.0,0.5,0.5,-0.007080078125,0.5
503,nested_q_transplant,85,130,True,0.500732421875,00110011,0.499267578125,0.49951171875,0.316162109375,0.4993896484375,0.999267578125,0.999267578125,0.31787109375,0.999267578125,0.500732421875,0.5005696614583334,0.049072265625,0.5006510416666667
503,nested_q_transplant,117,162,True,0.51416015625,00110011,0.4970703125,0.4976806640625,0.2958984375,0.49737548828125,0.98583984375,0.9871826171875,0.298583984375,0.98651123046875,0.51416015625,0.5129801432291666,0.199462890625,0.5135701497395833
503,nested_q_transplant,128,173,True,0.564697265625,00110011,0.491943359375,0.4918212890625,0.30029296875,0.49188232421875,0.935302734375,0.934814453125,0.3017578125,0.93505859375,0.564697265625,0.5643310546875,0.236572265625,0.56451416015625
503,nested_q_transplant,161,206,True,0.828369140625,01010101,0.494873046875,0.5015869140625,0.316162109375,0.49822998046875,0.671630859375,0.6683349609375,0.31884765625,0.66998291015625,0.828369140625,0.8310546875,0.318603515625,0.8297119140625
503,nested_q_transplant,222,267,True,1.0,01010101,0.5,0.5,0.297119140625,0.5,0.5,0.5,0.298828125,0.5,1.0,1.0,0.298828125,1.0
503,nested_q_transplant,304,349,True,1.0,01010101,0.5,0.5,0.286376953125,0.5,0.5,0.5,0.287841796875,0.5,1.0,1.0,0.288330078125,1.0
503,nested_q_transplant,418,463,True,1.0,01010101,0.5,0.5,0.274169921875,0.5,0.5,0.5,0.27587890625,0.5,1.0,1.0,0.2763671875,1.0
503,nested_q_transplant,575,620,True,1.0,01010101,0.5,0.5,0.267822265625,0.5,0.5,0.5,0.269775390625,0.5,1.0,1.0,0.270263671875,1.0
503,nested_q_transplant,790,835,True,1.0,01010101,0.5,0.5,0.268798828125,0.5,0.5,0.5,0.270263671875,0.5,1.0,1.0,0.270751953125,1.0
503,nested_q_transplant,1024,1069,True,1.0,01010101,0.5,0.5,0.26904296875,0.5,0.5,0.5,0.270263671875,0.5,1.0,1.0,0.270751953125,1.0
503,nested_padding_sham,0,45,True,0.50048828125,00001111,0.99951171875,0.99951171875,0.418701171875,0.99951171875,0.50048828125,0.500244140625,0.199462890625,0.5003662109375,0.50048828125,0.5003662109375,-0.052001953125,0.50042724609375
503,nested_padding_sham,1,46,True,0.50146484375,00001111,0.99853515625,0.998779296875,0.4169921875,0.9986572265625,0.50146484375,0.50079345703125,0.20263671875,0.501129150390625,0.50146484375,0.5008544921875,-0.0546875,0.50115966796875
503,nested_padding_sham,2,47,True,0.501708984375,00001111,0.998291015625,0.9986572265625,0.412353515625,0.99847412109375,0.501708984375,0.50103759765625,0.20361328125,0.501373291015625,0.501708984375,0.5008138020833334,-0.055419921875,0.5012613932291667
503,nested_padding_sham,3,48,True,0.501708984375,00001111,0.998291015625,0.99853515625,0.41259765625,0.9984130859375,0.501708984375,0.50128173828125,0.210693359375,0.501495361328125,0.501708984375,0.5007731119791666,-0.05615234375,0.5012410481770833
503,nested_padding_sham,4,49,True,0.502197265625,00001111,0.996337890625,0.996826171875,0.411865234375,0.99658203125,0.503662109375,0.50244140625,0.2158203125,0.5030517578125,0.502197265625,0.5013834635416666,-0.056640625,0.5017903645833333
503,nested_padding_sham,5,50,True,0.502197265625,00001111,0.994384765625,0.9949951171875,0.40869140625,0.99468994140625,0.505615234375,0.504638671875,0.223876953125,0.505126953125,0.502197265625,0.5015462239583334,-0.057861328125,0.5018717447916667
503,nested_padding_sham,7,52,True,0.502197265625,00001111,0.987060546875,0.987060546875,0.40478515625,0.987060546875,0.512939453125,0.5120849609375,0.251220703125,0.51251220703125,0.502197265625,0.5012613932291666,-0.06982421875,0.5017293294270833
503,nested_padding_sham,9,54,True,0.50341796875,00001111,0.96923828125,0.9688720703125,0.4072265625,0.96905517578125,0.529296875,0.52789306640625,0.280029296875,0.528594970703125,0.50341796875,0.5033365885416666,-0.06201171875,0.5033772786458333
503,nested_padding_sham,13,58,True,0.499267578125,00001111,0.904052734375,0.9031982421875,0.39599609375,0.90362548828125,0.584716796875,0.58477783203125,0.307373046875,0.584747314453125,0.499267578125,0.5026041666666666,-0.060302734375,0.5009358723958333
503,nested_padding_sham,17,62,True,0.50830078125,00111111,0.81103515625,0.8128662109375,0.3828125,0.81195068359375,0.66357421875,0.6573486328125,0.316162109375,0.66046142578125,0.50830078125,0.5084635416666666,-0.07666015625,0.5083821614583333
503,nested_padding_sham,24,69,True,0.517333984375,00110011,0.656005859375,0.656005859375,0.37646484375,0.656005859375,0.809814453125,0.80242919921875,0.3515625,0.806121826171875,0.517333984375,0.514404296875,-0.06787109375,0.515869140625
503,nested_padding_sham,33,78,True,0.507080078125,00110011,0.557861328125,0.5594482421875,0.378662109375,0.55865478515625,0.917236328125,0.9130859375,0.382568359375,0.9151611328125,0.507080078125,0.5092366536458334,-0.042724609375,0.5081583658854167
503,nested_padding_sham,45,90,True,0.500244140625,00110011,0.501220703125,0.5013427734375,0.343505859375,0.50128173828125,0.998779296875,0.99871826171875,0.34619140625,0.998748779296875,0.500244140625,0.5006103515625,-0.026123046875,0.50042724609375
503,nested_padding_sham,62,107,True,0.5,00110011,0.5,0.5,0.318359375,0.5,1.0,1.0,0.3193359375,1.0,0.5,0.5,0.01171875,0.5
503,nested_padding_sham,85,130,True,0.500732421875,00110011,0.499267578125,0.4996337890625,0.308349609375,0.49945068359375,0.999267578125,0.99932861328125,0.3095703125,0.999298095703125,0.500732421875,0.5006103515625,0.07470703125,0.50067138671875
503,nested_padding_sham,117,162,True,0.518798828125,00110011,0.498779296875,0.5009765625,0.3037109375,0.4998779296875,0.981201171875,0.98175048828125,0.304443359375,0.981475830078125,0.518798828125,0.5179850260416666,0.193115234375,0.5183919270833333
503,nested_padding_sham,128,173,True,0.586181640625,00110011,0.486572265625,0.48779296875,0.311279296875,0.4871826171875,0.913818359375,0.9141845703125,0.313232421875,0.91400146484375,0.586181640625,0.5854085286458334,0.2470703125,0.5857950846354167
503,nested_padding_sham,161,206,True,0.87060546875,01010101,0.4990234375,0.5037841796875,0.2998046875,0.50140380859375,0.62939453125,0.62506103515625,0.30029296875,0.627227783203125,0.87060546875,0.8715413411458333,0.300537109375,0.8710734049479166
503,nested_padding_sham,222,267,True,1.0,01010101,0.5,0.5,0.315673828125,0.5,0.5,0.5,0.3134765625,0.5,1.0,1.0,0.31640625,1.0
503,nested_padding_sham,304,349,True,1.0,01010101,0.5,0.5,0.314208984375,0.5,0.5,0.5,0.312744140625,0.5,1.0,1.0,0.3154296875,1.0
503,nested_padding_sham,418,463,True,1.0,01010101,0.5,0.5,0.3076171875,0.5,0.5,0.5,0.306396484375,0.5,1.0,1.0,0.309326171875,1.0
503,nested_padding_sham,575,620,True,1.0,01010101,0.5,0.5,0.309326171875,0.5,0.5,0.5,0.307861328125,0.5,1.0,1.0,0.310791015625,1.0
503,nested_padding_sham,790,835,True,1.0,01010101,0.5,0.5,0.309326171875,0.5,0.5,0.5,0.3076171875,0.5,1.0,1.0,0.310791015625,1.0
503,nested_padding_sham,1024,1069,True,1.0,01010101,0.5,0.5,0.3076171875,0.5,0.5,0.5,0.3056640625,0.5,1.0,1.0,0.30908203125,1.0
509,independent_noop,0,45,True,0.500732421875,00001111,0.993896484375,0.99267578125,0.42333984375,0.9932861328125,0.506103515625,0.50604248046875,0.361572265625,0.506072998046875,0.500732421875,0.50048828125,-0.046630859375,0.5006103515625
509,independent_noop,1,46,True,0.5009765625,00001111,0.9931640625,0.9915771484375,0.421875,0.99237060546875,0.5068359375,0.50689697265625,0.369384765625,0.506866455078125,0.5009765625,0.5009765625,-0.050048828125,0.5009765625
509,independent_noop,2,47,True,0.499755859375,00001111,0.989013671875,0.9876708984375,0.419677734375,0.98834228515625,0.510986328125,0.51055908203125,0.37548828125,0.510772705078125,0.499755859375,0.5,-0.05078125,0.4998779296875
509,independent_noop,3,48,True,0.5029296875,00001111,0.982421875,0.980224609375,0.417236328125,0.9813232421875,0.517578125,0.5172119140625,0.37939453125,0.51739501953125,0.5029296875,0.5012613932291666,-0.04736328125,0.5020955403645833
509,independent_noop,4,49,True,0.503662109375,00001111,0.971435546875,0.9700927734375,0.412841796875,0.97076416015625,0.528564453125,0.52783203125,0.382080078125,0.5281982421875,0.503662109375,0.5013834635416666,-0.05517578125,0.5025227864583333
509,independent_noop,5,50,True,0.504150390625,00001111,0.961669921875,0.961181640625,0.410888671875,0.96142578125,0.538330078125,0.537841796875,0.388671875,0.5380859375,0.504150390625,0.5014241536458334,-0.059814453125,0.5027872721354167
509,independent_noop,7,52,True,0.508056640625,00001111,0.926513671875,0.9261474609375,0.401611328125,0.92633056640625,0.573486328125,0.57403564453125,0.389404296875,0.573760986328125,0.508056640625,0.5026448567708334,-0.06884765625,0.5053507486979167
509,independent_noop,9,54,True,0.50634765625,00001111,0.86181640625,0.8626708984375,0.397216796875,0.86224365234375,0.63818359375,0.63812255859375,0.390380859375,0.638153076171875,0.50634765625,0.5016276041666666,-0.07421875,0.5039876302083333
509,independent_noop,13,58,True,0.513916015625,00110011,0.693603515625,0.6917724609375,0.385009765625,0.69268798828125,0.806396484375,0.80731201171875,0.384521484375,0.806854248046875,0.513916015625,0.5032552083333334,-0.085205078125,0.5085856119791667
509,independent_noop,17,62,True,0.50537109375,00110011,0.56787109375,0.567138671875,0.377197265625,0.5675048828125,0.93212890625,0.93359375,0.378173828125,0.932861328125,0.50537109375,0.4994303385416667,-0.101318359375,0.5024007161458334
509,independent_noop,24,69,True,0.499267578125,00110011,0.503662109375,0.50341796875,0.371826171875,0.5035400390625,0.996337890625,0.9967041015625,0.372802734375,0.99652099609375,0.499267578125,0.4993489583333333,-0.10498046875,0.49930826822916663
509,independent_noop,33,78,True,0.5,00110011,0.5,0.5,0.37548828125,0.5,1.0,1.0,0.3759765625,1.0,0.5,0.5,-0.103515625,0.5
509,independent_noop,45,90,True,0.5,00110011,0.5,0.5,0.364990234375,0.5,1.0,1.0,0.36572265625,1.0,0.5,0.5,-0.10400390625,0.5
509,independent_noop,62,107,True,0.5,00110011,0.5,0.4998779296875,0.34912109375,0.49993896484375,1.0,0.99993896484375,0.350341796875,0.999969482421875,0.5,0.4999593098958333,-0.095703125,0.49997965494791663
509,independent_noop,85,130,True,0.5,00110011,0.5,0.5,0.3349609375,0.5,1.0,1.0,0.337158203125,1.0,0.5,0.5,0.029541015625,0.5
509,independent_noop,117,162,True,0.5,00110011,0.5,0.5,0.318359375,0.5,1.0,0.99993896484375,0.322265625,0.999969482421875,0.5,0.5,0.20654296875,0.5
509,independent_noop,128,173,True,0.5,00110011,0.5,0.5,0.308837890625,0.5,1.0,1.0,0.31396484375,1.0,0.5,0.5,0.26123046875,0.5
509,independent_noop,161,206,True,0.519287109375,00110011,0.499267578125,0.4976806640625,0.302734375,0.49847412109375,0.980712890625,0.978515625,0.307861328125,0.9796142578125,0.519287109375,0.5204264322916666,0.3076171875,0.5198567708333333
509,independent_noop,222,267,True,1.0,01010101,0.5,0.4996337890625,0.284912109375,0.49981689453125,0.5,0.500244140625,0.28857421875,0.5001220703125,1.0,0.99951171875,0.289306640625,0.999755859375
509,independent_noop,304,349,True,1.0,01010101,0.5,0.5,0.300048828125,0.5,0.5,0.5,0.30224609375,0.5,1.0,1.0,0.302734375,1.0
509,independent_noop,418,463,True,1.0,01010101,0.5,0.5,0.287353515625,0.5,0.5,0.5,0.28857421875,0.5,1.0,1.0,0.29052734375,1.0
509,independent_noop,575,620,True,1.0,01010101,0.5,0.5,0.281005859375,0.5,0.5,0.5,0.28271484375,0.5,1.0,1.0,0.283935546875,1.0
509,independent_noop,790,835,True,1.0,01010101,0.5,0.5,0.268310546875,0.5,0.5,0.5,0.27099609375,0.5,1.0,1.0,0.272216796875,1.0
509,independent_noop,1024,1069,True,1.0,01010101,0.5,0.5,0.26171875,0.5,0.5,0.5,0.264404296875,0.5,1.0,1.0,0.265869140625,1.0
509,independent_q_restore,0,45,True,0.500244140625,00001111,0.999267578125,0.9991455078125,0.41796875,0.99920654296875,0.500732421875,0.50054931640625,0.242431640625,0.500640869140625,0.500244140625,0.5002034505208334,-0.03857421875,0.5002237955729167
509,independent_q_restore,1,46,True,0.50048828125,00001111,0.9990234375,0.9989013671875,0.42822265625,0.99896240234375,0.5009765625,0.50067138671875,0.26806640625,0.500823974609375,0.50048828125,0.5003662109375,-0.02587890625,0.50042724609375
509,independent_q_restore,2,47,True,0.500732421875,00001111,0.998779296875,0.998779296875,0.425537109375,0.998779296875,0.501220703125,0.50079345703125,0.271240234375,0.501007080078125,0.500732421875,0.5005696614583334,-0.031005859375,0.5006510416666667
509,independent_q_restore,3,48,True,0.5009765625,00001111,0.9970703125,0.9967041015625,0.4228515625,0.99688720703125,0.5029296875,0.502197265625,0.2763671875,0.5025634765625,0.5009765625,0.50048828125,-0.035888671875,0.500732421875
509,independent_q_restore,4,49,True,0.50048828125,00001111,0.9951171875,0.993896484375,0.42236328125,0.9945068359375,0.5048828125,0.50433349609375,0.28466796875,0.504608154296875,0.50048828125,0.5001220703125,-0.03955078125,0.50030517578125
509,independent_q_restore,5,50,True,0.500244140625,00001111,0.992431640625,0.9903564453125,0.4267578125,0.99139404296875,0.507568359375,0.50677490234375,0.30419921875,0.507171630859375,0.500244140625,0.5000813802083334,-0.035888671875,0.5001627604166667
509,independent_q_restore,7,52,True,0.502197265625,00001111,0.985107421875,0.982177734375,0.421142578125,0.983642578125,0.513427734375,0.51318359375,0.32763671875,0.5133056640625,0.502197265625,0.5007731119791666,-0.054443359375,0.5014851888020833
509,independent_q_restore,9,54,True,0.502685546875,00001111,0.972900390625,0.97021484375,0.414794921875,0.9715576171875,0.525146484375,0.52532958984375,0.3427734375,0.525238037109375,0.502685546875,0.50146484375,-0.0546875,0.5020751953125
509,independent_q_restore,13,58,True,0.509521484375,00001111,0.906494140625,0.90283203125,0.3974609375,0.9046630859375,0.588623046875,0.5924072265625,0.358154296875,0.59051513671875,0.509521484375,0.5035807291666666,-0.067138671875,0.5065511067708333
509,independent_q_restore,17,62,True,0.51513671875,00111111,0.7529296875,0.7462158203125,0.385009765625,0.74957275390625,0.734375,0.73919677734375,0.3681640625,0.736785888671875,0.51513671875,0.50390625,-0.0771484375,0.509521484375
509,independent_q_restore,24,69,True,0.50927734375,00110011,0.5478515625,0.5457763671875,0.386962890625,0.54681396484375,0.921875,0.923583984375,0.38671875,0.9227294921875,0.50927734375,0.5041910807291666,-0.07763671875,0.5067342122395833
509,independent_q_restore,33,78,True,0.499267578125,00110011,0.494384765625,0.49462890625,0.38720703125,0.4945068359375,0.988525390625,0.9892578125,0.3876953125,0.9888916015625,0.499267578125,0.4997151692708333,-0.07763671875,0.49949137369791663
509,independent_q_restore,45,90,True,0.5,00110011,0.5,0.5,0.366455078125,0.5,1.0,1.0,0.36669921875,1.0,0.5,0.4999593098958333,-0.091796875,0.49997965494791663
509,independent_q_restore,62,107,True,0.5,00110011,0.5,0.5,0.37109375,0.5,1.0,1.0,0.37158203125,1.0,0.5,0.5,-0.056396484375,0.5
509,independent_q_restore,85,130,True,0.5,00110011,0.5,0.5,0.318603515625,0.5,1.0,1.0,0.319091796875,1.0,0.5,0.5,-0.04150390625,0.5
509,independent_q_restore,117,162,True,0.5,00110011,0.5,0.5001220703125,0.30419921875,0.50006103515625,1.0,0.9998779296875,0.30615234375,0.99993896484375,0.5,0.5,0.09326171875,0.5
509,independent_q_restore,128,173,True,0.5,00110011,0.5,0.5,0.29443359375,0.5,1.0,1.0,0.297119140625,1.0,0.5,0.5000406901041666,0.15380859375,0.5000203450520833
509,independent_q_restore,161,206,True,0.51806640625,00110011,0.49609375,0.4967041015625,0.311767578125,0.49639892578125,0.98193359375,0.98211669921875,0.317626953125,0.982025146484375,0.51806640625,0.5175374348958334,0.302001953125,0.5178019205729167
509,independent_q_restore,222,267,True,0.996826171875,01010101,0.500732421875,0.5006103515625,0.263427734375,0.50067138671875,0.503173828125,0.50360107421875,0.269775390625,0.503387451171875,0.996826171875,0.9962565104166667,0.269775390625,0.9965413411458334
509,independent_q_restore,304,349,True,1.0,01010101,0.5,0.5,0.26708984375,0.5,0.5,0.5,0.271728515625,0.5,1.0,1.0,0.27392578125,1.0
509,independent_q_restore,418,463,True,1.0,01010101,0.5,0.5,0.267822265625,0.5,0.5,0.5,0.270751953125,0.5,1.0,1.0,0.273681640625,1.0
509,independent_q_restore,575,620,True,1.0,01010101,0.5,0.5,0.269287109375,0.5,0.5,0.5,0.271728515625,0.5,1.0,1.0,0.27490234375,1.0
509,independent_q_restore,790,835,True,1.0,01010101,0.5,0.5,0.26953125,0.5,0.5,0.5,0.272216796875,0.5,1.0,1.0,0.275146484375,1.0
509,independent_q_restore,1024,1069,True,1.0,01010101,0.5,0.5,0.266845703125,0.5,0.5,0.5,0.268798828125,0.5,1.0,1.0,0.272216796875,1.0
509,independent_padding_sham,0,45,True,0.501708984375,00001111,0.985595703125,0.9854736328125,0.419921875,0.98553466796875,0.514404296875,0.51409912109375,0.307861328125,0.514251708984375,0.501708984375,0.5005696614583334,-0.0458984375,0.5011393229166667
509,independent_padding_sham,1,46,True,0.501708984375,00001111,0.982177734375,0.98291015625,0.416015625,0.9825439453125,0.517822265625,0.5167236328125,0.314453125,0.51727294921875,0.501708984375,0.5006510416666666,-0.0458984375,0.5011800130208333
509,independent_padding_sham,2,47,True,0.500732421875,00001111,0.977294921875,0.9774169921875,0.41650390625,0.97735595703125,0.522705078125,0.52130126953125,0.3251953125,0.522003173828125,0.500732421875,0.4993896484375,-0.047607421875,0.50006103515625
509,independent_padding_sham,3,48,True,0.5009765625,00001111,0.966796875,0.96728515625,0.41650390625,0.967041015625,0.533203125,0.53131103515625,0.3359375,0.532257080078125,0.5009765625,0.4997151692708333,-0.05419921875,0.5003458658854166
509,independent_padding_sham,4,49,True,0.50341796875,00001111,0.95654296875,0.9542236328125,0.411865234375,0.95538330078125,0.54345703125,0.54229736328125,0.342041015625,0.542877197265625,0.50341796875,0.5004069010416666,-0.05615234375,0.5019124348958333
509,independent_padding_sham,5,50,True,0.50146484375,00001111,0.9453125,0.942138671875,0.4091796875,0.9437255859375,0.5546875,0.553955078125,0.3486328125,0.5543212890625,0.50146484375,0.49853515625,-0.05908203125,0.5
509,independent_padding_sham,7,52,True,0.509521484375,00001111,0.913818359375,0.9102783203125,0.406005859375,0.91204833984375,0.586181640625,0.58636474609375,0.370361328125,0.586273193359375,0.509521484375,0.5009358723958334,-0.063232421875,0.5052286783854167
509,independent_padding_sham,9,54,True,0.510009765625,00001111,0.869873046875,0.86328125,0.404052734375,0.8665771484375,0.630126953125,0.63134765625,0.380126953125,0.6307373046875,0.510009765625,0.5011393229166666,-0.068603515625,0.5055745442708333
509,independent_padding_sham,13,58,True,0.514404296875,00110111,0.732177734375,0.732421875,0.400634765625,0.7322998046875,0.767822265625,0.76727294921875,0.39501953125,0.767547607421875,0.514404296875,0.5019938151041666,-0.0712890625,0.5081990559895833
509,independent_padding_sham,17,62,True,0.510498046875,00110011,0.602294921875,0.6025390625,0.391357421875,0.6024169921875,0.896728515625,0.895751953125,0.39208984375,0.896240234375,0.510498046875,0.5014241536458334,-0.082275390625,0.5059611002604167
509,independent_padding_sham,24,69,True,0.5009765625,00110011,0.51123046875,0.5133056640625,0.386962890625,0.51226806640625,0.98583984375,0.986083984375,0.38916015625,0.9859619140625,0.5009765625,0.4994303385416667,-0.0888671875,0.5002034505208334
509,independent_padding_sham,33,78,True,0.500244140625,00110011,0.500244140625,0.5001220703125,0.37890625,0.50018310546875,0.999755859375,0.99981689453125,0.381591796875,0.999786376953125,0.500244140625,0.5000813802083334,-0.08935546875,0.5001627604166667
509,independent_padding_sham,45,90,True,0.5,00110011,0.5,0.5,0.380126953125,0.5,1.0,1.0,0.3828125,1.0,0.5,0.5,-0.08935546875,0.5
509,independent_padding_sham,62,107,True,0.5,00110011,0.5,0.4998779296875,0.357177734375,0.49993896484375,1.0,1.0,0.361083984375,1.0,0.5,0.5,-0.09912109375,0.5
509,independent_padding_sham,85,130,True,0.5,00110011,0.5,0.5,0.333740234375,0.5,1.0,1.0,0.337890625,1.0,0.5,0.5,-0.083740234375,0.5
509,independent_padding_sham,117,162,True,0.5,00110011,0.5,0.5001220703125,0.3125,0.50006103515625,1.0,0.99993896484375,0.320556640625,0.999969482421875,0.5,0.5000406901041666,0.083984375,0.5000203450520833
509,independent_padding_sham,128,173,True,0.5,00110011,0.5,0.5,0.30712890625,0.5,1.0,1.0,0.319580078125,1.0,0.5,0.5,0.163330078125,0.5
509,independent_padding_sham,161,206,True,0.502685546875,00110011,0.498779296875,0.499755859375,0.32666015625,0.499267578125,0.997314453125,0.9969482421875,0.3427734375,0.99713134765625,0.502685546875,0.5027262369791666,0.33447265625,0.5027058919270833
509,independent_padding_sham,222,267,True,0.9921875,01010101,0.49951171875,0.4993896484375,0.267822265625,0.49945068359375,0.5078125,0.50738525390625,0.28173828125,0.507598876953125,0.9921875,0.992431640625,0.281982421875,0.9923095703125
509,independent_padding_sham,304,349,True,1.0,01010101,0.5,0.5,0.266845703125,0.5,0.5,0.5,0.27978515625,0.5,1.0,1.0,0.2802734375,1.0
509,independent_padding_sham,418,463,True,1.0,01010101,0.5,0.5,0.285400390625,0.5,0.5,0.5,0.29638671875,0.5,1.0,1.0,0.2978515625,1.0
509,independent_padding_sham,575,620,True,1.0,01010101,0.5,0.5,0.28759765625,0.5,0.5,0.5,0.297119140625,0.5,1.0,1.0,0.298828125,1.0
509,independent_padding_sham,790,835,True,1.0,01010101,0.5,0.5,0.28173828125,0.5,0.5,0.5,0.290771484375,0.5,1.0,1.0,0.292724609375,1.0
509,independent_padding_sham,1024,1069,True,1.0,01010101,0.5,0.5,0.27978515625,0.5,0.5,0.5,0.289794921875,0.5,1.0,1.0,0.291748046875,1.0
509,nested_noop,0,45,True,0.5,00001111,1.0,1.0,0.4013671875,1.0,0.5,0.5,0.090576171875,0.5,0.5,0.5,-0.05810546875,0.5
509,nested_noop,1,46,True,0.5,00001111,1.0,1.0,0.40380859375,1.0,0.5,0.5,0.103271484375,0.5,0.5,0.5,-0.05517578125,0.5
509,nested_noop,2,47,True,0.500244140625,00001111,0.999755859375,0.9993896484375,0.402099609375,0.99957275390625,0.500244140625,0.500244140625,0.1005859375,0.500244140625,0.500244140625,0.5003255208333334,-0.05517578125,0.5002848307291667
509,nested_noop,3,48,True,0.500732421875,00001111,0.996826171875,0.9974365234375,0.40966796875,0.99713134765625,0.503173828125,0.50244140625,0.108154296875,0.5028076171875,0.500732421875,0.50048828125,-0.04345703125,0.5006103515625
509,nested_noop,4,49,True,0.50244140625,00001111,0.9931640625,0.992431640625,0.40771484375,0.9927978515625,0.5068359375,0.50543212890625,0.109375,0.506134033203125,0.50244140625,0.5009765625,-0.042724609375,0.501708984375
509,nested_noop,5,50,True,0.50244140625,00001111,0.98974609375,0.9874267578125,0.40771484375,0.98858642578125,0.509765625,0.50982666015625,0.11962890625,0.509796142578125,0.50244140625,0.5014241536458334,-0.040283203125,0.5019327799479167
509,nested_noop,7,52,True,0.503662109375,00001111,0.977294921875,0.974609375,0.403564453125,0.9759521484375,0.519775390625,0.51953125,0.141357421875,0.5196533203125,0.503662109375,0.5021158854166666,-0.0400390625,0.5028889973958333
509,nested_noop,9,54,True,0.507080078125,00001111,0.973388671875,0.9697265625,0.392822265625,0.9715576171875,0.524658203125,0.5245361328125,0.15771484375,0.52459716796875,0.507080078125,0.5039469401041666,-0.055419921875,0.5055135091145833
509,nested_noop,13,58,True,0.502197265625,00001111,0.972900390625,0.971435546875,0.399169921875,0.97216796875,0.526123046875,0.526123046875,0.205322265625,0.526123046875,0.502197265625,0.501220703125,-0.04150390625,0.501708984375
509,nested_noop,17,62,True,0.50537109375,00001111,0.859375,0.85791015625,0.405029296875,0.858642578125,0.63232421875,0.63116455078125,0.252685546875,0.631744384765625,0.50537109375,0.5011800130208334,-0.04443359375,0.5032755533854167
509,nested_noop,24,69,True,0.514404296875,00111111,0.722900390625,0.719482421875,0.4072265625,0.72119140625,0.757568359375,0.758544921875,0.337890625,0.758056640625,0.514404296875,0.5054117838541666,-0.0283203125,0.5099080403645833
509,nested_noop,33,78,True,0.51318359375,00110011,0.5830078125,0.58154296875,0.399658203125,0.582275390625,0.888671875,0.89007568359375,0.39208984375,0.889373779296875,0.51318359375,0.5067545572916666,-0.036865234375,0.5099690755208333
509,nested_noop,45,90,True,0.50048828125,00110011,0.50244140625,0.5023193359375,0.370849609375,0.50238037109375,0.99755859375,0.9979248046875,0.37109375,0.99774169921875,0.50048828125,0.5001627604166666,-0.068115234375,0.5003255208333333
509,nested_noop,62,107,True,0.5,00110011,0.5,0.5,0.3447265625,0.5,1.0,1.0,0.34521484375,1.0,0.5,0.5,-0.08251953125,0.5
509,nested_noop,85,130,True,0.5,00110011,0.5,0.5,0.310546875,0.5,1.0,1.0,0.3115234375,1.0,0.5,0.5,-0.056396484375,0.5
509,nested_noop,117,162,True,0.5,00110011,0.5,0.5,0.299560546875,0.5,1.0,1.0,0.301025390625,1.0,0.5,0.5,0.141845703125,0.5
509,nested_noop,128,173,True,0.5,00110011,0.5,0.5,0.274169921875,0.5,1.0,1.0,0.275390625,1.0,0.5,0.5,0.21728515625,0.5
509,nested_noop,161,206,True,0.50537109375,00110011,0.4990234375,0.4996337890625,0.24951171875,0.49932861328125,0.99462890625,0.99462890625,0.253662109375,0.99462890625,0.50537109375,0.5056966145833334,0.2529296875,0.5055338541666667
509,nested_noop,222,267,True,1.0,01010101,0.5,0.5,0.2578125,0.5,0.5,0.5,0.258544921875,0.5,1.0,1.0,0.2587890625,1.0
509,nested_noop,304,349,True,1.0,01010101,0.5,0.5,0.23095703125,0.5,0.5,0.5,0.231689453125,0.5,1.0,1.0,0.231689453125,1.0
509,nested_noop,418,463,True,1.0,01010101,0.5,0.5,0.2392578125,0.5,0.5,0.5,0.239990234375,0.5,1.0,1.0,0.240234375,1.0
509,nested_noop,575,620,True,1.0,01010101,0.5,0.5,0.248779296875,0.5,0.5,0.5,0.249267578125,0.5,1.0,1.0,0.249755859375,1.0
509,nested_noop,790,835,True,1.0,01010101,0.5,0.5,0.249267578125,0.5,0.5,0.5,0.249755859375,0.5,1.0,1.0,0.250244140625,1.0
509,nested_noop,1024,1069,True,1.0,01010101,0.5,0.5,0.253173828125,0.5,0.5,0.5,0.25341796875,0.5,1.0,1.0,0.254150390625,1.0
509,nested_q_transplant,0,45,True,0.499755859375,00001111,0.999755859375,0.9993896484375,0.398193359375,0.99957275390625,0.500244140625,0.50030517578125,0.17138671875,0.500274658203125,0.499755859375,0.4997965494791667,-0.063720703125,0.49977620442708337
509,nested_q_transplant,1,46,True,0.5,00001111,0.99951171875,0.999267578125,0.403564453125,0.9993896484375,0.50048828125,0.5006103515625,0.18505859375,0.50054931640625,0.5,0.5000406901041666,-0.055419921875,0.5000203450520833
509,nested_q_transplant,2,47,True,0.5009765625,00001111,0.99609375,0.9967041015625,0.404052734375,0.99639892578125,0.50390625,0.50323486328125,0.194091796875,0.503570556640625,0.5009765625,0.50048828125,-0.05322265625,0.500732421875
509,nested_q_transplant,3,48,True,0.501220703125,00001111,0.992919921875,0.9918212890625,0.412353515625,0.99237060546875,0.507080078125,0.50677490234375,0.20361328125,0.506927490234375,0.501220703125,0.500732421875,-0.050048828125,0.5009765625
509,nested_q_transplant,4,49,True,0.501708984375,00001111,0.985107421875,0.9835205078125,0.412353515625,0.98431396484375,0.514892578125,0.513671875,0.2099609375,0.5142822265625,0.501708984375,0.5004475911458334,-0.048095703125,0.5010782877604167
509,nested_q_transplant,5,50,True,0.504150390625,00001111,0.978271484375,0.9766845703125,0.412109375,0.97747802734375,0.521728515625,0.52130126953125,0.2216796875,0.521514892578125,0.504150390625,0.501953125,-0.042236328125,0.5030517578125
509,nested_q_transplant,7,52,True,0.509033203125,00001111,0.962646484375,0.9603271484375,0.40673828125,0.96148681640625,0.537353515625,0.5374755859375,0.246826171875,0.53741455078125,0.509033203125,0.5045572916666666,-0.047119140625,0.5067952473958333
509,nested_q_transplant,9,54,True,0.510009765625,00001111,0.953369140625,0.9500732421875,0.399658203125,0.95172119140625,0.546630859375,0.54833984375,0.271240234375,0.5474853515625,0.510009765625,0.5046793619791666,-0.05517578125,0.5073445638020833
509,nested_q_transplant,13,58,True,0.509521484375,00001111,0.907958984375,0.9075927734375,0.390380859375,0.90777587890625,0.592041015625,0.590087890625,0.304931640625,0.591064453125,0.509521484375,0.5028076171875,-0.066650390625,0.50616455078125
509,nested_q_transplant,17,62,True,0.505615234375,00111111,0.764404296875,0.76123046875,0.3896484375,0.7628173828125,0.735107421875,0.73583984375,0.3408203125,0.7354736328125,0.505615234375,0.5018310546875,-0.07958984375,0.50372314453125
509,nested_q_transplant,24,69,True,0.506591796875,00110011,0.611083984375,0.6109619140625,0.385009765625,0.61102294921875,0.888916015625,0.88970947265625,0.380126953125,0.889312744140625,0.506591796875,0.502197265625,-0.078369140625,0.50439453125
509,nested_q_transplant,33,78,True,0.501708984375,00110011,0.512939453125,0.5137939453125,0.37109375,0.51336669921875,0.987060546875,0.986572265625,0.37158203125,0.98681640625,0.501708984375,0.5010172526041666,-0.09375,0.5013631184895833
509,nested_q_transplant,45,90,True,0.5,00110011,0.5,0.5,0.35498046875,0.5,1.0,1.0,0.35546875,1.0,0.5,0.5,-0.11474609375,0.5
509,nested_q_transplant,62,107,True,0.5,00110011,0.5,0.5,0.3515625,0.5,1.0,1.0,0.352294921875,1.0,0.5,0.5,-0.111572265625,0.5
509,nested_q_transplant,85,130,True,0.5,00110011,0.5,0.5,0.322265625,0.5,1.0,1.0,0.323486328125,1.0,0.5,0.5,-0.120849609375,0.5
509,nested_q_transplant,117,162,True,0.5,00110011,0.5,0.5,0.33056640625,0.5,1.0,1.0,0.33203125,1.0,0.5,0.5,0.111572265625,0.5
509,nested_q_transplant,128,173,True,0.5,00110011,0.5,0.5,0.327392578125,0.5,1.0,1.0,0.330322265625,1.0,0.5,0.5000406901041666,0.20556640625,0.5000203450520833
509,nested_q_transplant,161,206,True,0.5107421875,00110011,0.5009765625,0.50244140625,0.294677734375,0.501708984375,0.9892578125,0.9886474609375,0.296142578125,0.98895263671875,0.5107421875,0.5108235677083334,0.288818359375,0.5107828776041667
509,nested_q_transplant,222,267,True,1.0,01010101,0.5,0.5,0.3388671875,0.5,0.5,0.500244140625,0.33984375,0.5001220703125,1.0,0.9999186197916667,0.33984375,0.9999593098958334
509,nested_q_transplant,304,349,True,1.0,01010101,0.5,0.5,0.33349609375,0.5,0.5,0.5,0.3349609375,0.5,1.0,1.0,0.3349609375,1.0
509,nested_q_transplant,418,463,True,1.0,01010101,0.5,0.5,0.328125,0.5,0.5,0.5,0.329833984375,0.5,1.0,1.0,0.329833984375,1.0
509,nested_q_transplant,575,620,True,1.0,01010101,0.5,0.5,0.31982421875,0.5,0.5,0.5,0.3212890625,0.5,1.0,1.0,0.3212890625,1.0
509,nested_q_transplant,790,835,True,1.0,01010101,0.5,0.5,0.3134765625,0.5,0.5,0.5,0.31494140625,0.5,1.0,1.0,0.31494140625,1.0
509,nested_q_transplant,1024,1069,True,1.0,01010101,0.5,0.5,0.3125,0.5,0.5,0.5,0.3134765625,0.5,1.0,1.0,0.313720703125,1.0
509,nested_padding_sham,0,45,True,0.5,00001111,1.0,0.9998779296875,0.4033203125,0.99993896484375,0.5,0.5,0.09228515625,0.5,0.5,0.5000406901041666,-0.062744140625,0.5000203450520833
509,nested_padding_sham,1,46,True,0.5,00001111,1.0,0.9998779296875,0.40625,0.99993896484375,0.5,0.50006103515625,0.098388671875,0.500030517578125,0.5,0.5000813802083334,-0.060302734375,0.5000406901041667
509,nested_padding_sham,2,47,True,0.500244140625,00001111,0.999267578125,0.9991455078125,0.406982421875,0.99920654296875,0.500732421875,0.5003662109375,0.10595703125,0.50054931640625,0.500244140625,0.5003255208333334,-0.053955078125,0.5002848307291667
509,nested_padding_sham,3,48,True,0.5,00001111,0.99755859375,0.9971923828125,0.40966796875,0.99737548828125,0.50244140625,0.50164794921875,0.11083984375,0.502044677734375,0.5,0.5002848307291666,-0.046142578125,0.5001424153645833
509,nested_padding_sham,4,49,True,0.501953125,00001111,0.9931640625,0.991943359375,0.416259765625,0.9925537109375,0.5068359375,0.50555419921875,0.12158203125,0.506195068359375,0.501953125,0.5011393229166666,-0.037353515625,0.5015462239583333
509,nested_padding_sham,5,50,True,0.50244140625,00001111,0.9892578125,0.98828125,0.41357421875,0.98876953125,0.509765625,0.50927734375,0.12841796875,0.509521484375,0.50244140625,0.5015462239583334,-0.0341796875,0.5019938151041667
509,nested_padding_sham,7,52,True,0.50537109375,00001111,0.978515625,0.976318359375,0.41015625,0.9774169921875,0.515625,0.51629638671875,0.150634765625,0.515960693359375,0.50537109375,0.5026041666666666,-0.046630859375,0.5039876302083333
509,nested_padding_sham,9,54,True,0.505126953125,00001111,0.974853515625,0.97265625,0.40087890625,0.9737548828125,0.520751953125,0.52178955078125,0.1689453125,0.521270751953125,0.505126953125,0.5024007161458334,-0.05712890625,0.5037638346354167
509,nested_padding_sham,13,58,True,0.504150390625,00001111,0.971923828125,0.9710693359375,0.40185546875,0.97149658203125,0.526123046875,0.52606201171875,0.2060546875,0.526092529296875,0.504150390625,0.5020751953125,-0.054443359375,0.50311279296875
509,nested_padding_sham,17,62,True,0.505615234375,00001111,0.862548828125,0.8665771484375,0.403076171875,0.86456298828125,0.629150390625,0.62677001953125,0.250732421875,0.627960205078125,0.505615234375,0.4999593098958333,-0.0517578125,0.5027872721354166
509,nested_padding_sham,24,69,True,0.5107421875,00111111,0.7294921875,0.7249755859375,0.411865234375,0.72723388671875,0.75,0.75244140625,0.335693359375,0.751220703125,0.5107421875,0.5042317708333334,-0.037841796875,0.5074869791666667
509,nested_padding_sham,33,78,True,0.513916015625,00110011,0.588134765625,0.5855712890625,0.40576171875,0.58685302734375,0.878662109375,0.8802490234375,0.392333984375,0.87945556640625,0.513916015625,0.5074462890625,-0.042236328125,0.51068115234375
509,nested_padding_sham,45,90,True,0.498779296875,00110011,0.502685546875,0.503173828125,0.375244140625,0.5029296875,0.995849609375,0.99609375,0.376708984375,0.9959716796875,0.498779296875,0.4998779296875,-0.06640625,0.49932861328125
509,nested_padding_sham,62,107,True,0.5,00110011,0.5,0.5,0.351806640625,0.5,1.0,1.0,0.353271484375,1.0,0.5,0.5,-0.083251953125,0.5
509,nested_padding_sham,85,130,True,0.5,00110011,0.5,0.5,0.33203125,0.5,1.0,1.0,0.33349609375,1.0,0.5,0.5,-0.012451171875,0.5
509,nested_padding_sham,117,162,True,0.5,00110011,0.5,0.5,0.314208984375,0.5,1.0,1.0,0.315673828125,1.0,0.5,0.5,0.24755859375,0.5
509,nested_padding_sham,128,173,True,0.5,00110011,0.5,0.5,0.310546875,0.5,1.0,1.0,0.3115234375,1.0,0.5,0.5,0.274169921875,0.5
509,nested_padding_sham,161,206,True,0.553466796875,00110011,0.506103515625,0.50927734375,0.2890625,0.5076904296875,0.946533203125,0.94744873046875,0.29052734375,0.946990966796875,0.553466796875,0.550048828125,0.289794921875,0.5517578125
509,nested_padding_sham,222,267,True,1.0,01010101,0.5,0.5,0.265380859375,0.5,0.5,0.5,0.265380859375,0.5,1.0,1.0,0.265625,1.0
509,nested_padding_sham,304,349,True,1.0,01010101,0.5,0.5,0.2373046875,0.5,0.5,0.5,0.23779296875,0.5,1.0,1.0,0.238037109375,1.0
509,nested_padding_sham,418,463,True,1.0,01010101,0.5,0.5,0.236328125,0.5,0.5,0.5,0.23681640625,0.5,1.0,1.0,0.237060546875,1.0
509,nested_padding_sham,575,620,True,1.0,01010101,0.5,0.5,0.2353515625,0.5,0.5,0.5,0.23583984375,0.5,1.0,1.0,0.236083984375,1.0
509,nested_padding_sham,790,835,True,1.0,01010101,0.5,0.5,0.244140625,0.5,0.5,0.5,0.244384765625,0.5,1.0,1.0,0.24462890625,1.0
509,nested_padding_sham,1024,1069,True,1.0,01010101,0.5,0.5,0.248291015625,0.5,0.5,0.5,0.24853515625,0.5,1.0,1.0,0.248779296875,1.0
521,independent_noop,0,45,True,0.499755859375,00001111,0.998291015625,0.9981689453125,0.37255859375,0.99822998046875,0.501708984375,0.50213623046875,0.348388671875,0.501922607421875,0.499755859375,0.50048828125,-0.11181640625,0.5001220703125
521,independent_noop,1,46,True,0.501953125,00001111,0.9951171875,0.9957275390625,0.368408203125,0.99542236328125,0.5048828125,0.504638671875,0.348876953125,0.5047607421875,0.501953125,0.5017496744791666,-0.111328125,0.5018513997395833
521,independent_noop,2,47,True,0.501953125,00001111,0.9912109375,0.9921875,0.3603515625,0.99169921875,0.5087890625,0.50830078125,0.345458984375,0.508544921875,0.501953125,0.5016682942708334,-0.113525390625,0.5018107096354167
521,independent_noop,3,48,True,0.50390625,00001111,0.98681640625,0.9864501953125,0.35693359375,0.98663330078125,0.51318359375,0.51409912109375,0.34521484375,0.513641357421875,0.50390625,0.5033365885416666,-0.118896484375,0.5036214192708333
521,independent_noop,4,49,True,0.504638671875,00001111,0.977783203125,0.978515625,0.3525390625,0.9781494140625,0.522216796875,0.523193359375,0.343017578125,0.522705078125,0.504638671875,0.5039469401041666,-0.125732421875,0.5042928059895833
521,independent_noop,5,50,True,0.50341796875,00001111,0.9619140625,0.9610595703125,0.354736328125,0.96148681640625,0.5380859375,0.54010009765625,0.3466796875,0.539093017578125,0.50341796875,0.5029703776041666,-0.12158203125,0.5031941731770833
521,independent_noop,7,52,True,0.4970703125,00001111,0.92236328125,0.923095703125,0.355224609375,0.9227294921875,0.57763671875,0.57745361328125,0.350341796875,0.577545166015625,0.4970703125,0.4989420572916667,-0.111572265625,0.49800618489583337
521,independent_noop,9,54,True,0.49462890625,00001111,0.8681640625,0.869873046875,0.343994140625,0.8690185546875,0.6318359375,0.62939453125,0.341064453125,0.630615234375,0.49462890625,0.4989013671875,-0.12939453125,0.49676513671875
521,independent_noop,13,58,True,0.498779296875,00110011,0.697998046875,0.700439453125,0.328857421875,0.69921875,0.802001953125,0.7999267578125,0.32861328125,0.80096435546875,0.498779296875,0.4991861979166667,-0.14013671875,0.49898274739583337
521,independent_noop,17,62,True,0.506103515625,00110011,0.552490234375,0.554931640625,0.330322265625,0.5537109375,0.947509765625,0.94598388671875,0.330810546875,0.946746826171875,0.506103515625,0.5055745442708334,-0.14208984375,0.5058390299479167
521,independent_noop,24,69,True,0.5,00110011,0.5009765625,0.500732421875,0.328857421875,0.5008544921875,0.9990234375,0.99884033203125,0.328857421875,0.998931884765625,0.5,0.5,-0.154541015625,0.5
521,independent_noop,33,78,True,0.5,00110011,0.5,0.5,0.335693359375,0.5,1.0,1.0,0.335693359375,1.0,0.5,0.5,-0.146240234375,0.5
521,independent_noop,45,90,True,0.5,00110011,0.5,0.5,0.335205078125,0.5,1.0,1.0,0.335205078125,1.0,0.5,0.5,-0.1435546875,0.5
521,independent_noop,62,107,True,0.5,00110011,0.5,0.5,0.33447265625,0.5,1.0,1.0,0.334716796875,1.0,0.5,0.5,-0.134033203125,0.5
521,independent_noop,85,130,True,0.5,00110011,0.5,0.5,0.337890625,0.5,1.0,1.0,0.338134765625,1.0,0.5,0.5,-0.103271484375,0.5
521,independent_noop,117,162,True,0.5,00110011,0.5,0.5,0.310546875,0.5,1.0,0.99993896484375,0.31103515625,0.999969482421875,0.5,0.5,0.028076171875,0.5
521,independent_noop,128,173,True,0.5,00110011,0.5,0.5,0.314208984375,0.5,1.0,1.0,0.3154296875,1.0,0.5,0.5,0.063720703125,0.5
521,independent_noop,161,206,True,0.509765625,00110011,0.50341796875,0.502197265625,0.298828125,0.5028076171875,0.990234375,0.989990234375,0.301025390625,0.9901123046875,0.509765625,0.5096028645833334,0.14697265625,0.5096842447916667
521,independent_noop,222,267,True,0.759521484375,00010001,0.482666015625,0.4840087890625,0.249755859375,0.48333740234375,0.740478515625,0.7420654296875,0.259521484375,0.74127197265625,0.759521484375,0.7574055989583333,0.259521484375,0.7584635416666666
521,independent_noop,304,349,True,1.0,01010101,0.5,0.5,0.30517578125,0.5,0.5,0.5,0.3115234375,0.5,1.0,1.0,0.312744140625,1.0
521,independent_noop,418,463,True,1.0,01010101,0.5,0.5,0.305908203125,0.5,0.5,0.5,0.311279296875,0.5,1.0,1.0,0.3134765625,1.0
521,independent_noop,575,620,True,1.0,01010101,0.5,0.5,0.3037109375,0.5,0.5,0.5,0.308349609375,0.5,1.0,1.0,0.310546875,1.0
521,independent_noop,790,835,True,1.0,01010101,0.5,0.5,0.3017578125,0.5,0.5,0.5,0.3056640625,0.5,1.0,1.0,0.30810546875,1.0
521,independent_noop,1024,1069,True,1.0,01010101,0.5,0.5,0.3017578125,0.5,0.5,0.5,0.3046875,0.5,1.0,1.0,0.307373046875,1.0
521,independent_q_restore,0,45,True,0.5,00001111,1.0,0.999755859375,0.394775390625,0.9998779296875,0.5,0.5001220703125,0.2509765625,0.50006103515625,0.5,0.5002034505208334,-0.076904296875,0.5001017252604167
521,independent_q_restore,1,46,True,0.500244140625,00001111,0.999755859375,0.99951171875,0.395263671875,0.9996337890625,0.500244140625,0.50048828125,0.263916015625,0.5003662109375,0.500244140625,0.5006103515625,-0.07421875,0.50042724609375
521,independent_q_restore,2,47,True,0.50146484375,00001111,0.998046875,0.998291015625,0.389404296875,0.9981689453125,0.501953125,0.5018310546875,0.26904296875,0.50189208984375,0.50146484375,0.5015869140625,-0.080810546875,0.50152587890625
521,independent_q_restore,3,48,True,0.501220703125,00001111,0.995361328125,0.995849609375,0.390380859375,0.99560546875,0.504638671875,0.503662109375,0.28369140625,0.504150390625,0.501220703125,0.5017496744791666,-0.077392578125,0.5014851888020833
521,independent_q_restore,4,49,True,0.50146484375,00001111,0.99365234375,0.993408203125,0.385498046875,0.9935302734375,0.505859375,0.5052490234375,0.29052734375,0.50555419921875,0.50146484375,0.5022786458333334,-0.08251953125,0.5018717447916667
521,independent_q_restore,5,50,True,0.50634765625,00001111,0.9853515625,0.9862060546875,0.386474609375,0.98577880859375,0.51171875,0.51068115234375,0.298095703125,0.511199951171875,0.50634765625,0.505615234375,-0.082763671875,0.5059814453125
521,independent_q_restore,7,52,True,0.50244140625,00001111,0.97021484375,0.9705810546875,0.380859375,0.97039794921875,0.5234375,0.5235595703125,0.30712890625,0.52349853515625,0.50244140625,0.5049641927083334,-0.085693359375,0.5037027994791667
521,independent_q_restore,9,54,True,0.500244140625,00001111,0.949462890625,0.9501953125,0.37744140625,0.9498291015625,0.541748046875,0.54083251953125,0.313720703125,0.541290283203125,0.500244140625,0.50341796875,-0.08251953125,0.5018310546875
521,independent_q_restore,13,58,True,0.5,00001111,0.89990234375,0.9005126953125,0.3779296875,0.90020751953125,0.595703125,0.59307861328125,0.3349609375,0.594390869140625,0.5,0.5035807291666666,-0.089111328125,0.5017903645833333
521,independent_q_restore,17,62,True,0.508056640625,00000011,0.744384765625,0.745849609375,0.37451171875,0.7451171875,0.739990234375,0.73809814453125,0.352783203125,0.739044189453125,0.508056640625,0.50830078125,-0.080322265625,0.5081787109375
521,independent_q_restore,24,69,True,0.51171875,00110011,0.525390625,0.526611328125,0.37744140625,0.5260009765625,0.9296875,0.93035888671875,0.373779296875,0.930023193359375,0.51171875,0.5112711588541666,-0.07177734375,0.5114949544270833
521,independent_q_restore,33,78,True,0.5,00110011,0.4970703125,0.494873046875,0.363037109375,0.4959716796875,0.9931640625,0.99273681640625,0.363037109375,0.992950439453125,0.5,0.5019938151041666,-0.084716796875,0.5009969075520833
521,independent_q_restore,45,90,True,0.5,00110011,0.5,0.5,0.34326171875,0.5,1.0,1.0,0.343505859375,1.0,0.5,0.5,-0.10693359375,0.5
521,independent_q_restore,62,107,True,0.5,00110011,0.5,0.5,0.330078125,0.5,1.0,1.0,0.330322265625,1.0,0.5,0.5,-0.1123046875,0.5
521,independent_q_restore,85,130,True,0.5,00110011,0.5,0.5,0.343994140625,0.5,1.0,1.0,0.34423828125,1.0,0.5,0.5,-0.013427734375,0.5
521,independent_q_restore,117,162,True,0.5,00110011,0.5,0.5001220703125,0.329345703125,0.50006103515625,1.0,0.99993896484375,0.329833984375,0.999969482421875,0.5,0.5000406901041666,0.121826171875,0.5000203450520833
521,independent_q_restore,128,173,True,0.500244140625,00110011,0.499755859375,0.4998779296875,0.310791015625,0.49981689453125,0.999755859375,0.999755859375,0.31201171875,0.999755859375,0.500244140625,0.5001627604166666,0.16552734375,0.5002034505208333
521,independent_q_restore,161,206,True,0.572998046875,00110011,0.510009765625,0.5078125,0.283447265625,0.5089111328125,0.927001953125,0.9283447265625,0.28466796875,0.92767333984375,0.572998046875,0.5697021484375,0.26416015625,0.57135009765625
521,independent_q_restore,222,267,True,0.97216796875,01010101,0.49072265625,0.4910888671875,0.279052734375,0.49090576171875,0.52783203125,0.52716064453125,0.27978515625,0.527496337890625,0.97216796875,0.9744466145833333,0.280517578125,0.9733072916666666
521,independent_q_restore,304,349,True,1.0,01010101,0.5,0.5,0.287109375,0.5,0.5,0.5,0.287353515625,0.5,1.0,1.0,0.2900390625,1.0
521,independent_q_restore,418,463,True,1.0,01010101,0.5,0.5,0.285888671875,0.5,0.5,0.5,0.285400390625,0.5,1.0,1.0,0.288330078125,1.0
521,independent_q_restore,575,620,True,1.0,01010101,0.5,0.5,0.28515625,0.5,0.5,0.5,0.2841796875,0.5,1.0,1.0,0.288330078125,1.0
521,independent_q_restore,790,835,True,1.0,01010101,0.5,0.5,0.291015625,0.5,0.5,0.5,0.290283203125,0.5,1.0,1.0,0.29443359375,1.0
521,independent_q_restore,1024,1069,True,1.0,01010101,0.5,0.5,0.290283203125,0.5,0.5,0.5,0.28857421875,0.5,1.0,1.0,0.293701171875,1.0
521,independent_padding_sham,0,45,True,0.499267578125,00001111,0.991943359375,0.9908447265625,0.38916015625,0.99139404296875,0.508056640625,0.50946044921875,0.3203125,0.508758544921875,0.499267578125,0.5001627604166666,-0.099609375,0.4997151692708333
521,independent_padding_sham,1,46,True,0.4990234375,00001111,0.98974609375,0.98876953125,0.38330078125,0.9892578125,0.51025390625,0.51129150390625,0.321533203125,0.510772705078125,0.4990234375,0.50048828125,-0.099365234375,0.499755859375
521,independent_padding_sham,2,47,True,0.5009765625,00001111,0.984375,0.983642578125,0.3828125,0.9840087890625,0.515625,0.51715087890625,0.3271484375,0.516387939453125,0.5009765625,0.5017496744791666,-0.098388671875,0.5013631184895833
521,independent_padding_sham,3,48,True,0.49951171875,00001111,0.9736328125,0.974609375,0.38037109375,0.97412109375,0.5263671875,0.52557373046875,0.3330078125,0.525970458984375,0.49951171875,0.5009765625,-0.107177734375,0.500244140625
521,independent_padding_sham,4,49,True,0.50146484375,00001111,0.9619140625,0.962890625,0.380615234375,0.96240234375,0.5380859375,0.53662109375,0.338134765625,0.537353515625,0.50146484375,0.502685546875,-0.104736328125,0.5020751953125
521,independent_padding_sham,5,50,True,0.5,00001111,0.9384765625,0.94140625,0.371337890625,0.93994140625,0.56103515625,0.55841064453125,0.33447265625,0.559722900390625,0.5,0.5010172526041666,-0.108642578125,0.5005086263020833
521,independent_padding_sham,7,52,True,0.498779296875,00001111,0.899658203125,0.9024658203125,0.364990234375,0.90106201171875,0.599853515625,0.59912109375,0.33935546875,0.5994873046875,0.498779296875,0.5006103515625,-0.10986328125,0.49969482421875
521,independent_padding_sham,9,54,True,0.495849609375,00001111,0.852294921875,0.85693359375,0.361572265625,0.8546142578125,0.647216796875,0.64459228515625,0.34375,0.645904541015625,0.495849609375,0.4986165364583333,-0.110107421875,0.49723307291666663
521,independent_padding_sham,13,58,True,0.502197265625,00100011,0.745849609375,0.7451171875,0.3525390625,0.7454833984375,0.754150390625,0.75567626953125,0.3466796875,0.754913330078125,0.502197265625,0.5018310546875,-0.11669921875,0.50201416015625
521,independent_padding_sham,17,62,True,0.501220703125,00110011,0.614501953125,0.615478515625,0.34521484375,0.614990234375,0.885498046875,0.8853759765625,0.344482421875,0.88543701171875,0.501220703125,0.5020345052083334,-0.127197265625,0.5016276041666667
521,independent_padding_sham,24,69,True,0.5029296875,00110011,0.50927734375,0.5087890625,0.33837890625,0.509033203125,0.990234375,0.98980712890625,0.3388671875,0.990020751953125,0.5029296875,0.5023193359375,-0.136962890625,0.50262451171875
521,independent_padding_sham,33,78,True,0.499755859375,00110011,0.499755859375,0.4998779296875,0.336669921875,0.49981689453125,0.999755859375,0.9998779296875,0.337158203125,0.99981689453125,0.499755859375,0.4999186197916667,-0.142578125,0.49983723958333337
521,independent_padding_sham,45,90,True,0.5,00110011,0.5,0.5,0.333251953125,0.5,1.0,1.0,0.333740234375,1.0,0.5,0.5,-0.14794921875,0.5
521,independent_padding_sham,62,107,True,0.5,00110011,0.5,0.5,0.3251953125,0.5,1.0,1.0,0.32568359375,1.0,0.5,0.5,-0.157958984375,0.5
521,independent_padding_sham,85,130,True,0.5,00110011,0.5,0.5,0.334228515625,0.5,1.0,1.0,0.334228515625,1.0,0.5,0.5,-0.1142578125,0.5
521,independent_padding_sham,117,162,True,0.5,00110011,0.5,0.5,0.331298828125,0.5,1.0,0.99993896484375,0.33203125,0.999969482421875,0.5,0.5,0.0234375,0.5
521,independent_padding_sham,128,173,True,0.500244140625,00110011,0.499755859375,0.4998779296875,0.3310546875,0.49981689453125,0.999755859375,0.9998779296875,0.33154296875,0.99981689453125,0.500244140625,0.5001627604166666,0.05810546875,0.5002034505208333
521,independent_padding_sham,161,206,True,0.508544921875,00110011,0.503662109375,0.5025634765625,0.32763671875,0.50311279296875,0.991455078125,0.99078369140625,0.32861328125,0.991119384765625,0.508544921875,0.5087076822916666,0.145263671875,0.5086263020833333
521,independent_padding_sham,222,267,True,0.703857421875,00110001,0.478759765625,0.4818115234375,0.2802734375,0.48028564453125,0.796142578125,0.7958984375,0.287109375,0.7960205078125,0.703857421875,0.7020670572916666,0.281982421875,0.7029622395833333
521,independent_padding_sham,304,349,True,1.0,01010101,0.5,0.5,0.276611328125,0.5,0.5,0.5,0.289306640625,0.5,1.0,1.0,0.29052734375,1.0
521,independent_padding_sham,418,463,True,1.0,01010101,0.5,0.5,0.279296875,0.5,0.5,0.5,0.28955078125,0.5,1.0,1.0,0.2919921875,1.0
521,independent_padding_sham,575,620,True,1.0,01010101,0.5,0.5,0.283935546875,0.5,0.5,0.5,0.292236328125,0.5,1.0,1.0,0.29541015625,1.0
521,independent_padding_sham,790,835,True,1.0,01010101,0.5,0.5,0.2880859375,0.5,0.5,0.5,0.29638671875,0.5,1.0,1.0,0.299560546875,1.0
521,independent_padding_sham,1024,1069,True,1.0,01010101,0.5,0.5,0.286376953125,0.5,0.5,0.5,0.29443359375,0.5,1.0,1.0,0.2978515625,1.0
521,nested_noop,0,45,True,0.499755859375,00001111,0.999267578125,0.9991455078125,0.400390625,0.99920654296875,0.500732421875,0.5010986328125,0.201171875,0.50091552734375,0.499755859375,0.4999186197916667,-0.06396484375,0.49983723958333337
521,nested_noop,1,46,True,0.49951171875,00001111,0.99853515625,0.9984130859375,0.41015625,0.99847412109375,0.50146484375,0.5025634765625,0.21484375,0.50201416015625,0.49951171875,0.5000406901041666,-0.0537109375,0.4997762044270833
521,nested_noop,2,47,True,0.5009765625,00001111,0.99658203125,0.9959716796875,0.410400390625,0.99627685546875,0.50341796875,0.504638671875,0.220703125,0.5040283203125,0.5009765625,0.500732421875,-0.046142578125,0.5008544921875
521,nested_noop,3,48,True,0.50341796875,00001111,0.98974609375,0.98974609375,0.40185546875,0.98974609375,0.50927734375,0.509765625,0.2197265625,0.509521484375,0.50341796875,0.5033365885416666,-0.056640625,0.5033772786458333
521,nested_noop,4,49,True,0.503662109375,00001111,0.980712890625,0.9814453125,0.4033203125,0.9810791015625,0.514404296875,0.51556396484375,0.2314453125,0.514984130859375,0.503662109375,0.5044759114583334,-0.0595703125,0.5040690104166667
521,nested_noop,5,50,True,0.50830078125,00001111,0.962890625,0.961669921875,0.404296875,0.9622802734375,0.5263671875,0.52838134765625,0.235107421875,0.527374267578125,0.50830078125,0.50732421875,-0.063720703125,0.5078125
521,nested_noop,7,52,True,0.505126953125,00001111,0.919677734375,0.920654296875,0.397705078125,0.920166015625,0.552001953125,0.55322265625,0.247802734375,0.5526123046875,0.505126953125,0.506591796875,-0.068603515625,0.505859375
521,nested_noop,9,54,True,0.49658203125,00001111,0.8779296875,0.884521484375,0.39697265625,0.8812255859375,0.580078125,0.5777587890625,0.27490234375,0.57891845703125,0.49658203125,0.5017496744791666,-0.073974609375,0.4991658528645833
521,nested_noop,13,58,True,0.5,00001111,0.88818359375,0.889892578125,0.389404296875,0.8890380859375,0.59130859375,0.590576171875,0.2978515625,0.5909423828125,0.5,0.5041097005208334,-0.078857421875,0.5020548502604167
521,nested_noop,17,62,True,0.49755859375,00001111,0.89892578125,0.89697265625,0.387451171875,0.89794921875,0.5986328125,0.601318359375,0.319091796875,0.5999755859375,0.49755859375,0.5020345052083334,-0.08935546875,0.4997965494791667
521,nested_noop,24,69,True,0.50439453125,00000011,0.70703125,0.705322265625,0.382080078125,0.7061767578125,0.775390625,0.77362060546875,0.370361328125,0.774505615234375,0.50439453125,0.5078531901041666,-0.093994140625,0.5061238606770833
521,nested_noop,33,78,True,0.50537109375,00110011,0.54638671875,0.545166015625,0.38671875,0.5457763671875,0.95361328125,0.95440673828125,0.393310546875,0.954010009765625,0.50537109375,0.5050455729166666,-0.08203125,0.5052083333333333
521,nested_noop,45,90,True,0.500244140625,00110011,0.501220703125,0.501220703125,0.35986328125,0.501220703125,0.998779296875,0.99859619140625,0.36669921875,0.998687744140625,0.500244140625,0.50048828125,-0.08447265625,0.5003662109375
521,nested_noop,62,107,True,0.5,00110011,0.5,0.5,0.33935546875,0.5,1.0,1.0,0.341552734375,1.0,0.5,0.5,-0.045166015625,0.5
521,nested_noop,85,130,True,0.5,00110011,0.5,0.5,0.331298828125,0.5,1.0,1.0,0.331298828125,1.0,0.5,0.5,0.010009765625,0.5
521,nested_noop,117,162,True,0.51025390625,00110011,0.5048828125,0.5050048828125,0.3173828125,0.50494384765625,0.98974609375,0.99017333984375,0.31787109375,0.989959716796875,0.51025390625,0.5096435546875,0.119873046875,0.50994873046875
521,nested_noop,128,173,True,0.518798828125,00110011,0.494384765625,0.49658203125,0.31689453125,0.4954833984375,0.979736328125,0.9808349609375,0.3173828125,0.98028564453125,0.518798828125,0.5185139973958334,0.174072265625,0.5186564127604167
521,nested_noop,161,206,True,0.661865234375,00110011,0.523681640625,0.517822265625,0.302734375,0.520751953125,0.838134765625,0.84075927734375,0.30224609375,0.839447021484375,0.661865234375,0.6599527994791666,0.298828125,0.6609090169270833
521,nested_noop,222,267,True,1.0,01010101,0.5,0.5,0.271728515625,0.5,0.5,0.5,0.2705078125,0.5,1.0,1.0,0.271728515625,1.0
521,nested_noop,304,349,True,1.0,01010101,0.5,0.5,0.28173828125,0.5,0.5,0.5,0.28076171875,0.5,1.0,1.0,0.28173828125,1.0
521,nested_noop,418,463,True,1.0,01010101,0.5,0.5,0.288330078125,0.5,0.5,0.5,0.287109375,0.5,1.0,1.0,0.288330078125,1.0
521,nested_noop,575,620,True,1.0,01010101,0.5,0.5,0.289794921875,0.5,0.5,0.5,0.28857421875,0.5,1.0,1.0,0.289794921875,1.0
521,nested_noop,790,835,True,1.0,01010101,0.5,0.5,0.286865234375,0.5,0.5,0.5,0.28564453125,0.5,1.0,1.0,0.286865234375,1.0
521,nested_noop,1024,1069,True,1.0,01010101,0.5,0.5,0.285400390625,0.5,0.5,0.5,0.2841796875,0.5,1.0,1.0,0.285400390625,1.0
521,nested_q_transplant,0,45,True,0.499755859375,00001111,0.999267578125,0.9991455078125,0.396484375,0.99920654296875,0.500732421875,0.50115966796875,0.269287109375,0.500946044921875,0.499755859375,0.5,-0.06982421875,0.4998779296875
521,nested_q_transplant,1,46,True,0.499755859375,00001111,0.998291015625,0.997802734375,0.397216796875,0.998046875,0.501708984375,0.502685546875,0.281494140625,0.502197265625,0.499755859375,0.5001220703125,-0.06298828125,0.49993896484375
521,nested_q_transplant,2,47,True,0.5029296875,00001111,0.9931640625,0.9937744140625,0.388427734375,0.99346923828125,0.5068359375,0.50775146484375,0.278564453125,0.507293701171875,0.5029296875,0.5020345052083334,-0.075439453125,0.5024820963541667
521,nested_q_transplant,3,48,True,0.502685546875,00001111,0.987548828125,0.98779296875,0.38671875,0.9876708984375,0.512451171875,0.51385498046875,0.286376953125,0.513153076171875,0.502685546875,0.5026448567708334,-0.080078125,0.5026652018229167
521,nested_q_transplant,4,49,True,0.506591796875,00001111,0.975830078125,0.9755859375,0.3837890625,0.9757080078125,0.524169921875,0.52630615234375,0.29296875,0.525238037109375,0.506591796875,0.5051676432291666,-0.0849609375,0.5058797200520833
521,nested_q_transplant,5,50,True,0.50146484375,00001111,0.95361328125,0.950927734375,0.38134765625,0.9522705078125,0.54248046875,0.545166015625,0.298828125,0.5438232421875,0.50146484375,0.5026448567708334,-0.088623046875,0.5020548502604167
521,nested_q_transplant,7,52,True,0.49755859375,00001111,0.90966796875,0.9110107421875,0.375732421875,0.91033935546875,0.58251953125,0.5816650390625,0.306640625,0.58209228515625,0.49755859375,0.5001627604166666,-0.096435546875,0.4988606770833333
521,nested_q_transplant,9,54,True,0.497802734375,00001111,0.879638671875,0.884033203125,0.375244140625,0.8818359375,0.610107421875,0.6090087890625,0.324462890625,0.60955810546875,0.497802734375,0.5013834635416666,-0.102783203125,0.4995930989583333
521,nested_q_transplant,13,58,True,0.4970703125,00101111,0.8701171875,0.874755859375,0.369384765625,0.8724365234375,0.62841796875,0.62493896484375,0.33984375,0.626678466796875,0.4970703125,0.5014241536458334,-0.101318359375,0.4992472330729167
521,nested_q_transplant,17,62,True,0.501220703125,00001111,0.785888671875,0.7884521484375,0.367919921875,0.78717041015625,0.714111328125,0.7088623046875,0.358642578125,0.71148681640625,0.501220703125,0.5016682942708334,-0.103759765625,0.5014444986979167
521,nested_q_transplant,24,69,True,0.505859375,00110011,0.59375,0.59619140625,0.356689453125,0.594970703125,0.9052734375,0.90325927734375,0.362060546875,0.904266357421875,0.505859375,0.5068766276041666,-0.1103515625,0.5063680013020833
521,nested_q_transplant,33,78,True,0.499755859375,00110011,0.508544921875,0.5081787109375,0.346435546875,0.50836181640625,0.991455078125,0.99114990234375,0.356689453125,0.991302490234375,0.499755859375,0.5011393229166666,-0.1142578125,0.5004475911458333
521,nested_q_transplant,45,90,True,0.5,00110011,0.5,0.5,0.327392578125,0.5,1.0,1.0,0.332275390625,1.0,0.5,0.5,-0.11572265625,0.5
521,nested_q_transplant,62,107,True,0.5,00110011,0.5,0.5,0.313720703125,0.5,1.0,1.0,0.316650390625,1.0,0.5,0.5,-0.080322265625,0.5
521,nested_q_transplant,85,130,True,0.5,00110011,0.5,0.5,0.32568359375,0.5,1.0,1.0,0.326904296875,1.0,0.5,0.5,0.0205078125,0.5
521,nested_q_transplant,117,162,True,0.533447265625,00110011,0.496337890625,0.49755859375,0.29443359375,0.4969482421875,0.966552734375,0.9654541015625,0.2958984375,0.96600341796875,0.533447265625,0.5329182942708334,0.10498046875,0.5331827799479167
521,nested_q_transplant,128,173,True,0.53173828125,00110011,0.4921875,0.4921875,0.30224609375,0.4921875,0.96826171875,0.96820068359375,0.30419921875,0.968231201171875,0.53173828125,0.531982421875,0.14501953125,0.5318603515625
521,nested_q_transplant,161,206,True,0.621337890625,00110011,0.508056640625,0.506103515625,0.28759765625,0.507080078125,0.878662109375,0.8787841796875,0.28857421875,0.87872314453125,0.621337890625,0.622314453125,0.257080078125,0.621826171875
521,nested_q_transplant,222,267,True,0.99755859375,01010101,0.4990234375,0.4996337890625,0.250732421875,0.49932861328125,0.50244140625,0.5028076171875,0.248779296875,0.50262451171875,0.99755859375,0.9971923828125,0.250732421875,0.99737548828125
521,nested_q_transplant,304,349,True,1.0,01010101,0.5,0.5,0.269775390625,0.5,0.5,0.5,0.26806640625,0.5,1.0,1.0,0.269775390625,1.0
521,nested_q_transplant,418,463,True,1.0,01010101,0.5,0.5,0.2734375,0.5,0.5,0.5,0.271728515625,0.5,1.0,1.0,0.2734375,1.0
521,nested_q_transplant,575,620,True,1.0,01010101,0.5,0.5,0.26806640625,0.5,0.5,0.5,0.26611328125,0.5,1.0,1.0,0.26806640625,1.0
521,nested_q_transplant,790,835,True,1.0,01010101,0.5,0.5,0.265380859375,0.5,0.5,0.5,0.26318359375,0.5,1.0,1.0,0.265380859375,1.0
521,nested_q_transplant,1024,1069,True,1.0,01010101,0.5,0.5,0.26416015625,0.5,0.5,0.5,0.261962890625,0.5,1.0,1.0,0.26416015625,1.0
521,nested_padding_sham,0,45,True,0.49951171875,00001111,0.9990234375,0.99853515625,0.40087890625,0.998779296875,0.5009765625,0.50140380859375,0.192626953125,0.501190185546875,0.49951171875,0.4998372395833333,-0.062744140625,0.49967447916666663
521,nested_padding_sham,1,46,True,0.500244140625,00001111,0.997802734375,0.9974365234375,0.403076171875,0.99761962890625,0.502197265625,0.503173828125,0.1962890625,0.502685546875,0.500244140625,0.5002848307291666,-0.051513671875,0.5002644856770833
521,nested_padding_sham,2,47,True,0.501220703125,00001111,0.994873046875,0.993896484375,0.406005859375,0.994384765625,0.505126953125,0.50689697265625,0.206787109375,0.506011962890625,0.501220703125,0.5017903645833334,-0.04736328125,0.5015055338541667
521,nested_padding_sham,3,48,True,0.504150390625,00001111,0.987060546875,0.986572265625,0.404541015625,0.98681640625,0.510498046875,0.51177978515625,0.20849609375,0.511138916015625,0.504150390625,0.5037841796875,-0.049560546875,0.50396728515625
521,nested_padding_sham,4,49,True,0.5068359375,00001111,0.97509765625,0.97509765625,0.401123046875,0.97509765625,0.51806640625,0.52056884765625,0.212158203125,0.519317626953125,0.5068359375,0.5061848958333334,-0.0537109375,0.5065104166666667
521,nested_padding_sham,5,50,True,0.503173828125,00001111,0.954345703125,0.953857421875,0.403564453125,0.9541015625,0.529052734375,0.5323486328125,0.224853515625,0.53070068359375,0.503173828125,0.505126953125,-0.056884765625,0.504150390625
521,nested_padding_sham,7,52,True,0.502685546875,00001111,0.911376953125,0.9141845703125,0.401611328125,0.91278076171875,0.552490234375,0.5560302734375,0.238525390625,0.55426025390625,0.502685546875,0.5043131510416666,-0.0625,0.5034993489583333
521,nested_padding_sham,9,54,True,0.499267578125,00001111,0.879150390625,0.8841552734375,0.40478515625,0.88165283203125,0.574951171875,0.5748291015625,0.263916015625,0.57489013671875,0.499267578125,0.5041097005208334,-0.052978515625,0.5016886393229167
521,nested_padding_sham,13,58,True,0.497314453125,00001111,0.885009765625,0.8895263671875,0.396484375,0.88726806640625,0.591064453125,0.590576171875,0.28271484375,0.5908203125,0.497314453125,0.5034993489583334,-0.076416015625,0.5004069010416667
521,nested_padding_sham,17,62,True,0.4951171875,00001111,0.89697265625,0.8951416015625,0.396728515625,0.89605712890625,0.599609375,0.60321044921875,0.30859375,0.601409912109375,0.4951171875,0.5013427734375,-0.078857421875,0.49822998046875
521,nested_padding_sham,24,69,True,0.501708984375,00000011,0.703369140625,0.702392578125,0.386474609375,0.702880859375,0.771240234375,0.770263671875,0.364990234375,0.770751953125,0.501708984375,0.5076904296875,-0.0849609375,0.50469970703125
521,nested_padding_sham,33,78,True,0.50390625,00110011,0.552734375,0.5517578125,0.37939453125,0.55224609375,0.94677734375,0.94903564453125,0.387939453125,0.947906494140625,0.50390625,0.5044759114583334,-0.085205078125,0.5041910807291667
521,nested_padding_sham,45,90,True,0.500732421875,00110011,0.503173828125,0.5028076171875,0.36279296875,0.50299072265625,0.996826171875,0.9970703125,0.3681640625,0.9969482421875,0.500732421875,0.5006510416666666,-0.082763671875,0.5006917317708333
521,nested_padding_sham,62,107,True,0.5,00110011,0.5,0.5,0.340576171875,0.5,1.0,1.0,0.34326171875,1.0,0.5,0.5,-0.062255859375,0.5
521,nested_padding_sham,85,130,True,0.5,00110011,0.5,0.5,0.33203125,0.5,1.0,1.0,0.332275390625,1.0,0.5,0.5,-0.00390625,0.5
521,nested_padding_sham,117,162,True,0.500732421875,00110011,0.500732421875,0.50048828125,0.31298828125,0.5006103515625,0.999267578125,0.998779296875,0.313232421875,0.9990234375,0.500732421875,0.5008138020833334,0.077392578125,0.5007731119791667
521,nested_padding_sham,128,173,True,0.49951171875,00110011,0.49951171875,0.49951171875,0.3125,0.49951171875,0.99951171875,0.99920654296875,0.313232421875,0.999359130859375,0.49951171875,0.5002034505208334,0.14794921875,0.4998575846354167
521,nested_padding_sham,161,206,True,0.656005859375,00110011,0.519287109375,0.5172119140625,0.294677734375,0.51824951171875,0.843994140625,0.84625244140625,0.294677734375,0.845123291015625,0.656005859375,0.65234375,0.284912109375,0.6541748046875
521,nested_padding_sham,222,267,True,1.0,01010101,0.5,0.5,0.268310546875,0.5,0.5,0.5,0.267822265625,0.5,1.0,1.0,0.268310546875,1.0
521,nested_padding_sham,304,349,True,1.0,01010101,0.5,0.5,0.28564453125,0.5,0.5,0.5,0.2841796875,0.5,1.0,1.0,0.28564453125,1.0
521,nested_padding_sham,418,463,True,1.0,01010101,0.5,0.5,0.290283203125,0.5,0.5,0.5,0.2890625,0.5,1.0,1.0,0.290283203125,1.0
521,nested_padding_sham,575,620,True,1.0,01010101,0.5,0.5,0.29052734375,0.5,0.5,0.5,0.289306640625,0.5,1.0,1.0,0.29052734375,1.0
521,nested_padding_sham,790,835,True,1.0,01010101,0.5,0.5,0.2880859375,0.5,0.5,0.5,0.286376953125,0.5,1.0,1.0,0.2880859375,1.0
521,nested_padding_sham,1024,1069,True,1.0,01010101,0.5,0.5,0.28857421875,0.5,0.5,0.5,0.287353515625,0.5,1.0,1.0,0.288818359375,1.0
523,independent_noop,0,45,True,0.500244140625,00001111,0.999755859375,0.9996337890625,0.39697265625,0.99969482421875,0.500244140625,0.5003662109375,0.258056640625,0.50030517578125,0.500244140625,0.5001627604166666,-0.000244140625,0.5002034505208333
523,independent_noop,1,46,True,0.500244140625,00001111,0.999755859375,0.9996337890625,0.393798828125,0.99969482421875,0.500244140625,0.50030517578125,0.269287109375,0.500274658203125,0.500244140625,0.5001220703125,0.00439453125,0.50018310546875
523,independent_noop,2,47,True,0.500244140625,00001111,0.999755859375,0.999755859375,0.387451171875,0.999755859375,0.500244140625,0.5001220703125,0.27734375,0.50018310546875,0.500244140625,0.5001220703125,0.006103515625,0.50018310546875
523,independent_noop,3,48,True,0.500244140625,00001111,0.999755859375,0.9996337890625,0.38818359375,0.99969482421875,0.500244140625,0.500244140625,0.287353515625,0.500244140625,0.500244140625,0.5000406901041666,0.0146484375,0.5001424153645833
523,independent_noop,4,49,True,0.499755859375,00001111,0.999267578125,0.9993896484375,0.3837890625,0.99932861328125,0.500732421875,0.50079345703125,0.29150390625,0.500762939453125,0.499755859375,0.4997965494791667,0.02294921875,0.49977620442708337
523,independent_noop,5,50,True,0.5,00001111,0.9990234375,0.9990234375,0.384033203125,0.9990234375,0.5009765625,0.50140380859375,0.30224609375,0.501190185546875,0.5,0.5000406901041666,0.029052734375,0.5000203450520833
523,independent_noop,7,52,True,0.501220703125,00001111,0.995361328125,0.9949951171875,0.37890625,0.99517822265625,0.504638671875,0.505126953125,0.31640625,0.5048828125,0.501220703125,0.5013020833333334,0.037109375,0.5012613932291667
523,independent_noop,9,54,True,0.50830078125,00001111,0.97607421875,0.9766845703125,0.37890625,0.97637939453125,0.52392578125,0.52386474609375,0.3369140625,0.523895263671875,0.50830078125,0.5069986979166666,0.04296875,0.5076497395833333
523,independent_noop,13,58,True,0.530517578125,00000111,0.869384765625,0.86474609375,0.37109375,0.8670654296875,0.630126953125,0.62982177734375,0.358154296875,0.629974365234375,0.530517578125,0.5268961588541666,0.05517578125,0.5287068684895833
523,independent_noop,17,62,True,0.532958984375,00110111,0.728271484375,0.7230224609375,0.36572265625,0.72564697265625,0.770263671875,0.7725830078125,0.364013671875,0.77142333984375,0.532958984375,0.5353190104166666,0.072021484375,0.5341389973958333
523,independent_noop,24,69,True,0.524169921875,00110011,0.553466796875,0.5531005859375,0.3544921875,0.55328369140625,0.945068359375,0.944580078125,0.35498046875,0.94482421875,0.524169921875,0.529541015625,0.097900390625,0.52685546875
523,independent_noop,33,78,True,0.50341796875,00110011,0.5048828125,0.504150390625,0.345458984375,0.5045166015625,0.99462890625,0.99517822265625,0.345703125,0.994903564453125,0.50341796875,0.5041910807291666,0.134033203125,0.5038045247395833
523,independent_noop,45,90,True,0.5,00110011,0.5,0.500244140625,0.34375,0.5001220703125,1.0,0.99993896484375,0.343994140625,0.999969482421875,0.5,0.5000813802083334,0.22265625,0.5000406901041667
523,independent_noop,62,107,True,0.5,00110011,0.5,0.5,0.32470703125,0.5,1.0,0.99993896484375,0.32470703125,0.999969482421875,0.5,0.5,0.294677734375,0.5
523,independent_noop,85,130,True,0.510986328125,00110011,0.500244140625,0.4990234375,0.33203125,0.4996337890625,0.989013671875,0.9881591796875,0.332275390625,0.98858642578125,0.510986328125,0.5106608072916666,0.332275390625,0.5108235677083333
523,independent_noop,117,162,True,0.76806640625,00010001,0.50439453125,0.50830078125,0.34130859375,0.50634765625,0.73193359375,0.7320556640625,0.341552734375,0.73199462890625,0.76806640625,0.769287109375,0.341552734375,0.7686767578125
523,independent_noop,128,173,True,0.91650390625,01010101,0.49560546875,0.49462890625,0.3369140625,0.4951171875,0.58349609375,0.5838623046875,0.3369140625,0.58367919921875,0.91650390625,0.9152018229166667,0.3369140625,0.9158528645833334
523,independent_noop,161,206,True,1.0,01010101,0.5,0.5,0.33349609375,0.5,0.5,0.5,0.33349609375,0.5,1.0,1.0,0.33349609375,1.0
523,independent_noop,222,267,True,1.0,01010101,0.5,0.5,0.339599609375,0.5,0.5,0.5,0.33935546875,0.5,1.0,1.0,0.339599609375,1.0
523,independent_noop,304,349,True,1.0,01010101,0.5,0.5,0.33935546875,0.5,0.5,0.5,0.338623046875,0.5,1.0,1.0,0.33935546875,1.0
523,independent_noop,418,463,True,1.0,01010101,0.5,0.5,0.34375,0.5,0.5,0.5,0.343017578125,0.5,1.0,1.0,0.34375,1.0
523,independent_noop,575,620,True,1.0,01010101,0.5,0.5,0.346435546875,0.5,0.5,0.5,0.345703125,0.5,1.0,1.0,0.346435546875,1.0
523,independent_noop,790,835,True,1.0,01010101,0.5,0.5,0.348388671875,0.5,0.5,0.5,0.34765625,0.5,1.0,1.0,0.348388671875,1.0
523,independent_noop,1024,1069,True,1.0,01010101,0.5,0.5,0.34423828125,0.5,0.5,0.5,0.34375,0.5,1.0,1.0,0.34423828125,1.0
523,independent_q_restore,0,45,True,0.5,00001111,1.0,1.0,0.4189453125,1.0,0.5,0.5,0.15380859375,0.5,0.5,0.5,0.02197265625,0.5
523,independent_q_restore,1,46,True,0.5,00001111,1.0,1.0,0.41748046875,1.0,0.5,0.5,0.166015625,0.5,0.5,0.5,0.028564453125,0.5
523,independent_q_restore,2,47,True,0.5,00001111,1.0,1.0,0.412841796875,1.0,0.5,0.5,0.173828125,0.5,0.5,0.5,0.0302734375,0.5
523,independent_q_restore,3,48,True,0.5,00001111,1.0,1.0,0.408203125,1.0,0.5,0.5,0.181396484375,0.5,0.5,0.5,0.035400390625,0.5
523,independent_q_restore,4,49,True,0.5,00001111,1.0,1.0,0.406494140625,1.0,0.5,0.5,0.186767578125,0.5,0.5,0.5,0.042724609375,0.5
523,independent_q_restore,5,50,True,0.5,00001111,1.0,1.0,0.3994140625,1.0,0.5,0.5,0.1865234375,0.5,0.5,0.4999593098958333,0.04443359375,0.49997965494791663
523,independent_q_restore,7,52,True,0.5,00001111,1.0,0.9998779296875,0.393798828125,0.99993896484375,0.5,0.5,0.1953125,0.5,0.5,0.4999593098958333,0.0556640625,0.49997965494791663
523,independent_q_restore,9,54,True,0.499755859375,00001111,0.999755859375,0.9991455078125,0.39111328125,0.99945068359375,0.500244140625,0.50042724609375,0.21630859375,0.500335693359375,0.499755859375,0.4998779296875,0.06640625,0.49981689453125
523,independent_q_restore,13,58,True,0.513671875,00001111,0.9716796875,0.97265625,0.388916015625,0.97216796875,0.521484375,0.51934814453125,0.23779296875,0.520416259765625,0.513671875,0.51123046875,0.087890625,0.512451171875
523,independent_q_restore,17,62,True,0.54541015625,00001111,0.8896484375,0.888427734375,0.389404296875,0.8890380859375,0.58740234375,0.58392333984375,0.2783203125,0.585662841796875,0.54541015625,0.5411376953125,0.1123046875,0.54327392578125
523,independent_q_restore,24,69,True,0.568359375,00110111,0.61474609375,0.6136474609375,0.388671875,0.61419677734375,0.751953125,0.74774169921875,0.349609375,0.749847412109375,0.568359375,0.57568359375,0.15966796875,0.572021484375
523,independent_q_restore,33,78,True,0.59033203125,00110011,0.5078125,0.509765625,0.3701171875,0.5087890625,0.7998046875,0.8016357421875,0.367919921875,0.80072021484375,0.59033203125,0.5933024088541666,0.191162109375,0.5918172200520833
523,independent_q_restore,45,90,True,0.548828125,00110011,0.50146484375,0.50390625,0.35888671875,0.502685546875,0.94189453125,0.94158935546875,0.35986328125,0.941741943359375,0.548828125,0.5491129557291666,0.24658203125,0.5489705403645833
523,independent_q_restore,62,107,True,0.5,00110011,0.5,0.5001220703125,0.349365234375,0.50006103515625,1.0,0.9998779296875,0.349609375,0.99993896484375,0.5,0.5000406901041666,0.324951171875,0.5000203450520833
523,independent_q_restore,85,130,True,0.5048828125,00110011,0.498046875,0.497802734375,0.32666015625,0.4979248046875,0.9951171875,0.994873046875,0.32666015625,0.9949951171875,0.5048828125,0.5045166015625,0.326416015625,0.50469970703125
523,independent_q_restore,117,162,True,0.867919921875,01010101,0.513916015625,0.51416015625,0.30908203125,0.5140380859375,0.632080078125,0.6348876953125,0.3095703125,0.63348388671875,0.867919921875,0.8683675130208333,0.3095703125,0.8681437174479166
523,independent_q_restore,128,173,True,0.974853515625,01010101,0.499267578125,0.499267578125,0.30224609375,0.499267578125,0.525146484375,0.5260009765625,0.302734375,0.52557373046875,0.974853515625,0.9742431640625,0.302734375,0.97454833984375
523,independent_q_restore,161,206,True,1.0,01010101,0.5,0.5,0.292236328125,0.5,0.5,0.5,0.292236328125,0.5,1.0,1.0,0.292724609375,1.0
523,independent_q_restore,222,267,True,1.0,01010101,0.5,0.5,0.294677734375,0.5,0.5,0.5,0.29296875,0.5,1.0,1.0,0.294921875,1.0
523,independent_q_restore,304,349,True,1.0,01010101,0.5,0.5,0.29736328125,0.5,0.5,0.5,0.295166015625,0.5,1.0,1.0,0.297607421875,1.0
523,independent_q_restore,418,463,True,1.0,01010101,0.5,0.5,0.294921875,0.5,0.5,0.5,0.29296875,0.5,1.0,1.0,0.295166015625,1.0
523,independent_q_restore,575,620,True,1.0,01010101,0.5,0.5,0.29345703125,0.5,0.5,0.5,0.291259765625,0.5,1.0,1.0,0.293701171875,1.0
523,independent_q_restore,790,835,True,1.0,01010101,0.5,0.5,0.29296875,0.5,0.5,0.5,0.29052734375,0.5,1.0,1.0,0.293212890625,1.0
523,independent_q_restore,1024,1069,True,1.0,01010101,0.5,0.5,0.291748046875,0.5,0.5,0.5,0.289306640625,0.5,1.0,1.0,0.2919921875,1.0
523,independent_padding_sham,0,45,True,0.500244140625,00001111,0.993896484375,0.994873046875,0.4033203125,0.994384765625,0.506103515625,0.505859375,0.20849609375,0.5059814453125,0.500244140625,0.5003255208333334,-0.01220703125,0.5002848307291667
523,independent_padding_sham,1,46,True,0.4990234375,00001111,0.99560546875,0.996826171875,0.3994140625,0.9962158203125,0.50439453125,0.5037841796875,0.2197265625,0.50408935546875,0.4990234375,0.5000813802083334,-0.006591796875,0.4995524088541667
523,independent_padding_sham,2,47,True,0.49951171875,00001111,0.99755859375,0.9981689453125,0.394775390625,0.99786376953125,0.50244140625,0.50213623046875,0.23095703125,0.502288818359375,0.49951171875,0.5,-0.0068359375,0.499755859375
523,independent_padding_sham,3,48,True,0.50048828125,00001111,0.99609375,0.996826171875,0.393310546875,0.9964599609375,0.50390625,0.503173828125,0.239013671875,0.5035400390625,0.50048828125,0.50048828125,0.006591796875,0.50048828125
523,independent_padding_sham,4,49,True,0.5,00001111,0.99462890625,0.9951171875,0.38916015625,0.994873046875,0.50537109375,0.5050048828125,0.2451171875,0.50518798828125,0.5,0.5004069010416666,0.0048828125,0.5002034505208333
523,independent_padding_sham,5,50,True,0.500244140625,00001111,0.992431640625,0.992431640625,0.390869140625,0.992431640625,0.507568359375,0.5072021484375,0.2568359375,0.50738525390625,0.500244140625,0.5006510416666666,0.01220703125,0.5004475911458333
523,independent_padding_sham,7,52,True,0.5068359375,00001111,0.9833984375,0.98388671875,0.378173828125,0.983642578125,0.5166015625,0.5164794921875,0.26171875,0.51654052734375,0.5068359375,0.50537109375,0.010498046875,0.506103515625
523,independent_padding_sham,9,54,True,0.5107421875,00001111,0.95947265625,0.959228515625,0.380126953125,0.9593505859375,0.54052734375,0.5408935546875,0.282958984375,0.54071044921875,0.5107421875,0.5079345703125,0.0244140625,0.50933837890625
523,independent_padding_sham,13,58,True,0.518798828125,00001111,0.877685546875,0.8736572265625,0.36279296875,0.87567138671875,0.622314453125,0.62030029296875,0.3115234375,0.621307373046875,0.518798828125,0.516357421875,0.024658203125,0.517578125
523,independent_padding_sham,17,62,True,0.53466796875,00010111,0.767578125,0.763427734375,0.36962890625,0.7655029296875,0.7314453125,0.7320556640625,0.35009765625,0.73175048828125,0.53466796875,0.5307210286458334,0.06005859375,0.5326944986979167
523,independent_padding_sham,24,69,True,0.533447265625,00110011,0.588623046875,0.586181640625,0.361328125,0.58740234375,0.905029296875,0.90496826171875,0.35986328125,0.904998779296875,0.533447265625,0.5345052083333334,0.0810546875,0.5339762369791667
523,independent_padding_sham,33,78,True,0.512451171875,00110011,0.516357421875,0.5162353515625,0.34912109375,0.51629638671875,0.982177734375,0.982177734375,0.34912109375,0.982177734375,0.512451171875,0.5137939453125,0.114013671875,0.51312255859375
523,independent_padding_sham,45,90,True,0.5009765625,00110011,0.5009765625,0.5009765625,0.3408203125,0.5009765625,0.9990234375,0.99871826171875,0.3408203125,0.998870849609375,0.5009765625,0.5010986328125,0.180908203125,0.50103759765625
523,independent_padding_sham,62,107,True,0.5,00110011,0.5,0.5,0.339111328125,0.5,1.0,1.0,0.33935546875,1.0,0.5,0.5,0.283447265625,0.5
523,independent_padding_sham,85,130,True,0.50732421875,00110011,0.5,0.4981689453125,0.330078125,0.49908447265625,0.99267578125,0.9915771484375,0.330322265625,0.99212646484375,0.50732421875,0.5065104166666666,0.329345703125,0.5069173177083333
523,independent_padding_sham,117,162,True,0.73291015625,00010011,0.5078125,0.50732421875,0.343017578125,0.507568359375,0.76708984375,0.767333984375,0.343017578125,0.7672119140625,0.73291015625,0.7323404947916666,0.343017578125,0.7326253255208333
523,independent_padding_sham,128,173,True,0.89892578125,01010101,0.49169921875,0.4918212890625,0.34130859375,0.49176025390625,0.60107421875,0.60137939453125,0.341552734375,0.601226806640625,0.89892578125,0.8956298828125,0.341552734375,0.89727783203125
523,independent_padding_sham,161,206,True,1.0,01010101,0.5,0.5,0.3291015625,0.5,0.5,0.5,0.32861328125,0.5,1.0,1.0,0.3291015625,1.0
523,independent_padding_sham,222,267,True,1.0,01010101,0.5,0.5,0.323486328125,0.5,0.5,0.5,0.322998046875,0.5,1.0,1.0,0.323486328125,1.0
523,independent_padding_sham,304,349,True,1.0,01010101,0.5,0.5,0.3212890625,0.5,0.5,0.5,0.32080078125,0.5,1.0,1.0,0.3212890625,1.0
523,independent_padding_sham,418,463,True,1.0,01010101,0.5,0.5,0.313720703125,0.5,0.5,0.5,0.313232421875,0.5,1.0,1.0,0.313720703125,1.0
523,independent_padding_sham,575,620,True,1.0,01010101,0.5,0.5,0.315673828125,0.5,0.5,0.5,0.315185546875,0.5,1.0,1.0,0.315673828125,1.0
523,independent_padding_sham,790,835,True,1.0,01010101,0.5,0.5,0.315185546875,0.5,0.5,0.5,0.314453125,0.5,1.0,1.0,0.315185546875,1.0
523,independent_padding_sham,1024,1069,True,1.0,01010101,0.5,0.5,0.320068359375,0.5,0.5,0.5,0.3193359375,0.5,1.0,1.0,0.320068359375,1.0
523,nested_noop,0,45,True,0.5,00001111,1.0,1.0,0.420166015625,1.0,0.5,0.5,0.09912109375,0.5,0.5,0.5,0.010986328125,0.5
523,nested_noop,1,46,True,0.5,00001111,1.0,1.0,0.41552734375,1.0,0.5,0.5,0.093017578125,0.5,0.5,0.5,0.01806640625,0.5
523,nested_noop,2,47,True,0.5,00001111,1.0,1.0,0.4130859375,1.0,0.5,0.5,0.09423828125,0.5,0.5,0.5,0.0263671875,0.5
523,nested_noop,3,48,True,0.5,00001111,1.0,1.0,0.4130859375,1.0,0.5,0.5,0.098388671875,0.5,0.5,0.5,0.032958984375,0.5
523,nested_noop,4,49,True,0.5,00001111,1.0,1.0,0.412353515625,1.0,0.5,0.5,0.102783203125,0.5,0.5,0.5,0.033935546875,0.5
523,nested_noop,5,50,True,0.5,00001111,1.0,1.0,0.41259765625,1.0,0.5,0.5,0.10595703125,0.5,0.5,0.5,0.031494140625,0.5
523,nested_noop,7,52,True,0.500244140625,00001111,0.999267578125,0.9993896484375,0.413330078125,0.99932861328125,0.500732421875,0.5003662109375,0.126708984375,0.50054931640625,0.500244140625,0.5002034505208334,0.045166015625,0.5002237955729167
523,nested_noop,9,54,True,0.500244140625,00001111,0.999267578125,0.999267578125,0.410888671875,0.999267578125,0.500732421875,0.50091552734375,0.140625,0.500823974609375,0.500244140625,0.5005696614583334,0.050537109375,0.5004069010416667
523,nested_noop,13,58,True,0.505615234375,00001111,0.987060546875,0.98681640625,0.42333984375,0.9869384765625,0.512451171875,0.5115966796875,0.188232421875,0.51202392578125,0.505615234375,0.50634765625,0.06884765625,0.5059814453125
523,nested_noop,17,62,True,0.5322265625,00001111,0.92626953125,0.9283447265625,0.42041015625,0.92730712890625,0.5537109375,0.5518798828125,0.21728515625,0.55279541015625,0.5322265625,0.5296223958333334,0.088134765625,0.5309244791666667
523,nested_noop,24,69,True,0.578857421875,00011111,0.780517578125,0.78173828125,0.4228515625,0.7811279296875,0.660888671875,0.65966796875,0.276611328125,0.6602783203125,0.578857421875,0.5813395182291666,0.131591796875,0.5800984700520833
523,nested_noop,33,78,True,0.60205078125,00010011,0.6591796875,0.6595458984375,0.39697265625,0.65936279296875,0.75439453125,0.7532958984375,0.333984375,0.75384521484375,0.60205078125,0.6072184244791666,0.171142578125,0.6046346028645833
523,nested_noop,45,90,True,0.5986328125,00110011,0.59765625,0.601806640625,0.37841796875,0.5997314453125,0.8525390625,0.8553466796875,0.379638671875,0.85394287109375,0.5986328125,0.6009114583333334,0.23193359375,0.5997721354166667
523,nested_noop,62,107,True,0.50146484375,00110011,0.50146484375,0.5015869140625,0.36474609375,0.50152587890625,0.99853515625,0.99810791015625,0.36572265625,0.998321533203125,0.50146484375,0.5015869140625,0.307373046875,0.50152587890625
523,nested_noop,85,130,True,0.50390625,00110011,0.5009765625,0.5001220703125,0.34130859375,0.50054931640625,0.99609375,0.9959716796875,0.341796875,0.99603271484375,0.50390625,0.5033772786458334,0.33349609375,0.5036417643229167
523,nested_noop,117,162,True,0.79248046875,00010101,0.515625,0.517822265625,0.328369140625,0.5167236328125,0.70751953125,0.71038818359375,0.32861328125,0.708953857421875,0.79248046875,0.7914225260416667,0.32861328125,0.7919514973958334
523,nested_noop,128,173,True,0.924560546875,01010101,0.500732421875,0.498779296875,0.351318359375,0.499755859375,0.575439453125,0.57464599609375,0.3515625,0.575042724609375,0.924560546875,0.9242350260416667,0.3515625,0.9243977864583334
523,nested_noop,161,206,True,1.0,01010101,0.5,0.5,0.36474609375,0.5,0.5,0.5,0.36474609375,0.5,1.0,1.0,0.36474609375,1.0
523,nested_noop,222,267,True,1.0,01010101,0.5,0.5,0.35888671875,0.5,0.5,0.5,0.35888671875,0.5,1.0,1.0,0.35888671875,1.0
523,nested_noop,304,349,True,1.0,01010101,0.5,0.5,0.35693359375,0.5,0.5,0.5,0.35693359375,0.5,1.0,1.0,0.35693359375,1.0
523,nested_noop,418,463,True,1.0,01010101,0.5,0.5,0.353271484375,0.5,0.5,0.5,0.353271484375,0.5,1.0,1.0,0.353271484375,1.0
523,nested_noop,575,620,True,1.0,01010101,0.5,0.5,0.35546875,0.5,0.5,0.5,0.355224609375,0.5,1.0,1.0,0.35546875,1.0
523,nested_noop,790,835,True,1.0,01010101,0.5,0.5,0.3583984375,0.5,0.5,0.5,0.358154296875,0.5,1.0,1.0,0.3583984375,1.0
523,nested_noop,1024,1069,True,1.0,01010101,0.5,0.5,0.360107421875,0.5,0.5,0.5,0.35986328125,0.5,1.0,1.0,0.360107421875,1.0
523,nested_q_transplant,0,45,True,0.5,00001111,1.0,1.0,0.422119140625,1.0,0.5,0.5,0.1884765625,0.5,0.5,0.5,0.007080078125,0.5
523,nested_q_transplant,1,46,True,0.5,00001111,1.0,1.0,0.41455078125,1.0,0.5,0.5,0.180908203125,0.5,0.5,0.5,0.0146484375,0.5
523,nested_q_transplant,2,47,True,0.5,00001111,1.0,1.0,0.41162109375,1.0,0.5,0.5,0.1845703125,0.5,0.5,0.5,0.01953125,0.5
523,nested_q_transplant,3,48,True,0.5,00001111,1.0,1.0,0.40673828125,1.0,0.5,0.5,0.189453125,0.5,0.5,0.5,0.017578125,0.5
523,nested_q_transplant,4,49,True,0.5,00001111,1.0,1.0,0.403076171875,1.0,0.5,0.50006103515625,0.1884765625,0.500030517578125,0.5,0.4999593098958333,0.01708984375,0.49997965494791663
523,nested_q_transplant,5,50,True,0.499755859375,00001111,0.999755859375,0.999755859375,0.40869140625,0.999755859375,0.500244140625,0.5003662109375,0.201904296875,0.50030517578125,0.499755859375,0.4998779296875,0.02783203125,0.49981689453125
523,nested_q_transplant,7,52,True,0.500244140625,00001111,0.998779296875,0.998779296875,0.40869140625,0.998779296875,0.501220703125,0.5015869140625,0.2255859375,0.50140380859375,0.500244140625,0.5001220703125,0.038330078125,0.50018310546875
523,nested_q_transplant,9,54,True,0.50146484375,00001111,0.99755859375,0.9976806640625,0.4052734375,0.99761962890625,0.50244140625,0.5028076171875,0.247802734375,0.50262451171875,0.50146484375,0.5013834635416666,0.0419921875,0.5014241536458333
523,nested_q_transplant,13,58,True,0.51416015625,00001111,0.962890625,0.960693359375,0.41064453125,0.9617919921875,0.53662109375,0.53564453125,0.313232421875,0.5361328125,0.51416015625,0.5133463541666666,0.048095703125,0.5137532552083333
523,nested_q_transplant,17,62,True,0.537109375,00001111,0.884765625,0.8851318359375,0.404296875,0.88494873046875,0.61181640625,0.611328125,0.3388671875,0.611572265625,0.537109375,0.5350748697916666,0.05859375,0.5360921223958333
523,nested_q_transplant,24,69,True,0.55126953125,00110111,0.71044921875,0.7073974609375,0.3837890625,0.70892333984375,0.7802734375,0.783447265625,0.358642578125,0.7818603515625,0.55126953125,0.5524495442708334,0.08056640625,0.5518595377604167
523,nested_q_transplant,33,78,True,0.5556640625,00110011,0.6044921875,0.60595703125,0.357177734375,0.605224609375,0.89111328125,0.89361572265625,0.359375,0.892364501953125,0.5556640625,0.5577799479166666,0.114990234375,0.5567220052083333
523,nested_q_transplant,45,90,True,0.51611328125,00110011,0.51708984375,0.5179443359375,0.33544921875,0.51751708984375,0.9814453125,0.981201171875,0.340087890625,0.9813232421875,0.51611328125,0.5174153645833334,0.194580078125,0.5167643229166667
523,nested_q_transplant,62,107,True,0.5,00110011,0.5,0.5,0.3310546875,0.5,1.0,1.0,0.33154296875,1.0,0.5,0.5,0.29248046875,0.5
523,nested_q_transplant,85,130,True,0.507568359375,00110011,0.500732421875,0.4989013671875,0.343017578125,0.49981689453125,0.992431640625,0.99261474609375,0.343017578125,0.992523193359375,0.507568359375,0.5070393880208334,0.342529296875,0.5073038736979167
523,nested_q_transplant,117,162,True,0.750732421875,00010001,0.510009765625,0.513671875,0.34912109375,0.5118408203125,0.749267578125,0.751953125,0.34912109375,0.7506103515625,0.750732421875,0.7484944661458334,0.34912109375,0.7496134440104167
523,nested_q_transplant,128,173,True,0.89013671875,01010101,0.49951171875,0.498046875,0.345703125,0.498779296875,0.60986328125,0.605712890625,0.345703125,0.6077880859375,0.89013671875,0.8934326171875,0.345703125,0.89178466796875
523,nested_q_transplant,161,206,True,1.0,01010101,0.5,0.5,0.340576171875,0.5,0.5,0.5,0.340576171875,0.5,1.0,1.0,0.340576171875,1.0
523,nested_q_transplant,222,267,True,1.0,01010101,0.5,0.5,0.345703125,0.5,0.5,0.5,0.345703125,0.5,1.0,1.0,0.345703125,1.0
523,nested_q_transplant,304,349,True,1.0,01010101,0.5,0.5,0.3525390625,0.5,0.5,0.5,0.3525390625,0.5,1.0,1.0,0.3525390625,1.0
523,nested_q_transplant,418,463,True,1.0,01010101,0.5,0.5,0.347412109375,0.5,0.5,0.5,0.347412109375,0.5,1.0,1.0,0.347412109375,1.0
523,nested_q_transplant,575,620,True,1.0,01010101,0.5,0.5,0.34765625,0.5,0.5,0.5,0.34765625,0.5,1.0,1.0,0.34765625,1.0
523,nested_q_transplant,790,835,True,1.0,01010101,0.5,0.5,0.350341796875,0.5,0.5,0.5,0.350341796875,0.5,1.0,1.0,0.350341796875,1.0
523,nested_q_transplant,1024,1069,True,1.0,01010101,0.5,0.5,0.347900390625,0.5,0.5,0.5,0.347900390625,0.5,1.0,1.0,0.347900390625,1.0
523,nested_padding_sham,0,45,True,0.5,00001111,1.0,1.0,0.4267578125,1.0,0.5,0.5,0.105224609375,0.5,0.5,0.5,0.013916015625,0.5
523,nested_padding_sham,1,46,True,0.5,00001111,1.0,1.0,0.42578125,1.0,0.5,0.5,0.105224609375,0.5,0.5,0.5,0.022705078125,0.5
523,nested_padding_sham,2,47,True,0.5,00001111,1.0,1.0,0.41943359375,1.0,0.5,0.5,0.102783203125,0.5,0.5,0.5,0.022216796875,0.5
523,nested_padding_sham,3,48,True,0.5,00001111,1.0,1.0,0.4169921875,1.0,0.5,0.5,0.109130859375,0.5,0.5,0.5,0.0263671875,0.5
523,nested_padding_sham,4,49,True,0.5,00001111,1.0,1.0,0.417724609375,1.0,0.5,0.50006103515625,0.11328125,0.500030517578125,0.5,0.4999186197916667,0.032958984375,0.49995930989583337
523,nested_padding_sham,5,50,True,0.5,00001111,0.99951171875,0.99951171875,0.416259765625,0.99951171875,0.5,0.50030517578125,0.120361328125,0.500152587890625,0.5,0.5,0.04052734375,0.5
523,nested_padding_sham,7,52,True,0.5009765625,00001111,0.9970703125,0.9974365234375,0.41064453125,0.99725341796875,0.50146484375,0.5018310546875,0.125,0.50164794921875,0.5009765625,0.5005696614583334,0.043212890625,0.5007731119791667
523,nested_padding_sham,9,54,True,0.501708984375,00001111,0.996337890625,0.9970703125,0.421875,0.9967041015625,0.502197265625,0.50262451171875,0.147705078125,0.502410888671875,0.501708984375,0.5009765625,0.058837890625,0.5013427734375
523,nested_padding_sham,13,58,True,0.505615234375,00001111,0.985595703125,0.9853515625,0.424560546875,0.9854736328125,0.513427734375,0.51190185546875,0.18505859375,0.512664794921875,0.505615234375,0.5067952473958334,0.068115234375,0.5062052408854167
523,nested_padding_sham,17,62,True,0.526123046875,00001111,0.932373046875,0.93408203125,0.420654296875,0.9332275390625,0.552978515625,0.55096435546875,0.2021484375,0.551971435546875,0.526123046875,0.5279947916666666,0.087890625,0.5270589192708333
523,nested_padding_sham,24,69,True,0.573974609375,00011111,0.783447265625,0.7857666015625,0.413330078125,0.78460693359375,0.661376953125,0.655517578125,0.259033203125,0.658447265625,0.573974609375,0.5799153645833334,0.122314453125,0.5769449869791667
523,nested_padding_sham,33,78,True,0.605224609375,00010011,0.665283203125,0.6656494140625,0.396240234375,0.66546630859375,0.756591796875,0.7545166015625,0.32861328125,0.75555419921875,0.605224609375,0.6095377604166666,0.168212890625,0.6073811848958333
523,nested_padding_sham,45,90,True,0.59765625,00110011,0.5947265625,0.5982666015625,0.369140625,0.59649658203125,0.85595703125,0.85784912109375,0.3681640625,0.856903076171875,0.59765625,0.60009765625,0.21240234375,0.598876953125
523,nested_padding_sham,62,107,True,0.501220703125,00110011,0.501220703125,0.50146484375,0.365478515625,0.5013427734375,0.998779296875,0.99847412109375,0.366455078125,0.998626708984375,0.501220703125,0.5013834635416666,0.306640625,0.5013020833333333
523,nested_padding_sham,85,130,True,0.50439453125,00110011,0.5009765625,0.5001220703125,0.3515625,0.50054931640625,0.99560546875,0.99560546875,0.352294921875,0.99560546875,0.50439453125,0.5037434895833334,0.343994140625,0.5040690104166667
523,nested_padding_sham,117,162,True,0.8056640625,00010101,0.51611328125,0.5177001953125,0.3203125,0.51690673828125,0.6943359375,0.695556640625,0.3203125,0.6949462890625,0.8056640625,0.8058675130208333,0.3203125,0.8057657877604166
523,nested_padding_sham,128,173,True,0.931884765625,01010101,0.499267578125,0.4976806640625,0.334716796875,0.49847412109375,0.568115234375,0.56683349609375,0.334716796875,0.567474365234375,0.931884765625,0.9323323567708333,0.334716796875,0.9321085611979166
523,nested_padding_sham,161,206,True,1.0,01010101,0.5,0.5,0.3408203125,0.5,0.5,0.5,0.3408203125,0.5,1.0,1.0,0.3408203125,1.0
523,nested_padding_sham,222,267,True,1.0,01010101,0.5,0.5,0.3330078125,0.5,0.5,0.5,0.332763671875,0.5,1.0,1.0,0.3330078125,1.0
523,nested_padding_sham,304,349,True,1.0,01010101,0.5,0.5,0.330810546875,0.5,0.5,0.5,0.33056640625,0.5,1.0,1.0,0.330810546875,1.0
523,nested_padding_sham,418,463,True,1.0,01010101,0.5,0.5,0.326904296875,0.5,0.5,0.5,0.326416015625,0.5,1.0,1.0,0.326904296875,1.0
523,nested_padding_sham,575,620,True,1.0,01010101,0.5,0.5,0.3291015625,0.5,0.5,0.5,0.328369140625,0.5,1.0,1.0,0.3291015625,1.0
523,nested_padding_sham,790,835,True,1.0,01010101,0.5,0.5,0.32568359375,0.5,0.5,0.5,0.3251953125,0.5,1.0,1.0,0.32568359375,1.0
523,nested_padding_sham,1024,1069,True,1.0,01010101,0.5,0.5,0.324951171875,0.5,0.5,0.5,0.32470703125,0.5,1.0,1.0,0.3251953125,1.0
