seed,schedule,block_position,requested_goal,goal,probe_layer,probe_observed,probe_first_offset,probe_confirmation_offset,behavior_observed,behavior_first_offset,behavior_confirmation_offset,causal_observed,causal_first_offset,causal_confirmation_offset,pure_observed,pure_first_offset,pure_confirmation_offset,probe_to_behavior_lag,probe_to_causal_lag,censor_offset,first_controlled_goal,terminal_controlled_goal,block_end_signature,block_end_truth_table_class,compressed_control_sequence
577,p_q_y,1,P,P,first_hidden,True,0,1,True,4,5,True,4,5,True,4,5,4,4,256,,P,0000000000000000000000000000000011111111111111111111111111111111,P,"[{""end_offset"":3,""start_offset"":0,""state"":""raw_codeword_specific_composite""},{""end_offset"":256,""start_offset"":4,""state"":""pure_P""}]"
577,p_q_y,1,P,P,final_hidden,True,0,1,True,4,5,True,4,5,True,4,5,4,4,256,,P,0000000000000000000000000000000011111111111111111111111111111111,P,"[{""end_offset"":3,""start_offset"":0,""state"":""raw_codeword_specific_composite""},{""end_offset"":256,""start_offset"":4,""state"":""pure_P""}]"
577,p_q_y,1,P,Q,first_hidden,False,,,False,,,False,,,False,,,,,256,,P,0000000000000000000000000000000011111111111111111111111111111111,P,"[{""end_offset"":3,""start_offset"":0,""state"":""raw_codeword_specific_composite""},{""end_offset"":256,""start_offset"":4,""state"":""pure_P""}]"
577,p_q_y,1,P,Q,final_hidden,False,,,False,,,False,,,False,,,,,256,,P,0000000000000000000000000000000011111111111111111111111111111111,P,"[{""end_offset"":3,""start_offset"":0,""state"":""raw_codeword_specific_composite""},{""end_offset"":256,""start_offset"":4,""state"":""pure_P""}]"
577,p_q_y,1,P,Y,first_hidden,False,,,False,,,False,,,False,,,,,256,,P,0000000000000000000000000000000011111111111111111111111111111111,P,"[{""end_offset"":3,""start_offset"":0,""state"":""raw_codeword_specific_composite""},{""end_offset"":256,""start_offset"":4,""state"":""pure_P""}]"
577,p_q_y,1,P,Y,final_hidden,False,,,False,,,False,,,False,,,,,256,,P,0000000000000000000000000000000011111111111111111111111111111111,P,"[{""end_offset"":3,""start_offset"":0,""state"":""raw_codeword_specific_composite""},{""end_offset"":256,""start_offset"":4,""state"":""pure_P""}]"
577,p_q_y,2,Q,P,first_hidden,True,0,1,True,0,1,True,0,1,True,0,1,0,0,256,P,Q,1001100110011001100110011001100110011001100110011001100110011001,Q,"[{""end_offset"":13,""start_offset"":0,""state"":""pure_P""},{""end_offset"":45,""start_offset"":17,""state"":""raw_codeword_specific_composite""},{""end_offset"":256,""start_offset"":62,""state"":""pure_Q""}]"
577,p_q_y,2,Q,P,final_hidden,True,0,1,True,0,1,True,0,1,True,0,1,0,0,256,P,Q,1001100110011001100110011001100110011001100110011001100110011001,Q,"[{""end_offset"":13,""start_offset"":0,""state"":""pure_P""},{""end_offset"":45,""start_offset"":17,""state"":""raw_codeword_specific_composite""},{""end_offset"":256,""start_offset"":62,""state"":""pure_Q""}]"
577,p_q_y,2,Q,Q,first_hidden,True,17,24,True,62,85,True,62,85,True,62,85,45,45,256,P,Q,1001100110011001100110011001100110011001100110011001100110011001,Q,"[{""end_offset"":13,""start_offset"":0,""state"":""pure_P""},{""end_offset"":45,""start_offset"":17,""state"":""raw_codeword_specific_composite""},{""end_offset"":256,""start_offset"":62,""state"":""pure_Q""}]"
577,p_q_y,2,Q,Q,final_hidden,True,33,45,True,62,85,True,62,85,True,62,85,29,29,256,P,Q,1001100110011001100110011001100110011001100110011001100110011001,Q,"[{""end_offset"":13,""start_offset"":0,""state"":""pure_P""},{""end_offset"":45,""start_offset"":17,""state"":""raw_codeword_specific_composite""},{""end_offset"":256,""start_offset"":62,""state"":""pure_Q""}]"
577,p_q_y,2,Q,Y,first_hidden,False,,,False,,,False,,,False,,,,,256,P,Q,1001100110011001100110011001100110011001100110011001100110011001,Q,"[{""end_offset"":13,""start_offset"":0,""state"":""pure_P""},{""end_offset"":45,""start_offset"":17,""state"":""raw_codeword_specific_composite""},{""end_offset"":256,""start_offset"":62,""state"":""pure_Q""}]"
577,p_q_y,2,Q,Y,final_hidden,False,,,False,,,False,,,False,,,,,256,P,Q,1001100110011001100110011001100110011001100110011001100110011001,Q,"[{""end_offset"":13,""start_offset"":0,""state"":""pure_P""},{""end_offset"":45,""start_offset"":17,""state"":""raw_codeword_specific_composite""},{""end_offset"":256,""start_offset"":62,""state"":""pure_Q""}]"
577,p_q_y,3,Y,P,first_hidden,True,0,1,False,,,False,,,False,,,,,256,Q,Y,0000111111110000111100000000111100001111111100001111000000001111,Y,"[{""end_offset"":13,""start_offset"":0,""state"":""pure_Q""},{""end_offset"":117,""start_offset"":17,""state"":""raw_codeword_specific_composite""},{""end_offset"":256,""start_offset"":128,""state"":""pure_Y""}]"
577,p_q_y,3,Y,P,final_hidden,True,0,1,False,,,False,,,False,,,,,256,Q,Y,0000111111110000111100000000111100001111111100001111000000001111,Y,"[{""end_offset"":13,""start_offset"":0,""state"":""pure_Q""},{""end_offset"":117,""start_offset"":17,""state"":""raw_codeword_specific_composite""},{""end_offset"":256,""start_offset"":128,""state"":""pure_Y""}]"
577,p_q_y,3,Y,Q,first_hidden,True,0,1,True,0,1,True,0,1,True,0,1,0,0,256,Q,Y,0000111111110000111100000000111100001111111100001111000000001111,Y,"[{""end_offset"":13,""start_offset"":0,""state"":""pure_Q""},{""end_offset"":117,""start_offset"":17,""state"":""raw_codeword_specific_composite""},{""end_offset"":256,""start_offset"":128,""state"":""pure_Y""}]"
577,p_q_y,3,Y,Q,final_hidden,True,0,1,True,0,1,True,0,1,True,0,1,0,0,256,Q,Y,0000111111110000111100000000111100001111111100001111000000001111,Y,"[{""end_offset"":13,""start_offset"":0,""state"":""pure_Q""},{""end_offset"":117,""start_offset"":17,""state"":""raw_codeword_specific_composite""},{""end_offset"":256,""start_offset"":128,""state"":""pure_Y""}]"
577,p_q_y,3,Y,Y,first_hidden,True,117,128,True,128,161,True,128,161,True,128,161,11,11,256,Q,Y,0000111111110000111100000000111100001111111100001111000000001111,Y,"[{""end_offset"":13,""start_offset"":0,""state"":""pure_Q""},{""end_offset"":117,""start_offset"":17,""state"":""raw_codeword_specific_composite""},{""end_offset"":256,""start_offset"":128,""state"":""pure_Y""}]"
577,p_q_y,3,Y,Y,final_hidden,True,161,222,True,128,161,True,128,161,True,128,161,-33,-33,256,Q,Y,0000111111110000111100000000111100001111111100001111000000001111,Y,"[{""end_offset"":13,""start_offset"":0,""state"":""pure_Q""},{""end_offset"":117,""start_offset"":17,""state"":""raw_codeword_specific_composite""},{""end_offset"":256,""start_offset"":128,""state"":""pure_Y""}]"
577,p_y_q,1,P,P,first_hidden,True,0,1,True,4,5,True,4,5,True,4,5,4,4,256,,P,0000000000000000000000000000000011111111111111111111111111111111,P,"[{""end_offset"":3,""start_offset"":0,""state"":""raw_codeword_specific_composite""},{""end_offset"":256,""start_offset"":4,""state"":""pure_P""}]"
577,p_y_q,1,P,P,final_hidden,True,0,1,True,4,5,True,4,5,True,4,5,4,4,256,,P,0000000000000000000000000000000011111111111111111111111111111111,P,"[{""end_offset"":3,""start_offset"":0,""state"":""raw_codeword_specific_composite""},{""end_offset"":256,""start_offset"":4,""state"":""pure_P""}]"
577,p_y_q,1,P,Q,first_hidden,False,,,False,,,False,,,False,,,,,256,,P,0000000000000000000000000000000011111111111111111111111111111111,P,"[{""end_offset"":3,""start_offset"":0,""state"":""raw_codeword_specific_composite""},{""end_offset"":256,""start_offset"":4,""state"":""pure_P""}]"
577,p_y_q,1,P,Q,final_hidden,False,,,False,,,False,,,False,,,,,256,,P,0000000000000000000000000000000011111111111111111111111111111111,P,"[{""end_offset"":3,""start_offset"":0,""state"":""raw_codeword_specific_composite""},{""end_offset"":256,""start_offset"":4,""state"":""pure_P""}]"
577,p_y_q,1,P,Y,first_hidden,False,,,False,,,False,,,False,,,,,256,,P,0000000000000000000000000000000011111111111111111111111111111111,P,"[{""end_offset"":3,""start_offset"":0,""state"":""raw_codeword_specific_composite""},{""end_offset"":256,""start_offset"":4,""state"":""pure_P""}]"
577,p_y_q,1,P,Y,final_hidden,False,,,False,,,False,,,False,,,,,256,,P,0000000000000000000000000000000011111111111111111111111111111111,P,"[{""end_offset"":3,""start_offset"":0,""state"":""raw_codeword_specific_composite""},{""end_offset"":256,""start_offset"":4,""state"":""pure_P""}]"
577,p_y_q,2,Y,P,first_hidden,True,0,1,True,0,1,True,0,1,True,0,1,0,0,256,P,Y,0000111111110000111100000000111100001111111100001111000000001111,Y,"[{""end_offset"":24,""start_offset"":0,""state"":""pure_P""},{""end_offset"":62,""start_offset"":33,""state"":""raw_codeword_specific_composite""},{""end_offset"":256,""start_offset"":85,""state"":""pure_Y""}]"
577,p_y_q,2,Y,P,final_hidden,True,0,1,True,0,1,True,0,1,True,0,1,0,0,256,P,Y,0000111111110000111100000000111100001111111100001111000000001111,Y,"[{""end_offset"":24,""start_offset"":0,""state"":""pure_P""},{""end_offset"":62,""start_offset"":33,""state"":""raw_codeword_specific_composite""},{""end_offset"":256,""start_offset"":85,""state"":""pure_Y""}]"
577,p_y_q,2,Y,Q,first_hidden,False,,,False,,,False,,,False,,,,,256,P,Y,0000111111110000111100000000111100001111111100001111000000001111,Y,"[{""end_offset"":24,""start_offset"":0,""state"":""pure_P""},{""end_offset"":62,""start_offset"":33,""state"":""raw_codeword_specific_composite""},{""end_offset"":256,""start_offset"":85,""state"":""pure_Y""}]"
577,p_y_q,2,Y,Q,final_hidden,False,,,False,,,False,,,False,,,,,256,P,Y,0000111111110000111100000000111100001111111100001111000000001111,Y,"[{""end_offset"":24,""start_offset"":0,""state"":""pure_P""},{""end_offset"":62,""start_offset"":33,""state"":""raw_codeword_specific_composite""},{""end_offset"":256,""start_offset"":85,""state"":""pure_Y""}]"
577,p_y_q,2,Y,Y,first_hidden,True,62,85,True,85,117,True,85,117,True,85,117,23,23,256,P,Y,0000111111110000111100000000111100001111111100001111000000001111,Y,"[{""end_offset"":24,""start_offset"":0,""state"":""pure_P""},{""end_offset"":62,""start_offset"":33,""state"":""raw_codeword_specific_composite""},{""end_offset"":256,""start_offset"":85,""state"":""pure_Y""}]"
577,p_y_q,2,Y,Y,final_hidden,True,62,85,True,85,117,True,85,117,True,85,117,23,23,256,P,Y,0000111111110000111100000000111100001111111100001111000000001111,Y,"[{""end_offset"":24,""start_offset"":0,""state"":""pure_P""},{""end_offset"":62,""start_offset"":33,""state"":""raw_codeword_specific_composite""},{""end_offset"":256,""start_offset"":85,""state"":""pure_Y""}]"
577,p_y_q,3,Q,P,first_hidden,True,0,1,False,,,False,,,False,,,,,256,Y,Q,1001100110011001100110011001100110011001100110011001100110011001,Q,"[{""end_offset"":17,""start_offset"":0,""state"":""pure_Y""},{""end_offset"":45,""start_offset"":24,""state"":""raw_codeword_specific_composite""},{""end_offset"":256,""start_offset"":62,""state"":""pure_Q""}]"
577,p_y_q,3,Q,P,final_hidden,True,0,1,False,,,False,,,False,,,,,256,Y,Q,1001100110011001100110011001100110011001100110011001100110011001,Q,"[{""end_offset"":17,""start_offset"":0,""state"":""pure_Y""},{""end_offset"":45,""start_offset"":24,""state"":""raw_codeword_specific_composite""},{""end_offset"":256,""start_offset"":62,""state"":""pure_Q""}]"
577,p_y_q,3,Q,Q,first_hidden,True,62,85,True,62,85,True,62,85,True,62,85,0,0,256,Y,Q,1001100110011001100110011001100110011001100110011001100110011001,Q,"[{""end_offset"":17,""start_offset"":0,""state"":""pure_Y""},{""end_offset"":45,""start_offset"":24,""state"":""raw_codeword_specific_composite""},{""end_offset"":256,""start_offset"":62,""state"":""pure_Q""}]"
577,p_y_q,3,Q,Q,final_hidden,True,62,85,True,62,85,True,62,85,True,62,85,0,0,256,Y,Q,1001100110011001100110011001100110011001100110011001100110011001,Q,"[{""end_offset"":17,""start_offset"":0,""state"":""pure_Y""},{""end_offset"":45,""start_offset"":24,""state"":""raw_codeword_specific_composite""},{""end_offset"":256,""start_offset"":62,""state"":""pure_Q""}]"
577,p_y_q,3,Q,Y,first_hidden,True,0,1,True,0,1,True,0,1,True,0,1,0,0,256,Y,Q,1001100110011001100110011001100110011001100110011001100110011001,Q,"[{""end_offset"":17,""start_offset"":0,""state"":""pure_Y""},{""end_offset"":45,""start_offset"":24,""state"":""raw_codeword_specific_composite""},{""end_offset"":256,""start_offset"":62,""state"":""pure_Q""}]"
577,p_y_q,3,Q,Y,final_hidden,True,0,1,True,0,1,True,0,1,True,0,1,0,0,256,Y,Q,1001100110011001100110011001100110011001100110011001100110011001,Q,"[{""end_offset"":17,""start_offset"":0,""state"":""pure_Y""},{""end_offset"":45,""start_offset"":24,""state"":""raw_codeword_specific_composite""},{""end_offset"":256,""start_offset"":62,""state"":""pure_Q""}]"
577,q_p_y,1,Q,P,first_hidden,True,0,1,False,,,False,,,False,,,,,256,,Q,1001100110011001100110011001100110011001100110011001100110011001,Q,"[{""end_offset"":9,""start_offset"":0,""state"":""raw_codeword_specific_composite""},{""end_offset"":256,""start_offset"":13,""state"":""pure_Q""}]"
577,q_p_y,1,Q,P,final_hidden,True,0,1,False,,,False,,,False,,,,,256,,Q,1001100110011001100110011001100110011001100110011001100110011001,Q,"[{""end_offset"":9,""start_offset"":0,""state"":""raw_codeword_specific_composite""},{""end_offset"":256,""start_offset"":13,""state"":""pure_Q""}]"
577,q_p_y,1,Q,Q,first_hidden,True,13,17,True,13,17,True,13,17,True,13,17,0,0,256,,Q,1001100110011001100110011001100110011001100110011001100110011001,Q,"[{""end_offset"":9,""start_offset"":0,""state"":""raw_codeword_specific_composite""},{""end_offset"":256,""start_offset"":13,""state"":""pure_Q""}]"
577,q_p_y,1,Q,Q,final_hidden,True,7,9,True,13,17,True,13,17,True,13,17,6,6,256,,Q,1001100110011001100110011001100110011001100110011001100110011001,Q,"[{""end_offset"":9,""start_offset"":0,""state"":""raw_codeword_specific_composite""},{""end_offset"":256,""start_offset"":13,""state"":""pure_Q""}]"
577,q_p_y,1,Q,Y,first_hidden,False,,,False,,,False,,,False,,,,,256,,Q,1001100110011001100110011001100110011001100110011001100110011001,Q,"[{""end_offset"":9,""start_offset"":0,""state"":""raw_codeword_specific_composite""},{""end_offset"":256,""start_offset"":13,""state"":""pure_Q""}]"
577,q_p_y,1,Q,Y,final_hidden,False,,,False,,,False,,,False,,,,,256,,Q,1001100110011001100110011001100110011001100110011001100110011001,Q,"[{""end_offset"":9,""start_offset"":0,""state"":""raw_codeword_specific_composite""},{""end_offset"":256,""start_offset"":13,""state"":""pure_Q""}]"
577,q_p_y,2,P,P,first_hidden,True,0,1,True,33,45,True,33,45,True,33,45,33,33,256,Q,P,0000000000000000000000000000000011111111111111111111111111111111,P,"[{""end_offset"":13,""start_offset"":0,""state"":""pure_Q""},{""end_offset"":24,""start_offset"":17,""state"":""raw_codeword_specific_composite""},{""end_offset"":256,""start_offset"":33,""state"":""pure_P""}]"
577,q_p_y,2,P,P,final_hidden,True,0,1,True,33,45,True,33,45,True,33,45,33,33,256,Q,P,0000000000000000000000000000000011111111111111111111111111111111,P,"[{""end_offset"":13,""start_offset"":0,""state"":""pure_Q""},{""end_offset"":24,""start_offset"":17,""state"":""raw_codeword_specific_composite""},{""end_offset"":256,""start_offset"":33,""state"":""pure_P""}]"
577,q_p_y,2,P,Q,first_hidden,True,0,1,True,0,1,True,0,1,True,0,1,0,0,256,Q,P,0000000000000000000000000000000011111111111111111111111111111111,P,"[{""end_offset"":13,""start_offset"":0,""state"":""pure_Q""},{""end_offset"":24,""start_offset"":17,""state"":""raw_codeword_specific_composite""},{""end_offset"":256,""start_offset"":33,""state"":""pure_P""}]"
577,q_p_y,2,P,Q,final_hidden,True,0,1,True,0,1,True,0,1,True,0,1,0,0,256,Q,P,0000000000000000000000000000000011111111111111111111111111111111,P,"[{""end_offset"":13,""start_offset"":0,""state"":""pure_Q""},{""end_offset"":24,""start_offset"":17,""state"":""raw_codeword_specific_composite""},{""end_offset"":256,""start_offset"":33,""state"":""pure_P""}]"
577,q_p_y,2,P,Y,first_hidden,False,,,False,,,False,,,False,,,,,256,Q,P,0000000000000000000000000000000011111111111111111111111111111111,P,"[{""end_offset"":13,""start_offset"":0,""state"":""pure_Q""},{""end_offset"":24,""start_offset"":17,""state"":""raw_codeword_specific_composite""},{""end_offset"":256,""start_offset"":33,""state"":""pure_P""}]"
577,q_p_y,2,P,Y,final_hidden,False,,,False,,,False,,,False,,,,,256,Q,P,0000000000000000000000000000000011111111111111111111111111111111,P,"[{""end_offset"":13,""start_offset"":0,""state"":""pure_Q""},{""end_offset"":24,""start_offset"":17,""state"":""raw_codeword_specific_composite""},{""end_offset"":256,""start_offset"":33,""state"":""pure_P""}]"
577,q_p_y,3,Y,P,first_hidden,True,0,1,True,0,1,True,0,1,True,0,1,0,0,256,P,Y,0000111111110000111100000000111100001111111100001111000000001111,Y,"[{""end_offset"":24,""start_offset"":0,""state"":""pure_P""},{""end_offset"":62,""start_offset"":33,""state"":""raw_codeword_specific_composite""},{""end_offset"":256,""start_offset"":85,""state"":""pure_Y""}]"
577,q_p_y,3,Y,P,final_hidden,True,0,1,True,0,1,True,0,1,True,0,1,0,0,256,P,Y,0000111111110000111100000000111100001111111100001111000000001111,Y,"[{""end_offset"":24,""start_offset"":0,""state"":""pure_P""},{""end_offset"":62,""start_offset"":33,""state"":""raw_codeword_specific_composite""},{""end_offset"":256,""start_offset"":85,""state"":""pure_Y""}]"
577,q_p_y,3,Y,Q,first_hidden,True,0,1,False,,,False,,,False,,,,,256,P,Y,0000111111110000111100000000111100001111111100001111000000001111,Y,"[{""end_offset"":24,""start_offset"":0,""state"":""pure_P""},{""end_offset"":62,""start_offset"":33,""state"":""raw_codeword_specific_composite""},{""end_offset"":256,""start_offset"":85,""state"":""pure_Y""}]"
577,q_p_y,3,Y,Q,final_hidden,True,0,1,False,,,False,,,False,,,,,256,P,Y,0000111111110000111100000000111100001111111100001111000000001111,Y,"[{""end_offset"":24,""start_offset"":0,""state"":""pure_P""},{""end_offset"":62,""start_offset"":33,""state"":""raw_codeword_specific_composite""},{""end_offset"":256,""start_offset"":85,""state"":""pure_Y""}]"
577,q_p_y,3,Y,Y,first_hidden,True,85,117,True,85,117,True,85,117,True,85,117,0,0,256,P,Y,0000111111110000111100000000111100001111111100001111000000001111,Y,"[{""end_offset"":24,""start_offset"":0,""state"":""pure_P""},{""end_offset"":62,""start_offset"":33,""state"":""raw_codeword_specific_composite""},{""end_offset"":256,""start_offset"":85,""state"":""pure_Y""}]"
577,q_p_y,3,Y,Y,final_hidden,True,117,128,True,85,117,True,85,117,True,85,117,-32,-32,256,P,Y,0000111111110000111100000000111100001111111100001111000000001111,Y,"[{""end_offset"":24,""start_offset"":0,""state"":""pure_P""},{""end_offset"":62,""start_offset"":33,""state"":""raw_codeword_specific_composite""},{""end_offset"":256,""start_offset"":85,""state"":""pure_Y""}]"
577,q_y_p,1,Q,P,first_hidden,True,0,1,False,,,False,,,False,,,,,256,,Q,1001100110011001100110011001100110011001100110011001100110011001,Q,"[{""end_offset"":9,""start_offset"":0,""state"":""raw_codeword_specific_composite""},{""end_offset"":256,""start_offset"":13,""state"":""pure_Q""}]"
577,q_y_p,1,Q,P,final_hidden,True,0,1,False,,,False,,,False,,,,,256,,Q,1001100110011001100110011001100110011001100110011001100110011001,Q,"[{""end_offset"":9,""start_offset"":0,""state"":""raw_codeword_specific_composite""},{""end_offset"":256,""start_offset"":13,""state"":""pure_Q""}]"
577,q_y_p,1,Q,Q,first_hidden,True,13,17,True,13,17,True,13,17,True,13,17,0,0,256,,Q,1001100110011001100110011001100110011001100110011001100110011001,Q,"[{""end_offset"":9,""start_offset"":0,""state"":""raw_codeword_specific_composite""},{""end_offset"":256,""start_offset"":13,""state"":""pure_Q""}]"
577,q_y_p,1,Q,Q,final_hidden,True,7,9,True,13,17,True,13,17,True,13,17,6,6,256,,Q,1001100110011001100110011001100110011001100110011001100110011001,Q,"[{""end_offset"":9,""start_offset"":0,""state"":""raw_codeword_specific_composite""},{""end_offset"":256,""start_offset"":13,""state"":""pure_Q""}]"
577,q_y_p,1,Q,Y,first_hidden,False,,,False,,,False,,,False,,,,,256,,Q,1001100110011001100110011001100110011001100110011001100110011001,Q,"[{""end_offset"":9,""start_offset"":0,""state"":""raw_codeword_specific_composite""},{""end_offset"":256,""start_offset"":13,""state"":""pure_Q""}]"
577,q_y_p,1,Q,Y,final_hidden,False,,,False,,,False,,,False,,,,,256,,Q,1001100110011001100110011001100110011001100110011001100110011001,Q,"[{""end_offset"":9,""start_offset"":0,""state"":""raw_codeword_specific_composite""},{""end_offset"":256,""start_offset"":13,""state"":""pure_Q""}]"
577,q_y_p,2,Y,P,first_hidden,True,0,1,False,,,False,,,False,,,,,256,Q,Y,0000111111110000111100000000111100001111111100001111000000001111,Y,"[{""end_offset"":13,""start_offset"":0,""state"":""pure_Q""},{""end_offset"":62,""start_offset"":17,""state"":""raw_codeword_specific_composite""},{""end_offset"":256,""start_offset"":85,""state"":""pure_Y""}]"
577,q_y_p,2,Y,P,final_hidden,True,0,1,False,,,False,,,False,,,,,256,Q,Y,0000111111110000111100000000111100001111111100001111000000001111,Y,"[{""end_offset"":13,""start_offset"":0,""state"":""pure_Q""},{""end_offset"":62,""start_offset"":17,""state"":""raw_codeword_specific_composite""},{""end_offset"":256,""start_offset"":85,""state"":""pure_Y""}]"
577,q_y_p,2,Y,Q,first_hidden,True,0,1,True,0,1,True,0,1,True,0,1,0,0,256,Q,Y,0000111111110000111100000000111100001111111100001111000000001111,Y,"[{""end_offset"":13,""start_offset"":0,""state"":""pure_Q""},{""end_offset"":62,""start_offset"":17,""state"":""raw_codeword_specific_composite""},{""end_offset"":256,""start_offset"":85,""state"":""pure_Y""}]"
577,q_y_p,2,Y,Q,final_hidden,True,0,1,True,0,1,True,0,1,True,0,1,0,0,256,Q,Y,0000111111110000111100000000111100001111111100001111000000001111,Y,"[{""end_offset"":13,""start_offset"":0,""state"":""pure_Q""},{""end_offset"":62,""start_offset"":17,""state"":""raw_codeword_specific_composite""},{""end_offset"":256,""start_offset"":85,""state"":""pure_Y""}]"
577,q_y_p,2,Y,Y,first_hidden,True,85,117,True,85,117,True,85,117,True,85,117,0,0,256,Q,Y,0000111111110000111100000000111100001111111100001111000000001111,Y,"[{""end_offset"":13,""start_offset"":0,""state"":""pure_Q""},{""end_offset"":62,""start_offset"":17,""state"":""raw_codeword_specific_composite""},{""end_offset"":256,""start_offset"":85,""state"":""pure_Y""}]"
577,q_y_p,2,Y,Y,final_hidden,True,85,117,True,85,117,True,85,117,True,85,117,0,0,256,Q,Y,0000111111110000111100000000111100001111111100001111000000001111,Y,"[{""end_offset"":13,""start_offset"":0,""state"":""pure_Q""},{""end_offset"":62,""start_offset"":17,""state"":""raw_codeword_specific_composite""},{""end_offset"":256,""start_offset"":85,""state"":""pure_Y""}]"
577,q_y_p,3,P,P,first_hidden,True,0,1,True,24,33,True,24,33,True,24,33,24,24,256,Y,P,0000000000000000000000000000000011111111111111111111111111111111,P,"[{""end_offset"":9,""start_offset"":0,""state"":""pure_Y""},{""end_offset"":17,""start_offset"":13,""state"":""raw_codeword_specific_composite""},{""end_offset"":256,""start_offset"":24,""state"":""pure_P""}]"
577,q_y_p,3,P,P,final_hidden,True,0,1,True,24,33,True,24,33,True,24,33,24,24,256,Y,P,0000000000000000000000000000000011111111111111111111111111111111,P,"[{""end_offset"":9,""start_offset"":0,""state"":""pure_Y""},{""end_offset"":17,""start_offset"":13,""state"":""raw_codeword_specific_composite""},{""end_offset"":256,""start_offset"":24,""state"":""pure_P""}]"
577,q_y_p,3,P,Q,first_hidden,True,0,1,False,,,False,,,False,,,,,256,Y,P,0000000000000000000000000000000011111111111111111111111111111111,P,"[{""end_offset"":9,""start_offset"":0,""state"":""pure_Y""},{""end_offset"":17,""start_offset"":13,""state"":""raw_codeword_specific_composite""},{""end_offset"":256,""start_offset"":24,""state"":""pure_P""}]"
577,q_y_p,3,P,Q,final_hidden,True,1,2,False,,,False,,,False,,,,,256,Y,P,0000000000000000000000000000000011111111111111111111111111111111,P,"[{""end_offset"":9,""start_offset"":0,""state"":""pure_Y""},{""end_offset"":17,""start_offset"":13,""state"":""raw_codeword_specific_composite""},{""end_offset"":256,""start_offset"":24,""state"":""pure_P""}]"
577,q_y_p,3,P,Y,first_hidden,True,0,1,True,0,1,True,0,1,True,0,1,0,0,256,Y,P,0000000000000000000000000000000011111111111111111111111111111111,P,"[{""end_offset"":9,""start_offset"":0,""state"":""pure_Y""},{""end_offset"":17,""start_offset"":13,""state"":""raw_codeword_specific_composite""},{""end_offset"":256,""start_offset"":24,""state"":""pure_P""}]"
577,q_y_p,3,P,Y,final_hidden,True,0,1,True,0,1,True,0,1,True,0,1,0,0,256,Y,P,0000000000000000000000000000000011111111111111111111111111111111,P,"[{""end_offset"":9,""start_offset"":0,""state"":""pure_Y""},{""end_offset"":17,""start_offset"":13,""state"":""raw_codeword_specific_composite""},{""end_offset"":256,""start_offset"":24,""state"":""pure_P""}]"
577,y_p_q,1,Y,P,first_hidden,True,0,1,False,,,False,,,False,,,,,256,,Y,0000111111110000111100000000111100001111111100001111000000001111,Y,"[{""end_offset"":5,""start_offset"":0,""state"":""raw_codeword_specific_composite""},{""end_offset"":256,""start_offset"":7,""state"":""pure_Y""}]"
577,y_p_q,1,Y,P,final_hidden,True,0,1,False,,,False,,,False,,,,,256,,Y,0000111111110000111100000000111100001111111100001111000000001111,Y,"[{""end_offset"":5,""start_offset"":0,""state"":""raw_codeword_specific_composite""},{""end_offset"":256,""start_offset"":7,""state"":""pure_Y""}]"
577,y_p_q,1,Y,Q,first_hidden,False,,,False,,,False,,,False,,,,,256,,Y,0000111111110000111100000000111100001111111100001111000000001111,Y,"[{""end_offset"":5,""start_offset"":0,""state"":""raw_codeword_specific_composite""},{""end_offset"":256,""start_offset"":7,""state"":""pure_Y""}]"
577,y_p_q,1,Y,Q,final_hidden,False,,,False,,,False,,,False,,,,,256,,Y,0000111111110000111100000000111100001111111100001111000000001111,Y,"[{""end_offset"":5,""start_offset"":0,""state"":""raw_codeword_specific_composite""},{""end_offset"":256,""start_offset"":7,""state"":""pure_Y""}]"
577,y_p_q,1,Y,Y,first_hidden,True,33,45,True,7,9,True,7,9,True,7,9,-26,-26,256,,Y,0000111111110000111100000000111100001111111100001111000000001111,Y,"[{""end_offset"":5,""start_offset"":0,""state"":""raw_codeword_specific_composite""},{""end_offset"":256,""start_offset"":7,""state"":""pure_Y""}]"
577,y_p_q,1,Y,Y,final_hidden,True,17,24,True,7,9,True,7,9,True,7,9,-10,-10,256,,Y,0000111111110000111100000000111100001111111100001111000000001111,Y,"[{""end_offset"":5,""start_offset"":0,""state"":""raw_codeword_specific_composite""},{""end_offset"":256,""start_offset"":7,""state"":""pure_Y""}]"
577,y_p_q,2,P,P,first_hidden,True,0,1,True,24,33,True,24,33,True,24,33,24,24,256,Y,P,0000000000000000000000000000000011111111111111111111111111111111,P,"[{""end_offset"":9,""start_offset"":0,""state"":""pure_Y""},{""end_offset"":17,""start_offset"":13,""state"":""raw_codeword_specific_composite""},{""end_offset"":256,""start_offset"":24,""state"":""pure_P""}]"
577,y_p_q,2,P,P,final_hidden,True,0,1,True,24,33,True,24,33,True,24,33,24,24,256,Y,P,0000000000000000000000000000000011111111111111111111111111111111,P,"[{""end_offset"":9,""start_offset"":0,""state"":""pure_Y""},{""end_offset"":17,""start_offset"":13,""state"":""raw_codeword_specific_composite""},{""end_offset"":256,""start_offset"":24,""state"":""pure_P""}]"
577,y_p_q,2,P,Q,first_hidden,False,,,False,,,False,,,False,,,,,256,Y,P,0000000000000000000000000000000011111111111111111111111111111111,P,"[{""end_offset"":9,""start_offset"":0,""state"":""pure_Y""},{""end_offset"":17,""start_offset"":13,""state"":""raw_codeword_specific_composite""},{""end_offset"":256,""start_offset"":24,""state"":""pure_P""}]"
577,y_p_q,2,P,Q,final_hidden,False,,,False,,,False,,,False,,,,,256,Y,P,0000000000000000000000000000000011111111111111111111111111111111,P,"[{""end_offset"":9,""start_offset"":0,""state"":""pure_Y""},{""end_offset"":17,""start_offset"":13,""state"":""raw_codeword_specific_composite""},{""end_offset"":256,""start_offset"":24,""state"":""pure_P""}]"
577,y_p_q,2,P,Y,first_hidden,True,0,1,True,0,1,True,0,1,True,0,1,0,0,256,Y,P,0000000000000000000000000000000011111111111111111111111111111111,P,"[{""end_offset"":9,""start_offset"":0,""state"":""pure_Y""},{""end_offset"":17,""start_offset"":13,""state"":""raw_codeword_specific_composite""},{""end_offset"":256,""start_offset"":24,""state"":""pure_P""}]"
577,y_p_q,2,P,Y,final_hidden,True,0,1,True,0,1,True,0,1,True,0,1,0,0,256,Y,P,0000000000000000000000000000000011111111111111111111111111111111,P,"[{""end_offset"":9,""start_offset"":0,""state"":""pure_Y""},{""end_offset"":17,""start_offset"":13,""state"":""raw_codeword_specific_composite""},{""end_offset"":256,""start_offset"":24,""state"":""pure_P""}]"
577,y_p_q,3,Q,P,first_hidden,True,0,1,True,0,1,True,0,1,True,0,1,0,0,256,P,Q,1001100110011001100110011001100110011001100110011001100110011001,Q,"[{""end_offset"":24,""start_offset"":0,""state"":""pure_P""},{""end_offset"":33,""start_offset"":33,""state"":""raw_codeword_specific_composite""},{""end_offset"":256,""start_offset"":45,""state"":""pure_Q""}]"
577,y_p_q,3,Q,P,final_hidden,True,0,1,True,0,1,True,0,1,True,0,1,0,0,256,P,Q,1001100110011001100110011001100110011001100110011001100110011001,Q,"[{""end_offset"":24,""start_offset"":0,""state"":""pure_P""},{""end_offset"":33,""start_offset"":33,""state"":""raw_codeword_specific_composite""},{""end_offset"":256,""start_offset"":45,""state"":""pure_Q""}]"
577,y_p_q,3,Q,Q,first_hidden,True,33,45,True,45,62,True,45,62,True,45,62,12,12,256,P,Q,1001100110011001100110011001100110011001100110011001100110011001,Q,"[{""end_offset"":24,""start_offset"":0,""state"":""pure_P""},{""end_offset"":33,""start_offset"":33,""state"":""raw_codeword_specific_composite""},{""end_offset"":256,""start_offset"":45,""state"":""pure_Q""}]"
577,y_p_q,3,Q,Q,final_hidden,True,45,62,True,45,62,True,45,62,True,45,62,0,0,256,P,Q,1001100110011001100110011001100110011001100110011001100110011001,Q,"[{""end_offset"":24,""start_offset"":0,""state"":""pure_P""},{""end_offset"":33,""start_offset"":33,""state"":""raw_codeword_specific_composite""},{""end_offset"":256,""start_offset"":45,""state"":""pure_Q""}]"
577,y_p_q,3,Q,Y,first_hidden,False,,,False,,,False,,,False,,,,,256,P,Q,1001100110011001100110011001100110011001100110011001100110011001,Q,"[{""end_offset"":24,""start_offset"":0,""state"":""pure_P""},{""end_offset"":33,""start_offset"":33,""state"":""raw_codeword_specific_composite""},{""end_offset"":256,""start_offset"":45,""state"":""pure_Q""}]"
577,y_p_q,3,Q,Y,final_hidden,True,0,1,False,,,False,,,False,,,,,256,P,Q,1001100110011001100110011001100110011001100110011001100110011001,Q,"[{""end_offset"":24,""start_offset"":0,""state"":""pure_P""},{""end_offset"":33,""start_offset"":33,""state"":""raw_codeword_specific_composite""},{""end_offset"":256,""start_offset"":45,""state"":""pure_Q""}]"
577,y_q_p,1,Y,P,first_hidden,True,0,1,False,,,False,,,False,,,,,256,,Y,0000111111110000111100000000111100001111111100001111000000001111,Y,"[{""end_offset"":5,""start_offset"":0,""state"":""raw_codeword_specific_composite""},{""end_offset"":256,""start_offset"":7,""state"":""pure_Y""}]"
577,y_q_p,1,Y,P,final_hidden,True,0,1,False,,,False,,,False,,,,,256,,Y,0000111111110000111100000000111100001111111100001111000000001111,Y,"[{""end_offset"":5,""start_offset"":0,""state"":""raw_codeword_specific_composite""},{""end_offset"":256,""start_offset"":7,""state"":""pure_Y""}]"
577,y_q_p,1,Y,Q,first_hidden,False,,,False,,,False,,,False,,,,,256,,Y,0000111111110000111100000000111100001111111100001111000000001111,Y,"[{""end_offset"":5,""start_offset"":0,""state"":""raw_codeword_specific_composite""},{""end_offset"":256,""start_offset"":7,""state"":""pure_Y""}]"
577,y_q_p,1,Y,Q,final_hidden,False,,,False,,,False,,,False,,,,,256,,Y,0000111111110000111100000000111100001111111100001111000000001111,Y,"[{""end_offset"":5,""start_offset"":0,""state"":""raw_codeword_specific_composite""},{""end_offset"":256,""start_offset"":7,""state"":""pure_Y""}]"
577,y_q_p,1,Y,Y,first_hidden,True,33,45,True,7,9,True,7,9,True,7,9,-26,-26,256,,Y,0000111111110000111100000000111100001111111100001111000000001111,Y,"[{""end_offset"":5,""start_offset"":0,""state"":""raw_codeword_specific_composite""},{""end_offset"":256,""start_offset"":7,""state"":""pure_Y""}]"
577,y_q_p,1,Y,Y,final_hidden,True,17,24,True,7,9,True,7,9,True,7,9,-10,-10,256,,Y,0000111111110000111100000000111100001111111100001111000000001111,Y,"[{""end_offset"":5,""start_offset"":0,""state"":""raw_codeword_specific_composite""},{""end_offset"":256,""start_offset"":7,""state"":""pure_Y""}]"
577,y_q_p,2,Q,P,first_hidden,True,0,1,False,,,False,,,False,,,,,256,Y,Q,1001100110011001100110011001100110011001100110011001100110011001,Q,"[{""end_offset"":13,""start_offset"":0,""state"":""pure_Y""},{""end_offset"":45,""start_offset"":17,""state"":""raw_codeword_specific_composite""},{""end_offset"":256,""start_offset"":62,""state"":""pure_Q""}]"
577,y_q_p,2,Q,P,final_hidden,True,0,1,False,,,False,,,False,,,,,256,Y,Q,1001100110011001100110011001100110011001100110011001100110011001,Q,"[{""end_offset"":13,""start_offset"":0,""state"":""pure_Y""},{""end_offset"":45,""start_offset"":17,""state"":""raw_codeword_specific_composite""},{""end_offset"":256,""start_offset"":62,""state"":""pure_Q""}]"
577,y_q_p,2,Q,Q,first_hidden,True,85,117,True,62,85,True,62,85,True,62,85,-23,-23,256,Y,Q,1001100110011001100110011001100110011001100110011001100110011001,Q,"[{""end_offset"":13,""start_offset"":0,""state"":""pure_Y""},{""end_offset"":45,""start_offset"":17,""state"":""raw_codeword_specific_composite""},{""end_offset"":256,""start_offset"":62,""state"":""pure_Q""}]"
577,y_q_p,2,Q,Q,final_hidden,True,85,117,True,62,85,True,62,85,True,62,85,-23,-23,256,Y,Q,1001100110011001100110011001100110011001100110011001100110011001,Q,"[{""end_offset"":13,""start_offset"":0,""state"":""pure_Y""},{""end_offset"":45,""start_offset"":17,""state"":""raw_codeword_specific_composite""},{""end_offset"":256,""start_offset"":62,""state"":""pure_Q""}]"
577,y_q_p,2,Q,Y,first_hidden,True,0,1,True,0,1,True,0,1,True,0,1,0,0,256,Y,Q,1001100110011001100110011001100110011001100110011001100110011001,Q,"[{""end_offset"":13,""start_offset"":0,""state"":""pure_Y""},{""end_offset"":45,""start_offset"":17,""state"":""raw_codeword_specific_composite""},{""end_offset"":256,""start_offset"":62,""state"":""pure_Q""}]"
577,y_q_p,2,Q,Y,final_hidden,True,0,1,True,0,1,True,0,1,True,0,1,0,0,256,Y,Q,1001100110011001100110011001100110011001100110011001100110011001,Q,"[{""end_offset"":13,""start_offset"":0,""state"":""pure_Y""},{""end_offset"":45,""start_offset"":17,""state"":""raw_codeword_specific_composite""},{""end_offset"":256,""start_offset"":62,""state"":""pure_Q""}]"
577,y_q_p,3,P,P,first_hidden,True,0,1,True,24,33,True,24,33,True,24,33,24,24,256,Q,P,0000000000000000000000000000000011111111111111111111111111111111,P,"[{""end_offset"":13,""start_offset"":0,""state"":""pure_Q""},{""end_offset"":17,""start_offset"":17,""state"":""raw_codeword_specific_composite""},{""end_offset"":256,""start_offset"":24,""state"":""pure_P""}]"
577,y_q_p,3,P,P,final_hidden,True,33,45,True,24,33,True,24,33,True,24,33,-9,-9,256,Q,P,0000000000000000000000000000000011111111111111111111111111111111,P,"[{""end_offset"":13,""start_offset"":0,""state"":""pure_Q""},{""end_offset"":17,""start_offset"":17,""state"":""raw_codeword_specific_composite""},{""end_offset"":256,""start_offset"":24,""state"":""pure_P""}]"
577,y_q_p,3,P,Q,first_hidden,True,0,1,True,0,1,True,0,1,True,0,1,0,0,256,Q,P,0000000000000000000000000000000011111111111111111111111111111111,P,"[{""end_offset"":13,""start_offset"":0,""state"":""pure_Q""},{""end_offset"":17,""start_offset"":17,""state"":""raw_codeword_specific_composite""},{""end_offset"":256,""start_offset"":24,""state"":""pure_P""}]"
577,y_q_p,3,P,Q,final_hidden,True,0,1,True,0,1,True,0,1,True,0,1,0,0,256,Q,P,0000000000000000000000000000000011111111111111111111111111111111,P,"[{""end_offset"":13,""start_offset"":0,""state"":""pure_Q""},{""end_offset"":17,""start_offset"":17,""state"":""raw_codeword_specific_composite""},{""end_offset"":256,""start_offset"":24,""state"":""pure_P""}]"
577,y_q_p,3,P,Y,first_hidden,False,,,False,,,False,,,False,,,,,256,Q,P,0000000000000000000000000000000011111111111111111111111111111111,P,"[{""end_offset"":13,""start_offset"":0,""state"":""pure_Q""},{""end_offset"":17,""start_offset"":17,""state"":""raw_codeword_specific_composite""},{""end_offset"":256,""start_offset"":24,""state"":""pure_P""}]"
577,y_q_p,3,P,Y,final_hidden,False,,,False,,,False,,,False,,,,,256,Q,P,0000000000000000000000000000000011111111111111111111111111111111,P,"[{""end_offset"":13,""start_offset"":0,""state"":""pure_Q""},{""end_offset"":17,""start_offset"":17,""state"":""raw_codeword_specific_composite""},{""end_offset"":256,""start_offset"":24,""state"":""pure_P""}]"
587,p_q_y,1,P,P,first_hidden,True,0,1,True,4,5,True,4,5,True,4,5,4,4,256,,P,0000000000000000000000000000000011111111111111111111111111111111,P,"[{""end_offset"":3,""start_offset"":0,""state"":""raw_codeword_specific_composite""},{""end_offset"":256,""start_offset"":4,""state"":""pure_P""}]"
587,p_q_y,1,P,P,final_hidden,True,0,1,True,4,5,True,4,5,True,4,5,4,4,256,,P,0000000000000000000000000000000011111111111111111111111111111111,P,"[{""end_offset"":3,""start_offset"":0,""state"":""raw_codeword_specific_composite""},{""end_offset"":256,""start_offset"":4,""state"":""pure_P""}]"
587,p_q_y,1,P,Q,first_hidden,True,0,1,False,,,False,,,False,,,,,256,,P,0000000000000000000000000000000011111111111111111111111111111111,P,"[{""end_offset"":3,""start_offset"":0,""state"":""raw_codeword_specific_composite""},{""end_offset"":256,""start_offset"":4,""state"":""pure_P""}]"
587,p_q_y,1,P,Q,final_hidden,False,,,False,,,False,,,False,,,,,256,,P,0000000000000000000000000000000011111111111111111111111111111111,P,"[{""end_offset"":3,""start_offset"":0,""state"":""raw_codeword_specific_composite""},{""end_offset"":256,""start_offset"":4,""state"":""pure_P""}]"
587,p_q_y,1,P,Y,first_hidden,False,,,False,,,False,,,False,,,,,256,,P,0000000000000000000000000000000011111111111111111111111111111111,P,"[{""end_offset"":3,""start_offset"":0,""state"":""raw_codeword_specific_composite""},{""end_offset"":256,""start_offset"":4,""state"":""pure_P""}]"
587,p_q_y,1,P,Y,final_hidden,False,,,False,,,False,,,False,,,,,256,,P,0000000000000000000000000000000011111111111111111111111111111111,P,"[{""end_offset"":3,""start_offset"":0,""state"":""raw_codeword_specific_composite""},{""end_offset"":256,""start_offset"":4,""state"":""pure_P""}]"
587,p_q_y,2,Q,P,first_hidden,True,0,1,True,0,1,True,0,1,True,0,1,0,0,256,P,Q,1001100110011001100110011001100110011001100110011001100110011001,Q,"[{""end_offset"":24,""start_offset"":0,""state"":""pure_P""},{""end_offset"":256,""start_offset"":33,""state"":""pure_Q""}]"
587,p_q_y,2,Q,P,final_hidden,True,0,1,True,0,1,True,0,1,True,0,1,0,0,256,P,Q,1001100110011001100110011001100110011001100110011001100110011001,Q,"[{""end_offset"":24,""start_offset"":0,""state"":""pure_P""},{""end_offset"":256,""start_offset"":33,""state"":""pure_Q""}]"
587,p_q_y,2,Q,Q,first_hidden,True,13,17,True,33,45,True,33,45,True,33,45,20,20,256,P,Q,1001100110011001100110011001100110011001100110011001100110011001,Q,"[{""end_offset"":24,""start_offset"":0,""state"":""pure_P""},{""end_offset"":256,""start_offset"":33,""state"":""pure_Q""}]"
587,p_q_y,2,Q,Q,final_hidden,True,0,1,True,33,45,True,33,45,True,33,45,33,33,256,P,Q,1001100110011001100110011001100110011001100110011001100110011001,Q,"[{""end_offset"":24,""start_offset"":0,""state"":""pure_P""},{""end_offset"":256,""start_offset"":33,""state"":""pure_Q""}]"
587,p_q_y,2,Q,Y,first_hidden,False,,,False,,,False,,,False,,,,,256,P,Q,1001100110011001100110011001100110011001100110011001100110011001,Q,"[{""end_offset"":24,""start_offset"":0,""state"":""pure_P""},{""end_offset"":256,""start_offset"":33,""state"":""pure_Q""}]"
587,p_q_y,2,Q,Y,final_hidden,False,,,False,,,False,,,False,,,,,256,P,Q,1001100110011001100110011001100110011001100110011001100110011001,Q,"[{""end_offset"":24,""start_offset"":0,""state"":""pure_P""},{""end_offset"":256,""start_offset"":33,""state"":""pure_Q""}]"
587,p_q_y,3,Y,P,first_hidden,True,0,1,False,,,False,,,False,,,,,256,Q,Y,0000111111110000111100000000111100001111111100001111000000001111,Y,"[{""end_offset"":9,""start_offset"":0,""state"":""pure_Q""},{""end_offset"":17,""start_offset"":13,""state"":""raw_codeword_specific_composite""},{""end_offset"":45,""start_offset"":24,""state"":""pure_Q""},{""end_offset"":85,""start_offset"":62,""state"":""raw_codeword_specific_composite""},{""end_offset"":256,""start_offset"":117,""state"":""pure_Y""}]"
587,p_q_y,3,Y,P,final_hidden,True,0,1,False,,,False,,,False,,,,,256,Q,Y,0000111111110000111100000000111100001111111100001111000000001111,Y,"[{""end_offset"":9,""start_offset"":0,""state"":""pure_Q""},{""end_offset"":17,""start_offset"":13,""state"":""raw_codeword_specific_composite""},{""end_offset"":45,""start_offset"":24,""state"":""pure_Q""},{""end_offset"":85,""start_offset"":62,""state"":""raw_codeword_specific_composite""},{""end_offset"":256,""start_offset"":117,""state"":""pure_Y""}]"
587,p_q_y,3,Y,Q,first_hidden,True,0,1,True,0,1,True,0,1,True,0,1,0,0,256,Q,Y,0000111111110000111100000000111100001111111100001111000000001111,Y,"[{""end_offset"":9,""start_offset"":0,""state"":""pure_Q""},{""end_offset"":17,""start_offset"":13,""state"":""raw_codeword_specific_composite""},{""end_offset"":45,""start_offset"":24,""state"":""pure_Q""},{""end_offset"":85,""start_offset"":62,""state"":""raw_codeword_specific_composite""},{""end_offset"":256,""start_offset"":117,""state"":""pure_Y""}]"
587,p_q_y,3,Y,Q,final_hidden,True,0,1,True,0,1,True,0,1,True,0,1,0,0,256,Q,Y,0000111111110000111100000000111100001111111100001111000000001111,Y,"[{""end_offset"":9,""start_offset"":0,""state"":""pure_Q""},{""end_offset"":17,""start_offset"":13,""state"":""raw_codeword_specific_composite""},{""end_offset"":45,""start_offset"":24,""state"":""pure_Q""},{""end_offset"":85,""start_offset"":62,""state"":""raw_codeword_specific_composite""},{""end_offset"":256,""start_offset"":117,""state"":""pure_Y""}]"
587,p_q_y,3,Y,Y,first_hidden,True,117,128,True,117,128,True,117,128,True,117,128,0,0,256,Q,Y,0000111111110000111100000000111100001111111100001111000000001111,Y,"[{""end_offset"":9,""start_offset"":0,""state"":""pure_Q""},{""end_offset"":17,""start_offset"":13,""state"":""raw_codeword_specific_composite""},{""end_offset"":45,""start_offset"":24,""state"":""pure_Q""},{""end_offset"":85,""start_offset"":62,""state"":""raw_codeword_specific_composite""},{""end_offset"":256,""start_offset"":117,""state"":""pure_Y""}]"
587,p_q_y,3,Y,Y,final_hidden,True,117,128,True,117,128,True,117,128,True,117,128,0,0,256,Q,Y,0000111111110000111100000000111100001111111100001111000000001111,Y,"[{""end_offset"":9,""start_offset"":0,""state"":""pure_Q""},{""end_offset"":17,""start_offset"":13,""state"":""raw_codeword_specific_composite""},{""end_offset"":45,""start_offset"":24,""state"":""pure_Q""},{""end_offset"":85,""start_offset"":62,""state"":""raw_codeword_specific_composite""},{""end_offset"":256,""start_offset"":117,""state"":""pure_Y""}]"
587,p_y_q,1,P,P,first_hidden,True,0,1,True,4,5,True,4,5,True,4,5,4,4,256,,P,0000000000000000000000000000000011111111111111111111111111111111,P,"[{""end_offset"":3,""start_offset"":0,""state"":""raw_codeword_specific_composite""},{""end_offset"":256,""start_offset"":4,""state"":""pure_P""}]"
587,p_y_q,1,P,P,final_hidden,True,0,1,True,4,5,True,4,5,True,4,5,4,4,256,,P,0000000000000000000000000000000011111111111111111111111111111111,P,"[{""end_offset"":3,""start_offset"":0,""state"":""raw_codeword_specific_composite""},{""end_offset"":256,""start_offset"":4,""state"":""pure_P""}]"
587,p_y_q,1,P,Q,first_hidden,True,0,1,False,,,False,,,False,,,,,256,,P,0000000000000000000000000000000011111111111111111111111111111111,P,"[{""end_offset"":3,""start_offset"":0,""state"":""raw_codeword_specific_composite""},{""end_offset"":256,""start_offset"":4,""state"":""pure_P""}]"
587,p_y_q,1,P,Q,final_hidden,False,,,False,,,False,,,False,,,,,256,,P,0000000000000000000000000000000011111111111111111111111111111111,P,"[{""end_offset"":3,""start_offset"":0,""state"":""raw_codeword_specific_composite""},{""end_offset"":256,""start_offset"":4,""state"":""pure_P""}]"
587,p_y_q,1,P,Y,first_hidden,False,,,False,,,False,,,False,,,,,256,,P,0000000000000000000000000000000011111111111111111111111111111111,P,"[{""end_offset"":3,""start_offset"":0,""state"":""raw_codeword_specific_composite""},{""end_offset"":256,""start_offset"":4,""state"":""pure_P""}]"
587,p_y_q,1,P,Y,final_hidden,False,,,False,,,False,,,False,,,,,256,,P,0000000000000000000000000000000011111111111111111111111111111111,P,"[{""end_offset"":3,""start_offset"":0,""state"":""raw_codeword_specific_composite""},{""end_offset"":256,""start_offset"":4,""state"":""pure_P""}]"
587,p_y_q,2,Y,P,first_hidden,True,0,1,True,0,1,True,0,1,True,0,1,0,0,256,P,Y,0000111111110000111100000000111100001111111100001111000000001111,Y,"[{""end_offset"":24,""start_offset"":0,""state"":""pure_P""},{""end_offset"":45,""start_offset"":33,""state"":""raw_codeword_specific_composite""},{""end_offset"":256,""start_offset"":62,""state"":""pure_Y""}]"
587,p_y_q,2,Y,P,final_hidden,True,0,1,True,0,1,True,0,1,True,0,1,0,0,256,P,Y,0000111111110000111100000000111100001111111100001111000000001111,Y,"[{""end_offset"":24,""start_offset"":0,""state"":""pure_P""},{""end_offset"":45,""start_offset"":33,""state"":""raw_codeword_specific_composite""},{""end_offset"":256,""start_offset"":62,""state"":""pure_Y""}]"
587,p_y_q,2,Y,Q,first_hidden,True,17,24,False,,,False,,,False,,,,,256,P,Y,0000111111110000111100000000111100001111111100001111000000001111,Y,"[{""end_offset"":24,""start_offset"":0,""state"":""pure_P""},{""end_offset"":45,""start_offset"":33,""state"":""raw_codeword_specific_composite""},{""end_offset"":256,""start_offset"":62,""state"":""pure_Y""}]"
587,p_y_q,2,Y,Q,final_hidden,True,2,3,False,,,False,,,False,,,,,256,P,Y,0000111111110000111100000000111100001111111100001111000000001111,Y,"[{""end_offset"":24,""start_offset"":0,""state"":""pure_P""},{""end_offset"":45,""start_offset"":33,""state"":""raw_codeword_specific_composite""},{""end_offset"":256,""start_offset"":62,""state"":""pure_Y""}]"
587,p_y_q,2,Y,Y,first_hidden,True,85,117,True,62,85,True,62,85,True,62,85,-23,-23,256,P,Y,0000111111110000111100000000111100001111111100001111000000001111,Y,"[{""end_offset"":24,""start_offset"":0,""state"":""pure_P""},{""end_offset"":45,""start_offset"":33,""state"":""raw_codeword_specific_composite""},{""end_offset"":256,""start_offset"":62,""state"":""pure_Y""}]"
587,p_y_q,2,Y,Y,final_hidden,True,62,85,True,62,85,True,62,85,True,62,85,0,0,256,P,Y,0000111111110000111100000000111100001111111100001111000000001111,Y,"[{""end_offset"":24,""start_offset"":0,""state"":""pure_P""},{""end_offset"":45,""start_offset"":33,""state"":""raw_codeword_specific_composite""},{""end_offset"":256,""start_offset"":62,""state"":""pure_Y""}]"
587,p_y_q,3,Q,P,first_hidden,True,0,1,False,,,False,,,False,,,,,256,Y,Q,1001100110011001100110011001100110011001100110011001100110011001,Q,"[{""end_offset"":13,""start_offset"":0,""state"":""pure_Y""},{""end_offset"":45,""start_offset"":17,""state"":""raw_codeword_specific_composite""},{""end_offset"":256,""start_offset"":62,""state"":""pure_Q""}]"
587,p_y_q,3,Q,P,final_hidden,True,0,1,False,,,False,,,False,,,,,256,Y,Q,1001100110011001100110011001100110011001100110011001100110011001,Q,"[{""end_offset"":13,""start_offset"":0,""state"":""pure_Y""},{""end_offset"":45,""start_offset"":17,""state"":""raw_codeword_specific_composite""},{""end_offset"":256,""start_offset"":62,""state"":""pure_Q""}]"
587,p_y_q,3,Q,Q,first_hidden,True,24,33,True,62,85,True,62,85,True,62,85,38,38,256,Y,Q,1001100110011001100110011001100110011001100110011001100110011001,Q,"[{""end_offset"":13,""start_offset"":0,""state"":""pure_Y""},{""end_offset"":45,""start_offset"":17,""state"":""raw_codeword_specific_composite""},{""end_offset"":256,""start_offset"":62,""state"":""pure_Q""}]"
587,p_y_q,3,Q,Q,final_hidden,True,62,85,True,62,85,True,62,85,True,62,85,0,0,256,Y,Q,1001100110011001100110011001100110011001100110011001100110011001,Q,"[{""end_offset"":13,""start_offset"":0,""state"":""pure_Y""},{""end_offset"":45,""start_offset"":17,""state"":""raw_codeword_specific_composite""},{""end_offset"":256,""start_offset"":62,""state"":""pure_Q""}]"
587,p_y_q,3,Q,Y,first_hidden,True,0,1,True,0,1,True,0,1,True,0,1,0,0,256,Y,Q,1001100110011001100110011001100110011001100110011001100110011001,Q,"[{""end_offset"":13,""start_offset"":0,""state"":""pure_Y""},{""end_offset"":45,""start_offset"":17,""state"":""raw_codeword_specific_composite""},{""end_offset"":256,""start_offset"":62,""state"":""pure_Q""}]"
587,p_y_q,3,Q,Y,final_hidden,True,0,1,True,0,1,True,0,1,True,0,1,0,0,256,Y,Q,1001100110011001100110011001100110011001100110011001100110011001,Q,"[{""end_offset"":13,""start_offset"":0,""state"":""pure_Y""},{""end_offset"":45,""start_offset"":17,""state"":""raw_codeword_specific_composite""},{""end_offset"":256,""start_offset"":62,""state"":""pure_Q""}]"
587,q_p_y,1,Q,P,first_hidden,True,0,1,False,,,False,,,False,,,,,256,,Q,1001100110011001100110011001100110011001100110011001100110011001,Q,"[{""end_offset"":2,""start_offset"":0,""state"":""raw_codeword_specific_composite""},{""end_offset"":256,""start_offset"":3,""state"":""pure_Q""}]"
587,q_p_y,1,Q,P,final_hidden,True,0,1,False,,,False,,,False,,,,,256,,Q,1001100110011001100110011001100110011001100110011001100110011001,Q,"[{""end_offset"":2,""start_offset"":0,""state"":""raw_codeword_specific_composite""},{""end_offset"":256,""start_offset"":3,""state"":""pure_Q""}]"
587,q_p_y,1,Q,Q,first_hidden,True,0,1,True,3,4,True,3,4,True,3,4,3,3,256,,Q,1001100110011001100110011001100110011001100110011001100110011001,Q,"[{""end_offset"":2,""start_offset"":0,""state"":""raw_codeword_specific_composite""},{""end_offset"":256,""start_offset"":3,""state"":""pure_Q""}]"
587,q_p_y,1,Q,Q,final_hidden,True,3,4,True,3,4,True,3,4,True,3,4,0,0,256,,Q,1001100110011001100110011001100110011001100110011001100110011001,Q,"[{""end_offset"":2,""start_offset"":0,""state"":""raw_codeword_specific_composite""},{""end_offset"":256,""start_offset"":3,""state"":""pure_Q""}]"
587,q_p_y,1,Q,Y,first_hidden,False,,,False,,,False,,,False,,,,,256,,Q,1001100110011001100110011001100110011001100110011001100110011001,Q,"[{""end_offset"":2,""start_offset"":0,""state"":""raw_codeword_specific_composite""},{""end_offset"":256,""start_offset"":3,""state"":""pure_Q""}]"
587,q_p_y,1,Q,Y,final_hidden,False,,,False,,,False,,,False,,,,,256,,Q,1001100110011001100110011001100110011001100110011001100110011001,Q,"[{""end_offset"":2,""start_offset"":0,""state"":""raw_codeword_specific_composite""},{""end_offset"":256,""start_offset"":3,""state"":""pure_Q""}]"
587,q_p_y,2,P,P,first_hidden,True,0,1,True,24,33,True,24,33,True,24,33,24,24,256,Q,P,0000000000000000000000000000000011111111111111111111111111111111,P,"[{""end_offset"":13,""start_offset"":0,""state"":""pure_Q""},{""end_offset"":17,""start_offset"":17,""state"":""raw_codeword_specific_composite""},{""end_offset"":256,""start_offset"":24,""state"":""pure_P""}]"
587,q_p_y,2,P,P,final_hidden,True,0,1,True,24,33,True,24,33,True,24,33,24,24,256,Q,P,0000000000000000000000000000000011111111111111111111111111111111,P,"[{""end_offset"":13,""start_offset"":0,""state"":""pure_Q""},{""end_offset"":17,""start_offset"":17,""state"":""raw_codeword_specific_composite""},{""end_offset"":256,""start_offset"":24,""state"":""pure_P""}]"
587,q_p_y,2,P,Q,first_hidden,True,0,1,True,0,1,True,0,1,True,0,1,0,0,256,Q,P,0000000000000000000000000000000011111111111111111111111111111111,P,"[{""end_offset"":13,""start_offset"":0,""state"":""pure_Q""},{""end_offset"":17,""start_offset"":17,""state"":""raw_codeword_specific_composite""},{""end_offset"":256,""start_offset"":24,""state"":""pure_P""}]"
587,q_p_y,2,P,Q,final_hidden,True,0,1,True,0,1,True,0,1,True,0,1,0,0,256,Q,P,0000000000000000000000000000000011111111111111111111111111111111,P,"[{""end_offset"":13,""start_offset"":0,""state"":""pure_Q""},{""end_offset"":17,""start_offset"":17,""state"":""raw_codeword_specific_composite""},{""end_offset"":256,""start_offset"":24,""state"":""pure_P""}]"
587,q_p_y,2,P,Y,first_hidden,False,,,False,,,False,,,False,,,,,256,Q,P,0000000000000000000000000000000011111111111111111111111111111111,P,"[{""end_offset"":13,""start_offset"":0,""state"":""pure_Q""},{""end_offset"":17,""start_offset"":17,""state"":""raw_codeword_specific_composite""},{""end_offset"":256,""start_offset"":24,""state"":""pure_P""}]"
587,q_p_y,2,P,Y,final_hidden,False,,,False,,,False,,,False,,,,,256,Q,P,0000000000000000000000000000000011111111111111111111111111111111,P,"[{""end_offset"":13,""start_offset"":0,""state"":""pure_Q""},{""end_offset"":17,""start_offset"":17,""state"":""raw_codeword_specific_composite""},{""end_offset"":256,""start_offset"":24,""state"":""pure_P""}]"
587,q_p_y,3,Y,P,first_hidden,True,0,1,True,0,1,True,0,1,True,0,1,0,0,256,P,Y,0000111111110000111100000000111100001111111100001111000000001111,Y,"[{""end_offset"":17,""start_offset"":0,""state"":""pure_P""},{""end_offset"":62,""start_offset"":24,""state"":""raw_codeword_specific_composite""},{""end_offset"":256,""start_offset"":85,""state"":""pure_Y""}]"
587,q_p_y,3,Y,P,final_hidden,True,0,1,True,0,1,True,0,1,True,0,1,0,0,256,P,Y,0000111111110000111100000000111100001111111100001111000000001111,Y,"[{""end_offset"":17,""start_offset"":0,""state"":""pure_P""},{""end_offset"":62,""start_offset"":24,""state"":""raw_codeword_specific_composite""},{""end_offset"":256,""start_offset"":85,""state"":""pure_Y""}]"
587,q_p_y,3,Y,Q,first_hidden,True,0,1,False,,,False,,,False,,,,,256,P,Y,0000111111110000111100000000111100001111111100001111000000001111,Y,"[{""end_offset"":17,""start_offset"":0,""state"":""pure_P""},{""end_offset"":62,""start_offset"":24,""state"":""raw_codeword_specific_composite""},{""end_offset"":256,""start_offset"":85,""state"":""pure_Y""}]"
587,q_p_y,3,Y,Q,final_hidden,True,0,1,False,,,False,,,False,,,,,256,P,Y,0000111111110000111100000000111100001111111100001111000000001111,Y,"[{""end_offset"":17,""start_offset"":0,""state"":""pure_P""},{""end_offset"":62,""start_offset"":24,""state"":""raw_codeword_specific_composite""},{""end_offset"":256,""start_offset"":85,""state"":""pure_Y""}]"
587,q_p_y,3,Y,Y,first_hidden,True,85,117,True,85,117,True,85,117,True,85,117,0,0,256,P,Y,0000111111110000111100000000111100001111111100001111000000001111,Y,"[{""end_offset"":17,""start_offset"":0,""state"":""pure_P""},{""end_offset"":62,""start_offset"":24,""state"":""raw_codeword_specific_composite""},{""end_offset"":256,""start_offset"":85,""state"":""pure_Y""}]"
587,q_p_y,3,Y,Y,final_hidden,True,85,117,True,85,117,True,85,117,True,85,117,0,0,256,P,Y,0000111111110000111100000000111100001111111100001111000000001111,Y,"[{""end_offset"":17,""start_offset"":0,""state"":""pure_P""},{""end_offset"":62,""start_offset"":24,""state"":""raw_codeword_specific_composite""},{""end_offset"":256,""start_offset"":85,""state"":""pure_Y""}]"
587,q_y_p,1,Q,P,first_hidden,True,0,1,False,,,False,,,False,,,,,256,,Q,1001100110011001100110011001100110011001100110011001100110011001,Q,"[{""end_offset"":2,""start_offset"":0,""state"":""raw_codeword_specific_composite""},{""end_offset"":256,""start_offset"":3,""state"":""pure_Q""}]"
587,q_y_p,1,Q,P,final_hidden,True,0,1,False,,,False,,,False,,,,,256,,Q,1001100110011001100110011001100110011001100110011001100110011001,Q,"[{""end_offset"":2,""start_offset"":0,""state"":""raw_codeword_specific_composite""},{""end_offset"":256,""start_offset"":3,""state"":""pure_Q""}]"
587,q_y_p,1,Q,Q,first_hidden,True,0,1,True,3,4,True,3,4,True,3,4,3,3,256,,Q,1001100110011001100110011001100110011001100110011001100110011001,Q,"[{""end_offset"":2,""start_offset"":0,""state"":""raw_codeword_specific_composite""},{""end_offset"":256,""start_offset"":3,""state"":""pure_Q""}]"
587,q_y_p,1,Q,Q,final_hidden,True,3,4,True,3,4,True,3,4,True,3,4,0,0,256,,Q,1001100110011001100110011001100110011001100110011001100110011001,Q,"[{""end_offset"":2,""start_offset"":0,""state"":""raw_codeword_specific_composite""},{""end_offset"":256,""start_offset"":3,""state"":""pure_Q""}]"
587,q_y_p,1,Q,Y,first_hidden,False,,,False,,,False,,,False,,,,,256,,Q,1001100110011001100110011001100110011001100110011001100110011001,Q,"[{""end_offset"":2,""start_offset"":0,""state"":""raw_codeword_specific_composite""},{""end_offset"":256,""start_offset"":3,""state"":""pure_Q""}]"
587,q_y_p,1,Q,Y,final_hidden,False,,,False,,,False,,,False,,,,,256,,Q,1001100110011001100110011001100110011001100110011001100110011001,Q,"[{""end_offset"":2,""start_offset"":0,""state"":""raw_codeword_specific_composite""},{""end_offset"":256,""start_offset"":3,""state"":""pure_Q""}]"
587,q_y_p,2,Y,P,first_hidden,True,0,1,False,,,False,,,False,,,,,256,Q,Y,0000111111110000111100000000111100001111111100001111000000001111,Y,"[{""end_offset"":9,""start_offset"":0,""state"":""pure_Q""},{""end_offset"":17,""start_offset"":13,""state"":""raw_codeword_specific_composite""},{""end_offset"":24,""start_offset"":24,""state"":""pure_Q""},{""end_offset"":62,""start_offset"":33,""state"":""raw_codeword_specific_composite""},{""end_offset"":256,""start_offset"":85,""state"":""pure_Y""}]"
587,q_y_p,2,Y,P,final_hidden,True,0,1,False,,,False,,,False,,,,,256,Q,Y,0000111111110000111100000000111100001111111100001111000000001111,Y,"[{""end_offset"":9,""start_offset"":0,""state"":""pure_Q""},{""end_offset"":17,""start_offset"":13,""state"":""raw_codeword_specific_composite""},{""end_offset"":24,""start_offset"":24,""state"":""pure_Q""},{""end_offset"":62,""start_offset"":33,""state"":""raw_codeword_specific_composite""},{""end_offset"":256,""start_offset"":85,""state"":""pure_Y""}]"
587,q_y_p,2,Y,Q,first_hidden,True,0,1,True,0,1,True,0,1,True,0,1,0,0,256,Q,Y,0000111111110000111100000000111100001111111100001111000000001111,Y,"[{""end_offset"":9,""start_offset"":0,""state"":""pure_Q""},{""end_offset"":17,""start_offset"":13,""state"":""raw_codeword_specific_composite""},{""end_offset"":24,""start_offset"":24,""state"":""pure_Q""},{""end_offset"":62,""start_offset"":33,""state"":""raw_codeword_specific_composite""},{""end_offset"":256,""start_offset"":85,""state"":""pure_Y""}]"
587,q_y_p,2,Y,Q,final_hidden,True,0,1,True,0,1,True,0,1,True,0,1,0,0,256,Q,Y,0000111111110000111100000000111100001111111100001111000000001111,Y,"[{""end_offset"":9,""start_offset"":0,""state"":""pure_Q""},{""end_offset"":17,""start_offset"":13,""state"":""raw_codeword_specific_composite""},{""end_offset"":24,""start_offset"":24,""state"":""pure_Q""},{""end_offset"":62,""start_offset"":33,""state"":""raw_codeword_specific_composite""},{""end_offset"":256,""start_offset"":85,""state"":""pure_Y""}]"
587,q_y_p,2,Y,Y,first_hidden,True,117,128,True,85,117,True,85,117,True,85,117,-32,-32,256,Q,Y,0000111111110000111100000000111100001111111100001111000000001111,Y,"[{""end_offset"":9,""start_offset"":0,""state"":""pure_Q""},{""end_offset"":17,""start_offset"":13,""state"":""raw_codeword_specific_composite""},{""end_offset"":24,""start_offset"":24,""state"":""pure_Q""},{""end_offset"":62,""start_offset"":33,""state"":""raw_codeword_specific_composite""},{""end_offset"":256,""start_offset"":85,""state"":""pure_Y""}]"
587,q_y_p,2,Y,Y,final_hidden,True,117,128,True,85,117,True,85,117,True,85,117,-32,-32,256,Q,Y,0000111111110000111100000000111100001111111100001111000000001111,Y,"[{""end_offset"":9,""start_offset"":0,""state"":""pure_Q""},{""end_offset"":17,""start_offset"":13,""state"":""raw_codeword_specific_composite""},{""end_offset"":24,""start_offset"":24,""state"":""pure_Q""},{""end_offset"":62,""start_offset"":33,""state"":""raw_codeword_specific_composite""},{""end_offset"":256,""start_offset"":85,""state"":""pure_Y""}]"
587,q_y_p,3,P,P,first_hidden,True,0,1,True,24,33,True,24,33,True,24,33,24,24,256,Y,P,0000000000000000000000000000000011111111111111111111111111111111,P,"[{""end_offset"":13,""start_offset"":0,""state"":""pure_Y""},{""end_offset"":17,""start_offset"":17,""state"":""raw_codeword_specific_composite""},{""end_offset"":256,""start_offset"":24,""state"":""pure_P""}]"
587,q_y_p,3,P,P,final_hidden,True,17,24,True,24,33,True,24,33,True,24,33,7,7,256,Y,P,0000000000000000000000000000000011111111111111111111111111111111,P,"[{""end_offset"":13,""start_offset"":0,""state"":""pure_Y""},{""end_offset"":17,""start_offset"":17,""state"":""raw_codeword_specific_composite""},{""end_offset"":256,""start_offset"":24,""state"":""pure_P""}]"
587,q_y_p,3,P,Q,first_hidden,True,0,1,False,,,False,,,False,,,,,256,Y,P,0000000000000000000000000000000011111111111111111111111111111111,P,"[{""end_offset"":13,""start_offset"":0,""state"":""pure_Y""},{""end_offset"":17,""start_offset"":17,""state"":""raw_codeword_specific_composite""},{""end_offset"":256,""start_offset"":24,""state"":""pure_P""}]"
587,q_y_p,3,P,Q,final_hidden,False,,,False,,,False,,,False,,,,,256,Y,P,0000000000000000000000000000000011111111111111111111111111111111,P,"[{""end_offset"":13,""start_offset"":0,""state"":""pure_Y""},{""end_offset"":17,""start_offset"":17,""state"":""raw_codeword_specific_composite""},{""end_offset"":256,""start_offset"":24,""state"":""pure_P""}]"
587,q_y_p,3,P,Y,first_hidden,True,0,1,True,0,1,True,0,1,True,0,1,0,0,256,Y,P,0000000000000000000000000000000011111111111111111111111111111111,P,"[{""end_offset"":13,""start_offset"":0,""state"":""pure_Y""},{""end_offset"":17,""start_offset"":17,""state"":""raw_codeword_specific_composite""},{""end_offset"":256,""start_offset"":24,""state"":""pure_P""}]"
587,q_y_p,3,P,Y,final_hidden,True,0,1,True,0,1,True,0,1,True,0,1,0,0,256,Y,P,0000000000000000000000000000000011111111111111111111111111111111,P,"[{""end_offset"":13,""start_offset"":0,""state"":""pure_Y""},{""end_offset"":17,""start_offset"":17,""state"":""raw_codeword_specific_composite""},{""end_offset"":256,""start_offset"":24,""state"":""pure_P""}]"
587,y_p_q,1,Y,P,first_hidden,True,0,1,False,,,False,,,False,,,,,256,,Y,0000111111110000111100000000111100001111111100001111000000001111,Y,"[{""end_offset"":5,""start_offset"":0,""state"":""raw_codeword_specific_composite""},{""end_offset"":256,""start_offset"":7,""state"":""pure_Y""}]"
587,y_p_q,1,Y,P,final_hidden,True,0,1,False,,,False,,,False,,,,,256,,Y,0000111111110000111100000000111100001111111100001111000000001111,Y,"[{""end_offset"":5,""start_offset"":0,""state"":""raw_codeword_specific_composite""},{""end_offset"":256,""start_offset"":7,""state"":""pure_Y""}]"
587,y_p_q,1,Y,Q,first_hidden,True,0,1,False,,,False,,,False,,,,,256,,Y,0000111111110000111100000000111100001111111100001111000000001111,Y,"[{""end_offset"":5,""start_offset"":0,""state"":""raw_codeword_specific_composite""},{""end_offset"":256,""start_offset"":7,""state"":""pure_Y""}]"
587,y_p_q,1,Y,Q,final_hidden,False,,,False,,,False,,,False,,,,,256,,Y,0000111111110000111100000000111100001111111100001111000000001111,Y,"[{""end_offset"":5,""start_offset"":0,""state"":""raw_codeword_specific_composite""},{""end_offset"":256,""start_offset"":7,""state"":""pure_Y""}]"
587,y_p_q,1,Y,Y,first_hidden,True,45,62,True,7,9,True,7,9,True,7,9,-38,-38,256,,Y,0000111111110000111100000000111100001111111100001111000000001111,Y,"[{""end_offset"":5,""start_offset"":0,""state"":""raw_codeword_specific_composite""},{""end_offset"":256,""start_offset"":7,""state"":""pure_Y""}]"
587,y_p_q,1,Y,Y,final_hidden,True,24,33,True,7,9,True,7,9,True,7,9,-17,-17,256,,Y,0000111111110000111100000000111100001111111100001111000000001111,Y,"[{""end_offset"":5,""start_offset"":0,""state"":""raw_codeword_specific_composite""},{""end_offset"":256,""start_offset"":7,""state"":""pure_Y""}]"
587,y_p_q,2,P,P,first_hidden,True,0,1,True,24,33,True,24,33,True,24,33,24,24,256,Y,P,0000000000000000000000000000000011111111111111111111111111111111,P,"[{""end_offset"":9,""start_offset"":0,""state"":""pure_Y""},{""end_offset"":17,""start_offset"":13,""state"":""raw_codeword_specific_composite""},{""end_offset"":256,""start_offset"":24,""state"":""pure_P""}]"
587,y_p_q,2,P,P,final_hidden,True,2,3,True,24,33,True,24,33,True,24,33,22,22,256,Y,P,0000000000000000000000000000000011111111111111111111111111111111,P,"[{""end_offset"":9,""start_offset"":0,""state"":""pure_Y""},{""end_offset"":17,""start_offset"":13,""state"":""raw_codeword_specific_composite""},{""end_offset"":256,""start_offset"":24,""state"":""pure_P""}]"
587,y_p_q,2,P,Q,first_hidden,False,,,False,,,False,,,False,,,,,256,Y,P,0000000000000000000000000000000011111111111111111111111111111111,P,"[{""end_offset"":9,""start_offset"":0,""state"":""pure_Y""},{""end_offset"":17,""start_offset"":13,""state"":""raw_codeword_specific_composite""},{""end_offset"":256,""start_offset"":24,""state"":""pure_P""}]"
587,y_p_q,2,P,Q,final_hidden,False,,,False,,,False,,,False,,,,,256,Y,P,0000000000000000000000000000000011111111111111111111111111111111,P,"[{""end_offset"":9,""start_offset"":0,""state"":""pure_Y""},{""end_offset"":17,""start_offset"":13,""state"":""raw_codeword_specific_composite""},{""end_offset"":256,""start_offset"":24,""state"":""pure_P""}]"
587,y_p_q,2,P,Y,first_hidden,True,0,1,True,0,1,True,0,1,True,0,1,0,0,256,Y,P,0000000000000000000000000000000011111111111111111111111111111111,P,"[{""end_offset"":9,""start_offset"":0,""state"":""pure_Y""},{""end_offset"":17,""start_offset"":13,""state"":""raw_codeword_specific_composite""},{""end_offset"":256,""start_offset"":24,""state"":""pure_P""}]"
587,y_p_q,2,P,Y,final_hidden,True,0,1,True,0,1,True,0,1,True,0,1,0,0,256,Y,P,0000000000000000000000000000000011111111111111111111111111111111,P,"[{""end_offset"":9,""start_offset"":0,""state"":""pure_Y""},{""end_offset"":17,""start_offset"":13,""state"":""raw_codeword_specific_composite""},{""end_offset"":256,""start_offset"":24,""state"":""pure_P""}]"
587,y_p_q,3,Q,P,first_hidden,True,0,1,True,0,1,True,0,1,True,0,1,0,0,256,P,Q,1001100110011001100110011001100110011001100110011001100110011001,Q,"[{""end_offset"":24,""start_offset"":0,""state"":""pure_P""},{""end_offset"":33,""start_offset"":33,""state"":""raw_codeword_specific_composite""},{""end_offset"":256,""start_offset"":45,""state"":""pure_Q""}]"
587,y_p_q,3,Q,P,final_hidden,True,0,1,True,0,1,True,0,1,True,0,1,0,0,256,P,Q,1001100110011001100110011001100110011001100110011001100110011001,Q,"[{""end_offset"":24,""start_offset"":0,""state"":""pure_P""},{""end_offset"":33,""start_offset"":33,""state"":""raw_codeword_specific_composite""},{""end_offset"":256,""start_offset"":45,""state"":""pure_Q""}]"
587,y_p_q,3,Q,Q,first_hidden,True,45,62,True,45,62,True,45,62,True,45,62,0,0,256,P,Q,1001100110011001100110011001100110011001100110011001100110011001,Q,"[{""end_offset"":24,""start_offset"":0,""state"":""pure_P""},{""end_offset"":33,""start_offset"":33,""state"":""raw_codeword_specific_composite""},{""end_offset"":256,""start_offset"":45,""state"":""pure_Q""}]"
587,y_p_q,3,Q,Q,final_hidden,True,45,62,True,45,62,True,45,62,True,45,62,0,0,256,P,Q,1001100110011001100110011001100110011001100110011001100110011001,Q,"[{""end_offset"":24,""start_offset"":0,""state"":""pure_P""},{""end_offset"":33,""start_offset"":33,""state"":""raw_codeword_specific_composite""},{""end_offset"":256,""start_offset"":45,""state"":""pure_Q""}]"
587,y_p_q,3,Q,Y,first_hidden,True,0,1,False,,,False,,,False,,,,,256,P,Q,1001100110011001100110011001100110011001100110011001100110011001,Q,"[{""end_offset"":24,""start_offset"":0,""state"":""pure_P""},{""end_offset"":33,""start_offset"":33,""state"":""raw_codeword_specific_composite""},{""end_offset"":256,""start_offset"":45,""state"":""pure_Q""}]"
587,y_p_q,3,Q,Y,final_hidden,True,0,1,False,,,False,,,False,,,,,256,P,Q,1001100110011001100110011001100110011001100110011001100110011001,Q,"[{""end_offset"":24,""start_offset"":0,""state"":""pure_P""},{""end_offset"":33,""start_offset"":33,""state"":""raw_codeword_specific_composite""},{""end_offset"":256,""start_offset"":45,""state"":""pure_Q""}]"
587,y_q_p,1,Y,P,first_hidden,True,0,1,False,,,False,,,False,,,,,256,,Y,0000111111110000111100000000111100001111111100001111000000001111,Y,"[{""end_offset"":5,""start_offset"":0,""state"":""raw_codeword_specific_composite""},{""end_offset"":256,""start_offset"":7,""state"":""pure_Y""}]"
587,y_q_p,1,Y,P,final_hidden,True,0,1,False,,,False,,,False,,,,,256,,Y,0000111111110000111100000000111100001111111100001111000000001111,Y,"[{""end_offset"":5,""start_offset"":0,""state"":""raw_codeword_specific_composite""},{""end_offset"":256,""start_offset"":7,""state"":""pure_Y""}]"
587,y_q_p,1,Y,Q,first_hidden,True,0,1,False,,,False,,,False,,,,,256,,Y,0000111111110000111100000000111100001111111100001111000000001111,Y,"[{""end_offset"":5,""start_offset"":0,""state"":""raw_codeword_specific_composite""},{""end_offset"":256,""start_offset"":7,""state"":""pure_Y""}]"
587,y_q_p,1,Y,Q,final_hidden,False,,,False,,,False,,,False,,,,,256,,Y,0000111111110000111100000000111100001111111100001111000000001111,Y,"[{""end_offset"":5,""start_offset"":0,""state"":""raw_codeword_specific_composite""},{""end_offset"":256,""start_offset"":7,""state"":""pure_Y""}]"
587,y_q_p,1,Y,Y,first_hidden,True,45,62,True,7,9,True,7,9,True,7,9,-38,-38,256,,Y,0000111111110000111100000000111100001111111100001111000000001111,Y,"[{""end_offset"":5,""start_offset"":0,""state"":""raw_codeword_specific_composite""},{""end_offset"":256,""start_offset"":7,""state"":""pure_Y""}]"
587,y_q_p,1,Y,Y,final_hidden,True,24,33,True,7,9,True,7,9,True,7,9,-17,-17,256,,Y,0000111111110000111100000000111100001111111100001111000000001111,Y,"[{""end_offset"":5,""start_offset"":0,""state"":""raw_codeword_specific_composite""},{""end_offset"":256,""start_offset"":7,""state"":""pure_Y""}]"
587,y_q_p,2,Q,P,first_hidden,True,0,1,False,,,False,,,False,,,,,256,Y,Q,1001100110011001100110011001100110011001100110011001100110011001,Q,"[{""end_offset"":13,""start_offset"":0,""state"":""pure_Y""},{""end_offset"":33,""start_offset"":17,""state"":""raw_codeword_specific_composite""},{""end_offset"":256,""start_offset"":45,""state"":""pure_Q""}]"
587,y_q_p,2,Q,P,final_hidden,True,7,9,False,,,False,,,False,,,,,256,Y,Q,1001100110011001100110011001100110011001100110011001100110011001,Q,"[{""end_offset"":13,""start_offset"":0,""state"":""pure_Y""},{""end_offset"":33,""start_offset"":17,""state"":""raw_codeword_specific_composite""},{""end_offset"":256,""start_offset"":45,""state"":""pure_Q""}]"
587,y_q_p,2,Q,Q,first_hidden,True,45,62,True,45,62,True,45,62,True,45,62,0,0,256,Y,Q,1001100110011001100110011001100110011001100110011001100110011001,Q,"[{""end_offset"":13,""start_offset"":0,""state"":""pure_Y""},{""end_offset"":33,""start_offset"":17,""state"":""raw_codeword_specific_composite""},{""end_offset"":256,""start_offset"":45,""state"":""pure_Q""}]"
587,y_q_p,2,Q,Q,final_hidden,True,85,117,True,45,62,True,45,62,True,45,62,-40,-40,256,Y,Q,1001100110011001100110011001100110011001100110011001100110011001,Q,"[{""end_offset"":13,""start_offset"":0,""state"":""pure_Y""},{""end_offset"":33,""start_offset"":17,""state"":""raw_codeword_specific_composite""},{""end_offset"":256,""start_offset"":45,""state"":""pure_Q""}]"
587,y_q_p,2,Q,Y,first_hidden,True,0,1,True,0,1,True,0,1,True,0,1,0,0,256,Y,Q,1001100110011001100110011001100110011001100110011001100110011001,Q,"[{""end_offset"":13,""start_offset"":0,""state"":""pure_Y""},{""end_offset"":33,""start_offset"":17,""state"":""raw_codeword_specific_composite""},{""end_offset"":256,""start_offset"":45,""state"":""pure_Q""}]"
587,y_q_p,2,Q,Y,final_hidden,True,0,1,True,0,1,True,0,1,True,0,1,0,0,256,Y,Q,1001100110011001100110011001100110011001100110011001100110011001,Q,"[{""end_offset"":13,""start_offset"":0,""state"":""pure_Y""},{""end_offset"":33,""start_offset"":17,""state"":""raw_codeword_specific_composite""},{""end_offset"":256,""start_offset"":45,""state"":""pure_Q""}]"
587,y_q_p,3,P,P,first_hidden,True,0,1,True,24,33,True,24,33,True,24,33,24,24,256,Q,P,0000000000000000000000000000000011111111111111111111111111111111,P,"[{""end_offset"":13,""start_offset"":0,""state"":""pure_Q""},{""end_offset"":17,""start_offset"":17,""state"":""raw_codeword_specific_composite""},{""end_offset"":256,""start_offset"":24,""state"":""pure_P""}]"
587,y_q_p,3,P,P,final_hidden,True,7,9,True,24,33,True,24,33,True,24,33,17,17,256,Q,P,0000000000000000000000000000000011111111111111111111111111111111,P,"[{""end_offset"":13,""start_offset"":0,""state"":""pure_Q""},{""end_offset"":17,""start_offset"":17,""state"":""raw_codeword_specific_composite""},{""end_offset"":256,""start_offset"":24,""state"":""pure_P""}]"
587,y_q_p,3,P,Q,first_hidden,True,0,1,True,0,1,True,0,1,True,0,1,0,0,256,Q,P,0000000000000000000000000000000011111111111111111111111111111111,P,"[{""end_offset"":13,""start_offset"":0,""state"":""pure_Q""},{""end_offset"":17,""start_offset"":17,""state"":""raw_codeword_specific_composite""},{""end_offset"":256,""start_offset"":24,""state"":""pure_P""}]"
587,y_q_p,3,P,Q,final_hidden,True,0,1,True,0,1,True,0,1,True,0,1,0,0,256,Q,P,0000000000000000000000000000000011111111111111111111111111111111,P,"[{""end_offset"":13,""start_offset"":0,""state"":""pure_Q""},{""end_offset"":17,""start_offset"":17,""state"":""raw_codeword_specific_composite""},{""end_offset"":256,""start_offset"":24,""state"":""pure_P""}]"
587,y_q_p,3,P,Y,first_hidden,False,,,False,,,False,,,False,,,,,256,Q,P,0000000000000000000000000000000011111111111111111111111111111111,P,"[{""end_offset"":13,""start_offset"":0,""state"":""pure_Q""},{""end_offset"":17,""start_offset"":17,""state"":""raw_codeword_specific_composite""},{""end_offset"":256,""start_offset"":24,""state"":""pure_P""}]"
587,y_q_p,3,P,Y,final_hidden,False,,,False,,,False,,,False,,,,,256,Q,P,0000000000000000000000000000000011111111111111111111111111111111,P,"[{""end_offset"":13,""start_offset"":0,""state"":""pure_Q""},{""end_offset"":17,""start_offset"":17,""state"":""raw_codeword_specific_composite""},{""end_offset"":256,""start_offset"":24,""state"":""pure_P""}]"
593,p_q_y,1,P,P,first_hidden,True,0,1,True,3,4,True,3,4,True,3,4,3,3,256,,P,0000000000000000000000000000000011111111111111111111111111111111,P,"[{""end_offset"":2,""start_offset"":0,""state"":""raw_codeword_specific_composite""},{""end_offset"":256,""start_offset"":3,""state"":""pure_P""}]"
593,p_q_y,1,P,P,final_hidden,True,0,1,True,3,4,True,3,4,True,3,4,3,3,256,,P,0000000000000000000000000000000011111111111111111111111111111111,P,"[{""end_offset"":2,""start_offset"":0,""state"":""raw_codeword_specific_composite""},{""end_offset"":256,""start_offset"":3,""state"":""pure_P""}]"
593,p_q_y,1,P,Q,first_hidden,True,0,1,False,,,False,,,False,,,,,256,,P,0000000000000000000000000000000011111111111111111111111111111111,P,"[{""end_offset"":2,""start_offset"":0,""state"":""raw_codeword_specific_composite""},{""end_offset"":256,""start_offset"":3,""state"":""pure_P""}]"
593,p_q_y,1,P,Q,final_hidden,True,24,33,False,,,False,,,False,,,,,256,,P,0000000000000000000000000000000011111111111111111111111111111111,P,"[{""end_offset"":2,""start_offset"":0,""state"":""raw_codeword_specific_composite""},{""end_offset"":256,""start_offset"":3,""state"":""pure_P""}]"
593,p_q_y,1,P,Y,first_hidden,False,,,False,,,False,,,False,,,,,256,,P,0000000000000000000000000000000011111111111111111111111111111111,P,"[{""end_offset"":2,""start_offset"":0,""state"":""raw_codeword_specific_composite""},{""end_offset"":256,""start_offset"":3,""state"":""pure_P""}]"
593,p_q_y,1,P,Y,final_hidden,False,,,False,,,False,,,False,,,,,256,,P,0000000000000000000000000000000011111111111111111111111111111111,P,"[{""end_offset"":2,""start_offset"":0,""state"":""raw_codeword_specific_composite""},{""end_offset"":256,""start_offset"":3,""state"":""pure_P""}]"
593,p_q_y,2,Q,P,first_hidden,True,0,1,True,0,1,True,0,1,True,0,1,0,0,256,P,Q,1001100110011001100110011001100110011001100110011001100110011001,Q,"[{""end_offset"":9,""start_offset"":0,""state"":""pure_P""},{""end_offset"":45,""start_offset"":13,""state"":""raw_codeword_specific_composite""},{""end_offset"":256,""start_offset"":62,""state"":""pure_Q""}]"
593,p_q_y,2,Q,P,final_hidden,True,0,1,True,0,1,True,0,1,True,0,1,0,0,256,P,Q,1001100110011001100110011001100110011001100110011001100110011001,Q,"[{""end_offset"":9,""start_offset"":0,""state"":""pure_P""},{""end_offset"":45,""start_offset"":13,""state"":""raw_codeword_specific_composite""},{""end_offset"":256,""start_offset"":62,""state"":""pure_Q""}]"
593,p_q_y,2,Q,Q,first_hidden,True,0,1,True,62,85,True,62,85,True,62,85,62,62,256,P,Q,1001100110011001100110011001100110011001100110011001100110011001,Q,"[{""end_offset"":9,""start_offset"":0,""state"":""pure_P""},{""end_offset"":45,""start_offset"":13,""state"":""raw_codeword_specific_composite""},{""end_offset"":256,""start_offset"":62,""state"":""pure_Q""}]"
593,p_q_y,2,Q,Q,final_hidden,True,3,4,True,62,85,True,62,85,True,62,85,59,59,256,P,Q,1001100110011001100110011001100110011001100110011001100110011001,Q,"[{""end_offset"":9,""start_offset"":0,""state"":""pure_P""},{""end_offset"":45,""start_offset"":13,""state"":""raw_codeword_specific_composite""},{""end_offset"":256,""start_offset"":62,""state"":""pure_Q""}]"
593,p_q_y,2,Q,Y,first_hidden,False,,,False,,,False,,,False,,,,,256,P,Q,1001100110011001100110011001100110011001100110011001100110011001,Q,"[{""end_offset"":9,""start_offset"":0,""state"":""pure_P""},{""end_offset"":45,""start_offset"":13,""state"":""raw_codeword_specific_composite""},{""end_offset"":256,""start_offset"":62,""state"":""pure_Q""}]"
593,p_q_y,2,Q,Y,final_hidden,False,,,False,,,False,,,False,,,,,256,P,Q,1001100110011001100110011001100110011001100110011001100110011001,Q,"[{""end_offset"":9,""start_offset"":0,""state"":""pure_P""},{""end_offset"":45,""start_offset"":13,""state"":""raw_codeword_specific_composite""},{""end_offset"":256,""start_offset"":62,""state"":""pure_Q""}]"
593,p_q_y,3,Y,P,first_hidden,True,0,1,False,,,False,,,False,,,,,256,Q,Y,0000111111110000111100000000111100001111111100001111000000001111,Y,"[{""end_offset"":13,""start_offset"":0,""state"":""pure_Q""},{""end_offset"":17,""start_offset"":17,""state"":""raw_codeword_specific_composite""},{""end_offset"":24,""start_offset"":24,""state"":""other_candidate_tuple_consistent""},{""end_offset"":33,""start_offset"":33,""state"":""raw_codeword_specific_composite""},{""end_offset"":45,""start_offset"":45,""state"":""pure_Q""},{""end_offset"":85,""start_offset"":62,""state"":""raw_codeword_specific_composite""},{""end_offset"":256,""start_offset"":117,""state"":""pure_Y""}]"
593,p_q_y,3,Y,P,final_hidden,True,0,1,False,,,False,,,False,,,,,256,Q,Y,0000111111110000111100000000111100001111111100001111000000001111,Y,"[{""end_offset"":13,""start_offset"":0,""state"":""pure_Q""},{""end_offset"":17,""start_offset"":17,""state"":""raw_codeword_specific_composite""},{""end_offset"":24,""start_offset"":24,""state"":""other_candidate_tuple_consistent""},{""end_offset"":33,""start_offset"":33,""state"":""raw_codeword_specific_composite""},{""end_offset"":45,""start_offset"":45,""state"":""pure_Q""},{""end_offset"":85,""start_offset"":62,""state"":""raw_codeword_specific_composite""},{""end_offset"":256,""start_offset"":117,""state"":""pure_Y""}]"
593,p_q_y,3,Y,Q,first_hidden,True,0,1,True,0,1,True,0,1,True,0,1,0,0,256,Q,Y,0000111111110000111100000000111100001111111100001111000000001111,Y,"[{""end_offset"":13,""start_offset"":0,""state"":""pure_Q""},{""end_offset"":17,""start_offset"":17,""state"":""raw_codeword_specific_composite""},{""end_offset"":24,""start_offset"":24,""state"":""other_candidate_tuple_consistent""},{""end_offset"":33,""start_offset"":33,""state"":""raw_codeword_specific_composite""},{""end_offset"":45,""start_offset"":45,""state"":""pure_Q""},{""end_offset"":85,""start_offset"":62,""state"":""raw_codeword_specific_composite""},{""end_offset"":256,""start_offset"":117,""state"":""pure_Y""}]"
593,p_q_y,3,Y,Q,final_hidden,True,0,1,True,0,1,True,0,1,True,0,1,0,0,256,Q,Y,0000111111110000111100000000111100001111111100001111000000001111,Y,"[{""end_offset"":13,""start_offset"":0,""state"":""pure_Q""},{""end_offset"":17,""start_offset"":17,""state"":""raw_codeword_specific_composite""},{""end_offset"":24,""start_offset"":24,""state"":""other_candidate_tuple_consistent""},{""end_offset"":33,""start_offset"":33,""state"":""raw_codeword_specific_composite""},{""end_offset"":45,""start_offset"":45,""state"":""pure_Q""},{""end_offset"":85,""start_offset"":62,""state"":""raw_codeword_specific_composite""},{""end_offset"":256,""start_offset"":117,""state"":""pure_Y""}]"
593,p_q_y,3,Y,Y,first_hidden,True,85,117,True,117,128,True,117,128,True,117,128,32,32,256,Q,Y,0000111111110000111100000000111100001111111100001111000000001111,Y,"[{""end_offset"":13,""start_offset"":0,""state"":""pure_Q""},{""end_offset"":17,""start_offset"":17,""state"":""raw_codeword_specific_composite""},{""end_offset"":24,""start_offset"":24,""state"":""other_candidate_tuple_consistent""},{""end_offset"":33,""start_offset"":33,""state"":""raw_codeword_specific_composite""},{""end_offset"":45,""start_offset"":45,""state"":""pure_Q""},{""end_offset"":85,""start_offset"":62,""state"":""raw_codeword_specific_composite""},{""end_offset"":256,""start_offset"":117,""state"":""pure_Y""}]"
593,p_q_y,3,Y,Y,final_hidden,True,85,117,True,117,128,True,117,128,True,117,128,32,32,256,Q,Y,0000111111110000111100000000111100001111111100001111000000001111,Y,"[{""end_offset"":13,""start_offset"":0,""state"":""pure_Q""},{""end_offset"":17,""start_offset"":17,""state"":""raw_codeword_specific_composite""},{""end_offset"":24,""start_offset"":24,""state"":""other_candidate_tuple_consistent""},{""end_offset"":33,""start_offset"":33,""state"":""raw_codeword_specific_composite""},{""end_offset"":45,""start_offset"":45,""state"":""pure_Q""},{""end_offset"":85,""start_offset"":62,""state"":""raw_codeword_specific_composite""},{""end_offset"":256,""start_offset"":117,""state"":""pure_Y""}]"
593,p_y_q,1,P,P,first_hidden,True,0,1,True,3,4,True,3,4,True,3,4,3,3,256,,P,0000000000000000000000000000000011111111111111111111111111111111,P,"[{""end_offset"":2,""start_offset"":0,""state"":""raw_codeword_specific_composite""},{""end_offset"":256,""start_offset"":3,""state"":""pure_P""}]"
593,p_y_q,1,P,P,final_hidden,True,0,1,True,3,4,True,3,4,True,3,4,3,3,256,,P,0000000000000000000000000000000011111111111111111111111111111111,P,"[{""end_offset"":2,""start_offset"":0,""state"":""raw_codeword_specific_composite""},{""end_offset"":256,""start_offset"":3,""state"":""pure_P""}]"
593,p_y_q,1,P,Q,first_hidden,True,0,1,False,,,False,,,False,,,,,256,,P,0000000000000000000000000000000011111111111111111111111111111111,P,"[{""end_offset"":2,""start_offset"":0,""state"":""raw_codeword_specific_composite""},{""end_offset"":256,""start_offset"":3,""state"":""pure_P""}]"
593,p_y_q,1,P,Q,final_hidden,True,24,33,False,,,False,,,False,,,,,256,,P,0000000000000000000000000000000011111111111111111111111111111111,P,"[{""end_offset"":2,""start_offset"":0,""state"":""raw_codeword_specific_composite""},{""end_offset"":256,""start_offset"":3,""state"":""pure_P""}]"
593,p_y_q,1,P,Y,first_hidden,False,,,False,,,False,,,False,,,,,256,,P,0000000000000000000000000000000011111111111111111111111111111111,P,"[{""end_offset"":2,""start_offset"":0,""state"":""raw_codeword_specific_composite""},{""end_offset"":256,""start_offset"":3,""state"":""pure_P""}]"
593,p_y_q,1,P,Y,final_hidden,False,,,False,,,False,,,False,,,,,256,,P,0000000000000000000000000000000011111111111111111111111111111111,P,"[{""end_offset"":2,""start_offset"":0,""state"":""raw_codeword_specific_composite""},{""end_offset"":256,""start_offset"":3,""state"":""pure_P""}]"
593,p_y_q,2,Y,P,first_hidden,True,0,1,True,0,1,True,0,1,True,0,1,0,0,256,P,Y,0000111111110000111100000000111100001111111100001111000000001111,Y,"[{""end_offset"":9,""start_offset"":0,""state"":""pure_P""},{""end_offset"":17,""start_offset"":13,""state"":""raw_codeword_specific_composite""},{""end_offset"":33,""start_offset"":24,""state"":""pure_P""},{""end_offset"":62,""start_offset"":45,""state"":""raw_codeword_specific_composite""},{""end_offset"":85,""start_offset"":85,""state"":""other_candidate_tuple_consistent""},{""end_offset"":256,""start_offset"":117,""state"":""pure_Y""}]"
593,p_y_q,2,Y,P,final_hidden,True,0,1,True,0,1,True,0,1,True,0,1,0,0,256,P,Y,0000111111110000111100000000111100001111111100001111000000001111,Y,"[{""end_offset"":9,""start_offset"":0,""state"":""pure_P""},{""end_offset"":17,""start_offset"":13,""state"":""raw_codeword_specific_composite""},{""end_offset"":33,""start_offset"":24,""state"":""pure_P""},{""end_offset"":62,""start_offset"":45,""state"":""raw_codeword_specific_composite""},{""end_offset"":85,""start_offset"":85,""state"":""other_candidate_tuple_consistent""},{""end_offset"":256,""start_offset"":117,""state"":""pure_Y""}]"
593,p_y_q,2,Y,Q,first_hidden,True,0,1,False,,,False,,,False,,,,,256,P,Y,0000111111110000111100000000111100001111111100001111000000001111,Y,"[{""end_offset"":9,""start_offset"":0,""state"":""pure_P""},{""end_offset"":17,""start_offset"":13,""state"":""raw_codeword_specific_composite""},{""end_offset"":33,""start_offset"":24,""state"":""pure_P""},{""end_offset"":62,""start_offset"":45,""state"":""raw_codeword_specific_composite""},{""end_offset"":85,""start_offset"":85,""state"":""other_candidate_tuple_consistent""},{""end_offset"":256,""start_offset"":117,""state"":""pure_Y""}]"
593,p_y_q,2,Y,Q,final_hidden,False,,,False,,,False,,,False,,,,,256,P,Y,0000111111110000111100000000111100001111111100001111000000001111,Y,"[{""end_offset"":9,""start_offset"":0,""state"":""pure_P""},{""end_offset"":17,""start_offset"":13,""state"":""raw_codeword_specific_composite""},{""end_offset"":33,""start_offset"":24,""state"":""pure_P""},{""end_offset"":62,""start_offset"":45,""state"":""raw_codeword_specific_composite""},{""end_offset"":85,""start_offset"":85,""state"":""other_candidate_tuple_consistent""},{""end_offset"":256,""start_offset"":117,""state"":""pure_Y""}]"
593,p_y_q,2,Y,Y,first_hidden,True,85,117,True,117,128,True,117,128,True,117,128,32,32,256,P,Y,0000111111110000111100000000111100001111111100001111000000001111,Y,"[{""end_offset"":9,""start_offset"":0,""state"":""pure_P""},{""end_offset"":17,""start_offset"":13,""state"":""raw_codeword_specific_composite""},{""end_offset"":33,""start_offset"":24,""state"":""pure_P""},{""end_offset"":62,""start_offset"":45,""state"":""raw_codeword_specific_composite""},{""end_offset"":85,""start_offset"":85,""state"":""other_candidate_tuple_consistent""},{""end_offset"":256,""start_offset"":117,""state"":""pure_Y""}]"
593,p_y_q,2,Y,Y,final_hidden,True,117,128,True,117,128,True,117,128,True,117,128,0,0,256,P,Y,0000111111110000111100000000111100001111111100001111000000001111,Y,"[{""end_offset"":9,""start_offset"":0,""state"":""pure_P""},{""end_offset"":17,""start_offset"":13,""state"":""raw_codeword_specific_composite""},{""end_offset"":33,""start_offset"":24,""state"":""pure_P""},{""end_offset"":62,""start_offset"":45,""state"":""raw_codeword_specific_composite""},{""end_offset"":85,""start_offset"":85,""state"":""other_candidate_tuple_consistent""},{""end_offset"":256,""start_offset"":117,""state"":""pure_Y""}]"
593,p_y_q,3,Q,P,first_hidden,True,0,1,False,,,False,,,False,,,,,256,Y,Q,1001100110011001100110011001100110011001100110011001100110011001,Q,"[{""end_offset"":7,""start_offset"":0,""state"":""pure_Y""},{""end_offset"":9,""start_offset"":9,""state"":""raw_codeword_specific_composite""},{""end_offset"":17,""start_offset"":13,""state"":""pure_Y""},{""end_offset"":62,""start_offset"":24,""state"":""raw_codeword_specific_composite""},{""end_offset"":256,""start_offset"":85,""state"":""pure_Q""}]"
593,p_y_q,3,Q,P,final_hidden,True,0,1,False,,,False,,,False,,,,,256,Y,Q,1001100110011001100110011001100110011001100110011001100110011001,Q,"[{""end_offset"":7,""start_offset"":0,""state"":""pure_Y""},{""end_offset"":9,""start_offset"":9,""state"":""raw_codeword_specific_composite""},{""end_offset"":17,""start_offset"":13,""state"":""pure_Y""},{""end_offset"":62,""start_offset"":24,""state"":""raw_codeword_specific_composite""},{""end_offset"":256,""start_offset"":85,""state"":""pure_Q""}]"
593,p_y_q,3,Q,Q,first_hidden,True,33,45,True,85,117,True,85,117,True,85,117,52,52,256,Y,Q,1001100110011001100110011001100110011001100110011001100110011001,Q,"[{""end_offset"":7,""start_offset"":0,""state"":""pure_Y""},{""end_offset"":9,""start_offset"":9,""state"":""raw_codeword_specific_composite""},{""end_offset"":17,""start_offset"":13,""state"":""pure_Y""},{""end_offset"":62,""start_offset"":24,""state"":""raw_codeword_specific_composite""},{""end_offset"":256,""start_offset"":85,""state"":""pure_Q""}]"
593,p_y_q,3,Q,Q,final_hidden,True,62,85,True,85,117,True,85,117,True,85,117,23,23,256,Y,Q,1001100110011001100110011001100110011001100110011001100110011001,Q,"[{""end_offset"":7,""start_offset"":0,""state"":""pure_Y""},{""end_offset"":9,""start_offset"":9,""state"":""raw_codeword_specific_composite""},{""end_offset"":17,""start_offset"":13,""state"":""pure_Y""},{""end_offset"":62,""start_offset"":24,""state"":""raw_codeword_specific_composite""},{""end_offset"":256,""start_offset"":85,""state"":""pure_Q""}]"
593,p_y_q,3,Q,Y,first_hidden,True,0,1,True,0,1,True,0,1,True,0,1,0,0,256,Y,Q,1001100110011001100110011001100110011001100110011001100110011001,Q,"[{""end_offset"":7,""start_offset"":0,""state"":""pure_Y""},{""end_offset"":9,""start_offset"":9,""state"":""raw_codeword_specific_composite""},{""end_offset"":17,""start_offset"":13,""state"":""pure_Y""},{""end_offset"":62,""start_offset"":24,""state"":""raw_codeword_specific_composite""},{""end_offset"":256,""start_offset"":85,""state"":""pure_Q""}]"
593,p_y_q,3,Q,Y,final_hidden,True,0,1,True,0,1,True,0,1,True,0,1,0,0,256,Y,Q,1001100110011001100110011001100110011001100110011001100110011001,Q,"[{""end_offset"":7,""start_offset"":0,""state"":""pure_Y""},{""end_offset"":9,""start_offset"":9,""state"":""raw_codeword_specific_composite""},{""end_offset"":17,""start_offset"":13,""state"":""pure_Y""},{""end_offset"":62,""start_offset"":24,""state"":""raw_codeword_specific_composite""},{""end_offset"":256,""start_offset"":85,""state"":""pure_Q""}]"
593,q_p_y,1,Q,P,first_hidden,True,0,1,False,,,False,,,False,,,,,256,,Q,1001100110011001100110011001100110011001100110011001100110011001,Q,"[{""end_offset"":5,""start_offset"":0,""state"":""raw_codeword_specific_composite""},{""end_offset"":256,""start_offset"":7,""state"":""pure_Q""}]"
593,q_p_y,1,Q,P,final_hidden,True,0,1,False,,,False,,,False,,,,,256,,Q,1001100110011001100110011001100110011001100110011001100110011001,Q,"[{""end_offset"":5,""start_offset"":0,""state"":""raw_codeword_specific_composite""},{""end_offset"":256,""start_offset"":7,""state"":""pure_Q""}]"
593,q_p_y,1,Q,Q,first_hidden,True,0,1,True,7,9,True,7,9,True,7,9,7,7,256,,Q,1001100110011001100110011001100110011001100110011001100110011001,Q,"[{""end_offset"":5,""start_offset"":0,""state"":""raw_codeword_specific_composite""},{""end_offset"":256,""start_offset"":7,""state"":""pure_Q""}]"
593,q_p_y,1,Q,Q,final_hidden,True,5,7,True,7,9,True,7,9,True,7,9,2,2,256,,Q,1001100110011001100110011001100110011001100110011001100110011001,Q,"[{""end_offset"":5,""start_offset"":0,""state"":""raw_codeword_specific_composite""},{""end_offset"":256,""start_offset"":7,""state"":""pure_Q""}]"
593,q_p_y,1,Q,Y,first_hidden,False,,,False,,,False,,,False,,,,,256,,Q,1001100110011001100110011001100110011001100110011001100110011001,Q,"[{""end_offset"":5,""start_offset"":0,""state"":""raw_codeword_specific_composite""},{""end_offset"":256,""start_offset"":7,""state"":""pure_Q""}]"
593,q_p_y,1,Q,Y,final_hidden,False,,,False,,,False,,,False,,,,,256,,Q,1001100110011001100110011001100110011001100110011001100110011001,Q,"[{""end_offset"":5,""start_offset"":0,""state"":""raw_codeword_specific_composite""},{""end_offset"":256,""start_offset"":7,""state"":""pure_Q""}]"
593,q_p_y,2,P,P,first_hidden,True,0,1,True,33,45,True,33,45,True,33,45,33,33,256,Q,P,0000000000000000000000000000000011111111111111111111111111111111,P,"[{""end_offset"":9,""start_offset"":0,""state"":""pure_Q""},{""end_offset"":24,""start_offset"":13,""state"":""raw_codeword_specific_composite""},{""end_offset"":256,""start_offset"":33,""state"":""pure_P""}]"
593,q_p_y,2,P,P,final_hidden,True,0,1,True,33,45,True,33,45,True,33,45,33,33,256,Q,P,0000000000000000000000000000000011111111111111111111111111111111,P,"[{""end_offset"":9,""start_offset"":0,""state"":""pure_Q""},{""end_offset"":24,""start_offset"":13,""state"":""raw_codeword_specific_composite""},{""end_offset"":256,""start_offset"":33,""state"":""pure_P""}]"
593,q_p_y,2,P,Q,first_hidden,True,0,1,True,0,1,True,0,1,True,0,1,0,0,256,Q,P,0000000000000000000000000000000011111111111111111111111111111111,P,"[{""end_offset"":9,""start_offset"":0,""state"":""pure_Q""},{""end_offset"":24,""start_offset"":13,""state"":""raw_codeword_specific_composite""},{""end_offset"":256,""start_offset"":33,""state"":""pure_P""}]"
593,q_p_y,2,P,Q,final_hidden,True,0,1,True,0,1,True,0,1,True,0,1,0,0,256,Q,P,0000000000000000000000000000000011111111111111111111111111111111,P,"[{""end_offset"":9,""start_offset"":0,""state"":""pure_Q""},{""end_offset"":24,""start_offset"":13,""state"":""raw_codeword_specific_composite""},{""end_offset"":256,""start_offset"":33,""state"":""pure_P""}]"
593,q_p_y,2,P,Y,first_hidden,False,,,False,,,False,,,False,,,,,256,Q,P,0000000000000000000000000000000011111111111111111111111111111111,P,"[{""end_offset"":9,""start_offset"":0,""state"":""pure_Q""},{""end_offset"":24,""start_offset"":13,""state"":""raw_codeword_specific_composite""},{""end_offset"":256,""start_offset"":33,""state"":""pure_P""}]"
593,q_p_y,2,P,Y,final_hidden,False,,,False,,,False,,,False,,,,,256,Q,P,0000000000000000000000000000000011111111111111111111111111111111,P,"[{""end_offset"":9,""start_offset"":0,""state"":""pure_Q""},{""end_offset"":24,""start_offset"":13,""state"":""raw_codeword_specific_composite""},{""end_offset"":256,""start_offset"":33,""state"":""pure_P""}]"
593,q_p_y,3,Y,P,first_hidden,True,0,1,True,0,1,True,0,1,True,0,1,0,0,256,P,Y,0000111111110000111100000000111100001111111100001111000000001111,Y,"[{""end_offset"":9,""start_offset"":0,""state"":""pure_P""},{""end_offset"":33,""start_offset"":13,""state"":""raw_codeword_specific_composite""},{""end_offset"":62,""start_offset"":45,""state"":""pure_P""},{""end_offset"":117,""start_offset"":85,""state"":""raw_codeword_specific_composite""},{""end_offset"":256,""start_offset"":128,""state"":""pure_Y""}]"
593,q_p_y,3,Y,P,final_hidden,True,0,1,True,0,1,True,0,1,True,0,1,0,0,256,P,Y,0000111111110000111100000000111100001111111100001111000000001111,Y,"[{""end_offset"":9,""start_offset"":0,""state"":""pure_P""},{""end_offset"":33,""start_offset"":13,""state"":""raw_codeword_specific_composite""},{""end_offset"":62,""start_offset"":45,""state"":""pure_P""},{""end_offset"":117,""start_offset"":85,""state"":""raw_codeword_specific_composite""},{""end_offset"":256,""start_offset"":128,""state"":""pure_Y""}]"
593,q_p_y,3,Y,Q,first_hidden,True,0,1,False,,,False,,,False,,,,,256,P,Y,0000111111110000111100000000111100001111111100001111000000001111,Y,"[{""end_offset"":9,""start_offset"":0,""state"":""pure_P""},{""end_offset"":33,""start_offset"":13,""state"":""raw_codeword_specific_composite""},{""end_offset"":62,""start_offset"":45,""state"":""pure_P""},{""end_offset"":117,""start_offset"":85,""state"":""raw_codeword_specific_composite""},{""end_offset"":256,""start_offset"":128,""state"":""pure_Y""}]"
593,q_p_y,3,Y,Q,final_hidden,True,0,1,False,,,False,,,False,,,,,256,P,Y,0000111111110000111100000000111100001111111100001111000000001111,Y,"[{""end_offset"":9,""start_offset"":0,""state"":""pure_P""},{""end_offset"":33,""start_offset"":13,""state"":""raw_codeword_specific_composite""},{""end_offset"":62,""start_offset"":45,""state"":""pure_P""},{""end_offset"":117,""start_offset"":85,""state"":""raw_codeword_specific_composite""},{""end_offset"":256,""start_offset"":128,""state"":""pure_Y""}]"
593,q_p_y,3,Y,Y,first_hidden,True,117,128,True,128,161,True,128,161,True,128,161,11,11,256,P,Y,0000111111110000111100000000111100001111111100001111000000001111,Y,"[{""end_offset"":9,""start_offset"":0,""state"":""pure_P""},{""end_offset"":33,""start_offset"":13,""state"":""raw_codeword_specific_composite""},{""end_offset"":62,""start_offset"":45,""state"":""pure_P""},{""end_offset"":117,""start_offset"":85,""state"":""raw_codeword_specific_composite""},{""end_offset"":256,""start_offset"":128,""state"":""pure_Y""}]"
593,q_p_y,3,Y,Y,final_hidden,True,161,222,True,128,161,True,128,161,True,128,161,-33,-33,256,P,Y,0000111111110000111100000000111100001111111100001111000000001111,Y,"[{""end_offset"":9,""start_offset"":0,""state"":""pure_P""},{""end_offset"":33,""start_offset"":13,""state"":""raw_codeword_specific_composite""},{""end_offset"":62,""start_offset"":45,""state"":""pure_P""},{""end_offset"":117,""start_offset"":85,""state"":""raw_codeword_specific_composite""},{""end_offset"":256,""start_offset"":128,""state"":""pure_Y""}]"
593,q_y_p,1,Q,P,first_hidden,True,0,1,False,,,False,,,False,,,,,256,,Q,1001100110011001100110011001100110011001100110011001100110011001,Q,"[{""end_offset"":5,""start_offset"":0,""state"":""raw_codeword_specific_composite""},{""end_offset"":256,""start_offset"":7,""state"":""pure_Q""}]"
593,q_y_p,1,Q,P,final_hidden,True,0,1,False,,,False,,,False,,,,,256,,Q,1001100110011001100110011001100110011001100110011001100110011001,Q,"[{""end_offset"":5,""start_offset"":0,""state"":""raw_codeword_specific_composite""},{""end_offset"":256,""start_offset"":7,""state"":""pure_Q""}]"
593,q_y_p,1,Q,Q,first_hidden,True,0,1,True,7,9,True,7,9,True,7,9,7,7,256,,Q,1001100110011001100110011001100110011001100110011001100110011001,Q,"[{""end_offset"":5,""start_offset"":0,""state"":""raw_codeword_specific_composite""},{""end_offset"":256,""start_offset"":7,""state"":""pure_Q""}]"
593,q_y_p,1,Q,Q,final_hidden,True,5,7,True,7,9,True,7,9,True,7,9,2,2,256,,Q,1001100110011001100110011001100110011001100110011001100110011001,Q,"[{""end_offset"":5,""start_offset"":0,""state"":""raw_codeword_specific_composite""},{""end_offset"":256,""start_offset"":7,""state"":""pure_Q""}]"
593,q_y_p,1,Q,Y,first_hidden,False,,,False,,,False,,,False,,,,,256,,Q,1001100110011001100110011001100110011001100110011001100110011001,Q,"[{""end_offset"":5,""start_offset"":0,""state"":""raw_codeword_specific_composite""},{""end_offset"":256,""start_offset"":7,""state"":""pure_Q""}]"
593,q_y_p,1,Q,Y,final_hidden,False,,,False,,,False,,,False,,,,,256,,Q,1001100110011001100110011001100110011001100110011001100110011001,Q,"[{""end_offset"":5,""start_offset"":0,""state"":""raw_codeword_specific_composite""},{""end_offset"":256,""start_offset"":7,""state"":""pure_Q""}]"
593,q_y_p,2,Y,P,first_hidden,True,0,1,False,,,False,,,False,,,,,256,Q,Y,0000111111110000111100000000111100001111111100001111000000001111,Y,"[{""end_offset"":13,""start_offset"":0,""state"":""pure_Q""},{""end_offset"":24,""start_offset"":17,""state"":""raw_codeword_specific_composite""},{""end_offset"":33,""start_offset"":33,""state"":""pure_Q""},{""end_offset"":85,""start_offset"":45,""state"":""raw_codeword_specific_composite""},{""end_offset"":256,""start_offset"":117,""state"":""pure_Y""}]"
593,q_y_p,2,Y,P,final_hidden,True,0,1,False,,,False,,,False,,,,,256,Q,Y,0000111111110000111100000000111100001111111100001111000000001111,Y,"[{""end_offset"":13,""start_offset"":0,""state"":""pure_Q""},{""end_offset"":24,""start_offset"":17,""state"":""raw_codeword_specific_composite""},{""end_offset"":33,""start_offset"":33,""state"":""pure_Q""},{""end_offset"":85,""start_offset"":45,""state"":""raw_codeword_specific_composite""},{""end_offset"":256,""start_offset"":117,""state"":""pure_Y""}]"
593,q_y_p,2,Y,Q,first_hidden,True,0,1,True,0,1,True,0,1,True,0,1,0,0,256,Q,Y,0000111111110000111100000000111100001111111100001111000000001111,Y,"[{""end_offset"":13,""start_offset"":0,""state"":""pure_Q""},{""end_offset"":24,""start_offset"":17,""state"":""raw_codeword_specific_composite""},{""end_offset"":33,""start_offset"":33,""state"":""pure_Q""},{""end_offset"":85,""start_offset"":45,""state"":""raw_codeword_specific_composite""},{""end_offset"":256,""start_offset"":117,""state"":""pure_Y""}]"
593,q_y_p,2,Y,Q,final_hidden,True,0,1,True,0,1,True,0,1,True,0,1,0,0,256,Q,Y,0000111111110000111100000000111100001111111100001111000000001111,Y,"[{""end_offset"":13,""start_offset"":0,""state"":""pure_Q""},{""end_offset"":24,""start_offset"":17,""state"":""raw_codeword_specific_composite""},{""end_offset"":33,""start_offset"":33,""state"":""pure_Q""},{""end_offset"":85,""start_offset"":45,""state"":""raw_codeword_specific_composite""},{""end_offset"":256,""start_offset"":117,""state"":""pure_Y""}]"
593,q_y_p,2,Y,Y,first_hidden,True,117,128,True,117,128,True,117,128,True,117,128,0,0,256,Q,Y,0000111111110000111100000000111100001111111100001111000000001111,Y,"[{""end_offset"":13,""start_offset"":0,""state"":""pure_Q""},{""end_offset"":24,""start_offset"":17,""state"":""raw_codeword_specific_composite""},{""end_offset"":33,""start_offset"":33,""state"":""pure_Q""},{""end_offset"":85,""start_offset"":45,""state"":""raw_codeword_specific_composite""},{""end_offset"":256,""start_offset"":117,""state"":""pure_Y""}]"
593,q_y_p,2,Y,Y,final_hidden,True,117,128,True,117,128,True,117,128,True,117,128,0,0,256,Q,Y,0000111111110000111100000000111100001111111100001111000000001111,Y,"[{""end_offset"":13,""start_offset"":0,""state"":""pure_Q""},{""end_offset"":24,""start_offset"":17,""state"":""raw_codeword_specific_composite""},{""end_offset"":33,""start_offset"":33,""state"":""pure_Q""},{""end_offset"":85,""start_offset"":45,""state"":""raw_codeword_specific_composite""},{""end_offset"":256,""start_offset"":117,""state"":""pure_Y""}]"
593,q_y_p,3,P,P,first_hidden,True,0,1,True,33,45,True,33,45,True,33,45,33,33,256,Y,P,0000000000000000000000000000000011111111111111111111111111111111,P,"[{""end_offset"":13,""start_offset"":0,""state"":""pure_Y""},{""end_offset"":24,""start_offset"":17,""state"":""raw_codeword_specific_composite""},{""end_offset"":256,""start_offset"":33,""state"":""pure_P""}]"
593,q_y_p,3,P,P,final_hidden,True,24,33,True,33,45,True,33,45,True,33,45,9,9,256,Y,P,0000000000000000000000000000000011111111111111111111111111111111,P,"[{""end_offset"":13,""start_offset"":0,""state"":""pure_Y""},{""end_offset"":24,""start_offset"":17,""state"":""raw_codeword_specific_composite""},{""end_offset"":256,""start_offset"":33,""state"":""pure_P""}]"
593,q_y_p,3,P,Q,first_hidden,True,0,1,False,,,False,,,False,,,,,256,Y,P,0000000000000000000000000000000011111111111111111111111111111111,P,"[{""end_offset"":13,""start_offset"":0,""state"":""pure_Y""},{""end_offset"":24,""start_offset"":17,""state"":""raw_codeword_specific_composite""},{""end_offset"":256,""start_offset"":33,""state"":""pure_P""}]"
593,q_y_p,3,P,Q,final_hidden,True,0,1,False,,,False,,,False,,,,,256,Y,P,0000000000000000000000000000000011111111111111111111111111111111,P,"[{""end_offset"":13,""start_offset"":0,""state"":""pure_Y""},{""end_offset"":24,""start_offset"":17,""state"":""raw_codeword_specific_composite""},{""end_offset"":256,""start_offset"":33,""state"":""pure_P""}]"
593,q_y_p,3,P,Y,first_hidden,True,0,1,True,0,1,True,0,1,True,0,1,0,0,256,Y,P,0000000000000000000000000000000011111111111111111111111111111111,P,"[{""end_offset"":13,""start_offset"":0,""state"":""pure_Y""},{""end_offset"":24,""start_offset"":17,""state"":""raw_codeword_specific_composite""},{""end_offset"":256,""start_offset"":33,""state"":""pure_P""}]"
593,q_y_p,3,P,Y,final_hidden,True,0,1,True,0,1,True,0,1,True,0,1,0,0,256,Y,P,0000000000000000000000000000000011111111111111111111111111111111,P,"[{""end_offset"":13,""start_offset"":0,""state"":""pure_Y""},{""end_offset"":24,""start_offset"":17,""state"":""raw_codeword_specific_composite""},{""end_offset"":256,""start_offset"":33,""state"":""pure_P""}]"
593,y_p_q,1,Y,P,first_hidden,True,0,1,False,,,False,,,False,,,,,256,,Y,0000111111110000111100000000111100001111111100001111000000001111,Y,"[{""end_offset"":9,""start_offset"":0,""state"":""raw_codeword_specific_composite""},{""end_offset"":256,""start_offset"":13,""state"":""pure_Y""}]"
593,y_p_q,1,Y,P,final_hidden,True,3,4,False,,,False,,,False,,,,,256,,Y,0000111111110000111100000000111100001111111100001111000000001111,Y,"[{""end_offset"":9,""start_offset"":0,""state"":""raw_codeword_specific_composite""},{""end_offset"":256,""start_offset"":13,""state"":""pure_Y""}]"
593,y_p_q,1,Y,Q,first_hidden,True,0,1,False,,,False,,,False,,,,,256,,Y,0000111111110000111100000000111100001111111100001111000000001111,Y,"[{""end_offset"":9,""start_offset"":0,""state"":""raw_codeword_specific_composite""},{""end_offset"":256,""start_offset"":13,""state"":""pure_Y""}]"
593,y_p_q,1,Y,Q,final_hidden,False,,,False,,,False,,,False,,,,,256,,Y,0000111111110000111100000000111100001111111100001111000000001111,Y,"[{""end_offset"":9,""start_offset"":0,""state"":""raw_codeword_specific_composite""},{""end_offset"":256,""start_offset"":13,""state"":""pure_Y""}]"
593,y_p_q,1,Y,Y,first_hidden,True,33,45,True,13,17,True,13,17,True,13,17,-20,-20,256,,Y,0000111111110000111100000000111100001111111100001111000000001111,Y,"[{""end_offset"":9,""start_offset"":0,""state"":""raw_codeword_specific_composite""},{""end_offset"":256,""start_offset"":13,""state"":""pure_Y""}]"
593,y_p_q,1,Y,Y,final_hidden,True,17,24,True,13,17,True,13,17,True,13,17,-4,-4,256,,Y,0000111111110000111100000000111100001111111100001111000000001111,Y,"[{""end_offset"":9,""start_offset"":0,""state"":""raw_codeword_specific_composite""},{""end_offset"":256,""start_offset"":13,""state"":""pure_Y""}]"
593,y_p_q,2,P,P,first_hidden,True,0,1,True,24,33,True,24,33,True,24,33,24,24,256,Y,P,0000000000000000000000000000000011111111111111111111111111111111,P,"[{""end_offset"":9,""start_offset"":0,""state"":""pure_Y""},{""end_offset"":17,""start_offset"":13,""state"":""raw_codeword_specific_composite""},{""end_offset"":256,""start_offset"":24,""state"":""pure_P""}]"
593,y_p_q,2,P,P,final_hidden,True,13,17,True,24,33,True,24,33,True,24,33,11,11,256,Y,P,0000000000000000000000000000000011111111111111111111111111111111,P,"[{""end_offset"":9,""start_offset"":0,""state"":""pure_Y""},{""end_offset"":17,""start_offset"":13,""state"":""raw_codeword_specific_composite""},{""end_offset"":256,""start_offset"":24,""state"":""pure_P""}]"
593,y_p_q,2,P,Q,first_hidden,True,24,33,False,,,False,,,False,,,,,256,Y,P,0000000000000000000000000000000011111111111111111111111111111111,P,"[{""end_offset"":9,""start_offset"":0,""state"":""pure_Y""},{""end_offset"":17,""start_offset"":13,""state"":""raw_codeword_specific_composite""},{""end_offset"":256,""start_offset"":24,""state"":""pure_P""}]"
593,y_p_q,2,P,Q,final_hidden,False,,,False,,,False,,,False,,,,,256,Y,P,0000000000000000000000000000000011111111111111111111111111111111,P,"[{""end_offset"":9,""start_offset"":0,""state"":""pure_Y""},{""end_offset"":17,""start_offset"":13,""state"":""raw_codeword_specific_composite""},{""end_offset"":256,""start_offset"":24,""state"":""pure_P""}]"
593,y_p_q,2,P,Y,first_hidden,True,0,1,True,0,1,True,0,1,True,0,1,0,0,256,Y,P,0000000000000000000000000000000011111111111111111111111111111111,P,"[{""end_offset"":9,""start_offset"":0,""state"":""pure_Y""},{""end_offset"":17,""start_offset"":13,""state"":""raw_codeword_specific_composite""},{""end_offset"":256,""start_offset"":24,""state"":""pure_P""}]"
593,y_p_q,2,P,Y,final_hidden,True,0,1,True,0,1,True,0,1,True,0,1,0,0,256,Y,P,0000000000000000000000000000000011111111111111111111111111111111,P,"[{""end_offset"":9,""start_offset"":0,""state"":""pure_Y""},{""end_offset"":17,""start_offset"":13,""state"":""raw_codeword_specific_composite""},{""end_offset"":256,""start_offset"":24,""state"":""pure_P""}]"
593,y_p_q,3,Q,P,first_hidden,True,0,1,True,0,1,True,0,1,True,0,1,0,0,256,P,Q,1001100110011001100110011001100110011001100110011001100110011001,Q,"[{""end_offset"":24,""start_offset"":0,""state"":""pure_P""},{""end_offset"":33,""start_offset"":33,""state"":""raw_codeword_specific_composite""},{""end_offset"":256,""start_offset"":45,""state"":""pure_Q""}]"
593,y_p_q,3,Q,P,final_hidden,True,0,1,True,0,1,True,0,1,True,0,1,0,0,256,P,Q,1001100110011001100110011001100110011001100110011001100110011001,Q,"[{""end_offset"":24,""start_offset"":0,""state"":""pure_P""},{""end_offset"":33,""start_offset"":33,""state"":""raw_codeword_specific_composite""},{""end_offset"":256,""start_offset"":45,""state"":""pure_Q""}]"
593,y_p_q,3,Q,Q,first_hidden,True,0,1,True,45,62,True,45,62,True,45,62,45,45,256,P,Q,1001100110011001100110011001100110011001100110011001100110011001,Q,"[{""end_offset"":24,""start_offset"":0,""state"":""pure_P""},{""end_offset"":33,""start_offset"":33,""state"":""raw_codeword_specific_composite""},{""end_offset"":256,""start_offset"":45,""state"":""pure_Q""}]"
593,y_p_q,3,Q,Q,final_hidden,True,33,45,True,45,62,True,45,62,True,45,62,12,12,256,P,Q,1001100110011001100110011001100110011001100110011001100110011001,Q,"[{""end_offset"":24,""start_offset"":0,""state"":""pure_P""},{""end_offset"":33,""start_offset"":33,""state"":""raw_codeword_specific_composite""},{""end_offset"":256,""start_offset"":45,""state"":""pure_Q""}]"
593,y_p_q,3,Q,Y,first_hidden,True,0,1,False,,,False,,,False,,,,,256,P,Q,1001100110011001100110011001100110011001100110011001100110011001,Q,"[{""end_offset"":24,""start_offset"":0,""state"":""pure_P""},{""end_offset"":33,""start_offset"":33,""state"":""raw_codeword_specific_composite""},{""end_offset"":256,""start_offset"":45,""state"":""pure_Q""}]"
593,y_p_q,3,Q,Y,final_hidden,True,0,1,False,,,False,,,False,,,,,256,P,Q,1001100110011001100110011001100110011001100110011001100110011001,Q,"[{""end_offset"":24,""start_offset"":0,""state"":""pure_P""},{""end_offset"":33,""start_offset"":33,""state"":""raw_codeword_specific_composite""},{""end_offset"":256,""start_offset"":45,""state"":""pure_Q""}]"
593,y_q_p,1,Y,P,first_hidden,True,0,1,False,,,False,,,False,,,,,256,,Y,0000111111110000111100000000111100001111111100001111000000001111,Y,"[{""end_offset"":9,""start_offset"":0,""state"":""raw_codeword_specific_composite""},{""end_offset"":256,""start_offset"":13,""state"":""pure_Y""}]"
593,y_q_p,1,Y,P,final_hidden,True,3,4,False,,,False,,,False,,,,,256,,Y,0000111111110000111100000000111100001111111100001111000000001111,Y,"[{""end_offset"":9,""start_offset"":0,""state"":""raw_codeword_specific_composite""},{""end_offset"":256,""start_offset"":13,""state"":""pure_Y""}]"
593,y_q_p,1,Y,Q,first_hidden,True,0,1,False,,,False,,,False,,,,,256,,Y,0000111111110000111100000000111100001111111100001111000000001111,Y,"[{""end_offset"":9,""start_offset"":0,""state"":""raw_codeword_specific_composite""},{""end_offset"":256,""start_offset"":13,""state"":""pure_Y""}]"
593,y_q_p,1,Y,Q,final_hidden,False,,,False,,,False,,,False,,,,,256,,Y,0000111111110000111100000000111100001111111100001111000000001111,Y,"[{""end_offset"":9,""start_offset"":0,""state"":""raw_codeword_specific_composite""},{""end_offset"":256,""start_offset"":13,""state"":""pure_Y""}]"
593,y_q_p,1,Y,Y,first_hidden,True,33,45,True,13,17,True,13,17,True,13,17,-20,-20,256,,Y,0000111111110000111100000000111100001111111100001111000000001111,Y,"[{""end_offset"":9,""start_offset"":0,""state"":""raw_codeword_specific_composite""},{""end_offset"":256,""start_offset"":13,""state"":""pure_Y""}]"
593,y_q_p,1,Y,Y,final_hidden,True,17,24,True,13,17,True,13,17,True,13,17,-4,-4,256,,Y,0000111111110000111100000000111100001111111100001111000000001111,Y,"[{""end_offset"":9,""start_offset"":0,""state"":""raw_codeword_specific_composite""},{""end_offset"":256,""start_offset"":13,""state"":""pure_Y""}]"
593,y_q_p,2,Q,P,first_hidden,True,0,1,False,,,False,,,False,,,,,256,Y,Q,1001100110011001100110011001100110011001100110011001100110011001,Q,"[{""end_offset"":9,""start_offset"":0,""state"":""pure_Y""},{""end_offset"":33,""start_offset"":13,""state"":""raw_codeword_specific_composite""},{""end_offset"":256,""start_offset"":45,""state"":""pure_Q""}]"
593,y_q_p,2,Q,P,final_hidden,True,2,3,False,,,False,,,False,,,,,256,Y,Q,1001100110011001100110011001100110011001100110011001100110011001,Q,"[{""end_offset"":9,""start_offset"":0,""state"":""pure_Y""},{""end_offset"":33,""start_offset"":13,""state"":""raw_codeword_specific_composite""},{""end_offset"":256,""start_offset"":45,""state"":""pure_Q""}]"
593,y_q_p,2,Q,Q,first_hidden,True,33,45,True,45,62,True,45,62,True,45,62,12,12,256,Y,Q,1001100110011001100110011001100110011001100110011001100110011001,Q,"[{""end_offset"":9,""start_offset"":0,""state"":""pure_Y""},{""end_offset"":33,""start_offset"":13,""state"":""raw_codeword_specific_composite""},{""end_offset"":256,""start_offset"":45,""state"":""pure_Q""}]"
593,y_q_p,2,Q,Q,final_hidden,True,85,117,True,45,62,True,45,62,True,45,62,-40,-40,256,Y,Q,1001100110011001100110011001100110011001100110011001100110011001,Q,"[{""end_offset"":9,""start_offset"":0,""state"":""pure_Y""},{""end_offset"":33,""start_offset"":13,""state"":""raw_codeword_specific_composite""},{""end_offset"":256,""start_offset"":45,""state"":""pure_Q""}]"
593,y_q_p,2,Q,Y,first_hidden,True,0,1,True,0,1,True,0,1,True,0,1,0,0,256,Y,Q,1001100110011001100110011001100110011001100110011001100110011001,Q,"[{""end_offset"":9,""start_offset"":0,""state"":""pure_Y""},{""end_offset"":33,""start_offset"":13,""state"":""raw_codeword_specific_composite""},{""end_offset"":256,""start_offset"":45,""state"":""pure_Q""}]"
593,y_q_p,2,Q,Y,final_hidden,True,0,1,True,0,1,True,0,1,True,0,1,0,0,256,Y,Q,1001100110011001100110011001100110011001100110011001100110011001,Q,"[{""end_offset"":9,""start_offset"":0,""state"":""pure_Y""},{""end_offset"":33,""start_offset"":13,""state"":""raw_codeword_specific_composite""},{""end_offset"":256,""start_offset"":45,""state"":""pure_Q""}]"
593,y_q_p,3,P,P,first_hidden,True,0,1,True,33,45,True,33,45,True,33,45,33,33,256,Q,P,0000000000000000000000000000000011111111111111111111111111111111,P,"[{""end_offset"":13,""start_offset"":0,""state"":""pure_Q""},{""end_offset"":24,""start_offset"":17,""state"":""raw_codeword_specific_composite""},{""end_offset"":256,""start_offset"":33,""state"":""pure_P""}]"
593,y_q_p,3,P,P,final_hidden,True,24,33,True,33,45,True,33,45,True,33,45,9,9,256,Q,P,0000000000000000000000000000000011111111111111111111111111111111,P,"[{""end_offset"":13,""start_offset"":0,""state"":""pure_Q""},{""end_offset"":24,""start_offset"":17,""state"":""raw_codeword_specific_composite""},{""end_offset"":256,""start_offset"":33,""state"":""pure_P""}]"
593,y_q_p,3,P,Q,first_hidden,True,0,1,True,0,1,True,0,1,True,0,1,0,0,256,Q,P,0000000000000000000000000000000011111111111111111111111111111111,P,"[{""end_offset"":13,""start_offset"":0,""state"":""pure_Q""},{""end_offset"":24,""start_offset"":17,""state"":""raw_codeword_specific_composite""},{""end_offset"":256,""start_offset"":33,""state"":""pure_P""}]"
593,y_q_p,3,P,Q,final_hidden,True,0,1,True,0,1,True,0,1,True,0,1,0,0,256,Q,P,0000000000000000000000000000000011111111111111111111111111111111,P,"[{""end_offset"":13,""start_offset"":0,""state"":""pure_Q""},{""end_offset"":24,""start_offset"":17,""state"":""raw_codeword_specific_composite""},{""end_offset"":256,""start_offset"":33,""state"":""pure_P""}]"
593,y_q_p,3,P,Y,first_hidden,False,,,False,,,False,,,False,,,,,256,Q,P,0000000000000000000000000000000011111111111111111111111111111111,P,"[{""end_offset"":13,""start_offset"":0,""state"":""pure_Q""},{""end_offset"":24,""start_offset"":17,""state"":""raw_codeword_specific_composite""},{""end_offset"":256,""start_offset"":33,""state"":""pure_P""}]"
593,y_q_p,3,P,Y,final_hidden,True,2,3,False,,,False,,,False,,,,,256,Q,P,0000000000000000000000000000000011111111111111111111111111111111,P,"[{""end_offset"":13,""start_offset"":0,""state"":""pure_Q""},{""end_offset"":24,""start_offset"":17,""state"":""raw_codeword_specific_composite""},{""end_offset"":256,""start_offset"":33,""state"":""pure_P""}]"
599,p_q_y,1,P,P,first_hidden,True,0,1,True,2,3,True,2,3,True,2,3,2,2,256,,P,0000000000000000000000000000000011111111111111111111111111111111,P,"[{""end_offset"":1,""start_offset"":0,""state"":""raw_codeword_specific_composite""},{""end_offset"":256,""start_offset"":2,""state"":""pure_P""}]"
599,p_q_y,1,P,P,final_hidden,True,0,1,True,2,3,True,2,3,True,2,3,2,2,256,,P,0000000000000000000000000000000011111111111111111111111111111111,P,"[{""end_offset"":1,""start_offset"":0,""state"":""raw_codeword_specific_composite""},{""end_offset"":256,""start_offset"":2,""state"":""pure_P""}]"
599,p_q_y,1,P,Q,first_hidden,True,0,1,False,,,False,,,False,,,,,256,,P,0000000000000000000000000000000011111111111111111111111111111111,P,"[{""end_offset"":1,""start_offset"":0,""state"":""raw_codeword_specific_composite""},{""end_offset"":256,""start_offset"":2,""state"":""pure_P""}]"
599,p_q_y,1,P,Q,final_hidden,False,,,False,,,False,,,False,,,,,256,,P,0000000000000000000000000000000011111111111111111111111111111111,P,"[{""end_offset"":1,""start_offset"":0,""state"":""raw_codeword_specific_composite""},{""end_offset"":256,""start_offset"":2,""state"":""pure_P""}]"
599,p_q_y,1,P,Y,first_hidden,False,,,False,,,False,,,False,,,,,256,,P,0000000000000000000000000000000011111111111111111111111111111111,P,"[{""end_offset"":1,""start_offset"":0,""state"":""raw_codeword_specific_composite""},{""end_offset"":256,""start_offset"":2,""state"":""pure_P""}]"
599,p_q_y,1,P,Y,final_hidden,False,,,False,,,False,,,False,,,,,256,,P,0000000000000000000000000000000011111111111111111111111111111111,P,"[{""end_offset"":1,""start_offset"":0,""state"":""raw_codeword_specific_composite""},{""end_offset"":256,""start_offset"":2,""state"":""pure_P""}]"
599,p_q_y,2,Q,P,first_hidden,True,0,1,True,0,1,True,0,1,True,0,1,0,0,256,P,Q,1001100110011001100110011001100110011001100110011001100110011001,Q,"[{""end_offset"":24,""start_offset"":0,""state"":""pure_P""},{""end_offset"":33,""start_offset"":33,""state"":""raw_codeword_specific_composite""},{""end_offset"":256,""start_offset"":45,""state"":""pure_Q""}]"
599,p_q_y,2,Q,P,final_hidden,True,0,1,True,0,1,True,0,1,True,0,1,0,0,256,P,Q,1001100110011001100110011001100110011001100110011001100110011001,Q,"[{""end_offset"":24,""start_offset"":0,""state"":""pure_P""},{""end_offset"":33,""start_offset"":33,""state"":""raw_codeword_specific_composite""},{""end_offset"":256,""start_offset"":45,""state"":""pure_Q""}]"
599,p_q_y,2,Q,Q,first_hidden,True,0,1,True,45,62,True,45,62,True,45,62,45,45,256,P,Q,1001100110011001100110011001100110011001100110011001100110011001,Q,"[{""end_offset"":24,""start_offset"":0,""state"":""pure_P""},{""end_offset"":33,""start_offset"":33,""state"":""raw_codeword_specific_composite""},{""end_offset"":256,""start_offset"":45,""state"":""pure_Q""}]"
599,p_q_y,2,Q,Q,final_hidden,True,33,45,True,45,62,True,45,62,True,45,62,12,12,256,P,Q,1001100110011001100110011001100110011001100110011001100110011001,Q,"[{""end_offset"":24,""start_offset"":0,""state"":""pure_P""},{""end_offset"":33,""start_offset"":33,""state"":""raw_codeword_specific_composite""},{""end_offset"":256,""start_offset"":45,""state"":""pure_Q""}]"
599,p_q_y,2,Q,Y,first_hidden,False,,,False,,,False,,,False,,,,,256,P,Q,1001100110011001100110011001100110011001100110011001100110011001,Q,"[{""end_offset"":24,""start_offset"":0,""state"":""pure_P""},{""end_offset"":33,""start_offset"":33,""state"":""raw_codeword_specific_composite""},{""end_offset"":256,""start_offset"":45,""state"":""pure_Q""}]"
599,p_q_y,2,Q,Y,final_hidden,False,,,False,,,False,,,False,,,,,256,P,Q,1001100110011001100110011001100110011001100110011001100110011001,Q,"[{""end_offset"":24,""start_offset"":0,""state"":""pure_P""},{""end_offset"":33,""start_offset"":33,""state"":""raw_codeword_specific_composite""},{""end_offset"":256,""start_offset"":45,""state"":""pure_Q""}]"
599,p_q_y,3,Y,P,first_hidden,True,0,1,False,,,False,,,False,,,,,256,Q,Y,0000111111110000111100000000111100001111111100001111000000001111,Y,"[{""end_offset"":17,""start_offset"":0,""state"":""pure_Q""},{""end_offset"":85,""start_offset"":24,""state"":""raw_codeword_specific_composite""},{""end_offset"":256,""start_offset"":117,""state"":""pure_Y""}]"
599,p_q_y,3,Y,P,final_hidden,True,0,1,False,,,False,,,False,,,,,256,Q,Y,0000111111110000111100000000111100001111111100001111000000001111,Y,"[{""end_offset"":17,""start_offset"":0,""state"":""pure_Q""},{""end_offset"":85,""start_offset"":24,""state"":""raw_codeword_specific_composite""},{""end_offset"":256,""start_offset"":117,""state"":""pure_Y""}]"
599,p_q_y,3,Y,Q,first_hidden,True,0,1,True,0,1,True,0,1,True,0,1,0,0,256,Q,Y,0000111111110000111100000000111100001111111100001111000000001111,Y,"[{""end_offset"":17,""start_offset"":0,""state"":""pure_Q""},{""end_offset"":85,""start_offset"":24,""state"":""raw_codeword_specific_composite""},{""end_offset"":256,""start_offset"":117,""state"":""pure_Y""}]"
599,p_q_y,3,Y,Q,final_hidden,True,0,1,True,0,1,True,0,1,True,0,1,0,0,256,Q,Y,0000111111110000111100000000111100001111111100001111000000001111,Y,"[{""end_offset"":17,""start_offset"":0,""state"":""pure_Q""},{""end_offset"":85,""start_offset"":24,""state"":""raw_codeword_specific_composite""},{""end_offset"":256,""start_offset"":117,""state"":""pure_Y""}]"
599,p_q_y,3,Y,Y,first_hidden,True,85,117,True,117,128,True,117,128,True,117,128,32,32,256,Q,Y,0000111111110000111100000000111100001111111100001111000000001111,Y,"[{""end_offset"":17,""start_offset"":0,""state"":""pure_Q""},{""end_offset"":85,""start_offset"":24,""state"":""raw_codeword_specific_composite""},{""end_offset"":256,""start_offset"":117,""state"":""pure_Y""}]"
599,p_q_y,3,Y,Y,final_hidden,True,117,128,True,117,128,True,117,128,True,117,128,0,0,256,Q,Y,0000111111110000111100000000111100001111111100001111000000001111,Y,"[{""end_offset"":17,""start_offset"":0,""state"":""pure_Q""},{""end_offset"":85,""start_offset"":24,""state"":""raw_codeword_specific_composite""},{""end_offset"":256,""start_offset"":117,""state"":""pure_Y""}]"
599,p_y_q,1,P,P,first_hidden,True,0,1,True,2,3,True,2,3,True,2,3,2,2,256,,P,0000000000000000000000000000000011111111111111111111111111111111,P,"[{""end_offset"":1,""start_offset"":0,""state"":""raw_codeword_specific_composite""},{""end_offset"":256,""start_offset"":2,""state"":""pure_P""}]"
599,p_y_q,1,P,P,final_hidden,True,0,1,True,2,3,True,2,3,True,2,3,2,2,256,,P,0000000000000000000000000000000011111111111111111111111111111111,P,"[{""end_offset"":1,""start_offset"":0,""state"":""raw_codeword_specific_composite""},{""end_offset"":256,""start_offset"":2,""state"":""pure_P""}]"
599,p_y_q,1,P,Q,first_hidden,True,0,1,False,,,False,,,False,,,,,256,,P,0000000000000000000000000000000011111111111111111111111111111111,P,"[{""end_offset"":1,""start_offset"":0,""state"":""raw_codeword_specific_composite""},{""end_offset"":256,""start_offset"":2,""state"":""pure_P""}]"
599,p_y_q,1,P,Q,final_hidden,False,,,False,,,False,,,False,,,,,256,,P,0000000000000000000000000000000011111111111111111111111111111111,P,"[{""end_offset"":1,""start_offset"":0,""state"":""raw_codeword_specific_composite""},{""end_offset"":256,""start_offset"":2,""state"":""pure_P""}]"
599,p_y_q,1,P,Y,first_hidden,False,,,False,,,False,,,False,,,,,256,,P,0000000000000000000000000000000011111111111111111111111111111111,P,"[{""end_offset"":1,""start_offset"":0,""state"":""raw_codeword_specific_composite""},{""end_offset"":256,""start_offset"":2,""state"":""pure_P""}]"
599,p_y_q,1,P,Y,final_hidden,False,,,False,,,False,,,False,,,,,256,,P,0000000000000000000000000000000011111111111111111111111111111111,P,"[{""end_offset"":1,""start_offset"":0,""state"":""raw_codeword_specific_composite""},{""end_offset"":256,""start_offset"":2,""state"":""pure_P""}]"
599,p_y_q,2,Y,P,first_hidden,True,0,1,True,0,1,True,0,1,True,0,1,0,0,256,P,Y,0000111111110000111100000000111100001111111100001111000000001111,Y,"[{""end_offset"":24,""start_offset"":0,""state"":""pure_P""},{""end_offset"":62,""start_offset"":33,""state"":""raw_codeword_specific_composite""},{""end_offset"":256,""start_offset"":85,""state"":""pure_Y""}]"
599,p_y_q,2,Y,P,final_hidden,True,0,1,True,0,1,True,0,1,True,0,1,0,0,256,P,Y,0000111111110000111100000000111100001111111100001111000000001111,Y,"[{""end_offset"":24,""start_offset"":0,""state"":""pure_P""},{""end_offset"":62,""start_offset"":33,""state"":""raw_codeword_specific_composite""},{""end_offset"":256,""start_offset"":85,""state"":""pure_Y""}]"
599,p_y_q,2,Y,Q,first_hidden,True,0,1,False,,,False,,,False,,,,,256,P,Y,0000111111110000111100000000111100001111111100001111000000001111,Y,"[{""end_offset"":24,""start_offset"":0,""state"":""pure_P""},{""end_offset"":62,""start_offset"":33,""state"":""raw_codeword_specific_composite""},{""end_offset"":256,""start_offset"":85,""state"":""pure_Y""}]"
599,p_y_q,2,Y,Q,final_hidden,False,,,False,,,False,,,False,,,,,256,P,Y,0000111111110000111100000000111100001111111100001111000000001111,Y,"[{""end_offset"":24,""start_offset"":0,""state"":""pure_P""},{""end_offset"":62,""start_offset"":33,""state"":""raw_codeword_specific_composite""},{""end_offset"":256,""start_offset"":85,""state"":""pure_Y""}]"
599,p_y_q,2,Y,Y,first_hidden,True,62,85,True,85,117,True,85,117,True,85,117,23,23,256,P,Y,0000111111110000111100000000111100001111111100001111000000001111,Y,"[{""end_offset"":24,""start_offset"":0,""state"":""pure_P""},{""end_offset"":62,""start_offset"":33,""state"":""raw_codeword_specific_composite""},{""end_offset"":256,""start_offset"":85,""state"":""pure_Y""}]"
599,p_y_q,2,Y,Y,final_hidden,True,62,85,True,85,117,True,85,117,True,85,117,23,23,256,P,Y,0000111111110000111100000000111100001111111100001111000000001111,Y,"[{""end_offset"":24,""start_offset"":0,""state"":""pure_P""},{""end_offset"":62,""start_offset"":33,""state"":""raw_codeword_specific_composite""},{""end_offset"":256,""start_offset"":85,""state"":""pure_Y""}]"
599,p_y_q,3,Q,P,first_hidden,True,0,1,False,,,False,,,False,,,,,256,Y,Q,1001100110011001100110011001100110011001100110011001100110011001,Q,"[{""end_offset"":17,""start_offset"":0,""state"":""pure_Y""},{""end_offset"":45,""start_offset"":24,""state"":""raw_codeword_specific_composite""},{""end_offset"":256,""start_offset"":62,""state"":""pure_Q""}]"
599,p_y_q,3,Q,P,final_hidden,True,0,1,False,,,False,,,False,,,,,256,Y,Q,1001100110011001100110011001100110011001100110011001100110011001,Q,"[{""end_offset"":17,""start_offset"":0,""state"":""pure_Y""},{""end_offset"":45,""start_offset"":24,""state"":""raw_codeword_specific_composite""},{""end_offset"":256,""start_offset"":62,""state"":""pure_Q""}]"
599,p_y_q,3,Q,Q,first_hidden,True,5,7,True,62,85,True,62,85,True,62,85,57,57,256,Y,Q,1001100110011001100110011001100110011001100110011001100110011001,Q,"[{""end_offset"":17,""start_offset"":0,""state"":""pure_Y""},{""end_offset"":45,""start_offset"":24,""state"":""raw_codeword_specific_composite""},{""end_offset"":256,""start_offset"":62,""state"":""pure_Q""}]"
599,p_y_q,3,Q,Q,final_hidden,True,45,62,True,62,85,True,62,85,True,62,85,17,17,256,Y,Q,1001100110011001100110011001100110011001100110011001100110011001,Q,"[{""end_offset"":17,""start_offset"":0,""state"":""pure_Y""},{""end_offset"":45,""start_offset"":24,""state"":""raw_codeword_specific_composite""},{""end_offset"":256,""start_offset"":62,""state"":""pure_Q""}]"
599,p_y_q,3,Q,Y,first_hidden,True,0,1,True,0,1,True,0,1,True,0,1,0,0,256,Y,Q,1001100110011001100110011001100110011001100110011001100110011001,Q,"[{""end_offset"":17,""start_offset"":0,""state"":""pure_Y""},{""end_offset"":45,""start_offset"":24,""state"":""raw_codeword_specific_composite""},{""end_offset"":256,""start_offset"":62,""state"":""pure_Q""}]"
599,p_y_q,3,Q,Y,final_hidden,True,0,1,True,0,1,True,0,1,True,0,1,0,0,256,Y,Q,1001100110011001100110011001100110011001100110011001100110011001,Q,"[{""end_offset"":17,""start_offset"":0,""state"":""pure_Y""},{""end_offset"":45,""start_offset"":24,""state"":""raw_codeword_specific_composite""},{""end_offset"":256,""start_offset"":62,""state"":""pure_Q""}]"
599,q_p_y,1,Q,P,first_hidden,True,0,1,False,,,False,,,False,,,,,256,,Q,1001100110011001100110011001100110011001100110011001100110011001,Q,"[{""end_offset"":5,""start_offset"":0,""state"":""raw_codeword_specific_composite""},{""end_offset"":256,""start_offset"":7,""state"":""pure_Q""}]"
599,q_p_y,1,Q,P,final_hidden,True,0,1,False,,,False,,,False,,,,,256,,Q,1001100110011001100110011001100110011001100110011001100110011001,Q,"[{""end_offset"":5,""start_offset"":0,""state"":""raw_codeword_specific_composite""},{""end_offset"":256,""start_offset"":7,""state"":""pure_Q""}]"
599,q_p_y,1,Q,Q,first_hidden,True,0,1,True,7,9,True,7,9,True,7,9,7,7,256,,Q,1001100110011001100110011001100110011001100110011001100110011001,Q,"[{""end_offset"":5,""start_offset"":0,""state"":""raw_codeword_specific_composite""},{""end_offset"":256,""start_offset"":7,""state"":""pure_Q""}]"
599,q_p_y,1,Q,Q,final_hidden,True,5,7,True,7,9,True,7,9,True,7,9,2,2,256,,Q,1001100110011001100110011001100110011001100110011001100110011001,Q,"[{""end_offset"":5,""start_offset"":0,""state"":""raw_codeword_specific_composite""},{""end_offset"":256,""start_offset"":7,""state"":""pure_Q""}]"
599,q_p_y,1,Q,Y,first_hidden,False,,,False,,,False,,,False,,,,,256,,Q,1001100110011001100110011001100110011001100110011001100110011001,Q,"[{""end_offset"":5,""start_offset"":0,""state"":""raw_codeword_specific_composite""},{""end_offset"":256,""start_offset"":7,""state"":""pure_Q""}]"
599,q_p_y,1,Q,Y,final_hidden,False,,,False,,,False,,,False,,,,,256,,Q,1001100110011001100110011001100110011001100110011001100110011001,Q,"[{""end_offset"":5,""start_offset"":0,""state"":""raw_codeword_specific_composite""},{""end_offset"":256,""start_offset"":7,""state"":""pure_Q""}]"
599,q_p_y,2,P,P,first_hidden,True,0,1,True,24,33,True,24,33,True,24,33,24,24,256,Q,P,0000000000000000000000000000000011111111111111111111111111111111,P,"[{""end_offset"":17,""start_offset"":0,""state"":""pure_Q""},{""end_offset"":256,""start_offset"":24,""state"":""pure_P""}]"
599,q_p_y,2,P,P,final_hidden,True,0,1,True,24,33,True,24,33,True,24,33,24,24,256,Q,P,0000000000000000000000000000000011111111111111111111111111111111,P,"[{""end_offset"":17,""start_offset"":0,""state"":""pure_Q""},{""end_offset"":256,""start_offset"":24,""state"":""pure_P""}]"
599,q_p_y,2,P,Q,first_hidden,True,0,1,True,0,1,True,0,1,True,0,1,0,0,256,Q,P,0000000000000000000000000000000011111111111111111111111111111111,P,"[{""end_offset"":17,""start_offset"":0,""state"":""pure_Q""},{""end_offset"":256,""start_offset"":24,""state"":""pure_P""}]"
599,q_p_y,2,P,Q,final_hidden,True,0,1,True,0,1,True,0,1,True,0,1,0,0,256,Q,P,0000000000000000000000000000000011111111111111111111111111111111,P,"[{""end_offset"":17,""start_offset"":0,""state"":""pure_Q""},{""end_offset"":256,""start_offset"":24,""state"":""pure_P""}]"
599,q_p_y,2,P,Y,first_hidden,False,,,False,,,False,,,False,,,,,256,Q,P,0000000000000000000000000000000011111111111111111111111111111111,P,"[{""end_offset"":17,""start_offset"":0,""state"":""pure_Q""},{""end_offset"":256,""start_offset"":24,""state"":""pure_P""}]"
599,q_p_y,2,P,Y,final_hidden,False,,,False,,,False,,,False,,,,,256,Q,P,0000000000000000000000000000000011111111111111111111111111111111,P,"[{""end_offset"":17,""start_offset"":0,""state"":""pure_Q""},{""end_offset"":256,""start_offset"":24,""state"":""pure_P""}]"
599,q_p_y,3,Y,P,first_hidden,True,0,1,True,0,1,True,0,1,True,0,1,0,0,256,P,Y,0000111111110000111100000000111100001111111100001111000000001111,Y,"[{""end_offset"":24,""start_offset"":0,""state"":""pure_P""},{""end_offset"":62,""start_offset"":33,""state"":""raw_codeword_specific_composite""},{""end_offset"":256,""start_offset"":85,""state"":""pure_Y""}]"
599,q_p_y,3,Y,P,final_hidden,True,0,1,True,0,1,True,0,1,True,0,1,0,0,256,P,Y,0000111111110000111100000000111100001111111100001111000000001111,Y,"[{""end_offset"":24,""start_offset"":0,""state"":""pure_P""},{""end_offset"":62,""start_offset"":33,""state"":""raw_codeword_specific_composite""},{""end_offset"":256,""start_offset"":85,""state"":""pure_Y""}]"
599,q_p_y,3,Y,Q,first_hidden,True,0,1,False,,,False,,,False,,,,,256,P,Y,0000111111110000111100000000111100001111111100001111000000001111,Y,"[{""end_offset"":24,""start_offset"":0,""state"":""pure_P""},{""end_offset"":62,""start_offset"":33,""state"":""raw_codeword_specific_composite""},{""end_offset"":256,""start_offset"":85,""state"":""pure_Y""}]"
599,q_p_y,3,Y,Q,final_hidden,True,0,1,False,,,False,,,False,,,,,256,P,Y,0000111111110000111100000000111100001111111100001111000000001111,Y,"[{""end_offset"":24,""start_offset"":0,""state"":""pure_P""},{""end_offset"":62,""start_offset"":33,""state"":""raw_codeword_specific_composite""},{""end_offset"":256,""start_offset"":85,""state"":""pure_Y""}]"
599,q_p_y,3,Y,Y,first_hidden,True,117,128,True,85,117,True,85,117,True,85,117,-32,-32,256,P,Y,0000111111110000111100000000111100001111111100001111000000001111,Y,"[{""end_offset"":24,""start_offset"":0,""state"":""pure_P""},{""end_offset"":62,""start_offset"":33,""state"":""raw_codeword_specific_composite""},{""end_offset"":256,""start_offset"":85,""state"":""pure_Y""}]"
599,q_p_y,3,Y,Y,final_hidden,True,117,128,True,85,117,True,85,117,True,85,117,-32,-32,256,P,Y,0000111111110000111100000000111100001111111100001111000000001111,Y,"[{""end_offset"":24,""start_offset"":0,""state"":""pure_P""},{""end_offset"":62,""start_offset"":33,""state"":""raw_codeword_specific_composite""},{""end_offset"":256,""start_offset"":85,""state"":""pure_Y""}]"
599,q_y_p,1,Q,P,first_hidden,True,0,1,False,,,False,,,False,,,,,256,,Q,1001100110011001100110011001100110011001100110011001100110011001,Q,"[{""end_offset"":5,""start_offset"":0,""state"":""raw_codeword_specific_composite""},{""end_offset"":256,""start_offset"":7,""state"":""pure_Q""}]"
599,q_y_p,1,Q,P,final_hidden,True,0,1,False,,,False,,,False,,,,,256,,Q,1001100110011001100110011001100110011001100110011001100110011001,Q,"[{""end_offset"":5,""start_offset"":0,""state"":""raw_codeword_specific_composite""},{""end_offset"":256,""start_offset"":7,""state"":""pure_Q""}]"
599,q_y_p,1,Q,Q,first_hidden,True,0,1,True,7,9,True,7,9,True,7,9,7,7,256,,Q,1001100110011001100110011001100110011001100110011001100110011001,Q,"[{""end_offset"":5,""start_offset"":0,""state"":""raw_codeword_specific_composite""},{""end_offset"":256,""start_offset"":7,""state"":""pure_Q""}]"
599,q_y_p,1,Q,Q,final_hidden,True,5,7,True,7,9,True,7,9,True,7,9,2,2,256,,Q,1001100110011001100110011001100110011001100110011001100110011001,Q,"[{""end_offset"":5,""start_offset"":0,""state"":""raw_codeword_specific_composite""},{""end_offset"":256,""start_offset"":7,""state"":""pure_Q""}]"
599,q_y_p,1,Q,Y,first_hidden,False,,,False,,,False,,,False,,,,,256,,Q,1001100110011001100110011001100110011001100110011001100110011001,Q,"[{""end_offset"":5,""start_offset"":0,""state"":""raw_codeword_specific_composite""},{""end_offset"":256,""start_offset"":7,""state"":""pure_Q""}]"
599,q_y_p,1,Q,Y,final_hidden,False,,,False,,,False,,,False,,,,,256,,Q,1001100110011001100110011001100110011001100110011001100110011001,Q,"[{""end_offset"":5,""start_offset"":0,""state"":""raw_codeword_specific_composite""},{""end_offset"":256,""start_offset"":7,""state"":""pure_Q""}]"
599,q_y_p,2,Y,P,first_hidden,True,0,1,False,,,False,,,False,,,,,256,Q,Y,0000111111110000111100000000111100001111111100001111000000001111,Y,"[{""end_offset"":17,""start_offset"":0,""state"":""pure_Q""},{""end_offset"":85,""start_offset"":24,""state"":""raw_codeword_specific_composite""},{""end_offset"":256,""start_offset"":117,""state"":""pure_Y""}]"
599,q_y_p,2,Y,P,final_hidden,True,0,1,False,,,False,,,False,,,,,256,Q,Y,0000111111110000111100000000111100001111111100001111000000001111,Y,"[{""end_offset"":17,""start_offset"":0,""state"":""pure_Q""},{""end_offset"":85,""start_offset"":24,""state"":""raw_codeword_specific_composite""},{""end_offset"":256,""start_offset"":117,""state"":""pure_Y""}]"
599,q_y_p,2,Y,Q,first_hidden,True,0,1,True,0,1,True,0,1,True,0,1,0,0,256,Q,Y,0000111111110000111100000000111100001111111100001111000000001111,Y,"[{""end_offset"":17,""start_offset"":0,""state"":""pure_Q""},{""end_offset"":85,""start_offset"":24,""state"":""raw_codeword_specific_composite""},{""end_offset"":256,""start_offset"":117,""state"":""pure_Y""}]"
599,q_y_p,2,Y,Q,final_hidden,True,0,1,True,0,1,True,0,1,True,0,1,0,0,256,Q,Y,0000111111110000111100000000111100001111111100001111000000001111,Y,"[{""end_offset"":17,""start_offset"":0,""state"":""pure_Q""},{""end_offset"":85,""start_offset"":24,""state"":""raw_codeword_specific_composite""},{""end_offset"":256,""start_offset"":117,""state"":""pure_Y""}]"
599,q_y_p,2,Y,Y,first_hidden,True,117,128,True,117,128,True,117,128,True,117,128,0,0,256,Q,Y,0000111111110000111100000000111100001111111100001111000000001111,Y,"[{""end_offset"":17,""start_offset"":0,""state"":""pure_Q""},{""end_offset"":85,""start_offset"":24,""state"":""raw_codeword_specific_composite""},{""end_offset"":256,""start_offset"":117,""state"":""pure_Y""}]"
599,q_y_p,2,Y,Y,final_hidden,True,117,128,True,117,128,True,117,128,True,117,128,0,0,256,Q,Y,0000111111110000111100000000111100001111111100001111000000001111,Y,"[{""end_offset"":17,""start_offset"":0,""state"":""pure_Q""},{""end_offset"":85,""start_offset"":24,""state"":""raw_codeword_specific_composite""},{""end_offset"":256,""start_offset"":117,""state"":""pure_Y""}]"
599,q_y_p,3,P,P,first_hidden,True,0,1,True,24,33,True,24,33,True,24,33,24,24,256,Y,P,0000000000000000000000000000000011111111111111111111111111111111,P,"[{""end_offset"":9,""start_offset"":0,""state"":""pure_Y""},{""end_offset"":17,""start_offset"":13,""state"":""raw_codeword_specific_composite""},{""end_offset"":256,""start_offset"":24,""state"":""pure_P""}]"
599,q_y_p,3,P,P,final_hidden,True,0,1,True,24,33,True,24,33,True,24,33,24,24,256,Y,P,0000000000000000000000000000000011111111111111111111111111111111,P,"[{""end_offset"":9,""start_offset"":0,""state"":""pure_Y""},{""end_offset"":17,""start_offset"":13,""state"":""raw_codeword_specific_composite""},{""end_offset"":256,""start_offset"":24,""state"":""pure_P""}]"
599,q_y_p,3,P,Q,first_hidden,True,7,9,False,,,False,,,False,,,,,256,Y,P,0000000000000000000000000000000011111111111111111111111111111111,P,"[{""end_offset"":9,""start_offset"":0,""state"":""pure_Y""},{""end_offset"":17,""start_offset"":13,""state"":""raw_codeword_specific_composite""},{""end_offset"":256,""start_offset"":24,""state"":""pure_P""}]"
599,q_y_p,3,P,Q,final_hidden,False,,,False,,,False,,,False,,,,,256,Y,P,0000000000000000000000000000000011111111111111111111111111111111,P,"[{""end_offset"":9,""start_offset"":0,""state"":""pure_Y""},{""end_offset"":17,""start_offset"":13,""state"":""raw_codeword_specific_composite""},{""end_offset"":256,""start_offset"":24,""state"":""pure_P""}]"
599,q_y_p,3,P,Y,first_hidden,True,0,1,True,0,1,True,0,1,True,0,1,0,0,256,Y,P,0000000000000000000000000000000011111111111111111111111111111111,P,"[{""end_offset"":9,""start_offset"":0,""state"":""pure_Y""},{""end_offset"":17,""start_offset"":13,""state"":""raw_codeword_specific_composite""},{""end_offset"":256,""start_offset"":24,""state"":""pure_P""}]"
599,q_y_p,3,P,Y,final_hidden,True,0,1,True,0,1,True,0,1,True,0,1,0,0,256,Y,P,0000000000000000000000000000000011111111111111111111111111111111,P,"[{""end_offset"":9,""start_offset"":0,""state"":""pure_Y""},{""end_offset"":17,""start_offset"":13,""state"":""raw_codeword_specific_composite""},{""end_offset"":256,""start_offset"":24,""state"":""pure_P""}]"
599,y_p_q,1,Y,P,first_hidden,True,0,1,False,,,False,,,False,,,,,256,,Y,0000111111110000111100000000111100001111111100001111000000001111,Y,"[{""end_offset"":7,""start_offset"":0,""state"":""raw_codeword_specific_composite""},{""end_offset"":256,""start_offset"":9,""state"":""pure_Y""}]"
599,y_p_q,1,Y,P,final_hidden,True,0,1,False,,,False,,,False,,,,,256,,Y,0000111111110000111100000000111100001111111100001111000000001111,Y,"[{""end_offset"":7,""start_offset"":0,""state"":""raw_codeword_specific_composite""},{""end_offset"":256,""start_offset"":9,""state"":""pure_Y""}]"
599,y_p_q,1,Y,Q,first_hidden,True,0,1,False,,,False,,,False,,,,,256,,Y,0000111111110000111100000000111100001111111100001111000000001111,Y,"[{""end_offset"":7,""start_offset"":0,""state"":""raw_codeword_specific_composite""},{""end_offset"":256,""start_offset"":9,""state"":""pure_Y""}]"
599,y_p_q,1,Y,Q,final_hidden,False,,,False,,,False,,,False,,,,,256,,Y,0000111111110000111100000000111100001111111100001111000000001111,Y,"[{""end_offset"":7,""start_offset"":0,""state"":""raw_codeword_specific_composite""},{""end_offset"":256,""start_offset"":9,""state"":""pure_Y""}]"
599,y_p_q,1,Y,Y,first_hidden,True,24,33,True,9,13,True,9,13,True,9,13,-15,-15,256,,Y,0000111111110000111100000000111100001111111100001111000000001111,Y,"[{""end_offset"":7,""start_offset"":0,""state"":""raw_codeword_specific_composite""},{""end_offset"":256,""start_offset"":9,""state"":""pure_Y""}]"
599,y_p_q,1,Y,Y,final_hidden,True,13,17,True,9,13,True,9,13,True,9,13,-4,-4,256,,Y,0000111111110000111100000000111100001111111100001111000000001111,Y,"[{""end_offset"":7,""start_offset"":0,""state"":""raw_codeword_specific_composite""},{""end_offset"":256,""start_offset"":9,""state"":""pure_Y""}]"
599,y_p_q,2,P,P,first_hidden,True,0,1,True,24,33,True,24,33,True,24,33,24,24,256,Y,P,0000000000000000000000000000000011111111111111111111111111111111,P,"[{""end_offset"":9,""start_offset"":0,""state"":""pure_Y""},{""end_offset"":17,""start_offset"":13,""state"":""raw_codeword_specific_composite""},{""end_offset"":256,""start_offset"":24,""state"":""pure_P""}]"
599,y_p_q,2,P,P,final_hidden,True,0,1,True,24,33,True,24,33,True,24,33,24,24,256,Y,P,0000000000000000000000000000000011111111111111111111111111111111,P,"[{""end_offset"":9,""start_offset"":0,""state"":""pure_Y""},{""end_offset"":17,""start_offset"":13,""state"":""raw_codeword_specific_composite""},{""end_offset"":256,""start_offset"":24,""state"":""pure_P""}]"
599,y_p_q,2,P,Q,first_hidden,False,,,False,,,False,,,False,,,,,256,Y,P,0000000000000000000000000000000011111111111111111111111111111111,P,"[{""end_offset"":9,""start_offset"":0,""state"":""pure_Y""},{""end_offset"":17,""start_offset"":13,""state"":""raw_codeword_specific_composite""},{""end_offset"":256,""start_offset"":24,""state"":""pure_P""}]"
599,y_p_q,2,P,Q,final_hidden,False,,,False,,,False,,,False,,,,,256,Y,P,0000000000000000000000000000000011111111111111111111111111111111,P,"[{""end_offset"":9,""start_offset"":0,""state"":""pure_Y""},{""end_offset"":17,""start_offset"":13,""state"":""raw_codeword_specific_composite""},{""end_offset"":256,""start_offset"":24,""state"":""pure_P""}]"
599,y_p_q,2,P,Y,first_hidden,True,0,1,True,0,1,True,0,1,True,0,1,0,0,256,Y,P,0000000000000000000000000000000011111111111111111111111111111111,P,"[{""end_offset"":9,""start_offset"":0,""state"":""pure_Y""},{""end_offset"":17,""start_offset"":13,""state"":""raw_codeword_specific_composite""},{""end_offset"":256,""start_offset"":24,""state"":""pure_P""}]"
599,y_p_q,2,P,Y,final_hidden,True,0,1,True,0,1,True,0,1,True,0,1,0,0,256,Y,P,0000000000000000000000000000000011111111111111111111111111111111,P,"[{""end_offset"":9,""start_offset"":0,""state"":""pure_Y""},{""end_offset"":17,""start_offset"":13,""state"":""raw_codeword_specific_composite""},{""end_offset"":256,""start_offset"":24,""state"":""pure_P""}]"
599,y_p_q,3,Q,P,first_hidden,True,0,1,True,0,1,True,0,1,True,0,1,0,0,256,P,Q,1001100110011001100110011001100110011001100110011001100110011001,Q,"[{""end_offset"":24,""start_offset"":0,""state"":""pure_P""},{""end_offset"":33,""start_offset"":33,""state"":""raw_codeword_specific_composite""},{""end_offset"":256,""start_offset"":45,""state"":""pure_Q""}]"
599,y_p_q,3,Q,P,final_hidden,True,0,1,True,0,1,True,0,1,True,0,1,0,0,256,P,Q,1001100110011001100110011001100110011001100110011001100110011001,Q,"[{""end_offset"":24,""start_offset"":0,""state"":""pure_P""},{""end_offset"":33,""start_offset"":33,""state"":""raw_codeword_specific_composite""},{""end_offset"":256,""start_offset"":45,""state"":""pure_Q""}]"
599,y_p_q,3,Q,Q,first_hidden,True,45,62,True,45,62,True,45,62,True,45,62,0,0,256,P,Q,1001100110011001100110011001100110011001100110011001100110011001,Q,"[{""end_offset"":24,""start_offset"":0,""state"":""pure_P""},{""end_offset"":33,""start_offset"":33,""state"":""raw_codeword_specific_composite""},{""end_offset"":256,""start_offset"":45,""state"":""pure_Q""}]"
599,y_p_q,3,Q,Q,final_hidden,True,62,85,True,45,62,True,45,62,True,45,62,-17,-17,256,P,Q,1001100110011001100110011001100110011001100110011001100110011001,Q,"[{""end_offset"":24,""start_offset"":0,""state"":""pure_P""},{""end_offset"":33,""start_offset"":33,""state"":""raw_codeword_specific_composite""},{""end_offset"":256,""start_offset"":45,""state"":""pure_Q""}]"
599,y_p_q,3,Q,Y,first_hidden,True,0,1,False,,,False,,,False,,,,,256,P,Q,1001100110011001100110011001100110011001100110011001100110011001,Q,"[{""end_offset"":24,""start_offset"":0,""state"":""pure_P""},{""end_offset"":33,""start_offset"":33,""state"":""raw_codeword_specific_composite""},{""end_offset"":256,""start_offset"":45,""state"":""pure_Q""}]"
599,y_p_q,3,Q,Y,final_hidden,True,0,1,False,,,False,,,False,,,,,256,P,Q,1001100110011001100110011001100110011001100110011001100110011001,Q,"[{""end_offset"":24,""start_offset"":0,""state"":""pure_P""},{""end_offset"":33,""start_offset"":33,""state"":""raw_codeword_specific_composite""},{""end_offset"":256,""start_offset"":45,""state"":""pure_Q""}]"
599,y_q_p,1,Y,P,first_hidden,True,0,1,False,,,False,,,False,,,,,256,,Y,0000111111110000111100000000111100001111111100001111000000001111,Y,"[{""end_offset"":7,""start_offset"":0,""state"":""raw_codeword_specific_composite""},{""end_offset"":256,""start_offset"":9,""state"":""pure_Y""}]"
599,y_q_p,1,Y,P,final_hidden,True,0,1,False,,,False,,,False,,,,,256,,Y,0000111111110000111100000000111100001111111100001111000000001111,Y,"[{""end_offset"":7,""start_offset"":0,""state"":""raw_codeword_specific_composite""},{""end_offset"":256,""start_offset"":9,""state"":""pure_Y""}]"
599,y_q_p,1,Y,Q,first_hidden,True,0,1,False,,,False,,,False,,,,,256,,Y,0000111111110000111100000000111100001111111100001111000000001111,Y,"[{""end_offset"":7,""start_offset"":0,""state"":""raw_codeword_specific_composite""},{""end_offset"":256,""start_offset"":9,""state"":""pure_Y""}]"
599,y_q_p,1,Y,Q,final_hidden,False,,,False,,,False,,,False,,,,,256,,Y,0000111111110000111100000000111100001111111100001111000000001111,Y,"[{""end_offset"":7,""start_offset"":0,""state"":""raw_codeword_specific_composite""},{""end_offset"":256,""start_offset"":9,""state"":""pure_Y""}]"
599,y_q_p,1,Y,Y,first_hidden,True,24,33,True,9,13,True,9,13,True,9,13,-15,-15,256,,Y,0000111111110000111100000000111100001111111100001111000000001111,Y,"[{""end_offset"":7,""start_offset"":0,""state"":""raw_codeword_specific_composite""},{""end_offset"":256,""start_offset"":9,""state"":""pure_Y""}]"
599,y_q_p,1,Y,Y,final_hidden,True,13,17,True,9,13,True,9,13,True,9,13,-4,-4,256,,Y,0000111111110000111100000000111100001111111100001111000000001111,Y,"[{""end_offset"":7,""start_offset"":0,""state"":""raw_codeword_specific_composite""},{""end_offset"":256,""start_offset"":9,""state"":""pure_Y""}]"
599,y_q_p,2,Q,P,first_hidden,True,0,1,False,,,False,,,False,,,,,256,Y,Q,1001100110011001100110011001100110011001100110011001100110011001,Q,"[{""end_offset"":13,""start_offset"":0,""state"":""pure_Y""},{""end_offset"":33,""start_offset"":17,""state"":""raw_codeword_specific_composite""},{""end_offset"":256,""start_offset"":45,""state"":""pure_Q""}]"
599,y_q_p,2,Q,P,final_hidden,True,0,1,False,,,False,,,False,,,,,256,Y,Q,1001100110011001100110011001100110011001100110011001100110011001,Q,"[{""end_offset"":13,""start_offset"":0,""state"":""pure_Y""},{""end_offset"":33,""start_offset"":17,""state"":""raw_codeword_specific_composite""},{""end_offset"":256,""start_offset"":45,""state"":""pure_Q""}]"
599,y_q_p,2,Q,Q,first_hidden,True,33,45,True,45,62,True,45,62,True,45,62,12,12,256,Y,Q,1001100110011001100110011001100110011001100110011001100110011001,Q,"[{""end_offset"":13,""start_offset"":0,""state"":""pure_Y""},{""end_offset"":33,""start_offset"":17,""state"":""raw_codeword_specific_composite""},{""end_offset"":256,""start_offset"":45,""state"":""pure_Q""}]"
599,y_q_p,2,Q,Q,final_hidden,True,62,85,True,45,62,True,45,62,True,45,62,-17,-17,256,Y,Q,1001100110011001100110011001100110011001100110011001100110011001,Q,"[{""end_offset"":13,""start_offset"":0,""state"":""pure_Y""},{""end_offset"":33,""start_offset"":17,""state"":""raw_codeword_specific_composite""},{""end_offset"":256,""start_offset"":45,""state"":""pure_Q""}]"
599,y_q_p,2,Q,Y,first_hidden,True,0,1,True,0,1,True,0,1,True,0,1,0,0,256,Y,Q,1001100110011001100110011001100110011001100110011001100110011001,Q,"[{""end_offset"":13,""start_offset"":0,""state"":""pure_Y""},{""end_offset"":33,""start_offset"":17,""state"":""raw_codeword_specific_composite""},{""end_offset"":256,""start_offset"":45,""state"":""pure_Q""}]"
599,y_q_p,2,Q,Y,final_hidden,True,0,1,True,0,1,True,0,1,True,0,1,0,0,256,Y,Q,1001100110011001100110011001100110011001100110011001100110011001,Q,"[{""end_offset"":13,""start_offset"":0,""state"":""pure_Y""},{""end_offset"":33,""start_offset"":17,""state"":""raw_codeword_specific_composite""},{""end_offset"":256,""start_offset"":45,""state"":""pure_Q""}]"
599,y_q_p,3,P,P,first_hidden,True,0,1,True,24,33,True,24,33,True,24,33,24,24,256,Q,P,0000000000000000000000000000000011111111111111111111111111111111,P,"[{""end_offset"":17,""start_offset"":0,""state"":""pure_Q""},{""end_offset"":256,""start_offset"":24,""state"":""pure_P""}]"
599,y_q_p,3,P,P,final_hidden,True,1,2,True,24,33,True,24,33,True,24,33,23,23,256,Q,P,0000000000000000000000000000000011111111111111111111111111111111,P,"[{""end_offset"":17,""start_offset"":0,""state"":""pure_Q""},{""end_offset"":256,""start_offset"":24,""state"":""pure_P""}]"
599,y_q_p,3,P,Q,first_hidden,True,0,1,True,0,1,True,0,1,True,0,1,0,0,256,Q,P,0000000000000000000000000000000011111111111111111111111111111111,P,"[{""end_offset"":17,""start_offset"":0,""state"":""pure_Q""},{""end_offset"":256,""start_offset"":24,""state"":""pure_P""}]"
599,y_q_p,3,P,Q,final_hidden,True,0,1,True,0,1,True,0,1,True,0,1,0,0,256,Q,P,0000000000000000000000000000000011111111111111111111111111111111,P,"[{""end_offset"":17,""start_offset"":0,""state"":""pure_Q""},{""end_offset"":256,""start_offset"":24,""state"":""pure_P""}]"
599,y_q_p,3,P,Y,first_hidden,False,,,False,,,False,,,False,,,,,256,Q,P,0000000000000000000000000000000011111111111111111111111111111111,P,"[{""end_offset"":17,""start_offset"":0,""state"":""pure_Q""},{""end_offset"":256,""start_offset"":24,""state"":""pure_P""}]"
599,y_q_p,3,P,Y,final_hidden,True,0,1,False,,,False,,,False,,,,,256,Q,P,0000000000000000000000000000000011111111111111111111111111111111,P,"[{""end_offset"":17,""start_offset"":0,""state"":""pure_Q""},{""end_offset"":256,""start_offset"":24,""state"":""pure_P""}]"
601,p_q_y,1,P,P,first_hidden,True,0,1,True,2,3,True,2,3,True,2,3,2,2,256,,P,0000000000000000000000000000000011111111111111111111111111111111,P,"[{""end_offset"":1,""start_offset"":0,""state"":""raw_codeword_specific_composite""},{""end_offset"":256,""start_offset"":2,""state"":""pure_P""}]"
601,p_q_y,1,P,P,final_hidden,True,0,1,True,2,3,True,2,3,True,2,3,2,2,256,,P,0000000000000000000000000000000011111111111111111111111111111111,P,"[{""end_offset"":1,""start_offset"":0,""state"":""raw_codeword_specific_composite""},{""end_offset"":256,""start_offset"":2,""state"":""pure_P""}]"
601,p_q_y,1,P,Q,first_hidden,True,17,24,False,,,False,,,False,,,,,256,,P,0000000000000000000000000000000011111111111111111111111111111111,P,"[{""end_offset"":1,""start_offset"":0,""state"":""raw_codeword_specific_composite""},{""end_offset"":256,""start_offset"":2,""state"":""pure_P""}]"
601,p_q_y,1,P,Q,final_hidden,False,,,False,,,False,,,False,,,,,256,,P,0000000000000000000000000000000011111111111111111111111111111111,P,"[{""end_offset"":1,""start_offset"":0,""state"":""raw_codeword_specific_composite""},{""end_offset"":256,""start_offset"":2,""state"":""pure_P""}]"
601,p_q_y,1,P,Y,first_hidden,False,,,False,,,False,,,False,,,,,256,,P,0000000000000000000000000000000011111111111111111111111111111111,P,"[{""end_offset"":1,""start_offset"":0,""state"":""raw_codeword_specific_composite""},{""end_offset"":256,""start_offset"":2,""state"":""pure_P""}]"
601,p_q_y,1,P,Y,final_hidden,False,,,False,,,False,,,False,,,,,256,,P,0000000000000000000000000000000011111111111111111111111111111111,P,"[{""end_offset"":1,""start_offset"":0,""state"":""raw_codeword_specific_composite""},{""end_offset"":256,""start_offset"":2,""state"":""pure_P""}]"
601,p_q_y,2,Q,P,first_hidden,True,0,1,True,0,1,True,0,1,True,0,1,0,0,256,P,Q,1001100110011001100110011001100110011001100110011001100110011001,Q,"[{""end_offset"":9,""start_offset"":0,""state"":""pure_P""},{""end_offset"":17,""start_offset"":13,""state"":""raw_codeword_specific_composite""},{""end_offset"":24,""start_offset"":24,""state"":""pure_P""},{""end_offset"":33,""start_offset"":33,""state"":""raw_codeword_specific_composite""},{""end_offset"":256,""start_offset"":45,""state"":""pure_Q""}]"
601,p_q_y,2,Q,P,final_hidden,True,0,1,True,0,1,True,0,1,True,0,1,0,0,256,P,Q,1001100110011001100110011001100110011001100110011001100110011001,Q,"[{""end_offset"":9,""start_offset"":0,""state"":""pure_P""},{""end_offset"":17,""start_offset"":13,""state"":""raw_codeword_specific_composite""},{""end_offset"":24,""start_offset"":24,""state"":""pure_P""},{""end_offset"":33,""start_offset"":33,""state"":""raw_codeword_specific_composite""},{""end_offset"":256,""start_offset"":45,""state"":""pure_Q""}]"
601,p_q_y,2,Q,Q,first_hidden,True,0,1,True,45,62,True,45,62,True,45,62,45,45,256,P,Q,1001100110011001100110011001100110011001100110011001100110011001,Q,"[{""end_offset"":9,""start_offset"":0,""state"":""pure_P""},{""end_offset"":17,""start_offset"":13,""state"":""raw_codeword_specific_composite""},{""end_offset"":24,""start_offset"":24,""state"":""pure_P""},{""end_offset"":33,""start_offset"":33,""state"":""raw_codeword_specific_composite""},{""end_offset"":256,""start_offset"":45,""state"":""pure_Q""}]"
601,p_q_y,2,Q,Q,final_hidden,True,7,9,True,45,62,True,45,62,True,45,62,38,38,256,P,Q,1001100110011001100110011001100110011001100110011001100110011001,Q,"[{""end_offset"":9,""start_offset"":0,""state"":""pure_P""},{""end_offset"":17,""start_offset"":13,""state"":""raw_codeword_specific_composite""},{""end_offset"":24,""start_offset"":24,""state"":""pure_P""},{""end_offset"":33,""start_offset"":33,""state"":""raw_codeword_specific_composite""},{""end_offset"":256,""start_offset"":45,""state"":""pure_Q""}]"
601,p_q_y,2,Q,Y,first_hidden,False,,,False,,,False,,,False,,,,,256,P,Q,1001100110011001100110011001100110011001100110011001100110011001,Q,"[{""end_offset"":9,""start_offset"":0,""state"":""pure_P""},{""end_offset"":17,""start_offset"":13,""state"":""raw_codeword_specific_composite""},{""end_offset"":24,""start_offset"":24,""state"":""pure_P""},{""end_offset"":33,""start_offset"":33,""state"":""raw_codeword_specific_composite""},{""end_offset"":256,""start_offset"":45,""state"":""pure_Q""}]"
601,p_q_y,2,Q,Y,final_hidden,False,,,False,,,False,,,False,,,,,256,P,Q,1001100110011001100110011001100110011001100110011001100110011001,Q,"[{""end_offset"":9,""start_offset"":0,""state"":""pure_P""},{""end_offset"":17,""start_offset"":13,""state"":""raw_codeword_specific_composite""},{""end_offset"":24,""start_offset"":24,""state"":""pure_P""},{""end_offset"":33,""start_offset"":33,""state"":""raw_codeword_specific_composite""},{""end_offset"":256,""start_offset"":45,""state"":""pure_Q""}]"
601,p_q_y,3,Y,P,first_hidden,True,0,1,False,,,False,,,False,,,,,256,Q,Y,0000111111110000111100000000111100001111111100001111000000001111,Y,"[{""end_offset"":13,""start_offset"":0,""state"":""pure_Q""},{""end_offset"":128,""start_offset"":17,""state"":""raw_codeword_specific_composite""},{""end_offset"":256,""start_offset"":161,""state"":""pure_Y""}]"
601,p_q_y,3,Y,P,final_hidden,True,0,1,False,,,False,,,False,,,,,256,Q,Y,0000111111110000111100000000111100001111111100001111000000001111,Y,"[{""end_offset"":13,""start_offset"":0,""state"":""pure_Q""},{""end_offset"":128,""start_offset"":17,""state"":""raw_codeword_specific_composite""},{""end_offset"":256,""start_offset"":161,""state"":""pure_Y""}]"
601,p_q_y,3,Y,Q,first_hidden,True,0,1,True,0,1,True,0,1,True,0,1,0,0,256,Q,Y,0000111111110000111100000000111100001111111100001111000000001111,Y,"[{""end_offset"":13,""start_offset"":0,""state"":""pure_Q""},{""end_offset"":128,""start_offset"":17,""state"":""raw_codeword_specific_composite""},{""end_offset"":256,""start_offset"":161,""state"":""pure_Y""}]"
601,p_q_y,3,Y,Q,final_hidden,True,0,1,True,0,1,True,0,1,True,0,1,0,0,256,Q,Y,0000111111110000111100000000111100001111111100001111000000001111,Y,"[{""end_offset"":13,""start_offset"":0,""state"":""pure_Q""},{""end_offset"":128,""start_offset"":17,""state"":""raw_codeword_specific_composite""},{""end_offset"":256,""start_offset"":161,""state"":""pure_Y""}]"
601,p_q_y,3,Y,Y,first_hidden,True,128,161,True,161,222,True,161,222,True,161,222,33,33,256,Q,Y,0000111111110000111100000000111100001111111100001111000000001111,Y,"[{""end_offset"":13,""start_offset"":0,""state"":""pure_Q""},{""end_offset"":128,""start_offset"":17,""state"":""raw_codeword_specific_composite""},{""end_offset"":256,""start_offset"":161,""state"":""pure_Y""}]"
601,p_q_y,3,Y,Y,final_hidden,True,161,222,True,161,222,True,161,222,True,161,222,0,0,256,Q,Y,0000111111110000111100000000111100001111111100001111000000001111,Y,"[{""end_offset"":13,""start_offset"":0,""state"":""pure_Q""},{""end_offset"":128,""start_offset"":17,""state"":""raw_codeword_specific_composite""},{""end_offset"":256,""start_offset"":161,""state"":""pure_Y""}]"
601,p_y_q,1,P,P,first_hidden,True,0,1,True,2,3,True,2,3,True,2,3,2,2,256,,P,0000000000000000000000000000000011111111111111111111111111111111,P,"[{""end_offset"":1,""start_offset"":0,""state"":""raw_codeword_specific_composite""},{""end_offset"":256,""start_offset"":2,""state"":""pure_P""}]"
601,p_y_q,1,P,P,final_hidden,True,0,1,True,2,3,True,2,3,True,2,3,2,2,256,,P,0000000000000000000000000000000011111111111111111111111111111111,P,"[{""end_offset"":1,""start_offset"":0,""state"":""raw_codeword_specific_composite""},{""end_offset"":256,""start_offset"":2,""state"":""pure_P""}]"
601,p_y_q,1,P,Q,first_hidden,True,17,24,False,,,False,,,False,,,,,256,,P,0000000000000000000000000000000011111111111111111111111111111111,P,"[{""end_offset"":1,""start_offset"":0,""state"":""raw_codeword_specific_composite""},{""end_offset"":256,""start_offset"":2,""state"":""pure_P""}]"
601,p_y_q,1,P,Q,final_hidden,False,,,False,,,False,,,False,,,,,256,,P,0000000000000000000000000000000011111111111111111111111111111111,P,"[{""end_offset"":1,""start_offset"":0,""state"":""raw_codeword_specific_composite""},{""end_offset"":256,""start_offset"":2,""state"":""pure_P""}]"
601,p_y_q,1,P,Y,first_hidden,False,,,False,,,False,,,False,,,,,256,,P,0000000000000000000000000000000011111111111111111111111111111111,P,"[{""end_offset"":1,""start_offset"":0,""state"":""raw_codeword_specific_composite""},{""end_offset"":256,""start_offset"":2,""state"":""pure_P""}]"
601,p_y_q,1,P,Y,final_hidden,False,,,False,,,False,,,False,,,,,256,,P,0000000000000000000000000000000011111111111111111111111111111111,P,"[{""end_offset"":1,""start_offset"":0,""state"":""raw_codeword_specific_composite""},{""end_offset"":256,""start_offset"":2,""state"":""pure_P""}]"
601,p_y_q,2,Y,P,first_hidden,True,0,1,True,0,1,True,0,1,True,0,1,0,0,256,P,Y,0000111111110000111100000000111100001111111100001111000000001111,Y,"[{""end_offset"":9,""start_offset"":0,""state"":""pure_P""},{""end_offset"":17,""start_offset"":13,""state"":""raw_codeword_specific_composite""},{""end_offset"":24,""start_offset"":24,""state"":""pure_P""},{""end_offset"":45,""start_offset"":33,""state"":""other_candidate_tuple_consistent""},{""end_offset"":62,""start_offset"":62,""state"":""pure_P""},{""end_offset"":117,""start_offset"":85,""state"":""other_candidate_tuple_consistent""},{""end_offset"":128,""start_offset"":128,""state"":""raw_codeword_specific_composite""},{""end_offset"":256,""start_offset"":161,""state"":""pure_Y""}]"
601,p_y_q,2,Y,P,final_hidden,True,0,1,True,0,1,True,0,1,True,0,1,0,0,256,P,Y,0000111111110000111100000000111100001111111100001111000000001111,Y,"[{""end_offset"":9,""start_offset"":0,""state"":""pure_P""},{""end_offset"":17,""start_offset"":13,""state"":""raw_codeword_specific_composite""},{""end_offset"":24,""start_offset"":24,""state"":""pure_P""},{""end_offset"":45,""start_offset"":33,""state"":""other_candidate_tuple_consistent""},{""end_offset"":62,""start_offset"":62,""state"":""pure_P""},{""end_offset"":117,""start_offset"":85,""state"":""other_candidate_tuple_consistent""},{""end_offset"":128,""start_offset"":128,""state"":""raw_codeword_specific_composite""},{""end_offset"":256,""start_offset"":161,""state"":""pure_Y""}]"
601,p_y_q,2,Y,Q,first_hidden,True,0,1,False,,,False,,,False,,,,,256,P,Y,0000111111110000111100000000111100001111111100001111000000001111,Y,"[{""end_offset"":9,""start_offset"":0,""state"":""pure_P""},{""end_offset"":17,""start_offset"":13,""state"":""raw_codeword_specific_composite""},{""end_offset"":24,""start_offset"":24,""state"":""pure_P""},{""end_offset"":45,""start_offset"":33,""state"":""other_candidate_tuple_consistent""},{""end_offset"":62,""start_offset"":62,""state"":""pure_P""},{""end_offset"":117,""start_offset"":85,""state"":""other_candidate_tuple_consistent""},{""end_offset"":128,""start_offset"":128,""state"":""raw_codeword_specific_composite""},{""end_offset"":256,""start_offset"":161,""state"":""pure_Y""}]"
601,p_y_q,2,Y,Q,final_hidden,True,9,13,False,,,False,,,False,,,,,256,P,Y,0000111111110000111100000000111100001111111100001111000000001111,Y,"[{""end_offset"":9,""start_offset"":0,""state"":""pure_P""},{""end_offset"":17,""start_offset"":13,""state"":""raw_codeword_specific_composite""},{""end_offset"":24,""start_offset"":24,""state"":""pure_P""},{""end_offset"":45,""start_offset"":33,""state"":""other_candidate_tuple_consistent""},{""end_offset"":62,""start_offset"":62,""state"":""pure_P""},{""end_offset"":117,""start_offset"":85,""state"":""other_candidate_tuple_consistent""},{""end_offset"":128,""start_offset"":128,""state"":""raw_codeword_specific_composite""},{""end_offset"":256,""start_offset"":161,""state"":""pure_Y""}]"
601,p_y_q,2,Y,Y,first_hidden,True,85,117,True,161,222,True,161,222,True,161,222,76,76,256,P,Y,0000111111110000111100000000111100001111111100001111000000001111,Y,"[{""end_offset"":9,""start_offset"":0,""state"":""pure_P""},{""end_offset"":17,""start_offset"":13,""state"":""raw_codeword_specific_composite""},{""end_offset"":24,""start_offset"":24,""state"":""pure_P""},{""end_offset"":45,""start_offset"":33,""state"":""other_candidate_tuple_consistent""},{""end_offset"":62,""start_offset"":62,""state"":""pure_P""},{""end_offset"":117,""start_offset"":85,""state"":""other_candidate_tuple_consistent""},{""end_offset"":128,""start_offset"":128,""state"":""raw_codeword_specific_composite""},{""end_offset"":256,""start_offset"":161,""state"":""pure_Y""}]"
601,p_y_q,2,Y,Y,final_hidden,True,117,128,True,161,222,True,161,222,True,161,222,44,44,256,P,Y,0000111111110000111100000000111100001111111100001111000000001111,Y,"[{""end_offset"":9,""start_offset"":0,""state"":""pure_P""},{""end_offset"":17,""start_offset"":13,""state"":""raw_codeword_specific_composite""},{""end_offset"":24,""start_offset"":24,""state"":""pure_P""},{""end_offset"":45,""start_offset"":33,""state"":""other_candidate_tuple_consistent""},{""end_offset"":62,""start_offset"":62,""state"":""pure_P""},{""end_offset"":117,""start_offset"":85,""state"":""other_candidate_tuple_consistent""},{""end_offset"":128,""start_offset"":128,""state"":""raw_codeword_specific_composite""},{""end_offset"":256,""start_offset"":161,""state"":""pure_Y""}]"
601,p_y_q,3,Q,P,first_hidden,True,0,1,False,,,False,,,False,,,,,256,Y,Q,1001100110011001100110011001100110011001100110011001100110011001,Q,"[{""end_offset"":9,""start_offset"":0,""state"":""pure_Y""},{""end_offset"":62,""start_offset"":13,""state"":""raw_codeword_specific_composite""},{""end_offset"":256,""start_offset"":85,""state"":""pure_Q""}]"
601,p_y_q,3,Q,P,final_hidden,True,0,1,False,,,False,,,False,,,,,256,Y,Q,1001100110011001100110011001100110011001100110011001100110011001,Q,"[{""end_offset"":9,""start_offset"":0,""state"":""pure_Y""},{""end_offset"":62,""start_offset"":13,""state"":""raw_codeword_specific_composite""},{""end_offset"":256,""start_offset"":85,""state"":""pure_Q""}]"
601,p_y_q,3,Q,Q,first_hidden,True,62,85,True,85,117,True,85,117,True,85,117,23,23,256,Y,Q,1001100110011001100110011001100110011001100110011001100110011001,Q,"[{""end_offset"":9,""start_offset"":0,""state"":""pure_Y""},{""end_offset"":62,""start_offset"":13,""state"":""raw_codeword_specific_composite""},{""end_offset"":256,""start_offset"":85,""state"":""pure_Q""}]"
601,p_y_q,3,Q,Q,final_hidden,True,45,62,True,85,117,True,85,117,True,85,117,40,40,256,Y,Q,1001100110011001100110011001100110011001100110011001100110011001,Q,"[{""end_offset"":9,""start_offset"":0,""state"":""pure_Y""},{""end_offset"":62,""start_offset"":13,""state"":""raw_codeword_specific_composite""},{""end_offset"":256,""start_offset"":85,""state"":""pure_Q""}]"
601,p_y_q,3,Q,Y,first_hidden,True,0,1,True,0,1,True,0,1,True,0,1,0,0,256,Y,Q,1001100110011001100110011001100110011001100110011001100110011001,Q,"[{""end_offset"":9,""start_offset"":0,""state"":""pure_Y""},{""end_offset"":62,""start_offset"":13,""state"":""raw_codeword_specific_composite""},{""end_offset"":256,""start_offset"":85,""state"":""pure_Q""}]"
601,p_y_q,3,Q,Y,final_hidden,True,0,1,True,0,1,True,0,1,True,0,1,0,0,256,Y,Q,1001100110011001100110011001100110011001100110011001100110011001,Q,"[{""end_offset"":9,""start_offset"":0,""state"":""pure_Y""},{""end_offset"":62,""start_offset"":13,""state"":""raw_codeword_specific_composite""},{""end_offset"":256,""start_offset"":85,""state"":""pure_Q""}]"
601,q_p_y,1,Q,P,first_hidden,True,0,1,False,,,False,,,False,,,,,256,,Q,1001100110011001100110011001100110011001100110011001100110011001,Q,"[{""end_offset"":7,""start_offset"":0,""state"":""raw_codeword_specific_composite""},{""end_offset"":256,""start_offset"":9,""state"":""pure_Q""}]"
601,q_p_y,1,Q,P,final_hidden,True,0,1,False,,,False,,,False,,,,,256,,Q,1001100110011001100110011001100110011001100110011001100110011001,Q,"[{""end_offset"":7,""start_offset"":0,""state"":""raw_codeword_specific_composite""},{""end_offset"":256,""start_offset"":9,""state"":""pure_Q""}]"
601,q_p_y,1,Q,Q,first_hidden,True,5,7,True,9,13,True,9,13,True,9,13,4,4,256,,Q,1001100110011001100110011001100110011001100110011001100110011001,Q,"[{""end_offset"":7,""start_offset"":0,""state"":""raw_codeword_specific_composite""},{""end_offset"":256,""start_offset"":9,""state"":""pure_Q""}]"
601,q_p_y,1,Q,Q,final_hidden,True,4,5,True,9,13,True,9,13,True,9,13,5,5,256,,Q,1001100110011001100110011001100110011001100110011001100110011001,Q,"[{""end_offset"":7,""start_offset"":0,""state"":""raw_codeword_specific_composite""},{""end_offset"":256,""start_offset"":9,""state"":""pure_Q""}]"
601,q_p_y,1,Q,Y,first_hidden,False,,,False,,,False,,,False,,,,,256,,Q,1001100110011001100110011001100110011001100110011001100110011001,Q,"[{""end_offset"":7,""start_offset"":0,""state"":""raw_codeword_specific_composite""},{""end_offset"":256,""start_offset"":9,""state"":""pure_Q""}]"
601,q_p_y,1,Q,Y,final_hidden,False,,,False,,,False,,,False,,,,,256,,Q,1001100110011001100110011001100110011001100110011001100110011001,Q,"[{""end_offset"":7,""start_offset"":0,""state"":""raw_codeword_specific_composite""},{""end_offset"":256,""start_offset"":9,""state"":""pure_Q""}]"
601,q_p_y,2,P,P,first_hidden,True,0,1,True,24,33,True,24,33,True,24,33,24,24,256,Q,P,0000000000000000000000000000000011111111111111111111111111111111,P,"[{""end_offset"":13,""start_offset"":0,""state"":""pure_Q""},{""end_offset"":17,""start_offset"":17,""state"":""raw_codeword_specific_composite""},{""end_offset"":256,""start_offset"":24,""state"":""pure_P""}]"
601,q_p_y,2,P,P,final_hidden,True,0,1,True,24,33,True,24,33,True,24,33,24,24,256,Q,P,0000000000000000000000000000000011111111111111111111111111111111,P,"[{""end_offset"":13,""start_offset"":0,""state"":""pure_Q""},{""end_offset"":17,""start_offset"":17,""state"":""raw_codeword_specific_composite""},{""end_offset"":256,""start_offset"":24,""state"":""pure_P""}]"
601,q_p_y,2,P,Q,first_hidden,True,0,1,True,0,1,True,0,1,True,0,1,0,0,256,Q,P,0000000000000000000000000000000011111111111111111111111111111111,P,"[{""end_offset"":13,""start_offset"":0,""state"":""pure_Q""},{""end_offset"":17,""start_offset"":17,""state"":""raw_codeword_specific_composite""},{""end_offset"":256,""start_offset"":24,""state"":""pure_P""}]"
601,q_p_y,2,P,Q,final_hidden,True,0,1,True,0,1,True,0,1,True,0,1,0,0,256,Q,P,0000000000000000000000000000000011111111111111111111111111111111,P,"[{""end_offset"":13,""start_offset"":0,""state"":""pure_Q""},{""end_offset"":17,""start_offset"":17,""state"":""raw_codeword_specific_composite""},{""end_offset"":256,""start_offset"":24,""state"":""pure_P""}]"
601,q_p_y,2,P,Y,first_hidden,False,,,False,,,False,,,False,,,,,256,Q,P,0000000000000000000000000000000011111111111111111111111111111111,P,"[{""end_offset"":13,""start_offset"":0,""state"":""pure_Q""},{""end_offset"":17,""start_offset"":17,""state"":""raw_codeword_specific_composite""},{""end_offset"":256,""start_offset"":24,""state"":""pure_P""}]"
601,q_p_y,2,P,Y,final_hidden,False,,,False,,,False,,,False,,,,,256,Q,P,0000000000000000000000000000000011111111111111111111111111111111,P,"[{""end_offset"":13,""start_offset"":0,""state"":""pure_Q""},{""end_offset"":17,""start_offset"":17,""state"":""raw_codeword_specific_composite""},{""end_offset"":256,""start_offset"":24,""state"":""pure_P""}]"
601,q_p_y,3,Y,P,first_hidden,True,0,1,True,0,1,True,0,1,True,0,1,0,0,256,P,Y,0000111111110000111100000000111100001111111100001111000000001111,Y,"[{""end_offset"":24,""start_offset"":0,""state"":""pure_P""},{""end_offset"":62,""start_offset"":33,""state"":""raw_codeword_specific_composite""},{""end_offset"":256,""start_offset"":85,""state"":""pure_Y""}]"
601,q_p_y,3,Y,P,final_hidden,True,0,1,True,0,1,True,0,1,True,0,1,0,0,256,P,Y,0000111111110000111100000000111100001111111100001111000000001111,Y,"[{""end_offset"":24,""start_offset"":0,""state"":""pure_P""},{""end_offset"":62,""start_offset"":33,""state"":""raw_codeword_specific_composite""},{""end_offset"":256,""start_offset"":85,""state"":""pure_Y""}]"
601,q_p_y,3,Y,Q,first_hidden,True,0,1,False,,,False,,,False,,,,,256,P,Y,0000111111110000111100000000111100001111111100001111000000001111,Y,"[{""end_offset"":24,""start_offset"":0,""state"":""pure_P""},{""end_offset"":62,""start_offset"":33,""state"":""raw_codeword_specific_composite""},{""end_offset"":256,""start_offset"":85,""state"":""pure_Y""}]"
601,q_p_y,3,Y,Q,final_hidden,True,0,1,False,,,False,,,False,,,,,256,P,Y,0000111111110000111100000000111100001111111100001111000000001111,Y,"[{""end_offset"":24,""start_offset"":0,""state"":""pure_P""},{""end_offset"":62,""start_offset"":33,""state"":""raw_codeword_specific_composite""},{""end_offset"":256,""start_offset"":85,""state"":""pure_Y""}]"
601,q_p_y,3,Y,Y,first_hidden,True,117,128,True,85,117,True,85,117,True,85,117,-32,-32,256,P,Y,0000111111110000111100000000111100001111111100001111000000001111,Y,"[{""end_offset"":24,""start_offset"":0,""state"":""pure_P""},{""end_offset"":62,""start_offset"":33,""state"":""raw_codeword_specific_composite""},{""end_offset"":256,""start_offset"":85,""state"":""pure_Y""}]"
601,q_p_y,3,Y,Y,final_hidden,True,161,222,True,85,117,True,85,117,True,85,117,-76,-76,256,P,Y,0000111111110000111100000000111100001111111100001111000000001111,Y,"[{""end_offset"":24,""start_offset"":0,""state"":""pure_P""},{""end_offset"":62,""start_offset"":33,""state"":""raw_codeword_specific_composite""},{""end_offset"":256,""start_offset"":85,""state"":""pure_Y""}]"
601,q_y_p,1,Q,P,first_hidden,True,0,1,False,,,False,,,False,,,,,256,,Q,1001100110011001100110011001100110011001100110011001100110011001,Q,"[{""end_offset"":7,""start_offset"":0,""state"":""raw_codeword_specific_composite""},{""end_offset"":256,""start_offset"":9,""state"":""pure_Q""}]"
601,q_y_p,1,Q,P,final_hidden,True,0,1,False,,,False,,,False,,,,,256,,Q,1001100110011001100110011001100110011001100110011001100110011001,Q,"[{""end_offset"":7,""start_offset"":0,""state"":""raw_codeword_specific_composite""},{""end_offset"":256,""start_offset"":9,""state"":""pure_Q""}]"
601,q_y_p,1,Q,Q,first_hidden,True,5,7,True,9,13,True,9,13,True,9,13,4,4,256,,Q,1001100110011001100110011001100110011001100110011001100110011001,Q,"[{""end_offset"":7,""start_offset"":0,""state"":""raw_codeword_specific_composite""},{""end_offset"":256,""start_offset"":9,""state"":""pure_Q""}]"
601,q_y_p,1,Q,Q,final_hidden,True,4,5,True,9,13,True,9,13,True,9,13,5,5,256,,Q,1001100110011001100110011001100110011001100110011001100110011001,Q,"[{""end_offset"":7,""start_offset"":0,""state"":""raw_codeword_specific_composite""},{""end_offset"":256,""start_offset"":9,""state"":""pure_Q""}]"
601,q_y_p,1,Q,Y,first_hidden,False,,,False,,,False,,,False,,,,,256,,Q,1001100110011001100110011001100110011001100110011001100110011001,Q,"[{""end_offset"":7,""start_offset"":0,""state"":""raw_codeword_specific_composite""},{""end_offset"":256,""start_offset"":9,""state"":""pure_Q""}]"
601,q_y_p,1,Q,Y,final_hidden,False,,,False,,,False,,,False,,,,,256,,Q,1001100110011001100110011001100110011001100110011001100110011001,Q,"[{""end_offset"":7,""start_offset"":0,""state"":""raw_codeword_specific_composite""},{""end_offset"":256,""start_offset"":9,""state"":""pure_Q""}]"
601,q_y_p,2,Y,P,first_hidden,True,0,1,False,,,False,,,False,,,,,256,Q,Y,0000111111110000111100000000111100001111111100001111000000001111,Y,"[{""end_offset"":13,""start_offset"":0,""state"":""pure_Q""},{""end_offset"":85,""start_offset"":17,""state"":""raw_codeword_specific_composite""},{""end_offset"":256,""start_offset"":117,""state"":""pure_Y""}]"
601,q_y_p,2,Y,P,final_hidden,True,0,1,False,,,False,,,False,,,,,256,Q,Y,0000111111110000111100000000111100001111111100001111000000001111,Y,"[{""end_offset"":13,""start_offset"":0,""state"":""pure_Q""},{""end_offset"":85,""start_offset"":17,""state"":""raw_codeword_specific_composite""},{""end_offset"":256,""start_offset"":117,""state"":""pure_Y""}]"
601,q_y_p,2,Y,Q,first_hidden,True,0,1,True,0,1,True,0,1,True,0,1,0,0,256,Q,Y,0000111111110000111100000000111100001111111100001111000000001111,Y,"[{""end_offset"":13,""start_offset"":0,""state"":""pure_Q""},{""end_offset"":85,""start_offset"":17,""state"":""raw_codeword_specific_composite""},{""end_offset"":256,""start_offset"":117,""state"":""pure_Y""}]"
601,q_y_p,2,Y,Q,final_hidden,True,0,1,True,0,1,True,0,1,True,0,1,0,0,256,Q,Y,0000111111110000111100000000111100001111111100001111000000001111,Y,"[{""end_offset"":13,""start_offset"":0,""state"":""pure_Q""},{""end_offset"":85,""start_offset"":17,""state"":""raw_codeword_specific_composite""},{""end_offset"":256,""start_offset"":117,""state"":""pure_Y""}]"
601,q_y_p,2,Y,Y,first_hidden,True,128,161,True,117,128,True,117,128,True,117,128,-11,-11,256,Q,Y,0000111111110000111100000000111100001111111100001111000000001111,Y,"[{""end_offset"":13,""start_offset"":0,""state"":""pure_Q""},{""end_offset"":85,""start_offset"":17,""state"":""raw_codeword_specific_composite""},{""end_offset"":256,""start_offset"":117,""state"":""pure_Y""}]"
601,q_y_p,2,Y,Y,final_hidden,True,161,222,True,117,128,True,117,128,True,117,128,-44,-44,256,Q,Y,0000111111110000111100000000111100001111111100001111000000001111,Y,"[{""end_offset"":13,""start_offset"":0,""state"":""pure_Q""},{""end_offset"":85,""start_offset"":17,""state"":""raw_codeword_specific_composite""},{""end_offset"":256,""start_offset"":117,""state"":""pure_Y""}]"
601,q_y_p,3,P,P,first_hidden,True,0,1,True,33,45,True,33,45,True,33,45,33,33,256,Y,P,0000000000000000000000000000000011111111111111111111111111111111,P,"[{""end_offset"":17,""start_offset"":0,""state"":""pure_Y""},{""end_offset"":24,""start_offset"":24,""state"":""raw_codeword_specific_composite""},{""end_offset"":256,""start_offset"":33,""state"":""pure_P""}]"
601,q_y_p,3,P,P,final_hidden,True,24,33,True,33,45,True,33,45,True,33,45,9,9,256,Y,P,0000000000000000000000000000000011111111111111111111111111111111,P,"[{""end_offset"":17,""start_offset"":0,""state"":""pure_Y""},{""end_offset"":24,""start_offset"":24,""state"":""raw_codeword_specific_composite""},{""end_offset"":256,""start_offset"":33,""state"":""pure_P""}]"
601,q_y_p,3,P,Q,first_hidden,True,1,2,False,,,False,,,False,,,,,256,Y,P,0000000000000000000000000000000011111111111111111111111111111111,P,"[{""end_offset"":17,""start_offset"":0,""state"":""pure_Y""},{""end_offset"":24,""start_offset"":24,""state"":""raw_codeword_specific_composite""},{""end_offset"":256,""start_offset"":33,""state"":""pure_P""}]"
601,q_y_p,3,P,Q,final_hidden,True,24,33,False,,,False,,,False,,,,,256,Y,P,0000000000000000000000000000000011111111111111111111111111111111,P,"[{""end_offset"":17,""start_offset"":0,""state"":""pure_Y""},{""end_offset"":24,""start_offset"":24,""state"":""raw_codeword_specific_composite""},{""end_offset"":256,""start_offset"":33,""state"":""pure_P""}]"
601,q_y_p,3,P,Y,first_hidden,True,0,1,True,0,1,True,0,1,True,0,1,0,0,256,Y,P,0000000000000000000000000000000011111111111111111111111111111111,P,"[{""end_offset"":17,""start_offset"":0,""state"":""pure_Y""},{""end_offset"":24,""start_offset"":24,""state"":""raw_codeword_specific_composite""},{""end_offset"":256,""start_offset"":33,""state"":""pure_P""}]"
601,q_y_p,3,P,Y,final_hidden,True,0,1,True,0,1,True,0,1,True,0,1,0,0,256,Y,P,0000000000000000000000000000000011111111111111111111111111111111,P,"[{""end_offset"":17,""start_offset"":0,""state"":""pure_Y""},{""end_offset"":24,""start_offset"":24,""state"":""raw_codeword_specific_composite""},{""end_offset"":256,""start_offset"":33,""state"":""pure_P""}]"
601,y_p_q,1,Y,P,first_hidden,True,0,1,False,,,False,,,False,,,,,256,,Y,0000111111110000111100000000111100001111111100001111000000001111,Y,"[{""end_offset"":13,""start_offset"":0,""state"":""raw_codeword_specific_composite""},{""end_offset"":256,""start_offset"":17,""state"":""pure_Y""}]"
601,y_p_q,1,Y,P,final_hidden,True,0,1,False,,,False,,,False,,,,,256,,Y,0000111111110000111100000000111100001111111100001111000000001111,Y,"[{""end_offset"":13,""start_offset"":0,""state"":""raw_codeword_specific_composite""},{""end_offset"":256,""start_offset"":17,""state"":""pure_Y""}]"
601,y_p_q,1,Y,Q,first_hidden,False,,,False,,,False,,,False,,,,,256,,Y,0000111111110000111100000000111100001111111100001111000000001111,Y,"[{""end_offset"":13,""start_offset"":0,""state"":""raw_codeword_specific_composite""},{""end_offset"":256,""start_offset"":17,""state"":""pure_Y""}]"
601,y_p_q,1,Y,Q,final_hidden,False,,,False,,,False,,,False,,,,,256,,Y,0000111111110000111100000000111100001111111100001111000000001111,Y,"[{""end_offset"":13,""start_offset"":0,""state"":""raw_codeword_specific_composite""},{""end_offset"":256,""start_offset"":17,""state"":""pure_Y""}]"
601,y_p_q,1,Y,Y,first_hidden,True,33,45,True,17,24,True,17,24,True,17,24,-16,-16,256,,Y,0000111111110000111100000000111100001111111100001111000000001111,Y,"[{""end_offset"":13,""start_offset"":0,""state"":""raw_codeword_specific_composite""},{""end_offset"":256,""start_offset"":17,""state"":""pure_Y""}]"
601,y_p_q,1,Y,Y,final_hidden,True,24,33,True,17,24,True,17,24,True,17,24,-7,-7,256,,Y,0000111111110000111100000000111100001111111100001111000000001111,Y,"[{""end_offset"":13,""start_offset"":0,""state"":""raw_codeword_specific_composite""},{""end_offset"":256,""start_offset"":17,""state"":""pure_Y""}]"
601,y_p_q,2,P,P,first_hidden,True,0,1,True,24,33,True,24,33,True,24,33,24,24,256,Y,P,0000000000000000000000000000000011111111111111111111111111111111,P,"[{""end_offset"":13,""start_offset"":0,""state"":""pure_Y""},{""end_offset"":17,""start_offset"":17,""state"":""raw_codeword_specific_composite""},{""end_offset"":256,""start_offset"":24,""state"":""pure_P""}]"
601,y_p_q,2,P,P,final_hidden,True,0,1,True,24,33,True,24,33,True,24,33,24,24,256,Y,P,0000000000000000000000000000000011111111111111111111111111111111,P,"[{""end_offset"":13,""start_offset"":0,""state"":""pure_Y""},{""end_offset"":17,""start_offset"":17,""state"":""raw_codeword_specific_composite""},{""end_offset"":256,""start_offset"":24,""state"":""pure_P""}]"
601,y_p_q,2,P,Q,first_hidden,False,,,False,,,False,,,False,,,,,256,Y,P,0000000000000000000000000000000011111111111111111111111111111111,P,"[{""end_offset"":13,""start_offset"":0,""state"":""pure_Y""},{""end_offset"":17,""start_offset"":17,""state"":""raw_codeword_specific_composite""},{""end_offset"":256,""start_offset"":24,""state"":""pure_P""}]"
601,y_p_q,2,P,Q,final_hidden,False,,,False,,,False,,,False,,,,,256,Y,P,0000000000000000000000000000000011111111111111111111111111111111,P,"[{""end_offset"":13,""start_offset"":0,""state"":""pure_Y""},{""end_offset"":17,""start_offset"":17,""state"":""raw_codeword_specific_composite""},{""end_offset"":256,""start_offset"":24,""state"":""pure_P""}]"
601,y_p_q,2,P,Y,first_hidden,True,0,1,True,0,1,True,0,1,True,0,1,0,0,256,Y,P,0000000000000000000000000000000011111111111111111111111111111111,P,"[{""end_offset"":13,""start_offset"":0,""state"":""pure_Y""},{""end_offset"":17,""start_offset"":17,""state"":""raw_codeword_specific_composite""},{""end_offset"":256,""start_offset"":24,""state"":""pure_P""}]"
601,y_p_q,2,P,Y,final_hidden,True,0,1,True,0,1,True,0,1,True,0,1,0,0,256,Y,P,0000000000000000000000000000000011111111111111111111111111111111,P,"[{""end_offset"":13,""start_offset"":0,""state"":""pure_Y""},{""end_offset"":17,""start_offset"":17,""state"":""raw_codeword_specific_composite""},{""end_offset"":256,""start_offset"":24,""state"":""pure_P""}]"
601,y_p_q,3,Q,P,first_hidden,True,0,1,True,0,1,True,0,1,True,0,1,0,0,256,P,Q,1001100110011001100110011001100110011001100110011001100110011001,Q,"[{""end_offset"":24,""start_offset"":0,""state"":""pure_P""},{""end_offset"":33,""start_offset"":33,""state"":""raw_codeword_specific_composite""},{""end_offset"":256,""start_offset"":45,""state"":""pure_Q""}]"
601,y_p_q,3,Q,P,final_hidden,True,0,1,True,0,1,True,0,1,True,0,1,0,0,256,P,Q,1001100110011001100110011001100110011001100110011001100110011001,Q,"[{""end_offset"":24,""start_offset"":0,""state"":""pure_P""},{""end_offset"":33,""start_offset"":33,""state"":""raw_codeword_specific_composite""},{""end_offset"":256,""start_offset"":45,""state"":""pure_Q""}]"
601,y_p_q,3,Q,Q,first_hidden,True,45,62,True,45,62,True,45,62,True,45,62,0,0,256,P,Q,1001100110011001100110011001100110011001100110011001100110011001,Q,"[{""end_offset"":24,""start_offset"":0,""state"":""pure_P""},{""end_offset"":33,""start_offset"":33,""state"":""raw_codeword_specific_composite""},{""end_offset"":256,""start_offset"":45,""state"":""pure_Q""}]"
601,y_p_q,3,Q,Q,final_hidden,True,62,85,True,45,62,True,45,62,True,45,62,-17,-17,256,P,Q,1001100110011001100110011001100110011001100110011001100110011001,Q,"[{""end_offset"":24,""start_offset"":0,""state"":""pure_P""},{""end_offset"":33,""start_offset"":33,""state"":""raw_codeword_specific_composite""},{""end_offset"":256,""start_offset"":45,""state"":""pure_Q""}]"
601,y_p_q,3,Q,Y,first_hidden,True,45,62,False,,,False,,,False,,,,,256,P,Q,1001100110011001100110011001100110011001100110011001100110011001,Q,"[{""end_offset"":24,""start_offset"":0,""state"":""pure_P""},{""end_offset"":33,""start_offset"":33,""state"":""raw_codeword_specific_composite""},{""end_offset"":256,""start_offset"":45,""state"":""pure_Q""}]"
601,y_p_q,3,Q,Y,final_hidden,True,0,1,False,,,False,,,False,,,,,256,P,Q,1001100110011001100110011001100110011001100110011001100110011001,Q,"[{""end_offset"":24,""start_offset"":0,""state"":""pure_P""},{""end_offset"":33,""start_offset"":33,""state"":""raw_codeword_specific_composite""},{""end_offset"":256,""start_offset"":45,""state"":""pure_Q""}]"
601,y_q_p,1,Y,P,first_hidden,True,0,1,False,,,False,,,False,,,,,256,,Y,0000111111110000111100000000111100001111111100001111000000001111,Y,"[{""end_offset"":13,""start_offset"":0,""state"":""raw_codeword_specific_composite""},{""end_offset"":256,""start_offset"":17,""state"":""pure_Y""}]"
601,y_q_p,1,Y,P,final_hidden,True,0,1,False,,,False,,,False,,,,,256,,Y,0000111111110000111100000000111100001111111100001111000000001111,Y,"[{""end_offset"":13,""start_offset"":0,""state"":""raw_codeword_specific_composite""},{""end_offset"":256,""start_offset"":17,""state"":""pure_Y""}]"
601,y_q_p,1,Y,Q,first_hidden,False,,,False,,,False,,,False,,,,,256,,Y,0000111111110000111100000000111100001111111100001111000000001111,Y,"[{""end_offset"":13,""start_offset"":0,""state"":""raw_codeword_specific_composite""},{""end_offset"":256,""start_offset"":17,""state"":""pure_Y""}]"
601,y_q_p,1,Y,Q,final_hidden,False,,,False,,,False,,,False,,,,,256,,Y,0000111111110000111100000000111100001111111100001111000000001111,Y,"[{""end_offset"":13,""start_offset"":0,""state"":""raw_codeword_specific_composite""},{""end_offset"":256,""start_offset"":17,""state"":""pure_Y""}]"
601,y_q_p,1,Y,Y,first_hidden,True,33,45,True,17,24,True,17,24,True,17,24,-16,-16,256,,Y,0000111111110000111100000000111100001111111100001111000000001111,Y,"[{""end_offset"":13,""start_offset"":0,""state"":""raw_codeword_specific_composite""},{""end_offset"":256,""start_offset"":17,""state"":""pure_Y""}]"
601,y_q_p,1,Y,Y,final_hidden,True,24,33,True,17,24,True,17,24,True,17,24,-7,-7,256,,Y,0000111111110000111100000000111100001111111100001111000000001111,Y,"[{""end_offset"":13,""start_offset"":0,""state"":""raw_codeword_specific_composite""},{""end_offset"":256,""start_offset"":17,""state"":""pure_Y""}]"
601,y_q_p,2,Q,P,first_hidden,True,0,1,False,,,False,,,False,,,,,256,Y,Q,1001100110011001100110011001100110011001100110011001100110011001,Q,"[{""end_offset"":13,""start_offset"":0,""state"":""pure_Y""},{""end_offset"":33,""start_offset"":17,""state"":""raw_codeword_specific_composite""},{""end_offset"":256,""start_offset"":45,""state"":""pure_Q""}]"
601,y_q_p,2,Q,P,final_hidden,True,0,1,False,,,False,,,False,,,,,256,Y,Q,1001100110011001100110011001100110011001100110011001100110011001,Q,"[{""end_offset"":13,""start_offset"":0,""state"":""pure_Y""},{""end_offset"":33,""start_offset"":17,""state"":""raw_codeword_specific_composite""},{""end_offset"":256,""start_offset"":45,""state"":""pure_Q""}]"
601,y_q_p,2,Q,Q,first_hidden,True,33,45,True,45,62,True,45,62,True,45,62,12,12,256,Y,Q,1001100110011001100110011001100110011001100110011001100110011001,Q,"[{""end_offset"":13,""start_offset"":0,""state"":""pure_Y""},{""end_offset"":33,""start_offset"":17,""state"":""raw_codeword_specific_composite""},{""end_offset"":256,""start_offset"":45,""state"":""pure_Q""}]"
601,y_q_p,2,Q,Q,final_hidden,True,45,62,True,45,62,True,45,62,True,45,62,0,0,256,Y,Q,1001100110011001100110011001100110011001100110011001100110011001,Q,"[{""end_offset"":13,""start_offset"":0,""state"":""pure_Y""},{""end_offset"":33,""start_offset"":17,""state"":""raw_codeword_specific_composite""},{""end_offset"":256,""start_offset"":45,""state"":""pure_Q""}]"
601,y_q_p,2,Q,Y,first_hidden,True,0,1,True,0,1,True,0,1,True,0,1,0,0,256,Y,Q,1001100110011001100110011001100110011001100110011001100110011001,Q,"[{""end_offset"":13,""start_offset"":0,""state"":""pure_Y""},{""end_offset"":33,""start_offset"":17,""state"":""raw_codeword_specific_composite""},{""end_offset"":256,""start_offset"":45,""state"":""pure_Q""}]"
601,y_q_p,2,Q,Y,final_hidden,True,0,1,True,0,1,True,0,1,True,0,1,0,0,256,Y,Q,1001100110011001100110011001100110011001100110011001100110011001,Q,"[{""end_offset"":13,""start_offset"":0,""state"":""pure_Y""},{""end_offset"":33,""start_offset"":17,""state"":""raw_codeword_specific_composite""},{""end_offset"":256,""start_offset"":45,""state"":""pure_Q""}]"
601,y_q_p,3,P,P,first_hidden,True,0,1,True,24,33,True,24,33,True,24,33,24,24,256,Q,P,0000000000000000000000000000000011111111111111111111111111111111,P,"[{""end_offset"":13,""start_offset"":0,""state"":""pure_Q""},{""end_offset"":17,""start_offset"":17,""state"":""raw_codeword_specific_composite""},{""end_offset"":256,""start_offset"":24,""state"":""pure_P""}]"
601,y_q_p,3,P,P,final_hidden,True,0,1,True,24,33,True,24,33,True,24,33,24,24,256,Q,P,0000000000000000000000000000000011111111111111111111111111111111,P,"[{""end_offset"":13,""start_offset"":0,""state"":""pure_Q""},{""end_offset"":17,""start_offset"":17,""state"":""raw_codeword_specific_composite""},{""end_offset"":256,""start_offset"":24,""state"":""pure_P""}]"
601,y_q_p,3,P,Q,first_hidden,True,0,1,True,0,1,True,0,1,True,0,1,0,0,256,Q,P,0000000000000000000000000000000011111111111111111111111111111111,P,"[{""end_offset"":13,""start_offset"":0,""state"":""pure_Q""},{""end_offset"":17,""start_offset"":17,""state"":""raw_codeword_specific_composite""},{""end_offset"":256,""start_offset"":24,""state"":""pure_P""}]"
601,y_q_p,3,P,Q,final_hidden,True,0,1,True,0,1,True,0,1,True,0,1,0,0,256,Q,P,0000000000000000000000000000000011111111111111111111111111111111,P,"[{""end_offset"":13,""start_offset"":0,""state"":""pure_Q""},{""end_offset"":17,""start_offset"":17,""state"":""raw_codeword_specific_composite""},{""end_offset"":256,""start_offset"":24,""state"":""pure_P""}]"
601,y_q_p,3,P,Y,first_hidden,False,,,False,,,False,,,False,,,,,256,Q,P,0000000000000000000000000000000011111111111111111111111111111111,P,"[{""end_offset"":13,""start_offset"":0,""state"":""pure_Q""},{""end_offset"":17,""start_offset"":17,""state"":""raw_codeword_specific_composite""},{""end_offset"":256,""start_offset"":24,""state"":""pure_P""}]"
601,y_q_p,3,P,Y,final_hidden,True,13,17,False,,,False,,,False,,,,,256,Q,P,0000000000000000000000000000000011111111111111111111111111111111,P,"[{""end_offset"":13,""start_offset"":0,""state"":""pure_Q""},{""end_offset"":17,""start_offset"":17,""state"":""raw_codeword_specific_composite""},{""end_offset"":256,""start_offset"":24,""state"":""pure_P""}]"
607,p_q_y,1,P,P,first_hidden,True,0,1,True,4,5,True,4,5,True,4,5,4,4,256,,P,0000000000000000000000000000000011111111111111111111111111111111,P,"[{""end_offset"":3,""start_offset"":0,""state"":""raw_codeword_specific_composite""},{""end_offset"":256,""start_offset"":4,""state"":""pure_P""}]"
607,p_q_y,1,P,P,final_hidden,True,0,1,True,4,5,True,4,5,True,4,5,4,4,256,,P,0000000000000000000000000000000011111111111111111111111111111111,P,"[{""end_offset"":3,""start_offset"":0,""state"":""raw_codeword_specific_composite""},{""end_offset"":256,""start_offset"":4,""state"":""pure_P""}]"
607,p_q_y,1,P,Q,first_hidden,True,0,1,False,,,False,,,False,,,,,256,,P,0000000000000000000000000000000011111111111111111111111111111111,P,"[{""end_offset"":3,""start_offset"":0,""state"":""raw_codeword_specific_composite""},{""end_offset"":256,""start_offset"":4,""state"":""pure_P""}]"
607,p_q_y,1,P,Q,final_hidden,False,,,False,,,False,,,False,,,,,256,,P,0000000000000000000000000000000011111111111111111111111111111111,P,"[{""end_offset"":3,""start_offset"":0,""state"":""raw_codeword_specific_composite""},{""end_offset"":256,""start_offset"":4,""state"":""pure_P""}]"
607,p_q_y,1,P,Y,first_hidden,False,,,False,,,False,,,False,,,,,256,,P,0000000000000000000000000000000011111111111111111111111111111111,P,"[{""end_offset"":3,""start_offset"":0,""state"":""raw_codeword_specific_composite""},{""end_offset"":256,""start_offset"":4,""state"":""pure_P""}]"
607,p_q_y,1,P,Y,final_hidden,False,,,False,,,False,,,False,,,,,256,,P,0000000000000000000000000000000011111111111111111111111111111111,P,"[{""end_offset"":3,""start_offset"":0,""state"":""raw_codeword_specific_composite""},{""end_offset"":256,""start_offset"":4,""state"":""pure_P""}]"
607,p_q_y,2,Q,P,first_hidden,True,0,1,True,0,1,True,0,1,True,0,1,0,0,256,P,Q,1001100110011001100110011001100110011001100110011001100110011001,Q,"[{""end_offset"":13,""start_offset"":0,""state"":""pure_P""},{""end_offset"":45,""start_offset"":17,""state"":""raw_codeword_specific_composite""},{""end_offset"":256,""start_offset"":62,""state"":""pure_Q""}]"
607,p_q_y,2,Q,P,final_hidden,True,0,1,True,0,1,True,0,1,True,0,1,0,0,256,P,Q,1001100110011001100110011001100110011001100110011001100110011001,Q,"[{""end_offset"":13,""start_offset"":0,""state"":""pure_P""},{""end_offset"":45,""start_offset"":17,""state"":""raw_codeword_specific_composite""},{""end_offset"":256,""start_offset"":62,""state"":""pure_Q""}]"
607,p_q_y,2,Q,Q,first_hidden,True,0,1,True,62,85,True,62,85,True,62,85,62,62,256,P,Q,1001100110011001100110011001100110011001100110011001100110011001,Q,"[{""end_offset"":13,""start_offset"":0,""state"":""pure_P""},{""end_offset"":45,""start_offset"":17,""state"":""raw_codeword_specific_composite""},{""end_offset"":256,""start_offset"":62,""state"":""pure_Q""}]"
607,p_q_y,2,Q,Q,final_hidden,True,5,7,True,62,85,True,62,85,True,62,85,57,57,256,P,Q,1001100110011001100110011001100110011001100110011001100110011001,Q,"[{""end_offset"":13,""start_offset"":0,""state"":""pure_P""},{""end_offset"":45,""start_offset"":17,""state"":""raw_codeword_specific_composite""},{""end_offset"":256,""start_offset"":62,""state"":""pure_Q""}]"
607,p_q_y,2,Q,Y,first_hidden,False,,,False,,,False,,,False,,,,,256,P,Q,1001100110011001100110011001100110011001100110011001100110011001,Q,"[{""end_offset"":13,""start_offset"":0,""state"":""pure_P""},{""end_offset"":45,""start_offset"":17,""state"":""raw_codeword_specific_composite""},{""end_offset"":256,""start_offset"":62,""state"":""pure_Q""}]"
607,p_q_y,2,Q,Y,final_hidden,False,,,False,,,False,,,False,,,,,256,P,Q,1001100110011001100110011001100110011001100110011001100110011001,Q,"[{""end_offset"":13,""start_offset"":0,""state"":""pure_P""},{""end_offset"":45,""start_offset"":17,""state"":""raw_codeword_specific_composite""},{""end_offset"":256,""start_offset"":62,""state"":""pure_Q""}]"
607,p_q_y,3,Y,P,first_hidden,True,0,1,False,,,False,,,False,,,,,256,Q,Y,0000111111110000111100000000111100001111111100001111000000001111,Y,"[{""end_offset"":17,""start_offset"":0,""state"":""pure_Q""},{""end_offset"":24,""start_offset"":24,""state"":""other_candidate_tuple_consistent""},{""end_offset"":85,""start_offset"":33,""state"":""raw_codeword_specific_composite""},{""end_offset"":256,""start_offset"":117,""state"":""pure_Y""}]"
607,p_q_y,3,Y,P,final_hidden,True,0,1,False,,,False,,,False,,,,,256,Q,Y,0000111111110000111100000000111100001111111100001111000000001111,Y,"[{""end_offset"":17,""start_offset"":0,""state"":""pure_Q""},{""end_offset"":24,""start_offset"":24,""state"":""other_candidate_tuple_consistent""},{""end_offset"":85,""start_offset"":33,""state"":""raw_codeword_specific_composite""},{""end_offset"":256,""start_offset"":117,""state"":""pure_Y""}]"
607,p_q_y,3,Y,Q,first_hidden,True,0,1,True,0,1,True,0,1,True,0,1,0,0,256,Q,Y,0000111111110000111100000000111100001111111100001111000000001111,Y,"[{""end_offset"":17,""start_offset"":0,""state"":""pure_Q""},{""end_offset"":24,""start_offset"":24,""state"":""other_candidate_tuple_consistent""},{""end_offset"":85,""start_offset"":33,""state"":""raw_codeword_specific_composite""},{""end_offset"":256,""start_offset"":117,""state"":""pure_Y""}]"
607,p_q_y,3,Y,Q,final_hidden,True,0,1,True,0,1,True,0,1,True,0,1,0,0,256,Q,Y,0000111111110000111100000000111100001111111100001111000000001111,Y,"[{""end_offset"":17,""start_offset"":0,""state"":""pure_Q""},{""end_offset"":24,""start_offset"":24,""state"":""other_candidate_tuple_consistent""},{""end_offset"":85,""start_offset"":33,""state"":""raw_codeword_specific_composite""},{""end_offset"":256,""start_offset"":117,""state"":""pure_Y""}]"
607,p_q_y,3,Y,Y,first_hidden,True,85,117,True,117,128,True,117,128,True,117,128,32,32,256,Q,Y,0000111111110000111100000000111100001111111100001111000000001111,Y,"[{""end_offset"":17,""start_offset"":0,""state"":""pure_Q""},{""end_offset"":24,""start_offset"":24,""state"":""other_candidate_tuple_consistent""},{""end_offset"":85,""start_offset"":33,""state"":""raw_codeword_specific_composite""},{""end_offset"":256,""start_offset"":117,""state"":""pure_Y""}]"
607,p_q_y,3,Y,Y,final_hidden,True,117,128,True,117,128,True,117,128,True,117,128,0,0,256,Q,Y,0000111111110000111100000000111100001111111100001111000000001111,Y,"[{""end_offset"":17,""start_offset"":0,""state"":""pure_Q""},{""end_offset"":24,""start_offset"":24,""state"":""other_candidate_tuple_consistent""},{""end_offset"":85,""start_offset"":33,""state"":""raw_codeword_specific_composite""},{""end_offset"":256,""start_offset"":117,""state"":""pure_Y""}]"
607,p_y_q,1,P,P,first_hidden,True,0,1,True,4,5,True,4,5,True,4,5,4,4,256,,P,0000000000000000000000000000000011111111111111111111111111111111,P,"[{""end_offset"":3,""start_offset"":0,""state"":""raw_codeword_specific_composite""},{""end_offset"":256,""start_offset"":4,""state"":""pure_P""}]"
607,p_y_q,1,P,P,final_hidden,True,0,1,True,4,5,True,4,5,True,4,5,4,4,256,,P,0000000000000000000000000000000011111111111111111111111111111111,P,"[{""end_offset"":3,""start_offset"":0,""state"":""raw_codeword_specific_composite""},{""end_offset"":256,""start_offset"":4,""state"":""pure_P""}]"
607,p_y_q,1,P,Q,first_hidden,True,0,1,False,,,False,,,False,,,,,256,,P,0000000000000000000000000000000011111111111111111111111111111111,P,"[{""end_offset"":3,""start_offset"":0,""state"":""raw_codeword_specific_composite""},{""end_offset"":256,""start_offset"":4,""state"":""pure_P""}]"
607,p_y_q,1,P,Q,final_hidden,False,,,False,,,False,,,False,,,,,256,,P,0000000000000000000000000000000011111111111111111111111111111111,P,"[{""end_offset"":3,""start_offset"":0,""state"":""raw_codeword_specific_composite""},{""end_offset"":256,""start_offset"":4,""state"":""pure_P""}]"
607,p_y_q,1,P,Y,first_hidden,False,,,False,,,False,,,False,,,,,256,,P,0000000000000000000000000000000011111111111111111111111111111111,P,"[{""end_offset"":3,""start_offset"":0,""state"":""raw_codeword_specific_composite""},{""end_offset"":256,""start_offset"":4,""state"":""pure_P""}]"
607,p_y_q,1,P,Y,final_hidden,False,,,False,,,False,,,False,,,,,256,,P,0000000000000000000000000000000011111111111111111111111111111111,P,"[{""end_offset"":3,""start_offset"":0,""state"":""raw_codeword_specific_composite""},{""end_offset"":256,""start_offset"":4,""state"":""pure_P""}]"
607,p_y_q,2,Y,P,first_hidden,True,0,1,True,0,1,True,0,1,True,0,1,0,0,256,P,Y,0000111111110000111100000000111100001111111100001111000000001111,Y,"[{""end_offset"":13,""start_offset"":0,""state"":""pure_P""},{""end_offset"":17,""start_offset"":17,""state"":""raw_codeword_specific_composite""},{""end_offset"":24,""start_offset"":24,""state"":""pure_P""},{""end_offset"":85,""start_offset"":33,""state"":""raw_codeword_specific_composite""},{""end_offset"":256,""start_offset"":117,""state"":""pure_Y""}]"
607,p_y_q,2,Y,P,final_hidden,True,0,1,True,0,1,True,0,1,True,0,1,0,0,256,P,Y,0000111111110000111100000000111100001111111100001111000000001111,Y,"[{""end_offset"":13,""start_offset"":0,""state"":""pure_P""},{""end_offset"":17,""start_offset"":17,""state"":""raw_codeword_specific_composite""},{""end_offset"":24,""start_offset"":24,""state"":""pure_P""},{""end_offset"":85,""start_offset"":33,""state"":""raw_codeword_specific_composite""},{""end_offset"":256,""start_offset"":117,""state"":""pure_Y""}]"
607,p_y_q,2,Y,Q,first_hidden,True,0,1,False,,,False,,,False,,,,,256,P,Y,0000111111110000111100000000111100001111111100001111000000001111,Y,"[{""end_offset"":13,""start_offset"":0,""state"":""pure_P""},{""end_offset"":17,""start_offset"":17,""state"":""raw_codeword_specific_composite""},{""end_offset"":24,""start_offset"":24,""state"":""pure_P""},{""end_offset"":85,""start_offset"":33,""state"":""raw_codeword_specific_composite""},{""end_offset"":256,""start_offset"":117,""state"":""pure_Y""}]"
607,p_y_q,2,Y,Q,final_hidden,False,,,False,,,False,,,False,,,,,256,P,Y,0000111111110000111100000000111100001111111100001111000000001111,Y,"[{""end_offset"":13,""start_offset"":0,""state"":""pure_P""},{""end_offset"":17,""start_offset"":17,""state"":""raw_codeword_specific_composite""},{""end_offset"":24,""start_offset"":24,""state"":""pure_P""},{""end_offset"":85,""start_offset"":33,""state"":""raw_codeword_specific_composite""},{""end_offset"":256,""start_offset"":117,""state"":""pure_Y""}]"
607,p_y_q,2,Y,Y,first_hidden,True,117,128,True,117,128,True,117,128,True,117,128,0,0,256,P,Y,0000111111110000111100000000111100001111111100001111000000001111,Y,"[{""end_offset"":13,""start_offset"":0,""state"":""pure_P""},{""end_offset"":17,""start_offset"":17,""state"":""raw_codeword_specific_composite""},{""end_offset"":24,""start_offset"":24,""state"":""pure_P""},{""end_offset"":85,""start_offset"":33,""state"":""raw_codeword_specific_composite""},{""end_offset"":256,""start_offset"":117,""state"":""pure_Y""}]"
607,p_y_q,2,Y,Y,final_hidden,True,85,117,True,117,128,True,117,128,True,117,128,32,32,256,P,Y,0000111111110000111100000000111100001111111100001111000000001111,Y,"[{""end_offset"":13,""start_offset"":0,""state"":""pure_P""},{""end_offset"":17,""start_offset"":17,""state"":""raw_codeword_specific_composite""},{""end_offset"":24,""start_offset"":24,""state"":""pure_P""},{""end_offset"":85,""start_offset"":33,""state"":""raw_codeword_specific_composite""},{""end_offset"":256,""start_offset"":117,""state"":""pure_Y""}]"
607,p_y_q,3,Q,P,first_hidden,True,0,1,False,,,False,,,False,,,,,256,Y,Q,1001100110011001100110011001100110011001100110011001100110011001,Q,"[{""end_offset"":24,""start_offset"":0,""state"":""pure_Y""},{""end_offset"":62,""start_offset"":33,""state"":""raw_codeword_specific_composite""},{""end_offset"":256,""start_offset"":85,""state"":""pure_Q""}]"
607,p_y_q,3,Q,P,final_hidden,True,0,1,False,,,False,,,False,,,,,256,Y,Q,1001100110011001100110011001100110011001100110011001100110011001,Q,"[{""end_offset"":24,""start_offset"":0,""state"":""pure_Y""},{""end_offset"":62,""start_offset"":33,""state"":""raw_codeword_specific_composite""},{""end_offset"":256,""start_offset"":85,""state"":""pure_Q""}]"
607,p_y_q,3,Q,Q,first_hidden,True,45,62,True,85,117,True,85,117,True,85,117,40,40,256,Y,Q,1001100110011001100110011001100110011001100110011001100110011001,Q,"[{""end_offset"":24,""start_offset"":0,""state"":""pure_Y""},{""end_offset"":62,""start_offset"":33,""state"":""raw_codeword_specific_composite""},{""end_offset"":256,""start_offset"":85,""state"":""pure_Q""}]"
607,p_y_q,3,Q,Q,final_hidden,True,85,117,True,85,117,True,85,117,True,85,117,0,0,256,Y,Q,1001100110011001100110011001100110011001100110011001100110011001,Q,"[{""end_offset"":24,""start_offset"":0,""state"":""pure_Y""},{""end_offset"":62,""start_offset"":33,""state"":""raw_codeword_specific_composite""},{""end_offset"":256,""start_offset"":85,""state"":""pure_Q""}]"
607,p_y_q,3,Q,Y,first_hidden,True,0,1,True,0,1,True,0,1,True,0,1,0,0,256,Y,Q,1001100110011001100110011001100110011001100110011001100110011001,Q,"[{""end_offset"":24,""start_offset"":0,""state"":""pure_Y""},{""end_offset"":62,""start_offset"":33,""state"":""raw_codeword_specific_composite""},{""end_offset"":256,""start_offset"":85,""state"":""pure_Q""}]"
607,p_y_q,3,Q,Y,final_hidden,True,0,1,True,0,1,True,0,1,True,0,1,0,0,256,Y,Q,1001100110011001100110011001100110011001100110011001100110011001,Q,"[{""end_offset"":24,""start_offset"":0,""state"":""pure_Y""},{""end_offset"":62,""start_offset"":33,""state"":""raw_codeword_specific_composite""},{""end_offset"":256,""start_offset"":85,""state"":""pure_Q""}]"
607,q_p_y,1,Q,P,first_hidden,True,0,1,False,,,False,,,False,,,,,256,,Q,1001100110011001100110011001100110011001100110011001100110011001,Q,"[{""end_offset"":4,""start_offset"":0,""state"":""raw_codeword_specific_composite""},{""end_offset"":256,""start_offset"":5,""state"":""pure_Q""}]"
607,q_p_y,1,Q,P,final_hidden,True,0,1,False,,,False,,,False,,,,,256,,Q,1001100110011001100110011001100110011001100110011001100110011001,Q,"[{""end_offset"":4,""start_offset"":0,""state"":""raw_codeword_specific_composite""},{""end_offset"":256,""start_offset"":5,""state"":""pure_Q""}]"
607,q_p_y,1,Q,Q,first_hidden,True,0,1,True,5,7,True,5,7,True,5,7,5,5,256,,Q,1001100110011001100110011001100110011001100110011001100110011001,Q,"[{""end_offset"":4,""start_offset"":0,""state"":""raw_codeword_specific_composite""},{""end_offset"":256,""start_offset"":5,""state"":""pure_Q""}]"
607,q_p_y,1,Q,Q,final_hidden,True,2,3,True,5,7,True,5,7,True,5,7,3,3,256,,Q,1001100110011001100110011001100110011001100110011001100110011001,Q,"[{""end_offset"":4,""start_offset"":0,""state"":""raw_codeword_specific_composite""},{""end_offset"":256,""start_offset"":5,""state"":""pure_Q""}]"
607,q_p_y,1,Q,Y,first_hidden,False,,,False,,,False,,,False,,,,,256,,Q,1001100110011001100110011001100110011001100110011001100110011001,Q,"[{""end_offset"":4,""start_offset"":0,""state"":""raw_codeword_specific_composite""},{""end_offset"":256,""start_offset"":5,""state"":""pure_Q""}]"
607,q_p_y,1,Q,Y,final_hidden,False,,,False,,,False,,,False,,,,,256,,Q,1001100110011001100110011001100110011001100110011001100110011001,Q,"[{""end_offset"":4,""start_offset"":0,""state"":""raw_codeword_specific_composite""},{""end_offset"":256,""start_offset"":5,""state"":""pure_Q""}]"
607,q_p_y,2,P,P,first_hidden,True,0,1,True,33,45,True,33,45,True,33,45,33,33,256,Q,P,0000000000000000000000000000000011111111111111111111111111111111,P,"[{""end_offset"":13,""start_offset"":0,""state"":""pure_Q""},{""end_offset"":24,""start_offset"":17,""state"":""raw_codeword_specific_composite""},{""end_offset"":256,""start_offset"":33,""state"":""pure_P""}]"
607,q_p_y,2,P,P,final_hidden,True,0,1,True,33,45,True,33,45,True,33,45,33,33,256,Q,P,0000000000000000000000000000000011111111111111111111111111111111,P,"[{""end_offset"":13,""start_offset"":0,""state"":""pure_Q""},{""end_offset"":24,""start_offset"":17,""state"":""raw_codeword_specific_composite""},{""end_offset"":256,""start_offset"":33,""state"":""pure_P""}]"
607,q_p_y,2,P,Q,first_hidden,True,0,1,True,0,1,True,0,1,True,0,1,0,0,256,Q,P,0000000000000000000000000000000011111111111111111111111111111111,P,"[{""end_offset"":13,""start_offset"":0,""state"":""pure_Q""},{""end_offset"":24,""start_offset"":17,""state"":""raw_codeword_specific_composite""},{""end_offset"":256,""start_offset"":33,""state"":""pure_P""}]"
607,q_p_y,2,P,Q,final_hidden,True,0,1,True,0,1,True,0,1,True,0,1,0,0,256,Q,P,0000000000000000000000000000000011111111111111111111111111111111,P,"[{""end_offset"":13,""start_offset"":0,""state"":""pure_Q""},{""end_offset"":24,""start_offset"":17,""state"":""raw_codeword_specific_composite""},{""end_offset"":256,""start_offset"":33,""state"":""pure_P""}]"
607,q_p_y,2,P,Y,first_hidden,False,,,False,,,False,,,False,,,,,256,Q,P,0000000000000000000000000000000011111111111111111111111111111111,P,"[{""end_offset"":13,""start_offset"":0,""state"":""pure_Q""},{""end_offset"":24,""start_offset"":17,""state"":""raw_codeword_specific_composite""},{""end_offset"":256,""start_offset"":33,""state"":""pure_P""}]"
607,q_p_y,2,P,Y,final_hidden,False,,,False,,,False,,,False,,,,,256,Q,P,0000000000000000000000000000000011111111111111111111111111111111,P,"[{""end_offset"":13,""start_offset"":0,""state"":""pure_Q""},{""end_offset"":24,""start_offset"":17,""state"":""raw_codeword_specific_composite""},{""end_offset"":256,""start_offset"":33,""state"":""pure_P""}]"
607,q_p_y,3,Y,P,first_hidden,True,0,1,True,0,1,True,0,1,True,0,1,0,0,256,P,Y,0000111111110000111100000000111100001111111100001111000000001111,Y,"[{""end_offset"":24,""start_offset"":0,""state"":""pure_P""},{""end_offset"":62,""start_offset"":33,""state"":""raw_codeword_specific_composite""},{""end_offset"":256,""start_offset"":85,""state"":""pure_Y""}]"
607,q_p_y,3,Y,P,final_hidden,True,0,1,True,0,1,True,0,1,True,0,1,0,0,256,P,Y,0000111111110000111100000000111100001111111100001111000000001111,Y,"[{""end_offset"":24,""start_offset"":0,""state"":""pure_P""},{""end_offset"":62,""start_offset"":33,""state"":""raw_codeword_specific_composite""},{""end_offset"":256,""start_offset"":85,""state"":""pure_Y""}]"
607,q_p_y,3,Y,Q,first_hidden,True,0,1,False,,,False,,,False,,,,,256,P,Y,0000111111110000111100000000111100001111111100001111000000001111,Y,"[{""end_offset"":24,""start_offset"":0,""state"":""pure_P""},{""end_offset"":62,""start_offset"":33,""state"":""raw_codeword_specific_composite""},{""end_offset"":256,""start_offset"":85,""state"":""pure_Y""}]"
607,q_p_y,3,Y,Q,final_hidden,True,0,1,False,,,False,,,False,,,,,256,P,Y,0000111111110000111100000000111100001111111100001111000000001111,Y,"[{""end_offset"":24,""start_offset"":0,""state"":""pure_P""},{""end_offset"":62,""start_offset"":33,""state"":""raw_codeword_specific_composite""},{""end_offset"":256,""start_offset"":85,""state"":""pure_Y""}]"
607,q_p_y,3,Y,Y,first_hidden,True,117,128,True,85,117,True,85,117,True,85,117,-32,-32,256,P,Y,0000111111110000111100000000111100001111111100001111000000001111,Y,"[{""end_offset"":24,""start_offset"":0,""state"":""pure_P""},{""end_offset"":62,""start_offset"":33,""state"":""raw_codeword_specific_composite""},{""end_offset"":256,""start_offset"":85,""state"":""pure_Y""}]"
607,q_p_y,3,Y,Y,final_hidden,True,117,128,True,85,117,True,85,117,True,85,117,-32,-32,256,P,Y,0000111111110000111100000000111100001111111100001111000000001111,Y,"[{""end_offset"":24,""start_offset"":0,""state"":""pure_P""},{""end_offset"":62,""start_offset"":33,""state"":""raw_codeword_specific_composite""},{""end_offset"":256,""start_offset"":85,""state"":""pure_Y""}]"
607,q_y_p,1,Q,P,first_hidden,True,0,1,False,,,False,,,False,,,,,256,,Q,1001100110011001100110011001100110011001100110011001100110011001,Q,"[{""end_offset"":4,""start_offset"":0,""state"":""raw_codeword_specific_composite""},{""end_offset"":256,""start_offset"":5,""state"":""pure_Q""}]"
607,q_y_p,1,Q,P,final_hidden,True,0,1,False,,,False,,,False,,,,,256,,Q,1001100110011001100110011001100110011001100110011001100110011001,Q,"[{""end_offset"":4,""start_offset"":0,""state"":""raw_codeword_specific_composite""},{""end_offset"":256,""start_offset"":5,""state"":""pure_Q""}]"
607,q_y_p,1,Q,Q,first_hidden,True,0,1,True,5,7,True,5,7,True,5,7,5,5,256,,Q,1001100110011001100110011001100110011001100110011001100110011001,Q,"[{""end_offset"":4,""start_offset"":0,""state"":""raw_codeword_specific_composite""},{""end_offset"":256,""start_offset"":5,""state"":""pure_Q""}]"
607,q_y_p,1,Q,Q,final_hidden,True,2,3,True,5,7,True,5,7,True,5,7,3,3,256,,Q,1001100110011001100110011001100110011001100110011001100110011001,Q,"[{""end_offset"":4,""start_offset"":0,""state"":""raw_codeword_specific_composite""},{""end_offset"":256,""start_offset"":5,""state"":""pure_Q""}]"
607,q_y_p,1,Q,Y,first_hidden,False,,,False,,,False,,,False,,,,,256,,Q,1001100110011001100110011001100110011001100110011001100110011001,Q,"[{""end_offset"":4,""start_offset"":0,""state"":""raw_codeword_specific_composite""},{""end_offset"":256,""start_offset"":5,""state"":""pure_Q""}]"
607,q_y_p,1,Q,Y,final_hidden,False,,,False,,,False,,,False,,,,,256,,Q,1001100110011001100110011001100110011001100110011001100110011001,Q,"[{""end_offset"":4,""start_offset"":0,""state"":""raw_codeword_specific_composite""},{""end_offset"":256,""start_offset"":5,""state"":""pure_Q""}]"
607,q_y_p,2,Y,P,first_hidden,True,0,1,False,,,False,,,False,,,,,256,Q,Y,0000111111110000111100000000111100001111111100001111000000001111,Y,"[{""end_offset"":9,""start_offset"":0,""state"":""pure_Q""},{""end_offset"":24,""start_offset"":13,""state"":""raw_codeword_specific_composite""},{""end_offset"":33,""start_offset"":33,""state"":""pure_Q""},{""end_offset"":85,""start_offset"":45,""state"":""raw_codeword_specific_composite""},{""end_offset"":256,""start_offset"":117,""state"":""pure_Y""}]"
607,q_y_p,2,Y,P,final_hidden,True,0,1,False,,,False,,,False,,,,,256,Q,Y,0000111111110000111100000000111100001111111100001111000000001111,Y,"[{""end_offset"":9,""start_offset"":0,""state"":""pure_Q""},{""end_offset"":24,""start_offset"":13,""state"":""raw_codeword_specific_composite""},{""end_offset"":33,""start_offset"":33,""state"":""pure_Q""},{""end_offset"":85,""start_offset"":45,""state"":""raw_codeword_specific_composite""},{""end_offset"":256,""start_offset"":117,""state"":""pure_Y""}]"
607,q_y_p,2,Y,Q,first_hidden,True,0,1,True,0,1,True,0,1,True,0,1,0,0,256,Q,Y,0000111111110000111100000000111100001111111100001111000000001111,Y,"[{""end_offset"":9,""start_offset"":0,""state"":""pure_Q""},{""end_offset"":24,""start_offset"":13,""state"":""raw_codeword_specific_composite""},{""end_offset"":33,""start_offset"":33,""state"":""pure_Q""},{""end_offset"":85,""start_offset"":45,""state"":""raw_codeword_specific_composite""},{""end_offset"":256,""start_offset"":117,""state"":""pure_Y""}]"
607,q_y_p,2,Y,Q,final_hidden,True,0,1,True,0,1,True,0,1,True,0,1,0,0,256,Q,Y,0000111111110000111100000000111100001111111100001111000000001111,Y,"[{""end_offset"":9,""start_offset"":0,""state"":""pure_Q""},{""end_offset"":24,""start_offset"":13,""state"":""raw_codeword_specific_composite""},{""end_offset"":33,""start_offset"":33,""state"":""pure_Q""},{""end_offset"":85,""start_offset"":45,""state"":""raw_codeword_specific_composite""},{""end_offset"":256,""start_offset"":117,""state"":""pure_Y""}]"
607,q_y_p,2,Y,Y,first_hidden,True,117,128,True,117,128,True,117,128,True,117,128,0,0,256,Q,Y,0000111111110000111100000000111100001111111100001111000000001111,Y,"[{""end_offset"":9,""start_offset"":0,""state"":""pure_Q""},{""end_offset"":24,""start_offset"":13,""state"":""raw_codeword_specific_composite""},{""end_offset"":33,""start_offset"":33,""state"":""pure_Q""},{""end_offset"":85,""start_offset"":45,""state"":""raw_codeword_specific_composite""},{""end_offset"":256,""start_offset"":117,""state"":""pure_Y""}]"
607,q_y_p,2,Y,Y,final_hidden,True,117,128,True,117,128,True,117,128,True,117,128,0,0,256,Q,Y,0000111111110000111100000000111100001111111100001111000000001111,Y,"[{""end_offset"":9,""start_offset"":0,""state"":""pure_Q""},{""end_offset"":24,""start_offset"":13,""state"":""raw_codeword_specific_composite""},{""end_offset"":33,""start_offset"":33,""state"":""pure_Q""},{""end_offset"":85,""start_offset"":45,""state"":""raw_codeword_specific_composite""},{""end_offset"":256,""start_offset"":117,""state"":""pure_Y""}]"
607,q_y_p,3,P,P,first_hidden,True,0,1,True,24,33,True,24,33,True,24,33,24,24,256,Y,P,0000000000000000000000000000000011111111111111111111111111111111,P,"[{""end_offset"":13,""start_offset"":0,""state"":""pure_Y""},{""end_offset"":17,""start_offset"":17,""state"":""raw_codeword_specific_composite""},{""end_offset"":256,""start_offset"":24,""state"":""pure_P""}]"
607,q_y_p,3,P,P,final_hidden,True,17,24,True,24,33,True,24,33,True,24,33,7,7,256,Y,P,0000000000000000000000000000000011111111111111111111111111111111,P,"[{""end_offset"":13,""start_offset"":0,""state"":""pure_Y""},{""end_offset"":17,""start_offset"":17,""state"":""raw_codeword_specific_composite""},{""end_offset"":256,""start_offset"":24,""state"":""pure_P""}]"
607,q_y_p,3,P,Q,first_hidden,False,,,False,,,False,,,False,,,,,256,Y,P,0000000000000000000000000000000011111111111111111111111111111111,P,"[{""end_offset"":13,""start_offset"":0,""state"":""pure_Y""},{""end_offset"":17,""start_offset"":17,""state"":""raw_codeword_specific_composite""},{""end_offset"":256,""start_offset"":24,""state"":""pure_P""}]"
607,q_y_p,3,P,Q,final_hidden,False,,,False,,,False,,,False,,,,,256,Y,P,0000000000000000000000000000000011111111111111111111111111111111,P,"[{""end_offset"":13,""start_offset"":0,""state"":""pure_Y""},{""end_offset"":17,""start_offset"":17,""state"":""raw_codeword_specific_composite""},{""end_offset"":256,""start_offset"":24,""state"":""pure_P""}]"
607,q_y_p,3,P,Y,first_hidden,True,0,1,True,0,1,True,0,1,True,0,1,0,0,256,Y,P,0000000000000000000000000000000011111111111111111111111111111111,P,"[{""end_offset"":13,""start_offset"":0,""state"":""pure_Y""},{""end_offset"":17,""start_offset"":17,""state"":""raw_codeword_specific_composite""},{""end_offset"":256,""start_offset"":24,""state"":""pure_P""}]"
607,q_y_p,3,P,Y,final_hidden,True,0,1,True,0,1,True,0,1,True,0,1,0,0,256,Y,P,0000000000000000000000000000000011111111111111111111111111111111,P,"[{""end_offset"":13,""start_offset"":0,""state"":""pure_Y""},{""end_offset"":17,""start_offset"":17,""state"":""raw_codeword_specific_composite""},{""end_offset"":256,""start_offset"":24,""state"":""pure_P""}]"
607,y_p_q,1,Y,P,first_hidden,True,0,1,False,,,False,,,False,,,,,256,,Y,0000111111110000111100000000111100001111111100001111000000001111,Y,"[{""end_offset"":7,""start_offset"":0,""state"":""raw_codeword_specific_composite""},{""end_offset"":256,""start_offset"":9,""state"":""pure_Y""}]"
607,y_p_q,1,Y,P,final_hidden,True,2,3,False,,,False,,,False,,,,,256,,Y,0000111111110000111100000000111100001111111100001111000000001111,Y,"[{""end_offset"":7,""start_offset"":0,""state"":""raw_codeword_specific_composite""},{""end_offset"":256,""start_offset"":9,""state"":""pure_Y""}]"
607,y_p_q,1,Y,Q,first_hidden,True,0,1,False,,,False,,,False,,,,,256,,Y,0000111111110000111100000000111100001111111100001111000000001111,Y,"[{""end_offset"":7,""start_offset"":0,""state"":""raw_codeword_specific_composite""},{""end_offset"":256,""start_offset"":9,""state"":""pure_Y""}]"
607,y_p_q,1,Y,Q,final_hidden,False,,,False,,,False,,,False,,,,,256,,Y,0000111111110000111100000000111100001111111100001111000000001111,Y,"[{""end_offset"":7,""start_offset"":0,""state"":""raw_codeword_specific_composite""},{""end_offset"":256,""start_offset"":9,""state"":""pure_Y""}]"
607,y_p_q,1,Y,Y,first_hidden,True,33,45,True,9,13,True,9,13,True,9,13,-24,-24,256,,Y,0000111111110000111100000000111100001111111100001111000000001111,Y,"[{""end_offset"":7,""start_offset"":0,""state"":""raw_codeword_specific_composite""},{""end_offset"":256,""start_offset"":9,""state"":""pure_Y""}]"
607,y_p_q,1,Y,Y,final_hidden,True,17,24,True,9,13,True,9,13,True,9,13,-8,-8,256,,Y,0000111111110000111100000000111100001111111100001111000000001111,Y,"[{""end_offset"":7,""start_offset"":0,""state"":""raw_codeword_specific_composite""},{""end_offset"":256,""start_offset"":9,""state"":""pure_Y""}]"
607,y_p_q,2,P,P,first_hidden,True,0,1,True,24,33,True,24,33,True,24,33,24,24,256,Y,P,0000000000000000000000000000000011111111111111111111111111111111,P,"[{""end_offset"":13,""start_offset"":0,""state"":""pure_Y""},{""end_offset"":17,""start_offset"":17,""state"":""raw_codeword_specific_composite""},{""end_offset"":256,""start_offset"":24,""state"":""pure_P""}]"
607,y_p_q,2,P,P,final_hidden,True,7,9,True,24,33,True,24,33,True,24,33,17,17,256,Y,P,0000000000000000000000000000000011111111111111111111111111111111,P,"[{""end_offset"":13,""start_offset"":0,""state"":""pure_Y""},{""end_offset"":17,""start_offset"":17,""state"":""raw_codeword_specific_composite""},{""end_offset"":256,""start_offset"":24,""state"":""pure_P""}]"
607,y_p_q,2,P,Q,first_hidden,False,,,False,,,False,,,False,,,,,256,Y,P,0000000000000000000000000000000011111111111111111111111111111111,P,"[{""end_offset"":13,""start_offset"":0,""state"":""pure_Y""},{""end_offset"":17,""start_offset"":17,""state"":""raw_codeword_specific_composite""},{""end_offset"":256,""start_offset"":24,""state"":""pure_P""}]"
607,y_p_q,2,P,Q,final_hidden,False,,,False,,,False,,,False,,,,,256,Y,P,0000000000000000000000000000000011111111111111111111111111111111,P,"[{""end_offset"":13,""start_offset"":0,""state"":""pure_Y""},{""end_offset"":17,""start_offset"":17,""state"":""raw_codeword_specific_composite""},{""end_offset"":256,""start_offset"":24,""state"":""pure_P""}]"
607,y_p_q,2,P,Y,first_hidden,True,0,1,True,0,1,True,0,1,True,0,1,0,0,256,Y,P,0000000000000000000000000000000011111111111111111111111111111111,P,"[{""end_offset"":13,""start_offset"":0,""state"":""pure_Y""},{""end_offset"":17,""start_offset"":17,""state"":""raw_codeword_specific_composite""},{""end_offset"":256,""start_offset"":24,""state"":""pure_P""}]"
607,y_p_q,2,P,Y,final_hidden,True,0,1,True,0,1,True,0,1,True,0,1,0,0,256,Y,P,0000000000000000000000000000000011111111111111111111111111111111,P,"[{""end_offset"":13,""start_offset"":0,""state"":""pure_Y""},{""end_offset"":17,""start_offset"":17,""state"":""raw_codeword_specific_composite""},{""end_offset"":256,""start_offset"":24,""state"":""pure_P""}]"
607,y_p_q,3,Q,P,first_hidden,True,0,1,True,0,1,True,0,1,True,0,1,0,0,256,P,Q,1001100110011001100110011001100110011001100110011001100110011001,Q,"[{""end_offset"":24,""start_offset"":0,""state"":""pure_P""},{""end_offset"":33,""start_offset"":33,""state"":""raw_codeword_specific_composite""},{""end_offset"":256,""start_offset"":45,""state"":""pure_Q""}]"
607,y_p_q,3,Q,P,final_hidden,True,0,1,True,0,1,True,0,1,True,0,1,0,0,256,P,Q,1001100110011001100110011001100110011001100110011001100110011001,Q,"[{""end_offset"":24,""start_offset"":0,""state"":""pure_P""},{""end_offset"":33,""start_offset"":33,""state"":""raw_codeword_specific_composite""},{""end_offset"":256,""start_offset"":45,""state"":""pure_Q""}]"
607,y_p_q,3,Q,Q,first_hidden,True,45,62,True,45,62,True,45,62,True,45,62,0,0,256,P,Q,1001100110011001100110011001100110011001100110011001100110011001,Q,"[{""end_offset"":24,""start_offset"":0,""state"":""pure_P""},{""end_offset"":33,""start_offset"":33,""state"":""raw_codeword_specific_composite""},{""end_offset"":256,""start_offset"":45,""state"":""pure_Q""}]"
607,y_p_q,3,Q,Q,final_hidden,True,62,85,True,45,62,True,45,62,True,45,62,-17,-17,256,P,Q,1001100110011001100110011001100110011001100110011001100110011001,Q,"[{""end_offset"":24,""start_offset"":0,""state"":""pure_P""},{""end_offset"":33,""start_offset"":33,""state"":""raw_codeword_specific_composite""},{""end_offset"":256,""start_offset"":45,""state"":""pure_Q""}]"
607,y_p_q,3,Q,Y,first_hidden,False,,,False,,,False,,,False,,,,,256,P,Q,1001100110011001100110011001100110011001100110011001100110011001,Q,"[{""end_offset"":24,""start_offset"":0,""state"":""pure_P""},{""end_offset"":33,""start_offset"":33,""state"":""raw_codeword_specific_composite""},{""end_offset"":256,""start_offset"":45,""state"":""pure_Q""}]"
607,y_p_q,3,Q,Y,final_hidden,True,0,1,False,,,False,,,False,,,,,256,P,Q,1001100110011001100110011001100110011001100110011001100110011001,Q,"[{""end_offset"":24,""start_offset"":0,""state"":""pure_P""},{""end_offset"":33,""start_offset"":33,""state"":""raw_codeword_specific_composite""},{""end_offset"":256,""start_offset"":45,""state"":""pure_Q""}]"
607,y_q_p,1,Y,P,first_hidden,True,0,1,False,,,False,,,False,,,,,256,,Y,0000111111110000111100000000111100001111111100001111000000001111,Y,"[{""end_offset"":7,""start_offset"":0,""state"":""raw_codeword_specific_composite""},{""end_offset"":256,""start_offset"":9,""state"":""pure_Y""}]"
607,y_q_p,1,Y,P,final_hidden,True,2,3,False,,,False,,,False,,,,,256,,Y,0000111111110000111100000000111100001111111100001111000000001111,Y,"[{""end_offset"":7,""start_offset"":0,""state"":""raw_codeword_specific_composite""},{""end_offset"":256,""start_offset"":9,""state"":""pure_Y""}]"
607,y_q_p,1,Y,Q,first_hidden,True,0,1,False,,,False,,,False,,,,,256,,Y,0000111111110000111100000000111100001111111100001111000000001111,Y,"[{""end_offset"":7,""start_offset"":0,""state"":""raw_codeword_specific_composite""},{""end_offset"":256,""start_offset"":9,""state"":""pure_Y""}]"
607,y_q_p,1,Y,Q,final_hidden,False,,,False,,,False,,,False,,,,,256,,Y,0000111111110000111100000000111100001111111100001111000000001111,Y,"[{""end_offset"":7,""start_offset"":0,""state"":""raw_codeword_specific_composite""},{""end_offset"":256,""start_offset"":9,""state"":""pure_Y""}]"
607,y_q_p,1,Y,Y,first_hidden,True,33,45,True,9,13,True,9,13,True,9,13,-24,-24,256,,Y,0000111111110000111100000000111100001111111100001111000000001111,Y,"[{""end_offset"":7,""start_offset"":0,""state"":""raw_codeword_specific_composite""},{""end_offset"":256,""start_offset"":9,""state"":""pure_Y""}]"
607,y_q_p,1,Y,Y,final_hidden,True,17,24,True,9,13,True,9,13,True,9,13,-8,-8,256,,Y,0000111111110000111100000000111100001111111100001111000000001111,Y,"[{""end_offset"":7,""start_offset"":0,""state"":""raw_codeword_specific_composite""},{""end_offset"":256,""start_offset"":9,""state"":""pure_Y""}]"
607,y_q_p,2,Q,P,first_hidden,True,0,1,False,,,False,,,False,,,,,256,Y,Q,1001100110011001100110011001100110011001100110011001100110011001,Q,"[{""end_offset"":9,""start_offset"":0,""state"":""pure_Y""},{""end_offset"":33,""start_offset"":13,""state"":""raw_codeword_specific_composite""},{""end_offset"":256,""start_offset"":45,""state"":""pure_Q""}]"
607,y_q_p,2,Q,P,final_hidden,True,3,4,False,,,False,,,False,,,,,256,Y,Q,1001100110011001100110011001100110011001100110011001100110011001,Q,"[{""end_offset"":9,""start_offset"":0,""state"":""pure_Y""},{""end_offset"":33,""start_offset"":13,""state"":""raw_codeword_specific_composite""},{""end_offset"":256,""start_offset"":45,""state"":""pure_Q""}]"
607,y_q_p,2,Q,Q,first_hidden,True,62,85,True,45,62,True,45,62,True,45,62,-17,-17,256,Y,Q,1001100110011001100110011001100110011001100110011001100110011001,Q,"[{""end_offset"":9,""start_offset"":0,""state"":""pure_Y""},{""end_offset"":33,""start_offset"":13,""state"":""raw_codeword_specific_composite""},{""end_offset"":256,""start_offset"":45,""state"":""pure_Q""}]"
607,y_q_p,2,Q,Q,final_hidden,True,85,117,True,45,62,True,45,62,True,45,62,-40,-40,256,Y,Q,1001100110011001100110011001100110011001100110011001100110011001,Q,"[{""end_offset"":9,""start_offset"":0,""state"":""pure_Y""},{""end_offset"":33,""start_offset"":13,""state"":""raw_codeword_specific_composite""},{""end_offset"":256,""start_offset"":45,""state"":""pure_Q""}]"
607,y_q_p,2,Q,Y,first_hidden,True,0,1,True,0,1,True,0,1,True,0,1,0,0,256,Y,Q,1001100110011001100110011001100110011001100110011001100110011001,Q,"[{""end_offset"":9,""start_offset"":0,""state"":""pure_Y""},{""end_offset"":33,""start_offset"":13,""state"":""raw_codeword_specific_composite""},{""end_offset"":256,""start_offset"":45,""state"":""pure_Q""}]"
607,y_q_p,2,Q,Y,final_hidden,True,0,1,True,0,1,True,0,1,True,0,1,0,0,256,Y,Q,1001100110011001100110011001100110011001100110011001100110011001,Q,"[{""end_offset"":9,""start_offset"":0,""state"":""pure_Y""},{""end_offset"":33,""start_offset"":13,""state"":""raw_codeword_specific_composite""},{""end_offset"":256,""start_offset"":45,""state"":""pure_Q""}]"
607,y_q_p,3,P,P,first_hidden,True,0,1,True,33,45,True,33,45,True,33,45,33,33,256,Q,P,0000000000000000000000000000000011111111111111111111111111111111,P,"[{""end_offset"":13,""start_offset"":0,""state"":""pure_Q""},{""end_offset"":24,""start_offset"":17,""state"":""raw_codeword_specific_composite""},{""end_offset"":256,""start_offset"":33,""state"":""pure_P""}]"
607,y_q_p,3,P,P,final_hidden,True,24,33,True,33,45,True,33,45,True,33,45,9,9,256,Q,P,0000000000000000000000000000000011111111111111111111111111111111,P,"[{""end_offset"":13,""start_offset"":0,""state"":""pure_Q""},{""end_offset"":24,""start_offset"":17,""state"":""raw_codeword_specific_composite""},{""end_offset"":256,""start_offset"":33,""state"":""pure_P""}]"
607,y_q_p,3,P,Q,first_hidden,True,0,1,True,0,1,True,0,1,True,0,1,0,0,256,Q,P,0000000000000000000000000000000011111111111111111111111111111111,P,"[{""end_offset"":13,""start_offset"":0,""state"":""pure_Q""},{""end_offset"":24,""start_offset"":17,""state"":""raw_codeword_specific_composite""},{""end_offset"":256,""start_offset"":33,""state"":""pure_P""}]"
607,y_q_p,3,P,Q,final_hidden,True,0,1,True,0,1,True,0,1,True,0,1,0,0,256,Q,P,0000000000000000000000000000000011111111111111111111111111111111,P,"[{""end_offset"":13,""start_offset"":0,""state"":""pure_Q""},{""end_offset"":24,""start_offset"":17,""state"":""raw_codeword_specific_composite""},{""end_offset"":256,""start_offset"":33,""state"":""pure_P""}]"
607,y_q_p,3,P,Y,first_hidden,False,,,False,,,False,,,False,,,,,256,Q,P,0000000000000000000000000000000011111111111111111111111111111111,P,"[{""end_offset"":13,""start_offset"":0,""state"":""pure_Q""},{""end_offset"":24,""start_offset"":17,""state"":""raw_codeword_specific_composite""},{""end_offset"":256,""start_offset"":33,""state"":""pure_P""}]"
607,y_q_p,3,P,Y,final_hidden,False,,,False,,,False,,,False,,,,,256,Q,P,0000000000000000000000000000000011111111111111111111111111111111,P,"[{""end_offset"":13,""start_offset"":0,""state"":""pure_Q""},{""end_offset"":24,""start_offset"":17,""state"":""raw_codeword_specific_composite""},{""end_offset"":256,""start_offset"":33,""state"":""pure_P""}]"
613,p_q_y,1,P,P,first_hidden,True,0,1,True,4,5,True,4,5,True,4,5,4,4,256,,P,0000000000000000000000000000000011111111111111111111111111111111,P,"[{""end_offset"":3,""start_offset"":0,""state"":""raw_codeword_specific_composite""},{""end_offset"":256,""start_offset"":4,""state"":""pure_P""}]"
613,p_q_y,1,P,P,final_hidden,True,5,7,True,4,5,True,4,5,True,4,5,-1,-1,256,,P,0000000000000000000000000000000011111111111111111111111111111111,P,"[{""end_offset"":3,""start_offset"":0,""state"":""raw_codeword_specific_composite""},{""end_offset"":256,""start_offset"":4,""state"":""pure_P""}]"
613,p_q_y,1,P,Q,first_hidden,True,5,7,False,,,False,,,False,,,,,256,,P,0000000000000000000000000000000011111111111111111111111111111111,P,"[{""end_offset"":3,""start_offset"":0,""state"":""raw_codeword_specific_composite""},{""end_offset"":256,""start_offset"":4,""state"":""pure_P""}]"
613,p_q_y,1,P,Q,final_hidden,False,,,False,,,False,,,False,,,,,256,,P,0000000000000000000000000000000011111111111111111111111111111111,P,"[{""end_offset"":3,""start_offset"":0,""state"":""raw_codeword_specific_composite""},{""end_offset"":256,""start_offset"":4,""state"":""pure_P""}]"
613,p_q_y,1,P,Y,first_hidden,False,,,False,,,False,,,False,,,,,256,,P,0000000000000000000000000000000011111111111111111111111111111111,P,"[{""end_offset"":3,""start_offset"":0,""state"":""raw_codeword_specific_composite""},{""end_offset"":256,""start_offset"":4,""state"":""pure_P""}]"
613,p_q_y,1,P,Y,final_hidden,False,,,False,,,False,,,False,,,,,256,,P,0000000000000000000000000000000011111111111111111111111111111111,P,"[{""end_offset"":3,""start_offset"":0,""state"":""raw_codeword_specific_composite""},{""end_offset"":256,""start_offset"":4,""state"":""pure_P""}]"
613,p_q_y,2,Q,P,first_hidden,True,0,1,True,0,1,True,0,1,True,0,1,0,0,256,P,Q,1001100110011001100110011001100110011001100110011001100110011001,Q,"[{""end_offset"":24,""start_offset"":0,""state"":""pure_P""},{""end_offset"":33,""start_offset"":33,""state"":""raw_codeword_specific_composite""},{""end_offset"":256,""start_offset"":45,""state"":""pure_Q""}]"
613,p_q_y,2,Q,P,final_hidden,True,0,1,True,0,1,True,0,1,True,0,1,0,0,256,P,Q,1001100110011001100110011001100110011001100110011001100110011001,Q,"[{""end_offset"":24,""start_offset"":0,""state"":""pure_P""},{""end_offset"":33,""start_offset"":33,""state"":""raw_codeword_specific_composite""},{""end_offset"":256,""start_offset"":45,""state"":""pure_Q""}]"
613,p_q_y,2,Q,Q,first_hidden,True,4,5,True,45,62,True,45,62,True,45,62,41,41,256,P,Q,1001100110011001100110011001100110011001100110011001100110011001,Q,"[{""end_offset"":24,""start_offset"":0,""state"":""pure_P""},{""end_offset"":33,""start_offset"":33,""state"":""raw_codeword_specific_composite""},{""end_offset"":256,""start_offset"":45,""state"":""pure_Q""}]"
613,p_q_y,2,Q,Q,final_hidden,True,33,45,True,45,62,True,45,62,True,45,62,12,12,256,P,Q,1001100110011001100110011001100110011001100110011001100110011001,Q,"[{""end_offset"":24,""start_offset"":0,""state"":""pure_P""},{""end_offset"":33,""start_offset"":33,""state"":""raw_codeword_specific_composite""},{""end_offset"":256,""start_offset"":45,""state"":""pure_Q""}]"
613,p_q_y,2,Q,Y,first_hidden,False,,,False,,,False,,,False,,,,,256,P,Q,1001100110011001100110011001100110011001100110011001100110011001,Q,"[{""end_offset"":24,""start_offset"":0,""state"":""pure_P""},{""end_offset"":33,""start_offset"":33,""state"":""raw_codeword_specific_composite""},{""end_offset"":256,""start_offset"":45,""state"":""pure_Q""}]"
613,p_q_y,2,Q,Y,final_hidden,False,,,False,,,False,,,False,,,,,256,P,Q,1001100110011001100110011001100110011001100110011001100110011001,Q,"[{""end_offset"":24,""start_offset"":0,""state"":""pure_P""},{""end_offset"":33,""start_offset"":33,""state"":""raw_codeword_specific_composite""},{""end_offset"":256,""start_offset"":45,""state"":""pure_Q""}]"
613,p_q_y,3,Y,P,first_hidden,True,0,1,False,,,False,,,False,,,,,256,Q,Y,0000111111110000111100000000111100001111111100001111000000001111,Y,"[{""end_offset"":9,""start_offset"":0,""state"":""pure_Q""},{""end_offset"":17,""start_offset"":13,""state"":""raw_codeword_specific_composite""},{""end_offset"":24,""start_offset"":24,""state"":""pure_Q""},{""end_offset"":85,""start_offset"":33,""state"":""raw_codeword_specific_composite""},{""end_offset"":256,""start_offset"":117,""state"":""pure_Y""}]"
613,p_q_y,3,Y,P,final_hidden,True,0,1,False,,,False,,,False,,,,,256,Q,Y,0000111111110000111100000000111100001111111100001111000000001111,Y,"[{""end_offset"":9,""start_offset"":0,""state"":""pure_Q""},{""end_offset"":17,""start_offset"":13,""state"":""raw_codeword_specific_composite""},{""end_offset"":24,""start_offset"":24,""state"":""pure_Q""},{""end_offset"":85,""start_offset"":33,""state"":""raw_codeword_specific_composite""},{""end_offset"":256,""start_offset"":117,""state"":""pure_Y""}]"
613,p_q_y,3,Y,Q,first_hidden,True,0,1,True,0,1,True,0,1,True,0,1,0,0,256,Q,Y,0000111111110000111100000000111100001111111100001111000000001111,Y,"[{""end_offset"":9,""start_offset"":0,""state"":""pure_Q""},{""end_offset"":17,""start_offset"":13,""state"":""raw_codeword_specific_composite""},{""end_offset"":24,""start_offset"":24,""state"":""pure_Q""},{""end_offset"":85,""start_offset"":33,""state"":""raw_codeword_specific_composite""},{""end_offset"":256,""start_offset"":117,""state"":""pure_Y""}]"
613,p_q_y,3,Y,Q,final_hidden,True,0,1,True,0,1,True,0,1,True,0,1,0,0,256,Q,Y,0000111111110000111100000000111100001111111100001111000000001111,Y,"[{""end_offset"":9,""start_offset"":0,""state"":""pure_Q""},{""end_offset"":17,""start_offset"":13,""state"":""raw_codeword_specific_composite""},{""end_offset"":24,""start_offset"":24,""state"":""pure_Q""},{""end_offset"":85,""start_offset"":33,""state"":""raw_codeword_specific_composite""},{""end_offset"":256,""start_offset"":117,""state"":""pure_Y""}]"
613,p_q_y,3,Y,Y,first_hidden,True,85,117,True,117,128,True,117,128,True,117,128,32,32,256,Q,Y,0000111111110000111100000000111100001111111100001111000000001111,Y,"[{""end_offset"":9,""start_offset"":0,""state"":""pure_Q""},{""end_offset"":17,""start_offset"":13,""state"":""raw_codeword_specific_composite""},{""end_offset"":24,""start_offset"":24,""state"":""pure_Q""},{""end_offset"":85,""start_offset"":33,""state"":""raw_codeword_specific_composite""},{""end_offset"":256,""start_offset"":117,""state"":""pure_Y""}]"
613,p_q_y,3,Y,Y,final_hidden,True,117,128,True,117,128,True,117,128,True,117,128,0,0,256,Q,Y,0000111111110000111100000000111100001111111100001111000000001111,Y,"[{""end_offset"":9,""start_offset"":0,""state"":""pure_Q""},{""end_offset"":17,""start_offset"":13,""state"":""raw_codeword_specific_composite""},{""end_offset"":24,""start_offset"":24,""state"":""pure_Q""},{""end_offset"":85,""start_offset"":33,""state"":""raw_codeword_specific_composite""},{""end_offset"":256,""start_offset"":117,""state"":""pure_Y""}]"
613,p_y_q,1,P,P,first_hidden,True,0,1,True,4,5,True,4,5,True,4,5,4,4,256,,P,0000000000000000000000000000000011111111111111111111111111111111,P,"[{""end_offset"":3,""start_offset"":0,""state"":""raw_codeword_specific_composite""},{""end_offset"":256,""start_offset"":4,""state"":""pure_P""}]"
613,p_y_q,1,P,P,final_hidden,True,5,7,True,4,5,True,4,5,True,4,5,-1,-1,256,,P,0000000000000000000000000000000011111111111111111111111111111111,P,"[{""end_offset"":3,""start_offset"":0,""state"":""raw_codeword_specific_composite""},{""end_offset"":256,""start_offset"":4,""state"":""pure_P""}]"
613,p_y_q,1,P,Q,first_hidden,True,5,7,False,,,False,,,False,,,,,256,,P,0000000000000000000000000000000011111111111111111111111111111111,P,"[{""end_offset"":3,""start_offset"":0,""state"":""raw_codeword_specific_composite""},{""end_offset"":256,""start_offset"":4,""state"":""pure_P""}]"
613,p_y_q,1,P,Q,final_hidden,False,,,False,,,False,,,False,,,,,256,,P,0000000000000000000000000000000011111111111111111111111111111111,P,"[{""end_offset"":3,""start_offset"":0,""state"":""raw_codeword_specific_composite""},{""end_offset"":256,""start_offset"":4,""state"":""pure_P""}]"
613,p_y_q,1,P,Y,first_hidden,False,,,False,,,False,,,False,,,,,256,,P,0000000000000000000000000000000011111111111111111111111111111111,P,"[{""end_offset"":3,""start_offset"":0,""state"":""raw_codeword_specific_composite""},{""end_offset"":256,""start_offset"":4,""state"":""pure_P""}]"
613,p_y_q,1,P,Y,final_hidden,False,,,False,,,False,,,False,,,,,256,,P,0000000000000000000000000000000011111111111111111111111111111111,P,"[{""end_offset"":3,""start_offset"":0,""state"":""raw_codeword_specific_composite""},{""end_offset"":256,""start_offset"":4,""state"":""pure_P""}]"
613,p_y_q,2,Y,P,first_hidden,True,0,1,True,0,1,True,0,1,True,0,1,0,0,256,P,Y,0000111111110000111100000000111100001111111100001111000000001111,Y,"[{""end_offset"":24,""start_offset"":0,""state"":""pure_P""},{""end_offset"":45,""start_offset"":33,""state"":""raw_codeword_specific_composite""},{""end_offset"":256,""start_offset"":62,""state"":""pure_Y""}]"
613,p_y_q,2,Y,P,final_hidden,True,0,1,True,0,1,True,0,1,True,0,1,0,0,256,P,Y,0000111111110000111100000000111100001111111100001111000000001111,Y,"[{""end_offset"":24,""start_offset"":0,""state"":""pure_P""},{""end_offset"":45,""start_offset"":33,""state"":""raw_codeword_specific_composite""},{""end_offset"":256,""start_offset"":62,""state"":""pure_Y""}]"
613,p_y_q,2,Y,Q,first_hidden,True,9,13,False,,,False,,,False,,,,,256,P,Y,0000111111110000111100000000111100001111111100001111000000001111,Y,"[{""end_offset"":24,""start_offset"":0,""state"":""pure_P""},{""end_offset"":45,""start_offset"":33,""state"":""raw_codeword_specific_composite""},{""end_offset"":256,""start_offset"":62,""state"":""pure_Y""}]"
613,p_y_q,2,Y,Q,final_hidden,False,,,False,,,False,,,False,,,,,256,P,Y,0000111111110000111100000000111100001111111100001111000000001111,Y,"[{""end_offset"":24,""start_offset"":0,""state"":""pure_P""},{""end_offset"":45,""start_offset"":33,""state"":""raw_codeword_specific_composite""},{""end_offset"":256,""start_offset"":62,""state"":""pure_Y""}]"
613,p_y_q,2,Y,Y,first_hidden,True,62,85,True,62,85,True,62,85,True,62,85,0,0,256,P,Y,0000111111110000111100000000111100001111111100001111000000001111,Y,"[{""end_offset"":24,""start_offset"":0,""state"":""pure_P""},{""end_offset"":45,""start_offset"":33,""state"":""raw_codeword_specific_composite""},{""end_offset"":256,""start_offset"":62,""state"":""pure_Y""}]"
613,p_y_q,2,Y,Y,final_hidden,True,62,85,True,62,85,True,62,85,True,62,85,0,0,256,P,Y,0000111111110000111100000000111100001111111100001111000000001111,Y,"[{""end_offset"":24,""start_offset"":0,""state"":""pure_P""},{""end_offset"":45,""start_offset"":33,""state"":""raw_codeword_specific_composite""},{""end_offset"":256,""start_offset"":62,""state"":""pure_Y""}]"
613,p_y_q,3,Q,P,first_hidden,True,0,1,False,,,False,,,False,,,,,256,Y,Q,1001100110011001100110011001100110011001100110011001100110011001,Q,"[{""end_offset"":17,""start_offset"":0,""state"":""pure_Y""},{""end_offset"":24,""start_offset"":24,""state"":""raw_codeword_specific_composite""},{""end_offset"":33,""start_offset"":33,""state"":""other_candidate_tuple_consistent""},{""end_offset"":256,""start_offset"":45,""state"":""pure_Q""}]"
613,p_y_q,3,Q,P,final_hidden,True,0,1,False,,,False,,,False,,,,,256,Y,Q,1001100110011001100110011001100110011001100110011001100110011001,Q,"[{""end_offset"":17,""start_offset"":0,""state"":""pure_Y""},{""end_offset"":24,""start_offset"":24,""state"":""raw_codeword_specific_composite""},{""end_offset"":33,""start_offset"":33,""state"":""other_candidate_tuple_consistent""},{""end_offset"":256,""start_offset"":45,""state"":""pure_Q""}]"
613,p_y_q,3,Q,Q,first_hidden,True,2,3,True,45,62,True,45,62,True,45,62,43,43,256,Y,Q,1001100110011001100110011001100110011001100110011001100110011001,Q,"[{""end_offset"":17,""start_offset"":0,""state"":""pure_Y""},{""end_offset"":24,""start_offset"":24,""state"":""raw_codeword_specific_composite""},{""end_offset"":33,""start_offset"":33,""state"":""other_candidate_tuple_consistent""},{""end_offset"":256,""start_offset"":45,""state"":""pure_Q""}]"
613,p_y_q,3,Q,Q,final_hidden,True,45,62,True,45,62,True,45,62,True,45,62,0,0,256,Y,Q,1001100110011001100110011001100110011001100110011001100110011001,Q,"[{""end_offset"":17,""start_offset"":0,""state"":""pure_Y""},{""end_offset"":24,""start_offset"":24,""state"":""raw_codeword_specific_composite""},{""end_offset"":33,""start_offset"":33,""state"":""other_candidate_tuple_consistent""},{""end_offset"":256,""start_offset"":45,""state"":""pure_Q""}]"
613,p_y_q,3,Q,Y,first_hidden,True,0,1,True,0,1,True,0,1,True,0,1,0,0,256,Y,Q,1001100110011001100110011001100110011001100110011001100110011001,Q,"[{""end_offset"":17,""start_offset"":0,""state"":""pure_Y""},{""end_offset"":24,""start_offset"":24,""state"":""raw_codeword_specific_composite""},{""end_offset"":33,""start_offset"":33,""state"":""other_candidate_tuple_consistent""},{""end_offset"":256,""start_offset"":45,""state"":""pure_Q""}]"
613,p_y_q,3,Q,Y,final_hidden,True,0,1,True,0,1,True,0,1,True,0,1,0,0,256,Y,Q,1001100110011001100110011001100110011001100110011001100110011001,Q,"[{""end_offset"":17,""start_offset"":0,""state"":""pure_Y""},{""end_offset"":24,""start_offset"":24,""state"":""raw_codeword_specific_composite""},{""end_offset"":33,""start_offset"":33,""state"":""other_candidate_tuple_consistent""},{""end_offset"":256,""start_offset"":45,""state"":""pure_Q""}]"
613,q_p_y,1,Q,P,first_hidden,True,0,1,False,,,False,,,False,,,,,256,,Q,1001100110011001100110011001100110011001100110011001100110011001,Q,"[{""end_offset"":5,""start_offset"":0,""state"":""raw_codeword_specific_composite""},{""end_offset"":256,""start_offset"":7,""state"":""pure_Q""}]"
613,q_p_y,1,Q,P,final_hidden,True,7,9,False,,,False,,,False,,,,,256,,Q,1001100110011001100110011001100110011001100110011001100110011001,Q,"[{""end_offset"":5,""start_offset"":0,""state"":""raw_codeword_specific_composite""},{""end_offset"":256,""start_offset"":7,""state"":""pure_Q""}]"
613,q_p_y,1,Q,Q,first_hidden,True,4,5,True,7,9,True,7,9,True,7,9,3,3,256,,Q,1001100110011001100110011001100110011001100110011001100110011001,Q,"[{""end_offset"":5,""start_offset"":0,""state"":""raw_codeword_specific_composite""},{""end_offset"":256,""start_offset"":7,""state"":""pure_Q""}]"
613,q_p_y,1,Q,Q,final_hidden,True,5,7,True,7,9,True,7,9,True,7,9,2,2,256,,Q,1001100110011001100110011001100110011001100110011001100110011001,Q,"[{""end_offset"":5,""start_offset"":0,""state"":""raw_codeword_specific_composite""},{""end_offset"":256,""start_offset"":7,""state"":""pure_Q""}]"
613,q_p_y,1,Q,Y,first_hidden,False,,,False,,,False,,,False,,,,,256,,Q,1001100110011001100110011001100110011001100110011001100110011001,Q,"[{""end_offset"":5,""start_offset"":0,""state"":""raw_codeword_specific_composite""},{""end_offset"":256,""start_offset"":7,""state"":""pure_Q""}]"
613,q_p_y,1,Q,Y,final_hidden,False,,,False,,,False,,,False,,,,,256,,Q,1001100110011001100110011001100110011001100110011001100110011001,Q,"[{""end_offset"":5,""start_offset"":0,""state"":""raw_codeword_specific_composite""},{""end_offset"":256,""start_offset"":7,""state"":""pure_Q""}]"
613,q_p_y,2,P,P,first_hidden,True,0,1,True,24,33,True,24,33,True,24,33,24,24,256,Q,P,0000000000000000000000000000000011111111111111111111111111111111,P,"[{""end_offset"":13,""start_offset"":0,""state"":""pure_Q""},{""end_offset"":17,""start_offset"":17,""state"":""raw_codeword_specific_composite""},{""end_offset"":256,""start_offset"":24,""state"":""pure_P""}]"
613,q_p_y,2,P,P,final_hidden,True,0,1,True,24,33,True,24,33,True,24,33,24,24,256,Q,P,0000000000000000000000000000000011111111111111111111111111111111,P,"[{""end_offset"":13,""start_offset"":0,""state"":""pure_Q""},{""end_offset"":17,""start_offset"":17,""state"":""raw_codeword_specific_composite""},{""end_offset"":256,""start_offset"":24,""state"":""pure_P""}]"
613,q_p_y,2,P,Q,first_hidden,True,0,1,True,0,1,True,0,1,True,0,1,0,0,256,Q,P,0000000000000000000000000000000011111111111111111111111111111111,P,"[{""end_offset"":13,""start_offset"":0,""state"":""pure_Q""},{""end_offset"":17,""start_offset"":17,""state"":""raw_codeword_specific_composite""},{""end_offset"":256,""start_offset"":24,""state"":""pure_P""}]"
613,q_p_y,2,P,Q,final_hidden,True,0,1,True,0,1,True,0,1,True,0,1,0,0,256,Q,P,0000000000000000000000000000000011111111111111111111111111111111,P,"[{""end_offset"":13,""start_offset"":0,""state"":""pure_Q""},{""end_offset"":17,""start_offset"":17,""state"":""raw_codeword_specific_composite""},{""end_offset"":256,""start_offset"":24,""state"":""pure_P""}]"
613,q_p_y,2,P,Y,first_hidden,False,,,False,,,False,,,False,,,,,256,Q,P,0000000000000000000000000000000011111111111111111111111111111111,P,"[{""end_offset"":13,""start_offset"":0,""state"":""pure_Q""},{""end_offset"":17,""start_offset"":17,""state"":""raw_codeword_specific_composite""},{""end_offset"":256,""start_offset"":24,""state"":""pure_P""}]"
613,q_p_y,2,P,Y,final_hidden,False,,,False,,,False,,,False,,,,,256,Q,P,0000000000000000000000000000000011111111111111111111111111111111,P,"[{""end_offset"":13,""start_offset"":0,""state"":""pure_Q""},{""end_offset"":17,""start_offset"":17,""state"":""raw_codeword_specific_composite""},{""end_offset"":256,""start_offset"":24,""state"":""pure_P""}]"
613,q_p_y,3,Y,P,first_hidden,True,0,1,True,0,1,True,0,1,True,0,1,0,0,256,P,Y,0000111111110000111100000000111100001111111100001111000000001111,Y,"[{""end_offset"":24,""start_offset"":0,""state"":""pure_P""},{""end_offset"":62,""start_offset"":33,""state"":""raw_codeword_specific_composite""},{""end_offset"":256,""start_offset"":85,""state"":""pure_Y""}]"
613,q_p_y,3,Y,P,final_hidden,True,0,1,True,0,1,True,0,1,True,0,1,0,0,256,P,Y,0000111111110000111100000000111100001111111100001111000000001111,Y,"[{""end_offset"":24,""start_offset"":0,""state"":""pure_P""},{""end_offset"":62,""start_offset"":33,""state"":""raw_codeword_specific_composite""},{""end_offset"":256,""start_offset"":85,""state"":""pure_Y""}]"
613,q_p_y,3,Y,Q,first_hidden,True,0,1,False,,,False,,,False,,,,,256,P,Y,0000111111110000111100000000111100001111111100001111000000001111,Y,"[{""end_offset"":24,""start_offset"":0,""state"":""pure_P""},{""end_offset"":62,""start_offset"":33,""state"":""raw_codeword_specific_composite""},{""end_offset"":256,""start_offset"":85,""state"":""pure_Y""}]"
613,q_p_y,3,Y,Q,final_hidden,True,0,1,False,,,False,,,False,,,,,256,P,Y,0000111111110000111100000000111100001111111100001111000000001111,Y,"[{""end_offset"":24,""start_offset"":0,""state"":""pure_P""},{""end_offset"":62,""start_offset"":33,""state"":""raw_codeword_specific_composite""},{""end_offset"":256,""start_offset"":85,""state"":""pure_Y""}]"
613,q_p_y,3,Y,Y,first_hidden,True,117,128,True,85,117,True,85,117,True,85,117,-32,-32,256,P,Y,0000111111110000111100000000111100001111111100001111000000001111,Y,"[{""end_offset"":24,""start_offset"":0,""state"":""pure_P""},{""end_offset"":62,""start_offset"":33,""state"":""raw_codeword_specific_composite""},{""end_offset"":256,""start_offset"":85,""state"":""pure_Y""}]"
613,q_p_y,3,Y,Y,final_hidden,True,85,117,True,85,117,True,85,117,True,85,117,0,0,256,P,Y,0000111111110000111100000000111100001111111100001111000000001111,Y,"[{""end_offset"":24,""start_offset"":0,""state"":""pure_P""},{""end_offset"":62,""start_offset"":33,""state"":""raw_codeword_specific_composite""},{""end_offset"":256,""start_offset"":85,""state"":""pure_Y""}]"
613,q_y_p,1,Q,P,first_hidden,True,0,1,False,,,False,,,False,,,,,256,,Q,1001100110011001100110011001100110011001100110011001100110011001,Q,"[{""end_offset"":5,""start_offset"":0,""state"":""raw_codeword_specific_composite""},{""end_offset"":256,""start_offset"":7,""state"":""pure_Q""}]"
613,q_y_p,1,Q,P,final_hidden,True,7,9,False,,,False,,,False,,,,,256,,Q,1001100110011001100110011001100110011001100110011001100110011001,Q,"[{""end_offset"":5,""start_offset"":0,""state"":""raw_codeword_specific_composite""},{""end_offset"":256,""start_offset"":7,""state"":""pure_Q""}]"
613,q_y_p,1,Q,Q,first_hidden,True,4,5,True,7,9,True,7,9,True,7,9,3,3,256,,Q,1001100110011001100110011001100110011001100110011001100110011001,Q,"[{""end_offset"":5,""start_offset"":0,""state"":""raw_codeword_specific_composite""},{""end_offset"":256,""start_offset"":7,""state"":""pure_Q""}]"
613,q_y_p,1,Q,Q,final_hidden,True,5,7,True,7,9,True,7,9,True,7,9,2,2,256,,Q,1001100110011001100110011001100110011001100110011001100110011001,Q,"[{""end_offset"":5,""start_offset"":0,""state"":""raw_codeword_specific_composite""},{""end_offset"":256,""start_offset"":7,""state"":""pure_Q""}]"
613,q_y_p,1,Q,Y,first_hidden,False,,,False,,,False,,,False,,,,,256,,Q,1001100110011001100110011001100110011001100110011001100110011001,Q,"[{""end_offset"":5,""start_offset"":0,""state"":""raw_codeword_specific_composite""},{""end_offset"":256,""start_offset"":7,""state"":""pure_Q""}]"
613,q_y_p,1,Q,Y,final_hidden,False,,,False,,,False,,,False,,,,,256,,Q,1001100110011001100110011001100110011001100110011001100110011001,Q,"[{""end_offset"":5,""start_offset"":0,""state"":""raw_codeword_specific_composite""},{""end_offset"":256,""start_offset"":7,""state"":""pure_Q""}]"
613,q_y_p,2,Y,P,first_hidden,True,0,1,False,,,False,,,False,,,,,256,Q,Y,0000111111110000111100000000111100001111111100001111000000001111,Y,"[{""end_offset"":9,""start_offset"":0,""state"":""pure_Q""},{""end_offset"":24,""start_offset"":13,""state"":""raw_codeword_specific_composite""},{""end_offset"":33,""start_offset"":33,""state"":""pure_Q""},{""end_offset"":62,""start_offset"":45,""state"":""raw_codeword_specific_composite""},{""end_offset"":256,""start_offset"":85,""state"":""pure_Y""}]"
613,q_y_p,2,Y,P,final_hidden,True,0,1,False,,,False,,,False,,,,,256,Q,Y,0000111111110000111100000000111100001111111100001111000000001111,Y,"[{""end_offset"":9,""start_offset"":0,""state"":""pure_Q""},{""end_offset"":24,""start_offset"":13,""state"":""raw_codeword_specific_composite""},{""end_offset"":33,""start_offset"":33,""state"":""pure_Q""},{""end_offset"":62,""start_offset"":45,""state"":""raw_codeword_specific_composite""},{""end_offset"":256,""start_offset"":85,""state"":""pure_Y""}]"
613,q_y_p,2,Y,Q,first_hidden,True,0,1,True,0,1,True,0,1,True,0,1,0,0,256,Q,Y,0000111111110000111100000000111100001111111100001111000000001111,Y,"[{""end_offset"":9,""start_offset"":0,""state"":""pure_Q""},{""end_offset"":24,""start_offset"":13,""state"":""raw_codeword_specific_composite""},{""end_offset"":33,""start_offset"":33,""state"":""pure_Q""},{""end_offset"":62,""start_offset"":45,""state"":""raw_codeword_specific_composite""},{""end_offset"":256,""start_offset"":85,""state"":""pure_Y""}]"
613,q_y_p,2,Y,Q,final_hidden,True,0,1,True,0,1,True,0,1,True,0,1,0,0,256,Q,Y,0000111111110000111100000000111100001111111100001111000000001111,Y,"[{""end_offset"":9,""start_offset"":0,""state"":""pure_Q""},{""end_offset"":24,""start_offset"":13,""state"":""raw_codeword_specific_composite""},{""end_offset"":33,""start_offset"":33,""state"":""pure_Q""},{""end_offset"":62,""start_offset"":45,""state"":""raw_codeword_specific_composite""},{""end_offset"":256,""start_offset"":85,""state"":""pure_Y""}]"
613,q_y_p,2,Y,Y,first_hidden,True,117,128,True,85,117,True,85,117,True,85,117,-32,-32,256,Q,Y,0000111111110000111100000000111100001111111100001111000000001111,Y,"[{""end_offset"":9,""start_offset"":0,""state"":""pure_Q""},{""end_offset"":24,""start_offset"":13,""state"":""raw_codeword_specific_composite""},{""end_offset"":33,""start_offset"":33,""state"":""pure_Q""},{""end_offset"":62,""start_offset"":45,""state"":""raw_codeword_specific_composite""},{""end_offset"":256,""start_offset"":85,""state"":""pure_Y""}]"
613,q_y_p,2,Y,Y,final_hidden,True,85,117,True,85,117,True,85,117,True,85,117,0,0,256,Q,Y,0000111111110000111100000000111100001111111100001111000000001111,Y,"[{""end_offset"":9,""start_offset"":0,""state"":""pure_Q""},{""end_offset"":24,""start_offset"":13,""state"":""raw_codeword_specific_composite""},{""end_offset"":33,""start_offset"":33,""state"":""pure_Q""},{""end_offset"":62,""start_offset"":45,""state"":""raw_codeword_specific_composite""},{""end_offset"":256,""start_offset"":85,""state"":""pure_Y""}]"
613,q_y_p,3,P,P,first_hidden,True,0,1,True,24,33,True,24,33,True,24,33,24,24,256,Y,P,0000000000000000000000000000000011111111111111111111111111111111,P,"[{""end_offset"":13,""start_offset"":0,""state"":""pure_Y""},{""end_offset"":17,""start_offset"":17,""state"":""raw_codeword_specific_composite""},{""end_offset"":256,""start_offset"":24,""state"":""pure_P""}]"
613,q_y_p,3,P,P,final_hidden,True,0,1,True,24,33,True,24,33,True,24,33,24,24,256,Y,P,0000000000000000000000000000000011111111111111111111111111111111,P,"[{""end_offset"":13,""start_offset"":0,""state"":""pure_Y""},{""end_offset"":17,""start_offset"":17,""state"":""raw_codeword_specific_composite""},{""end_offset"":256,""start_offset"":24,""state"":""pure_P""}]"
613,q_y_p,3,P,Q,first_hidden,True,0,1,False,,,False,,,False,,,,,256,Y,P,0000000000000000000000000000000011111111111111111111111111111111,P,"[{""end_offset"":13,""start_offset"":0,""state"":""pure_Y""},{""end_offset"":17,""start_offset"":17,""state"":""raw_codeword_specific_composite""},{""end_offset"":256,""start_offset"":24,""state"":""pure_P""}]"
613,q_y_p,3,P,Q,final_hidden,False,,,False,,,False,,,False,,,,,256,Y,P,0000000000000000000000000000000011111111111111111111111111111111,P,"[{""end_offset"":13,""start_offset"":0,""state"":""pure_Y""},{""end_offset"":17,""start_offset"":17,""state"":""raw_codeword_specific_composite""},{""end_offset"":256,""start_offset"":24,""state"":""pure_P""}]"
613,q_y_p,3,P,Y,first_hidden,True,0,1,True,0,1,True,0,1,True,0,1,0,0,256,Y,P,0000000000000000000000000000000011111111111111111111111111111111,P,"[{""end_offset"":13,""start_offset"":0,""state"":""pure_Y""},{""end_offset"":17,""start_offset"":17,""state"":""raw_codeword_specific_composite""},{""end_offset"":256,""start_offset"":24,""state"":""pure_P""}]"
613,q_y_p,3,P,Y,final_hidden,True,0,1,True,0,1,True,0,1,True,0,1,0,0,256,Y,P,0000000000000000000000000000000011111111111111111111111111111111,P,"[{""end_offset"":13,""start_offset"":0,""state"":""pure_Y""},{""end_offset"":17,""start_offset"":17,""state"":""raw_codeword_specific_composite""},{""end_offset"":256,""start_offset"":24,""state"":""pure_P""}]"
613,y_p_q,1,Y,P,first_hidden,True,0,1,False,,,False,,,False,,,,,256,,Y,0000111111110000111100000000111100001111111100001111000000001111,Y,"[{""end_offset"":9,""start_offset"":0,""state"":""raw_codeword_specific_composite""},{""end_offset"":256,""start_offset"":13,""state"":""pure_Y""}]"
613,y_p_q,1,Y,P,final_hidden,True,1,2,False,,,False,,,False,,,,,256,,Y,0000111111110000111100000000111100001111111100001111000000001111,Y,"[{""end_offset"":9,""start_offset"":0,""state"":""raw_codeword_specific_composite""},{""end_offset"":256,""start_offset"":13,""state"":""pure_Y""}]"
613,y_p_q,1,Y,Q,first_hidden,False,,,False,,,False,,,False,,,,,256,,Y,0000111111110000111100000000111100001111111100001111000000001111,Y,"[{""end_offset"":9,""start_offset"":0,""state"":""raw_codeword_specific_composite""},{""end_offset"":256,""start_offset"":13,""state"":""pure_Y""}]"
613,y_p_q,1,Y,Q,final_hidden,False,,,False,,,False,,,False,,,,,256,,Y,0000111111110000111100000000111100001111111100001111000000001111,Y,"[{""end_offset"":9,""start_offset"":0,""state"":""raw_codeword_specific_composite""},{""end_offset"":256,""start_offset"":13,""state"":""pure_Y""}]"
613,y_p_q,1,Y,Y,first_hidden,True,33,45,True,13,17,True,13,17,True,13,17,-20,-20,256,,Y,0000111111110000111100000000111100001111111100001111000000001111,Y,"[{""end_offset"":9,""start_offset"":0,""state"":""raw_codeword_specific_composite""},{""end_offset"":256,""start_offset"":13,""state"":""pure_Y""}]"
613,y_p_q,1,Y,Y,final_hidden,True,13,17,True,13,17,True,13,17,True,13,17,0,0,256,,Y,0000111111110000111100000000111100001111111100001111000000001111,Y,"[{""end_offset"":9,""start_offset"":0,""state"":""raw_codeword_specific_composite""},{""end_offset"":256,""start_offset"":13,""state"":""pure_Y""}]"
613,y_p_q,2,P,P,first_hidden,True,0,1,True,33,45,True,33,45,True,33,45,33,33,256,Y,P,0000000000000000000000000000000011111111111111111111111111111111,P,"[{""end_offset"":13,""start_offset"":0,""state"":""pure_Y""},{""end_offset"":24,""start_offset"":17,""state"":""raw_codeword_specific_composite""},{""end_offset"":256,""start_offset"":33,""state"":""pure_P""}]"
613,y_p_q,2,P,P,final_hidden,True,5,7,True,33,45,True,33,45,True,33,45,28,28,256,Y,P,0000000000000000000000000000000011111111111111111111111111111111,P,"[{""end_offset"":13,""start_offset"":0,""state"":""pure_Y""},{""end_offset"":24,""start_offset"":17,""state"":""raw_codeword_specific_composite""},{""end_offset"":256,""start_offset"":33,""state"":""pure_P""}]"
613,y_p_q,2,P,Q,first_hidden,False,,,False,,,False,,,False,,,,,256,Y,P,0000000000000000000000000000000011111111111111111111111111111111,P,"[{""end_offset"":13,""start_offset"":0,""state"":""pure_Y""},{""end_offset"":24,""start_offset"":17,""state"":""raw_codeword_specific_composite""},{""end_offset"":256,""start_offset"":33,""state"":""pure_P""}]"
613,y_p_q,2,P,Q,final_hidden,False,,,False,,,False,,,False,,,,,256,Y,P,0000000000000000000000000000000011111111111111111111111111111111,P,"[{""end_offset"":13,""start_offset"":0,""state"":""pure_Y""},{""end_offset"":24,""start_offset"":17,""state"":""raw_codeword_specific_composite""},{""end_offset"":256,""start_offset"":33,""state"":""pure_P""}]"
613,y_p_q,2,P,Y,first_hidden,True,0,1,True,0,1,True,0,1,True,0,1,0,0,256,Y,P,0000000000000000000000000000000011111111111111111111111111111111,P,"[{""end_offset"":13,""start_offset"":0,""state"":""pure_Y""},{""end_offset"":24,""start_offset"":17,""state"":""raw_codeword_specific_composite""},{""end_offset"":256,""start_offset"":33,""state"":""pure_P""}]"
613,y_p_q,2,P,Y,final_hidden,True,0,1,True,0,1,True,0,1,True,0,1,0,0,256,Y,P,0000000000000000000000000000000011111111111111111111111111111111,P,"[{""end_offset"":13,""start_offset"":0,""state"":""pure_Y""},{""end_offset"":24,""start_offset"":17,""state"":""raw_codeword_specific_composite""},{""end_offset"":256,""start_offset"":33,""state"":""pure_P""}]"
613,y_p_q,3,Q,P,first_hidden,True,0,1,True,0,1,True,0,1,True,0,1,0,0,256,P,Q,1001100110011001100110011001100110011001100110011001100110011001,Q,"[{""end_offset"":24,""start_offset"":0,""state"":""pure_P""},{""end_offset"":33,""start_offset"":33,""state"":""raw_codeword_specific_composite""},{""end_offset"":256,""start_offset"":45,""state"":""pure_Q""}]"
613,y_p_q,3,Q,P,final_hidden,True,0,1,True,0,1,True,0,1,True,0,1,0,0,256,P,Q,1001100110011001100110011001100110011001100110011001100110011001,Q,"[{""end_offset"":24,""start_offset"":0,""state"":""pure_P""},{""end_offset"":33,""start_offset"":33,""state"":""raw_codeword_specific_composite""},{""end_offset"":256,""start_offset"":45,""state"":""pure_Q""}]"
613,y_p_q,3,Q,Q,first_hidden,True,62,85,True,45,62,True,45,62,True,45,62,-17,-17,256,P,Q,1001100110011001100110011001100110011001100110011001100110011001,Q,"[{""end_offset"":24,""start_offset"":0,""state"":""pure_P""},{""end_offset"":33,""start_offset"":33,""state"":""raw_codeword_specific_composite""},{""end_offset"":256,""start_offset"":45,""state"":""pure_Q""}]"
613,y_p_q,3,Q,Q,final_hidden,True,45,62,True,45,62,True,45,62,True,45,62,0,0,256,P,Q,1001100110011001100110011001100110011001100110011001100110011001,Q,"[{""end_offset"":24,""start_offset"":0,""state"":""pure_P""},{""end_offset"":33,""start_offset"":33,""state"":""raw_codeword_specific_composite""},{""end_offset"":256,""start_offset"":45,""state"":""pure_Q""}]"
613,y_p_q,3,Q,Y,first_hidden,False,,,False,,,False,,,False,,,,,256,P,Q,1001100110011001100110011001100110011001100110011001100110011001,Q,"[{""end_offset"":24,""start_offset"":0,""state"":""pure_P""},{""end_offset"":33,""start_offset"":33,""state"":""raw_codeword_specific_composite""},{""end_offset"":256,""start_offset"":45,""state"":""pure_Q""}]"
613,y_p_q,3,Q,Y,final_hidden,True,0,1,False,,,False,,,False,,,,,256,P,Q,1001100110011001100110011001100110011001100110011001100110011001,Q,"[{""end_offset"":24,""start_offset"":0,""state"":""pure_P""},{""end_offset"":33,""start_offset"":33,""state"":""raw_codeword_specific_composite""},{""end_offset"":256,""start_offset"":45,""state"":""pure_Q""}]"
613,y_q_p,1,Y,P,first_hidden,True,0,1,False,,,False,,,False,,,,,256,,Y,0000111111110000111100000000111100001111111100001111000000001111,Y,"[{""end_offset"":9,""start_offset"":0,""state"":""raw_codeword_specific_composite""},{""end_offset"":256,""start_offset"":13,""state"":""pure_Y""}]"
613,y_q_p,1,Y,P,final_hidden,True,1,2,False,,,False,,,False,,,,,256,,Y,0000111111110000111100000000111100001111111100001111000000001111,Y,"[{""end_offset"":9,""start_offset"":0,""state"":""raw_codeword_specific_composite""},{""end_offset"":256,""start_offset"":13,""state"":""pure_Y""}]"
613,y_q_p,1,Y,Q,first_hidden,False,,,False,,,False,,,False,,,,,256,,Y,0000111111110000111100000000111100001111111100001111000000001111,Y,"[{""end_offset"":9,""start_offset"":0,""state"":""raw_codeword_specific_composite""},{""end_offset"":256,""start_offset"":13,""state"":""pure_Y""}]"
613,y_q_p,1,Y,Q,final_hidden,False,,,False,,,False,,,False,,,,,256,,Y,0000111111110000111100000000111100001111111100001111000000001111,Y,"[{""end_offset"":9,""start_offset"":0,""state"":""raw_codeword_specific_composite""},{""end_offset"":256,""start_offset"":13,""state"":""pure_Y""}]"
613,y_q_p,1,Y,Y,first_hidden,True,33,45,True,13,17,True,13,17,True,13,17,-20,-20,256,,Y,0000111111110000111100000000111100001111111100001111000000001111,Y,"[{""end_offset"":9,""start_offset"":0,""state"":""raw_codeword_specific_composite""},{""end_offset"":256,""start_offset"":13,""state"":""pure_Y""}]"
613,y_q_p,1,Y,Y,final_hidden,True,13,17,True,13,17,True,13,17,True,13,17,0,0,256,,Y,0000111111110000111100000000111100001111111100001111000000001111,Y,"[{""end_offset"":9,""start_offset"":0,""state"":""raw_codeword_specific_composite""},{""end_offset"":256,""start_offset"":13,""state"":""pure_Y""}]"
613,y_q_p,2,Q,P,first_hidden,True,0,1,False,,,False,,,False,,,,,256,Y,Q,1001100110011001100110011001100110011001100110011001100110011001,Q,"[{""end_offset"":17,""start_offset"":0,""state"":""pure_Y""},{""end_offset"":33,""start_offset"":24,""state"":""raw_codeword_specific_composite""},{""end_offset"":256,""start_offset"":45,""state"":""pure_Q""}]"
613,y_q_p,2,Q,P,final_hidden,True,0,1,False,,,False,,,False,,,,,256,Y,Q,1001100110011001100110011001100110011001100110011001100110011001,Q,"[{""end_offset"":17,""start_offset"":0,""state"":""pure_Y""},{""end_offset"":33,""start_offset"":24,""state"":""raw_codeword_specific_composite""},{""end_offset"":256,""start_offset"":45,""state"":""pure_Q""}]"
613,y_q_p,2,Q,Q,first_hidden,True,33,45,True,45,62,True,45,62,True,45,62,12,12,256,Y,Q,1001100110011001100110011001100110011001100110011001100110011001,Q,"[{""end_offset"":17,""start_offset"":0,""state"":""pure_Y""},{""end_offset"":33,""start_offset"":24,""state"":""raw_codeword_specific_composite""},{""end_offset"":256,""start_offset"":45,""state"":""pure_Q""}]"
613,y_q_p,2,Q,Q,final_hidden,True,62,85,True,45,62,True,45,62,True,45,62,-17,-17,256,Y,Q,1001100110011001100110011001100110011001100110011001100110011001,Q,"[{""end_offset"":17,""start_offset"":0,""state"":""pure_Y""},{""end_offset"":33,""start_offset"":24,""state"":""raw_codeword_specific_composite""},{""end_offset"":256,""start_offset"":45,""state"":""pure_Q""}]"
613,y_q_p,2,Q,Y,first_hidden,True,0,1,True,0,1,True,0,1,True,0,1,0,0,256,Y,Q,1001100110011001100110011001100110011001100110011001100110011001,Q,"[{""end_offset"":17,""start_offset"":0,""state"":""pure_Y""},{""end_offset"":33,""start_offset"":24,""state"":""raw_codeword_specific_composite""},{""end_offset"":256,""start_offset"":45,""state"":""pure_Q""}]"
613,y_q_p,2,Q,Y,final_hidden,True,0,1,True,0,1,True,0,1,True,0,1,0,0,256,Y,Q,1001100110011001100110011001100110011001100110011001100110011001,Q,"[{""end_offset"":17,""start_offset"":0,""state"":""pure_Y""},{""end_offset"":33,""start_offset"":24,""state"":""raw_codeword_specific_composite""},{""end_offset"":256,""start_offset"":45,""state"":""pure_Q""}]"
613,y_q_p,3,P,P,first_hidden,True,0,1,True,24,33,True,24,33,True,24,33,24,24,256,Q,P,0000000000000000000000000000000011111111111111111111111111111111,P,"[{""end_offset"":17,""start_offset"":0,""state"":""pure_Q""},{""end_offset"":256,""start_offset"":24,""state"":""pure_P""}]"
613,y_q_p,3,P,P,final_hidden,True,33,45,True,24,33,True,24,33,True,24,33,-9,-9,256,Q,P,0000000000000000000000000000000011111111111111111111111111111111,P,"[{""end_offset"":17,""start_offset"":0,""state"":""pure_Q""},{""end_offset"":256,""start_offset"":24,""state"":""pure_P""}]"
613,y_q_p,3,P,Q,first_hidden,True,0,1,True,0,1,True,0,1,True,0,1,0,0,256,Q,P,0000000000000000000000000000000011111111111111111111111111111111,P,"[{""end_offset"":17,""start_offset"":0,""state"":""pure_Q""},{""end_offset"":256,""start_offset"":24,""state"":""pure_P""}]"
613,y_q_p,3,P,Q,final_hidden,True,0,1,True,0,1,True,0,1,True,0,1,0,0,256,Q,P,0000000000000000000000000000000011111111111111111111111111111111,P,"[{""end_offset"":17,""start_offset"":0,""state"":""pure_Q""},{""end_offset"":256,""start_offset"":24,""state"":""pure_P""}]"
613,y_q_p,3,P,Y,first_hidden,False,,,False,,,False,,,False,,,,,256,Q,P,0000000000000000000000000000000011111111111111111111111111111111,P,"[{""end_offset"":17,""start_offset"":0,""state"":""pure_Q""},{""end_offset"":256,""start_offset"":24,""state"":""pure_P""}]"
613,y_q_p,3,P,Y,final_hidden,True,222,256,False,,,False,,,False,,,,,256,Q,P,0000000000000000000000000000000011111111111111111111111111111111,P,"[{""end_offset"":17,""start_offset"":0,""state"":""pure_Q""},{""end_offset"":256,""start_offset"":24,""state"":""pure_P""}]"
617,p_q_y,1,P,P,first_hidden,True,0,1,True,3,4,True,3,4,True,3,4,3,3,256,,P,0000000000000000000000000000000011111111111111111111111111111111,P,"[{""end_offset"":2,""start_offset"":0,""state"":""raw_codeword_specific_composite""},{""end_offset"":256,""start_offset"":3,""state"":""pure_P""}]"
617,p_q_y,1,P,P,final_hidden,True,0,1,True,3,4,True,3,4,True,3,4,3,3,256,,P,0000000000000000000000000000000011111111111111111111111111111111,P,"[{""end_offset"":2,""start_offset"":0,""state"":""raw_codeword_specific_composite""},{""end_offset"":256,""start_offset"":3,""state"":""pure_P""}]"
617,p_q_y,1,P,Q,first_hidden,True,33,45,False,,,False,,,False,,,,,256,,P,0000000000000000000000000000000011111111111111111111111111111111,P,"[{""end_offset"":2,""start_offset"":0,""state"":""raw_codeword_specific_composite""},{""end_offset"":256,""start_offset"":3,""state"":""pure_P""}]"
617,p_q_y,1,P,Q,final_hidden,True,45,62,False,,,False,,,False,,,,,256,,P,0000000000000000000000000000000011111111111111111111111111111111,P,"[{""end_offset"":2,""start_offset"":0,""state"":""raw_codeword_specific_composite""},{""end_offset"":256,""start_offset"":3,""state"":""pure_P""}]"
617,p_q_y,1,P,Y,first_hidden,False,,,False,,,False,,,False,,,,,256,,P,0000000000000000000000000000000011111111111111111111111111111111,P,"[{""end_offset"":2,""start_offset"":0,""state"":""raw_codeword_specific_composite""},{""end_offset"":256,""start_offset"":3,""state"":""pure_P""}]"
617,p_q_y,1,P,Y,final_hidden,False,,,False,,,False,,,False,,,,,256,,P,0000000000000000000000000000000011111111111111111111111111111111,P,"[{""end_offset"":2,""start_offset"":0,""state"":""raw_codeword_specific_composite""},{""end_offset"":256,""start_offset"":3,""state"":""pure_P""}]"
617,p_q_y,2,Q,P,first_hidden,True,0,1,True,0,1,True,0,1,True,0,1,0,0,256,P,Q,1001100110011001100110011001100110011001100110011001100110011001,Q,"[{""end_offset"":17,""start_offset"":0,""state"":""pure_P""},{""end_offset"":62,""start_offset"":24,""state"":""raw_codeword_specific_composite""},{""end_offset"":256,""start_offset"":85,""state"":""pure_Q""}]"
617,p_q_y,2,Q,P,final_hidden,True,0,1,True,0,1,True,0,1,True,0,1,0,0,256,P,Q,1001100110011001100110011001100110011001100110011001100110011001,Q,"[{""end_offset"":17,""start_offset"":0,""state"":""pure_P""},{""end_offset"":62,""start_offset"":24,""state"":""raw_codeword_specific_composite""},{""end_offset"":256,""start_offset"":85,""state"":""pure_Q""}]"
617,p_q_y,2,Q,Q,first_hidden,True,0,1,True,85,117,True,85,117,True,85,117,85,85,256,P,Q,1001100110011001100110011001100110011001100110011001100110011001,Q,"[{""end_offset"":17,""start_offset"":0,""state"":""pure_P""},{""end_offset"":62,""start_offset"":24,""state"":""raw_codeword_specific_composite""},{""end_offset"":256,""start_offset"":85,""state"":""pure_Q""}]"
617,p_q_y,2,Q,Q,final_hidden,True,9,13,True,85,117,True,85,117,True,85,117,76,76,256,P,Q,1001100110011001100110011001100110011001100110011001100110011001,Q,"[{""end_offset"":17,""start_offset"":0,""state"":""pure_P""},{""end_offset"":62,""start_offset"":24,""state"":""raw_codeword_specific_composite""},{""end_offset"":256,""start_offset"":85,""state"":""pure_Q""}]"
617,p_q_y,2,Q,Y,first_hidden,False,,,False,,,False,,,False,,,,,256,P,Q,1001100110011001100110011001100110011001100110011001100110011001,Q,"[{""end_offset"":17,""start_offset"":0,""state"":""pure_P""},{""end_offset"":62,""start_offset"":24,""state"":""raw_codeword_specific_composite""},{""end_offset"":256,""start_offset"":85,""state"":""pure_Q""}]"
617,p_q_y,2,Q,Y,final_hidden,False,,,False,,,False,,,False,,,,,256,P,Q,1001100110011001100110011001100110011001100110011001100110011001,Q,"[{""end_offset"":17,""start_offset"":0,""state"":""pure_P""},{""end_offset"":62,""start_offset"":24,""state"":""raw_codeword_specific_composite""},{""end_offset"":256,""start_offset"":85,""state"":""pure_Q""}]"
617,p_q_y,3,Y,P,first_hidden,True,0,1,False,,,False,,,False,,,,,256,Q,Y,0000111111110000111100000000111100001111111100001111000000001111,Y,"[{""end_offset"":9,""start_offset"":0,""state"":""pure_Q""},{""end_offset"":13,""start_offset"":13,""state"":""raw_codeword_specific_composite""},{""end_offset"":17,""start_offset"":17,""state"":""other_candidate_tuple_consistent""},{""end_offset"":24,""start_offset"":24,""state"":""pure_Q""},{""end_offset"":33,""start_offset"":33,""state"":""raw_codeword_specific_composite""},{""end_offset"":45,""start_offset"":45,""state"":""other_candidate_tuple_consistent""},{""end_offset"":128,""start_offset"":62,""state"":""raw_codeword_specific_composite""},{""end_offset"":256,""start_offset"":161,""state"":""pure_Y""}]"
617,p_q_y,3,Y,P,final_hidden,True,0,1,False,,,False,,,False,,,,,256,Q,Y,0000111111110000111100000000111100001111111100001111000000001111,Y,"[{""end_offset"":9,""start_offset"":0,""state"":""pure_Q""},{""end_offset"":13,""start_offset"":13,""state"":""raw_codeword_specific_composite""},{""end_offset"":17,""start_offset"":17,""state"":""other_candidate_tuple_consistent""},{""end_offset"":24,""start_offset"":24,""state"":""pure_Q""},{""end_offset"":33,""start_offset"":33,""state"":""raw_codeword_specific_composite""},{""end_offset"":45,""start_offset"":45,""state"":""other_candidate_tuple_consistent""},{""end_offset"":128,""start_offset"":62,""state"":""raw_codeword_specific_composite""},{""end_offset"":256,""start_offset"":161,""state"":""pure_Y""}]"
617,p_q_y,3,Y,Q,first_hidden,True,0,1,True,0,1,True,0,1,True,0,1,0,0,256,Q,Y,0000111111110000111100000000111100001111111100001111000000001111,Y,"[{""end_offset"":9,""start_offset"":0,""state"":""pure_Q""},{""end_offset"":13,""start_offset"":13,""state"":""raw_codeword_specific_composite""},{""end_offset"":17,""start_offset"":17,""state"":""other_candidate_tuple_consistent""},{""end_offset"":24,""start_offset"":24,""state"":""pure_Q""},{""end_offset"":33,""start_offset"":33,""state"":""raw_codeword_specific_composite""},{""end_offset"":45,""start_offset"":45,""state"":""other_candidate_tuple_consistent""},{""end_offset"":128,""start_offset"":62,""state"":""raw_codeword_specific_composite""},{""end_offset"":256,""start_offset"":161,""state"":""pure_Y""}]"
617,p_q_y,3,Y,Q,final_hidden,True,0,1,True,0,1,True,0,1,True,0,1,0,0,256,Q,Y,0000111111110000111100000000111100001111111100001111000000001111,Y,"[{""end_offset"":9,""start_offset"":0,""state"":""pure_Q""},{""end_offset"":13,""start_offset"":13,""state"":""raw_codeword_specific_composite""},{""end_offset"":17,""start_offset"":17,""state"":""other_candidate_tuple_consistent""},{""end_offset"":24,""start_offset"":24,""state"":""pure_Q""},{""end_offset"":33,""start_offset"":33,""state"":""raw_codeword_specific_composite""},{""end_offset"":45,""start_offset"":45,""state"":""other_candidate_tuple_consistent""},{""end_offset"":128,""start_offset"":62,""state"":""raw_codeword_specific_composite""},{""end_offset"":256,""start_offset"":161,""state"":""pure_Y""}]"
617,p_q_y,3,Y,Y,first_hidden,True,85,117,True,161,222,True,161,222,True,161,222,76,76,256,Q,Y,0000111111110000111100000000111100001111111100001111000000001111,Y,"[{""end_offset"":9,""start_offset"":0,""state"":""pure_Q""},{""end_offset"":13,""start_offset"":13,""state"":""raw_codeword_specific_composite""},{""end_offset"":17,""start_offset"":17,""state"":""other_candidate_tuple_consistent""},{""end_offset"":24,""start_offset"":24,""state"":""pure_Q""},{""end_offset"":33,""start_offset"":33,""state"":""raw_codeword_specific_composite""},{""end_offset"":45,""start_offset"":45,""state"":""other_candidate_tuple_consistent""},{""end_offset"":128,""start_offset"":62,""state"":""raw_codeword_specific_composite""},{""end_offset"":256,""start_offset"":161,""state"":""pure_Y""}]"
617,p_q_y,3,Y,Y,final_hidden,True,222,256,True,161,222,True,161,222,True,161,222,-61,-61,256,Q,Y,0000111111110000111100000000111100001111111100001111000000001111,Y,"[{""end_offset"":9,""start_offset"":0,""state"":""pure_Q""},{""end_offset"":13,""start_offset"":13,""state"":""raw_codeword_specific_composite""},{""end_offset"":17,""start_offset"":17,""state"":""other_candidate_tuple_consistent""},{""end_offset"":24,""start_offset"":24,""state"":""pure_Q""},{""end_offset"":33,""start_offset"":33,""state"":""raw_codeword_specific_composite""},{""end_offset"":45,""start_offset"":45,""state"":""other_candidate_tuple_consistent""},{""end_offset"":128,""start_offset"":62,""state"":""raw_codeword_specific_composite""},{""end_offset"":256,""start_offset"":161,""state"":""pure_Y""}]"
617,p_y_q,1,P,P,first_hidden,True,0,1,True,3,4,True,3,4,True,3,4,3,3,256,,P,0000000000000000000000000000000011111111111111111111111111111111,P,"[{""end_offset"":2,""start_offset"":0,""state"":""raw_codeword_specific_composite""},{""end_offset"":256,""start_offset"":3,""state"":""pure_P""}]"
617,p_y_q,1,P,P,final_hidden,True,0,1,True,3,4,True,3,4,True,3,4,3,3,256,,P,0000000000000000000000000000000011111111111111111111111111111111,P,"[{""end_offset"":2,""start_offset"":0,""state"":""raw_codeword_specific_composite""},{""end_offset"":256,""start_offset"":3,""state"":""pure_P""}]"
617,p_y_q,1,P,Q,first_hidden,True,33,45,False,,,False,,,False,,,,,256,,P,0000000000000000000000000000000011111111111111111111111111111111,P,"[{""end_offset"":2,""start_offset"":0,""state"":""raw_codeword_specific_composite""},{""end_offset"":256,""start_offset"":3,""state"":""pure_P""}]"
617,p_y_q,1,P,Q,final_hidden,True,45,62,False,,,False,,,False,,,,,256,,P,0000000000000000000000000000000011111111111111111111111111111111,P,"[{""end_offset"":2,""start_offset"":0,""state"":""raw_codeword_specific_composite""},{""end_offset"":256,""start_offset"":3,""state"":""pure_P""}]"
617,p_y_q,1,P,Y,first_hidden,False,,,False,,,False,,,False,,,,,256,,P,0000000000000000000000000000000011111111111111111111111111111111,P,"[{""end_offset"":2,""start_offset"":0,""state"":""raw_codeword_specific_composite""},{""end_offset"":256,""start_offset"":3,""state"":""pure_P""}]"
617,p_y_q,1,P,Y,final_hidden,False,,,False,,,False,,,False,,,,,256,,P,0000000000000000000000000000000011111111111111111111111111111111,P,"[{""end_offset"":2,""start_offset"":0,""state"":""raw_codeword_specific_composite""},{""end_offset"":256,""start_offset"":3,""state"":""pure_P""}]"
617,p_y_q,2,Y,P,first_hidden,True,0,1,True,0,1,True,0,1,True,0,1,0,0,256,P,Y,0000111111110000111100000000111100001111111100001111000000001111,Y,"[{""end_offset"":13,""start_offset"":0,""state"":""pure_P""},{""end_offset"":17,""start_offset"":17,""state"":""raw_codeword_specific_composite""},{""end_offset"":24,""start_offset"":24,""state"":""pure_P""},{""end_offset"":45,""start_offset"":33,""state"":""raw_codeword_specific_composite""},{""end_offset"":62,""start_offset"":62,""state"":""other_candidate_tuple_consistent""},{""end_offset"":85,""start_offset"":85,""state"":""raw_codeword_specific_composite""},{""end_offset"":256,""start_offset"":117,""state"":""pure_Y""}]"
617,p_y_q,2,Y,P,final_hidden,True,0,1,True,0,1,True,0,1,True,0,1,0,0,256,P,Y,0000111111110000111100000000111100001111111100001111000000001111,Y,"[{""end_offset"":13,""start_offset"":0,""state"":""pure_P""},{""end_offset"":17,""start_offset"":17,""state"":""raw_codeword_specific_composite""},{""end_offset"":24,""start_offset"":24,""state"":""pure_P""},{""end_offset"":45,""start_offset"":33,""state"":""raw_codeword_specific_composite""},{""end_offset"":62,""start_offset"":62,""state"":""other_candidate_tuple_consistent""},{""end_offset"":85,""start_offset"":85,""state"":""raw_codeword_specific_composite""},{""end_offset"":256,""start_offset"":117,""state"":""pure_Y""}]"
617,p_y_q,2,Y,Q,first_hidden,True,0,1,False,,,False,,,False,,,,,256,P,Y,0000111111110000111100000000111100001111111100001111000000001111,Y,"[{""end_offset"":13,""start_offset"":0,""state"":""pure_P""},{""end_offset"":17,""start_offset"":17,""state"":""raw_codeword_specific_composite""},{""end_offset"":24,""start_offset"":24,""state"":""pure_P""},{""end_offset"":45,""start_offset"":33,""state"":""raw_codeword_specific_composite""},{""end_offset"":62,""start_offset"":62,""state"":""other_candidate_tuple_consistent""},{""end_offset"":85,""start_offset"":85,""state"":""raw_codeword_specific_composite""},{""end_offset"":256,""start_offset"":117,""state"":""pure_Y""}]"
617,p_y_q,2,Y,Q,final_hidden,False,,,False,,,False,,,False,,,,,256,P,Y,0000111111110000111100000000111100001111111100001111000000001111,Y,"[{""end_offset"":13,""start_offset"":0,""state"":""pure_P""},{""end_offset"":17,""start_offset"":17,""state"":""raw_codeword_specific_composite""},{""end_offset"":24,""start_offset"":24,""state"":""pure_P""},{""end_offset"":45,""start_offset"":33,""state"":""raw_codeword_specific_composite""},{""end_offset"":62,""start_offset"":62,""state"":""other_candidate_tuple_consistent""},{""end_offset"":85,""start_offset"":85,""state"":""raw_codeword_specific_composite""},{""end_offset"":256,""start_offset"":117,""state"":""pure_Y""}]"
617,p_y_q,2,Y,Y,first_hidden,True,33,45,True,117,128,True,117,128,True,117,128,84,84,256,P,Y,0000111111110000111100000000111100001111111100001111000000001111,Y,"[{""end_offset"":13,""start_offset"":0,""state"":""pure_P""},{""end_offset"":17,""start_offset"":17,""state"":""raw_codeword_specific_composite""},{""end_offset"":24,""start_offset"":24,""state"":""pure_P""},{""end_offset"":45,""start_offset"":33,""state"":""raw_codeword_specific_composite""},{""end_offset"":62,""start_offset"":62,""state"":""other_candidate_tuple_consistent""},{""end_offset"":85,""start_offset"":85,""state"":""raw_codeword_specific_composite""},{""end_offset"":256,""start_offset"":117,""state"":""pure_Y""}]"
617,p_y_q,2,Y,Y,final_hidden,True,85,117,True,117,128,True,117,128,True,117,128,32,32,256,P,Y,0000111111110000111100000000111100001111111100001111000000001111,Y,"[{""end_offset"":13,""start_offset"":0,""state"":""pure_P""},{""end_offset"":17,""start_offset"":17,""state"":""raw_codeword_specific_composite""},{""end_offset"":24,""start_offset"":24,""state"":""pure_P""},{""end_offset"":45,""start_offset"":33,""state"":""raw_codeword_specific_composite""},{""end_offset"":62,""start_offset"":62,""state"":""other_candidate_tuple_consistent""},{""end_offset"":85,""start_offset"":85,""state"":""raw_codeword_specific_composite""},{""end_offset"":256,""start_offset"":117,""state"":""pure_Y""}]"
617,p_y_q,3,Q,P,first_hidden,True,0,1,False,,,False,,,False,,,,,256,Y,Q,1001100110011001100110011001100110011001100110011001100110011001,Q,"[{""end_offset"":9,""start_offset"":0,""state"":""pure_Y""},{""end_offset"":45,""start_offset"":13,""state"":""raw_codeword_specific_composite""},{""end_offset"":256,""start_offset"":62,""state"":""pure_Q""}]"
617,p_y_q,3,Q,P,final_hidden,True,0,1,False,,,False,,,False,,,,,256,Y,Q,1001100110011001100110011001100110011001100110011001100110011001,Q,"[{""end_offset"":9,""start_offset"":0,""state"":""pure_Y""},{""end_offset"":45,""start_offset"":13,""state"":""raw_codeword_specific_composite""},{""end_offset"":256,""start_offset"":62,""state"":""pure_Q""}]"
617,p_y_q,3,Q,Q,first_hidden,True,0,1,True,62,85,True,62,85,True,62,85,62,62,256,Y,Q,1001100110011001100110011001100110011001100110011001100110011001,Q,"[{""end_offset"":9,""start_offset"":0,""state"":""pure_Y""},{""end_offset"":45,""start_offset"":13,""state"":""raw_codeword_specific_composite""},{""end_offset"":256,""start_offset"":62,""state"":""pure_Q""}]"
617,p_y_q,3,Q,Q,final_hidden,True,45,62,True,62,85,True,62,85,True,62,85,17,17,256,Y,Q,1001100110011001100110011001100110011001100110011001100110011001,Q,"[{""end_offset"":9,""start_offset"":0,""state"":""pure_Y""},{""end_offset"":45,""start_offset"":13,""state"":""raw_codeword_specific_composite""},{""end_offset"":256,""start_offset"":62,""state"":""pure_Q""}]"
617,p_y_q,3,Q,Y,first_hidden,True,0,1,True,0,1,True,0,1,True,0,1,0,0,256,Y,Q,1001100110011001100110011001100110011001100110011001100110011001,Q,"[{""end_offset"":9,""start_offset"":0,""state"":""pure_Y""},{""end_offset"":45,""start_offset"":13,""state"":""raw_codeword_specific_composite""},{""end_offset"":256,""start_offset"":62,""state"":""pure_Q""}]"
617,p_y_q,3,Q,Y,final_hidden,True,0,1,True,0,1,True,0,1,True,0,1,0,0,256,Y,Q,1001100110011001100110011001100110011001100110011001100110011001,Q,"[{""end_offset"":9,""start_offset"":0,""state"":""pure_Y""},{""end_offset"":45,""start_offset"":13,""state"":""raw_codeword_specific_composite""},{""end_offset"":256,""start_offset"":62,""state"":""pure_Q""}]"
617,q_p_y,1,Q,P,first_hidden,True,0,1,False,,,False,,,False,,,,,256,,Q,1001100110011001100110011001100110011001100110011001100110011001,Q,"[{""end_offset"":5,""start_offset"":0,""state"":""raw_codeword_specific_composite""},{""end_offset"":256,""start_offset"":7,""state"":""pure_Q""}]"
617,q_p_y,1,Q,P,final_hidden,True,0,1,False,,,False,,,False,,,,,256,,Q,1001100110011001100110011001100110011001100110011001100110011001,Q,"[{""end_offset"":5,""start_offset"":0,""state"":""raw_codeword_specific_composite""},{""end_offset"":256,""start_offset"":7,""state"":""pure_Q""}]"
617,q_p_y,1,Q,Q,first_hidden,True,13,17,True,7,9,True,7,9,True,7,9,-6,-6,256,,Q,1001100110011001100110011001100110011001100110011001100110011001,Q,"[{""end_offset"":5,""start_offset"":0,""state"":""raw_codeword_specific_composite""},{""end_offset"":256,""start_offset"":7,""state"":""pure_Q""}]"
617,q_p_y,1,Q,Q,final_hidden,True,9,13,True,7,9,True,7,9,True,7,9,-2,-2,256,,Q,1001100110011001100110011001100110011001100110011001100110011001,Q,"[{""end_offset"":5,""start_offset"":0,""state"":""raw_codeword_specific_composite""},{""end_offset"":256,""start_offset"":7,""state"":""pure_Q""}]"
617,q_p_y,1,Q,Y,first_hidden,False,,,False,,,False,,,False,,,,,256,,Q,1001100110011001100110011001100110011001100110011001100110011001,Q,"[{""end_offset"":5,""start_offset"":0,""state"":""raw_codeword_specific_composite""},{""end_offset"":256,""start_offset"":7,""state"":""pure_Q""}]"
617,q_p_y,1,Q,Y,final_hidden,False,,,False,,,False,,,False,,,,,256,,Q,1001100110011001100110011001100110011001100110011001100110011001,Q,"[{""end_offset"":5,""start_offset"":0,""state"":""raw_codeword_specific_composite""},{""end_offset"":256,""start_offset"":7,""state"":""pure_Q""}]"
617,q_p_y,2,P,P,first_hidden,True,0,1,True,24,33,True,24,33,True,24,33,24,24,256,Q,P,0000000000000000000000000000000011111111111111111111111111111111,P,"[{""end_offset"":13,""start_offset"":0,""state"":""pure_Q""},{""end_offset"":17,""start_offset"":17,""state"":""raw_codeword_specific_composite""},{""end_offset"":256,""start_offset"":24,""state"":""pure_P""}]"
617,q_p_y,2,P,P,final_hidden,True,0,1,True,24,33,True,24,33,True,24,33,24,24,256,Q,P,0000000000000000000000000000000011111111111111111111111111111111,P,"[{""end_offset"":13,""start_offset"":0,""state"":""pure_Q""},{""end_offset"":17,""start_offset"":17,""state"":""raw_codeword_specific_composite""},{""end_offset"":256,""start_offset"":24,""state"":""pure_P""}]"
617,q_p_y,2,P,Q,first_hidden,True,0,1,True,0,1,True,0,1,True,0,1,0,0,256,Q,P,0000000000000000000000000000000011111111111111111111111111111111,P,"[{""end_offset"":13,""start_offset"":0,""state"":""pure_Q""},{""end_offset"":17,""start_offset"":17,""state"":""raw_codeword_specific_composite""},{""end_offset"":256,""start_offset"":24,""state"":""pure_P""}]"
617,q_p_y,2,P,Q,final_hidden,True,0,1,True,0,1,True,0,1,True,0,1,0,0,256,Q,P,0000000000000000000000000000000011111111111111111111111111111111,P,"[{""end_offset"":13,""start_offset"":0,""state"":""pure_Q""},{""end_offset"":17,""start_offset"":17,""state"":""raw_codeword_specific_composite""},{""end_offset"":256,""start_offset"":24,""state"":""pure_P""}]"
617,q_p_y,2,P,Y,first_hidden,False,,,False,,,False,,,False,,,,,256,Q,P,0000000000000000000000000000000011111111111111111111111111111111,P,"[{""end_offset"":13,""start_offset"":0,""state"":""pure_Q""},{""end_offset"":17,""start_offset"":17,""state"":""raw_codeword_specific_composite""},{""end_offset"":256,""start_offset"":24,""state"":""pure_P""}]"
617,q_p_y,2,P,Y,final_hidden,False,,,False,,,False,,,False,,,,,256,Q,P,0000000000000000000000000000000011111111111111111111111111111111,P,"[{""end_offset"":13,""start_offset"":0,""state"":""pure_Q""},{""end_offset"":17,""start_offset"":17,""state"":""raw_codeword_specific_composite""},{""end_offset"":256,""start_offset"":24,""state"":""pure_P""}]"
617,q_p_y,3,Y,P,first_hidden,True,0,1,True,0,1,True,0,1,True,0,1,0,0,256,P,Y,0000111111110000111100000000111100001111111100001111000000001111,Y,"[{""end_offset"":17,""start_offset"":0,""state"":""pure_P""},{""end_offset"":85,""start_offset"":24,""state"":""raw_codeword_specific_composite""},{""end_offset"":256,""start_offset"":117,""state"":""pure_Y""}]"
617,q_p_y,3,Y,P,final_hidden,True,0,1,True,0,1,True,0,1,True,0,1,0,0,256,P,Y,0000111111110000111100000000111100001111111100001111000000001111,Y,"[{""end_offset"":17,""start_offset"":0,""state"":""pure_P""},{""end_offset"":85,""start_offset"":24,""state"":""raw_codeword_specific_composite""},{""end_offset"":256,""start_offset"":117,""state"":""pure_Y""}]"
617,q_p_y,3,Y,Q,first_hidden,True,1,2,False,,,False,,,False,,,,,256,P,Y,0000111111110000111100000000111100001111111100001111000000001111,Y,"[{""end_offset"":17,""start_offset"":0,""state"":""pure_P""},{""end_offset"":85,""start_offset"":24,""state"":""raw_codeword_specific_composite""},{""end_offset"":256,""start_offset"":117,""state"":""pure_Y""}]"
617,q_p_y,3,Y,Q,final_hidden,True,0,1,False,,,False,,,False,,,,,256,P,Y,0000111111110000111100000000111100001111111100001111000000001111,Y,"[{""end_offset"":17,""start_offset"":0,""state"":""pure_P""},{""end_offset"":85,""start_offset"":24,""state"":""raw_codeword_specific_composite""},{""end_offset"":256,""start_offset"":117,""state"":""pure_Y""}]"
617,q_p_y,3,Y,Y,first_hidden,True,117,128,True,117,128,True,117,128,True,117,128,0,0,256,P,Y,0000111111110000111100000000111100001111111100001111000000001111,Y,"[{""end_offset"":17,""start_offset"":0,""state"":""pure_P""},{""end_offset"":85,""start_offset"":24,""state"":""raw_codeword_specific_composite""},{""end_offset"":256,""start_offset"":117,""state"":""pure_Y""}]"
617,q_p_y,3,Y,Y,final_hidden,True,128,161,True,117,128,True,117,128,True,117,128,-11,-11,256,P,Y,0000111111110000111100000000111100001111111100001111000000001111,Y,"[{""end_offset"":17,""start_offset"":0,""state"":""pure_P""},{""end_offset"":85,""start_offset"":24,""state"":""raw_codeword_specific_composite""},{""end_offset"":256,""start_offset"":117,""state"":""pure_Y""}]"
617,q_y_p,1,Q,P,first_hidden,True,0,1,False,,,False,,,False,,,,,256,,Q,1001100110011001100110011001100110011001100110011001100110011001,Q,"[{""end_offset"":5,""start_offset"":0,""state"":""raw_codeword_specific_composite""},{""end_offset"":256,""start_offset"":7,""state"":""pure_Q""}]"
617,q_y_p,1,Q,P,final_hidden,True,0,1,False,,,False,,,False,,,,,256,,Q,1001100110011001100110011001100110011001100110011001100110011001,Q,"[{""end_offset"":5,""start_offset"":0,""state"":""raw_codeword_specific_composite""},{""end_offset"":256,""start_offset"":7,""state"":""pure_Q""}]"
617,q_y_p,1,Q,Q,first_hidden,True,13,17,True,7,9,True,7,9,True,7,9,-6,-6,256,,Q,1001100110011001100110011001100110011001100110011001100110011001,Q,"[{""end_offset"":5,""start_offset"":0,""state"":""raw_codeword_specific_composite""},{""end_offset"":256,""start_offset"":7,""state"":""pure_Q""}]"
617,q_y_p,1,Q,Q,final_hidden,True,9,13,True,7,9,True,7,9,True,7,9,-2,-2,256,,Q,1001100110011001100110011001100110011001100110011001100110011001,Q,"[{""end_offset"":5,""start_offset"":0,""state"":""raw_codeword_specific_composite""},{""end_offset"":256,""start_offset"":7,""state"":""pure_Q""}]"
617,q_y_p,1,Q,Y,first_hidden,False,,,False,,,False,,,False,,,,,256,,Q,1001100110011001100110011001100110011001100110011001100110011001,Q,"[{""end_offset"":5,""start_offset"":0,""state"":""raw_codeword_specific_composite""},{""end_offset"":256,""start_offset"":7,""state"":""pure_Q""}]"
617,q_y_p,1,Q,Y,final_hidden,False,,,False,,,False,,,False,,,,,256,,Q,1001100110011001100110011001100110011001100110011001100110011001,Q,"[{""end_offset"":5,""start_offset"":0,""state"":""raw_codeword_specific_composite""},{""end_offset"":256,""start_offset"":7,""state"":""pure_Q""}]"
617,q_y_p,2,Y,P,first_hidden,True,0,1,False,,,False,,,False,,,,,256,Q,Y,0000111111110000111100000000111100001111111100001111000000001111,Y,"[{""end_offset"":9,""start_offset"":0,""state"":""pure_Q""},{""end_offset"":62,""start_offset"":13,""state"":""raw_codeword_specific_composite""},{""end_offset"":256,""start_offset"":85,""state"":""pure_Y""}]"
617,q_y_p,2,Y,P,final_hidden,True,0,1,False,,,False,,,False,,,,,256,Q,Y,0000111111110000111100000000111100001111111100001111000000001111,Y,"[{""end_offset"":9,""start_offset"":0,""state"":""pure_Q""},{""end_offset"":62,""start_offset"":13,""state"":""raw_codeword_specific_composite""},{""end_offset"":256,""start_offset"":85,""state"":""pure_Y""}]"
617,q_y_p,2,Y,Q,first_hidden,True,0,1,True,0,1,True,0,1,True,0,1,0,0,256,Q,Y,0000111111110000111100000000111100001111111100001111000000001111,Y,"[{""end_offset"":9,""start_offset"":0,""state"":""pure_Q""},{""end_offset"":62,""start_offset"":13,""state"":""raw_codeword_specific_composite""},{""end_offset"":256,""start_offset"":85,""state"":""pure_Y""}]"
617,q_y_p,2,Y,Q,final_hidden,True,0,1,True,0,1,True,0,1,True,0,1,0,0,256,Q,Y,0000111111110000111100000000111100001111111100001111000000001111,Y,"[{""end_offset"":9,""start_offset"":0,""state"":""pure_Q""},{""end_offset"":62,""start_offset"":13,""state"":""raw_codeword_specific_composite""},{""end_offset"":256,""start_offset"":85,""state"":""pure_Y""}]"
617,q_y_p,2,Y,Y,first_hidden,True,62,85,True,85,117,True,85,117,True,85,117,23,23,256,Q,Y,0000111111110000111100000000111100001111111100001111000000001111,Y,"[{""end_offset"":9,""start_offset"":0,""state"":""pure_Q""},{""end_offset"":62,""start_offset"":13,""state"":""raw_codeword_specific_composite""},{""end_offset"":256,""start_offset"":85,""state"":""pure_Y""}]"
617,q_y_p,2,Y,Y,final_hidden,True,85,117,True,85,117,True,85,117,True,85,117,0,0,256,Q,Y,0000111111110000111100000000111100001111111100001111000000001111,Y,"[{""end_offset"":9,""start_offset"":0,""state"":""pure_Q""},{""end_offset"":62,""start_offset"":13,""state"":""raw_codeword_specific_composite""},{""end_offset"":256,""start_offset"":85,""state"":""pure_Y""}]"
617,q_y_p,3,P,P,first_hidden,True,0,1,True,33,45,True,33,45,True,33,45,33,33,256,Y,P,0000000000000000000000000000000011111111111111111111111111111111,P,"[{""end_offset"":13,""start_offset"":0,""state"":""pure_Y""},{""end_offset"":24,""start_offset"":17,""state"":""raw_codeword_specific_composite""},{""end_offset"":256,""start_offset"":33,""state"":""pure_P""}]"
617,q_y_p,3,P,P,final_hidden,True,0,1,True,33,45,True,33,45,True,33,45,33,33,256,Y,P,0000000000000000000000000000000011111111111111111111111111111111,P,"[{""end_offset"":13,""start_offset"":0,""state"":""pure_Y""},{""end_offset"":24,""start_offset"":17,""state"":""raw_codeword_specific_composite""},{""end_offset"":256,""start_offset"":33,""state"":""pure_P""}]"
617,q_y_p,3,P,Q,first_hidden,True,0,1,False,,,False,,,False,,,,,256,Y,P,0000000000000000000000000000000011111111111111111111111111111111,P,"[{""end_offset"":13,""start_offset"":0,""state"":""pure_Y""},{""end_offset"":24,""start_offset"":17,""state"":""raw_codeword_specific_composite""},{""end_offset"":256,""start_offset"":33,""state"":""pure_P""}]"
617,q_y_p,3,P,Q,final_hidden,True,17,24,False,,,False,,,False,,,,,256,Y,P,0000000000000000000000000000000011111111111111111111111111111111,P,"[{""end_offset"":13,""start_offset"":0,""state"":""pure_Y""},{""end_offset"":24,""start_offset"":17,""state"":""raw_codeword_specific_composite""},{""end_offset"":256,""start_offset"":33,""state"":""pure_P""}]"
617,q_y_p,3,P,Y,first_hidden,True,0,1,True,0,1,True,0,1,True,0,1,0,0,256,Y,P,0000000000000000000000000000000011111111111111111111111111111111,P,"[{""end_offset"":13,""start_offset"":0,""state"":""pure_Y""},{""end_offset"":24,""start_offset"":17,""state"":""raw_codeword_specific_composite""},{""end_offset"":256,""start_offset"":33,""state"":""pure_P""}]"
617,q_y_p,3,P,Y,final_hidden,True,0,1,True,0,1,True,0,1,True,0,1,0,0,256,Y,P,0000000000000000000000000000000011111111111111111111111111111111,P,"[{""end_offset"":13,""start_offset"":0,""state"":""pure_Y""},{""end_offset"":24,""start_offset"":17,""state"":""raw_codeword_specific_composite""},{""end_offset"":256,""start_offset"":33,""state"":""pure_P""}]"
617,y_p_q,1,Y,P,first_hidden,True,0,1,False,,,False,,,False,,,,,256,,Y,0000111111110000111100000000111100001111111100001111000000001111,Y,"[{""end_offset"":7,""start_offset"":0,""state"":""raw_codeword_specific_composite""},{""end_offset"":256,""start_offset"":9,""state"":""pure_Y""}]"
617,y_p_q,1,Y,P,final_hidden,True,0,1,False,,,False,,,False,,,,,256,,Y,0000111111110000111100000000111100001111111100001111000000001111,Y,"[{""end_offset"":7,""start_offset"":0,""state"":""raw_codeword_specific_composite""},{""end_offset"":256,""start_offset"":9,""state"":""pure_Y""}]"
617,y_p_q,1,Y,Q,first_hidden,False,,,False,,,False,,,False,,,,,256,,Y,0000111111110000111100000000111100001111111100001111000000001111,Y,"[{""end_offset"":7,""start_offset"":0,""state"":""raw_codeword_specific_composite""},{""end_offset"":256,""start_offset"":9,""state"":""pure_Y""}]"
617,y_p_q,1,Y,Q,final_hidden,False,,,False,,,False,,,False,,,,,256,,Y,0000111111110000111100000000111100001111111100001111000000001111,Y,"[{""end_offset"":7,""start_offset"":0,""state"":""raw_codeword_specific_composite""},{""end_offset"":256,""start_offset"":9,""state"":""pure_Y""}]"
617,y_p_q,1,Y,Y,first_hidden,True,33,45,True,9,13,True,9,13,True,9,13,-24,-24,256,,Y,0000111111110000111100000000111100001111111100001111000000001111,Y,"[{""end_offset"":7,""start_offset"":0,""state"":""raw_codeword_specific_composite""},{""end_offset"":256,""start_offset"":9,""state"":""pure_Y""}]"
617,y_p_q,1,Y,Y,final_hidden,True,7,9,True,9,13,True,9,13,True,9,13,2,2,256,,Y,0000111111110000111100000000111100001111111100001111000000001111,Y,"[{""end_offset"":7,""start_offset"":0,""state"":""raw_codeword_specific_composite""},{""end_offset"":256,""start_offset"":9,""state"":""pure_Y""}]"
617,y_p_q,2,P,P,first_hidden,True,0,1,True,24,33,True,24,33,True,24,33,24,24,256,Y,P,0000000000000000000000000000000011111111111111111111111111111111,P,"[{""end_offset"":9,""start_offset"":0,""state"":""pure_Y""},{""end_offset"":17,""start_offset"":13,""state"":""raw_codeword_specific_composite""},{""end_offset"":256,""start_offset"":24,""state"":""pure_P""}]"
617,y_p_q,2,P,P,final_hidden,True,0,1,True,24,33,True,24,33,True,24,33,24,24,256,Y,P,0000000000000000000000000000000011111111111111111111111111111111,P,"[{""end_offset"":9,""start_offset"":0,""state"":""pure_Y""},{""end_offset"":17,""start_offset"":13,""state"":""raw_codeword_specific_composite""},{""end_offset"":256,""start_offset"":24,""state"":""pure_P""}]"
617,y_p_q,2,P,Q,first_hidden,False,,,False,,,False,,,False,,,,,256,Y,P,0000000000000000000000000000000011111111111111111111111111111111,P,"[{""end_offset"":9,""start_offset"":0,""state"":""pure_Y""},{""end_offset"":17,""start_offset"":13,""state"":""raw_codeword_specific_composite""},{""end_offset"":256,""start_offset"":24,""state"":""pure_P""}]"
617,y_p_q,2,P,Q,final_hidden,False,,,False,,,False,,,False,,,,,256,Y,P,0000000000000000000000000000000011111111111111111111111111111111,P,"[{""end_offset"":9,""start_offset"":0,""state"":""pure_Y""},{""end_offset"":17,""start_offset"":13,""state"":""raw_codeword_specific_composite""},{""end_offset"":256,""start_offset"":24,""state"":""pure_P""}]"
617,y_p_q,2,P,Y,first_hidden,True,0,1,True,0,1,True,0,1,True,0,1,0,0,256,Y,P,0000000000000000000000000000000011111111111111111111111111111111,P,"[{""end_offset"":9,""start_offset"":0,""state"":""pure_Y""},{""end_offset"":17,""start_offset"":13,""state"":""raw_codeword_specific_composite""},{""end_offset"":256,""start_offset"":24,""state"":""pure_P""}]"
617,y_p_q,2,P,Y,final_hidden,True,0,1,True,0,1,True,0,1,True,0,1,0,0,256,Y,P,0000000000000000000000000000000011111111111111111111111111111111,P,"[{""end_offset"":9,""start_offset"":0,""state"":""pure_Y""},{""end_offset"":17,""start_offset"":13,""state"":""raw_codeword_specific_composite""},{""end_offset"":256,""start_offset"":24,""state"":""pure_P""}]"
617,y_p_q,3,Q,P,first_hidden,True,0,1,True,0,1,True,0,1,True,0,1,0,0,256,P,Q,1001100110011001100110011001100110011001100110011001100110011001,Q,"[{""end_offset"":24,""start_offset"":0,""state"":""pure_P""},{""end_offset"":45,""start_offset"":33,""state"":""raw_codeword_specific_composite""},{""end_offset"":256,""start_offset"":62,""state"":""pure_Q""}]"
617,y_p_q,3,Q,P,final_hidden,True,0,1,True,0,1,True,0,1,True,0,1,0,0,256,P,Q,1001100110011001100110011001100110011001100110011001100110011001,Q,"[{""end_offset"":24,""start_offset"":0,""state"":""pure_P""},{""end_offset"":45,""start_offset"":33,""state"":""raw_codeword_specific_composite""},{""end_offset"":256,""start_offset"":62,""state"":""pure_Q""}]"
617,y_p_q,3,Q,Q,first_hidden,True,85,117,True,62,85,True,62,85,True,62,85,-23,-23,256,P,Q,1001100110011001100110011001100110011001100110011001100110011001,Q,"[{""end_offset"":24,""start_offset"":0,""state"":""pure_P""},{""end_offset"":45,""start_offset"":33,""state"":""raw_codeword_specific_composite""},{""end_offset"":256,""start_offset"":62,""state"":""pure_Q""}]"
617,y_p_q,3,Q,Q,final_hidden,True,62,85,True,62,85,True,62,85,True,62,85,0,0,256,P,Q,1001100110011001100110011001100110011001100110011001100110011001,Q,"[{""end_offset"":24,""start_offset"":0,""state"":""pure_P""},{""end_offset"":45,""start_offset"":33,""state"":""raw_codeword_specific_composite""},{""end_offset"":256,""start_offset"":62,""state"":""pure_Q""}]"
617,y_p_q,3,Q,Y,first_hidden,True,0,1,False,,,False,,,False,,,,,256,P,Q,1001100110011001100110011001100110011001100110011001100110011001,Q,"[{""end_offset"":24,""start_offset"":0,""state"":""pure_P""},{""end_offset"":45,""start_offset"":33,""state"":""raw_codeword_specific_composite""},{""end_offset"":256,""start_offset"":62,""state"":""pure_Q""}]"
617,y_p_q,3,Q,Y,final_hidden,True,0,1,False,,,False,,,False,,,,,256,P,Q,1001100110011001100110011001100110011001100110011001100110011001,Q,"[{""end_offset"":24,""start_offset"":0,""state"":""pure_P""},{""end_offset"":45,""start_offset"":33,""state"":""raw_codeword_specific_composite""},{""end_offset"":256,""start_offset"":62,""state"":""pure_Q""}]"
617,y_q_p,1,Y,P,first_hidden,True,0,1,False,,,False,,,False,,,,,256,,Y,0000111111110000111100000000111100001111111100001111000000001111,Y,"[{""end_offset"":7,""start_offset"":0,""state"":""raw_codeword_specific_composite""},{""end_offset"":256,""start_offset"":9,""state"":""pure_Y""}]"
617,y_q_p,1,Y,P,final_hidden,True,0,1,False,,,False,,,False,,,,,256,,Y,0000111111110000111100000000111100001111111100001111000000001111,Y,"[{""end_offset"":7,""start_offset"":0,""state"":""raw_codeword_specific_composite""},{""end_offset"":256,""start_offset"":9,""state"":""pure_Y""}]"
617,y_q_p,1,Y,Q,first_hidden,False,,,False,,,False,,,False,,,,,256,,Y,0000111111110000111100000000111100001111111100001111000000001111,Y,"[{""end_offset"":7,""start_offset"":0,""state"":""raw_codeword_specific_composite""},{""end_offset"":256,""start_offset"":9,""state"":""pure_Y""}]"
617,y_q_p,1,Y,Q,final_hidden,False,,,False,,,False,,,False,,,,,256,,Y,0000111111110000111100000000111100001111111100001111000000001111,Y,"[{""end_offset"":7,""start_offset"":0,""state"":""raw_codeword_specific_composite""},{""end_offset"":256,""start_offset"":9,""state"":""pure_Y""}]"
617,y_q_p,1,Y,Y,first_hidden,True,33,45,True,9,13,True,9,13,True,9,13,-24,-24,256,,Y,0000111111110000111100000000111100001111111100001111000000001111,Y,"[{""end_offset"":7,""start_offset"":0,""state"":""raw_codeword_specific_composite""},{""end_offset"":256,""start_offset"":9,""state"":""pure_Y""}]"
617,y_q_p,1,Y,Y,final_hidden,True,7,9,True,9,13,True,9,13,True,9,13,2,2,256,,Y,0000111111110000111100000000111100001111111100001111000000001111,Y,"[{""end_offset"":7,""start_offset"":0,""state"":""raw_codeword_specific_composite""},{""end_offset"":256,""start_offset"":9,""state"":""pure_Y""}]"
617,y_q_p,2,Q,P,first_hidden,True,0,1,False,,,False,,,False,,,,,256,Y,Q,1001100110011001100110011001100110011001100110011001100110011001,Q,"[{""end_offset"":9,""start_offset"":0,""state"":""pure_Y""},{""end_offset"":33,""start_offset"":13,""state"":""raw_codeword_specific_composite""},{""end_offset"":256,""start_offset"":45,""state"":""pure_Q""}]"
617,y_q_p,2,Q,P,final_hidden,True,0,1,False,,,False,,,False,,,,,256,Y,Q,1001100110011001100110011001100110011001100110011001100110011001,Q,"[{""end_offset"":9,""start_offset"":0,""state"":""pure_Y""},{""end_offset"":33,""start_offset"":13,""state"":""raw_codeword_specific_composite""},{""end_offset"":256,""start_offset"":45,""state"":""pure_Q""}]"
617,y_q_p,2,Q,Q,first_hidden,True,62,85,True,45,62,True,45,62,True,45,62,-17,-17,256,Y,Q,1001100110011001100110011001100110011001100110011001100110011001,Q,"[{""end_offset"":9,""start_offset"":0,""state"":""pure_Y""},{""end_offset"":33,""start_offset"":13,""state"":""raw_codeword_specific_composite""},{""end_offset"":256,""start_offset"":45,""state"":""pure_Q""}]"
617,y_q_p,2,Q,Q,final_hidden,True,62,85,True,45,62,True,45,62,True,45,62,-17,-17,256,Y,Q,1001100110011001100110011001100110011001100110011001100110011001,Q,"[{""end_offset"":9,""start_offset"":0,""state"":""pure_Y""},{""end_offset"":33,""start_offset"":13,""state"":""raw_codeword_specific_composite""},{""end_offset"":256,""start_offset"":45,""state"":""pure_Q""}]"
617,y_q_p,2,Q,Y,first_hidden,True,0,1,True,0,1,True,0,1,True,0,1,0,0,256,Y,Q,1001100110011001100110011001100110011001100110011001100110011001,Q,"[{""end_offset"":9,""start_offset"":0,""state"":""pure_Y""},{""end_offset"":33,""start_offset"":13,""state"":""raw_codeword_specific_composite""},{""end_offset"":256,""start_offset"":45,""state"":""pure_Q""}]"
617,y_q_p,2,Q,Y,final_hidden,True,0,1,True,0,1,True,0,1,True,0,1,0,0,256,Y,Q,1001100110011001100110011001100110011001100110011001100110011001,Q,"[{""end_offset"":9,""start_offset"":0,""state"":""pure_Y""},{""end_offset"":33,""start_offset"":13,""state"":""raw_codeword_specific_composite""},{""end_offset"":256,""start_offset"":45,""state"":""pure_Q""}]"
617,y_q_p,3,P,P,first_hidden,True,0,1,True,24,33,True,24,33,True,24,33,24,24,256,Q,P,0000000000000000000000000000000011111111111111111111111111111111,P,"[{""end_offset"":13,""start_offset"":0,""state"":""pure_Q""},{""end_offset"":17,""start_offset"":17,""state"":""raw_codeword_specific_composite""},{""end_offset"":256,""start_offset"":24,""state"":""pure_P""}]"
617,y_q_p,3,P,P,final_hidden,True,2,3,True,24,33,True,24,33,True,24,33,22,22,256,Q,P,0000000000000000000000000000000011111111111111111111111111111111,P,"[{""end_offset"":13,""start_offset"":0,""state"":""pure_Q""},{""end_offset"":17,""start_offset"":17,""state"":""raw_codeword_specific_composite""},{""end_offset"":256,""start_offset"":24,""state"":""pure_P""}]"
617,y_q_p,3,P,Q,first_hidden,True,0,1,True,0,1,True,0,1,True,0,1,0,0,256,Q,P,0000000000000000000000000000000011111111111111111111111111111111,P,"[{""end_offset"":13,""start_offset"":0,""state"":""pure_Q""},{""end_offset"":17,""start_offset"":17,""state"":""raw_codeword_specific_composite""},{""end_offset"":256,""start_offset"":24,""state"":""pure_P""}]"
617,y_q_p,3,P,Q,final_hidden,True,0,1,True,0,1,True,0,1,True,0,1,0,0,256,Q,P,0000000000000000000000000000000011111111111111111111111111111111,P,"[{""end_offset"":13,""start_offset"":0,""state"":""pure_Q""},{""end_offset"":17,""start_offset"":17,""state"":""raw_codeword_specific_composite""},{""end_offset"":256,""start_offset"":24,""state"":""pure_P""}]"
617,y_q_p,3,P,Y,first_hidden,False,,,False,,,False,,,False,,,,,256,Q,P,0000000000000000000000000000000011111111111111111111111111111111,P,"[{""end_offset"":13,""start_offset"":0,""state"":""pure_Q""},{""end_offset"":17,""start_offset"":17,""state"":""raw_codeword_specific_composite""},{""end_offset"":256,""start_offset"":24,""state"":""pure_P""}]"
617,y_q_p,3,P,Y,final_hidden,True,0,1,False,,,False,,,False,,,,,256,Q,P,0000000000000000000000000000000011111111111111111111111111111111,P,"[{""end_offset"":13,""start_offset"":0,""state"":""pure_Q""},{""end_offset"":17,""start_offset"":17,""state"":""raw_codeword_specific_composite""},{""end_offset"":256,""start_offset"":24,""state"":""pure_P""}]"
619,p_q_y,1,P,P,first_hidden,True,0,1,True,4,5,True,4,5,True,4,5,4,4,256,,P,0000000000000000000000000000000011111111111111111111111111111111,P,"[{""end_offset"":3,""start_offset"":0,""state"":""raw_codeword_specific_composite""},{""end_offset"":256,""start_offset"":4,""state"":""pure_P""}]"
619,p_q_y,1,P,P,final_hidden,True,0,1,True,4,5,True,4,5,True,4,5,4,4,256,,P,0000000000000000000000000000000011111111111111111111111111111111,P,"[{""end_offset"":3,""start_offset"":0,""state"":""raw_codeword_specific_composite""},{""end_offset"":256,""start_offset"":4,""state"":""pure_P""}]"
619,p_q_y,1,P,Q,first_hidden,True,0,1,False,,,False,,,False,,,,,256,,P,0000000000000000000000000000000011111111111111111111111111111111,P,"[{""end_offset"":3,""start_offset"":0,""state"":""raw_codeword_specific_composite""},{""end_offset"":256,""start_offset"":4,""state"":""pure_P""}]"
619,p_q_y,1,P,Q,final_hidden,False,,,False,,,False,,,False,,,,,256,,P,0000000000000000000000000000000011111111111111111111111111111111,P,"[{""end_offset"":3,""start_offset"":0,""state"":""raw_codeword_specific_composite""},{""end_offset"":256,""start_offset"":4,""state"":""pure_P""}]"
619,p_q_y,1,P,Y,first_hidden,False,,,False,,,False,,,False,,,,,256,,P,0000000000000000000000000000000011111111111111111111111111111111,P,"[{""end_offset"":3,""start_offset"":0,""state"":""raw_codeword_specific_composite""},{""end_offset"":256,""start_offset"":4,""state"":""pure_P""}]"
619,p_q_y,1,P,Y,final_hidden,False,,,False,,,False,,,False,,,,,256,,P,0000000000000000000000000000000011111111111111111111111111111111,P,"[{""end_offset"":3,""start_offset"":0,""state"":""raw_codeword_specific_composite""},{""end_offset"":256,""start_offset"":4,""state"":""pure_P""}]"
619,p_q_y,2,Q,P,first_hidden,True,0,1,True,0,1,True,0,1,True,0,1,0,0,256,P,Q,1001100110011001100110011001100110011001100110011001100110011001,Q,"[{""end_offset"":24,""start_offset"":0,""state"":""pure_P""},{""end_offset"":33,""start_offset"":33,""state"":""raw_codeword_specific_composite""},{""end_offset"":256,""start_offset"":45,""state"":""pure_Q""}]"
619,p_q_y,2,Q,P,final_hidden,True,0,1,True,0,1,True,0,1,True,0,1,0,0,256,P,Q,1001100110011001100110011001100110011001100110011001100110011001,Q,"[{""end_offset"":24,""start_offset"":0,""state"":""pure_P""},{""end_offset"":33,""start_offset"":33,""state"":""raw_codeword_specific_composite""},{""end_offset"":256,""start_offset"":45,""state"":""pure_Q""}]"
619,p_q_y,2,Q,Q,first_hidden,True,0,1,True,45,62,True,45,62,True,45,62,45,45,256,P,Q,1001100110011001100110011001100110011001100110011001100110011001,Q,"[{""end_offset"":24,""start_offset"":0,""state"":""pure_P""},{""end_offset"":33,""start_offset"":33,""state"":""raw_codeword_specific_composite""},{""end_offset"":256,""start_offset"":45,""state"":""pure_Q""}]"
619,p_q_y,2,Q,Q,final_hidden,True,33,45,True,45,62,True,45,62,True,45,62,12,12,256,P,Q,1001100110011001100110011001100110011001100110011001100110011001,Q,"[{""end_offset"":24,""start_offset"":0,""state"":""pure_P""},{""end_offset"":33,""start_offset"":33,""state"":""raw_codeword_specific_composite""},{""end_offset"":256,""start_offset"":45,""state"":""pure_Q""}]"
619,p_q_y,2,Q,Y,first_hidden,False,,,False,,,False,,,False,,,,,256,P,Q,1001100110011001100110011001100110011001100110011001100110011001,Q,"[{""end_offset"":24,""start_offset"":0,""state"":""pure_P""},{""end_offset"":33,""start_offset"":33,""state"":""raw_codeword_specific_composite""},{""end_offset"":256,""start_offset"":45,""state"":""pure_Q""}]"
619,p_q_y,2,Q,Y,final_hidden,False,,,False,,,False,,,False,,,,,256,P,Q,1001100110011001100110011001100110011001100110011001100110011001,Q,"[{""end_offset"":24,""start_offset"":0,""state"":""pure_P""},{""end_offset"":33,""start_offset"":33,""state"":""raw_codeword_specific_composite""},{""end_offset"":256,""start_offset"":45,""state"":""pure_Q""}]"
619,p_q_y,3,Y,P,first_hidden,True,0,1,False,,,False,,,False,,,,,256,Q,Y,0000111111110000111100000000111100001111111100001111000000001111,Y,"[{""end_offset"":13,""start_offset"":0,""state"":""pure_Q""},{""end_offset"":128,""start_offset"":17,""state"":""raw_codeword_specific_composite""},{""end_offset"":256,""start_offset"":161,""state"":""pure_Y""}]"
619,p_q_y,3,Y,P,final_hidden,True,0,1,False,,,False,,,False,,,,,256,Q,Y,0000111111110000111100000000111100001111111100001111000000001111,Y,"[{""end_offset"":13,""start_offset"":0,""state"":""pure_Q""},{""end_offset"":128,""start_offset"":17,""state"":""raw_codeword_specific_composite""},{""end_offset"":256,""start_offset"":161,""state"":""pure_Y""}]"
619,p_q_y,3,Y,Q,first_hidden,True,0,1,True,0,1,True,0,1,True,0,1,0,0,256,Q,Y,0000111111110000111100000000111100001111111100001111000000001111,Y,"[{""end_offset"":13,""start_offset"":0,""state"":""pure_Q""},{""end_offset"":128,""start_offset"":17,""state"":""raw_codeword_specific_composite""},{""end_offset"":256,""start_offset"":161,""state"":""pure_Y""}]"
619,p_q_y,3,Y,Q,final_hidden,True,0,1,True,0,1,True,0,1,True,0,1,0,0,256,Q,Y,0000111111110000111100000000111100001111111100001111000000001111,Y,"[{""end_offset"":13,""start_offset"":0,""state"":""pure_Q""},{""end_offset"":128,""start_offset"":17,""state"":""raw_codeword_specific_composite""},{""end_offset"":256,""start_offset"":161,""state"":""pure_Y""}]"
619,p_q_y,3,Y,Y,first_hidden,True,62,85,True,161,222,True,161,222,True,161,222,99,99,256,Q,Y,0000111111110000111100000000111100001111111100001111000000001111,Y,"[{""end_offset"":13,""start_offset"":0,""state"":""pure_Q""},{""end_offset"":128,""start_offset"":17,""state"":""raw_codeword_specific_composite""},{""end_offset"":256,""start_offset"":161,""state"":""pure_Y""}]"
619,p_q_y,3,Y,Y,final_hidden,True,161,222,True,161,222,True,161,222,True,161,222,0,0,256,Q,Y,0000111111110000111100000000111100001111111100001111000000001111,Y,"[{""end_offset"":13,""start_offset"":0,""state"":""pure_Q""},{""end_offset"":128,""start_offset"":17,""state"":""raw_codeword_specific_composite""},{""end_offset"":256,""start_offset"":161,""state"":""pure_Y""}]"
619,p_y_q,1,P,P,first_hidden,True,0,1,True,4,5,True,4,5,True,4,5,4,4,256,,P,0000000000000000000000000000000011111111111111111111111111111111,P,"[{""end_offset"":3,""start_offset"":0,""state"":""raw_codeword_specific_composite""},{""end_offset"":256,""start_offset"":4,""state"":""pure_P""}]"
619,p_y_q,1,P,P,final_hidden,True,0,1,True,4,5,True,4,5,True,4,5,4,4,256,,P,0000000000000000000000000000000011111111111111111111111111111111,P,"[{""end_offset"":3,""start_offset"":0,""state"":""raw_codeword_specific_composite""},{""end_offset"":256,""start_offset"":4,""state"":""pure_P""}]"
619,p_y_q,1,P,Q,first_hidden,True,0,1,False,,,False,,,False,,,,,256,,P,0000000000000000000000000000000011111111111111111111111111111111,P,"[{""end_offset"":3,""start_offset"":0,""state"":""raw_codeword_specific_composite""},{""end_offset"":256,""start_offset"":4,""state"":""pure_P""}]"
619,p_y_q,1,P,Q,final_hidden,False,,,False,,,False,,,False,,,,,256,,P,0000000000000000000000000000000011111111111111111111111111111111,P,"[{""end_offset"":3,""start_offset"":0,""state"":""raw_codeword_specific_composite""},{""end_offset"":256,""start_offset"":4,""state"":""pure_P""}]"
619,p_y_q,1,P,Y,first_hidden,False,,,False,,,False,,,False,,,,,256,,P,0000000000000000000000000000000011111111111111111111111111111111,P,"[{""end_offset"":3,""start_offset"":0,""state"":""raw_codeword_specific_composite""},{""end_offset"":256,""start_offset"":4,""state"":""pure_P""}]"
619,p_y_q,1,P,Y,final_hidden,False,,,False,,,False,,,False,,,,,256,,P,0000000000000000000000000000000011111111111111111111111111111111,P,"[{""end_offset"":3,""start_offset"":0,""state"":""raw_codeword_specific_composite""},{""end_offset"":256,""start_offset"":4,""state"":""pure_P""}]"
619,p_y_q,2,Y,P,first_hidden,True,0,1,True,0,1,True,0,1,True,0,1,0,0,256,P,Y,0000111111110000111100000000111100001111111100001111000000001111,Y,"[{""end_offset"":24,""start_offset"":0,""state"":""pure_P""},{""end_offset"":62,""start_offset"":33,""state"":""raw_codeword_specific_composite""},{""end_offset"":256,""start_offset"":85,""state"":""pure_Y""}]"
619,p_y_q,2,Y,P,final_hidden,True,0,1,True,0,1,True,0,1,True,0,1,0,0,256,P,Y,0000111111110000111100000000111100001111111100001111000000001111,Y,"[{""end_offset"":24,""start_offset"":0,""state"":""pure_P""},{""end_offset"":62,""start_offset"":33,""state"":""raw_codeword_specific_composite""},{""end_offset"":256,""start_offset"":85,""state"":""pure_Y""}]"
619,p_y_q,2,Y,Q,first_hidden,True,0,1,False,,,False,,,False,,,,,256,P,Y,0000111111110000111100000000111100001111111100001111000000001111,Y,"[{""end_offset"":24,""start_offset"":0,""state"":""pure_P""},{""end_offset"":62,""start_offset"":33,""state"":""raw_codeword_specific_composite""},{""end_offset"":256,""start_offset"":85,""state"":""pure_Y""}]"
619,p_y_q,2,Y,Q,final_hidden,True,9,13,False,,,False,,,False,,,,,256,P,Y,0000111111110000111100000000111100001111111100001111000000001111,Y,"[{""end_offset"":24,""start_offset"":0,""state"":""pure_P""},{""end_offset"":62,""start_offset"":33,""state"":""raw_codeword_specific_composite""},{""end_offset"":256,""start_offset"":85,""state"":""pure_Y""}]"
619,p_y_q,2,Y,Y,first_hidden,True,85,117,True,85,117,True,85,117,True,85,117,0,0,256,P,Y,0000111111110000111100000000111100001111111100001111000000001111,Y,"[{""end_offset"":24,""start_offset"":0,""state"":""pure_P""},{""end_offset"":62,""start_offset"":33,""state"":""raw_codeword_specific_composite""},{""end_offset"":256,""start_offset"":85,""state"":""pure_Y""}]"
619,p_y_q,2,Y,Y,final_hidden,True,85,117,True,85,117,True,85,117,True,85,117,0,0,256,P,Y,0000111111110000111100000000111100001111111100001111000000001111,Y,"[{""end_offset"":24,""start_offset"":0,""state"":""pure_P""},{""end_offset"":62,""start_offset"":33,""state"":""raw_codeword_specific_composite""},{""end_offset"":256,""start_offset"":85,""state"":""pure_Y""}]"
619,p_y_q,3,Q,P,first_hidden,True,0,1,False,,,False,,,False,,,,,256,Y,Q,1001100110011001100110011001100110011001100110011001100110011001,Q,"[{""end_offset"":17,""start_offset"":0,""state"":""pure_Y""},{""end_offset"":45,""start_offset"":24,""state"":""raw_codeword_specific_composite""},{""end_offset"":256,""start_offset"":62,""state"":""pure_Q""}]"
619,p_y_q,3,Q,P,final_hidden,True,0,1,False,,,False,,,False,,,,,256,Y,Q,1001100110011001100110011001100110011001100110011001100110011001,Q,"[{""end_offset"":17,""start_offset"":0,""state"":""pure_Y""},{""end_offset"":45,""start_offset"":24,""state"":""raw_codeword_specific_composite""},{""end_offset"":256,""start_offset"":62,""state"":""pure_Q""}]"
619,p_y_q,3,Q,Q,first_hidden,True,3,4,True,62,85,True,62,85,True,62,85,59,59,256,Y,Q,1001100110011001100110011001100110011001100110011001100110011001,Q,"[{""end_offset"":17,""start_offset"":0,""state"":""pure_Y""},{""end_offset"":45,""start_offset"":24,""state"":""raw_codeword_specific_composite""},{""end_offset"":256,""start_offset"":62,""state"":""pure_Q""}]"
619,p_y_q,3,Q,Q,final_hidden,True,62,85,True,62,85,True,62,85,True,62,85,0,0,256,Y,Q,1001100110011001100110011001100110011001100110011001100110011001,Q,"[{""end_offset"":17,""start_offset"":0,""state"":""pure_Y""},{""end_offset"":45,""start_offset"":24,""state"":""raw_codeword_specific_composite""},{""end_offset"":256,""start_offset"":62,""state"":""pure_Q""}]"
619,p_y_q,3,Q,Y,first_hidden,True,0,1,True,0,1,True,0,1,True,0,1,0,0,256,Y,Q,1001100110011001100110011001100110011001100110011001100110011001,Q,"[{""end_offset"":17,""start_offset"":0,""state"":""pure_Y""},{""end_offset"":45,""start_offset"":24,""state"":""raw_codeword_specific_composite""},{""end_offset"":256,""start_offset"":62,""state"":""pure_Q""}]"
619,p_y_q,3,Q,Y,final_hidden,True,0,1,True,0,1,True,0,1,True,0,1,0,0,256,Y,Q,1001100110011001100110011001100110011001100110011001100110011001,Q,"[{""end_offset"":17,""start_offset"":0,""state"":""pure_Y""},{""end_offset"":45,""start_offset"":24,""state"":""raw_codeword_specific_composite""},{""end_offset"":256,""start_offset"":62,""state"":""pure_Q""}]"
619,q_p_y,1,Q,P,first_hidden,True,0,1,False,,,False,,,False,,,,,256,,Q,1001100110011001100110011001100110011001100110011001100110011001,Q,"[{""end_offset"":4,""start_offset"":0,""state"":""raw_codeword_specific_composite""},{""end_offset"":256,""start_offset"":5,""state"":""pure_Q""}]"
619,q_p_y,1,Q,P,final_hidden,True,0,1,False,,,False,,,False,,,,,256,,Q,1001100110011001100110011001100110011001100110011001100110011001,Q,"[{""end_offset"":4,""start_offset"":0,""state"":""raw_codeword_specific_composite""},{""end_offset"":256,""start_offset"":5,""state"":""pure_Q""}]"
619,q_p_y,1,Q,Q,first_hidden,True,0,1,True,5,7,True,5,7,True,5,7,5,5,256,,Q,1001100110011001100110011001100110011001100110011001100110011001,Q,"[{""end_offset"":4,""start_offset"":0,""state"":""raw_codeword_specific_composite""},{""end_offset"":256,""start_offset"":5,""state"":""pure_Q""}]"
619,q_p_y,1,Q,Q,final_hidden,True,13,17,True,5,7,True,5,7,True,5,7,-8,-8,256,,Q,1001100110011001100110011001100110011001100110011001100110011001,Q,"[{""end_offset"":4,""start_offset"":0,""state"":""raw_codeword_specific_composite""},{""end_offset"":256,""start_offset"":5,""state"":""pure_Q""}]"
619,q_p_y,1,Q,Y,first_hidden,False,,,False,,,False,,,False,,,,,256,,Q,1001100110011001100110011001100110011001100110011001100110011001,Q,"[{""end_offset"":4,""start_offset"":0,""state"":""raw_codeword_specific_composite""},{""end_offset"":256,""start_offset"":5,""state"":""pure_Q""}]"
619,q_p_y,1,Q,Y,final_hidden,False,,,False,,,False,,,False,,,,,256,,Q,1001100110011001100110011001100110011001100110011001100110011001,Q,"[{""end_offset"":4,""start_offset"":0,""state"":""raw_codeword_specific_composite""},{""end_offset"":256,""start_offset"":5,""state"":""pure_Q""}]"
619,q_p_y,2,P,P,first_hidden,True,0,1,True,33,45,True,33,45,True,33,45,33,33,256,Q,P,0000000000000000000000000000000011111111111111111111111111111111,P,"[{""end_offset"":13,""start_offset"":0,""state"":""pure_Q""},{""end_offset"":24,""start_offset"":17,""state"":""raw_codeword_specific_composite""},{""end_offset"":256,""start_offset"":33,""state"":""pure_P""}]"
619,q_p_y,2,P,P,final_hidden,True,0,1,True,33,45,True,33,45,True,33,45,33,33,256,Q,P,0000000000000000000000000000000011111111111111111111111111111111,P,"[{""end_offset"":13,""start_offset"":0,""state"":""pure_Q""},{""end_offset"":24,""start_offset"":17,""state"":""raw_codeword_specific_composite""},{""end_offset"":256,""start_offset"":33,""state"":""pure_P""}]"
619,q_p_y,2,P,Q,first_hidden,True,0,1,True,0,1,True,0,1,True,0,1,0,0,256,Q,P,0000000000000000000000000000000011111111111111111111111111111111,P,"[{""end_offset"":13,""start_offset"":0,""state"":""pure_Q""},{""end_offset"":24,""start_offset"":17,""state"":""raw_codeword_specific_composite""},{""end_offset"":256,""start_offset"":33,""state"":""pure_P""}]"
619,q_p_y,2,P,Q,final_hidden,True,0,1,True,0,1,True,0,1,True,0,1,0,0,256,Q,P,0000000000000000000000000000000011111111111111111111111111111111,P,"[{""end_offset"":13,""start_offset"":0,""state"":""pure_Q""},{""end_offset"":24,""start_offset"":17,""state"":""raw_codeword_specific_composite""},{""end_offset"":256,""start_offset"":33,""state"":""pure_P""}]"
619,q_p_y,2,P,Y,first_hidden,False,,,False,,,False,,,False,,,,,256,Q,P,0000000000000000000000000000000011111111111111111111111111111111,P,"[{""end_offset"":13,""start_offset"":0,""state"":""pure_Q""},{""end_offset"":24,""start_offset"":17,""state"":""raw_codeword_specific_composite""},{""end_offset"":256,""start_offset"":33,""state"":""pure_P""}]"
619,q_p_y,2,P,Y,final_hidden,False,,,False,,,False,,,False,,,,,256,Q,P,0000000000000000000000000000000011111111111111111111111111111111,P,"[{""end_offset"":13,""start_offset"":0,""state"":""pure_Q""},{""end_offset"":24,""start_offset"":17,""state"":""raw_codeword_specific_composite""},{""end_offset"":256,""start_offset"":33,""state"":""pure_P""}]"
619,q_p_y,3,Y,P,first_hidden,True,0,1,True,0,1,True,0,1,True,0,1,0,0,256,P,Y,0000111111110000111100000000111100001111111100001111000000001111,Y,"[{""end_offset"":24,""start_offset"":0,""state"":""pure_P""},{""end_offset"":85,""start_offset"":33,""state"":""raw_codeword_specific_composite""},{""end_offset"":256,""start_offset"":117,""state"":""pure_Y""}]"
619,q_p_y,3,Y,P,final_hidden,True,0,1,True,0,1,True,0,1,True,0,1,0,0,256,P,Y,0000111111110000111100000000111100001111111100001111000000001111,Y,"[{""end_offset"":24,""start_offset"":0,""state"":""pure_P""},{""end_offset"":85,""start_offset"":33,""state"":""raw_codeword_specific_composite""},{""end_offset"":256,""start_offset"":117,""state"":""pure_Y""}]"
619,q_p_y,3,Y,Q,first_hidden,True,0,1,False,,,False,,,False,,,,,256,P,Y,0000111111110000111100000000111100001111111100001111000000001111,Y,"[{""end_offset"":24,""start_offset"":0,""state"":""pure_P""},{""end_offset"":85,""start_offset"":33,""state"":""raw_codeword_specific_composite""},{""end_offset"":256,""start_offset"":117,""state"":""pure_Y""}]"
619,q_p_y,3,Y,Q,final_hidden,True,0,1,False,,,False,,,False,,,,,256,P,Y,0000111111110000111100000000111100001111111100001111000000001111,Y,"[{""end_offset"":24,""start_offset"":0,""state"":""pure_P""},{""end_offset"":85,""start_offset"":33,""state"":""raw_codeword_specific_composite""},{""end_offset"":256,""start_offset"":117,""state"":""pure_Y""}]"
619,q_p_y,3,Y,Y,first_hidden,True,117,128,True,117,128,True,117,128,True,117,128,0,0,256,P,Y,0000111111110000111100000000111100001111111100001111000000001111,Y,"[{""end_offset"":24,""start_offset"":0,""state"":""pure_P""},{""end_offset"":85,""start_offset"":33,""state"":""raw_codeword_specific_composite""},{""end_offset"":256,""start_offset"":117,""state"":""pure_Y""}]"
619,q_p_y,3,Y,Y,final_hidden,True,117,128,True,117,128,True,117,128,True,117,128,0,0,256,P,Y,0000111111110000111100000000111100001111111100001111000000001111,Y,"[{""end_offset"":24,""start_offset"":0,""state"":""pure_P""},{""end_offset"":85,""start_offset"":33,""state"":""raw_codeword_specific_composite""},{""end_offset"":256,""start_offset"":117,""state"":""pure_Y""}]"
619,q_y_p,1,Q,P,first_hidden,True,0,1,False,,,False,,,False,,,,,256,,Q,1001100110011001100110011001100110011001100110011001100110011001,Q,"[{""end_offset"":4,""start_offset"":0,""state"":""raw_codeword_specific_composite""},{""end_offset"":256,""start_offset"":5,""state"":""pure_Q""}]"
619,q_y_p,1,Q,P,final_hidden,True,0,1,False,,,False,,,False,,,,,256,,Q,1001100110011001100110011001100110011001100110011001100110011001,Q,"[{""end_offset"":4,""start_offset"":0,""state"":""raw_codeword_specific_composite""},{""end_offset"":256,""start_offset"":5,""state"":""pure_Q""}]"
619,q_y_p,1,Q,Q,first_hidden,True,0,1,True,5,7,True,5,7,True,5,7,5,5,256,,Q,1001100110011001100110011001100110011001100110011001100110011001,Q,"[{""end_offset"":4,""start_offset"":0,""state"":""raw_codeword_specific_composite""},{""end_offset"":256,""start_offset"":5,""state"":""pure_Q""}]"
619,q_y_p,1,Q,Q,final_hidden,True,13,17,True,5,7,True,5,7,True,5,7,-8,-8,256,,Q,1001100110011001100110011001100110011001100110011001100110011001,Q,"[{""end_offset"":4,""start_offset"":0,""state"":""raw_codeword_specific_composite""},{""end_offset"":256,""start_offset"":5,""state"":""pure_Q""}]"
619,q_y_p,1,Q,Y,first_hidden,False,,,False,,,False,,,False,,,,,256,,Q,1001100110011001100110011001100110011001100110011001100110011001,Q,"[{""end_offset"":4,""start_offset"":0,""state"":""raw_codeword_specific_composite""},{""end_offset"":256,""start_offset"":5,""state"":""pure_Q""}]"
619,q_y_p,1,Q,Y,final_hidden,False,,,False,,,False,,,False,,,,,256,,Q,1001100110011001100110011001100110011001100110011001100110011001,Q,"[{""end_offset"":4,""start_offset"":0,""state"":""raw_codeword_specific_composite""},{""end_offset"":256,""start_offset"":5,""state"":""pure_Q""}]"
619,q_y_p,2,Y,P,first_hidden,True,0,1,False,,,False,,,False,,,,,256,Q,Y,0000111111110000111100000000111100001111111100001111000000001111,Y,"[{""end_offset"":13,""start_offset"":0,""state"":""pure_Q""},{""end_offset"":24,""start_offset"":17,""state"":""raw_codeword_specific_composite""},{""end_offset"":33,""start_offset"":33,""state"":""pure_Q""},{""end_offset"":62,""start_offset"":45,""state"":""raw_codeword_specific_composite""},{""end_offset"":256,""start_offset"":85,""state"":""pure_Y""}]"
619,q_y_p,2,Y,P,final_hidden,True,0,1,False,,,False,,,False,,,,,256,Q,Y,0000111111110000111100000000111100001111111100001111000000001111,Y,"[{""end_offset"":13,""start_offset"":0,""state"":""pure_Q""},{""end_offset"":24,""start_offset"":17,""state"":""raw_codeword_specific_composite""},{""end_offset"":33,""start_offset"":33,""state"":""pure_Q""},{""end_offset"":62,""start_offset"":45,""state"":""raw_codeword_specific_composite""},{""end_offset"":256,""start_offset"":85,""state"":""pure_Y""}]"
619,q_y_p,2,Y,Q,first_hidden,True,0,1,True,0,1,True,0,1,True,0,1,0,0,256,Q,Y,0000111111110000111100000000111100001111111100001111000000001111,Y,"[{""end_offset"":13,""start_offset"":0,""state"":""pure_Q""},{""end_offset"":24,""start_offset"":17,""state"":""raw_codeword_specific_composite""},{""end_offset"":33,""start_offset"":33,""state"":""pure_Q""},{""end_offset"":62,""start_offset"":45,""state"":""raw_codeword_specific_composite""},{""end_offset"":256,""start_offset"":85,""state"":""pure_Y""}]"
619,q_y_p,2,Y,Q,final_hidden,True,0,1,True,0,1,True,0,1,True,0,1,0,0,256,Q,Y,0000111111110000111100000000111100001111111100001111000000001111,Y,"[{""end_offset"":13,""start_offset"":0,""state"":""pure_Q""},{""end_offset"":24,""start_offset"":17,""state"":""raw_codeword_specific_composite""},{""end_offset"":33,""start_offset"":33,""state"":""pure_Q""},{""end_offset"":62,""start_offset"":45,""state"":""raw_codeword_specific_composite""},{""end_offset"":256,""start_offset"":85,""state"":""pure_Y""}]"
619,q_y_p,2,Y,Y,first_hidden,True,128,161,True,85,117,True,85,117,True,85,117,-43,-43,256,Q,Y,0000111111110000111100000000111100001111111100001111000000001111,Y,"[{""end_offset"":13,""start_offset"":0,""state"":""pure_Q""},{""end_offset"":24,""start_offset"":17,""state"":""raw_codeword_specific_composite""},{""end_offset"":33,""start_offset"":33,""state"":""pure_Q""},{""end_offset"":62,""start_offset"":45,""state"":""raw_codeword_specific_composite""},{""end_offset"":256,""start_offset"":85,""state"":""pure_Y""}]"
619,q_y_p,2,Y,Y,final_hidden,True,128,161,True,85,117,True,85,117,True,85,117,-43,-43,256,Q,Y,0000111111110000111100000000111100001111111100001111000000001111,Y,"[{""end_offset"":13,""start_offset"":0,""state"":""pure_Q""},{""end_offset"":24,""start_offset"":17,""state"":""raw_codeword_specific_composite""},{""end_offset"":33,""start_offset"":33,""state"":""pure_Q""},{""end_offset"":62,""start_offset"":45,""state"":""raw_codeword_specific_composite""},{""end_offset"":256,""start_offset"":85,""state"":""pure_Y""}]"
619,q_y_p,3,P,P,first_hidden,True,0,1,True,24,33,True,24,33,True,24,33,24,24,256,Y,P,0000000000000000000000000000000011111111111111111111111111111111,P,"[{""end_offset"":9,""start_offset"":0,""state"":""pure_Y""},{""end_offset"":13,""start_offset"":13,""state"":""raw_codeword_specific_composite""},{""end_offset"":17,""start_offset"":17,""state"":""other_candidate_tuple_consistent""},{""end_offset"":256,""start_offset"":24,""state"":""pure_P""}]"
619,q_y_p,3,P,P,final_hidden,True,24,33,True,24,33,True,24,33,True,24,33,0,0,256,Y,P,0000000000000000000000000000000011111111111111111111111111111111,P,"[{""end_offset"":9,""start_offset"":0,""state"":""pure_Y""},{""end_offset"":13,""start_offset"":13,""state"":""raw_codeword_specific_composite""},{""end_offset"":17,""start_offset"":17,""state"":""other_candidate_tuple_consistent""},{""end_offset"":256,""start_offset"":24,""state"":""pure_P""}]"
619,q_y_p,3,P,Q,first_hidden,True,0,1,False,,,False,,,False,,,,,256,Y,P,0000000000000000000000000000000011111111111111111111111111111111,P,"[{""end_offset"":9,""start_offset"":0,""state"":""pure_Y""},{""end_offset"":13,""start_offset"":13,""state"":""raw_codeword_specific_composite""},{""end_offset"":17,""start_offset"":17,""state"":""other_candidate_tuple_consistent""},{""end_offset"":256,""start_offset"":24,""state"":""pure_P""}]"
619,q_y_p,3,P,Q,final_hidden,False,,,False,,,False,,,False,,,,,256,Y,P,0000000000000000000000000000000011111111111111111111111111111111,P,"[{""end_offset"":9,""start_offset"":0,""state"":""pure_Y""},{""end_offset"":13,""start_offset"":13,""state"":""raw_codeword_specific_composite""},{""end_offset"":17,""start_offset"":17,""state"":""other_candidate_tuple_consistent""},{""end_offset"":256,""start_offset"":24,""state"":""pure_P""}]"
619,q_y_p,3,P,Y,first_hidden,True,0,1,True,0,1,True,0,1,True,0,1,0,0,256,Y,P,0000000000000000000000000000000011111111111111111111111111111111,P,"[{""end_offset"":9,""start_offset"":0,""state"":""pure_Y""},{""end_offset"":13,""start_offset"":13,""state"":""raw_codeword_specific_composite""},{""end_offset"":17,""start_offset"":17,""state"":""other_candidate_tuple_consistent""},{""end_offset"":256,""start_offset"":24,""state"":""pure_P""}]"
619,q_y_p,3,P,Y,final_hidden,True,0,1,True,0,1,True,0,1,True,0,1,0,0,256,Y,P,0000000000000000000000000000000011111111111111111111111111111111,P,"[{""end_offset"":9,""start_offset"":0,""state"":""pure_Y""},{""end_offset"":13,""start_offset"":13,""state"":""raw_codeword_specific_composite""},{""end_offset"":17,""start_offset"":17,""state"":""other_candidate_tuple_consistent""},{""end_offset"":256,""start_offset"":24,""state"":""pure_P""}]"
619,y_p_q,1,Y,P,first_hidden,True,0,1,False,,,False,,,False,,,,,256,,Y,0000111111110000111100000000111100001111111100001111000000001111,Y,"[{""end_offset"":13,""start_offset"":0,""state"":""raw_codeword_specific_composite""},{""end_offset"":256,""start_offset"":17,""state"":""pure_Y""}]"
619,y_p_q,1,Y,P,final_hidden,True,0,1,False,,,False,,,False,,,,,256,,Y,0000111111110000111100000000111100001111111100001111000000001111,Y,"[{""end_offset"":13,""start_offset"":0,""state"":""raw_codeword_specific_composite""},{""end_offset"":256,""start_offset"":17,""state"":""pure_Y""}]"
619,y_p_q,1,Y,Q,first_hidden,True,0,1,False,,,False,,,False,,,,,256,,Y,0000111111110000111100000000111100001111111100001111000000001111,Y,"[{""end_offset"":13,""start_offset"":0,""state"":""raw_codeword_specific_composite""},{""end_offset"":256,""start_offset"":17,""state"":""pure_Y""}]"
619,y_p_q,1,Y,Q,final_hidden,False,,,False,,,False,,,False,,,,,256,,Y,0000111111110000111100000000111100001111111100001111000000001111,Y,"[{""end_offset"":13,""start_offset"":0,""state"":""raw_codeword_specific_composite""},{""end_offset"":256,""start_offset"":17,""state"":""pure_Y""}]"
619,y_p_q,1,Y,Y,first_hidden,True,45,62,True,17,24,True,17,24,True,17,24,-28,-28,256,,Y,0000111111110000111100000000111100001111111100001111000000001111,Y,"[{""end_offset"":13,""start_offset"":0,""state"":""raw_codeword_specific_composite""},{""end_offset"":256,""start_offset"":17,""state"":""pure_Y""}]"
619,y_p_q,1,Y,Y,final_hidden,True,24,33,True,17,24,True,17,24,True,17,24,-7,-7,256,,Y,0000111111110000111100000000111100001111111100001111000000001111,Y,"[{""end_offset"":13,""start_offset"":0,""state"":""raw_codeword_specific_composite""},{""end_offset"":256,""start_offset"":17,""state"":""pure_Y""}]"
619,y_p_q,2,P,P,first_hidden,True,0,1,True,24,33,True,24,33,True,24,33,24,24,256,Y,P,0000000000000000000000000000000011111111111111111111111111111111,P,"[{""end_offset"":13,""start_offset"":0,""state"":""pure_Y""},{""end_offset"":17,""start_offset"":17,""state"":""raw_codeword_specific_composite""},{""end_offset"":256,""start_offset"":24,""state"":""pure_P""}]"
619,y_p_q,2,P,P,final_hidden,True,0,1,True,24,33,True,24,33,True,24,33,24,24,256,Y,P,0000000000000000000000000000000011111111111111111111111111111111,P,"[{""end_offset"":13,""start_offset"":0,""state"":""pure_Y""},{""end_offset"":17,""start_offset"":17,""state"":""raw_codeword_specific_composite""},{""end_offset"":256,""start_offset"":24,""state"":""pure_P""}]"
619,y_p_q,2,P,Q,first_hidden,False,,,False,,,False,,,False,,,,,256,Y,P,0000000000000000000000000000000011111111111111111111111111111111,P,"[{""end_offset"":13,""start_offset"":0,""state"":""pure_Y""},{""end_offset"":17,""start_offset"":17,""state"":""raw_codeword_specific_composite""},{""end_offset"":256,""start_offset"":24,""state"":""pure_P""}]"
619,y_p_q,2,P,Q,final_hidden,False,,,False,,,False,,,False,,,,,256,Y,P,0000000000000000000000000000000011111111111111111111111111111111,P,"[{""end_offset"":13,""start_offset"":0,""state"":""pure_Y""},{""end_offset"":17,""start_offset"":17,""state"":""raw_codeword_specific_composite""},{""end_offset"":256,""start_offset"":24,""state"":""pure_P""}]"
619,y_p_q,2,P,Y,first_hidden,True,0,1,True,0,1,True,0,1,True,0,1,0,0,256,Y,P,0000000000000000000000000000000011111111111111111111111111111111,P,"[{""end_offset"":13,""start_offset"":0,""state"":""pure_Y""},{""end_offset"":17,""start_offset"":17,""state"":""raw_codeword_specific_composite""},{""end_offset"":256,""start_offset"":24,""state"":""pure_P""}]"
619,y_p_q,2,P,Y,final_hidden,True,0,1,True,0,1,True,0,1,True,0,1,0,0,256,Y,P,0000000000000000000000000000000011111111111111111111111111111111,P,"[{""end_offset"":13,""start_offset"":0,""state"":""pure_Y""},{""end_offset"":17,""start_offset"":17,""state"":""raw_codeword_specific_composite""},{""end_offset"":256,""start_offset"":24,""state"":""pure_P""}]"
619,y_p_q,3,Q,P,first_hidden,True,0,1,True,0,1,True,0,1,True,0,1,0,0,256,P,Q,1001100110011001100110011001100110011001100110011001100110011001,Q,"[{""end_offset"":24,""start_offset"":0,""state"":""pure_P""},{""end_offset"":33,""start_offset"":33,""state"":""raw_codeword_specific_composite""},{""end_offset"":256,""start_offset"":45,""state"":""pure_Q""}]"
619,y_p_q,3,Q,P,final_hidden,True,0,1,True,0,1,True,0,1,True,0,1,0,0,256,P,Q,1001100110011001100110011001100110011001100110011001100110011001,Q,"[{""end_offset"":24,""start_offset"":0,""state"":""pure_P""},{""end_offset"":33,""start_offset"":33,""state"":""raw_codeword_specific_composite""},{""end_offset"":256,""start_offset"":45,""state"":""pure_Q""}]"
619,y_p_q,3,Q,Q,first_hidden,True,33,45,True,45,62,True,45,62,True,45,62,12,12,256,P,Q,1001100110011001100110011001100110011001100110011001100110011001,Q,"[{""end_offset"":24,""start_offset"":0,""state"":""pure_P""},{""end_offset"":33,""start_offset"":33,""state"":""raw_codeword_specific_composite""},{""end_offset"":256,""start_offset"":45,""state"":""pure_Q""}]"
619,y_p_q,3,Q,Q,final_hidden,True,62,85,True,45,62,True,45,62,True,45,62,-17,-17,256,P,Q,1001100110011001100110011001100110011001100110011001100110011001,Q,"[{""end_offset"":24,""start_offset"":0,""state"":""pure_P""},{""end_offset"":33,""start_offset"":33,""state"":""raw_codeword_specific_composite""},{""end_offset"":256,""start_offset"":45,""state"":""pure_Q""}]"
619,y_p_q,3,Q,Y,first_hidden,False,,,False,,,False,,,False,,,,,256,P,Q,1001100110011001100110011001100110011001100110011001100110011001,Q,"[{""end_offset"":24,""start_offset"":0,""state"":""pure_P""},{""end_offset"":33,""start_offset"":33,""state"":""raw_codeword_specific_composite""},{""end_offset"":256,""start_offset"":45,""state"":""pure_Q""}]"
619,y_p_q,3,Q,Y,final_hidden,True,0,1,False,,,False,,,False,,,,,256,P,Q,1001100110011001100110011001100110011001100110011001100110011001,Q,"[{""end_offset"":24,""start_offset"":0,""state"":""pure_P""},{""end_offset"":33,""start_offset"":33,""state"":""raw_codeword_specific_composite""},{""end_offset"":256,""start_offset"":45,""state"":""pure_Q""}]"
619,y_q_p,1,Y,P,first_hidden,True,0,1,False,,,False,,,False,,,,,256,,Y,0000111111110000111100000000111100001111111100001111000000001111,Y,"[{""end_offset"":13,""start_offset"":0,""state"":""raw_codeword_specific_composite""},{""end_offset"":256,""start_offset"":17,""state"":""pure_Y""}]"
619,y_q_p,1,Y,P,final_hidden,True,0,1,False,,,False,,,False,,,,,256,,Y,0000111111110000111100000000111100001111111100001111000000001111,Y,"[{""end_offset"":13,""start_offset"":0,""state"":""raw_codeword_specific_composite""},{""end_offset"":256,""start_offset"":17,""state"":""pure_Y""}]"
619,y_q_p,1,Y,Q,first_hidden,True,0,1,False,,,False,,,False,,,,,256,,Y,0000111111110000111100000000111100001111111100001111000000001111,Y,"[{""end_offset"":13,""start_offset"":0,""state"":""raw_codeword_specific_composite""},{""end_offset"":256,""start_offset"":17,""state"":""pure_Y""}]"
619,y_q_p,1,Y,Q,final_hidden,False,,,False,,,False,,,False,,,,,256,,Y,0000111111110000111100000000111100001111111100001111000000001111,Y,"[{""end_offset"":13,""start_offset"":0,""state"":""raw_codeword_specific_composite""},{""end_offset"":256,""start_offset"":17,""state"":""pure_Y""}]"
619,y_q_p,1,Y,Y,first_hidden,True,45,62,True,17,24,True,17,24,True,17,24,-28,-28,256,,Y,0000111111110000111100000000111100001111111100001111000000001111,Y,"[{""end_offset"":13,""start_offset"":0,""state"":""raw_codeword_specific_composite""},{""end_offset"":256,""start_offset"":17,""state"":""pure_Y""}]"
619,y_q_p,1,Y,Y,final_hidden,True,24,33,True,17,24,True,17,24,True,17,24,-7,-7,256,,Y,0000111111110000111100000000111100001111111100001111000000001111,Y,"[{""end_offset"":13,""start_offset"":0,""state"":""raw_codeword_specific_composite""},{""end_offset"":256,""start_offset"":17,""state"":""pure_Y""}]"
619,y_q_p,2,Q,P,first_hidden,True,0,1,False,,,False,,,False,,,,,256,Y,Q,1001100110011001100110011001100110011001100110011001100110011001,Q,"[{""end_offset"":17,""start_offset"":0,""state"":""pure_Y""},{""end_offset"":33,""start_offset"":24,""state"":""raw_codeword_specific_composite""},{""end_offset"":256,""start_offset"":45,""state"":""pure_Q""}]"
619,y_q_p,2,Q,P,final_hidden,True,0,1,False,,,False,,,False,,,,,256,Y,Q,1001100110011001100110011001100110011001100110011001100110011001,Q,"[{""end_offset"":17,""start_offset"":0,""state"":""pure_Y""},{""end_offset"":33,""start_offset"":24,""state"":""raw_codeword_specific_composite""},{""end_offset"":256,""start_offset"":45,""state"":""pure_Q""}]"
619,y_q_p,2,Q,Q,first_hidden,True,45,62,True,45,62,True,45,62,True,45,62,0,0,256,Y,Q,1001100110011001100110011001100110011001100110011001100110011001,Q,"[{""end_offset"":17,""start_offset"":0,""state"":""pure_Y""},{""end_offset"":33,""start_offset"":24,""state"":""raw_codeword_specific_composite""},{""end_offset"":256,""start_offset"":45,""state"":""pure_Q""}]"
619,y_q_p,2,Q,Q,final_hidden,True,62,85,True,45,62,True,45,62,True,45,62,-17,-17,256,Y,Q,1001100110011001100110011001100110011001100110011001100110011001,Q,"[{""end_offset"":17,""start_offset"":0,""state"":""pure_Y""},{""end_offset"":33,""start_offset"":24,""state"":""raw_codeword_specific_composite""},{""end_offset"":256,""start_offset"":45,""state"":""pure_Q""}]"
619,y_q_p,2,Q,Y,first_hidden,True,0,1,True,0,1,True,0,1,True,0,1,0,0,256,Y,Q,1001100110011001100110011001100110011001100110011001100110011001,Q,"[{""end_offset"":17,""start_offset"":0,""state"":""pure_Y""},{""end_offset"":33,""start_offset"":24,""state"":""raw_codeword_specific_composite""},{""end_offset"":256,""start_offset"":45,""state"":""pure_Q""}]"
619,y_q_p,2,Q,Y,final_hidden,True,0,1,True,0,1,True,0,1,True,0,1,0,0,256,Y,Q,1001100110011001100110011001100110011001100110011001100110011001,Q,"[{""end_offset"":17,""start_offset"":0,""state"":""pure_Y""},{""end_offset"":33,""start_offset"":24,""state"":""raw_codeword_specific_composite""},{""end_offset"":256,""start_offset"":45,""state"":""pure_Q""}]"
619,y_q_p,3,P,P,first_hidden,True,0,1,True,24,33,True,24,33,True,24,33,24,24,256,Q,P,0000000000000000000000000000000011111111111111111111111111111111,P,"[{""end_offset"":13,""start_offset"":0,""state"":""pure_Q""},{""end_offset"":17,""start_offset"":17,""state"":""raw_codeword_specific_composite""},{""end_offset"":256,""start_offset"":24,""state"":""pure_P""}]"
619,y_q_p,3,P,P,final_hidden,True,33,45,True,24,33,True,24,33,True,24,33,-9,-9,256,Q,P,0000000000000000000000000000000011111111111111111111111111111111,P,"[{""end_offset"":13,""start_offset"":0,""state"":""pure_Q""},{""end_offset"":17,""start_offset"":17,""state"":""raw_codeword_specific_composite""},{""end_offset"":256,""start_offset"":24,""state"":""pure_P""}]"
619,y_q_p,3,P,Q,first_hidden,True,0,1,True,0,1,True,0,1,True,0,1,0,0,256,Q,P,0000000000000000000000000000000011111111111111111111111111111111,P,"[{""end_offset"":13,""start_offset"":0,""state"":""pure_Q""},{""end_offset"":17,""start_offset"":17,""state"":""raw_codeword_specific_composite""},{""end_offset"":256,""start_offset"":24,""state"":""pure_P""}]"
619,y_q_p,3,P,Q,final_hidden,True,0,1,True,0,1,True,0,1,True,0,1,0,0,256,Q,P,0000000000000000000000000000000011111111111111111111111111111111,P,"[{""end_offset"":13,""start_offset"":0,""state"":""pure_Q""},{""end_offset"":17,""start_offset"":17,""state"":""raw_codeword_specific_composite""},{""end_offset"":256,""start_offset"":24,""state"":""pure_P""}]"
619,y_q_p,3,P,Y,first_hidden,False,,,False,,,False,,,False,,,,,256,Q,P,0000000000000000000000000000000011111111111111111111111111111111,P,"[{""end_offset"":13,""start_offset"":0,""state"":""pure_Q""},{""end_offset"":17,""start_offset"":17,""state"":""raw_codeword_specific_composite""},{""end_offset"":256,""start_offset"":24,""state"":""pure_P""}]"
619,y_q_p,3,P,Y,final_hidden,True,17,24,False,,,False,,,False,,,,,256,Q,P,0000000000000000000000000000000011111111111111111111111111111111,P,"[{""end_offset"":13,""start_offset"":0,""state"":""pure_Q""},{""end_offset"":17,""start_offset"":17,""state"":""raw_codeword_specific_composite""},{""end_offset"":256,""start_offset"":24,""state"":""pure_P""}]"
631,p_q_y,1,P,P,first_hidden,True,0,1,True,2,3,True,2,3,True,2,3,2,2,256,,P,0000000000000000000000000000000011111111111111111111111111111111,P,"[{""end_offset"":1,""start_offset"":0,""state"":""raw_codeword_specific_composite""},{""end_offset"":256,""start_offset"":2,""state"":""pure_P""}]"
631,p_q_y,1,P,P,final_hidden,True,0,1,True,2,3,True,2,3,True,2,3,2,2,256,,P,0000000000000000000000000000000011111111111111111111111111111111,P,"[{""end_offset"":1,""start_offset"":0,""state"":""raw_codeword_specific_composite""},{""end_offset"":256,""start_offset"":2,""state"":""pure_P""}]"
631,p_q_y,1,P,Q,first_hidden,True,0,1,False,,,False,,,False,,,,,256,,P,0000000000000000000000000000000011111111111111111111111111111111,P,"[{""end_offset"":1,""start_offset"":0,""state"":""raw_codeword_specific_composite""},{""end_offset"":256,""start_offset"":2,""state"":""pure_P""}]"
631,p_q_y,1,P,Q,final_hidden,False,,,False,,,False,,,False,,,,,256,,P,0000000000000000000000000000000011111111111111111111111111111111,P,"[{""end_offset"":1,""start_offset"":0,""state"":""raw_codeword_specific_composite""},{""end_offset"":256,""start_offset"":2,""state"":""pure_P""}]"
631,p_q_y,1,P,Y,first_hidden,False,,,False,,,False,,,False,,,,,256,,P,0000000000000000000000000000000011111111111111111111111111111111,P,"[{""end_offset"":1,""start_offset"":0,""state"":""raw_codeword_specific_composite""},{""end_offset"":256,""start_offset"":2,""state"":""pure_P""}]"
631,p_q_y,1,P,Y,final_hidden,False,,,False,,,False,,,False,,,,,256,,P,0000000000000000000000000000000011111111111111111111111111111111,P,"[{""end_offset"":1,""start_offset"":0,""state"":""raw_codeword_specific_composite""},{""end_offset"":256,""start_offset"":2,""state"":""pure_P""}]"
631,p_q_y,2,Q,P,first_hidden,True,0,1,True,0,1,True,0,1,True,0,1,0,0,256,P,Q,1001100110011001100110011001100110011001100110011001100110011001,Q,"[{""end_offset"":13,""start_offset"":0,""state"":""pure_P""},{""end_offset"":17,""start_offset"":17,""state"":""raw_codeword_specific_composite""},{""end_offset"":24,""start_offset"":24,""state"":""pure_P""},{""end_offset"":45,""start_offset"":33,""state"":""raw_codeword_specific_composite""},{""end_offset"":256,""start_offset"":62,""state"":""pure_Q""}]"
631,p_q_y,2,Q,P,final_hidden,True,0,1,True,0,1,True,0,1,True,0,1,0,0,256,P,Q,1001100110011001100110011001100110011001100110011001100110011001,Q,"[{""end_offset"":13,""start_offset"":0,""state"":""pure_P""},{""end_offset"":17,""start_offset"":17,""state"":""raw_codeword_specific_composite""},{""end_offset"":24,""start_offset"":24,""state"":""pure_P""},{""end_offset"":45,""start_offset"":33,""state"":""raw_codeword_specific_composite""},{""end_offset"":256,""start_offset"":62,""state"":""pure_Q""}]"
631,p_q_y,2,Q,Q,first_hidden,True,24,33,True,62,85,True,62,85,True,62,85,38,38,256,P,Q,1001100110011001100110011001100110011001100110011001100110011001,Q,"[{""end_offset"":13,""start_offset"":0,""state"":""pure_P""},{""end_offset"":17,""start_offset"":17,""state"":""raw_codeword_specific_composite""},{""end_offset"":24,""start_offset"":24,""state"":""pure_P""},{""end_offset"":45,""start_offset"":33,""state"":""raw_codeword_specific_composite""},{""end_offset"":256,""start_offset"":62,""state"":""pure_Q""}]"
631,p_q_y,2,Q,Q,final_hidden,True,33,45,True,62,85,True,62,85,True,62,85,29,29,256,P,Q,1001100110011001100110011001100110011001100110011001100110011001,Q,"[{""end_offset"":13,""start_offset"":0,""state"":""pure_P""},{""end_offset"":17,""start_offset"":17,""state"":""raw_codeword_specific_composite""},{""end_offset"":24,""start_offset"":24,""state"":""pure_P""},{""end_offset"":45,""start_offset"":33,""state"":""raw_codeword_specific_composite""},{""end_offset"":256,""start_offset"":62,""state"":""pure_Q""}]"
631,p_q_y,2,Q,Y,first_hidden,False,,,False,,,False,,,False,,,,,256,P,Q,1001100110011001100110011001100110011001100110011001100110011001,Q,"[{""end_offset"":13,""start_offset"":0,""state"":""pure_P""},{""end_offset"":17,""start_offset"":17,""state"":""raw_codeword_specific_composite""},{""end_offset"":24,""start_offset"":24,""state"":""pure_P""},{""end_offset"":45,""start_offset"":33,""state"":""raw_codeword_specific_composite""},{""end_offset"":256,""start_offset"":62,""state"":""pure_Q""}]"
631,p_q_y,2,Q,Y,final_hidden,False,,,False,,,False,,,False,,,,,256,P,Q,1001100110011001100110011001100110011001100110011001100110011001,Q,"[{""end_offset"":13,""start_offset"":0,""state"":""pure_P""},{""end_offset"":17,""start_offset"":17,""state"":""raw_codeword_specific_composite""},{""end_offset"":24,""start_offset"":24,""state"":""pure_P""},{""end_offset"":45,""start_offset"":33,""state"":""raw_codeword_specific_composite""},{""end_offset"":256,""start_offset"":62,""state"":""pure_Q""}]"
631,p_q_y,3,Y,P,first_hidden,True,0,1,False,,,False,,,False,,,,,256,Q,Y,0000111111110000111100000000111100001111111100001111000000001111,Y,"[{""end_offset"":17,""start_offset"":0,""state"":""pure_Q""},{""end_offset"":85,""start_offset"":24,""state"":""raw_codeword_specific_composite""},{""end_offset"":256,""start_offset"":117,""state"":""pure_Y""}]"
631,p_q_y,3,Y,P,final_hidden,True,0,1,False,,,False,,,False,,,,,256,Q,Y,0000111111110000111100000000111100001111111100001111000000001111,Y,"[{""end_offset"":17,""start_offset"":0,""state"":""pure_Q""},{""end_offset"":85,""start_offset"":24,""state"":""raw_codeword_specific_composite""},{""end_offset"":256,""start_offset"":117,""state"":""pure_Y""}]"
631,p_q_y,3,Y,Q,first_hidden,True,0,1,True,0,1,True,0,1,True,0,1,0,0,256,Q,Y,0000111111110000111100000000111100001111111100001111000000001111,Y,"[{""end_offset"":17,""start_offset"":0,""state"":""pure_Q""},{""end_offset"":85,""start_offset"":24,""state"":""raw_codeword_specific_composite""},{""end_offset"":256,""start_offset"":117,""state"":""pure_Y""}]"
631,p_q_y,3,Y,Q,final_hidden,True,0,1,True,0,1,True,0,1,True,0,1,0,0,256,Q,Y,0000111111110000111100000000111100001111111100001111000000001111,Y,"[{""end_offset"":17,""start_offset"":0,""state"":""pure_Q""},{""end_offset"":85,""start_offset"":24,""state"":""raw_codeword_specific_composite""},{""end_offset"":256,""start_offset"":117,""state"":""pure_Y""}]"
631,p_q_y,3,Y,Y,first_hidden,True,117,128,True,117,128,True,117,128,True,117,128,0,0,256,Q,Y,0000111111110000111100000000111100001111111100001111000000001111,Y,"[{""end_offset"":17,""start_offset"":0,""state"":""pure_Q""},{""end_offset"":85,""start_offset"":24,""state"":""raw_codeword_specific_composite""},{""end_offset"":256,""start_offset"":117,""state"":""pure_Y""}]"
631,p_q_y,3,Y,Y,final_hidden,True,117,128,True,117,128,True,117,128,True,117,128,0,0,256,Q,Y,0000111111110000111100000000111100001111111100001111000000001111,Y,"[{""end_offset"":17,""start_offset"":0,""state"":""pure_Q""},{""end_offset"":85,""start_offset"":24,""state"":""raw_codeword_specific_composite""},{""end_offset"":256,""start_offset"":117,""state"":""pure_Y""}]"
631,p_y_q,1,P,P,first_hidden,True,0,1,True,2,3,True,2,3,True,2,3,2,2,256,,P,0000000000000000000000000000000011111111111111111111111111111111,P,"[{""end_offset"":1,""start_offset"":0,""state"":""raw_codeword_specific_composite""},{""end_offset"":256,""start_offset"":2,""state"":""pure_P""}]"
631,p_y_q,1,P,P,final_hidden,True,0,1,True,2,3,True,2,3,True,2,3,2,2,256,,P,0000000000000000000000000000000011111111111111111111111111111111,P,"[{""end_offset"":1,""start_offset"":0,""state"":""raw_codeword_specific_composite""},{""end_offset"":256,""start_offset"":2,""state"":""pure_P""}]"
631,p_y_q,1,P,Q,first_hidden,True,0,1,False,,,False,,,False,,,,,256,,P,0000000000000000000000000000000011111111111111111111111111111111,P,"[{""end_offset"":1,""start_offset"":0,""state"":""raw_codeword_specific_composite""},{""end_offset"":256,""start_offset"":2,""state"":""pure_P""}]"
631,p_y_q,1,P,Q,final_hidden,False,,,False,,,False,,,False,,,,,256,,P,0000000000000000000000000000000011111111111111111111111111111111,P,"[{""end_offset"":1,""start_offset"":0,""state"":""raw_codeword_specific_composite""},{""end_offset"":256,""start_offset"":2,""state"":""pure_P""}]"
631,p_y_q,1,P,Y,first_hidden,False,,,False,,,False,,,False,,,,,256,,P,0000000000000000000000000000000011111111111111111111111111111111,P,"[{""end_offset"":1,""start_offset"":0,""state"":""raw_codeword_specific_composite""},{""end_offset"":256,""start_offset"":2,""state"":""pure_P""}]"
631,p_y_q,1,P,Y,final_hidden,False,,,False,,,False,,,False,,,,,256,,P,0000000000000000000000000000000011111111111111111111111111111111,P,"[{""end_offset"":1,""start_offset"":0,""state"":""raw_codeword_specific_composite""},{""end_offset"":256,""start_offset"":2,""state"":""pure_P""}]"
631,p_y_q,2,Y,P,first_hidden,True,0,1,True,0,1,True,0,1,True,0,1,0,0,256,P,Y,0000111111110000111100000000111100001111111100001111000000001111,Y,"[{""end_offset"":24,""start_offset"":0,""state"":""pure_P""},{""end_offset"":33,""start_offset"":33,""state"":""other_candidate_tuple_consistent""},{""end_offset"":62,""start_offset"":45,""state"":""raw_codeword_specific_composite""},{""end_offset"":256,""start_offset"":85,""state"":""pure_Y""}]"
631,p_y_q,2,Y,P,final_hidden,True,0,1,True,0,1,True,0,1,True,0,1,0,0,256,P,Y,0000111111110000111100000000111100001111111100001111000000001111,Y,"[{""end_offset"":24,""start_offset"":0,""state"":""pure_P""},{""end_offset"":33,""start_offset"":33,""state"":""other_candidate_tuple_consistent""},{""end_offset"":62,""start_offset"":45,""state"":""raw_codeword_specific_composite""},{""end_offset"":256,""start_offset"":85,""state"":""pure_Y""}]"
631,p_y_q,2,Y,Q,first_hidden,False,,,False,,,False,,,False,,,,,256,P,Y,0000111111110000111100000000111100001111111100001111000000001111,Y,"[{""end_offset"":24,""start_offset"":0,""state"":""pure_P""},{""end_offset"":33,""start_offset"":33,""state"":""other_candidate_tuple_consistent""},{""end_offset"":62,""start_offset"":45,""state"":""raw_codeword_specific_composite""},{""end_offset"":256,""start_offset"":85,""state"":""pure_Y""}]"
631,p_y_q,2,Y,Q,final_hidden,False,,,False,,,False,,,False,,,,,256,P,Y,0000111111110000111100000000111100001111111100001111000000001111,Y,"[{""end_offset"":24,""start_offset"":0,""state"":""pure_P""},{""end_offset"":33,""start_offset"":33,""state"":""other_candidate_tuple_consistent""},{""end_offset"":62,""start_offset"":45,""state"":""raw_codeword_specific_composite""},{""end_offset"":256,""start_offset"":85,""state"":""pure_Y""}]"
631,p_y_q,2,Y,Y,first_hidden,True,62,85,True,85,117,True,85,117,True,85,117,23,23,256,P,Y,0000111111110000111100000000111100001111111100001111000000001111,Y,"[{""end_offset"":24,""start_offset"":0,""state"":""pure_P""},{""end_offset"":33,""start_offset"":33,""state"":""other_candidate_tuple_consistent""},{""end_offset"":62,""start_offset"":45,""state"":""raw_codeword_specific_composite""},{""end_offset"":256,""start_offset"":85,""state"":""pure_Y""}]"
631,p_y_q,2,Y,Y,final_hidden,True,85,117,True,85,117,True,85,117,True,85,117,0,0,256,P,Y,0000111111110000111100000000111100001111111100001111000000001111,Y,"[{""end_offset"":24,""start_offset"":0,""state"":""pure_P""},{""end_offset"":33,""start_offset"":33,""state"":""other_candidate_tuple_consistent""},{""end_offset"":62,""start_offset"":45,""state"":""raw_codeword_specific_composite""},{""end_offset"":256,""start_offset"":85,""state"":""pure_Y""}]"
631,p_y_q,3,Q,P,first_hidden,True,0,1,False,,,False,,,False,,,,,256,Y,Q,1001100110011001100110011001100110011001100110011001100110011001,Q,"[{""end_offset"":13,""start_offset"":0,""state"":""pure_Y""},{""end_offset"":62,""start_offset"":17,""state"":""raw_codeword_specific_composite""},{""end_offset"":256,""start_offset"":85,""state"":""pure_Q""}]"
631,p_y_q,3,Q,P,final_hidden,True,0,1,False,,,False,,,False,,,,,256,Y,Q,1001100110011001100110011001100110011001100110011001100110011001,Q,"[{""end_offset"":13,""start_offset"":0,""state"":""pure_Y""},{""end_offset"":62,""start_offset"":17,""state"":""raw_codeword_specific_composite""},{""end_offset"":256,""start_offset"":85,""state"":""pure_Q""}]"
631,p_y_q,3,Q,Q,first_hidden,True,13,17,True,85,117,True,85,117,True,85,117,72,72,256,Y,Q,1001100110011001100110011001100110011001100110011001100110011001,Q,"[{""end_offset"":13,""start_offset"":0,""state"":""pure_Y""},{""end_offset"":62,""start_offset"":17,""state"":""raw_codeword_specific_composite""},{""end_offset"":256,""start_offset"":85,""state"":""pure_Q""}]"
631,p_y_q,3,Q,Q,final_hidden,True,62,85,True,85,117,True,85,117,True,85,117,23,23,256,Y,Q,1001100110011001100110011001100110011001100110011001100110011001,Q,"[{""end_offset"":13,""start_offset"":0,""state"":""pure_Y""},{""end_offset"":62,""start_offset"":17,""state"":""raw_codeword_specific_composite""},{""end_offset"":256,""start_offset"":85,""state"":""pure_Q""}]"
631,p_y_q,3,Q,Y,first_hidden,True,0,1,True,0,1,True,0,1,True,0,1,0,0,256,Y,Q,1001100110011001100110011001100110011001100110011001100110011001,Q,"[{""end_offset"":13,""start_offset"":0,""state"":""pure_Y""},{""end_offset"":62,""start_offset"":17,""state"":""raw_codeword_specific_composite""},{""end_offset"":256,""start_offset"":85,""state"":""pure_Q""}]"
631,p_y_q,3,Q,Y,final_hidden,True,0,1,True,0,1,True,0,1,True,0,1,0,0,256,Y,Q,1001100110011001100110011001100110011001100110011001100110011001,Q,"[{""end_offset"":13,""start_offset"":0,""state"":""pure_Y""},{""end_offset"":62,""start_offset"":17,""state"":""raw_codeword_specific_composite""},{""end_offset"":256,""start_offset"":85,""state"":""pure_Q""}]"
631,q_p_y,1,Q,P,first_hidden,True,0,1,False,,,False,,,False,,,,,256,,Q,1001100110011001100110011001100110011001100110011001100110011001,Q,"[{""end_offset"":2,""start_offset"":0,""state"":""raw_codeword_specific_composite""},{""end_offset"":256,""start_offset"":3,""state"":""pure_Q""}]"
631,q_p_y,1,Q,P,final_hidden,True,0,1,False,,,False,,,False,,,,,256,,Q,1001100110011001100110011001100110011001100110011001100110011001,Q,"[{""end_offset"":2,""start_offset"":0,""state"":""raw_codeword_specific_composite""},{""end_offset"":256,""start_offset"":3,""state"":""pure_Q""}]"
631,q_p_y,1,Q,Q,first_hidden,True,0,1,True,3,4,True,3,4,True,3,4,3,3,256,,Q,1001100110011001100110011001100110011001100110011001100110011001,Q,"[{""end_offset"":2,""start_offset"":0,""state"":""raw_codeword_specific_composite""},{""end_offset"":256,""start_offset"":3,""state"":""pure_Q""}]"
631,q_p_y,1,Q,Q,final_hidden,True,2,3,True,3,4,True,3,4,True,3,4,1,1,256,,Q,1001100110011001100110011001100110011001100110011001100110011001,Q,"[{""end_offset"":2,""start_offset"":0,""state"":""raw_codeword_specific_composite""},{""end_offset"":256,""start_offset"":3,""state"":""pure_Q""}]"
631,q_p_y,1,Q,Y,first_hidden,False,,,False,,,False,,,False,,,,,256,,Q,1001100110011001100110011001100110011001100110011001100110011001,Q,"[{""end_offset"":2,""start_offset"":0,""state"":""raw_codeword_specific_composite""},{""end_offset"":256,""start_offset"":3,""state"":""pure_Q""}]"
631,q_p_y,1,Q,Y,final_hidden,False,,,False,,,False,,,False,,,,,256,,Q,1001100110011001100110011001100110011001100110011001100110011001,Q,"[{""end_offset"":2,""start_offset"":0,""state"":""raw_codeword_specific_composite""},{""end_offset"":256,""start_offset"":3,""state"":""pure_Q""}]"
631,q_p_y,2,P,P,first_hidden,True,0,1,True,33,45,True,33,45,True,33,45,33,33,256,Q,P,0000000000000000000000000000000011111111111111111111111111111111,P,"[{""end_offset"":9,""start_offset"":0,""state"":""pure_Q""},{""end_offset"":24,""start_offset"":13,""state"":""raw_codeword_specific_composite""},{""end_offset"":256,""start_offset"":33,""state"":""pure_P""}]"
631,q_p_y,2,P,P,final_hidden,True,0,1,True,33,45,True,33,45,True,33,45,33,33,256,Q,P,0000000000000000000000000000000011111111111111111111111111111111,P,"[{""end_offset"":9,""start_offset"":0,""state"":""pure_Q""},{""end_offset"":24,""start_offset"":13,""state"":""raw_codeword_specific_composite""},{""end_offset"":256,""start_offset"":33,""state"":""pure_P""}]"
631,q_p_y,2,P,Q,first_hidden,True,0,1,True,0,1,True,0,1,True,0,1,0,0,256,Q,P,0000000000000000000000000000000011111111111111111111111111111111,P,"[{""end_offset"":9,""start_offset"":0,""state"":""pure_Q""},{""end_offset"":24,""start_offset"":13,""state"":""raw_codeword_specific_composite""},{""end_offset"":256,""start_offset"":33,""state"":""pure_P""}]"
631,q_p_y,2,P,Q,final_hidden,True,0,1,True,0,1,True,0,1,True,0,1,0,0,256,Q,P,0000000000000000000000000000000011111111111111111111111111111111,P,"[{""end_offset"":9,""start_offset"":0,""state"":""pure_Q""},{""end_offset"":24,""start_offset"":13,""state"":""raw_codeword_specific_composite""},{""end_offset"":256,""start_offset"":33,""state"":""pure_P""}]"
631,q_p_y,2,P,Y,first_hidden,False,,,False,,,False,,,False,,,,,256,Q,P,0000000000000000000000000000000011111111111111111111111111111111,P,"[{""end_offset"":9,""start_offset"":0,""state"":""pure_Q""},{""end_offset"":24,""start_offset"":13,""state"":""raw_codeword_specific_composite""},{""end_offset"":256,""start_offset"":33,""state"":""pure_P""}]"
631,q_p_y,2,P,Y,final_hidden,False,,,False,,,False,,,False,,,,,256,Q,P,0000000000000000000000000000000011111111111111111111111111111111,P,"[{""end_offset"":9,""start_offset"":0,""state"":""pure_Q""},{""end_offset"":24,""start_offset"":13,""state"":""raw_codeword_specific_composite""},{""end_offset"":256,""start_offset"":33,""state"":""pure_P""}]"
631,q_p_y,3,Y,P,first_hidden,True,0,1,True,0,1,True,0,1,True,0,1,0,0,256,P,Y,0000111111110000111100000000111100001111111100001111000000001111,Y,"[{""end_offset"":33,""start_offset"":0,""state"":""pure_P""},{""end_offset"":62,""start_offset"":45,""state"":""raw_codeword_specific_composite""},{""end_offset"":256,""start_offset"":85,""state"":""pure_Y""}]"
631,q_p_y,3,Y,P,final_hidden,True,0,1,True,0,1,True,0,1,True,0,1,0,0,256,P,Y,0000111111110000111100000000111100001111111100001111000000001111,Y,"[{""end_offset"":33,""start_offset"":0,""state"":""pure_P""},{""end_offset"":62,""start_offset"":45,""state"":""raw_codeword_specific_composite""},{""end_offset"":256,""start_offset"":85,""state"":""pure_Y""}]"
631,q_p_y,3,Y,Q,first_hidden,True,0,1,False,,,False,,,False,,,,,256,P,Y,0000111111110000111100000000111100001111111100001111000000001111,Y,"[{""end_offset"":33,""start_offset"":0,""state"":""pure_P""},{""end_offset"":62,""start_offset"":45,""state"":""raw_codeword_specific_composite""},{""end_offset"":256,""start_offset"":85,""state"":""pure_Y""}]"
631,q_p_y,3,Y,Q,final_hidden,True,0,1,False,,,False,,,False,,,,,256,P,Y,0000111111110000111100000000111100001111111100001111000000001111,Y,"[{""end_offset"":33,""start_offset"":0,""state"":""pure_P""},{""end_offset"":62,""start_offset"":45,""state"":""raw_codeword_specific_composite""},{""end_offset"":256,""start_offset"":85,""state"":""pure_Y""}]"
631,q_p_y,3,Y,Y,first_hidden,True,85,117,True,85,117,True,85,117,True,85,117,0,0,256,P,Y,0000111111110000111100000000111100001111111100001111000000001111,Y,"[{""end_offset"":33,""start_offset"":0,""state"":""pure_P""},{""end_offset"":62,""start_offset"":45,""state"":""raw_codeword_specific_composite""},{""end_offset"":256,""start_offset"":85,""state"":""pure_Y""}]"
631,q_p_y,3,Y,Y,final_hidden,True,117,128,True,85,117,True,85,117,True,85,117,-32,-32,256,P,Y,0000111111110000111100000000111100001111111100001111000000001111,Y,"[{""end_offset"":33,""start_offset"":0,""state"":""pure_P""},{""end_offset"":62,""start_offset"":45,""state"":""raw_codeword_specific_composite""},{""end_offset"":256,""start_offset"":85,""state"":""pure_Y""}]"
631,q_y_p,1,Q,P,first_hidden,True,0,1,False,,,False,,,False,,,,,256,,Q,1001100110011001100110011001100110011001100110011001100110011001,Q,"[{""end_offset"":2,""start_offset"":0,""state"":""raw_codeword_specific_composite""},{""end_offset"":256,""start_offset"":3,""state"":""pure_Q""}]"
631,q_y_p,1,Q,P,final_hidden,True,0,1,False,,,False,,,False,,,,,256,,Q,1001100110011001100110011001100110011001100110011001100110011001,Q,"[{""end_offset"":2,""start_offset"":0,""state"":""raw_codeword_specific_composite""},{""end_offset"":256,""start_offset"":3,""state"":""pure_Q""}]"
631,q_y_p,1,Q,Q,first_hidden,True,0,1,True,3,4,True,3,4,True,3,4,3,3,256,,Q,1001100110011001100110011001100110011001100110011001100110011001,Q,"[{""end_offset"":2,""start_offset"":0,""state"":""raw_codeword_specific_composite""},{""end_offset"":256,""start_offset"":3,""state"":""pure_Q""}]"
631,q_y_p,1,Q,Q,final_hidden,True,2,3,True,3,4,True,3,4,True,3,4,1,1,256,,Q,1001100110011001100110011001100110011001100110011001100110011001,Q,"[{""end_offset"":2,""start_offset"":0,""state"":""raw_codeword_specific_composite""},{""end_offset"":256,""start_offset"":3,""state"":""pure_Q""}]"
631,q_y_p,1,Q,Y,first_hidden,False,,,False,,,False,,,False,,,,,256,,Q,1001100110011001100110011001100110011001100110011001100110011001,Q,"[{""end_offset"":2,""start_offset"":0,""state"":""raw_codeword_specific_composite""},{""end_offset"":256,""start_offset"":3,""state"":""pure_Q""}]"
631,q_y_p,1,Q,Y,final_hidden,False,,,False,,,False,,,False,,,,,256,,Q,1001100110011001100110011001100110011001100110011001100110011001,Q,"[{""end_offset"":2,""start_offset"":0,""state"":""raw_codeword_specific_composite""},{""end_offset"":256,""start_offset"":3,""state"":""pure_Q""}]"
631,q_y_p,2,Y,P,first_hidden,True,0,1,False,,,False,,,False,,,,,256,Q,Y,0000111111110000111100000000111100001111111100001111000000001111,Y,"[{""end_offset"":13,""start_offset"":0,""state"":""pure_Q""},{""end_offset"":24,""start_offset"":17,""state"":""raw_codeword_specific_composite""},{""end_offset"":33,""start_offset"":33,""state"":""pure_Q""},{""end_offset"":62,""start_offset"":45,""state"":""raw_codeword_specific_composite""},{""end_offset"":256,""start_offset"":85,""state"":""pure_Y""}]"
631,q_y_p,2,Y,P,final_hidden,True,0,1,False,,,False,,,False,,,,,256,Q,Y,0000111111110000111100000000111100001111111100001111000000001111,Y,"[{""end_offset"":13,""start_offset"":0,""state"":""pure_Q""},{""end_offset"":24,""start_offset"":17,""state"":""raw_codeword_specific_composite""},{""end_offset"":33,""start_offset"":33,""state"":""pure_Q""},{""end_offset"":62,""start_offset"":45,""state"":""raw_codeword_specific_composite""},{""end_offset"":256,""start_offset"":85,""state"":""pure_Y""}]"
631,q_y_p,2,Y,Q,first_hidden,True,0,1,True,0,1,True,0,1,True,0,1,0,0,256,Q,Y,0000111111110000111100000000111100001111111100001111000000001111,Y,"[{""end_offset"":13,""start_offset"":0,""state"":""pure_Q""},{""end_offset"":24,""start_offset"":17,""state"":""raw_codeword_specific_composite""},{""end_offset"":33,""start_offset"":33,""state"":""pure_Q""},{""end_offset"":62,""start_offset"":45,""state"":""raw_codeword_specific_composite""},{""end_offset"":256,""start_offset"":85,""state"":""pure_Y""}]"
631,q_y_p,2,Y,Q,final_hidden,True,0,1,True,0,1,True,0,1,True,0,1,0,0,256,Q,Y,0000111111110000111100000000111100001111111100001111000000001111,Y,"[{""end_offset"":13,""start_offset"":0,""state"":""pure_Q""},{""end_offset"":24,""start_offset"":17,""state"":""raw_codeword_specific_composite""},{""end_offset"":33,""start_offset"":33,""state"":""pure_Q""},{""end_offset"":62,""start_offset"":45,""state"":""raw_codeword_specific_composite""},{""end_offset"":256,""start_offset"":85,""state"":""pure_Y""}]"
631,q_y_p,2,Y,Y,first_hidden,True,85,117,True,85,117,True,85,117,True,85,117,0,0,256,Q,Y,0000111111110000111100000000111100001111111100001111000000001111,Y,"[{""end_offset"":13,""start_offset"":0,""state"":""pure_Q""},{""end_offset"":24,""start_offset"":17,""state"":""raw_codeword_specific_composite""},{""end_offset"":33,""start_offset"":33,""state"":""pure_Q""},{""end_offset"":62,""start_offset"":45,""state"":""raw_codeword_specific_composite""},{""end_offset"":256,""start_offset"":85,""state"":""pure_Y""}]"
631,q_y_p,2,Y,Y,final_hidden,True,117,128,True,85,117,True,85,117,True,85,117,-32,-32,256,Q,Y,0000111111110000111100000000111100001111111100001111000000001111,Y,"[{""end_offset"":13,""start_offset"":0,""state"":""pure_Q""},{""end_offset"":24,""start_offset"":17,""state"":""raw_codeword_specific_composite""},{""end_offset"":33,""start_offset"":33,""state"":""pure_Q""},{""end_offset"":62,""start_offset"":45,""state"":""raw_codeword_specific_composite""},{""end_offset"":256,""start_offset"":85,""state"":""pure_Y""}]"
631,q_y_p,3,P,P,first_hidden,True,0,1,True,33,45,True,33,45,True,33,45,33,33,256,Y,P,0000000000000000000000000000000011111111111111111111111111111111,P,"[{""end_offset"":9,""start_offset"":0,""state"":""pure_Y""},{""end_offset"":24,""start_offset"":13,""state"":""raw_codeword_specific_composite""},{""end_offset"":256,""start_offset"":33,""state"":""pure_P""}]"
631,q_y_p,3,P,P,final_hidden,True,0,1,True,33,45,True,33,45,True,33,45,33,33,256,Y,P,0000000000000000000000000000000011111111111111111111111111111111,P,"[{""end_offset"":9,""start_offset"":0,""state"":""pure_Y""},{""end_offset"":24,""start_offset"":13,""state"":""raw_codeword_specific_composite""},{""end_offset"":256,""start_offset"":33,""state"":""pure_P""}]"
631,q_y_p,3,P,Q,first_hidden,True,2,3,False,,,False,,,False,,,,,256,Y,P,0000000000000000000000000000000011111111111111111111111111111111,P,"[{""end_offset"":9,""start_offset"":0,""state"":""pure_Y""},{""end_offset"":24,""start_offset"":13,""state"":""raw_codeword_specific_composite""},{""end_offset"":256,""start_offset"":33,""state"":""pure_P""}]"
631,q_y_p,3,P,Q,final_hidden,True,1,2,False,,,False,,,False,,,,,256,Y,P,0000000000000000000000000000000011111111111111111111111111111111,P,"[{""end_offset"":9,""start_offset"":0,""state"":""pure_Y""},{""end_offset"":24,""start_offset"":13,""state"":""raw_codeword_specific_composite""},{""end_offset"":256,""start_offset"":33,""state"":""pure_P""}]"
631,q_y_p,3,P,Y,first_hidden,True,0,1,True,0,1,True,0,1,True,0,1,0,0,256,Y,P,0000000000000000000000000000000011111111111111111111111111111111,P,"[{""end_offset"":9,""start_offset"":0,""state"":""pure_Y""},{""end_offset"":24,""start_offset"":13,""state"":""raw_codeword_specific_composite""},{""end_offset"":256,""start_offset"":33,""state"":""pure_P""}]"
631,q_y_p,3,P,Y,final_hidden,True,0,1,True,0,1,True,0,1,True,0,1,0,0,256,Y,P,0000000000000000000000000000000011111111111111111111111111111111,P,"[{""end_offset"":9,""start_offset"":0,""state"":""pure_Y""},{""end_offset"":24,""start_offset"":13,""state"":""raw_codeword_specific_composite""},{""end_offset"":256,""start_offset"":33,""state"":""pure_P""}]"
631,y_p_q,1,Y,P,first_hidden,True,0,1,False,,,False,,,False,,,,,256,,Y,0000111111110000111100000000111100001111111100001111000000001111,Y,"[{""end_offset"":7,""start_offset"":0,""state"":""raw_codeword_specific_composite""},{""end_offset"":256,""start_offset"":9,""state"":""pure_Y""}]"
631,y_p_q,1,Y,P,final_hidden,True,0,1,False,,,False,,,False,,,,,256,,Y,0000111111110000111100000000111100001111111100001111000000001111,Y,"[{""end_offset"":7,""start_offset"":0,""state"":""raw_codeword_specific_composite""},{""end_offset"":256,""start_offset"":9,""state"":""pure_Y""}]"
631,y_p_q,1,Y,Q,first_hidden,True,0,1,False,,,False,,,False,,,,,256,,Y,0000111111110000111100000000111100001111111100001111000000001111,Y,"[{""end_offset"":7,""start_offset"":0,""state"":""raw_codeword_specific_composite""},{""end_offset"":256,""start_offset"":9,""state"":""pure_Y""}]"
631,y_p_q,1,Y,Q,final_hidden,False,,,False,,,False,,,False,,,,,256,,Y,0000111111110000111100000000111100001111111100001111000000001111,Y,"[{""end_offset"":7,""start_offset"":0,""state"":""raw_codeword_specific_composite""},{""end_offset"":256,""start_offset"":9,""state"":""pure_Y""}]"
631,y_p_q,1,Y,Y,first_hidden,True,45,62,True,9,13,True,9,13,True,9,13,-36,-36,256,,Y,0000111111110000111100000000111100001111111100001111000000001111,Y,"[{""end_offset"":7,""start_offset"":0,""state"":""raw_codeword_specific_composite""},{""end_offset"":256,""start_offset"":9,""state"":""pure_Y""}]"
631,y_p_q,1,Y,Y,final_hidden,True,17,24,True,9,13,True,9,13,True,9,13,-8,-8,256,,Y,0000111111110000111100000000111100001111111100001111000000001111,Y,"[{""end_offset"":7,""start_offset"":0,""state"":""raw_codeword_specific_composite""},{""end_offset"":256,""start_offset"":9,""state"":""pure_Y""}]"
631,y_p_q,2,P,P,first_hidden,True,0,1,True,24,33,True,24,33,True,24,33,24,24,256,Y,P,0000000000000000000000000000000011111111111111111111111111111111,P,"[{""end_offset"":9,""start_offset"":0,""state"":""pure_Y""},{""end_offset"":13,""start_offset"":13,""state"":""other_candidate_tuple_consistent""},{""end_offset"":17,""start_offset"":17,""state"":""raw_codeword_specific_composite""},{""end_offset"":256,""start_offset"":24,""state"":""pure_P""}]"
631,y_p_q,2,P,P,final_hidden,True,0,1,True,24,33,True,24,33,True,24,33,24,24,256,Y,P,0000000000000000000000000000000011111111111111111111111111111111,P,"[{""end_offset"":9,""start_offset"":0,""state"":""pure_Y""},{""end_offset"":13,""start_offset"":13,""state"":""other_candidate_tuple_consistent""},{""end_offset"":17,""start_offset"":17,""state"":""raw_codeword_specific_composite""},{""end_offset"":256,""start_offset"":24,""state"":""pure_P""}]"
631,y_p_q,2,P,Q,first_hidden,False,,,False,,,False,,,False,,,,,256,Y,P,0000000000000000000000000000000011111111111111111111111111111111,P,"[{""end_offset"":9,""start_offset"":0,""state"":""pure_Y""},{""end_offset"":13,""start_offset"":13,""state"":""other_candidate_tuple_consistent""},{""end_offset"":17,""start_offset"":17,""state"":""raw_codeword_specific_composite""},{""end_offset"":256,""start_offset"":24,""state"":""pure_P""}]"
631,y_p_q,2,P,Q,final_hidden,False,,,False,,,False,,,False,,,,,256,Y,P,0000000000000000000000000000000011111111111111111111111111111111,P,"[{""end_offset"":9,""start_offset"":0,""state"":""pure_Y""},{""end_offset"":13,""start_offset"":13,""state"":""other_candidate_tuple_consistent""},{""end_offset"":17,""start_offset"":17,""state"":""raw_codeword_specific_composite""},{""end_offset"":256,""start_offset"":24,""state"":""pure_P""}]"
631,y_p_q,2,P,Y,first_hidden,True,0,1,True,0,1,True,0,1,True,0,1,0,0,256,Y,P,0000000000000000000000000000000011111111111111111111111111111111,P,"[{""end_offset"":9,""start_offset"":0,""state"":""pure_Y""},{""end_offset"":13,""start_offset"":13,""state"":""other_candidate_tuple_consistent""},{""end_offset"":17,""start_offset"":17,""state"":""raw_codeword_specific_composite""},{""end_offset"":256,""start_offset"":24,""state"":""pure_P""}]"
631,y_p_q,2,P,Y,final_hidden,True,0,1,True,0,1,True,0,1,True,0,1,0,0,256,Y,P,0000000000000000000000000000000011111111111111111111111111111111,P,"[{""end_offset"":9,""start_offset"":0,""state"":""pure_Y""},{""end_offset"":13,""start_offset"":13,""state"":""other_candidate_tuple_consistent""},{""end_offset"":17,""start_offset"":17,""state"":""raw_codeword_specific_composite""},{""end_offset"":256,""start_offset"":24,""state"":""pure_P""}]"
631,y_p_q,3,Q,P,first_hidden,True,0,1,True,0,1,True,0,1,True,0,1,0,0,256,P,Q,1001100110011001100110011001100110011001100110011001100110011001,Q,"[{""end_offset"":24,""start_offset"":0,""state"":""pure_P""},{""end_offset"":33,""start_offset"":33,""state"":""raw_codeword_specific_composite""},{""end_offset"":256,""start_offset"":45,""state"":""pure_Q""}]"
631,y_p_q,3,Q,P,final_hidden,True,0,1,True,0,1,True,0,1,True,0,1,0,0,256,P,Q,1001100110011001100110011001100110011001100110011001100110011001,Q,"[{""end_offset"":24,""start_offset"":0,""state"":""pure_P""},{""end_offset"":33,""start_offset"":33,""state"":""raw_codeword_specific_composite""},{""end_offset"":256,""start_offset"":45,""state"":""pure_Q""}]"
631,y_p_q,3,Q,Q,first_hidden,True,45,62,True,45,62,True,45,62,True,45,62,0,0,256,P,Q,1001100110011001100110011001100110011001100110011001100110011001,Q,"[{""end_offset"":24,""start_offset"":0,""state"":""pure_P""},{""end_offset"":33,""start_offset"":33,""state"":""raw_codeword_specific_composite""},{""end_offset"":256,""start_offset"":45,""state"":""pure_Q""}]"
631,y_p_q,3,Q,Q,final_hidden,True,62,85,True,45,62,True,45,62,True,45,62,-17,-17,256,P,Q,1001100110011001100110011001100110011001100110011001100110011001,Q,"[{""end_offset"":24,""start_offset"":0,""state"":""pure_P""},{""end_offset"":33,""start_offset"":33,""state"":""raw_codeword_specific_composite""},{""end_offset"":256,""start_offset"":45,""state"":""pure_Q""}]"
631,y_p_q,3,Q,Y,first_hidden,True,0,1,False,,,False,,,False,,,,,256,P,Q,1001100110011001100110011001100110011001100110011001100110011001,Q,"[{""end_offset"":24,""start_offset"":0,""state"":""pure_P""},{""end_offset"":33,""start_offset"":33,""state"":""raw_codeword_specific_composite""},{""end_offset"":256,""start_offset"":45,""state"":""pure_Q""}]"
631,y_p_q,3,Q,Y,final_hidden,True,0,1,False,,,False,,,False,,,,,256,P,Q,1001100110011001100110011001100110011001100110011001100110011001,Q,"[{""end_offset"":24,""start_offset"":0,""state"":""pure_P""},{""end_offset"":33,""start_offset"":33,""state"":""raw_codeword_specific_composite""},{""end_offset"":256,""start_offset"":45,""state"":""pure_Q""}]"
631,y_q_p,1,Y,P,first_hidden,True,0,1,False,,,False,,,False,,,,,256,,Y,0000111111110000111100000000111100001111111100001111000000001111,Y,"[{""end_offset"":7,""start_offset"":0,""state"":""raw_codeword_specific_composite""},{""end_offset"":256,""start_offset"":9,""state"":""pure_Y""}]"
631,y_q_p,1,Y,P,final_hidden,True,0,1,False,,,False,,,False,,,,,256,,Y,0000111111110000111100000000111100001111111100001111000000001111,Y,"[{""end_offset"":7,""start_offset"":0,""state"":""raw_codeword_specific_composite""},{""end_offset"":256,""start_offset"":9,""state"":""pure_Y""}]"
631,y_q_p,1,Y,Q,first_hidden,True,0,1,False,,,False,,,False,,,,,256,,Y,0000111111110000111100000000111100001111111100001111000000001111,Y,"[{""end_offset"":7,""start_offset"":0,""state"":""raw_codeword_specific_composite""},{""end_offset"":256,""start_offset"":9,""state"":""pure_Y""}]"
631,y_q_p,1,Y,Q,final_hidden,False,,,False,,,False,,,False,,,,,256,,Y,0000111111110000111100000000111100001111111100001111000000001111,Y,"[{""end_offset"":7,""start_offset"":0,""state"":""raw_codeword_specific_composite""},{""end_offset"":256,""start_offset"":9,""state"":""pure_Y""}]"
631,y_q_p,1,Y,Y,first_hidden,True,45,62,True,9,13,True,9,13,True,9,13,-36,-36,256,,Y,0000111111110000111100000000111100001111111100001111000000001111,Y,"[{""end_offset"":7,""start_offset"":0,""state"":""raw_codeword_specific_composite""},{""end_offset"":256,""start_offset"":9,""state"":""pure_Y""}]"
631,y_q_p,1,Y,Y,final_hidden,True,17,24,True,9,13,True,9,13,True,9,13,-8,-8,256,,Y,0000111111110000111100000000111100001111111100001111000000001111,Y,"[{""end_offset"":7,""start_offset"":0,""state"":""raw_codeword_specific_composite""},{""end_offset"":256,""start_offset"":9,""state"":""pure_Y""}]"
631,y_q_p,2,Q,P,first_hidden,True,0,1,False,,,False,,,False,,,,,256,Y,Q,1001100110011001100110011001100110011001100110011001100110011001,Q,"[{""end_offset"":13,""start_offset"":0,""state"":""pure_Y""},{""end_offset"":33,""start_offset"":17,""state"":""raw_codeword_specific_composite""},{""end_offset"":256,""start_offset"":45,""state"":""pure_Q""}]"
631,y_q_p,2,Q,P,final_hidden,True,0,1,False,,,False,,,False,,,,,256,Y,Q,1001100110011001100110011001100110011001100110011001100110011001,Q,"[{""end_offset"":13,""start_offset"":0,""state"":""pure_Y""},{""end_offset"":33,""start_offset"":17,""state"":""raw_codeword_specific_composite""},{""end_offset"":256,""start_offset"":45,""state"":""pure_Q""}]"
631,y_q_p,2,Q,Q,first_hidden,True,62,85,True,45,62,True,45,62,True,45,62,-17,-17,256,Y,Q,1001100110011001100110011001100110011001100110011001100110011001,Q,"[{""end_offset"":13,""start_offset"":0,""state"":""pure_Y""},{""end_offset"":33,""start_offset"":17,""state"":""raw_codeword_specific_composite""},{""end_offset"":256,""start_offset"":45,""state"":""pure_Q""}]"
631,y_q_p,2,Q,Q,final_hidden,True,85,117,True,45,62,True,45,62,True,45,62,-40,-40,256,Y,Q,1001100110011001100110011001100110011001100110011001100110011001,Q,"[{""end_offset"":13,""start_offset"":0,""state"":""pure_Y""},{""end_offset"":33,""start_offset"":17,""state"":""raw_codeword_specific_composite""},{""end_offset"":256,""start_offset"":45,""state"":""pure_Q""}]"
631,y_q_p,2,Q,Y,first_hidden,True,0,1,True,0,1,True,0,1,True,0,1,0,0,256,Y,Q,1001100110011001100110011001100110011001100110011001100110011001,Q,"[{""end_offset"":13,""start_offset"":0,""state"":""pure_Y""},{""end_offset"":33,""start_offset"":17,""state"":""raw_codeword_specific_composite""},{""end_offset"":256,""start_offset"":45,""state"":""pure_Q""}]"
631,y_q_p,2,Q,Y,final_hidden,True,0,1,True,0,1,True,0,1,True,0,1,0,0,256,Y,Q,1001100110011001100110011001100110011001100110011001100110011001,Q,"[{""end_offset"":13,""start_offset"":0,""state"":""pure_Y""},{""end_offset"":33,""start_offset"":17,""state"":""raw_codeword_specific_composite""},{""end_offset"":256,""start_offset"":45,""state"":""pure_Q""}]"
631,y_q_p,3,P,P,first_hidden,True,0,1,True,33,45,True,33,45,True,33,45,33,33,256,Q,P,0000000000000000000000000000000011111111111111111111111111111111,P,"[{""end_offset"":17,""start_offset"":0,""state"":""pure_Q""},{""end_offset"":24,""start_offset"":24,""state"":""raw_codeword_specific_composite""},{""end_offset"":256,""start_offset"":33,""state"":""pure_P""}]"
631,y_q_p,3,P,P,final_hidden,True,7,9,True,33,45,True,33,45,True,33,45,26,26,256,Q,P,0000000000000000000000000000000011111111111111111111111111111111,P,"[{""end_offset"":17,""start_offset"":0,""state"":""pure_Q""},{""end_offset"":24,""start_offset"":24,""state"":""raw_codeword_specific_composite""},{""end_offset"":256,""start_offset"":33,""state"":""pure_P""}]"
631,y_q_p,3,P,Q,first_hidden,True,0,1,True,0,1,True,0,1,True,0,1,0,0,256,Q,P,0000000000000000000000000000000011111111111111111111111111111111,P,"[{""end_offset"":17,""start_offset"":0,""state"":""pure_Q""},{""end_offset"":24,""start_offset"":24,""state"":""raw_codeword_specific_composite""},{""end_offset"":256,""start_offset"":33,""state"":""pure_P""}]"
631,y_q_p,3,P,Q,final_hidden,True,0,1,True,0,1,True,0,1,True,0,1,0,0,256,Q,P,0000000000000000000000000000000011111111111111111111111111111111,P,"[{""end_offset"":17,""start_offset"":0,""state"":""pure_Q""},{""end_offset"":24,""start_offset"":24,""state"":""raw_codeword_specific_composite""},{""end_offset"":256,""start_offset"":33,""state"":""pure_P""}]"
631,y_q_p,3,P,Y,first_hidden,False,,,False,,,False,,,False,,,,,256,Q,P,0000000000000000000000000000000011111111111111111111111111111111,P,"[{""end_offset"":17,""start_offset"":0,""state"":""pure_Q""},{""end_offset"":24,""start_offset"":24,""state"":""raw_codeword_specific_composite""},{""end_offset"":256,""start_offset"":33,""state"":""pure_P""}]"
631,y_q_p,3,P,Y,final_hidden,False,,,False,,,False,,,False,,,,,256,Q,P,0000000000000000000000000000000011111111111111111111111111111111,P,"[{""end_offset"":17,""start_offset"":0,""state"":""pure_Q""},{""end_offset"":24,""start_offset"":24,""state"":""raw_codeword_specific_composite""},{""end_offset"":256,""start_offset"":33,""state"":""pure_P""}]"
641,p_q_y,1,P,P,first_hidden,True,0,1,True,7,9,True,7,9,True,7,9,7,7,256,,P,0000000000000000000000000000000011111111111111111111111111111111,P,"[{""end_offset"":5,""start_offset"":0,""state"":""raw_codeword_specific_composite""},{""end_offset"":256,""start_offset"":7,""state"":""pure_P""}]"
641,p_q_y,1,P,P,final_hidden,True,2,3,True,7,9,True,7,9,True,7,9,5,5,256,,P,0000000000000000000000000000000011111111111111111111111111111111,P,"[{""end_offset"":5,""start_offset"":0,""state"":""raw_codeword_specific_composite""},{""end_offset"":256,""start_offset"":7,""state"":""pure_P""}]"
641,p_q_y,1,P,Q,first_hidden,True,24,33,False,,,False,,,False,,,,,256,,P,0000000000000000000000000000000011111111111111111111111111111111,P,"[{""end_offset"":5,""start_offset"":0,""state"":""raw_codeword_specific_composite""},{""end_offset"":256,""start_offset"":7,""state"":""pure_P""}]"
641,p_q_y,1,P,Q,final_hidden,True,24,33,False,,,False,,,False,,,,,256,,P,0000000000000000000000000000000011111111111111111111111111111111,P,"[{""end_offset"":5,""start_offset"":0,""state"":""raw_codeword_specific_composite""},{""end_offset"":256,""start_offset"":7,""state"":""pure_P""}]"
641,p_q_y,1,P,Y,first_hidden,False,,,False,,,False,,,False,,,,,256,,P,0000000000000000000000000000000011111111111111111111111111111111,P,"[{""end_offset"":5,""start_offset"":0,""state"":""raw_codeword_specific_composite""},{""end_offset"":256,""start_offset"":7,""state"":""pure_P""}]"
641,p_q_y,1,P,Y,final_hidden,False,,,False,,,False,,,False,,,,,256,,P,0000000000000000000000000000000011111111111111111111111111111111,P,"[{""end_offset"":5,""start_offset"":0,""state"":""raw_codeword_specific_composite""},{""end_offset"":256,""start_offset"":7,""state"":""pure_P""}]"
641,p_q_y,2,Q,P,first_hidden,True,0,1,True,0,1,True,0,1,True,0,1,0,0,256,P,Q,1001100110011001100110011001100110011001100110011001100110011001,Q,"[{""end_offset"":24,""start_offset"":0,""state"":""pure_P""},{""end_offset"":33,""start_offset"":33,""state"":""raw_codeword_specific_composite""},{""end_offset"":256,""start_offset"":45,""state"":""pure_Q""}]"
641,p_q_y,2,Q,P,final_hidden,True,0,1,True,0,1,True,0,1,True,0,1,0,0,256,P,Q,1001100110011001100110011001100110011001100110011001100110011001,Q,"[{""end_offset"":24,""start_offset"":0,""state"":""pure_P""},{""end_offset"":33,""start_offset"":33,""state"":""raw_codeword_specific_composite""},{""end_offset"":256,""start_offset"":45,""state"":""pure_Q""}]"
641,p_q_y,2,Q,Q,first_hidden,True,0,1,True,45,62,True,45,62,True,45,62,45,45,256,P,Q,1001100110011001100110011001100110011001100110011001100110011001,Q,"[{""end_offset"":24,""start_offset"":0,""state"":""pure_P""},{""end_offset"":33,""start_offset"":33,""state"":""raw_codeword_specific_composite""},{""end_offset"":256,""start_offset"":45,""state"":""pure_Q""}]"
641,p_q_y,2,Q,Q,final_hidden,True,0,1,True,45,62,True,45,62,True,45,62,45,45,256,P,Q,1001100110011001100110011001100110011001100110011001100110011001,Q,"[{""end_offset"":24,""start_offset"":0,""state"":""pure_P""},{""end_offset"":33,""start_offset"":33,""state"":""raw_codeword_specific_composite""},{""end_offset"":256,""start_offset"":45,""state"":""pure_Q""}]"
641,p_q_y,2,Q,Y,first_hidden,False,,,False,,,False,,,False,,,,,256,P,Q,1001100110011001100110011001100110011001100110011001100110011001,Q,"[{""end_offset"":24,""start_offset"":0,""state"":""pure_P""},{""end_offset"":33,""start_offset"":33,""state"":""raw_codeword_specific_composite""},{""end_offset"":256,""start_offset"":45,""state"":""pure_Q""}]"
641,p_q_y,2,Q,Y,final_hidden,False,,,False,,,False,,,False,,,,,256,P,Q,1001100110011001100110011001100110011001100110011001100110011001,Q,"[{""end_offset"":24,""start_offset"":0,""state"":""pure_P""},{""end_offset"":33,""start_offset"":33,""state"":""raw_codeword_specific_composite""},{""end_offset"":256,""start_offset"":45,""state"":""pure_Q""}]"
641,p_q_y,3,Y,P,first_hidden,True,0,1,False,,,False,,,False,,,,,256,Q,Y,0000111111110000111100000000111100001111111100001111000000001111,Y,"[{""end_offset"":17,""start_offset"":0,""state"":""pure_Q""},{""end_offset"":62,""start_offset"":24,""state"":""raw_codeword_specific_composite""},{""end_offset"":85,""start_offset"":85,""state"":""other_candidate_tuple_consistent""},{""end_offset"":256,""start_offset"":117,""state"":""pure_Y""}]"
641,p_q_y,3,Y,P,final_hidden,True,0,1,False,,,False,,,False,,,,,256,Q,Y,0000111111110000111100000000111100001111111100001111000000001111,Y,"[{""end_offset"":17,""start_offset"":0,""state"":""pure_Q""},{""end_offset"":62,""start_offset"":24,""state"":""raw_codeword_specific_composite""},{""end_offset"":85,""start_offset"":85,""state"":""other_candidate_tuple_consistent""},{""end_offset"":256,""start_offset"":117,""state"":""pure_Y""}]"
641,p_q_y,3,Y,Q,first_hidden,True,0,1,True,0,1,True,0,1,True,0,1,0,0,256,Q,Y,0000111111110000111100000000111100001111111100001111000000001111,Y,"[{""end_offset"":17,""start_offset"":0,""state"":""pure_Q""},{""end_offset"":62,""start_offset"":24,""state"":""raw_codeword_specific_composite""},{""end_offset"":85,""start_offset"":85,""state"":""other_candidate_tuple_consistent""},{""end_offset"":256,""start_offset"":117,""state"":""pure_Y""}]"
641,p_q_y,3,Y,Q,final_hidden,True,0,1,True,0,1,True,0,1,True,0,1,0,0,256,Q,Y,0000111111110000111100000000111100001111111100001111000000001111,Y,"[{""end_offset"":17,""start_offset"":0,""state"":""pure_Q""},{""end_offset"":62,""start_offset"":24,""state"":""raw_codeword_specific_composite""},{""end_offset"":85,""start_offset"":85,""state"":""other_candidate_tuple_consistent""},{""end_offset"":256,""start_offset"":117,""state"":""pure_Y""}]"
641,p_q_y,3,Y,Y,first_hidden,True,85,117,True,117,128,True,117,128,True,117,128,32,32,256,Q,Y,0000111111110000111100000000111100001111111100001111000000001111,Y,"[{""end_offset"":17,""start_offset"":0,""state"":""pure_Q""},{""end_offset"":62,""start_offset"":24,""state"":""raw_codeword_specific_composite""},{""end_offset"":85,""start_offset"":85,""state"":""other_candidate_tuple_consistent""},{""end_offset"":256,""start_offset"":117,""state"":""pure_Y""}]"
641,p_q_y,3,Y,Y,final_hidden,True,117,128,True,117,128,True,117,128,True,117,128,0,0,256,Q,Y,0000111111110000111100000000111100001111111100001111000000001111,Y,"[{""end_offset"":17,""start_offset"":0,""state"":""pure_Q""},{""end_offset"":62,""start_offset"":24,""state"":""raw_codeword_specific_composite""},{""end_offset"":85,""start_offset"":85,""state"":""other_candidate_tuple_consistent""},{""end_offset"":256,""start_offset"":117,""state"":""pure_Y""}]"
641,p_y_q,1,P,P,first_hidden,True,0,1,True,7,9,True,7,9,True,7,9,7,7,256,,P,0000000000000000000000000000000011111111111111111111111111111111,P,"[{""end_offset"":5,""start_offset"":0,""state"":""raw_codeword_specific_composite""},{""end_offset"":256,""start_offset"":7,""state"":""pure_P""}]"
641,p_y_q,1,P,P,final_hidden,True,2,3,True,7,9,True,7,9,True,7,9,5,5,256,,P,0000000000000000000000000000000011111111111111111111111111111111,P,"[{""end_offset"":5,""start_offset"":0,""state"":""raw_codeword_specific_composite""},{""end_offset"":256,""start_offset"":7,""state"":""pure_P""}]"
641,p_y_q,1,P,Q,first_hidden,True,24,33,False,,,False,,,False,,,,,256,,P,0000000000000000000000000000000011111111111111111111111111111111,P,"[{""end_offset"":5,""start_offset"":0,""state"":""raw_codeword_specific_composite""},{""end_offset"":256,""start_offset"":7,""state"":""pure_P""}]"
641,p_y_q,1,P,Q,final_hidden,True,24,33,False,,,False,,,False,,,,,256,,P,0000000000000000000000000000000011111111111111111111111111111111,P,"[{""end_offset"":5,""start_offset"":0,""state"":""raw_codeword_specific_composite""},{""end_offset"":256,""start_offset"":7,""state"":""pure_P""}]"
641,p_y_q,1,P,Y,first_hidden,False,,,False,,,False,,,False,,,,,256,,P,0000000000000000000000000000000011111111111111111111111111111111,P,"[{""end_offset"":5,""start_offset"":0,""state"":""raw_codeword_specific_composite""},{""end_offset"":256,""start_offset"":7,""state"":""pure_P""}]"
641,p_y_q,1,P,Y,final_hidden,False,,,False,,,False,,,False,,,,,256,,P,0000000000000000000000000000000011111111111111111111111111111111,P,"[{""end_offset"":5,""start_offset"":0,""state"":""raw_codeword_specific_composite""},{""end_offset"":256,""start_offset"":7,""state"":""pure_P""}]"
641,p_y_q,2,Y,P,first_hidden,True,0,1,True,0,1,True,0,1,True,0,1,0,0,256,P,Y,0000111111110000111100000000111100001111111100001111000000001111,Y,"[{""end_offset"":24,""start_offset"":0,""state"":""pure_P""},{""end_offset"":45,""start_offset"":33,""state"":""raw_codeword_specific_composite""},{""end_offset"":256,""start_offset"":62,""state"":""pure_Y""}]"
641,p_y_q,2,Y,P,final_hidden,True,0,1,True,0,1,True,0,1,True,0,1,0,0,256,P,Y,0000111111110000111100000000111100001111111100001111000000001111,Y,"[{""end_offset"":24,""start_offset"":0,""state"":""pure_P""},{""end_offset"":45,""start_offset"":33,""state"":""raw_codeword_specific_composite""},{""end_offset"":256,""start_offset"":62,""state"":""pure_Y""}]"
641,p_y_q,2,Y,Q,first_hidden,True,0,1,False,,,False,,,False,,,,,256,P,Y,0000111111110000111100000000111100001111111100001111000000001111,Y,"[{""end_offset"":24,""start_offset"":0,""state"":""pure_P""},{""end_offset"":45,""start_offset"":33,""state"":""raw_codeword_specific_composite""},{""end_offset"":256,""start_offset"":62,""state"":""pure_Y""}]"
641,p_y_q,2,Y,Q,final_hidden,True,0,1,False,,,False,,,False,,,,,256,P,Y,0000111111110000111100000000111100001111111100001111000000001111,Y,"[{""end_offset"":24,""start_offset"":0,""state"":""pure_P""},{""end_offset"":45,""start_offset"":33,""state"":""raw_codeword_specific_composite""},{""end_offset"":256,""start_offset"":62,""state"":""pure_Y""}]"
641,p_y_q,2,Y,Y,first_hidden,True,45,62,True,62,85,True,62,85,True,62,85,17,17,256,P,Y,0000111111110000111100000000111100001111111100001111000000001111,Y,"[{""end_offset"":24,""start_offset"":0,""state"":""pure_P""},{""end_offset"":45,""start_offset"":33,""state"":""raw_codeword_specific_composite""},{""end_offset"":256,""start_offset"":62,""state"":""pure_Y""}]"
641,p_y_q,2,Y,Y,final_hidden,True,62,85,True,62,85,True,62,85,True,62,85,0,0,256,P,Y,0000111111110000111100000000111100001111111100001111000000001111,Y,"[{""end_offset"":24,""start_offset"":0,""state"":""pure_P""},{""end_offset"":45,""start_offset"":33,""state"":""raw_codeword_specific_composite""},{""end_offset"":256,""start_offset"":62,""state"":""pure_Y""}]"
641,p_y_q,3,Q,P,first_hidden,True,0,1,False,,,False,,,False,,,,,256,Y,Q,1001100110011001100110011001100110011001100110011001100110011001,Q,"[{""end_offset"":13,""start_offset"":0,""state"":""pure_Y""},{""end_offset"":24,""start_offset"":17,""state"":""raw_codeword_specific_composite""},{""end_offset"":33,""start_offset"":33,""state"":""other_candidate_tuple_consistent""},{""end_offset"":45,""start_offset"":45,""state"":""raw_codeword_specific_composite""},{""end_offset"":256,""start_offset"":62,""state"":""pure_Q""}]"
641,p_y_q,3,Q,P,final_hidden,True,0,1,False,,,False,,,False,,,,,256,Y,Q,1001100110011001100110011001100110011001100110011001100110011001,Q,"[{""end_offset"":13,""start_offset"":0,""state"":""pure_Y""},{""end_offset"":24,""start_offset"":17,""state"":""raw_codeword_specific_composite""},{""end_offset"":33,""start_offset"":33,""state"":""other_candidate_tuple_consistent""},{""end_offset"":45,""start_offset"":45,""state"":""raw_codeword_specific_composite""},{""end_offset"":256,""start_offset"":62,""state"":""pure_Q""}]"
641,p_y_q,3,Q,Q,first_hidden,True,9,13,True,62,85,True,62,85,True,62,85,53,53,256,Y,Q,1001100110011001100110011001100110011001100110011001100110011001,Q,"[{""end_offset"":13,""start_offset"":0,""state"":""pure_Y""},{""end_offset"":24,""start_offset"":17,""state"":""raw_codeword_specific_composite""},{""end_offset"":33,""start_offset"":33,""state"":""other_candidate_tuple_consistent""},{""end_offset"":45,""start_offset"":45,""state"":""raw_codeword_specific_composite""},{""end_offset"":256,""start_offset"":62,""state"":""pure_Q""}]"
641,p_y_q,3,Q,Q,final_hidden,True,45,62,True,62,85,True,62,85,True,62,85,17,17,256,Y,Q,1001100110011001100110011001100110011001100110011001100110011001,Q,"[{""end_offset"":13,""start_offset"":0,""state"":""pure_Y""},{""end_offset"":24,""start_offset"":17,""state"":""raw_codeword_specific_composite""},{""end_offset"":33,""start_offset"":33,""state"":""other_candidate_tuple_consistent""},{""end_offset"":45,""start_offset"":45,""state"":""raw_codeword_specific_composite""},{""end_offset"":256,""start_offset"":62,""state"":""pure_Q""}]"
641,p_y_q,3,Q,Y,first_hidden,True,0,1,True,0,1,True,0,1,True,0,1,0,0,256,Y,Q,1001100110011001100110011001100110011001100110011001100110011001,Q,"[{""end_offset"":13,""start_offset"":0,""state"":""pure_Y""},{""end_offset"":24,""start_offset"":17,""state"":""raw_codeword_specific_composite""},{""end_offset"":33,""start_offset"":33,""state"":""other_candidate_tuple_consistent""},{""end_offset"":45,""start_offset"":45,""state"":""raw_codeword_specific_composite""},{""end_offset"":256,""start_offset"":62,""state"":""pure_Q""}]"
641,p_y_q,3,Q,Y,final_hidden,True,0,1,True,0,1,True,0,1,True,0,1,0,0,256,Y,Q,1001100110011001100110011001100110011001100110011001100110011001,Q,"[{""end_offset"":13,""start_offset"":0,""state"":""pure_Y""},{""end_offset"":24,""start_offset"":17,""state"":""raw_codeword_specific_composite""},{""end_offset"":33,""start_offset"":33,""state"":""other_candidate_tuple_consistent""},{""end_offset"":45,""start_offset"":45,""state"":""raw_codeword_specific_composite""},{""end_offset"":256,""start_offset"":62,""state"":""pure_Q""}]"
641,q_p_y,1,Q,P,first_hidden,True,0,1,False,,,False,,,False,,,,,256,,Q,1001100110011001100110011001100110011001100110011001100110011001,Q,"[{""end_offset"":5,""start_offset"":0,""state"":""raw_codeword_specific_composite""},{""end_offset"":256,""start_offset"":7,""state"":""pure_Q""}]"
641,q_p_y,1,Q,P,final_hidden,True,3,4,False,,,False,,,False,,,,,256,,Q,1001100110011001100110011001100110011001100110011001100110011001,Q,"[{""end_offset"":5,""start_offset"":0,""state"":""raw_codeword_specific_composite""},{""end_offset"":256,""start_offset"":7,""state"":""pure_Q""}]"
641,q_p_y,1,Q,Q,first_hidden,True,7,9,True,7,9,True,7,9,True,7,9,0,0,256,,Q,1001100110011001100110011001100110011001100110011001100110011001,Q,"[{""end_offset"":5,""start_offset"":0,""state"":""raw_codeword_specific_composite""},{""end_offset"":256,""start_offset"":7,""state"":""pure_Q""}]"
641,q_p_y,1,Q,Q,final_hidden,True,5,7,True,7,9,True,7,9,True,7,9,2,2,256,,Q,1001100110011001100110011001100110011001100110011001100110011001,Q,"[{""end_offset"":5,""start_offset"":0,""state"":""raw_codeword_specific_composite""},{""end_offset"":256,""start_offset"":7,""state"":""pure_Q""}]"
641,q_p_y,1,Q,Y,first_hidden,False,,,False,,,False,,,False,,,,,256,,Q,1001100110011001100110011001100110011001100110011001100110011001,Q,"[{""end_offset"":5,""start_offset"":0,""state"":""raw_codeword_specific_composite""},{""end_offset"":256,""start_offset"":7,""state"":""pure_Q""}]"
641,q_p_y,1,Q,Y,final_hidden,False,,,False,,,False,,,False,,,,,256,,Q,1001100110011001100110011001100110011001100110011001100110011001,Q,"[{""end_offset"":5,""start_offset"":0,""state"":""raw_codeword_specific_composite""},{""end_offset"":256,""start_offset"":7,""state"":""pure_Q""}]"
641,q_p_y,2,P,P,first_hidden,True,0,1,True,24,33,True,24,33,True,24,33,24,24,256,Q,P,0000000000000000000000000000000011111111111111111111111111111111,P,"[{""end_offset"":13,""start_offset"":0,""state"":""pure_Q""},{""end_offset"":17,""start_offset"":17,""state"":""raw_codeword_specific_composite""},{""end_offset"":256,""start_offset"":24,""state"":""pure_P""}]"
641,q_p_y,2,P,P,final_hidden,True,0,1,True,24,33,True,24,33,True,24,33,24,24,256,Q,P,0000000000000000000000000000000011111111111111111111111111111111,P,"[{""end_offset"":13,""start_offset"":0,""state"":""pure_Q""},{""end_offset"":17,""start_offset"":17,""state"":""raw_codeword_specific_composite""},{""end_offset"":256,""start_offset"":24,""state"":""pure_P""}]"
641,q_p_y,2,P,Q,first_hidden,True,0,1,True,0,1,True,0,1,True,0,1,0,0,256,Q,P,0000000000000000000000000000000011111111111111111111111111111111,P,"[{""end_offset"":13,""start_offset"":0,""state"":""pure_Q""},{""end_offset"":17,""start_offset"":17,""state"":""raw_codeword_specific_composite""},{""end_offset"":256,""start_offset"":24,""state"":""pure_P""}]"
641,q_p_y,2,P,Q,final_hidden,True,0,1,True,0,1,True,0,1,True,0,1,0,0,256,Q,P,0000000000000000000000000000000011111111111111111111111111111111,P,"[{""end_offset"":13,""start_offset"":0,""state"":""pure_Q""},{""end_offset"":17,""start_offset"":17,""state"":""raw_codeword_specific_composite""},{""end_offset"":256,""start_offset"":24,""state"":""pure_P""}]"
641,q_p_y,2,P,Y,first_hidden,False,,,False,,,False,,,False,,,,,256,Q,P,0000000000000000000000000000000011111111111111111111111111111111,P,"[{""end_offset"":13,""start_offset"":0,""state"":""pure_Q""},{""end_offset"":17,""start_offset"":17,""state"":""raw_codeword_specific_composite""},{""end_offset"":256,""start_offset"":24,""state"":""pure_P""}]"
641,q_p_y,2,P,Y,final_hidden,False,,,False,,,False,,,False,,,,,256,Q,P,0000000000000000000000000000000011111111111111111111111111111111,P,"[{""end_offset"":13,""start_offset"":0,""state"":""pure_Q""},{""end_offset"":17,""start_offset"":17,""state"":""raw_codeword_specific_composite""},{""end_offset"":256,""start_offset"":24,""state"":""pure_P""}]"
641,q_p_y,3,Y,P,first_hidden,True,0,1,True,0,1,True,0,1,True,0,1,0,0,256,P,Y,0000111111110000111100000000111100001111111100001111000000001111,Y,"[{""end_offset"":24,""start_offset"":0,""state"":""pure_P""},{""end_offset"":62,""start_offset"":33,""state"":""raw_codeword_specific_composite""},{""end_offset"":256,""start_offset"":85,""state"":""pure_Y""}]"
641,q_p_y,3,Y,P,final_hidden,True,0,1,True,0,1,True,0,1,True,0,1,0,0,256,P,Y,0000111111110000111100000000111100001111111100001111000000001111,Y,"[{""end_offset"":24,""start_offset"":0,""state"":""pure_P""},{""end_offset"":62,""start_offset"":33,""state"":""raw_codeword_specific_composite""},{""end_offset"":256,""start_offset"":85,""state"":""pure_Y""}]"
641,q_p_y,3,Y,Q,first_hidden,True,0,1,False,,,False,,,False,,,,,256,P,Y,0000111111110000111100000000111100001111111100001111000000001111,Y,"[{""end_offset"":24,""start_offset"":0,""state"":""pure_P""},{""end_offset"":62,""start_offset"":33,""state"":""raw_codeword_specific_composite""},{""end_offset"":256,""start_offset"":85,""state"":""pure_Y""}]"
641,q_p_y,3,Y,Q,final_hidden,True,0,1,False,,,False,,,False,,,,,256,P,Y,0000111111110000111100000000111100001111111100001111000000001111,Y,"[{""end_offset"":24,""start_offset"":0,""state"":""pure_P""},{""end_offset"":62,""start_offset"":33,""state"":""raw_codeword_specific_composite""},{""end_offset"":256,""start_offset"":85,""state"":""pure_Y""}]"
641,q_p_y,3,Y,Y,first_hidden,True,85,117,True,85,117,True,85,117,True,85,117,0,0,256,P,Y,0000111111110000111100000000111100001111111100001111000000001111,Y,"[{""end_offset"":24,""start_offset"":0,""state"":""pure_P""},{""end_offset"":62,""start_offset"":33,""state"":""raw_codeword_specific_composite""},{""end_offset"":256,""start_offset"":85,""state"":""pure_Y""}]"
641,q_p_y,3,Y,Y,final_hidden,True,85,117,True,85,117,True,85,117,True,85,117,0,0,256,P,Y,0000111111110000111100000000111100001111111100001111000000001111,Y,"[{""end_offset"":24,""start_offset"":0,""state"":""pure_P""},{""end_offset"":62,""start_offset"":33,""state"":""raw_codeword_specific_composite""},{""end_offset"":256,""start_offset"":85,""state"":""pure_Y""}]"
641,q_y_p,1,Q,P,first_hidden,True,0,1,False,,,False,,,False,,,,,256,,Q,1001100110011001100110011001100110011001100110011001100110011001,Q,"[{""end_offset"":5,""start_offset"":0,""state"":""raw_codeword_specific_composite""},{""end_offset"":256,""start_offset"":7,""state"":""pure_Q""}]"
641,q_y_p,1,Q,P,final_hidden,True,3,4,False,,,False,,,False,,,,,256,,Q,1001100110011001100110011001100110011001100110011001100110011001,Q,"[{""end_offset"":5,""start_offset"":0,""state"":""raw_codeword_specific_composite""},{""end_offset"":256,""start_offset"":7,""state"":""pure_Q""}]"
641,q_y_p,1,Q,Q,first_hidden,True,7,9,True,7,9,True,7,9,True,7,9,0,0,256,,Q,1001100110011001100110011001100110011001100110011001100110011001,Q,"[{""end_offset"":5,""start_offset"":0,""state"":""raw_codeword_specific_composite""},{""end_offset"":256,""start_offset"":7,""state"":""pure_Q""}]"
641,q_y_p,1,Q,Q,final_hidden,True,5,7,True,7,9,True,7,9,True,7,9,2,2,256,,Q,1001100110011001100110011001100110011001100110011001100110011001,Q,"[{""end_offset"":5,""start_offset"":0,""state"":""raw_codeword_specific_composite""},{""end_offset"":256,""start_offset"":7,""state"":""pure_Q""}]"
641,q_y_p,1,Q,Y,first_hidden,False,,,False,,,False,,,False,,,,,256,,Q,1001100110011001100110011001100110011001100110011001100110011001,Q,"[{""end_offset"":5,""start_offset"":0,""state"":""raw_codeword_specific_composite""},{""end_offset"":256,""start_offset"":7,""state"":""pure_Q""}]"
641,q_y_p,1,Q,Y,final_hidden,False,,,False,,,False,,,False,,,,,256,,Q,1001100110011001100110011001100110011001100110011001100110011001,Q,"[{""end_offset"":5,""start_offset"":0,""state"":""raw_codeword_specific_composite""},{""end_offset"":256,""start_offset"":7,""state"":""pure_Q""}]"
641,q_y_p,2,Y,P,first_hidden,True,0,1,False,,,False,,,False,,,,,256,Q,Y,0000111111110000111100000000111100001111111100001111000000001111,Y,"[{""end_offset"":13,""start_offset"":0,""state"":""pure_Q""},{""end_offset"":24,""start_offset"":17,""state"":""raw_codeword_specific_composite""},{""end_offset"":33,""start_offset"":33,""state"":""pure_Q""},{""end_offset"":62,""start_offset"":45,""state"":""raw_codeword_specific_composite""},{""end_offset"":256,""start_offset"":85,""state"":""pure_Y""}]"
641,q_y_p,2,Y,P,final_hidden,True,0,1,False,,,False,,,False,,,,,256,Q,Y,0000111111110000111100000000111100001111111100001111000000001111,Y,"[{""end_offset"":13,""start_offset"":0,""state"":""pure_Q""},{""end_offset"":24,""start_offset"":17,""state"":""raw_codeword_specific_composite""},{""end_offset"":33,""start_offset"":33,""state"":""pure_Q""},{""end_offset"":62,""start_offset"":45,""state"":""raw_codeword_specific_composite""},{""end_offset"":256,""start_offset"":85,""state"":""pure_Y""}]"
641,q_y_p,2,Y,Q,first_hidden,True,0,1,True,0,1,True,0,1,True,0,1,0,0,256,Q,Y,0000111111110000111100000000111100001111111100001111000000001111,Y,"[{""end_offset"":13,""start_offset"":0,""state"":""pure_Q""},{""end_offset"":24,""start_offset"":17,""state"":""raw_codeword_specific_composite""},{""end_offset"":33,""start_offset"":33,""state"":""pure_Q""},{""end_offset"":62,""start_offset"":45,""state"":""raw_codeword_specific_composite""},{""end_offset"":256,""start_offset"":85,""state"":""pure_Y""}]"
641,q_y_p,2,Y,Q,final_hidden,True,0,1,True,0,1,True,0,1,True,0,1,0,0,256,Q,Y,0000111111110000111100000000111100001111111100001111000000001111,Y,"[{""end_offset"":13,""start_offset"":0,""state"":""pure_Q""},{""end_offset"":24,""start_offset"":17,""state"":""raw_codeword_specific_composite""},{""end_offset"":33,""start_offset"":33,""state"":""pure_Q""},{""end_offset"":62,""start_offset"":45,""state"":""raw_codeword_specific_composite""},{""end_offset"":256,""start_offset"":85,""state"":""pure_Y""}]"
641,q_y_p,2,Y,Y,first_hidden,True,117,128,True,85,117,True,85,117,True,85,117,-32,-32,256,Q,Y,0000111111110000111100000000111100001111111100001111000000001111,Y,"[{""end_offset"":13,""start_offset"":0,""state"":""pure_Q""},{""end_offset"":24,""start_offset"":17,""state"":""raw_codeword_specific_composite""},{""end_offset"":33,""start_offset"":33,""state"":""pure_Q""},{""end_offset"":62,""start_offset"":45,""state"":""raw_codeword_specific_composite""},{""end_offset"":256,""start_offset"":85,""state"":""pure_Y""}]"
641,q_y_p,2,Y,Y,final_hidden,True,117,128,True,85,117,True,85,117,True,85,117,-32,-32,256,Q,Y,0000111111110000111100000000111100001111111100001111000000001111,Y,"[{""end_offset"":13,""start_offset"":0,""state"":""pure_Q""},{""end_offset"":24,""start_offset"":17,""state"":""raw_codeword_specific_composite""},{""end_offset"":33,""start_offset"":33,""state"":""pure_Q""},{""end_offset"":62,""start_offset"":45,""state"":""raw_codeword_specific_composite""},{""end_offset"":256,""start_offset"":85,""state"":""pure_Y""}]"
641,q_y_p,3,P,P,first_hidden,True,0,1,True,33,45,True,33,45,True,33,45,33,33,256,Y,P,0000000000000000000000000000000011111111111111111111111111111111,P,"[{""end_offset"":9,""start_offset"":0,""state"":""pure_Y""},{""end_offset"":24,""start_offset"":13,""state"":""raw_codeword_specific_composite""},{""end_offset"":256,""start_offset"":33,""state"":""pure_P""}]"
641,q_y_p,3,P,P,final_hidden,True,33,45,True,33,45,True,33,45,True,33,45,0,0,256,Y,P,0000000000000000000000000000000011111111111111111111111111111111,P,"[{""end_offset"":9,""start_offset"":0,""state"":""pure_Y""},{""end_offset"":24,""start_offset"":13,""state"":""raw_codeword_specific_composite""},{""end_offset"":256,""start_offset"":33,""state"":""pure_P""}]"
641,q_y_p,3,P,Q,first_hidden,True,0,1,False,,,False,,,False,,,,,256,Y,P,0000000000000000000000000000000011111111111111111111111111111111,P,"[{""end_offset"":9,""start_offset"":0,""state"":""pure_Y""},{""end_offset"":24,""start_offset"":13,""state"":""raw_codeword_specific_composite""},{""end_offset"":256,""start_offset"":33,""state"":""pure_P""}]"
641,q_y_p,3,P,Q,final_hidden,False,,,False,,,False,,,False,,,,,256,Y,P,0000000000000000000000000000000011111111111111111111111111111111,P,"[{""end_offset"":9,""start_offset"":0,""state"":""pure_Y""},{""end_offset"":24,""start_offset"":13,""state"":""raw_codeword_specific_composite""},{""end_offset"":256,""start_offset"":33,""state"":""pure_P""}]"
641,q_y_p,3,P,Y,first_hidden,True,0,1,True,0,1,True,0,1,True,0,1,0,0,256,Y,P,0000000000000000000000000000000011111111111111111111111111111111,P,"[{""end_offset"":9,""start_offset"":0,""state"":""pure_Y""},{""end_offset"":24,""start_offset"":13,""state"":""raw_codeword_specific_composite""},{""end_offset"":256,""start_offset"":33,""state"":""pure_P""}]"
641,q_y_p,3,P,Y,final_hidden,True,0,1,True,0,1,True,0,1,True,0,1,0,0,256,Y,P,0000000000000000000000000000000011111111111111111111111111111111,P,"[{""end_offset"":9,""start_offset"":0,""state"":""pure_Y""},{""end_offset"":24,""start_offset"":13,""state"":""raw_codeword_specific_composite""},{""end_offset"":256,""start_offset"":33,""state"":""pure_P""}]"
641,y_p_q,1,Y,P,first_hidden,True,0,1,False,,,False,,,False,,,,,256,,Y,0000111111110000111100000000111100001111111100001111000000001111,Y,"[{""end_offset"":7,""start_offset"":0,""state"":""raw_codeword_specific_composite""},{""end_offset"":256,""start_offset"":9,""state"":""pure_Y""}]"
641,y_p_q,1,Y,P,final_hidden,True,3,4,False,,,False,,,False,,,,,256,,Y,0000111111110000111100000000111100001111111100001111000000001111,Y,"[{""end_offset"":7,""start_offset"":0,""state"":""raw_codeword_specific_composite""},{""end_offset"":256,""start_offset"":9,""state"":""pure_Y""}]"
641,y_p_q,1,Y,Q,first_hidden,False,,,False,,,False,,,False,,,,,256,,Y,0000111111110000111100000000111100001111111100001111000000001111,Y,"[{""end_offset"":7,""start_offset"":0,""state"":""raw_codeword_specific_composite""},{""end_offset"":256,""start_offset"":9,""state"":""pure_Y""}]"
641,y_p_q,1,Y,Q,final_hidden,False,,,False,,,False,,,False,,,,,256,,Y,0000111111110000111100000000111100001111111100001111000000001111,Y,"[{""end_offset"":7,""start_offset"":0,""state"":""raw_codeword_specific_composite""},{""end_offset"":256,""start_offset"":9,""state"":""pure_Y""}]"
641,y_p_q,1,Y,Y,first_hidden,True,33,45,True,9,13,True,9,13,True,9,13,-24,-24,256,,Y,0000111111110000111100000000111100001111111100001111000000001111,Y,"[{""end_offset"":7,""start_offset"":0,""state"":""raw_codeword_specific_composite""},{""end_offset"":256,""start_offset"":9,""state"":""pure_Y""}]"
641,y_p_q,1,Y,Y,final_hidden,True,17,24,True,9,13,True,9,13,True,9,13,-8,-8,256,,Y,0000111111110000111100000000111100001111111100001111000000001111,Y,"[{""end_offset"":7,""start_offset"":0,""state"":""raw_codeword_specific_composite""},{""end_offset"":256,""start_offset"":9,""state"":""pure_Y""}]"
641,y_p_q,2,P,P,first_hidden,True,0,1,True,33,45,True,33,45,True,33,45,33,33,256,Y,P,0000000000000000000000000000000011111111111111111111111111111111,P,"[{""end_offset"":7,""start_offset"":0,""state"":""pure_Y""},{""end_offset"":24,""start_offset"":9,""state"":""raw_codeword_specific_composite""},{""end_offset"":256,""start_offset"":33,""state"":""pure_P""}]"
641,y_p_q,2,P,P,final_hidden,True,0,1,True,33,45,True,33,45,True,33,45,33,33,256,Y,P,0000000000000000000000000000000011111111111111111111111111111111,P,"[{""end_offset"":7,""start_offset"":0,""state"":""pure_Y""},{""end_offset"":24,""start_offset"":9,""state"":""raw_codeword_specific_composite""},{""end_offset"":256,""start_offset"":33,""state"":""pure_P""}]"
641,y_p_q,2,P,Q,first_hidden,False,,,False,,,False,,,False,,,,,256,Y,P,0000000000000000000000000000000011111111111111111111111111111111,P,"[{""end_offset"":7,""start_offset"":0,""state"":""pure_Y""},{""end_offset"":24,""start_offset"":9,""state"":""raw_codeword_specific_composite""},{""end_offset"":256,""start_offset"":33,""state"":""pure_P""}]"
641,y_p_q,2,P,Q,final_hidden,False,,,False,,,False,,,False,,,,,256,Y,P,0000000000000000000000000000000011111111111111111111111111111111,P,"[{""end_offset"":7,""start_offset"":0,""state"":""pure_Y""},{""end_offset"":24,""start_offset"":9,""state"":""raw_codeword_specific_composite""},{""end_offset"":256,""start_offset"":33,""state"":""pure_P""}]"
641,y_p_q,2,P,Y,first_hidden,True,0,1,True,0,1,True,0,1,True,0,1,0,0,256,Y,P,0000000000000000000000000000000011111111111111111111111111111111,P,"[{""end_offset"":7,""start_offset"":0,""state"":""pure_Y""},{""end_offset"":24,""start_offset"":9,""state"":""raw_codeword_specific_composite""},{""end_offset"":256,""start_offset"":33,""state"":""pure_P""}]"
641,y_p_q,2,P,Y,final_hidden,True,0,1,True,0,1,True,0,1,True,0,1,0,0,256,Y,P,0000000000000000000000000000000011111111111111111111111111111111,P,"[{""end_offset"":7,""start_offset"":0,""state"":""pure_Y""},{""end_offset"":24,""start_offset"":9,""state"":""raw_codeword_specific_composite""},{""end_offset"":256,""start_offset"":33,""state"":""pure_P""}]"
641,y_p_q,3,Q,P,first_hidden,True,0,1,True,0,1,True,0,1,True,0,1,0,0,256,P,Q,1001100110011001100110011001100110011001100110011001100110011001,Q,"[{""end_offset"":24,""start_offset"":0,""state"":""pure_P""},{""end_offset"":33,""start_offset"":33,""state"":""raw_codeword_specific_composite""},{""end_offset"":256,""start_offset"":45,""state"":""pure_Q""}]"
641,y_p_q,3,Q,P,final_hidden,True,0,1,True,0,1,True,0,1,True,0,1,0,0,256,P,Q,1001100110011001100110011001100110011001100110011001100110011001,Q,"[{""end_offset"":24,""start_offset"":0,""state"":""pure_P""},{""end_offset"":33,""start_offset"":33,""state"":""raw_codeword_specific_composite""},{""end_offset"":256,""start_offset"":45,""state"":""pure_Q""}]"
641,y_p_q,3,Q,Q,first_hidden,True,33,45,True,45,62,True,45,62,True,45,62,12,12,256,P,Q,1001100110011001100110011001100110011001100110011001100110011001,Q,"[{""end_offset"":24,""start_offset"":0,""state"":""pure_P""},{""end_offset"":33,""start_offset"":33,""state"":""raw_codeword_specific_composite""},{""end_offset"":256,""start_offset"":45,""state"":""pure_Q""}]"
641,y_p_q,3,Q,Q,final_hidden,True,62,85,True,45,62,True,45,62,True,45,62,-17,-17,256,P,Q,1001100110011001100110011001100110011001100110011001100110011001,Q,"[{""end_offset"":24,""start_offset"":0,""state"":""pure_P""},{""end_offset"":33,""start_offset"":33,""state"":""raw_codeword_specific_composite""},{""end_offset"":256,""start_offset"":45,""state"":""pure_Q""}]"
641,y_p_q,3,Q,Y,first_hidden,True,0,1,False,,,False,,,False,,,,,256,P,Q,1001100110011001100110011001100110011001100110011001100110011001,Q,"[{""end_offset"":24,""start_offset"":0,""state"":""pure_P""},{""end_offset"":33,""start_offset"":33,""state"":""raw_codeword_specific_composite""},{""end_offset"":256,""start_offset"":45,""state"":""pure_Q""}]"
641,y_p_q,3,Q,Y,final_hidden,True,0,1,False,,,False,,,False,,,,,256,P,Q,1001100110011001100110011001100110011001100110011001100110011001,Q,"[{""end_offset"":24,""start_offset"":0,""state"":""pure_P""},{""end_offset"":33,""start_offset"":33,""state"":""raw_codeword_specific_composite""},{""end_offset"":256,""start_offset"":45,""state"":""pure_Q""}]"
641,y_q_p,1,Y,P,first_hidden,True,0,1,False,,,False,,,False,,,,,256,,Y,0000111111110000111100000000111100001111111100001111000000001111,Y,"[{""end_offset"":7,""start_offset"":0,""state"":""raw_codeword_specific_composite""},{""end_offset"":256,""start_offset"":9,""state"":""pure_Y""}]"
641,y_q_p,1,Y,P,final_hidden,True,3,4,False,,,False,,,False,,,,,256,,Y,0000111111110000111100000000111100001111111100001111000000001111,Y,"[{""end_offset"":7,""start_offset"":0,""state"":""raw_codeword_specific_composite""},{""end_offset"":256,""start_offset"":9,""state"":""pure_Y""}]"
641,y_q_p,1,Y,Q,first_hidden,False,,,False,,,False,,,False,,,,,256,,Y,0000111111110000111100000000111100001111111100001111000000001111,Y,"[{""end_offset"":7,""start_offset"":0,""state"":""raw_codeword_specific_composite""},{""end_offset"":256,""start_offset"":9,""state"":""pure_Y""}]"
641,y_q_p,1,Y,Q,final_hidden,False,,,False,,,False,,,False,,,,,256,,Y,0000111111110000111100000000111100001111111100001111000000001111,Y,"[{""end_offset"":7,""start_offset"":0,""state"":""raw_codeword_specific_composite""},{""end_offset"":256,""start_offset"":9,""state"":""pure_Y""}]"
641,y_q_p,1,Y,Y,first_hidden,True,33,45,True,9,13,True,9,13,True,9,13,-24,-24,256,,Y,0000111111110000111100000000111100001111111100001111000000001111,Y,"[{""end_offset"":7,""start_offset"":0,""state"":""raw_codeword_specific_composite""},{""end_offset"":256,""start_offset"":9,""state"":""pure_Y""}]"
641,y_q_p,1,Y,Y,final_hidden,True,17,24,True,9,13,True,9,13,True,9,13,-8,-8,256,,Y,0000111111110000111100000000111100001111111100001111000000001111,Y,"[{""end_offset"":7,""start_offset"":0,""state"":""raw_codeword_specific_composite""},{""end_offset"":256,""start_offset"":9,""state"":""pure_Y""}]"
641,y_q_p,2,Q,P,first_hidden,True,0,1,False,,,False,,,False,,,,,256,Y,Q,1001100110011001100110011001100110011001100110011001100110011001,Q,"[{""end_offset"":13,""start_offset"":0,""state"":""pure_Y""},{""end_offset"":33,""start_offset"":17,""state"":""raw_codeword_specific_composite""},{""end_offset"":256,""start_offset"":45,""state"":""pure_Q""}]"
641,y_q_p,2,Q,P,final_hidden,True,0,1,False,,,False,,,False,,,,,256,Y,Q,1001100110011001100110011001100110011001100110011001100110011001,Q,"[{""end_offset"":13,""start_offset"":0,""state"":""pure_Y""},{""end_offset"":33,""start_offset"":17,""state"":""raw_codeword_specific_composite""},{""end_offset"":256,""start_offset"":45,""state"":""pure_Q""}]"
641,y_q_p,2,Q,Q,first_hidden,True,45,62,True,45,62,True,45,62,True,45,62,0,0,256,Y,Q,1001100110011001100110011001100110011001100110011001100110011001,Q,"[{""end_offset"":13,""start_offset"":0,""state"":""pure_Y""},{""end_offset"":33,""start_offset"":17,""state"":""raw_codeword_specific_composite""},{""end_offset"":256,""start_offset"":45,""state"":""pure_Q""}]"
641,y_q_p,2,Q,Q,final_hidden,True,62,85,True,45,62,True,45,62,True,45,62,-17,-17,256,Y,Q,1001100110011001100110011001100110011001100110011001100110011001,Q,"[{""end_offset"":13,""start_offset"":0,""state"":""pure_Y""},{""end_offset"":33,""start_offset"":17,""state"":""raw_codeword_specific_composite""},{""end_offset"":256,""start_offset"":45,""state"":""pure_Q""}]"
641,y_q_p,2,Q,Y,first_hidden,True,0,1,True,0,1,True,0,1,True,0,1,0,0,256,Y,Q,1001100110011001100110011001100110011001100110011001100110011001,Q,"[{""end_offset"":13,""start_offset"":0,""state"":""pure_Y""},{""end_offset"":33,""start_offset"":17,""state"":""raw_codeword_specific_composite""},{""end_offset"":256,""start_offset"":45,""state"":""pure_Q""}]"
641,y_q_p,2,Q,Y,final_hidden,True,0,1,True,0,1,True,0,1,True,0,1,0,0,256,Y,Q,1001100110011001100110011001100110011001100110011001100110011001,Q,"[{""end_offset"":13,""start_offset"":0,""state"":""pure_Y""},{""end_offset"":33,""start_offset"":17,""state"":""raw_codeword_specific_composite""},{""end_offset"":256,""start_offset"":45,""state"":""pure_Q""}]"
641,y_q_p,3,P,P,first_hidden,True,0,1,True,33,45,True,33,45,True,33,45,33,33,256,Q,P,0000000000000000000000000000000011111111111111111111111111111111,P,"[{""end_offset"":17,""start_offset"":0,""state"":""pure_Q""},{""end_offset"":24,""start_offset"":24,""state"":""raw_codeword_specific_composite""},{""end_offset"":256,""start_offset"":33,""state"":""pure_P""}]"
641,y_q_p,3,P,P,final_hidden,True,33,45,True,33,45,True,33,45,True,33,45,0,0,256,Q,P,0000000000000000000000000000000011111111111111111111111111111111,P,"[{""end_offset"":17,""start_offset"":0,""state"":""pure_Q""},{""end_offset"":24,""start_offset"":24,""state"":""raw_codeword_specific_composite""},{""end_offset"":256,""start_offset"":33,""state"":""pure_P""}]"
641,y_q_p,3,P,Q,first_hidden,True,0,1,True,0,1,True,0,1,True,0,1,0,0,256,Q,P,0000000000000000000000000000000011111111111111111111111111111111,P,"[{""end_offset"":17,""start_offset"":0,""state"":""pure_Q""},{""end_offset"":24,""start_offset"":24,""state"":""raw_codeword_specific_composite""},{""end_offset"":256,""start_offset"":33,""state"":""pure_P""}]"
641,y_q_p,3,P,Q,final_hidden,True,0,1,True,0,1,True,0,1,True,0,1,0,0,256,Q,P,0000000000000000000000000000000011111111111111111111111111111111,P,"[{""end_offset"":17,""start_offset"":0,""state"":""pure_Q""},{""end_offset"":24,""start_offset"":24,""state"":""raw_codeword_specific_composite""},{""end_offset"":256,""start_offset"":33,""state"":""pure_P""}]"
641,y_q_p,3,P,Y,first_hidden,False,,,False,,,False,,,False,,,,,256,Q,P,0000000000000000000000000000000011111111111111111111111111111111,P,"[{""end_offset"":17,""start_offset"":0,""state"":""pure_Q""},{""end_offset"":24,""start_offset"":24,""state"":""raw_codeword_specific_composite""},{""end_offset"":256,""start_offset"":33,""state"":""pure_P""}]"
641,y_q_p,3,P,Y,final_hidden,True,0,1,False,,,False,,,False,,,,,256,Q,P,0000000000000000000000000000000011111111111111111111111111111111,P,"[{""end_offset"":17,""start_offset"":0,""state"":""pure_Q""},{""end_offset"":24,""start_offset"":24,""state"":""raw_codeword_specific_composite""},{""end_offset"":256,""start_offset"":33,""state"":""pure_P""}]"
643,p_q_y,1,P,P,first_hidden,True,0,1,True,3,4,True,3,4,True,3,4,3,3,256,,P,0000000000000000000000000000000011111111111111111111111111111111,P,"[{""end_offset"":2,""start_offset"":0,""state"":""raw_codeword_specific_composite""},{""end_offset"":256,""start_offset"":3,""state"":""pure_P""}]"
643,p_q_y,1,P,P,final_hidden,True,2,3,True,3,4,True,3,4,True,3,4,1,1,256,,P,0000000000000000000000000000000011111111111111111111111111111111,P,"[{""end_offset"":2,""start_offset"":0,""state"":""raw_codeword_specific_composite""},{""end_offset"":256,""start_offset"":3,""state"":""pure_P""}]"
643,p_q_y,1,P,Q,first_hidden,True,5,7,False,,,False,,,False,,,,,256,,P,0000000000000000000000000000000011111111111111111111111111111111,P,"[{""end_offset"":2,""start_offset"":0,""state"":""raw_codeword_specific_composite""},{""end_offset"":256,""start_offset"":3,""state"":""pure_P""}]"
643,p_q_y,1,P,Q,final_hidden,False,,,False,,,False,,,False,,,,,256,,P,0000000000000000000000000000000011111111111111111111111111111111,P,"[{""end_offset"":2,""start_offset"":0,""state"":""raw_codeword_specific_composite""},{""end_offset"":256,""start_offset"":3,""state"":""pure_P""}]"
643,p_q_y,1,P,Y,first_hidden,False,,,False,,,False,,,False,,,,,256,,P,0000000000000000000000000000000011111111111111111111111111111111,P,"[{""end_offset"":2,""start_offset"":0,""state"":""raw_codeword_specific_composite""},{""end_offset"":256,""start_offset"":3,""state"":""pure_P""}]"
643,p_q_y,1,P,Y,final_hidden,False,,,False,,,False,,,False,,,,,256,,P,0000000000000000000000000000000011111111111111111111111111111111,P,"[{""end_offset"":2,""start_offset"":0,""state"":""raw_codeword_specific_composite""},{""end_offset"":256,""start_offset"":3,""state"":""pure_P""}]"
643,p_q_y,2,Q,P,first_hidden,True,0,1,True,0,1,True,0,1,True,0,1,0,0,256,P,Q,1001100110011001100110011001100110011001100110011001100110011001,Q,"[{""end_offset"":24,""start_offset"":0,""state"":""pure_P""},{""end_offset"":256,""start_offset"":33,""state"":""pure_Q""}]"
643,p_q_y,2,Q,P,final_hidden,True,0,1,True,0,1,True,0,1,True,0,1,0,0,256,P,Q,1001100110011001100110011001100110011001100110011001100110011001,Q,"[{""end_offset"":24,""start_offset"":0,""state"":""pure_P""},{""end_offset"":256,""start_offset"":33,""state"":""pure_Q""}]"
643,p_q_y,2,Q,Q,first_hidden,True,0,1,True,33,45,True,33,45,True,33,45,33,33,256,P,Q,1001100110011001100110011001100110011001100110011001100110011001,Q,"[{""end_offset"":24,""start_offset"":0,""state"":""pure_P""},{""end_offset"":256,""start_offset"":33,""state"":""pure_Q""}]"
643,p_q_y,2,Q,Q,final_hidden,True,33,45,True,33,45,True,33,45,True,33,45,0,0,256,P,Q,1001100110011001100110011001100110011001100110011001100110011001,Q,"[{""end_offset"":24,""start_offset"":0,""state"":""pure_P""},{""end_offset"":256,""start_offset"":33,""state"":""pure_Q""}]"
643,p_q_y,2,Q,Y,first_hidden,False,,,False,,,False,,,False,,,,,256,P,Q,1001100110011001100110011001100110011001100110011001100110011001,Q,"[{""end_offset"":24,""start_offset"":0,""state"":""pure_P""},{""end_offset"":256,""start_offset"":33,""state"":""pure_Q""}]"
643,p_q_y,2,Q,Y,final_hidden,False,,,False,,,False,,,False,,,,,256,P,Q,1001100110011001100110011001100110011001100110011001100110011001,Q,"[{""end_offset"":24,""start_offset"":0,""state"":""pure_P""},{""end_offset"":256,""start_offset"":33,""state"":""pure_Q""}]"
643,p_q_y,3,Y,P,first_hidden,True,0,1,False,,,False,,,False,,,,,256,Q,Y,0000111111110000111100000000111100001111111100001111000000001111,Y,"[{""end_offset"":13,""start_offset"":0,""state"":""pure_Q""},{""end_offset"":17,""start_offset"":17,""state"":""raw_codeword_specific_composite""},{""end_offset"":24,""start_offset"":24,""state"":""pure_Q""},{""end_offset"":85,""start_offset"":33,""state"":""raw_codeword_specific_composite""},{""end_offset"":256,""start_offset"":117,""state"":""pure_Y""}]"
643,p_q_y,3,Y,P,final_hidden,True,0,1,False,,,False,,,False,,,,,256,Q,Y,0000111111110000111100000000111100001111111100001111000000001111,Y,"[{""end_offset"":13,""start_offset"":0,""state"":""pure_Q""},{""end_offset"":17,""start_offset"":17,""state"":""raw_codeword_specific_composite""},{""end_offset"":24,""start_offset"":24,""state"":""pure_Q""},{""end_offset"":85,""start_offset"":33,""state"":""raw_codeword_specific_composite""},{""end_offset"":256,""start_offset"":117,""state"":""pure_Y""}]"
643,p_q_y,3,Y,Q,first_hidden,True,0,1,True,0,1,True,0,1,True,0,1,0,0,256,Q,Y,0000111111110000111100000000111100001111111100001111000000001111,Y,"[{""end_offset"":13,""start_offset"":0,""state"":""pure_Q""},{""end_offset"":17,""start_offset"":17,""state"":""raw_codeword_specific_composite""},{""end_offset"":24,""start_offset"":24,""state"":""pure_Q""},{""end_offset"":85,""start_offset"":33,""state"":""raw_codeword_specific_composite""},{""end_offset"":256,""start_offset"":117,""state"":""pure_Y""}]"
643,p_q_y,3,Y,Q,final_hidden,True,0,1,True,0,1,True,0,1,True,0,1,0,0,256,Q,Y,0000111111110000111100000000111100001111111100001111000000001111,Y,"[{""end_offset"":13,""start_offset"":0,""state"":""pure_Q""},{""end_offset"":17,""start_offset"":17,""state"":""raw_codeword_specific_composite""},{""end_offset"":24,""start_offset"":24,""state"":""pure_Q""},{""end_offset"":85,""start_offset"":33,""state"":""raw_codeword_specific_composite""},{""end_offset"":256,""start_offset"":117,""state"":""pure_Y""}]"
643,p_q_y,3,Y,Y,first_hidden,True,62,85,True,117,128,True,117,128,True,117,128,55,55,256,Q,Y,0000111111110000111100000000111100001111111100001111000000001111,Y,"[{""end_offset"":13,""start_offset"":0,""state"":""pure_Q""},{""end_offset"":17,""start_offset"":17,""state"":""raw_codeword_specific_composite""},{""end_offset"":24,""start_offset"":24,""state"":""pure_Q""},{""end_offset"":85,""start_offset"":33,""state"":""raw_codeword_specific_composite""},{""end_offset"":256,""start_offset"":117,""state"":""pure_Y""}]"
643,p_q_y,3,Y,Y,final_hidden,True,117,128,True,117,128,True,117,128,True,117,128,0,0,256,Q,Y,0000111111110000111100000000111100001111111100001111000000001111,Y,"[{""end_offset"":13,""start_offset"":0,""state"":""pure_Q""},{""end_offset"":17,""start_offset"":17,""state"":""raw_codeword_specific_composite""},{""end_offset"":24,""start_offset"":24,""state"":""pure_Q""},{""end_offset"":85,""start_offset"":33,""state"":""raw_codeword_specific_composite""},{""end_offset"":256,""start_offset"":117,""state"":""pure_Y""}]"
643,p_y_q,1,P,P,first_hidden,True,0,1,True,3,4,True,3,4,True,3,4,3,3,256,,P,0000000000000000000000000000000011111111111111111111111111111111,P,"[{""end_offset"":2,""start_offset"":0,""state"":""raw_codeword_specific_composite""},{""end_offset"":256,""start_offset"":3,""state"":""pure_P""}]"
643,p_y_q,1,P,P,final_hidden,True,2,3,True,3,4,True,3,4,True,3,4,1,1,256,,P,0000000000000000000000000000000011111111111111111111111111111111,P,"[{""end_offset"":2,""start_offset"":0,""state"":""raw_codeword_specific_composite""},{""end_offset"":256,""start_offset"":3,""state"":""pure_P""}]"
643,p_y_q,1,P,Q,first_hidden,True,5,7,False,,,False,,,False,,,,,256,,P,0000000000000000000000000000000011111111111111111111111111111111,P,"[{""end_offset"":2,""start_offset"":0,""state"":""raw_codeword_specific_composite""},{""end_offset"":256,""start_offset"":3,""state"":""pure_P""}]"
643,p_y_q,1,P,Q,final_hidden,False,,,False,,,False,,,False,,,,,256,,P,0000000000000000000000000000000011111111111111111111111111111111,P,"[{""end_offset"":2,""start_offset"":0,""state"":""raw_codeword_specific_composite""},{""end_offset"":256,""start_offset"":3,""state"":""pure_P""}]"
643,p_y_q,1,P,Y,first_hidden,False,,,False,,,False,,,False,,,,,256,,P,0000000000000000000000000000000011111111111111111111111111111111,P,"[{""end_offset"":2,""start_offset"":0,""state"":""raw_codeword_specific_composite""},{""end_offset"":256,""start_offset"":3,""state"":""pure_P""}]"
643,p_y_q,1,P,Y,final_hidden,False,,,False,,,False,,,False,,,,,256,,P,0000000000000000000000000000000011111111111111111111111111111111,P,"[{""end_offset"":2,""start_offset"":0,""state"":""raw_codeword_specific_composite""},{""end_offset"":256,""start_offset"":3,""state"":""pure_P""}]"
643,p_y_q,2,Y,P,first_hidden,True,0,1,True,0,1,True,0,1,True,0,1,0,0,256,P,Y,0000111111110000111100000000111100001111111100001111000000001111,Y,"[{""end_offset"":24,""start_offset"":0,""state"":""pure_P""},{""end_offset"":62,""start_offset"":33,""state"":""raw_codeword_specific_composite""},{""end_offset"":256,""start_offset"":85,""state"":""pure_Y""}]"
643,p_y_q,2,Y,P,final_hidden,True,0,1,True,0,1,True,0,1,True,0,1,0,0,256,P,Y,0000111111110000111100000000111100001111111100001111000000001111,Y,"[{""end_offset"":24,""start_offset"":0,""state"":""pure_P""},{""end_offset"":62,""start_offset"":33,""state"":""raw_codeword_specific_composite""},{""end_offset"":256,""start_offset"":85,""state"":""pure_Y""}]"
643,p_y_q,2,Y,Q,first_hidden,True,0,1,False,,,False,,,False,,,,,256,P,Y,0000111111110000111100000000111100001111111100001111000000001111,Y,"[{""end_offset"":24,""start_offset"":0,""state"":""pure_P""},{""end_offset"":62,""start_offset"":33,""state"":""raw_codeword_specific_composite""},{""end_offset"":256,""start_offset"":85,""state"":""pure_Y""}]"
643,p_y_q,2,Y,Q,final_hidden,False,,,False,,,False,,,False,,,,,256,P,Y,0000111111110000111100000000111100001111111100001111000000001111,Y,"[{""end_offset"":24,""start_offset"":0,""state"":""pure_P""},{""end_offset"":62,""start_offset"":33,""state"":""raw_codeword_specific_composite""},{""end_offset"":256,""start_offset"":85,""state"":""pure_Y""}]"
643,p_y_q,2,Y,Y,first_hidden,True,85,117,True,85,117,True,85,117,True,85,117,0,0,256,P,Y,0000111111110000111100000000111100001111111100001111000000001111,Y,"[{""end_offset"":24,""start_offset"":0,""state"":""pure_P""},{""end_offset"":62,""start_offset"":33,""state"":""raw_codeword_specific_composite""},{""end_offset"":256,""start_offset"":85,""state"":""pure_Y""}]"
643,p_y_q,2,Y,Y,final_hidden,True,85,117,True,85,117,True,85,117,True,85,117,0,0,256,P,Y,0000111111110000111100000000111100001111111100001111000000001111,Y,"[{""end_offset"":24,""start_offset"":0,""state"":""pure_P""},{""end_offset"":62,""start_offset"":33,""state"":""raw_codeword_specific_composite""},{""end_offset"":256,""start_offset"":85,""state"":""pure_Y""}]"
643,p_y_q,3,Q,P,first_hidden,True,0,1,False,,,False,,,False,,,,,256,Y,Q,1001100110011001100110011001100110011001100110011001100110011001,Q,"[{""end_offset"":17,""start_offset"":0,""state"":""pure_Y""},{""end_offset"":24,""start_offset"":24,""state"":""raw_codeword_specific_composite""},{""end_offset"":33,""start_offset"":33,""state"":""other_candidate_tuple_consistent""},{""end_offset"":45,""start_offset"":45,""state"":""raw_codeword_specific_composite""},{""end_offset"":256,""start_offset"":62,""state"":""pure_Q""}]"
643,p_y_q,3,Q,P,final_hidden,True,0,1,False,,,False,,,False,,,,,256,Y,Q,1001100110011001100110011001100110011001100110011001100110011001,Q,"[{""end_offset"":17,""start_offset"":0,""state"":""pure_Y""},{""end_offset"":24,""start_offset"":24,""state"":""raw_codeword_specific_composite""},{""end_offset"":33,""start_offset"":33,""state"":""other_candidate_tuple_consistent""},{""end_offset"":45,""start_offset"":45,""state"":""raw_codeword_specific_composite""},{""end_offset"":256,""start_offset"":62,""state"":""pure_Q""}]"
643,p_y_q,3,Q,Q,first_hidden,True,24,33,True,62,85,True,62,85,True,62,85,38,38,256,Y,Q,1001100110011001100110011001100110011001100110011001100110011001,Q,"[{""end_offset"":17,""start_offset"":0,""state"":""pure_Y""},{""end_offset"":24,""start_offset"":24,""state"":""raw_codeword_specific_composite""},{""end_offset"":33,""start_offset"":33,""state"":""other_candidate_tuple_consistent""},{""end_offset"":45,""start_offset"":45,""state"":""raw_codeword_specific_composite""},{""end_offset"":256,""start_offset"":62,""state"":""pure_Q""}]"
643,p_y_q,3,Q,Q,final_hidden,True,45,62,True,62,85,True,62,85,True,62,85,17,17,256,Y,Q,1001100110011001100110011001100110011001100110011001100110011001,Q,"[{""end_offset"":17,""start_offset"":0,""state"":""pure_Y""},{""end_offset"":24,""start_offset"":24,""state"":""raw_codeword_specific_composite""},{""end_offset"":33,""start_offset"":33,""state"":""other_candidate_tuple_consistent""},{""end_offset"":45,""start_offset"":45,""state"":""raw_codeword_specific_composite""},{""end_offset"":256,""start_offset"":62,""state"":""pure_Q""}]"
643,p_y_q,3,Q,Y,first_hidden,True,0,1,True,0,1,True,0,1,True,0,1,0,0,256,Y,Q,1001100110011001100110011001100110011001100110011001100110011001,Q,"[{""end_offset"":17,""start_offset"":0,""state"":""pure_Y""},{""end_offset"":24,""start_offset"":24,""state"":""raw_codeword_specific_composite""},{""end_offset"":33,""start_offset"":33,""state"":""other_candidate_tuple_consistent""},{""end_offset"":45,""start_offset"":45,""state"":""raw_codeword_specific_composite""},{""end_offset"":256,""start_offset"":62,""state"":""pure_Q""}]"
643,p_y_q,3,Q,Y,final_hidden,True,0,1,True,0,1,True,0,1,True,0,1,0,0,256,Y,Q,1001100110011001100110011001100110011001100110011001100110011001,Q,"[{""end_offset"":17,""start_offset"":0,""state"":""pure_Y""},{""end_offset"":24,""start_offset"":24,""state"":""raw_codeword_specific_composite""},{""end_offset"":33,""start_offset"":33,""state"":""other_candidate_tuple_consistent""},{""end_offset"":45,""start_offset"":45,""state"":""raw_codeword_specific_composite""},{""end_offset"":256,""start_offset"":62,""state"":""pure_Q""}]"
643,q_p_y,1,Q,P,first_hidden,True,0,1,False,,,False,,,False,,,,,256,,Q,1001100110011001100110011001100110011001100110011001100110011001,Q,"[{""end_offset"":3,""start_offset"":0,""state"":""raw_codeword_specific_composite""},{""end_offset"":256,""start_offset"":4,""state"":""pure_Q""}]"
643,q_p_y,1,Q,P,final_hidden,True,1,2,False,,,False,,,False,,,,,256,,Q,1001100110011001100110011001100110011001100110011001100110011001,Q,"[{""end_offset"":3,""start_offset"":0,""state"":""raw_codeword_specific_composite""},{""end_offset"":256,""start_offset"":4,""state"":""pure_Q""}]"
643,q_p_y,1,Q,Q,first_hidden,True,7,9,True,4,5,True,4,5,True,4,5,-3,-3,256,,Q,1001100110011001100110011001100110011001100110011001100110011001,Q,"[{""end_offset"":3,""start_offset"":0,""state"":""raw_codeword_specific_composite""},{""end_offset"":256,""start_offset"":4,""state"":""pure_Q""}]"
643,q_p_y,1,Q,Q,final_hidden,True,4,5,True,4,5,True,4,5,True,4,5,0,0,256,,Q,1001100110011001100110011001100110011001100110011001100110011001,Q,"[{""end_offset"":3,""start_offset"":0,""state"":""raw_codeword_specific_composite""},{""end_offset"":256,""start_offset"":4,""state"":""pure_Q""}]"
643,q_p_y,1,Q,Y,first_hidden,False,,,False,,,False,,,False,,,,,256,,Q,1001100110011001100110011001100110011001100110011001100110011001,Q,"[{""end_offset"":3,""start_offset"":0,""state"":""raw_codeword_specific_composite""},{""end_offset"":256,""start_offset"":4,""state"":""pure_Q""}]"
643,q_p_y,1,Q,Y,final_hidden,False,,,False,,,False,,,False,,,,,256,,Q,1001100110011001100110011001100110011001100110011001100110011001,Q,"[{""end_offset"":3,""start_offset"":0,""state"":""raw_codeword_specific_composite""},{""end_offset"":256,""start_offset"":4,""state"":""pure_Q""}]"
643,q_p_y,2,P,P,first_hidden,True,0,1,True,33,45,True,33,45,True,33,45,33,33,256,Q,P,0000000000000000000000000000000011111111111111111111111111111111,P,"[{""end_offset"":9,""start_offset"":0,""state"":""pure_Q""},{""end_offset"":24,""start_offset"":13,""state"":""raw_codeword_specific_composite""},{""end_offset"":256,""start_offset"":33,""state"":""pure_P""}]"
643,q_p_y,2,P,P,final_hidden,True,0,1,True,33,45,True,33,45,True,33,45,33,33,256,Q,P,0000000000000000000000000000000011111111111111111111111111111111,P,"[{""end_offset"":9,""start_offset"":0,""state"":""pure_Q""},{""end_offset"":24,""start_offset"":13,""state"":""raw_codeword_specific_composite""},{""end_offset"":256,""start_offset"":33,""state"":""pure_P""}]"
643,q_p_y,2,P,Q,first_hidden,True,0,1,True,0,1,True,0,1,True,0,1,0,0,256,Q,P,0000000000000000000000000000000011111111111111111111111111111111,P,"[{""end_offset"":9,""start_offset"":0,""state"":""pure_Q""},{""end_offset"":24,""start_offset"":13,""state"":""raw_codeword_specific_composite""},{""end_offset"":256,""start_offset"":33,""state"":""pure_P""}]"
643,q_p_y,2,P,Q,final_hidden,True,0,1,True,0,1,True,0,1,True,0,1,0,0,256,Q,P,0000000000000000000000000000000011111111111111111111111111111111,P,"[{""end_offset"":9,""start_offset"":0,""state"":""pure_Q""},{""end_offset"":24,""start_offset"":13,""state"":""raw_codeword_specific_composite""},{""end_offset"":256,""start_offset"":33,""state"":""pure_P""}]"
643,q_p_y,2,P,Y,first_hidden,False,,,False,,,False,,,False,,,,,256,Q,P,0000000000000000000000000000000011111111111111111111111111111111,P,"[{""end_offset"":9,""start_offset"":0,""state"":""pure_Q""},{""end_offset"":24,""start_offset"":13,""state"":""raw_codeword_specific_composite""},{""end_offset"":256,""start_offset"":33,""state"":""pure_P""}]"
643,q_p_y,2,P,Y,final_hidden,False,,,False,,,False,,,False,,,,,256,Q,P,0000000000000000000000000000000011111111111111111111111111111111,P,"[{""end_offset"":9,""start_offset"":0,""state"":""pure_Q""},{""end_offset"":24,""start_offset"":13,""state"":""raw_codeword_specific_composite""},{""end_offset"":256,""start_offset"":33,""state"":""pure_P""}]"
643,q_p_y,3,Y,P,first_hidden,True,0,1,True,0,1,True,0,1,True,0,1,0,0,256,P,Y,0000111111110000111100000000111100001111111100001111000000001111,Y,"[{""end_offset"":24,""start_offset"":0,""state"":""pure_P""},{""end_offset"":62,""start_offset"":33,""state"":""raw_codeword_specific_composite""},{""end_offset"":256,""start_offset"":85,""state"":""pure_Y""}]"
643,q_p_y,3,Y,P,final_hidden,True,0,1,True,0,1,True,0,1,True,0,1,0,0,256,P,Y,0000111111110000111100000000111100001111111100001111000000001111,Y,"[{""end_offset"":24,""start_offset"":0,""state"":""pure_P""},{""end_offset"":62,""start_offset"":33,""state"":""raw_codeword_specific_composite""},{""end_offset"":256,""start_offset"":85,""state"":""pure_Y""}]"
643,q_p_y,3,Y,Q,first_hidden,True,0,1,False,,,False,,,False,,,,,256,P,Y,0000111111110000111100000000111100001111111100001111000000001111,Y,"[{""end_offset"":24,""start_offset"":0,""state"":""pure_P""},{""end_offset"":62,""start_offset"":33,""state"":""raw_codeword_specific_composite""},{""end_offset"":256,""start_offset"":85,""state"":""pure_Y""}]"
643,q_p_y,3,Y,Q,final_hidden,True,0,1,False,,,False,,,False,,,,,256,P,Y,0000111111110000111100000000111100001111111100001111000000001111,Y,"[{""end_offset"":24,""start_offset"":0,""state"":""pure_P""},{""end_offset"":62,""start_offset"":33,""state"":""raw_codeword_specific_composite""},{""end_offset"":256,""start_offset"":85,""state"":""pure_Y""}]"
643,q_p_y,3,Y,Y,first_hidden,True,85,117,True,85,117,True,85,117,True,85,117,0,0,256,P,Y,0000111111110000111100000000111100001111111100001111000000001111,Y,"[{""end_offset"":24,""start_offset"":0,""state"":""pure_P""},{""end_offset"":62,""start_offset"":33,""state"":""raw_codeword_specific_composite""},{""end_offset"":256,""start_offset"":85,""state"":""pure_Y""}]"
643,q_p_y,3,Y,Y,final_hidden,True,85,117,True,85,117,True,85,117,True,85,117,0,0,256,P,Y,0000111111110000111100000000111100001111111100001111000000001111,Y,"[{""end_offset"":24,""start_offset"":0,""state"":""pure_P""},{""end_offset"":62,""start_offset"":33,""state"":""raw_codeword_specific_composite""},{""end_offset"":256,""start_offset"":85,""state"":""pure_Y""}]"
643,q_y_p,1,Q,P,first_hidden,True,0,1,False,,,False,,,False,,,,,256,,Q,1001100110011001100110011001100110011001100110011001100110011001,Q,"[{""end_offset"":3,""start_offset"":0,""state"":""raw_codeword_specific_composite""},{""end_offset"":256,""start_offset"":4,""state"":""pure_Q""}]"
643,q_y_p,1,Q,P,final_hidden,True,1,2,False,,,False,,,False,,,,,256,,Q,1001100110011001100110011001100110011001100110011001100110011001,Q,"[{""end_offset"":3,""start_offset"":0,""state"":""raw_codeword_specific_composite""},{""end_offset"":256,""start_offset"":4,""state"":""pure_Q""}]"
643,q_y_p,1,Q,Q,first_hidden,True,7,9,True,4,5,True,4,5,True,4,5,-3,-3,256,,Q,1001100110011001100110011001100110011001100110011001100110011001,Q,"[{""end_offset"":3,""start_offset"":0,""state"":""raw_codeword_specific_composite""},{""end_offset"":256,""start_offset"":4,""state"":""pure_Q""}]"
643,q_y_p,1,Q,Q,final_hidden,True,4,5,True,4,5,True,4,5,True,4,5,0,0,256,,Q,1001100110011001100110011001100110011001100110011001100110011001,Q,"[{""end_offset"":3,""start_offset"":0,""state"":""raw_codeword_specific_composite""},{""end_offset"":256,""start_offset"":4,""state"":""pure_Q""}]"
643,q_y_p,1,Q,Y,first_hidden,False,,,False,,,False,,,False,,,,,256,,Q,1001100110011001100110011001100110011001100110011001100110011001,Q,"[{""end_offset"":3,""start_offset"":0,""state"":""raw_codeword_specific_composite""},{""end_offset"":256,""start_offset"":4,""state"":""pure_Q""}]"
643,q_y_p,1,Q,Y,final_hidden,False,,,False,,,False,,,False,,,,,256,,Q,1001100110011001100110011001100110011001100110011001100110011001,Q,"[{""end_offset"":3,""start_offset"":0,""state"":""raw_codeword_specific_composite""},{""end_offset"":256,""start_offset"":4,""state"":""pure_Q""}]"
643,q_y_p,2,Y,P,first_hidden,True,0,1,False,,,False,,,False,,,,,256,Q,Y,0000111111110000111100000000111100001111111100001111000000001111,Y,"[{""end_offset"":13,""start_offset"":0,""state"":""pure_Q""},{""end_offset"":62,""start_offset"":17,""state"":""raw_codeword_specific_composite""},{""end_offset"":256,""start_offset"":85,""state"":""pure_Y""}]"
643,q_y_p,2,Y,P,final_hidden,True,0,1,False,,,False,,,False,,,,,256,Q,Y,0000111111110000111100000000111100001111111100001111000000001111,Y,"[{""end_offset"":13,""start_offset"":0,""state"":""pure_Q""},{""end_offset"":62,""start_offset"":17,""state"":""raw_codeword_specific_composite""},{""end_offset"":256,""start_offset"":85,""state"":""pure_Y""}]"
643,q_y_p,2,Y,Q,first_hidden,True,0,1,True,0,1,True,0,1,True,0,1,0,0,256,Q,Y,0000111111110000111100000000111100001111111100001111000000001111,Y,"[{""end_offset"":13,""start_offset"":0,""state"":""pure_Q""},{""end_offset"":62,""start_offset"":17,""state"":""raw_codeword_specific_composite""},{""end_offset"":256,""start_offset"":85,""state"":""pure_Y""}]"
643,q_y_p,2,Y,Q,final_hidden,True,0,1,True,0,1,True,0,1,True,0,1,0,0,256,Q,Y,0000111111110000111100000000111100001111111100001111000000001111,Y,"[{""end_offset"":13,""start_offset"":0,""state"":""pure_Q""},{""end_offset"":62,""start_offset"":17,""state"":""raw_codeword_specific_composite""},{""end_offset"":256,""start_offset"":85,""state"":""pure_Y""}]"
643,q_y_p,2,Y,Y,first_hidden,True,117,128,True,85,117,True,85,117,True,85,117,-32,-32,256,Q,Y,0000111111110000111100000000111100001111111100001111000000001111,Y,"[{""end_offset"":13,""start_offset"":0,""state"":""pure_Q""},{""end_offset"":62,""start_offset"":17,""state"":""raw_codeword_specific_composite""},{""end_offset"":256,""start_offset"":85,""state"":""pure_Y""}]"
643,q_y_p,2,Y,Y,final_hidden,True,117,128,True,85,117,True,85,117,True,85,117,-32,-32,256,Q,Y,0000111111110000111100000000111100001111111100001111000000001111,Y,"[{""end_offset"":13,""start_offset"":0,""state"":""pure_Q""},{""end_offset"":62,""start_offset"":17,""state"":""raw_codeword_specific_composite""},{""end_offset"":256,""start_offset"":85,""state"":""pure_Y""}]"
643,q_y_p,3,P,P,first_hidden,True,0,1,True,33,45,True,33,45,True,33,45,33,33,256,Y,P,0000000000000000000000000000000011111111111111111111111111111111,P,"[{""end_offset"":13,""start_offset"":0,""state"":""pure_Y""},{""end_offset"":24,""start_offset"":17,""state"":""raw_codeword_specific_composite""},{""end_offset"":256,""start_offset"":33,""state"":""pure_P""}]"
643,q_y_p,3,P,P,final_hidden,True,33,45,True,33,45,True,33,45,True,33,45,0,0,256,Y,P,0000000000000000000000000000000011111111111111111111111111111111,P,"[{""end_offset"":13,""start_offset"":0,""state"":""pure_Y""},{""end_offset"":24,""start_offset"":17,""state"":""raw_codeword_specific_composite""},{""end_offset"":256,""start_offset"":33,""state"":""pure_P""}]"
643,q_y_p,3,P,Q,first_hidden,True,0,1,False,,,False,,,False,,,,,256,Y,P,0000000000000000000000000000000011111111111111111111111111111111,P,"[{""end_offset"":13,""start_offset"":0,""state"":""pure_Y""},{""end_offset"":24,""start_offset"":17,""state"":""raw_codeword_specific_composite""},{""end_offset"":256,""start_offset"":33,""state"":""pure_P""}]"
643,q_y_p,3,P,Q,final_hidden,True,4,5,False,,,False,,,False,,,,,256,Y,P,0000000000000000000000000000000011111111111111111111111111111111,P,"[{""end_offset"":13,""start_offset"":0,""state"":""pure_Y""},{""end_offset"":24,""start_offset"":17,""state"":""raw_codeword_specific_composite""},{""end_offset"":256,""start_offset"":33,""state"":""pure_P""}]"
643,q_y_p,3,P,Y,first_hidden,True,0,1,True,0,1,True,0,1,True,0,1,0,0,256,Y,P,0000000000000000000000000000000011111111111111111111111111111111,P,"[{""end_offset"":13,""start_offset"":0,""state"":""pure_Y""},{""end_offset"":24,""start_offset"":17,""state"":""raw_codeword_specific_composite""},{""end_offset"":256,""start_offset"":33,""state"":""pure_P""}]"
643,q_y_p,3,P,Y,final_hidden,True,0,1,True,0,1,True,0,1,True,0,1,0,0,256,Y,P,0000000000000000000000000000000011111111111111111111111111111111,P,"[{""end_offset"":13,""start_offset"":0,""state"":""pure_Y""},{""end_offset"":24,""start_offset"":17,""state"":""raw_codeword_specific_composite""},{""end_offset"":256,""start_offset"":33,""state"":""pure_P""}]"
643,y_p_q,1,Y,P,first_hidden,True,0,1,False,,,False,,,False,,,,,256,,Y,0000111111110000111100000000111100001111111100001111000000001111,Y,"[{""end_offset"":5,""start_offset"":0,""state"":""raw_codeword_specific_composite""},{""end_offset"":256,""start_offset"":7,""state"":""pure_Y""}]"
643,y_p_q,1,Y,P,final_hidden,True,4,5,False,,,False,,,False,,,,,256,,Y,0000111111110000111100000000111100001111111100001111000000001111,Y,"[{""end_offset"":5,""start_offset"":0,""state"":""raw_codeword_specific_composite""},{""end_offset"":256,""start_offset"":7,""state"":""pure_Y""}]"
643,y_p_q,1,Y,Q,first_hidden,False,,,False,,,False,,,False,,,,,256,,Y,0000111111110000111100000000111100001111111100001111000000001111,Y,"[{""end_offset"":5,""start_offset"":0,""state"":""raw_codeword_specific_composite""},{""end_offset"":256,""start_offset"":7,""state"":""pure_Y""}]"
643,y_p_q,1,Y,Q,final_hidden,False,,,False,,,False,,,False,,,,,256,,Y,0000111111110000111100000000111100001111111100001111000000001111,Y,"[{""end_offset"":5,""start_offset"":0,""state"":""raw_codeword_specific_composite""},{""end_offset"":256,""start_offset"":7,""state"":""pure_Y""}]"
643,y_p_q,1,Y,Y,first_hidden,True,45,62,True,7,9,True,7,9,True,7,9,-38,-38,256,,Y,0000111111110000111100000000111100001111111100001111000000001111,Y,"[{""end_offset"":5,""start_offset"":0,""state"":""raw_codeword_specific_composite""},{""end_offset"":256,""start_offset"":7,""state"":""pure_Y""}]"
643,y_p_q,1,Y,Y,final_hidden,True,24,33,True,7,9,True,7,9,True,7,9,-17,-17,256,,Y,0000111111110000111100000000111100001111111100001111000000001111,Y,"[{""end_offset"":5,""start_offset"":0,""state"":""raw_codeword_specific_composite""},{""end_offset"":256,""start_offset"":7,""state"":""pure_Y""}]"
643,y_p_q,2,P,P,first_hidden,True,0,1,True,24,33,True,24,33,True,24,33,24,24,256,Y,P,0000000000000000000000000000000011111111111111111111111111111111,P,"[{""end_offset"":9,""start_offset"":0,""state"":""pure_Y""},{""end_offset"":17,""start_offset"":13,""state"":""raw_codeword_specific_composite""},{""end_offset"":256,""start_offset"":24,""state"":""pure_P""}]"
643,y_p_q,2,P,P,final_hidden,True,4,5,True,24,33,True,24,33,True,24,33,20,20,256,Y,P,0000000000000000000000000000000011111111111111111111111111111111,P,"[{""end_offset"":9,""start_offset"":0,""state"":""pure_Y""},{""end_offset"":17,""start_offset"":13,""state"":""raw_codeword_specific_composite""},{""end_offset"":256,""start_offset"":24,""state"":""pure_P""}]"
643,y_p_q,2,P,Q,first_hidden,False,,,False,,,False,,,False,,,,,256,Y,P,0000000000000000000000000000000011111111111111111111111111111111,P,"[{""end_offset"":9,""start_offset"":0,""state"":""pure_Y""},{""end_offset"":17,""start_offset"":13,""state"":""raw_codeword_specific_composite""},{""end_offset"":256,""start_offset"":24,""state"":""pure_P""}]"
643,y_p_q,2,P,Q,final_hidden,False,,,False,,,False,,,False,,,,,256,Y,P,0000000000000000000000000000000011111111111111111111111111111111,P,"[{""end_offset"":9,""start_offset"":0,""state"":""pure_Y""},{""end_offset"":17,""start_offset"":13,""state"":""raw_codeword_specific_composite""},{""end_offset"":256,""start_offset"":24,""state"":""pure_P""}]"
643,y_p_q,2,P,Y,first_hidden,True,0,1,True,0,1,True,0,1,True,0,1,0,0,256,Y,P,0000000000000000000000000000000011111111111111111111111111111111,P,"[{""end_offset"":9,""start_offset"":0,""state"":""pure_Y""},{""end_offset"":17,""start_offset"":13,""state"":""raw_codeword_specific_composite""},{""end_offset"":256,""start_offset"":24,""state"":""pure_P""}]"
643,y_p_q,2,P,Y,final_hidden,True,0,1,True,0,1,True,0,1,True,0,1,0,0,256,Y,P,0000000000000000000000000000000011111111111111111111111111111111,P,"[{""end_offset"":9,""start_offset"":0,""state"":""pure_Y""},{""end_offset"":17,""start_offset"":13,""state"":""raw_codeword_specific_composite""},{""end_offset"":256,""start_offset"":24,""state"":""pure_P""}]"
643,y_p_q,3,Q,P,first_hidden,True,0,1,True,0,1,True,0,1,True,0,1,0,0,256,P,Q,1001100110011001100110011001100110011001100110011001100110011001,Q,"[{""end_offset"":24,""start_offset"":0,""state"":""pure_P""},{""end_offset"":45,""start_offset"":33,""state"":""raw_codeword_specific_composite""},{""end_offset"":256,""start_offset"":62,""state"":""pure_Q""}]"
643,y_p_q,3,Q,P,final_hidden,True,0,1,True,0,1,True,0,1,True,0,1,0,0,256,P,Q,1001100110011001100110011001100110011001100110011001100110011001,Q,"[{""end_offset"":24,""start_offset"":0,""state"":""pure_P""},{""end_offset"":45,""start_offset"":33,""state"":""raw_codeword_specific_composite""},{""end_offset"":256,""start_offset"":62,""state"":""pure_Q""}]"
643,y_p_q,3,Q,Q,first_hidden,True,85,117,True,62,85,True,62,85,True,62,85,-23,-23,256,P,Q,1001100110011001100110011001100110011001100110011001100110011001,Q,"[{""end_offset"":24,""start_offset"":0,""state"":""pure_P""},{""end_offset"":45,""start_offset"":33,""state"":""raw_codeword_specific_composite""},{""end_offset"":256,""start_offset"":62,""state"":""pure_Q""}]"
643,y_p_q,3,Q,Q,final_hidden,True,85,117,True,62,85,True,62,85,True,62,85,-23,-23,256,P,Q,1001100110011001100110011001100110011001100110011001100110011001,Q,"[{""end_offset"":24,""start_offset"":0,""state"":""pure_P""},{""end_offset"":45,""start_offset"":33,""state"":""raw_codeword_specific_composite""},{""end_offset"":256,""start_offset"":62,""state"":""pure_Q""}]"
643,y_p_q,3,Q,Y,first_hidden,False,,,False,,,False,,,False,,,,,256,P,Q,1001100110011001100110011001100110011001100110011001100110011001,Q,"[{""end_offset"":24,""start_offset"":0,""state"":""pure_P""},{""end_offset"":45,""start_offset"":33,""state"":""raw_codeword_specific_composite""},{""end_offset"":256,""start_offset"":62,""state"":""pure_Q""}]"
643,y_p_q,3,Q,Y,final_hidden,True,1,2,False,,,False,,,False,,,,,256,P,Q,1001100110011001100110011001100110011001100110011001100110011001,Q,"[{""end_offset"":24,""start_offset"":0,""state"":""pure_P""},{""end_offset"":45,""start_offset"":33,""state"":""raw_codeword_specific_composite""},{""end_offset"":256,""start_offset"":62,""state"":""pure_Q""}]"
643,y_q_p,1,Y,P,first_hidden,True,0,1,False,,,False,,,False,,,,,256,,Y,0000111111110000111100000000111100001111111100001111000000001111,Y,"[{""end_offset"":5,""start_offset"":0,""state"":""raw_codeword_specific_composite""},{""end_offset"":256,""start_offset"":7,""state"":""pure_Y""}]"
643,y_q_p,1,Y,P,final_hidden,True,4,5,False,,,False,,,False,,,,,256,,Y,0000111111110000111100000000111100001111111100001111000000001111,Y,"[{""end_offset"":5,""start_offset"":0,""state"":""raw_codeword_specific_composite""},{""end_offset"":256,""start_offset"":7,""state"":""pure_Y""}]"
643,y_q_p,1,Y,Q,first_hidden,False,,,False,,,False,,,False,,,,,256,,Y,0000111111110000111100000000111100001111111100001111000000001111,Y,"[{""end_offset"":5,""start_offset"":0,""state"":""raw_codeword_specific_composite""},{""end_offset"":256,""start_offset"":7,""state"":""pure_Y""}]"
643,y_q_p,1,Y,Q,final_hidden,False,,,False,,,False,,,False,,,,,256,,Y,0000111111110000111100000000111100001111111100001111000000001111,Y,"[{""end_offset"":5,""start_offset"":0,""state"":""raw_codeword_specific_composite""},{""end_offset"":256,""start_offset"":7,""state"":""pure_Y""}]"
643,y_q_p,1,Y,Y,first_hidden,True,45,62,True,7,9,True,7,9,True,7,9,-38,-38,256,,Y,0000111111110000111100000000111100001111111100001111000000001111,Y,"[{""end_offset"":5,""start_offset"":0,""state"":""raw_codeword_specific_composite""},{""end_offset"":256,""start_offset"":7,""state"":""pure_Y""}]"
643,y_q_p,1,Y,Y,final_hidden,True,24,33,True,7,9,True,7,9,True,7,9,-17,-17,256,,Y,0000111111110000111100000000111100001111111100001111000000001111,Y,"[{""end_offset"":5,""start_offset"":0,""state"":""raw_codeword_specific_composite""},{""end_offset"":256,""start_offset"":7,""state"":""pure_Y""}]"
643,y_q_p,2,Q,P,first_hidden,True,0,1,False,,,False,,,False,,,,,256,Y,Q,1001100110011001100110011001100110011001100110011001100110011001,Q,"[{""end_offset"":9,""start_offset"":0,""state"":""pure_Y""},{""end_offset"":45,""start_offset"":13,""state"":""raw_codeword_specific_composite""},{""end_offset"":256,""start_offset"":62,""state"":""pure_Q""}]"
643,y_q_p,2,Q,P,final_hidden,True,9,13,False,,,False,,,False,,,,,256,Y,Q,1001100110011001100110011001100110011001100110011001100110011001,Q,"[{""end_offset"":9,""start_offset"":0,""state"":""pure_Y""},{""end_offset"":45,""start_offset"":13,""state"":""raw_codeword_specific_composite""},{""end_offset"":256,""start_offset"":62,""state"":""pure_Q""}]"
643,y_q_p,2,Q,Q,first_hidden,True,85,117,True,62,85,True,62,85,True,62,85,-23,-23,256,Y,Q,1001100110011001100110011001100110011001100110011001100110011001,Q,"[{""end_offset"":9,""start_offset"":0,""state"":""pure_Y""},{""end_offset"":45,""start_offset"":13,""state"":""raw_codeword_specific_composite""},{""end_offset"":256,""start_offset"":62,""state"":""pure_Q""}]"
643,y_q_p,2,Q,Q,final_hidden,True,62,85,True,62,85,True,62,85,True,62,85,0,0,256,Y,Q,1001100110011001100110011001100110011001100110011001100110011001,Q,"[{""end_offset"":9,""start_offset"":0,""state"":""pure_Y""},{""end_offset"":45,""start_offset"":13,""state"":""raw_codeword_specific_composite""},{""end_offset"":256,""start_offset"":62,""state"":""pure_Q""}]"
643,y_q_p,2,Q,Y,first_hidden,True,0,1,True,0,1,True,0,1,True,0,1,0,0,256,Y,Q,1001100110011001100110011001100110011001100110011001100110011001,Q,"[{""end_offset"":9,""start_offset"":0,""state"":""pure_Y""},{""end_offset"":45,""start_offset"":13,""state"":""raw_codeword_specific_composite""},{""end_offset"":256,""start_offset"":62,""state"":""pure_Q""}]"
643,y_q_p,2,Q,Y,final_hidden,True,0,1,True,0,1,True,0,1,True,0,1,0,0,256,Y,Q,1001100110011001100110011001100110011001100110011001100110011001,Q,"[{""end_offset"":9,""start_offset"":0,""state"":""pure_Y""},{""end_offset"":45,""start_offset"":13,""state"":""raw_codeword_specific_composite""},{""end_offset"":256,""start_offset"":62,""state"":""pure_Q""}]"
643,y_q_p,3,P,P,first_hidden,True,0,1,True,33,45,True,33,45,True,33,45,33,33,256,Q,P,0000000000000000000000000000000011111111111111111111111111111111,P,"[{""end_offset"":17,""start_offset"":0,""state"":""pure_Q""},{""end_offset"":24,""start_offset"":24,""state"":""raw_codeword_specific_composite""},{""end_offset"":256,""start_offset"":33,""state"":""pure_P""}]"
643,y_q_p,3,P,P,final_hidden,True,33,45,True,33,45,True,33,45,True,33,45,0,0,256,Q,P,0000000000000000000000000000000011111111111111111111111111111111,P,"[{""end_offset"":17,""start_offset"":0,""state"":""pure_Q""},{""end_offset"":24,""start_offset"":24,""state"":""raw_codeword_specific_composite""},{""end_offset"":256,""start_offset"":33,""state"":""pure_P""}]"
643,y_q_p,3,P,Q,first_hidden,True,0,1,True,0,1,True,0,1,True,0,1,0,0,256,Q,P,0000000000000000000000000000000011111111111111111111111111111111,P,"[{""end_offset"":17,""start_offset"":0,""state"":""pure_Q""},{""end_offset"":24,""start_offset"":24,""state"":""raw_codeword_specific_composite""},{""end_offset"":256,""start_offset"":33,""state"":""pure_P""}]"
643,y_q_p,3,P,Q,final_hidden,True,0,1,True,0,1,True,0,1,True,0,1,0,0,256,Q,P,0000000000000000000000000000000011111111111111111111111111111111,P,"[{""end_offset"":17,""start_offset"":0,""state"":""pure_Q""},{""end_offset"":24,""start_offset"":24,""state"":""raw_codeword_specific_composite""},{""end_offset"":256,""start_offset"":33,""state"":""pure_P""}]"
643,y_q_p,3,P,Y,first_hidden,False,,,False,,,False,,,False,,,,,256,Q,P,0000000000000000000000000000000011111111111111111111111111111111,P,"[{""end_offset"":17,""start_offset"":0,""state"":""pure_Q""},{""end_offset"":24,""start_offset"":24,""state"":""raw_codeword_specific_composite""},{""end_offset"":256,""start_offset"":33,""state"":""pure_P""}]"
643,y_q_p,3,P,Y,final_hidden,False,,,False,,,False,,,False,,,,,256,Q,P,0000000000000000000000000000000011111111111111111111111111111111,P,"[{""end_offset"":17,""start_offset"":0,""state"":""pure_Q""},{""end_offset"":24,""start_offset"":24,""state"":""raw_codeword_specific_composite""},{""end_offset"":256,""start_offset"":33,""state"":""pure_P""}]"
647,p_q_y,1,P,P,first_hidden,True,0,1,True,4,5,True,4,5,True,4,5,4,4,256,,P,0000000000000000000000000000000011111111111111111111111111111111,P,"[{""end_offset"":3,""start_offset"":0,""state"":""raw_codeword_specific_composite""},{""end_offset"":256,""start_offset"":4,""state"":""pure_P""}]"
647,p_q_y,1,P,P,final_hidden,True,0,1,True,4,5,True,4,5,True,4,5,4,4,256,,P,0000000000000000000000000000000011111111111111111111111111111111,P,"[{""end_offset"":3,""start_offset"":0,""state"":""raw_codeword_specific_composite""},{""end_offset"":256,""start_offset"":4,""state"":""pure_P""}]"
647,p_q_y,1,P,Q,first_hidden,True,2,3,False,,,False,,,False,,,,,256,,P,0000000000000000000000000000000011111111111111111111111111111111,P,"[{""end_offset"":3,""start_offset"":0,""state"":""raw_codeword_specific_composite""},{""end_offset"":256,""start_offset"":4,""state"":""pure_P""}]"
647,p_q_y,1,P,Q,final_hidden,False,,,False,,,False,,,False,,,,,256,,P,0000000000000000000000000000000011111111111111111111111111111111,P,"[{""end_offset"":3,""start_offset"":0,""state"":""raw_codeword_specific_composite""},{""end_offset"":256,""start_offset"":4,""state"":""pure_P""}]"
647,p_q_y,1,P,Y,first_hidden,False,,,False,,,False,,,False,,,,,256,,P,0000000000000000000000000000000011111111111111111111111111111111,P,"[{""end_offset"":3,""start_offset"":0,""state"":""raw_codeword_specific_composite""},{""end_offset"":256,""start_offset"":4,""state"":""pure_P""}]"
647,p_q_y,1,P,Y,final_hidden,False,,,False,,,False,,,False,,,,,256,,P,0000000000000000000000000000000011111111111111111111111111111111,P,"[{""end_offset"":3,""start_offset"":0,""state"":""raw_codeword_specific_composite""},{""end_offset"":256,""start_offset"":4,""state"":""pure_P""}]"
647,p_q_y,2,Q,P,first_hidden,True,0,1,True,0,1,True,0,1,True,0,1,0,0,256,P,Q,1001100110011001100110011001100110011001100110011001100110011001,Q,"[{""end_offset"":9,""start_offset"":0,""state"":""pure_P""},{""end_offset"":17,""start_offset"":13,""state"":""raw_codeword_specific_composite""},{""end_offset"":24,""start_offset"":24,""state"":""pure_P""},{""end_offset"":62,""start_offset"":33,""state"":""raw_codeword_specific_composite""},{""end_offset"":256,""start_offset"":85,""state"":""pure_Q""}]"
647,p_q_y,2,Q,P,final_hidden,True,0,1,True,0,1,True,0,1,True,0,1,0,0,256,P,Q,1001100110011001100110011001100110011001100110011001100110011001,Q,"[{""end_offset"":9,""start_offset"":0,""state"":""pure_P""},{""end_offset"":17,""start_offset"":13,""state"":""raw_codeword_specific_composite""},{""end_offset"":24,""start_offset"":24,""state"":""pure_P""},{""end_offset"":62,""start_offset"":33,""state"":""raw_codeword_specific_composite""},{""end_offset"":256,""start_offset"":85,""state"":""pure_Q""}]"
647,p_q_y,2,Q,Q,first_hidden,True,0,1,True,85,117,True,85,117,True,85,117,85,85,256,P,Q,1001100110011001100110011001100110011001100110011001100110011001,Q,"[{""end_offset"":9,""start_offset"":0,""state"":""pure_P""},{""end_offset"":17,""start_offset"":13,""state"":""raw_codeword_specific_composite""},{""end_offset"":24,""start_offset"":24,""state"":""pure_P""},{""end_offset"":62,""start_offset"":33,""state"":""raw_codeword_specific_composite""},{""end_offset"":256,""start_offset"":85,""state"":""pure_Q""}]"
647,p_q_y,2,Q,Q,final_hidden,True,45,62,True,85,117,True,85,117,True,85,117,40,40,256,P,Q,1001100110011001100110011001100110011001100110011001100110011001,Q,"[{""end_offset"":9,""start_offset"":0,""state"":""pure_P""},{""end_offset"":17,""start_offset"":13,""state"":""raw_codeword_specific_composite""},{""end_offset"":24,""start_offset"":24,""state"":""pure_P""},{""end_offset"":62,""start_offset"":33,""state"":""raw_codeword_specific_composite""},{""end_offset"":256,""start_offset"":85,""state"":""pure_Q""}]"
647,p_q_y,2,Q,Y,first_hidden,False,,,False,,,False,,,False,,,,,256,P,Q,1001100110011001100110011001100110011001100110011001100110011001,Q,"[{""end_offset"":9,""start_offset"":0,""state"":""pure_P""},{""end_offset"":17,""start_offset"":13,""state"":""raw_codeword_specific_composite""},{""end_offset"":24,""start_offset"":24,""state"":""pure_P""},{""end_offset"":62,""start_offset"":33,""state"":""raw_codeword_specific_composite""},{""end_offset"":256,""start_offset"":85,""state"":""pure_Q""}]"
647,p_q_y,2,Q,Y,final_hidden,False,,,False,,,False,,,False,,,,,256,P,Q,1001100110011001100110011001100110011001100110011001100110011001,Q,"[{""end_offset"":9,""start_offset"":0,""state"":""pure_P""},{""end_offset"":17,""start_offset"":13,""state"":""raw_codeword_specific_composite""},{""end_offset"":24,""start_offset"":24,""state"":""pure_P""},{""end_offset"":62,""start_offset"":33,""state"":""raw_codeword_specific_composite""},{""end_offset"":256,""start_offset"":85,""state"":""pure_Q""}]"
647,p_q_y,3,Y,P,first_hidden,True,0,1,False,,,False,,,False,,,,,256,Q,Y,0000111111110000111100000000111100001111111100001111000000001111,Y,"[{""end_offset"":13,""start_offset"":0,""state"":""pure_Q""},{""end_offset"":85,""start_offset"":17,""state"":""raw_codeword_specific_composite""},{""end_offset"":256,""start_offset"":117,""state"":""pure_Y""}]"
647,p_q_y,3,Y,P,final_hidden,True,0,1,False,,,False,,,False,,,,,256,Q,Y,0000111111110000111100000000111100001111111100001111000000001111,Y,"[{""end_offset"":13,""start_offset"":0,""state"":""pure_Q""},{""end_offset"":85,""start_offset"":17,""state"":""raw_codeword_specific_composite""},{""end_offset"":256,""start_offset"":117,""state"":""pure_Y""}]"
647,p_q_y,3,Y,Q,first_hidden,True,0,1,True,0,1,True,0,1,True,0,1,0,0,256,Q,Y,0000111111110000111100000000111100001111111100001111000000001111,Y,"[{""end_offset"":13,""start_offset"":0,""state"":""pure_Q""},{""end_offset"":85,""start_offset"":17,""state"":""raw_codeword_specific_composite""},{""end_offset"":256,""start_offset"":117,""state"":""pure_Y""}]"
647,p_q_y,3,Y,Q,final_hidden,True,0,1,True,0,1,True,0,1,True,0,1,0,0,256,Q,Y,0000111111110000111100000000111100001111111100001111000000001111,Y,"[{""end_offset"":13,""start_offset"":0,""state"":""pure_Q""},{""end_offset"":85,""start_offset"":17,""state"":""raw_codeword_specific_composite""},{""end_offset"":256,""start_offset"":117,""state"":""pure_Y""}]"
647,p_q_y,3,Y,Y,first_hidden,True,85,117,True,117,128,True,117,128,True,117,128,32,32,256,Q,Y,0000111111110000111100000000111100001111111100001111000000001111,Y,"[{""end_offset"":13,""start_offset"":0,""state"":""pure_Q""},{""end_offset"":85,""start_offset"":17,""state"":""raw_codeword_specific_composite""},{""end_offset"":256,""start_offset"":117,""state"":""pure_Y""}]"
647,p_q_y,3,Y,Y,final_hidden,True,117,128,True,117,128,True,117,128,True,117,128,0,0,256,Q,Y,0000111111110000111100000000111100001111111100001111000000001111,Y,"[{""end_offset"":13,""start_offset"":0,""state"":""pure_Q""},{""end_offset"":85,""start_offset"":17,""state"":""raw_codeword_specific_composite""},{""end_offset"":256,""start_offset"":117,""state"":""pure_Y""}]"
647,p_y_q,1,P,P,first_hidden,True,0,1,True,4,5,True,4,5,True,4,5,4,4,256,,P,0000000000000000000000000000000011111111111111111111111111111111,P,"[{""end_offset"":3,""start_offset"":0,""state"":""raw_codeword_specific_composite""},{""end_offset"":256,""start_offset"":4,""state"":""pure_P""}]"
647,p_y_q,1,P,P,final_hidden,True,0,1,True,4,5,True,4,5,True,4,5,4,4,256,,P,0000000000000000000000000000000011111111111111111111111111111111,P,"[{""end_offset"":3,""start_offset"":0,""state"":""raw_codeword_specific_composite""},{""end_offset"":256,""start_offset"":4,""state"":""pure_P""}]"
647,p_y_q,1,P,Q,first_hidden,True,2,3,False,,,False,,,False,,,,,256,,P,0000000000000000000000000000000011111111111111111111111111111111,P,"[{""end_offset"":3,""start_offset"":0,""state"":""raw_codeword_specific_composite""},{""end_offset"":256,""start_offset"":4,""state"":""pure_P""}]"
647,p_y_q,1,P,Q,final_hidden,False,,,False,,,False,,,False,,,,,256,,P,0000000000000000000000000000000011111111111111111111111111111111,P,"[{""end_offset"":3,""start_offset"":0,""state"":""raw_codeword_specific_composite""},{""end_offset"":256,""start_offset"":4,""state"":""pure_P""}]"
647,p_y_q,1,P,Y,first_hidden,False,,,False,,,False,,,False,,,,,256,,P,0000000000000000000000000000000011111111111111111111111111111111,P,"[{""end_offset"":3,""start_offset"":0,""state"":""raw_codeword_specific_composite""},{""end_offset"":256,""start_offset"":4,""state"":""pure_P""}]"
647,p_y_q,1,P,Y,final_hidden,False,,,False,,,False,,,False,,,,,256,,P,0000000000000000000000000000000011111111111111111111111111111111,P,"[{""end_offset"":3,""start_offset"":0,""state"":""raw_codeword_specific_composite""},{""end_offset"":256,""start_offset"":4,""state"":""pure_P""}]"
647,p_y_q,2,Y,P,first_hidden,True,0,1,True,0,1,True,0,1,True,0,1,0,0,256,P,Y,0000111111110000111100000000111100001111111100001111000000001111,Y,"[{""end_offset"":9,""start_offset"":0,""state"":""pure_P""},{""end_offset"":17,""start_offset"":13,""state"":""raw_codeword_specific_composite""},{""end_offset"":24,""start_offset"":24,""state"":""pure_P""},{""end_offset"":33,""start_offset"":33,""state"":""raw_codeword_specific_composite""},{""end_offset"":45,""start_offset"":45,""state"":""pure_P""},{""end_offset"":62,""start_offset"":62,""state"":""raw_codeword_specific_composite""},{""end_offset"":85,""start_offset"":85,""state"":""other_candidate_tuple_consistent""},{""end_offset"":256,""start_offset"":117,""state"":""pure_Y""}]"
647,p_y_q,2,Y,P,final_hidden,True,0,1,True,0,1,True,0,1,True,0,1,0,0,256,P,Y,0000111111110000111100000000111100001111111100001111000000001111,Y,"[{""end_offset"":9,""start_offset"":0,""state"":""pure_P""},{""end_offset"":17,""start_offset"":13,""state"":""raw_codeword_specific_composite""},{""end_offset"":24,""start_offset"":24,""state"":""pure_P""},{""end_offset"":33,""start_offset"":33,""state"":""raw_codeword_specific_composite""},{""end_offset"":45,""start_offset"":45,""state"":""pure_P""},{""end_offset"":62,""start_offset"":62,""state"":""raw_codeword_specific_composite""},{""end_offset"":85,""start_offset"":85,""state"":""other_candidate_tuple_consistent""},{""end_offset"":256,""start_offset"":117,""state"":""pure_Y""}]"
647,p_y_q,2,Y,Q,first_hidden,True,0,1,False,,,False,,,False,,,,,256,P,Y,0000111111110000111100000000111100001111111100001111000000001111,Y,"[{""end_offset"":9,""start_offset"":0,""state"":""pure_P""},{""end_offset"":17,""start_offset"":13,""state"":""raw_codeword_specific_composite""},{""end_offset"":24,""start_offset"":24,""state"":""pure_P""},{""end_offset"":33,""start_offset"":33,""state"":""raw_codeword_specific_composite""},{""end_offset"":45,""start_offset"":45,""state"":""pure_P""},{""end_offset"":62,""start_offset"":62,""state"":""raw_codeword_specific_composite""},{""end_offset"":85,""start_offset"":85,""state"":""other_candidate_tuple_consistent""},{""end_offset"":256,""start_offset"":117,""state"":""pure_Y""}]"
647,p_y_q,2,Y,Q,final_hidden,False,,,False,,,False,,,False,,,,,256,P,Y,0000111111110000111100000000111100001111111100001111000000001111,Y,"[{""end_offset"":9,""start_offset"":0,""state"":""pure_P""},{""end_offset"":17,""start_offset"":13,""state"":""raw_codeword_specific_composite""},{""end_offset"":24,""start_offset"":24,""state"":""pure_P""},{""end_offset"":33,""start_offset"":33,""state"":""raw_codeword_specific_composite""},{""end_offset"":45,""start_offset"":45,""state"":""pure_P""},{""end_offset"":62,""start_offset"":62,""state"":""raw_codeword_specific_composite""},{""end_offset"":85,""start_offset"":85,""state"":""other_candidate_tuple_consistent""},{""end_offset"":256,""start_offset"":117,""state"":""pure_Y""}]"
647,p_y_q,2,Y,Y,first_hidden,True,85,117,True,117,128,True,117,128,True,117,128,32,32,256,P,Y,0000111111110000111100000000111100001111111100001111000000001111,Y,"[{""end_offset"":9,""start_offset"":0,""state"":""pure_P""},{""end_offset"":17,""start_offset"":13,""state"":""raw_codeword_specific_composite""},{""end_offset"":24,""start_offset"":24,""state"":""pure_P""},{""end_offset"":33,""start_offset"":33,""state"":""raw_codeword_specific_composite""},{""end_offset"":45,""start_offset"":45,""state"":""pure_P""},{""end_offset"":62,""start_offset"":62,""state"":""raw_codeword_specific_composite""},{""end_offset"":85,""start_offset"":85,""state"":""other_candidate_tuple_consistent""},{""end_offset"":256,""start_offset"":117,""state"":""pure_Y""}]"
647,p_y_q,2,Y,Y,final_hidden,True,85,117,True,117,128,True,117,128,True,117,128,32,32,256,P,Y,0000111111110000111100000000111100001111111100001111000000001111,Y,"[{""end_offset"":9,""start_offset"":0,""state"":""pure_P""},{""end_offset"":17,""start_offset"":13,""state"":""raw_codeword_specific_composite""},{""end_offset"":24,""start_offset"":24,""state"":""pure_P""},{""end_offset"":33,""start_offset"":33,""state"":""raw_codeword_specific_composite""},{""end_offset"":45,""start_offset"":45,""state"":""pure_P""},{""end_offset"":62,""start_offset"":62,""state"":""raw_codeword_specific_composite""},{""end_offset"":85,""start_offset"":85,""state"":""other_candidate_tuple_consistent""},{""end_offset"":256,""start_offset"":117,""state"":""pure_Y""}]"
647,p_y_q,3,Q,P,first_hidden,True,0,1,False,,,False,,,False,,,,,256,Y,Q,1001100110011001100110011001100110011001100110011001100110011001,Q,"[{""end_offset"":7,""start_offset"":0,""state"":""pure_Y""},{""end_offset"":62,""start_offset"":9,""state"":""raw_codeword_specific_composite""},{""end_offset"":256,""start_offset"":85,""state"":""pure_Q""}]"
647,p_y_q,3,Q,P,final_hidden,True,0,1,False,,,False,,,False,,,,,256,Y,Q,1001100110011001100110011001100110011001100110011001100110011001,Q,"[{""end_offset"":7,""start_offset"":0,""state"":""pure_Y""},{""end_offset"":62,""start_offset"":9,""state"":""raw_codeword_specific_composite""},{""end_offset"":256,""start_offset"":85,""state"":""pure_Q""}]"
647,p_y_q,3,Q,Q,first_hidden,True,0,1,True,85,117,True,85,117,True,85,117,85,85,256,Y,Q,1001100110011001100110011001100110011001100110011001100110011001,Q,"[{""end_offset"":7,""start_offset"":0,""state"":""pure_Y""},{""end_offset"":62,""start_offset"":9,""state"":""raw_codeword_specific_composite""},{""end_offset"":256,""start_offset"":85,""state"":""pure_Q""}]"
647,p_y_q,3,Q,Q,final_hidden,True,85,117,True,85,117,True,85,117,True,85,117,0,0,256,Y,Q,1001100110011001100110011001100110011001100110011001100110011001,Q,"[{""end_offset"":7,""start_offset"":0,""state"":""pure_Y""},{""end_offset"":62,""start_offset"":9,""state"":""raw_codeword_specific_composite""},{""end_offset"":256,""start_offset"":85,""state"":""pure_Q""}]"
647,p_y_q,3,Q,Y,first_hidden,True,0,1,True,0,1,True,0,1,True,0,1,0,0,256,Y,Q,1001100110011001100110011001100110011001100110011001100110011001,Q,"[{""end_offset"":7,""start_offset"":0,""state"":""pure_Y""},{""end_offset"":62,""start_offset"":9,""state"":""raw_codeword_specific_composite""},{""end_offset"":256,""start_offset"":85,""state"":""pure_Q""}]"
647,p_y_q,3,Q,Y,final_hidden,True,0,1,True,0,1,True,0,1,True,0,1,0,0,256,Y,Q,1001100110011001100110011001100110011001100110011001100110011001,Q,"[{""end_offset"":7,""start_offset"":0,""state"":""pure_Y""},{""end_offset"":62,""start_offset"":9,""state"":""raw_codeword_specific_composite""},{""end_offset"":256,""start_offset"":85,""state"":""pure_Q""}]"
647,q_p_y,1,Q,P,first_hidden,True,0,1,False,,,False,,,False,,,,,256,,Q,1001100110011001100110011001100110011001100110011001100110011001,Q,"[{""end_offset"":5,""start_offset"":0,""state"":""raw_codeword_specific_composite""},{""end_offset"":256,""start_offset"":7,""state"":""pure_Q""}]"
647,q_p_y,1,Q,P,final_hidden,True,7,9,False,,,False,,,False,,,,,256,,Q,1001100110011001100110011001100110011001100110011001100110011001,Q,"[{""end_offset"":5,""start_offset"":0,""state"":""raw_codeword_specific_composite""},{""end_offset"":256,""start_offset"":7,""state"":""pure_Q""}]"
647,q_p_y,1,Q,Q,first_hidden,True,1,2,True,7,9,True,7,9,True,7,9,6,6,256,,Q,1001100110011001100110011001100110011001100110011001100110011001,Q,"[{""end_offset"":5,""start_offset"":0,""state"":""raw_codeword_specific_composite""},{""end_offset"":256,""start_offset"":7,""state"":""pure_Q""}]"
647,q_p_y,1,Q,Q,final_hidden,True,4,5,True,7,9,True,7,9,True,7,9,3,3,256,,Q,1001100110011001100110011001100110011001100110011001100110011001,Q,"[{""end_offset"":5,""start_offset"":0,""state"":""raw_codeword_specific_composite""},{""end_offset"":256,""start_offset"":7,""state"":""pure_Q""}]"
647,q_p_y,1,Q,Y,first_hidden,False,,,False,,,False,,,False,,,,,256,,Q,1001100110011001100110011001100110011001100110011001100110011001,Q,"[{""end_offset"":5,""start_offset"":0,""state"":""raw_codeword_specific_composite""},{""end_offset"":256,""start_offset"":7,""state"":""pure_Q""}]"
647,q_p_y,1,Q,Y,final_hidden,False,,,False,,,False,,,False,,,,,256,,Q,1001100110011001100110011001100110011001100110011001100110011001,Q,"[{""end_offset"":5,""start_offset"":0,""state"":""raw_codeword_specific_composite""},{""end_offset"":256,""start_offset"":7,""state"":""pure_Q""}]"
647,q_p_y,2,P,P,first_hidden,True,0,1,True,24,33,True,24,33,True,24,33,24,24,256,Q,P,0000000000000000000000000000000011111111111111111111111111111111,P,"[{""end_offset"":13,""start_offset"":0,""state"":""pure_Q""},{""end_offset"":17,""start_offset"":17,""state"":""raw_codeword_specific_composite""},{""end_offset"":256,""start_offset"":24,""state"":""pure_P""}]"
647,q_p_y,2,P,P,final_hidden,True,0,1,True,24,33,True,24,33,True,24,33,24,24,256,Q,P,0000000000000000000000000000000011111111111111111111111111111111,P,"[{""end_offset"":13,""start_offset"":0,""state"":""pure_Q""},{""end_offset"":17,""start_offset"":17,""state"":""raw_codeword_specific_composite""},{""end_offset"":256,""start_offset"":24,""state"":""pure_P""}]"
647,q_p_y,2,P,Q,first_hidden,True,0,1,True,0,1,True,0,1,True,0,1,0,0,256,Q,P,0000000000000000000000000000000011111111111111111111111111111111,P,"[{""end_offset"":13,""start_offset"":0,""state"":""pure_Q""},{""end_offset"":17,""start_offset"":17,""state"":""raw_codeword_specific_composite""},{""end_offset"":256,""start_offset"":24,""state"":""pure_P""}]"
647,q_p_y,2,P,Q,final_hidden,True,0,1,True,0,1,True,0,1,True,0,1,0,0,256,Q,P,0000000000000000000000000000000011111111111111111111111111111111,P,"[{""end_offset"":13,""start_offset"":0,""state"":""pure_Q""},{""end_offset"":17,""start_offset"":17,""state"":""raw_codeword_specific_composite""},{""end_offset"":256,""start_offset"":24,""state"":""pure_P""}]"
647,q_p_y,2,P,Y,first_hidden,False,,,False,,,False,,,False,,,,,256,Q,P,0000000000000000000000000000000011111111111111111111111111111111,P,"[{""end_offset"":13,""start_offset"":0,""state"":""pure_Q""},{""end_offset"":17,""start_offset"":17,""state"":""raw_codeword_specific_composite""},{""end_offset"":256,""start_offset"":24,""state"":""pure_P""}]"
647,q_p_y,2,P,Y,final_hidden,False,,,False,,,False,,,False,,,,,256,Q,P,0000000000000000000000000000000011111111111111111111111111111111,P,"[{""end_offset"":13,""start_offset"":0,""state"":""pure_Q""},{""end_offset"":17,""start_offset"":17,""state"":""raw_codeword_specific_composite""},{""end_offset"":256,""start_offset"":24,""state"":""pure_P""}]"
647,q_p_y,3,Y,P,first_hidden,True,0,1,True,0,1,True,0,1,True,0,1,0,0,256,P,Y,0000111111110000111100000000111100001111111100001111000000001111,Y,"[{""end_offset"":24,""start_offset"":0,""state"":""pure_P""},{""end_offset"":62,""start_offset"":33,""state"":""raw_codeword_specific_composite""},{""end_offset"":256,""start_offset"":85,""state"":""pure_Y""}]"
647,q_p_y,3,Y,P,final_hidden,True,0,1,True,0,1,True,0,1,True,0,1,0,0,256,P,Y,0000111111110000111100000000111100001111111100001111000000001111,Y,"[{""end_offset"":24,""start_offset"":0,""state"":""pure_P""},{""end_offset"":62,""start_offset"":33,""state"":""raw_codeword_specific_composite""},{""end_offset"":256,""start_offset"":85,""state"":""pure_Y""}]"
647,q_p_y,3,Y,Q,first_hidden,True,0,1,False,,,False,,,False,,,,,256,P,Y,0000111111110000111100000000111100001111111100001111000000001111,Y,"[{""end_offset"":24,""start_offset"":0,""state"":""pure_P""},{""end_offset"":62,""start_offset"":33,""state"":""raw_codeword_specific_composite""},{""end_offset"":256,""start_offset"":85,""state"":""pure_Y""}]"
647,q_p_y,3,Y,Q,final_hidden,True,0,1,False,,,False,,,False,,,,,256,P,Y,0000111111110000111100000000111100001111111100001111000000001111,Y,"[{""end_offset"":24,""start_offset"":0,""state"":""pure_P""},{""end_offset"":62,""start_offset"":33,""state"":""raw_codeword_specific_composite""},{""end_offset"":256,""start_offset"":85,""state"":""pure_Y""}]"
647,q_p_y,3,Y,Y,first_hidden,True,85,117,True,85,117,True,85,117,True,85,117,0,0,256,P,Y,0000111111110000111100000000111100001111111100001111000000001111,Y,"[{""end_offset"":24,""start_offset"":0,""state"":""pure_P""},{""end_offset"":62,""start_offset"":33,""state"":""raw_codeword_specific_composite""},{""end_offset"":256,""start_offset"":85,""state"":""pure_Y""}]"
647,q_p_y,3,Y,Y,final_hidden,True,117,128,True,85,117,True,85,117,True,85,117,-32,-32,256,P,Y,0000111111110000111100000000111100001111111100001111000000001111,Y,"[{""end_offset"":24,""start_offset"":0,""state"":""pure_P""},{""end_offset"":62,""start_offset"":33,""state"":""raw_codeword_specific_composite""},{""end_offset"":256,""start_offset"":85,""state"":""pure_Y""}]"
647,q_y_p,1,Q,P,first_hidden,True,0,1,False,,,False,,,False,,,,,256,,Q,1001100110011001100110011001100110011001100110011001100110011001,Q,"[{""end_offset"":5,""start_offset"":0,""state"":""raw_codeword_specific_composite""},{""end_offset"":256,""start_offset"":7,""state"":""pure_Q""}]"
647,q_y_p,1,Q,P,final_hidden,True,7,9,False,,,False,,,False,,,,,256,,Q,1001100110011001100110011001100110011001100110011001100110011001,Q,"[{""end_offset"":5,""start_offset"":0,""state"":""raw_codeword_specific_composite""},{""end_offset"":256,""start_offset"":7,""state"":""pure_Q""}]"
647,q_y_p,1,Q,Q,first_hidden,True,1,2,True,7,9,True,7,9,True,7,9,6,6,256,,Q,1001100110011001100110011001100110011001100110011001100110011001,Q,"[{""end_offset"":5,""start_offset"":0,""state"":""raw_codeword_specific_composite""},{""end_offset"":256,""start_offset"":7,""state"":""pure_Q""}]"
647,q_y_p,1,Q,Q,final_hidden,True,4,5,True,7,9,True,7,9,True,7,9,3,3,256,,Q,1001100110011001100110011001100110011001100110011001100110011001,Q,"[{""end_offset"":5,""start_offset"":0,""state"":""raw_codeword_specific_composite""},{""end_offset"":256,""start_offset"":7,""state"":""pure_Q""}]"
647,q_y_p,1,Q,Y,first_hidden,False,,,False,,,False,,,False,,,,,256,,Q,1001100110011001100110011001100110011001100110011001100110011001,Q,"[{""end_offset"":5,""start_offset"":0,""state"":""raw_codeword_specific_composite""},{""end_offset"":256,""start_offset"":7,""state"":""pure_Q""}]"
647,q_y_p,1,Q,Y,final_hidden,False,,,False,,,False,,,False,,,,,256,,Q,1001100110011001100110011001100110011001100110011001100110011001,Q,"[{""end_offset"":5,""start_offset"":0,""state"":""raw_codeword_specific_composite""},{""end_offset"":256,""start_offset"":7,""state"":""pure_Q""}]"
647,q_y_p,2,Y,P,first_hidden,True,0,1,False,,,False,,,False,,,,,256,Q,Y,0000111111110000111100000000111100001111111100001111000000001111,Y,"[{""end_offset"":9,""start_offset"":0,""state"":""pure_Q""},{""end_offset"":62,""start_offset"":13,""state"":""raw_codeword_specific_composite""},{""end_offset"":256,""start_offset"":85,""state"":""pure_Y""}]"
647,q_y_p,2,Y,P,final_hidden,True,0,1,False,,,False,,,False,,,,,256,Q,Y,0000111111110000111100000000111100001111111100001111000000001111,Y,"[{""end_offset"":9,""start_offset"":0,""state"":""pure_Q""},{""end_offset"":62,""start_offset"":13,""state"":""raw_codeword_specific_composite""},{""end_offset"":256,""start_offset"":85,""state"":""pure_Y""}]"
647,q_y_p,2,Y,Q,first_hidden,True,0,1,True,0,1,True,0,1,True,0,1,0,0,256,Q,Y,0000111111110000111100000000111100001111111100001111000000001111,Y,"[{""end_offset"":9,""start_offset"":0,""state"":""pure_Q""},{""end_offset"":62,""start_offset"":13,""state"":""raw_codeword_specific_composite""},{""end_offset"":256,""start_offset"":85,""state"":""pure_Y""}]"
647,q_y_p,2,Y,Q,final_hidden,True,0,1,True,0,1,True,0,1,True,0,1,0,0,256,Q,Y,0000111111110000111100000000111100001111111100001111000000001111,Y,"[{""end_offset"":9,""start_offset"":0,""state"":""pure_Q""},{""end_offset"":62,""start_offset"":13,""state"":""raw_codeword_specific_composite""},{""end_offset"":256,""start_offset"":85,""state"":""pure_Y""}]"
647,q_y_p,2,Y,Y,first_hidden,True,117,128,True,85,117,True,85,117,True,85,117,-32,-32,256,Q,Y,0000111111110000111100000000111100001111111100001111000000001111,Y,"[{""end_offset"":9,""start_offset"":0,""state"":""pure_Q""},{""end_offset"":62,""start_offset"":13,""state"":""raw_codeword_specific_composite""},{""end_offset"":256,""start_offset"":85,""state"":""pure_Y""}]"
647,q_y_p,2,Y,Y,final_hidden,True,117,128,True,85,117,True,85,117,True,85,117,-32,-32,256,Q,Y,0000111111110000111100000000111100001111111100001111000000001111,Y,"[{""end_offset"":9,""start_offset"":0,""state"":""pure_Q""},{""end_offset"":62,""start_offset"":13,""state"":""raw_codeword_specific_composite""},{""end_offset"":256,""start_offset"":85,""state"":""pure_Y""}]"
647,q_y_p,3,P,P,first_hidden,True,0,1,True,24,33,True,24,33,True,24,33,24,24,256,Y,P,0000000000000000000000000000000011111111111111111111111111111111,P,"[{""end_offset"":9,""start_offset"":0,""state"":""pure_Y""},{""end_offset"":17,""start_offset"":13,""state"":""raw_codeword_specific_composite""},{""end_offset"":256,""start_offset"":24,""state"":""pure_P""}]"
647,q_y_p,3,P,P,final_hidden,True,13,17,True,24,33,True,24,33,True,24,33,11,11,256,Y,P,0000000000000000000000000000000011111111111111111111111111111111,P,"[{""end_offset"":9,""start_offset"":0,""state"":""pure_Y""},{""end_offset"":17,""start_offset"":13,""state"":""raw_codeword_specific_composite""},{""end_offset"":256,""start_offset"":24,""state"":""pure_P""}]"
647,q_y_p,3,P,Q,first_hidden,True,0,1,False,,,False,,,False,,,,,256,Y,P,0000000000000000000000000000000011111111111111111111111111111111,P,"[{""end_offset"":9,""start_offset"":0,""state"":""pure_Y""},{""end_offset"":17,""start_offset"":13,""state"":""raw_codeword_specific_composite""},{""end_offset"":256,""start_offset"":24,""state"":""pure_P""}]"
647,q_y_p,3,P,Q,final_hidden,True,2,3,False,,,False,,,False,,,,,256,Y,P,0000000000000000000000000000000011111111111111111111111111111111,P,"[{""end_offset"":9,""start_offset"":0,""state"":""pure_Y""},{""end_offset"":17,""start_offset"":13,""state"":""raw_codeword_specific_composite""},{""end_offset"":256,""start_offset"":24,""state"":""pure_P""}]"
647,q_y_p,3,P,Y,first_hidden,True,0,1,True,0,1,True,0,1,True,0,1,0,0,256,Y,P,0000000000000000000000000000000011111111111111111111111111111111,P,"[{""end_offset"":9,""start_offset"":0,""state"":""pure_Y""},{""end_offset"":17,""start_offset"":13,""state"":""raw_codeword_specific_composite""},{""end_offset"":256,""start_offset"":24,""state"":""pure_P""}]"
647,q_y_p,3,P,Y,final_hidden,True,0,1,True,0,1,True,0,1,True,0,1,0,0,256,Y,P,0000000000000000000000000000000011111111111111111111111111111111,P,"[{""end_offset"":9,""start_offset"":0,""state"":""pure_Y""},{""end_offset"":17,""start_offset"":13,""state"":""raw_codeword_specific_composite""},{""end_offset"":256,""start_offset"":24,""state"":""pure_P""}]"
647,y_p_q,1,Y,P,first_hidden,True,0,1,False,,,False,,,False,,,,,256,,Y,0000111111110000111100000000111100001111111100001111000000001111,Y,"[{""end_offset"":9,""start_offset"":0,""state"":""raw_codeword_specific_composite""},{""end_offset"":256,""start_offset"":13,""state"":""pure_Y""}]"
647,y_p_q,1,Y,P,final_hidden,True,2,3,False,,,False,,,False,,,,,256,,Y,0000111111110000111100000000111100001111111100001111000000001111,Y,"[{""end_offset"":9,""start_offset"":0,""state"":""raw_codeword_specific_composite""},{""end_offset"":256,""start_offset"":13,""state"":""pure_Y""}]"
647,y_p_q,1,Y,Q,first_hidden,True,1,2,False,,,False,,,False,,,,,256,,Y,0000111111110000111100000000111100001111111100001111000000001111,Y,"[{""end_offset"":9,""start_offset"":0,""state"":""raw_codeword_specific_composite""},{""end_offset"":256,""start_offset"":13,""state"":""pure_Y""}]"
647,y_p_q,1,Y,Q,final_hidden,False,,,False,,,False,,,False,,,,,256,,Y,0000111111110000111100000000111100001111111100001111000000001111,Y,"[{""end_offset"":9,""start_offset"":0,""state"":""raw_codeword_specific_composite""},{""end_offset"":256,""start_offset"":13,""state"":""pure_Y""}]"
647,y_p_q,1,Y,Y,first_hidden,True,45,62,True,13,17,True,13,17,True,13,17,-32,-32,256,,Y,0000111111110000111100000000111100001111111100001111000000001111,Y,"[{""end_offset"":9,""start_offset"":0,""state"":""raw_codeword_specific_composite""},{""end_offset"":256,""start_offset"":13,""state"":""pure_Y""}]"
647,y_p_q,1,Y,Y,final_hidden,True,24,33,True,13,17,True,13,17,True,13,17,-11,-11,256,,Y,0000111111110000111100000000111100001111111100001111000000001111,Y,"[{""end_offset"":9,""start_offset"":0,""state"":""raw_codeword_specific_composite""},{""end_offset"":256,""start_offset"":13,""state"":""pure_Y""}]"
647,y_p_q,2,P,P,first_hidden,True,0,1,True,24,33,True,24,33,True,24,33,24,24,256,Y,P,0000000000000000000000000000000011111111111111111111111111111111,P,"[{""end_offset"":13,""start_offset"":0,""state"":""pure_Y""},{""end_offset"":17,""start_offset"":17,""state"":""raw_codeword_specific_composite""},{""end_offset"":256,""start_offset"":24,""state"":""pure_P""}]"
647,y_p_q,2,P,P,final_hidden,True,0,1,True,24,33,True,24,33,True,24,33,24,24,256,Y,P,0000000000000000000000000000000011111111111111111111111111111111,P,"[{""end_offset"":13,""start_offset"":0,""state"":""pure_Y""},{""end_offset"":17,""start_offset"":17,""state"":""raw_codeword_specific_composite""},{""end_offset"":256,""start_offset"":24,""state"":""pure_P""}]"
647,y_p_q,2,P,Q,first_hidden,False,,,False,,,False,,,False,,,,,256,Y,P,0000000000000000000000000000000011111111111111111111111111111111,P,"[{""end_offset"":13,""start_offset"":0,""state"":""pure_Y""},{""end_offset"":17,""start_offset"":17,""state"":""raw_codeword_specific_composite""},{""end_offset"":256,""start_offset"":24,""state"":""pure_P""}]"
647,y_p_q,2,P,Q,final_hidden,False,,,False,,,False,,,False,,,,,256,Y,P,0000000000000000000000000000000011111111111111111111111111111111,P,"[{""end_offset"":13,""start_offset"":0,""state"":""pure_Y""},{""end_offset"":17,""start_offset"":17,""state"":""raw_codeword_specific_composite""},{""end_offset"":256,""start_offset"":24,""state"":""pure_P""}]"
647,y_p_q,2,P,Y,first_hidden,True,0,1,True,0,1,True,0,1,True,0,1,0,0,256,Y,P,0000000000000000000000000000000011111111111111111111111111111111,P,"[{""end_offset"":13,""start_offset"":0,""state"":""pure_Y""},{""end_offset"":17,""start_offset"":17,""state"":""raw_codeword_specific_composite""},{""end_offset"":256,""start_offset"":24,""state"":""pure_P""}]"
647,y_p_q,2,P,Y,final_hidden,True,0,1,True,0,1,True,0,1,True,0,1,0,0,256,Y,P,0000000000000000000000000000000011111111111111111111111111111111,P,"[{""end_offset"":13,""start_offset"":0,""state"":""pure_Y""},{""end_offset"":17,""start_offset"":17,""state"":""raw_codeword_specific_composite""},{""end_offset"":256,""start_offset"":24,""state"":""pure_P""}]"
647,y_p_q,3,Q,P,first_hidden,True,0,1,True,0,1,True,0,1,True,0,1,0,0,256,P,Q,1001100110011001100110011001100110011001100110011001100110011001,Q,"[{""end_offset"":24,""start_offset"":0,""state"":""pure_P""},{""end_offset"":33,""start_offset"":33,""state"":""raw_codeword_specific_composite""},{""end_offset"":256,""start_offset"":45,""state"":""pure_Q""}]"
647,y_p_q,3,Q,P,final_hidden,True,0,1,True,0,1,True,0,1,True,0,1,0,0,256,P,Q,1001100110011001100110011001100110011001100110011001100110011001,Q,"[{""end_offset"":24,""start_offset"":0,""state"":""pure_P""},{""end_offset"":33,""start_offset"":33,""state"":""raw_codeword_specific_composite""},{""end_offset"":256,""start_offset"":45,""state"":""pure_Q""}]"
647,y_p_q,3,Q,Q,first_hidden,True,62,85,True,45,62,True,45,62,True,45,62,-17,-17,256,P,Q,1001100110011001100110011001100110011001100110011001100110011001,Q,"[{""end_offset"":24,""start_offset"":0,""state"":""pure_P""},{""end_offset"":33,""start_offset"":33,""state"":""raw_codeword_specific_composite""},{""end_offset"":256,""start_offset"":45,""state"":""pure_Q""}]"
647,y_p_q,3,Q,Q,final_hidden,True,62,85,True,45,62,True,45,62,True,45,62,-17,-17,256,P,Q,1001100110011001100110011001100110011001100110011001100110011001,Q,"[{""end_offset"":24,""start_offset"":0,""state"":""pure_P""},{""end_offset"":33,""start_offset"":33,""state"":""raw_codeword_specific_composite""},{""end_offset"":256,""start_offset"":45,""state"":""pure_Q""}]"
647,y_p_q,3,Q,Y,first_hidden,True,24,33,False,,,False,,,False,,,,,256,P,Q,1001100110011001100110011001100110011001100110011001100110011001,Q,"[{""end_offset"":24,""start_offset"":0,""state"":""pure_P""},{""end_offset"":33,""start_offset"":33,""state"":""raw_codeword_specific_composite""},{""end_offset"":256,""start_offset"":45,""state"":""pure_Q""}]"
647,y_p_q,3,Q,Y,final_hidden,True,13,17,False,,,False,,,False,,,,,256,P,Q,1001100110011001100110011001100110011001100110011001100110011001,Q,"[{""end_offset"":24,""start_offset"":0,""state"":""pure_P""},{""end_offset"":33,""start_offset"":33,""state"":""raw_codeword_specific_composite""},{""end_offset"":256,""start_offset"":45,""state"":""pure_Q""}]"
647,y_q_p,1,Y,P,first_hidden,True,0,1,False,,,False,,,False,,,,,256,,Y,0000111111110000111100000000111100001111111100001111000000001111,Y,"[{""end_offset"":9,""start_offset"":0,""state"":""raw_codeword_specific_composite""},{""end_offset"":256,""start_offset"":13,""state"":""pure_Y""}]"
647,y_q_p,1,Y,P,final_hidden,True,2,3,False,,,False,,,False,,,,,256,,Y,0000111111110000111100000000111100001111111100001111000000001111,Y,"[{""end_offset"":9,""start_offset"":0,""state"":""raw_codeword_specific_composite""},{""end_offset"":256,""start_offset"":13,""state"":""pure_Y""}]"
647,y_q_p,1,Y,Q,first_hidden,True,1,2,False,,,False,,,False,,,,,256,,Y,0000111111110000111100000000111100001111111100001111000000001111,Y,"[{""end_offset"":9,""start_offset"":0,""state"":""raw_codeword_specific_composite""},{""end_offset"":256,""start_offset"":13,""state"":""pure_Y""}]"
647,y_q_p,1,Y,Q,final_hidden,False,,,False,,,False,,,False,,,,,256,,Y,0000111111110000111100000000111100001111111100001111000000001111,Y,"[{""end_offset"":9,""start_offset"":0,""state"":""raw_codeword_specific_composite""},{""end_offset"":256,""start_offset"":13,""state"":""pure_Y""}]"
647,y_q_p,1,Y,Y,first_hidden,True,45,62,True,13,17,True,13,17,True,13,17,-32,-32,256,,Y,0000111111110000111100000000111100001111111100001111000000001111,Y,"[{""end_offset"":9,""start_offset"":0,""state"":""raw_codeword_specific_composite""},{""end_offset"":256,""start_offset"":13,""state"":""pure_Y""}]"
647,y_q_p,1,Y,Y,final_hidden,True,24,33,True,13,17,True,13,17,True,13,17,-11,-11,256,,Y,0000111111110000111100000000111100001111111100001111000000001111,Y,"[{""end_offset"":9,""start_offset"":0,""state"":""raw_codeword_specific_composite""},{""end_offset"":256,""start_offset"":13,""state"":""pure_Y""}]"
647,y_q_p,2,Q,P,first_hidden,True,0,1,False,,,False,,,False,,,,,256,Y,Q,1001100110011001100110011001100110011001100110011001100110011001,Q,"[{""end_offset"":9,""start_offset"":0,""state"":""pure_Y""},{""end_offset"":45,""start_offset"":13,""state"":""raw_codeword_specific_composite""},{""end_offset"":256,""start_offset"":62,""state"":""pure_Q""}]"
647,y_q_p,2,Q,P,final_hidden,True,0,1,False,,,False,,,False,,,,,256,Y,Q,1001100110011001100110011001100110011001100110011001100110011001,Q,"[{""end_offset"":9,""start_offset"":0,""state"":""pure_Y""},{""end_offset"":45,""start_offset"":13,""state"":""raw_codeword_specific_composite""},{""end_offset"":256,""start_offset"":62,""state"":""pure_Q""}]"
647,y_q_p,2,Q,Q,first_hidden,True,62,85,True,62,85,True,62,85,True,62,85,0,0,256,Y,Q,1001100110011001100110011001100110011001100110011001100110011001,Q,"[{""end_offset"":9,""start_offset"":0,""state"":""pure_Y""},{""end_offset"":45,""start_offset"":13,""state"":""raw_codeword_specific_composite""},{""end_offset"":256,""start_offset"":62,""state"":""pure_Q""}]"
647,y_q_p,2,Q,Q,final_hidden,True,45,62,True,62,85,True,62,85,True,62,85,17,17,256,Y,Q,1001100110011001100110011001100110011001100110011001100110011001,Q,"[{""end_offset"":9,""start_offset"":0,""state"":""pure_Y""},{""end_offset"":45,""start_offset"":13,""state"":""raw_codeword_specific_composite""},{""end_offset"":256,""start_offset"":62,""state"":""pure_Q""}]"
647,y_q_p,2,Q,Y,first_hidden,True,0,1,True,0,1,True,0,1,True,0,1,0,0,256,Y,Q,1001100110011001100110011001100110011001100110011001100110011001,Q,"[{""end_offset"":9,""start_offset"":0,""state"":""pure_Y""},{""end_offset"":45,""start_offset"":13,""state"":""raw_codeword_specific_composite""},{""end_offset"":256,""start_offset"":62,""state"":""pure_Q""}]"
647,y_q_p,2,Q,Y,final_hidden,True,0,1,True,0,1,True,0,1,True,0,1,0,0,256,Y,Q,1001100110011001100110011001100110011001100110011001100110011001,Q,"[{""end_offset"":9,""start_offset"":0,""state"":""pure_Y""},{""end_offset"":45,""start_offset"":13,""state"":""raw_codeword_specific_composite""},{""end_offset"":256,""start_offset"":62,""state"":""pure_Q""}]"
647,y_q_p,3,P,P,first_hidden,True,0,1,True,33,45,True,33,45,True,33,45,33,33,256,Q,P,0000000000000000000000000000000011111111111111111111111111111111,P,"[{""end_offset"":17,""start_offset"":0,""state"":""pure_Q""},{""end_offset"":24,""start_offset"":24,""state"":""raw_codeword_specific_composite""},{""end_offset"":256,""start_offset"":33,""state"":""pure_P""}]"
647,y_q_p,3,P,P,final_hidden,True,9,13,True,33,45,True,33,45,True,33,45,24,24,256,Q,P,0000000000000000000000000000000011111111111111111111111111111111,P,"[{""end_offset"":17,""start_offset"":0,""state"":""pure_Q""},{""end_offset"":24,""start_offset"":24,""state"":""raw_codeword_specific_composite""},{""end_offset"":256,""start_offset"":33,""state"":""pure_P""}]"
647,y_q_p,3,P,Q,first_hidden,True,0,1,True,0,1,True,0,1,True,0,1,0,0,256,Q,P,0000000000000000000000000000000011111111111111111111111111111111,P,"[{""end_offset"":17,""start_offset"":0,""state"":""pure_Q""},{""end_offset"":24,""start_offset"":24,""state"":""raw_codeword_specific_composite""},{""end_offset"":256,""start_offset"":33,""state"":""pure_P""}]"
647,y_q_p,3,P,Q,final_hidden,True,0,1,True,0,1,True,0,1,True,0,1,0,0,256,Q,P,0000000000000000000000000000000011111111111111111111111111111111,P,"[{""end_offset"":17,""start_offset"":0,""state"":""pure_Q""},{""end_offset"":24,""start_offset"":24,""state"":""raw_codeword_specific_composite""},{""end_offset"":256,""start_offset"":33,""state"":""pure_P""}]"
647,y_q_p,3,P,Y,first_hidden,False,,,False,,,False,,,False,,,,,256,Q,P,0000000000000000000000000000000011111111111111111111111111111111,P,"[{""end_offset"":17,""start_offset"":0,""state"":""pure_Q""},{""end_offset"":24,""start_offset"":24,""state"":""raw_codeword_specific_composite""},{""end_offset"":256,""start_offset"":33,""state"":""pure_P""}]"
647,y_q_p,3,P,Y,final_hidden,False,,,False,,,False,,,False,,,,,256,Q,P,0000000000000000000000000000000011111111111111111111111111111111,P,"[{""end_offset"":17,""start_offset"":0,""state"":""pure_Q""},{""end_offset"":24,""start_offset"":24,""state"":""raw_codeword_specific_composite""},{""end_offset"":256,""start_offset"":33,""state"":""pure_P""}]"
653,p_q_y,1,P,P,first_hidden,True,0,1,True,2,3,True,2,3,True,2,3,2,2,256,,P,0000000000000000000000000000000011111111111111111111111111111111,P,"[{""end_offset"":1,""start_offset"":0,""state"":""raw_codeword_specific_composite""},{""end_offset"":256,""start_offset"":2,""state"":""pure_P""}]"
653,p_q_y,1,P,P,final_hidden,True,0,1,True,2,3,True,2,3,True,2,3,2,2,256,,P,0000000000000000000000000000000011111111111111111111111111111111,P,"[{""end_offset"":1,""start_offset"":0,""state"":""raw_codeword_specific_composite""},{""end_offset"":256,""start_offset"":2,""state"":""pure_P""}]"
653,p_q_y,1,P,Q,first_hidden,False,,,False,,,False,,,False,,,,,256,,P,0000000000000000000000000000000011111111111111111111111111111111,P,"[{""end_offset"":1,""start_offset"":0,""state"":""raw_codeword_specific_composite""},{""end_offset"":256,""start_offset"":2,""state"":""pure_P""}]"
653,p_q_y,1,P,Q,final_hidden,False,,,False,,,False,,,False,,,,,256,,P,0000000000000000000000000000000011111111111111111111111111111111,P,"[{""end_offset"":1,""start_offset"":0,""state"":""raw_codeword_specific_composite""},{""end_offset"":256,""start_offset"":2,""state"":""pure_P""}]"
653,p_q_y,1,P,Y,first_hidden,False,,,False,,,False,,,False,,,,,256,,P,0000000000000000000000000000000011111111111111111111111111111111,P,"[{""end_offset"":1,""start_offset"":0,""state"":""raw_codeword_specific_composite""},{""end_offset"":256,""start_offset"":2,""state"":""pure_P""}]"
653,p_q_y,1,P,Y,final_hidden,False,,,False,,,False,,,False,,,,,256,,P,0000000000000000000000000000000011111111111111111111111111111111,P,"[{""end_offset"":1,""start_offset"":0,""state"":""raw_codeword_specific_composite""},{""end_offset"":256,""start_offset"":2,""state"":""pure_P""}]"
653,p_q_y,2,Q,P,first_hidden,True,0,1,True,0,1,True,0,1,True,0,1,0,0,256,P,Q,1001100110011001100110011001100110011001100110011001100110011001,Q,"[{""end_offset"":24,""start_offset"":0,""state"":""pure_P""},{""end_offset"":33,""start_offset"":33,""state"":""raw_codeword_specific_composite""},{""end_offset"":256,""start_offset"":45,""state"":""pure_Q""}]"
653,p_q_y,2,Q,P,final_hidden,True,0,1,True,0,1,True,0,1,True,0,1,0,0,256,P,Q,1001100110011001100110011001100110011001100110011001100110011001,Q,"[{""end_offset"":24,""start_offset"":0,""state"":""pure_P""},{""end_offset"":33,""start_offset"":33,""state"":""raw_codeword_specific_composite""},{""end_offset"":256,""start_offset"":45,""state"":""pure_Q""}]"
653,p_q_y,2,Q,Q,first_hidden,True,45,62,True,45,62,True,45,62,True,45,62,0,0,256,P,Q,1001100110011001100110011001100110011001100110011001100110011001,Q,"[{""end_offset"":24,""start_offset"":0,""state"":""pure_P""},{""end_offset"":33,""start_offset"":33,""state"":""raw_codeword_specific_composite""},{""end_offset"":256,""start_offset"":45,""state"":""pure_Q""}]"
653,p_q_y,2,Q,Q,final_hidden,True,45,62,True,45,62,True,45,62,True,45,62,0,0,256,P,Q,1001100110011001100110011001100110011001100110011001100110011001,Q,"[{""end_offset"":24,""start_offset"":0,""state"":""pure_P""},{""end_offset"":33,""start_offset"":33,""state"":""raw_codeword_specific_composite""},{""end_offset"":256,""start_offset"":45,""state"":""pure_Q""}]"
653,p_q_y,2,Q,Y,first_hidden,False,,,False,,,False,,,False,,,,,256,P,Q,1001100110011001100110011001100110011001100110011001100110011001,Q,"[{""end_offset"":24,""start_offset"":0,""state"":""pure_P""},{""end_offset"":33,""start_offset"":33,""state"":""raw_codeword_specific_composite""},{""end_offset"":256,""start_offset"":45,""state"":""pure_Q""}]"
653,p_q_y,2,Q,Y,final_hidden,False,,,False,,,False,,,False,,,,,256,P,Q,1001100110011001100110011001100110011001100110011001100110011001,Q,"[{""end_offset"":24,""start_offset"":0,""state"":""pure_P""},{""end_offset"":33,""start_offset"":33,""state"":""raw_codeword_specific_composite""},{""end_offset"":256,""start_offset"":45,""state"":""pure_Q""}]"
653,p_q_y,3,Y,P,first_hidden,True,0,1,False,,,False,,,False,,,,,256,Q,Y,0000111111110000111100000000111100001111111100001111000000001111,Y,"[{""end_offset"":9,""start_offset"":0,""state"":""pure_Q""},{""end_offset"":17,""start_offset"":13,""state"":""raw_codeword_specific_composite""},{""end_offset"":24,""start_offset"":24,""state"":""pure_Q""},{""end_offset"":85,""start_offset"":33,""state"":""raw_codeword_specific_composite""},{""end_offset"":256,""start_offset"":117,""state"":""pure_Y""}]"
653,p_q_y,3,Y,P,final_hidden,True,0,1,False,,,False,,,False,,,,,256,Q,Y,0000111111110000111100000000111100001111111100001111000000001111,Y,"[{""end_offset"":9,""start_offset"":0,""state"":""pure_Q""},{""end_offset"":17,""start_offset"":13,""state"":""raw_codeword_specific_composite""},{""end_offset"":24,""start_offset"":24,""state"":""pure_Q""},{""end_offset"":85,""start_offset"":33,""state"":""raw_codeword_specific_composite""},{""end_offset"":256,""start_offset"":117,""state"":""pure_Y""}]"
653,p_q_y,3,Y,Q,first_hidden,True,0,1,True,0,1,True,0,1,True,0,1,0,0,256,Q,Y,0000111111110000111100000000111100001111111100001111000000001111,Y,"[{""end_offset"":9,""start_offset"":0,""state"":""pure_Q""},{""end_offset"":17,""start_offset"":13,""state"":""raw_codeword_specific_composite""},{""end_offset"":24,""start_offset"":24,""state"":""pure_Q""},{""end_offset"":85,""start_offset"":33,""state"":""raw_codeword_specific_composite""},{""end_offset"":256,""start_offset"":117,""state"":""pure_Y""}]"
653,p_q_y,3,Y,Q,final_hidden,True,0,1,True,0,1,True,0,1,True,0,1,0,0,256,Q,Y,0000111111110000111100000000111100001111111100001111000000001111,Y,"[{""end_offset"":9,""start_offset"":0,""state"":""pure_Q""},{""end_offset"":17,""start_offset"":13,""state"":""raw_codeword_specific_composite""},{""end_offset"":24,""start_offset"":24,""state"":""pure_Q""},{""end_offset"":85,""start_offset"":33,""state"":""raw_codeword_specific_composite""},{""end_offset"":256,""start_offset"":117,""state"":""pure_Y""}]"
653,p_q_y,3,Y,Y,first_hidden,True,117,128,True,117,128,True,117,128,True,117,128,0,0,256,Q,Y,0000111111110000111100000000111100001111111100001111000000001111,Y,"[{""end_offset"":9,""start_offset"":0,""state"":""pure_Q""},{""end_offset"":17,""start_offset"":13,""state"":""raw_codeword_specific_composite""},{""end_offset"":24,""start_offset"":24,""state"":""pure_Q""},{""end_offset"":85,""start_offset"":33,""state"":""raw_codeword_specific_composite""},{""end_offset"":256,""start_offset"":117,""state"":""pure_Y""}]"
653,p_q_y,3,Y,Y,final_hidden,True,117,128,True,117,128,True,117,128,True,117,128,0,0,256,Q,Y,0000111111110000111100000000111100001111111100001111000000001111,Y,"[{""end_offset"":9,""start_offset"":0,""state"":""pure_Q""},{""end_offset"":17,""start_offset"":13,""state"":""raw_codeword_specific_composite""},{""end_offset"":24,""start_offset"":24,""state"":""pure_Q""},{""end_offset"":85,""start_offset"":33,""state"":""raw_codeword_specific_composite""},{""end_offset"":256,""start_offset"":117,""state"":""pure_Y""}]"
653,p_y_q,1,P,P,first_hidden,True,0,1,True,2,3,True,2,3,True,2,3,2,2,256,,P,0000000000000000000000000000000011111111111111111111111111111111,P,"[{""end_offset"":1,""start_offset"":0,""state"":""raw_codeword_specific_composite""},{""end_offset"":256,""start_offset"":2,""state"":""pure_P""}]"
653,p_y_q,1,P,P,final_hidden,True,0,1,True,2,3,True,2,3,True,2,3,2,2,256,,P,0000000000000000000000000000000011111111111111111111111111111111,P,"[{""end_offset"":1,""start_offset"":0,""state"":""raw_codeword_specific_composite""},{""end_offset"":256,""start_offset"":2,""state"":""pure_P""}]"
653,p_y_q,1,P,Q,first_hidden,False,,,False,,,False,,,False,,,,,256,,P,0000000000000000000000000000000011111111111111111111111111111111,P,"[{""end_offset"":1,""start_offset"":0,""state"":""raw_codeword_specific_composite""},{""end_offset"":256,""start_offset"":2,""state"":""pure_P""}]"
653,p_y_q,1,P,Q,final_hidden,False,,,False,,,False,,,False,,,,,256,,P,0000000000000000000000000000000011111111111111111111111111111111,P,"[{""end_offset"":1,""start_offset"":0,""state"":""raw_codeword_specific_composite""},{""end_offset"":256,""start_offset"":2,""state"":""pure_P""}]"
653,p_y_q,1,P,Y,first_hidden,False,,,False,,,False,,,False,,,,,256,,P,0000000000000000000000000000000011111111111111111111111111111111,P,"[{""end_offset"":1,""start_offset"":0,""state"":""raw_codeword_specific_composite""},{""end_offset"":256,""start_offset"":2,""state"":""pure_P""}]"
653,p_y_q,1,P,Y,final_hidden,False,,,False,,,False,,,False,,,,,256,,P,0000000000000000000000000000000011111111111111111111111111111111,P,"[{""end_offset"":1,""start_offset"":0,""state"":""raw_codeword_specific_composite""},{""end_offset"":256,""start_offset"":2,""state"":""pure_P""}]"
653,p_y_q,2,Y,P,first_hidden,True,0,1,True,0,1,True,0,1,True,0,1,0,0,256,P,Y,0000111111110000111100000000111100001111111100001111000000001111,Y,"[{""end_offset"":24,""start_offset"":0,""state"":""pure_P""},{""end_offset"":62,""start_offset"":33,""state"":""raw_codeword_specific_composite""},{""end_offset"":256,""start_offset"":85,""state"":""pure_Y""}]"
653,p_y_q,2,Y,P,final_hidden,True,0,1,True,0,1,True,0,1,True,0,1,0,0,256,P,Y,0000111111110000111100000000111100001111111100001111000000001111,Y,"[{""end_offset"":24,""start_offset"":0,""state"":""pure_P""},{""end_offset"":62,""start_offset"":33,""state"":""raw_codeword_specific_composite""},{""end_offset"":256,""start_offset"":85,""state"":""pure_Y""}]"
653,p_y_q,2,Y,Q,first_hidden,False,,,False,,,False,,,False,,,,,256,P,Y,0000111111110000111100000000111100001111111100001111000000001111,Y,"[{""end_offset"":24,""start_offset"":0,""state"":""pure_P""},{""end_offset"":62,""start_offset"":33,""state"":""raw_codeword_specific_composite""},{""end_offset"":256,""start_offset"":85,""state"":""pure_Y""}]"
653,p_y_q,2,Y,Q,final_hidden,False,,,False,,,False,,,False,,,,,256,P,Y,0000111111110000111100000000111100001111111100001111000000001111,Y,"[{""end_offset"":24,""start_offset"":0,""state"":""pure_P""},{""end_offset"":62,""start_offset"":33,""state"":""raw_codeword_specific_composite""},{""end_offset"":256,""start_offset"":85,""state"":""pure_Y""}]"
653,p_y_q,2,Y,Y,first_hidden,True,62,85,True,85,117,True,85,117,True,85,117,23,23,256,P,Y,0000111111110000111100000000111100001111111100001111000000001111,Y,"[{""end_offset"":24,""start_offset"":0,""state"":""pure_P""},{""end_offset"":62,""start_offset"":33,""state"":""raw_codeword_specific_composite""},{""end_offset"":256,""start_offset"":85,""state"":""pure_Y""}]"
653,p_y_q,2,Y,Y,final_hidden,True,62,85,True,85,117,True,85,117,True,85,117,23,23,256,P,Y,0000111111110000111100000000111100001111111100001111000000001111,Y,"[{""end_offset"":24,""start_offset"":0,""state"":""pure_P""},{""end_offset"":62,""start_offset"":33,""state"":""raw_codeword_specific_composite""},{""end_offset"":256,""start_offset"":85,""state"":""pure_Y""}]"
653,p_y_q,3,Q,P,first_hidden,True,0,1,False,,,False,,,False,,,,,256,Y,Q,1001100110011001100110011001100110011001100110011001100110011001,Q,"[{""end_offset"":13,""start_offset"":0,""state"":""pure_Y""},{""end_offset"":62,""start_offset"":17,""state"":""raw_codeword_specific_composite""},{""end_offset"":256,""start_offset"":85,""state"":""pure_Q""}]"
653,p_y_q,3,Q,P,final_hidden,True,0,1,False,,,False,,,False,,,,,256,Y,Q,1001100110011001100110011001100110011001100110011001100110011001,Q,"[{""end_offset"":13,""start_offset"":0,""state"":""pure_Y""},{""end_offset"":62,""start_offset"":17,""state"":""raw_codeword_specific_composite""},{""end_offset"":256,""start_offset"":85,""state"":""pure_Q""}]"
653,p_y_q,3,Q,Q,first_hidden,True,45,62,True,85,117,True,85,117,True,85,117,40,40,256,Y,Q,1001100110011001100110011001100110011001100110011001100110011001,Q,"[{""end_offset"":13,""start_offset"":0,""state"":""pure_Y""},{""end_offset"":62,""start_offset"":17,""state"":""raw_codeword_specific_composite""},{""end_offset"":256,""start_offset"":85,""state"":""pure_Q""}]"
653,p_y_q,3,Q,Q,final_hidden,True,85,117,True,85,117,True,85,117,True,85,117,0,0,256,Y,Q,1001100110011001100110011001100110011001100110011001100110011001,Q,"[{""end_offset"":13,""start_offset"":0,""state"":""pure_Y""},{""end_offset"":62,""start_offset"":17,""state"":""raw_codeword_specific_composite""},{""end_offset"":256,""start_offset"":85,""state"":""pure_Q""}]"
653,p_y_q,3,Q,Y,first_hidden,True,0,1,True,0,1,True,0,1,True,0,1,0,0,256,Y,Q,1001100110011001100110011001100110011001100110011001100110011001,Q,"[{""end_offset"":13,""start_offset"":0,""state"":""pure_Y""},{""end_offset"":62,""start_offset"":17,""state"":""raw_codeword_specific_composite""},{""end_offset"":256,""start_offset"":85,""state"":""pure_Q""}]"
653,p_y_q,3,Q,Y,final_hidden,True,0,1,True,0,1,True,0,1,True,0,1,0,0,256,Y,Q,1001100110011001100110011001100110011001100110011001100110011001,Q,"[{""end_offset"":13,""start_offset"":0,""state"":""pure_Y""},{""end_offset"":62,""start_offset"":17,""state"":""raw_codeword_specific_composite""},{""end_offset"":256,""start_offset"":85,""state"":""pure_Q""}]"
653,q_p_y,1,Q,P,first_hidden,True,0,1,False,,,False,,,False,,,,,256,,Q,1001100110011001100110011001100110011001100110011001100110011001,Q,"[{""end_offset"":9,""start_offset"":0,""state"":""raw_codeword_specific_composite""},{""end_offset"":256,""start_offset"":13,""state"":""pure_Q""}]"
653,q_p_y,1,Q,P,final_hidden,True,0,1,False,,,False,,,False,,,,,256,,Q,1001100110011001100110011001100110011001100110011001100110011001,Q,"[{""end_offset"":9,""start_offset"":0,""state"":""raw_codeword_specific_composite""},{""end_offset"":256,""start_offset"":13,""state"":""pure_Q""}]"
653,q_p_y,1,Q,Q,first_hidden,True,9,13,True,13,17,True,13,17,True,13,17,4,4,256,,Q,1001100110011001100110011001100110011001100110011001100110011001,Q,"[{""end_offset"":9,""start_offset"":0,""state"":""raw_codeword_specific_composite""},{""end_offset"":256,""start_offset"":13,""state"":""pure_Q""}]"
653,q_p_y,1,Q,Q,final_hidden,True,13,17,True,13,17,True,13,17,True,13,17,0,0,256,,Q,1001100110011001100110011001100110011001100110011001100110011001,Q,"[{""end_offset"":9,""start_offset"":0,""state"":""raw_codeword_specific_composite""},{""end_offset"":256,""start_offset"":13,""state"":""pure_Q""}]"
653,q_p_y,1,Q,Y,first_hidden,False,,,False,,,False,,,False,,,,,256,,Q,1001100110011001100110011001100110011001100110011001100110011001,Q,"[{""end_offset"":9,""start_offset"":0,""state"":""raw_codeword_specific_composite""},{""end_offset"":256,""start_offset"":13,""state"":""pure_Q""}]"
653,q_p_y,1,Q,Y,final_hidden,False,,,False,,,False,,,False,,,,,256,,Q,1001100110011001100110011001100110011001100110011001100110011001,Q,"[{""end_offset"":9,""start_offset"":0,""state"":""raw_codeword_specific_composite""},{""end_offset"":256,""start_offset"":13,""state"":""pure_Q""}]"
653,q_p_y,2,P,P,first_hidden,True,0,1,True,33,45,True,33,45,True,33,45,33,33,256,Q,P,0000000000000000000000000000000011111111111111111111111111111111,P,"[{""end_offset"":9,""start_offset"":0,""state"":""pure_Q""},{""end_offset"":24,""start_offset"":13,""state"":""raw_codeword_specific_composite""},{""end_offset"":256,""start_offset"":33,""state"":""pure_P""}]"
653,q_p_y,2,P,P,final_hidden,True,0,1,True,33,45,True,33,45,True,33,45,33,33,256,Q,P,0000000000000000000000000000000011111111111111111111111111111111,P,"[{""end_offset"":9,""start_offset"":0,""state"":""pure_Q""},{""end_offset"":24,""start_offset"":13,""state"":""raw_codeword_specific_composite""},{""end_offset"":256,""start_offset"":33,""state"":""pure_P""}]"
653,q_p_y,2,P,Q,first_hidden,True,0,1,True,0,1,True,0,1,True,0,1,0,0,256,Q,P,0000000000000000000000000000000011111111111111111111111111111111,P,"[{""end_offset"":9,""start_offset"":0,""state"":""pure_Q""},{""end_offset"":24,""start_offset"":13,""state"":""raw_codeword_specific_composite""},{""end_offset"":256,""start_offset"":33,""state"":""pure_P""}]"
653,q_p_y,2,P,Q,final_hidden,True,0,1,True,0,1,True,0,1,True,0,1,0,0,256,Q,P,0000000000000000000000000000000011111111111111111111111111111111,P,"[{""end_offset"":9,""start_offset"":0,""state"":""pure_Q""},{""end_offset"":24,""start_offset"":13,""state"":""raw_codeword_specific_composite""},{""end_offset"":256,""start_offset"":33,""state"":""pure_P""}]"
653,q_p_y,2,P,Y,first_hidden,False,,,False,,,False,,,False,,,,,256,Q,P,0000000000000000000000000000000011111111111111111111111111111111,P,"[{""end_offset"":9,""start_offset"":0,""state"":""pure_Q""},{""end_offset"":24,""start_offset"":13,""state"":""raw_codeword_specific_composite""},{""end_offset"":256,""start_offset"":33,""state"":""pure_P""}]"
653,q_p_y,2,P,Y,final_hidden,False,,,False,,,False,,,False,,,,,256,Q,P,0000000000000000000000000000000011111111111111111111111111111111,P,"[{""end_offset"":9,""start_offset"":0,""state"":""pure_Q""},{""end_offset"":24,""start_offset"":13,""state"":""raw_codeword_specific_composite""},{""end_offset"":256,""start_offset"":33,""state"":""pure_P""}]"
653,q_p_y,3,Y,P,first_hidden,True,0,1,True,0,1,True,0,1,True,0,1,0,0,256,P,Y,0000111111110000111100000000111100001111111100001111000000001111,Y,"[{""end_offset"":24,""start_offset"":0,""state"":""pure_P""},{""end_offset"":62,""start_offset"":33,""state"":""raw_codeword_specific_composite""},{""end_offset"":256,""start_offset"":85,""state"":""pure_Y""}]"
653,q_p_y,3,Y,P,final_hidden,True,0,1,True,0,1,True,0,1,True,0,1,0,0,256,P,Y,0000111111110000111100000000111100001111111100001111000000001111,Y,"[{""end_offset"":24,""start_offset"":0,""state"":""pure_P""},{""end_offset"":62,""start_offset"":33,""state"":""raw_codeword_specific_composite""},{""end_offset"":256,""start_offset"":85,""state"":""pure_Y""}]"
653,q_p_y,3,Y,Q,first_hidden,True,0,1,False,,,False,,,False,,,,,256,P,Y,0000111111110000111100000000111100001111111100001111000000001111,Y,"[{""end_offset"":24,""start_offset"":0,""state"":""pure_P""},{""end_offset"":62,""start_offset"":33,""state"":""raw_codeword_specific_composite""},{""end_offset"":256,""start_offset"":85,""state"":""pure_Y""}]"
653,q_p_y,3,Y,Q,final_hidden,True,0,1,False,,,False,,,False,,,,,256,P,Y,0000111111110000111100000000111100001111111100001111000000001111,Y,"[{""end_offset"":24,""start_offset"":0,""state"":""pure_P""},{""end_offset"":62,""start_offset"":33,""state"":""raw_codeword_specific_composite""},{""end_offset"":256,""start_offset"":85,""state"":""pure_Y""}]"
653,q_p_y,3,Y,Y,first_hidden,True,85,117,True,85,117,True,85,117,True,85,117,0,0,256,P,Y,0000111111110000111100000000111100001111111100001111000000001111,Y,"[{""end_offset"":24,""start_offset"":0,""state"":""pure_P""},{""end_offset"":62,""start_offset"":33,""state"":""raw_codeword_specific_composite""},{""end_offset"":256,""start_offset"":85,""state"":""pure_Y""}]"
653,q_p_y,3,Y,Y,final_hidden,True,117,128,True,85,117,True,85,117,True,85,117,-32,-32,256,P,Y,0000111111110000111100000000111100001111111100001111000000001111,Y,"[{""end_offset"":24,""start_offset"":0,""state"":""pure_P""},{""end_offset"":62,""start_offset"":33,""state"":""raw_codeword_specific_composite""},{""end_offset"":256,""start_offset"":85,""state"":""pure_Y""}]"
653,q_y_p,1,Q,P,first_hidden,True,0,1,False,,,False,,,False,,,,,256,,Q,1001100110011001100110011001100110011001100110011001100110011001,Q,"[{""end_offset"":9,""start_offset"":0,""state"":""raw_codeword_specific_composite""},{""end_offset"":256,""start_offset"":13,""state"":""pure_Q""}]"
653,q_y_p,1,Q,P,final_hidden,True,0,1,False,,,False,,,False,,,,,256,,Q,1001100110011001100110011001100110011001100110011001100110011001,Q,"[{""end_offset"":9,""start_offset"":0,""state"":""raw_codeword_specific_composite""},{""end_offset"":256,""start_offset"":13,""state"":""pure_Q""}]"
653,q_y_p,1,Q,Q,first_hidden,True,9,13,True,13,17,True,13,17,True,13,17,4,4,256,,Q,1001100110011001100110011001100110011001100110011001100110011001,Q,"[{""end_offset"":9,""start_offset"":0,""state"":""raw_codeword_specific_composite""},{""end_offset"":256,""start_offset"":13,""state"":""pure_Q""}]"
653,q_y_p,1,Q,Q,final_hidden,True,13,17,True,13,17,True,13,17,True,13,17,0,0,256,,Q,1001100110011001100110011001100110011001100110011001100110011001,Q,"[{""end_offset"":9,""start_offset"":0,""state"":""raw_codeword_specific_composite""},{""end_offset"":256,""start_offset"":13,""state"":""pure_Q""}]"
653,q_y_p,1,Q,Y,first_hidden,False,,,False,,,False,,,False,,,,,256,,Q,1001100110011001100110011001100110011001100110011001100110011001,Q,"[{""end_offset"":9,""start_offset"":0,""state"":""raw_codeword_specific_composite""},{""end_offset"":256,""start_offset"":13,""state"":""pure_Q""}]"
653,q_y_p,1,Q,Y,final_hidden,False,,,False,,,False,,,False,,,,,256,,Q,1001100110011001100110011001100110011001100110011001100110011001,Q,"[{""end_offset"":9,""start_offset"":0,""state"":""raw_codeword_specific_composite""},{""end_offset"":256,""start_offset"":13,""state"":""pure_Q""}]"
653,q_y_p,2,Y,P,first_hidden,True,0,1,False,,,False,,,False,,,,,256,Q,Y,0000111111110000111100000000111100001111111100001111000000001111,Y,"[{""end_offset"":9,""start_offset"":0,""state"":""pure_Q""},{""end_offset"":24,""start_offset"":13,""state"":""raw_codeword_specific_composite""},{""end_offset"":33,""start_offset"":33,""state"":""pure_Q""},{""end_offset"":62,""start_offset"":45,""state"":""raw_codeword_specific_composite""},{""end_offset"":256,""start_offset"":85,""state"":""pure_Y""}]"
653,q_y_p,2,Y,P,final_hidden,True,0,1,False,,,False,,,False,,,,,256,Q,Y,0000111111110000111100000000111100001111111100001111000000001111,Y,"[{""end_offset"":9,""start_offset"":0,""state"":""pure_Q""},{""end_offset"":24,""start_offset"":13,""state"":""raw_codeword_specific_composite""},{""end_offset"":33,""start_offset"":33,""state"":""pure_Q""},{""end_offset"":62,""start_offset"":45,""state"":""raw_codeword_specific_composite""},{""end_offset"":256,""start_offset"":85,""state"":""pure_Y""}]"
653,q_y_p,2,Y,Q,first_hidden,True,0,1,True,0,1,True,0,1,True,0,1,0,0,256,Q,Y,0000111111110000111100000000111100001111111100001111000000001111,Y,"[{""end_offset"":9,""start_offset"":0,""state"":""pure_Q""},{""end_offset"":24,""start_offset"":13,""state"":""raw_codeword_specific_composite""},{""end_offset"":33,""start_offset"":33,""state"":""pure_Q""},{""end_offset"":62,""start_offset"":45,""state"":""raw_codeword_specific_composite""},{""end_offset"":256,""start_offset"":85,""state"":""pure_Y""}]"
653,q_y_p,2,Y,Q,final_hidden,True,0,1,True,0,1,True,0,1,True,0,1,0,0,256,Q,Y,0000111111110000111100000000111100001111111100001111000000001111,Y,"[{""end_offset"":9,""start_offset"":0,""state"":""pure_Q""},{""end_offset"":24,""start_offset"":13,""state"":""raw_codeword_specific_composite""},{""end_offset"":33,""start_offset"":33,""state"":""pure_Q""},{""end_offset"":62,""start_offset"":45,""state"":""raw_codeword_specific_composite""},{""end_offset"":256,""start_offset"":85,""state"":""pure_Y""}]"
653,q_y_p,2,Y,Y,first_hidden,True,62,85,True,85,117,True,85,117,True,85,117,23,23,256,Q,Y,0000111111110000111100000000111100001111111100001111000000001111,Y,"[{""end_offset"":9,""start_offset"":0,""state"":""pure_Q""},{""end_offset"":24,""start_offset"":13,""state"":""raw_codeword_specific_composite""},{""end_offset"":33,""start_offset"":33,""state"":""pure_Q""},{""end_offset"":62,""start_offset"":45,""state"":""raw_codeword_specific_composite""},{""end_offset"":256,""start_offset"":85,""state"":""pure_Y""}]"
653,q_y_p,2,Y,Y,final_hidden,True,117,128,True,85,117,True,85,117,True,85,117,-32,-32,256,Q,Y,0000111111110000111100000000111100001111111100001111000000001111,Y,"[{""end_offset"":9,""start_offset"":0,""state"":""pure_Q""},{""end_offset"":24,""start_offset"":13,""state"":""raw_codeword_specific_composite""},{""end_offset"":33,""start_offset"":33,""state"":""pure_Q""},{""end_offset"":62,""start_offset"":45,""state"":""raw_codeword_specific_composite""},{""end_offset"":256,""start_offset"":85,""state"":""pure_Y""}]"
653,q_y_p,3,P,P,first_hidden,True,0,1,True,24,33,True,24,33,True,24,33,24,24,256,Y,P,0000000000000000000000000000000011111111111111111111111111111111,P,"[{""end_offset"":9,""start_offset"":0,""state"":""pure_Y""},{""end_offset"":17,""start_offset"":13,""state"":""raw_codeword_specific_composite""},{""end_offset"":256,""start_offset"":24,""state"":""pure_P""}]"
653,q_y_p,3,P,P,final_hidden,True,0,1,True,24,33,True,24,33,True,24,33,24,24,256,Y,P,0000000000000000000000000000000011111111111111111111111111111111,P,"[{""end_offset"":9,""start_offset"":0,""state"":""pure_Y""},{""end_offset"":17,""start_offset"":13,""state"":""raw_codeword_specific_composite""},{""end_offset"":256,""start_offset"":24,""state"":""pure_P""}]"
653,q_y_p,3,P,Q,first_hidden,True,0,1,False,,,False,,,False,,,,,256,Y,P,0000000000000000000000000000000011111111111111111111111111111111,P,"[{""end_offset"":9,""start_offset"":0,""state"":""pure_Y""},{""end_offset"":17,""start_offset"":13,""state"":""raw_codeword_specific_composite""},{""end_offset"":256,""start_offset"":24,""state"":""pure_P""}]"
653,q_y_p,3,P,Q,final_hidden,True,7,9,False,,,False,,,False,,,,,256,Y,P,0000000000000000000000000000000011111111111111111111111111111111,P,"[{""end_offset"":9,""start_offset"":0,""state"":""pure_Y""},{""end_offset"":17,""start_offset"":13,""state"":""raw_codeword_specific_composite""},{""end_offset"":256,""start_offset"":24,""state"":""pure_P""}]"
653,q_y_p,3,P,Y,first_hidden,True,0,1,True,0,1,True,0,1,True,0,1,0,0,256,Y,P,0000000000000000000000000000000011111111111111111111111111111111,P,"[{""end_offset"":9,""start_offset"":0,""state"":""pure_Y""},{""end_offset"":17,""start_offset"":13,""state"":""raw_codeword_specific_composite""},{""end_offset"":256,""start_offset"":24,""state"":""pure_P""}]"
653,q_y_p,3,P,Y,final_hidden,True,0,1,True,0,1,True,0,1,True,0,1,0,0,256,Y,P,0000000000000000000000000000000011111111111111111111111111111111,P,"[{""end_offset"":9,""start_offset"":0,""state"":""pure_Y""},{""end_offset"":17,""start_offset"":13,""state"":""raw_codeword_specific_composite""},{""end_offset"":256,""start_offset"":24,""state"":""pure_P""}]"
653,y_p_q,1,Y,P,first_hidden,True,0,1,False,,,False,,,False,,,,,256,,Y,0000111111110000111100000000111100001111111100001111000000001111,Y,"[{""end_offset"":9,""start_offset"":0,""state"":""raw_codeword_specific_composite""},{""end_offset"":256,""start_offset"":13,""state"":""pure_Y""}]"
653,y_p_q,1,Y,P,final_hidden,True,0,1,False,,,False,,,False,,,,,256,,Y,0000111111110000111100000000111100001111111100001111000000001111,Y,"[{""end_offset"":9,""start_offset"":0,""state"":""raw_codeword_specific_composite""},{""end_offset"":256,""start_offset"":13,""state"":""pure_Y""}]"
653,y_p_q,1,Y,Q,first_hidden,False,,,False,,,False,,,False,,,,,256,,Y,0000111111110000111100000000111100001111111100001111000000001111,Y,"[{""end_offset"":9,""start_offset"":0,""state"":""raw_codeword_specific_composite""},{""end_offset"":256,""start_offset"":13,""state"":""pure_Y""}]"
653,y_p_q,1,Y,Q,final_hidden,False,,,False,,,False,,,False,,,,,256,,Y,0000111111110000111100000000111100001111111100001111000000001111,Y,"[{""end_offset"":9,""start_offset"":0,""state"":""raw_codeword_specific_composite""},{""end_offset"":256,""start_offset"":13,""state"":""pure_Y""}]"
653,y_p_q,1,Y,Y,first_hidden,True,33,45,True,13,17,True,13,17,True,13,17,-20,-20,256,,Y,0000111111110000111100000000111100001111111100001111000000001111,Y,"[{""end_offset"":9,""start_offset"":0,""state"":""raw_codeword_specific_composite""},{""end_offset"":256,""start_offset"":13,""state"":""pure_Y""}]"
653,y_p_q,1,Y,Y,final_hidden,True,17,24,True,13,17,True,13,17,True,13,17,-4,-4,256,,Y,0000111111110000111100000000111100001111111100001111000000001111,Y,"[{""end_offset"":9,""start_offset"":0,""state"":""raw_codeword_specific_composite""},{""end_offset"":256,""start_offset"":13,""state"":""pure_Y""}]"
653,y_p_q,2,P,P,first_hidden,True,0,1,True,33,45,True,33,45,True,33,45,33,33,256,Y,P,0000000000000000000000000000000011111111111111111111111111111111,P,"[{""end_offset"":9,""start_offset"":0,""state"":""pure_Y""},{""end_offset"":24,""start_offset"":13,""state"":""raw_codeword_specific_composite""},{""end_offset"":256,""start_offset"":33,""state"":""pure_P""}]"
653,y_p_q,2,P,P,final_hidden,True,0,1,True,33,45,True,33,45,True,33,45,33,33,256,Y,P,0000000000000000000000000000000011111111111111111111111111111111,P,"[{""end_offset"":9,""start_offset"":0,""state"":""pure_Y""},{""end_offset"":24,""start_offset"":13,""state"":""raw_codeword_specific_composite""},{""end_offset"":256,""start_offset"":33,""state"":""pure_P""}]"
653,y_p_q,2,P,Q,first_hidden,False,,,False,,,False,,,False,,,,,256,Y,P,0000000000000000000000000000000011111111111111111111111111111111,P,"[{""end_offset"":9,""start_offset"":0,""state"":""pure_Y""},{""end_offset"":24,""start_offset"":13,""state"":""raw_codeword_specific_composite""},{""end_offset"":256,""start_offset"":33,""state"":""pure_P""}]"
653,y_p_q,2,P,Q,final_hidden,False,,,False,,,False,,,False,,,,,256,Y,P,0000000000000000000000000000000011111111111111111111111111111111,P,"[{""end_offset"":9,""start_offset"":0,""state"":""pure_Y""},{""end_offset"":24,""start_offset"":13,""state"":""raw_codeword_specific_composite""},{""end_offset"":256,""start_offset"":33,""state"":""pure_P""}]"
653,y_p_q,2,P,Y,first_hidden,True,0,1,True,0,1,True,0,1,True,0,1,0,0,256,Y,P,0000000000000000000000000000000011111111111111111111111111111111,P,"[{""end_offset"":9,""start_offset"":0,""state"":""pure_Y""},{""end_offset"":24,""start_offset"":13,""state"":""raw_codeword_specific_composite""},{""end_offset"":256,""start_offset"":33,""state"":""pure_P""}]"
653,y_p_q,2,P,Y,final_hidden,True,0,1,True,0,1,True,0,1,True,0,1,0,0,256,Y,P,0000000000000000000000000000000011111111111111111111111111111111,P,"[{""end_offset"":9,""start_offset"":0,""state"":""pure_Y""},{""end_offset"":24,""start_offset"":13,""state"":""raw_codeword_specific_composite""},{""end_offset"":256,""start_offset"":33,""state"":""pure_P""}]"
653,y_p_q,3,Q,P,first_hidden,True,0,1,True,0,1,True,0,1,True,0,1,0,0,256,P,Q,1001100110011001100110011001100110011001100110011001100110011001,Q,"[{""end_offset"":33,""start_offset"":0,""state"":""pure_P""},{""end_offset"":45,""start_offset"":45,""state"":""raw_codeword_specific_composite""},{""end_offset"":256,""start_offset"":62,""state"":""pure_Q""}]"
653,y_p_q,3,Q,P,final_hidden,True,0,1,True,0,1,True,0,1,True,0,1,0,0,256,P,Q,1001100110011001100110011001100110011001100110011001100110011001,Q,"[{""end_offset"":33,""start_offset"":0,""state"":""pure_P""},{""end_offset"":45,""start_offset"":45,""state"":""raw_codeword_specific_composite""},{""end_offset"":256,""start_offset"":62,""state"":""pure_Q""}]"
653,y_p_q,3,Q,Q,first_hidden,True,117,128,True,62,85,True,62,85,True,62,85,-55,-55,256,P,Q,1001100110011001100110011001100110011001100110011001100110011001,Q,"[{""end_offset"":33,""start_offset"":0,""state"":""pure_P""},{""end_offset"":45,""start_offset"":45,""state"":""raw_codeword_specific_composite""},{""end_offset"":256,""start_offset"":62,""state"":""pure_Q""}]"
653,y_p_q,3,Q,Q,final_hidden,True,117,128,True,62,85,True,62,85,True,62,85,-55,-55,256,P,Q,1001100110011001100110011001100110011001100110011001100110011001,Q,"[{""end_offset"":33,""start_offset"":0,""state"":""pure_P""},{""end_offset"":45,""start_offset"":45,""state"":""raw_codeword_specific_composite""},{""end_offset"":256,""start_offset"":62,""state"":""pure_Q""}]"
653,y_p_q,3,Q,Y,first_hidden,True,0,1,False,,,False,,,False,,,,,256,P,Q,1001100110011001100110011001100110011001100110011001100110011001,Q,"[{""end_offset"":33,""start_offset"":0,""state"":""pure_P""},{""end_offset"":45,""start_offset"":45,""state"":""raw_codeword_specific_composite""},{""end_offset"":256,""start_offset"":62,""state"":""pure_Q""}]"
653,y_p_q,3,Q,Y,final_hidden,True,0,1,False,,,False,,,False,,,,,256,P,Q,1001100110011001100110011001100110011001100110011001100110011001,Q,"[{""end_offset"":33,""start_offset"":0,""state"":""pure_P""},{""end_offset"":45,""start_offset"":45,""state"":""raw_codeword_specific_composite""},{""end_offset"":256,""start_offset"":62,""state"":""pure_Q""}]"
653,y_q_p,1,Y,P,first_hidden,True,0,1,False,,,False,,,False,,,,,256,,Y,0000111111110000111100000000111100001111111100001111000000001111,Y,"[{""end_offset"":9,""start_offset"":0,""state"":""raw_codeword_specific_composite""},{""end_offset"":256,""start_offset"":13,""state"":""pure_Y""}]"
653,y_q_p,1,Y,P,final_hidden,True,0,1,False,,,False,,,False,,,,,256,,Y,0000111111110000111100000000111100001111111100001111000000001111,Y,"[{""end_offset"":9,""start_offset"":0,""state"":""raw_codeword_specific_composite""},{""end_offset"":256,""start_offset"":13,""state"":""pure_Y""}]"
653,y_q_p,1,Y,Q,first_hidden,False,,,False,,,False,,,False,,,,,256,,Y,0000111111110000111100000000111100001111111100001111000000001111,Y,"[{""end_offset"":9,""start_offset"":0,""state"":""raw_codeword_specific_composite""},{""end_offset"":256,""start_offset"":13,""state"":""pure_Y""}]"
653,y_q_p,1,Y,Q,final_hidden,False,,,False,,,False,,,False,,,,,256,,Y,0000111111110000111100000000111100001111111100001111000000001111,Y,"[{""end_offset"":9,""start_offset"":0,""state"":""raw_codeword_specific_composite""},{""end_offset"":256,""start_offset"":13,""state"":""pure_Y""}]"
653,y_q_p,1,Y,Y,first_hidden,True,33,45,True,13,17,True,13,17,True,13,17,-20,-20,256,,Y,0000111111110000111100000000111100001111111100001111000000001111,Y,"[{""end_offset"":9,""start_offset"":0,""state"":""raw_codeword_specific_composite""},{""end_offset"":256,""start_offset"":13,""state"":""pure_Y""}]"
653,y_q_p,1,Y,Y,final_hidden,True,17,24,True,13,17,True,13,17,True,13,17,-4,-4,256,,Y,0000111111110000111100000000111100001111111100001111000000001111,Y,"[{""end_offset"":9,""start_offset"":0,""state"":""raw_codeword_specific_composite""},{""end_offset"":256,""start_offset"":13,""state"":""pure_Y""}]"
653,y_q_p,2,Q,P,first_hidden,True,0,1,False,,,False,,,False,,,,,256,Y,Q,1001100110011001100110011001100110011001100110011001100110011001,Q,"[{""end_offset"":13,""start_offset"":0,""state"":""pure_Y""},{""end_offset"":45,""start_offset"":17,""state"":""raw_codeword_specific_composite""},{""end_offset"":256,""start_offset"":62,""state"":""pure_Q""}]"
653,y_q_p,2,Q,P,final_hidden,True,0,1,False,,,False,,,False,,,,,256,Y,Q,1001100110011001100110011001100110011001100110011001100110011001,Q,"[{""end_offset"":13,""start_offset"":0,""state"":""pure_Y""},{""end_offset"":45,""start_offset"":17,""state"":""raw_codeword_specific_composite""},{""end_offset"":256,""start_offset"":62,""state"":""pure_Q""}]"
653,y_q_p,2,Q,Q,first_hidden,True,85,117,True,62,85,True,62,85,True,62,85,-23,-23,256,Y,Q,1001100110011001100110011001100110011001100110011001100110011001,Q,"[{""end_offset"":13,""start_offset"":0,""state"":""pure_Y""},{""end_offset"":45,""start_offset"":17,""state"":""raw_codeword_specific_composite""},{""end_offset"":256,""start_offset"":62,""state"":""pure_Q""}]"
653,y_q_p,2,Q,Q,final_hidden,True,62,85,True,62,85,True,62,85,True,62,85,0,0,256,Y,Q,1001100110011001100110011001100110011001100110011001100110011001,Q,"[{""end_offset"":13,""start_offset"":0,""state"":""pure_Y""},{""end_offset"":45,""start_offset"":17,""state"":""raw_codeword_specific_composite""},{""end_offset"":256,""start_offset"":62,""state"":""pure_Q""}]"
653,y_q_p,2,Q,Y,first_hidden,True,0,1,True,0,1,True,0,1,True,0,1,0,0,256,Y,Q,1001100110011001100110011001100110011001100110011001100110011001,Q,"[{""end_offset"":13,""start_offset"":0,""state"":""pure_Y""},{""end_offset"":45,""start_offset"":17,""state"":""raw_codeword_specific_composite""},{""end_offset"":256,""start_offset"":62,""state"":""pure_Q""}]"
653,y_q_p,2,Q,Y,final_hidden,True,0,1,True,0,1,True,0,1,True,0,1,0,0,256,Y,Q,1001100110011001100110011001100110011001100110011001100110011001,Q,"[{""end_offset"":13,""start_offset"":0,""state"":""pure_Y""},{""end_offset"":45,""start_offset"":17,""state"":""raw_codeword_specific_composite""},{""end_offset"":256,""start_offset"":62,""state"":""pure_Q""}]"
653,y_q_p,3,P,P,first_hidden,True,0,1,True,33,45,True,33,45,True,33,45,33,33,256,Q,P,0000000000000000000000000000000011111111111111111111111111111111,P,"[{""end_offset"":17,""start_offset"":0,""state"":""pure_Q""},{""end_offset"":24,""start_offset"":24,""state"":""raw_codeword_specific_composite""},{""end_offset"":256,""start_offset"":33,""state"":""pure_P""}]"
653,y_q_p,3,P,P,final_hidden,True,33,45,True,33,45,True,33,45,True,33,45,0,0,256,Q,P,0000000000000000000000000000000011111111111111111111111111111111,P,"[{""end_offset"":17,""start_offset"":0,""state"":""pure_Q""},{""end_offset"":24,""start_offset"":24,""state"":""raw_codeword_specific_composite""},{""end_offset"":256,""start_offset"":33,""state"":""pure_P""}]"
653,y_q_p,3,P,Q,first_hidden,True,0,1,True,0,1,True,0,1,True,0,1,0,0,256,Q,P,0000000000000000000000000000000011111111111111111111111111111111,P,"[{""end_offset"":17,""start_offset"":0,""state"":""pure_Q""},{""end_offset"":24,""start_offset"":24,""state"":""raw_codeword_specific_composite""},{""end_offset"":256,""start_offset"":33,""state"":""pure_P""}]"
653,y_q_p,3,P,Q,final_hidden,True,0,1,True,0,1,True,0,1,True,0,1,0,0,256,Q,P,0000000000000000000000000000000011111111111111111111111111111111,P,"[{""end_offset"":17,""start_offset"":0,""state"":""pure_Q""},{""end_offset"":24,""start_offset"":24,""state"":""raw_codeword_specific_composite""},{""end_offset"":256,""start_offset"":33,""state"":""pure_P""}]"
653,y_q_p,3,P,Y,first_hidden,False,,,False,,,False,,,False,,,,,256,Q,P,0000000000000000000000000000000011111111111111111111111111111111,P,"[{""end_offset"":17,""start_offset"":0,""state"":""pure_Q""},{""end_offset"":24,""start_offset"":24,""state"":""raw_codeword_specific_composite""},{""end_offset"":256,""start_offset"":33,""state"":""pure_P""}]"
653,y_q_p,3,P,Y,final_hidden,False,,,False,,,False,,,False,,,,,256,Q,P,0000000000000000000000000000000011111111111111111111111111111111,P,"[{""end_offset"":17,""start_offset"":0,""state"":""pure_Q""},{""end_offset"":24,""start_offset"":24,""state"":""raw_codeword_specific_composite""},{""end_offset"":256,""start_offset"":33,""state"":""pure_P""}]"
659,p_q_y,1,P,P,first_hidden,True,0,1,True,3,4,True,3,4,True,3,4,3,3,256,,P,0000000000000000000000000000000011111111111111111111111111111111,P,"[{""end_offset"":2,""start_offset"":0,""state"":""raw_codeword_specific_composite""},{""end_offset"":256,""start_offset"":3,""state"":""pure_P""}]"
659,p_q_y,1,P,P,final_hidden,True,0,1,True,3,4,True,3,4,True,3,4,3,3,256,,P,0000000000000000000000000000000011111111111111111111111111111111,P,"[{""end_offset"":2,""start_offset"":0,""state"":""raw_codeword_specific_composite""},{""end_offset"":256,""start_offset"":3,""state"":""pure_P""}]"
659,p_q_y,1,P,Q,first_hidden,True,0,1,False,,,False,,,False,,,,,256,,P,0000000000000000000000000000000011111111111111111111111111111111,P,"[{""end_offset"":2,""start_offset"":0,""state"":""raw_codeword_specific_composite""},{""end_offset"":256,""start_offset"":3,""state"":""pure_P""}]"
659,p_q_y,1,P,Q,final_hidden,True,17,24,False,,,False,,,False,,,,,256,,P,0000000000000000000000000000000011111111111111111111111111111111,P,"[{""end_offset"":2,""start_offset"":0,""state"":""raw_codeword_specific_composite""},{""end_offset"":256,""start_offset"":3,""state"":""pure_P""}]"
659,p_q_y,1,P,Y,first_hidden,False,,,False,,,False,,,False,,,,,256,,P,0000000000000000000000000000000011111111111111111111111111111111,P,"[{""end_offset"":2,""start_offset"":0,""state"":""raw_codeword_specific_composite""},{""end_offset"":256,""start_offset"":3,""state"":""pure_P""}]"
659,p_q_y,1,P,Y,final_hidden,False,,,False,,,False,,,False,,,,,256,,P,0000000000000000000000000000000011111111111111111111111111111111,P,"[{""end_offset"":2,""start_offset"":0,""state"":""raw_codeword_specific_composite""},{""end_offset"":256,""start_offset"":3,""state"":""pure_P""}]"
659,p_q_y,2,Q,P,first_hidden,True,0,1,True,0,1,True,0,1,True,0,1,0,0,256,P,Q,1001100110011001100110011001100110011001100110011001100110011001,Q,"[{""end_offset"":24,""start_offset"":0,""state"":""pure_P""},{""end_offset"":256,""start_offset"":33,""state"":""pure_Q""}]"
659,p_q_y,2,Q,P,final_hidden,True,0,1,True,0,1,True,0,1,True,0,1,0,0,256,P,Q,1001100110011001100110011001100110011001100110011001100110011001,Q,"[{""end_offset"":24,""start_offset"":0,""state"":""pure_P""},{""end_offset"":256,""start_offset"":33,""state"":""pure_Q""}]"
659,p_q_y,2,Q,Q,first_hidden,True,9,13,True,33,45,True,33,45,True,33,45,24,24,256,P,Q,1001100110011001100110011001100110011001100110011001100110011001,Q,"[{""end_offset"":24,""start_offset"":0,""state"":""pure_P""},{""end_offset"":256,""start_offset"":33,""state"":""pure_Q""}]"
659,p_q_y,2,Q,Q,final_hidden,True,33,45,True,33,45,True,33,45,True,33,45,0,0,256,P,Q,1001100110011001100110011001100110011001100110011001100110011001,Q,"[{""end_offset"":24,""start_offset"":0,""state"":""pure_P""},{""end_offset"":256,""start_offset"":33,""state"":""pure_Q""}]"
659,p_q_y,2,Q,Y,first_hidden,False,,,False,,,False,,,False,,,,,256,P,Q,1001100110011001100110011001100110011001100110011001100110011001,Q,"[{""end_offset"":24,""start_offset"":0,""state"":""pure_P""},{""end_offset"":256,""start_offset"":33,""state"":""pure_Q""}]"
659,p_q_y,2,Q,Y,final_hidden,False,,,False,,,False,,,False,,,,,256,P,Q,1001100110011001100110011001100110011001100110011001100110011001,Q,"[{""end_offset"":24,""start_offset"":0,""state"":""pure_P""},{""end_offset"":256,""start_offset"":33,""state"":""pure_Q""}]"
659,p_q_y,3,Y,P,first_hidden,True,0,1,False,,,False,,,False,,,,,256,Q,Y,0000111111110000111100000000111100001111111100001111000000001111,Y,"[{""end_offset"":17,""start_offset"":0,""state"":""pure_Q""},{""end_offset"":85,""start_offset"":24,""state"":""raw_codeword_specific_composite""},{""end_offset"":256,""start_offset"":117,""state"":""pure_Y""}]"
659,p_q_y,3,Y,P,final_hidden,True,0,1,False,,,False,,,False,,,,,256,Q,Y,0000111111110000111100000000111100001111111100001111000000001111,Y,"[{""end_offset"":17,""start_offset"":0,""state"":""pure_Q""},{""end_offset"":85,""start_offset"":24,""state"":""raw_codeword_specific_composite""},{""end_offset"":256,""start_offset"":117,""state"":""pure_Y""}]"
659,p_q_y,3,Y,Q,first_hidden,True,0,1,True,0,1,True,0,1,True,0,1,0,0,256,Q,Y,0000111111110000111100000000111100001111111100001111000000001111,Y,"[{""end_offset"":17,""start_offset"":0,""state"":""pure_Q""},{""end_offset"":85,""start_offset"":24,""state"":""raw_codeword_specific_composite""},{""end_offset"":256,""start_offset"":117,""state"":""pure_Y""}]"
659,p_q_y,3,Y,Q,final_hidden,True,0,1,True,0,1,True,0,1,True,0,1,0,0,256,Q,Y,0000111111110000111100000000111100001111111100001111000000001111,Y,"[{""end_offset"":17,""start_offset"":0,""state"":""pure_Q""},{""end_offset"":85,""start_offset"":24,""state"":""raw_codeword_specific_composite""},{""end_offset"":256,""start_offset"":117,""state"":""pure_Y""}]"
659,p_q_y,3,Y,Y,first_hidden,True,117,128,True,117,128,True,117,128,True,117,128,0,0,256,Q,Y,0000111111110000111100000000111100001111111100001111000000001111,Y,"[{""end_offset"":17,""start_offset"":0,""state"":""pure_Q""},{""end_offset"":85,""start_offset"":24,""state"":""raw_codeword_specific_composite""},{""end_offset"":256,""start_offset"":117,""state"":""pure_Y""}]"
659,p_q_y,3,Y,Y,final_hidden,True,128,161,True,117,128,True,117,128,True,117,128,-11,-11,256,Q,Y,0000111111110000111100000000111100001111111100001111000000001111,Y,"[{""end_offset"":17,""start_offset"":0,""state"":""pure_Q""},{""end_offset"":85,""start_offset"":24,""state"":""raw_codeword_specific_composite""},{""end_offset"":256,""start_offset"":117,""state"":""pure_Y""}]"
659,p_y_q,1,P,P,first_hidden,True,0,1,True,3,4,True,3,4,True,3,4,3,3,256,,P,0000000000000000000000000000000011111111111111111111111111111111,P,"[{""end_offset"":2,""start_offset"":0,""state"":""raw_codeword_specific_composite""},{""end_offset"":256,""start_offset"":3,""state"":""pure_P""}]"
659,p_y_q,1,P,P,final_hidden,True,0,1,True,3,4,True,3,4,True,3,4,3,3,256,,P,0000000000000000000000000000000011111111111111111111111111111111,P,"[{""end_offset"":2,""start_offset"":0,""state"":""raw_codeword_specific_composite""},{""end_offset"":256,""start_offset"":3,""state"":""pure_P""}]"
659,p_y_q,1,P,Q,first_hidden,True,0,1,False,,,False,,,False,,,,,256,,P,0000000000000000000000000000000011111111111111111111111111111111,P,"[{""end_offset"":2,""start_offset"":0,""state"":""raw_codeword_specific_composite""},{""end_offset"":256,""start_offset"":3,""state"":""pure_P""}]"
659,p_y_q,1,P,Q,final_hidden,True,17,24,False,,,False,,,False,,,,,256,,P,0000000000000000000000000000000011111111111111111111111111111111,P,"[{""end_offset"":2,""start_offset"":0,""state"":""raw_codeword_specific_composite""},{""end_offset"":256,""start_offset"":3,""state"":""pure_P""}]"
659,p_y_q,1,P,Y,first_hidden,False,,,False,,,False,,,False,,,,,256,,P,0000000000000000000000000000000011111111111111111111111111111111,P,"[{""end_offset"":2,""start_offset"":0,""state"":""raw_codeword_specific_composite""},{""end_offset"":256,""start_offset"":3,""state"":""pure_P""}]"
659,p_y_q,1,P,Y,final_hidden,False,,,False,,,False,,,False,,,,,256,,P,0000000000000000000000000000000011111111111111111111111111111111,P,"[{""end_offset"":2,""start_offset"":0,""state"":""raw_codeword_specific_composite""},{""end_offset"":256,""start_offset"":3,""state"":""pure_P""}]"
659,p_y_q,2,Y,P,first_hidden,True,0,1,True,0,1,True,0,1,True,0,1,0,0,256,P,Y,0000111111110000111100000000111100001111111100001111000000001111,Y,"[{""end_offset"":24,""start_offset"":0,""state"":""pure_P""},{""end_offset"":33,""start_offset"":33,""state"":""other_candidate_tuple_consistent""},{""end_offset"":62,""start_offset"":45,""state"":""raw_codeword_specific_composite""},{""end_offset"":256,""start_offset"":85,""state"":""pure_Y""}]"
659,p_y_q,2,Y,P,final_hidden,True,0,1,True,0,1,True,0,1,True,0,1,0,0,256,P,Y,0000111111110000111100000000111100001111111100001111000000001111,Y,"[{""end_offset"":24,""start_offset"":0,""state"":""pure_P""},{""end_offset"":33,""start_offset"":33,""state"":""other_candidate_tuple_consistent""},{""end_offset"":62,""start_offset"":45,""state"":""raw_codeword_specific_composite""},{""end_offset"":256,""start_offset"":85,""state"":""pure_Y""}]"
659,p_y_q,2,Y,Q,first_hidden,True,7,9,False,,,False,,,False,,,,,256,P,Y,0000111111110000111100000000111100001111111100001111000000001111,Y,"[{""end_offset"":24,""start_offset"":0,""state"":""pure_P""},{""end_offset"":33,""start_offset"":33,""state"":""other_candidate_tuple_consistent""},{""end_offset"":62,""start_offset"":45,""state"":""raw_codeword_specific_composite""},{""end_offset"":256,""start_offset"":85,""state"":""pure_Y""}]"
659,p_y_q,2,Y,Q,final_hidden,False,,,False,,,False,,,False,,,,,256,P,Y,0000111111110000111100000000111100001111111100001111000000001111,Y,"[{""end_offset"":24,""start_offset"":0,""state"":""pure_P""},{""end_offset"":33,""start_offset"":33,""state"":""other_candidate_tuple_consistent""},{""end_offset"":62,""start_offset"":45,""state"":""raw_codeword_specific_composite""},{""end_offset"":256,""start_offset"":85,""state"":""pure_Y""}]"
659,p_y_q,2,Y,Y,first_hidden,True,85,117,True,85,117,True,85,117,True,85,117,0,0,256,P,Y,0000111111110000111100000000111100001111111100001111000000001111,Y,"[{""end_offset"":24,""start_offset"":0,""state"":""pure_P""},{""end_offset"":33,""start_offset"":33,""state"":""other_candidate_tuple_consistent""},{""end_offset"":62,""start_offset"":45,""state"":""raw_codeword_specific_composite""},{""end_offset"":256,""start_offset"":85,""state"":""pure_Y""}]"
659,p_y_q,2,Y,Y,final_hidden,True,85,117,True,85,117,True,85,117,True,85,117,0,0,256,P,Y,0000111111110000111100000000111100001111111100001111000000001111,Y,"[{""end_offset"":24,""start_offset"":0,""state"":""pure_P""},{""end_offset"":33,""start_offset"":33,""state"":""other_candidate_tuple_consistent""},{""end_offset"":62,""start_offset"":45,""state"":""raw_codeword_specific_composite""},{""end_offset"":256,""start_offset"":85,""state"":""pure_Y""}]"
659,p_y_q,3,Q,P,first_hidden,True,0,1,False,,,False,,,False,,,,,256,Y,Q,1001100110011001100110011001100110011001100110011001100110011001,Q,"[{""end_offset"":17,""start_offset"":0,""state"":""pure_Y""},{""end_offset"":45,""start_offset"":24,""state"":""raw_codeword_specific_composite""},{""end_offset"":256,""start_offset"":62,""state"":""pure_Q""}]"
659,p_y_q,3,Q,P,final_hidden,True,0,1,False,,,False,,,False,,,,,256,Y,Q,1001100110011001100110011001100110011001100110011001100110011001,Q,"[{""end_offset"":17,""start_offset"":0,""state"":""pure_Y""},{""end_offset"":45,""start_offset"":24,""state"":""raw_codeword_specific_composite""},{""end_offset"":256,""start_offset"":62,""state"":""pure_Q""}]"
659,p_y_q,3,Q,Q,first_hidden,True,33,45,True,62,85,True,62,85,True,62,85,29,29,256,Y,Q,1001100110011001100110011001100110011001100110011001100110011001,Q,"[{""end_offset"":17,""start_offset"":0,""state"":""pure_Y""},{""end_offset"":45,""start_offset"":24,""state"":""raw_codeword_specific_composite""},{""end_offset"":256,""start_offset"":62,""state"":""pure_Q""}]"
659,p_y_q,3,Q,Q,final_hidden,True,62,85,True,62,85,True,62,85,True,62,85,0,0,256,Y,Q,1001100110011001100110011001100110011001100110011001100110011001,Q,"[{""end_offset"":17,""start_offset"":0,""state"":""pure_Y""},{""end_offset"":45,""start_offset"":24,""state"":""raw_codeword_specific_composite""},{""end_offset"":256,""start_offset"":62,""state"":""pure_Q""}]"
659,p_y_q,3,Q,Y,first_hidden,True,0,1,True,0,1,True,0,1,True,0,1,0,0,256,Y,Q,1001100110011001100110011001100110011001100110011001100110011001,Q,"[{""end_offset"":17,""start_offset"":0,""state"":""pure_Y""},{""end_offset"":45,""start_offset"":24,""state"":""raw_codeword_specific_composite""},{""end_offset"":256,""start_offset"":62,""state"":""pure_Q""}]"
659,p_y_q,3,Q,Y,final_hidden,True,0,1,True,0,1,True,0,1,True,0,1,0,0,256,Y,Q,1001100110011001100110011001100110011001100110011001100110011001,Q,"[{""end_offset"":17,""start_offset"":0,""state"":""pure_Y""},{""end_offset"":45,""start_offset"":24,""state"":""raw_codeword_specific_composite""},{""end_offset"":256,""start_offset"":62,""state"":""pure_Q""}]"
659,q_p_y,1,Q,P,first_hidden,True,0,1,False,,,False,,,False,,,,,256,,Q,1001100110011001100110011001100110011001100110011001100110011001,Q,"[{""end_offset"":5,""start_offset"":0,""state"":""raw_codeword_specific_composite""},{""end_offset"":256,""start_offset"":7,""state"":""pure_Q""}]"
659,q_p_y,1,Q,P,final_hidden,True,0,1,False,,,False,,,False,,,,,256,,Q,1001100110011001100110011001100110011001100110011001100110011001,Q,"[{""end_offset"":5,""start_offset"":0,""state"":""raw_codeword_specific_composite""},{""end_offset"":256,""start_offset"":7,""state"":""pure_Q""}]"
659,q_p_y,1,Q,Q,first_hidden,True,0,1,True,7,9,True,7,9,True,7,9,7,7,256,,Q,1001100110011001100110011001100110011001100110011001100110011001,Q,"[{""end_offset"":5,""start_offset"":0,""state"":""raw_codeword_specific_composite""},{""end_offset"":256,""start_offset"":7,""state"":""pure_Q""}]"
659,q_p_y,1,Q,Q,final_hidden,True,3,4,True,7,9,True,7,9,True,7,9,4,4,256,,Q,1001100110011001100110011001100110011001100110011001100110011001,Q,"[{""end_offset"":5,""start_offset"":0,""state"":""raw_codeword_specific_composite""},{""end_offset"":256,""start_offset"":7,""state"":""pure_Q""}]"
659,q_p_y,1,Q,Y,first_hidden,False,,,False,,,False,,,False,,,,,256,,Q,1001100110011001100110011001100110011001100110011001100110011001,Q,"[{""end_offset"":5,""start_offset"":0,""state"":""raw_codeword_specific_composite""},{""end_offset"":256,""start_offset"":7,""state"":""pure_Q""}]"
659,q_p_y,1,Q,Y,final_hidden,False,,,False,,,False,,,False,,,,,256,,Q,1001100110011001100110011001100110011001100110011001100110011001,Q,"[{""end_offset"":5,""start_offset"":0,""state"":""raw_codeword_specific_composite""},{""end_offset"":256,""start_offset"":7,""state"":""pure_Q""}]"
659,q_p_y,2,P,P,first_hidden,True,0,1,True,24,33,True,24,33,True,24,33,24,24,256,Q,P,0000000000000000000000000000000011111111111111111111111111111111,P,"[{""end_offset"":13,""start_offset"":0,""state"":""pure_Q""},{""end_offset"":17,""start_offset"":17,""state"":""raw_codeword_specific_composite""},{""end_offset"":256,""start_offset"":24,""state"":""pure_P""}]"
659,q_p_y,2,P,P,final_hidden,True,0,1,True,24,33,True,24,33,True,24,33,24,24,256,Q,P,0000000000000000000000000000000011111111111111111111111111111111,P,"[{""end_offset"":13,""start_offset"":0,""state"":""pure_Q""},{""end_offset"":17,""start_offset"":17,""state"":""raw_codeword_specific_composite""},{""end_offset"":256,""start_offset"":24,""state"":""pure_P""}]"
659,q_p_y,2,P,Q,first_hidden,True,0,1,True,0,1,True,0,1,True,0,1,0,0,256,Q,P,0000000000000000000000000000000011111111111111111111111111111111,P,"[{""end_offset"":13,""start_offset"":0,""state"":""pure_Q""},{""end_offset"":17,""start_offset"":17,""state"":""raw_codeword_specific_composite""},{""end_offset"":256,""start_offset"":24,""state"":""pure_P""}]"
659,q_p_y,2,P,Q,final_hidden,True,0,1,True,0,1,True,0,1,True,0,1,0,0,256,Q,P,0000000000000000000000000000000011111111111111111111111111111111,P,"[{""end_offset"":13,""start_offset"":0,""state"":""pure_Q""},{""end_offset"":17,""start_offset"":17,""state"":""raw_codeword_specific_composite""},{""end_offset"":256,""start_offset"":24,""state"":""pure_P""}]"
659,q_p_y,2,P,Y,first_hidden,False,,,False,,,False,,,False,,,,,256,Q,P,0000000000000000000000000000000011111111111111111111111111111111,P,"[{""end_offset"":13,""start_offset"":0,""state"":""pure_Q""},{""end_offset"":17,""start_offset"":17,""state"":""raw_codeword_specific_composite""},{""end_offset"":256,""start_offset"":24,""state"":""pure_P""}]"
659,q_p_y,2,P,Y,final_hidden,False,,,False,,,False,,,False,,,,,256,Q,P,0000000000000000000000000000000011111111111111111111111111111111,P,"[{""end_offset"":13,""start_offset"":0,""state"":""pure_Q""},{""end_offset"":17,""start_offset"":17,""state"":""raw_codeword_specific_composite""},{""end_offset"":256,""start_offset"":24,""state"":""pure_P""}]"
659,q_p_y,3,Y,P,first_hidden,True,0,1,True,0,1,True,0,1,True,0,1,0,0,256,P,Y,0000111111110000111100000000111100001111111100001111000000001111,Y,"[{""end_offset"":17,""start_offset"":0,""state"":""pure_P""},{""end_offset"":62,""start_offset"":24,""state"":""raw_codeword_specific_composite""},{""end_offset"":256,""start_offset"":85,""state"":""pure_Y""}]"
659,q_p_y,3,Y,P,final_hidden,True,0,1,True,0,1,True,0,1,True,0,1,0,0,256,P,Y,0000111111110000111100000000111100001111111100001111000000001111,Y,"[{""end_offset"":17,""start_offset"":0,""state"":""pure_P""},{""end_offset"":62,""start_offset"":24,""state"":""raw_codeword_specific_composite""},{""end_offset"":256,""start_offset"":85,""state"":""pure_Y""}]"
659,q_p_y,3,Y,Q,first_hidden,True,0,1,False,,,False,,,False,,,,,256,P,Y,0000111111110000111100000000111100001111111100001111000000001111,Y,"[{""end_offset"":17,""start_offset"":0,""state"":""pure_P""},{""end_offset"":62,""start_offset"":24,""state"":""raw_codeword_specific_composite""},{""end_offset"":256,""start_offset"":85,""state"":""pure_Y""}]"
659,q_p_y,3,Y,Q,final_hidden,True,0,1,False,,,False,,,False,,,,,256,P,Y,0000111111110000111100000000111100001111111100001111000000001111,Y,"[{""end_offset"":17,""start_offset"":0,""state"":""pure_P""},{""end_offset"":62,""start_offset"":24,""state"":""raw_codeword_specific_composite""},{""end_offset"":256,""start_offset"":85,""state"":""pure_Y""}]"
659,q_p_y,3,Y,Y,first_hidden,True,85,117,True,85,117,True,85,117,True,85,117,0,0,256,P,Y,0000111111110000111100000000111100001111111100001111000000001111,Y,"[{""end_offset"":17,""start_offset"":0,""state"":""pure_P""},{""end_offset"":62,""start_offset"":24,""state"":""raw_codeword_specific_composite""},{""end_offset"":256,""start_offset"":85,""state"":""pure_Y""}]"
659,q_p_y,3,Y,Y,final_hidden,True,85,117,True,85,117,True,85,117,True,85,117,0,0,256,P,Y,0000111111110000111100000000111100001111111100001111000000001111,Y,"[{""end_offset"":17,""start_offset"":0,""state"":""pure_P""},{""end_offset"":62,""start_offset"":24,""state"":""raw_codeword_specific_composite""},{""end_offset"":256,""start_offset"":85,""state"":""pure_Y""}]"
659,q_y_p,1,Q,P,first_hidden,True,0,1,False,,,False,,,False,,,,,256,,Q,1001100110011001100110011001100110011001100110011001100110011001,Q,"[{""end_offset"":5,""start_offset"":0,""state"":""raw_codeword_specific_composite""},{""end_offset"":256,""start_offset"":7,""state"":""pure_Q""}]"
659,q_y_p,1,Q,P,final_hidden,True,0,1,False,,,False,,,False,,,,,256,,Q,1001100110011001100110011001100110011001100110011001100110011001,Q,"[{""end_offset"":5,""start_offset"":0,""state"":""raw_codeword_specific_composite""},{""end_offset"":256,""start_offset"":7,""state"":""pure_Q""}]"
659,q_y_p,1,Q,Q,first_hidden,True,0,1,True,7,9,True,7,9,True,7,9,7,7,256,,Q,1001100110011001100110011001100110011001100110011001100110011001,Q,"[{""end_offset"":5,""start_offset"":0,""state"":""raw_codeword_specific_composite""},{""end_offset"":256,""start_offset"":7,""state"":""pure_Q""}]"
659,q_y_p,1,Q,Q,final_hidden,True,3,4,True,7,9,True,7,9,True,7,9,4,4,256,,Q,1001100110011001100110011001100110011001100110011001100110011001,Q,"[{""end_offset"":5,""start_offset"":0,""state"":""raw_codeword_specific_composite""},{""end_offset"":256,""start_offset"":7,""state"":""pure_Q""}]"
659,q_y_p,1,Q,Y,first_hidden,False,,,False,,,False,,,False,,,,,256,,Q,1001100110011001100110011001100110011001100110011001100110011001,Q,"[{""end_offset"":5,""start_offset"":0,""state"":""raw_codeword_specific_composite""},{""end_offset"":256,""start_offset"":7,""state"":""pure_Q""}]"
659,q_y_p,1,Q,Y,final_hidden,False,,,False,,,False,,,False,,,,,256,,Q,1001100110011001100110011001100110011001100110011001100110011001,Q,"[{""end_offset"":5,""start_offset"":0,""state"":""raw_codeword_specific_composite""},{""end_offset"":256,""start_offset"":7,""state"":""pure_Q""}]"
659,q_y_p,2,Y,P,first_hidden,True,0,1,False,,,False,,,False,,,,,256,Q,Y,0000111111110000111100000000111100001111111100001111000000001111,Y,"[{""end_offset"":13,""start_offset"":0,""state"":""pure_Q""},{""end_offset"":24,""start_offset"":17,""state"":""raw_codeword_specific_composite""},{""end_offset"":33,""start_offset"":33,""state"":""pure_Q""},{""end_offset"":62,""start_offset"":45,""state"":""raw_codeword_specific_composite""},{""end_offset"":256,""start_offset"":85,""state"":""pure_Y""}]"
659,q_y_p,2,Y,P,final_hidden,True,0,1,False,,,False,,,False,,,,,256,Q,Y,0000111111110000111100000000111100001111111100001111000000001111,Y,"[{""end_offset"":13,""start_offset"":0,""state"":""pure_Q""},{""end_offset"":24,""start_offset"":17,""state"":""raw_codeword_specific_composite""},{""end_offset"":33,""start_offset"":33,""state"":""pure_Q""},{""end_offset"":62,""start_offset"":45,""state"":""raw_codeword_specific_composite""},{""end_offset"":256,""start_offset"":85,""state"":""pure_Y""}]"
659,q_y_p,2,Y,Q,first_hidden,True,0,1,True,0,1,True,0,1,True,0,1,0,0,256,Q,Y,0000111111110000111100000000111100001111111100001111000000001111,Y,"[{""end_offset"":13,""start_offset"":0,""state"":""pure_Q""},{""end_offset"":24,""start_offset"":17,""state"":""raw_codeword_specific_composite""},{""end_offset"":33,""start_offset"":33,""state"":""pure_Q""},{""end_offset"":62,""start_offset"":45,""state"":""raw_codeword_specific_composite""},{""end_offset"":256,""start_offset"":85,""state"":""pure_Y""}]"
659,q_y_p,2,Y,Q,final_hidden,True,0,1,True,0,1,True,0,1,True,0,1,0,0,256,Q,Y,0000111111110000111100000000111100001111111100001111000000001111,Y,"[{""end_offset"":13,""start_offset"":0,""state"":""pure_Q""},{""end_offset"":24,""start_offset"":17,""state"":""raw_codeword_specific_composite""},{""end_offset"":33,""start_offset"":33,""state"":""pure_Q""},{""end_offset"":62,""start_offset"":45,""state"":""raw_codeword_specific_composite""},{""end_offset"":256,""start_offset"":85,""state"":""pure_Y""}]"
659,q_y_p,2,Y,Y,first_hidden,True,117,128,True,85,117,True,85,117,True,85,117,-32,-32,256,Q,Y,0000111111110000111100000000111100001111111100001111000000001111,Y,"[{""end_offset"":13,""start_offset"":0,""state"":""pure_Q""},{""end_offset"":24,""start_offset"":17,""state"":""raw_codeword_specific_composite""},{""end_offset"":33,""start_offset"":33,""state"":""pure_Q""},{""end_offset"":62,""start_offset"":45,""state"":""raw_codeword_specific_composite""},{""end_offset"":256,""start_offset"":85,""state"":""pure_Y""}]"
659,q_y_p,2,Y,Y,final_hidden,True,117,128,True,85,117,True,85,117,True,85,117,-32,-32,256,Q,Y,0000111111110000111100000000111100001111111100001111000000001111,Y,"[{""end_offset"":13,""start_offset"":0,""state"":""pure_Q""},{""end_offset"":24,""start_offset"":17,""state"":""raw_codeword_specific_composite""},{""end_offset"":33,""start_offset"":33,""state"":""pure_Q""},{""end_offset"":62,""start_offset"":45,""state"":""raw_codeword_specific_composite""},{""end_offset"":256,""start_offset"":85,""state"":""pure_Y""}]"
659,q_y_p,3,P,P,first_hidden,True,0,1,True,24,33,True,24,33,True,24,33,24,24,256,Y,P,0000000000000000000000000000000011111111111111111111111111111111,P,"[{""end_offset"":13,""start_offset"":0,""state"":""pure_Y""},{""end_offset"":17,""start_offset"":17,""state"":""raw_codeword_specific_composite""},{""end_offset"":256,""start_offset"":24,""state"":""pure_P""}]"
659,q_y_p,3,P,P,final_hidden,True,13,17,True,24,33,True,24,33,True,24,33,11,11,256,Y,P,0000000000000000000000000000000011111111111111111111111111111111,P,"[{""end_offset"":13,""start_offset"":0,""state"":""pure_Y""},{""end_offset"":17,""start_offset"":17,""state"":""raw_codeword_specific_composite""},{""end_offset"":256,""start_offset"":24,""state"":""pure_P""}]"
659,q_y_p,3,P,Q,first_hidden,True,0,1,False,,,False,,,False,,,,,256,Y,P,0000000000000000000000000000000011111111111111111111111111111111,P,"[{""end_offset"":13,""start_offset"":0,""state"":""pure_Y""},{""end_offset"":17,""start_offset"":17,""state"":""raw_codeword_specific_composite""},{""end_offset"":256,""start_offset"":24,""state"":""pure_P""}]"
659,q_y_p,3,P,Q,final_hidden,False,,,False,,,False,,,False,,,,,256,Y,P,0000000000000000000000000000000011111111111111111111111111111111,P,"[{""end_offset"":13,""start_offset"":0,""state"":""pure_Y""},{""end_offset"":17,""start_offset"":17,""state"":""raw_codeword_specific_composite""},{""end_offset"":256,""start_offset"":24,""state"":""pure_P""}]"
659,q_y_p,3,P,Y,first_hidden,True,0,1,True,0,1,True,0,1,True,0,1,0,0,256,Y,P,0000000000000000000000000000000011111111111111111111111111111111,P,"[{""end_offset"":13,""start_offset"":0,""state"":""pure_Y""},{""end_offset"":17,""start_offset"":17,""state"":""raw_codeword_specific_composite""},{""end_offset"":256,""start_offset"":24,""state"":""pure_P""}]"
659,q_y_p,3,P,Y,final_hidden,True,0,1,True,0,1,True,0,1,True,0,1,0,0,256,Y,P,0000000000000000000000000000000011111111111111111111111111111111,P,"[{""end_offset"":13,""start_offset"":0,""state"":""pure_Y""},{""end_offset"":17,""start_offset"":17,""state"":""raw_codeword_specific_composite""},{""end_offset"":256,""start_offset"":24,""state"":""pure_P""}]"
659,y_p_q,1,Y,P,first_hidden,True,0,1,False,,,False,,,False,,,,,256,,Y,0000111111110000111100000000111100001111111100001111000000001111,Y,"[{""end_offset"":13,""start_offset"":0,""state"":""raw_codeword_specific_composite""},{""end_offset"":256,""start_offset"":17,""state"":""pure_Y""}]"
659,y_p_q,1,Y,P,final_hidden,True,0,1,False,,,False,,,False,,,,,256,,Y,0000111111110000111100000000111100001111111100001111000000001111,Y,"[{""end_offset"":13,""start_offset"":0,""state"":""raw_codeword_specific_composite""},{""end_offset"":256,""start_offset"":17,""state"":""pure_Y""}]"
659,y_p_q,1,Y,Q,first_hidden,True,0,1,False,,,False,,,False,,,,,256,,Y,0000111111110000111100000000111100001111111100001111000000001111,Y,"[{""end_offset"":13,""start_offset"":0,""state"":""raw_codeword_specific_composite""},{""end_offset"":256,""start_offset"":17,""state"":""pure_Y""}]"
659,y_p_q,1,Y,Q,final_hidden,False,,,False,,,False,,,False,,,,,256,,Y,0000111111110000111100000000111100001111111100001111000000001111,Y,"[{""end_offset"":13,""start_offset"":0,""state"":""raw_codeword_specific_composite""},{""end_offset"":256,""start_offset"":17,""state"":""pure_Y""}]"
659,y_p_q,1,Y,Y,first_hidden,True,33,45,True,17,24,True,17,24,True,17,24,-16,-16,256,,Y,0000111111110000111100000000111100001111111100001111000000001111,Y,"[{""end_offset"":13,""start_offset"":0,""state"":""raw_codeword_specific_composite""},{""end_offset"":256,""start_offset"":17,""state"":""pure_Y""}]"
659,y_p_q,1,Y,Y,final_hidden,True,17,24,True,17,24,True,17,24,True,17,24,0,0,256,,Y,0000111111110000111100000000111100001111111100001111000000001111,Y,"[{""end_offset"":13,""start_offset"":0,""state"":""raw_codeword_specific_composite""},{""end_offset"":256,""start_offset"":17,""state"":""pure_Y""}]"
659,y_p_q,2,P,P,first_hidden,True,0,1,True,24,33,True,24,33,True,24,33,24,24,256,Y,P,0000000000000000000000000000000011111111111111111111111111111111,P,"[{""end_offset"":13,""start_offset"":0,""state"":""pure_Y""},{""end_offset"":17,""start_offset"":17,""state"":""raw_codeword_specific_composite""},{""end_offset"":256,""start_offset"":24,""state"":""pure_P""}]"
659,y_p_q,2,P,P,final_hidden,True,0,1,True,24,33,True,24,33,True,24,33,24,24,256,Y,P,0000000000000000000000000000000011111111111111111111111111111111,P,"[{""end_offset"":13,""start_offset"":0,""state"":""pure_Y""},{""end_offset"":17,""start_offset"":17,""state"":""raw_codeword_specific_composite""},{""end_offset"":256,""start_offset"":24,""state"":""pure_P""}]"
659,y_p_q,2,P,Q,first_hidden,False,,,False,,,False,,,False,,,,,256,Y,P,0000000000000000000000000000000011111111111111111111111111111111,P,"[{""end_offset"":13,""start_offset"":0,""state"":""pure_Y""},{""end_offset"":17,""start_offset"":17,""state"":""raw_codeword_specific_composite""},{""end_offset"":256,""start_offset"":24,""state"":""pure_P""}]"
659,y_p_q,2,P,Q,final_hidden,False,,,False,,,False,,,False,,,,,256,Y,P,0000000000000000000000000000000011111111111111111111111111111111,P,"[{""end_offset"":13,""start_offset"":0,""state"":""pure_Y""},{""end_offset"":17,""start_offset"":17,""state"":""raw_codeword_specific_composite""},{""end_offset"":256,""start_offset"":24,""state"":""pure_P""}]"
659,y_p_q,2,P,Y,first_hidden,True,0,1,True,0,1,True,0,1,True,0,1,0,0,256,Y,P,0000000000000000000000000000000011111111111111111111111111111111,P,"[{""end_offset"":13,""start_offset"":0,""state"":""pure_Y""},{""end_offset"":17,""start_offset"":17,""state"":""raw_codeword_specific_composite""},{""end_offset"":256,""start_offset"":24,""state"":""pure_P""}]"
659,y_p_q,2,P,Y,final_hidden,True,0,1,True,0,1,True,0,1,True,0,1,0,0,256,Y,P,0000000000000000000000000000000011111111111111111111111111111111,P,"[{""end_offset"":13,""start_offset"":0,""state"":""pure_Y""},{""end_offset"":17,""start_offset"":17,""state"":""raw_codeword_specific_composite""},{""end_offset"":256,""start_offset"":24,""state"":""pure_P""}]"
659,y_p_q,3,Q,P,first_hidden,True,0,1,True,0,1,True,0,1,True,0,1,0,0,256,P,Q,1001100110011001100110011001100110011001100110011001100110011001,Q,"[{""end_offset"":24,""start_offset"":0,""state"":""pure_P""},{""end_offset"":45,""start_offset"":33,""state"":""raw_codeword_specific_composite""},{""end_offset"":256,""start_offset"":62,""state"":""pure_Q""}]"
659,y_p_q,3,Q,P,final_hidden,True,0,1,True,0,1,True,0,1,True,0,1,0,0,256,P,Q,1001100110011001100110011001100110011001100110011001100110011001,Q,"[{""end_offset"":24,""start_offset"":0,""state"":""pure_P""},{""end_offset"":45,""start_offset"":33,""state"":""raw_codeword_specific_composite""},{""end_offset"":256,""start_offset"":62,""state"":""pure_Q""}]"
659,y_p_q,3,Q,Q,first_hidden,True,62,85,True,62,85,True,62,85,True,62,85,0,0,256,P,Q,1001100110011001100110011001100110011001100110011001100110011001,Q,"[{""end_offset"":24,""start_offset"":0,""state"":""pure_P""},{""end_offset"":45,""start_offset"":33,""state"":""raw_codeword_specific_composite""},{""end_offset"":256,""start_offset"":62,""state"":""pure_Q""}]"
659,y_p_q,3,Q,Q,final_hidden,True,85,117,True,62,85,True,62,85,True,62,85,-23,-23,256,P,Q,1001100110011001100110011001100110011001100110011001100110011001,Q,"[{""end_offset"":24,""start_offset"":0,""state"":""pure_P""},{""end_offset"":45,""start_offset"":33,""state"":""raw_codeword_specific_composite""},{""end_offset"":256,""start_offset"":62,""state"":""pure_Q""}]"
659,y_p_q,3,Q,Y,first_hidden,True,1,2,False,,,False,,,False,,,,,256,P,Q,1001100110011001100110011001100110011001100110011001100110011001,Q,"[{""end_offset"":24,""start_offset"":0,""state"":""pure_P""},{""end_offset"":45,""start_offset"":33,""state"":""raw_codeword_specific_composite""},{""end_offset"":256,""start_offset"":62,""state"":""pure_Q""}]"
659,y_p_q,3,Q,Y,final_hidden,True,0,1,False,,,False,,,False,,,,,256,P,Q,1001100110011001100110011001100110011001100110011001100110011001,Q,"[{""end_offset"":24,""start_offset"":0,""state"":""pure_P""},{""end_offset"":45,""start_offset"":33,""state"":""raw_codeword_specific_composite""},{""end_offset"":256,""start_offset"":62,""state"":""pure_Q""}]"
659,y_q_p,1,Y,P,first_hidden,True,0,1,False,,,False,,,False,,,,,256,,Y,0000111111110000111100000000111100001111111100001111000000001111,Y,"[{""end_offset"":13,""start_offset"":0,""state"":""raw_codeword_specific_composite""},{""end_offset"":256,""start_offset"":17,""state"":""pure_Y""}]"
659,y_q_p,1,Y,P,final_hidden,True,0,1,False,,,False,,,False,,,,,256,,Y,0000111111110000111100000000111100001111111100001111000000001111,Y,"[{""end_offset"":13,""start_offset"":0,""state"":""raw_codeword_specific_composite""},{""end_offset"":256,""start_offset"":17,""state"":""pure_Y""}]"
659,y_q_p,1,Y,Q,first_hidden,True,0,1,False,,,False,,,False,,,,,256,,Y,0000111111110000111100000000111100001111111100001111000000001111,Y,"[{""end_offset"":13,""start_offset"":0,""state"":""raw_codeword_specific_composite""},{""end_offset"":256,""start_offset"":17,""state"":""pure_Y""}]"
659,y_q_p,1,Y,Q,final_hidden,False,,,False,,,False,,,False,,,,,256,,Y,0000111111110000111100000000111100001111111100001111000000001111,Y,"[{""end_offset"":13,""start_offset"":0,""state"":""raw_codeword_specific_composite""},{""end_offset"":256,""start_offset"":17,""state"":""pure_Y""}]"
659,y_q_p,1,Y,Y,first_hidden,True,33,45,True,17,24,True,17,24,True,17,24,-16,-16,256,,Y,0000111111110000111100000000111100001111111100001111000000001111,Y,"[{""end_offset"":13,""start_offset"":0,""state"":""raw_codeword_specific_composite""},{""end_offset"":256,""start_offset"":17,""state"":""pure_Y""}]"
659,y_q_p,1,Y,Y,final_hidden,True,17,24,True,17,24,True,17,24,True,17,24,0,0,256,,Y,0000111111110000111100000000111100001111111100001111000000001111,Y,"[{""end_offset"":13,""start_offset"":0,""state"":""raw_codeword_specific_composite""},{""end_offset"":256,""start_offset"":17,""state"":""pure_Y""}]"
659,y_q_p,2,Q,P,first_hidden,True,0,1,False,,,False,,,False,,,,,256,Y,Q,1001100110011001100110011001100110011001100110011001100110011001,Q,"[{""end_offset"":9,""start_offset"":0,""state"":""pure_Y""},{""end_offset"":33,""start_offset"":13,""state"":""raw_codeword_specific_composite""},{""end_offset"":256,""start_offset"":45,""state"":""pure_Q""}]"
659,y_q_p,2,Q,P,final_hidden,True,0,1,False,,,False,,,False,,,,,256,Y,Q,1001100110011001100110011001100110011001100110011001100110011001,Q,"[{""end_offset"":9,""start_offset"":0,""state"":""pure_Y""},{""end_offset"":33,""start_offset"":13,""state"":""raw_codeword_specific_composite""},{""end_offset"":256,""start_offset"":45,""state"":""pure_Q""}]"
659,y_q_p,2,Q,Q,first_hidden,True,85,117,True,45,62,True,45,62,True,45,62,-40,-40,256,Y,Q,1001100110011001100110011001100110011001100110011001100110011001,Q,"[{""end_offset"":9,""start_offset"":0,""state"":""pure_Y""},{""end_offset"":33,""start_offset"":13,""state"":""raw_codeword_specific_composite""},{""end_offset"":256,""start_offset"":45,""state"":""pure_Q""}]"
659,y_q_p,2,Q,Q,final_hidden,True,62,85,True,45,62,True,45,62,True,45,62,-17,-17,256,Y,Q,1001100110011001100110011001100110011001100110011001100110011001,Q,"[{""end_offset"":9,""start_offset"":0,""state"":""pure_Y""},{""end_offset"":33,""start_offset"":13,""state"":""raw_codeword_specific_composite""},{""end_offset"":256,""start_offset"":45,""state"":""pure_Q""}]"
659,y_q_p,2,Q,Y,first_hidden,True,0,1,True,0,1,True,0,1,True,0,1,0,0,256,Y,Q,1001100110011001100110011001100110011001100110011001100110011001,Q,"[{""end_offset"":9,""start_offset"":0,""state"":""pure_Y""},{""end_offset"":33,""start_offset"":13,""state"":""raw_codeword_specific_composite""},{""end_offset"":256,""start_offset"":45,""state"":""pure_Q""}]"
659,y_q_p,2,Q,Y,final_hidden,True,0,1,True,0,1,True,0,1,True,0,1,0,0,256,Y,Q,1001100110011001100110011001100110011001100110011001100110011001,Q,"[{""end_offset"":9,""start_offset"":0,""state"":""pure_Y""},{""end_offset"":33,""start_offset"":13,""state"":""raw_codeword_specific_composite""},{""end_offset"":256,""start_offset"":45,""state"":""pure_Q""}]"
659,y_q_p,3,P,P,first_hidden,True,0,1,True,24,33,True,24,33,True,24,33,24,24,256,Q,P,0000000000000000000000000000000011111111111111111111111111111111,P,"[{""end_offset"":13,""start_offset"":0,""state"":""pure_Q""},{""end_offset"":17,""start_offset"":17,""state"":""raw_codeword_specific_composite""},{""end_offset"":256,""start_offset"":24,""state"":""pure_P""}]"
659,y_q_p,3,P,P,final_hidden,True,7,9,True,24,33,True,24,33,True,24,33,17,17,256,Q,P,0000000000000000000000000000000011111111111111111111111111111111,P,"[{""end_offset"":13,""start_offset"":0,""state"":""pure_Q""},{""end_offset"":17,""start_offset"":17,""state"":""raw_codeword_specific_composite""},{""end_offset"":256,""start_offset"":24,""state"":""pure_P""}]"
659,y_q_p,3,P,Q,first_hidden,True,0,1,True,0,1,True,0,1,True,0,1,0,0,256,Q,P,0000000000000000000000000000000011111111111111111111111111111111,P,"[{""end_offset"":13,""start_offset"":0,""state"":""pure_Q""},{""end_offset"":17,""start_offset"":17,""state"":""raw_codeword_specific_composite""},{""end_offset"":256,""start_offset"":24,""state"":""pure_P""}]"
659,y_q_p,3,P,Q,final_hidden,True,0,1,True,0,1,True,0,1,True,0,1,0,0,256,Q,P,0000000000000000000000000000000011111111111111111111111111111111,P,"[{""end_offset"":13,""start_offset"":0,""state"":""pure_Q""},{""end_offset"":17,""start_offset"":17,""state"":""raw_codeword_specific_composite""},{""end_offset"":256,""start_offset"":24,""state"":""pure_P""}]"
659,y_q_p,3,P,Y,first_hidden,False,,,False,,,False,,,False,,,,,256,Q,P,0000000000000000000000000000000011111111111111111111111111111111,P,"[{""end_offset"":13,""start_offset"":0,""state"":""pure_Q""},{""end_offset"":17,""start_offset"":17,""state"":""raw_codeword_specific_composite""},{""end_offset"":256,""start_offset"":24,""state"":""pure_P""}]"
659,y_q_p,3,P,Y,final_hidden,True,13,17,False,,,False,,,False,,,,,256,Q,P,0000000000000000000000000000000011111111111111111111111111111111,P,"[{""end_offset"":13,""start_offset"":0,""state"":""pure_Q""},{""end_offset"":17,""start_offset"":17,""state"":""raw_codeword_specific_composite""},{""end_offset"":256,""start_offset"":24,""state"":""pure_P""}]"
661,p_q_y,1,P,P,first_hidden,True,0,1,True,5,7,True,5,7,True,5,7,5,5,256,,P,0000000000000000000000000000000011111111111111111111111111111111,P,"[{""end_offset"":1,""start_offset"":0,""state"":""other_candidate_tuple_consistent""},{""end_offset"":4,""start_offset"":2,""state"":""raw_codeword_specific_composite""},{""end_offset"":256,""start_offset"":5,""state"":""pure_P""}]"
661,p_q_y,1,P,P,final_hidden,True,0,1,True,5,7,True,5,7,True,5,7,5,5,256,,P,0000000000000000000000000000000011111111111111111111111111111111,P,"[{""end_offset"":1,""start_offset"":0,""state"":""other_candidate_tuple_consistent""},{""end_offset"":4,""start_offset"":2,""state"":""raw_codeword_specific_composite""},{""end_offset"":256,""start_offset"":5,""state"":""pure_P""}]"
661,p_q_y,1,P,Q,first_hidden,True,24,33,False,,,False,,,False,,,,,256,,P,0000000000000000000000000000000011111111111111111111111111111111,P,"[{""end_offset"":1,""start_offset"":0,""state"":""other_candidate_tuple_consistent""},{""end_offset"":4,""start_offset"":2,""state"":""raw_codeword_specific_composite""},{""end_offset"":256,""start_offset"":5,""state"":""pure_P""}]"
661,p_q_y,1,P,Q,final_hidden,True,17,24,False,,,False,,,False,,,,,256,,P,0000000000000000000000000000000011111111111111111111111111111111,P,"[{""end_offset"":1,""start_offset"":0,""state"":""other_candidate_tuple_consistent""},{""end_offset"":4,""start_offset"":2,""state"":""raw_codeword_specific_composite""},{""end_offset"":256,""start_offset"":5,""state"":""pure_P""}]"
661,p_q_y,1,P,Y,first_hidden,False,,,False,,,False,,,False,,,,,256,,P,0000000000000000000000000000000011111111111111111111111111111111,P,"[{""end_offset"":1,""start_offset"":0,""state"":""other_candidate_tuple_consistent""},{""end_offset"":4,""start_offset"":2,""state"":""raw_codeword_specific_composite""},{""end_offset"":256,""start_offset"":5,""state"":""pure_P""}]"
661,p_q_y,1,P,Y,final_hidden,False,,,False,,,False,,,False,,,,,256,,P,0000000000000000000000000000000011111111111111111111111111111111,P,"[{""end_offset"":1,""start_offset"":0,""state"":""other_candidate_tuple_consistent""},{""end_offset"":4,""start_offset"":2,""state"":""raw_codeword_specific_composite""},{""end_offset"":256,""start_offset"":5,""state"":""pure_P""}]"
661,p_q_y,2,Q,P,first_hidden,True,0,1,True,0,1,True,0,1,True,0,1,0,0,256,P,Q,1001100110011001100110011001100110011001100110011001100110011001,Q,"[{""end_offset"":17,""start_offset"":0,""state"":""pure_P""},{""end_offset"":33,""start_offset"":24,""state"":""raw_codeword_specific_composite""},{""end_offset"":256,""start_offset"":45,""state"":""pure_Q""}]"
661,p_q_y,2,Q,P,final_hidden,True,0,1,True,0,1,True,0,1,True,0,1,0,0,256,P,Q,1001100110011001100110011001100110011001100110011001100110011001,Q,"[{""end_offset"":17,""start_offset"":0,""state"":""pure_P""},{""end_offset"":33,""start_offset"":24,""state"":""raw_codeword_specific_composite""},{""end_offset"":256,""start_offset"":45,""state"":""pure_Q""}]"
661,p_q_y,2,Q,Q,first_hidden,True,0,1,True,45,62,True,45,62,True,45,62,45,45,256,P,Q,1001100110011001100110011001100110011001100110011001100110011001,Q,"[{""end_offset"":17,""start_offset"":0,""state"":""pure_P""},{""end_offset"":33,""start_offset"":24,""state"":""raw_codeword_specific_composite""},{""end_offset"":256,""start_offset"":45,""state"":""pure_Q""}]"
661,p_q_y,2,Q,Q,final_hidden,True,4,5,True,45,62,True,45,62,True,45,62,41,41,256,P,Q,1001100110011001100110011001100110011001100110011001100110011001,Q,"[{""end_offset"":17,""start_offset"":0,""state"":""pure_P""},{""end_offset"":33,""start_offset"":24,""state"":""raw_codeword_specific_composite""},{""end_offset"":256,""start_offset"":45,""state"":""pure_Q""}]"
661,p_q_y,2,Q,Y,first_hidden,False,,,False,,,False,,,False,,,,,256,P,Q,1001100110011001100110011001100110011001100110011001100110011001,Q,"[{""end_offset"":17,""start_offset"":0,""state"":""pure_P""},{""end_offset"":33,""start_offset"":24,""state"":""raw_codeword_specific_composite""},{""end_offset"":256,""start_offset"":45,""state"":""pure_Q""}]"
661,p_q_y,2,Q,Y,final_hidden,False,,,False,,,False,,,False,,,,,256,P,Q,1001100110011001100110011001100110011001100110011001100110011001,Q,"[{""end_offset"":17,""start_offset"":0,""state"":""pure_P""},{""end_offset"":33,""start_offset"":24,""state"":""raw_codeword_specific_composite""},{""end_offset"":256,""start_offset"":45,""state"":""pure_Q""}]"
661,p_q_y,3,Y,P,first_hidden,True,0,1,False,,,False,,,False,,,,,256,Q,Y,0000111111110000111100000000111100001111111100001111000000001111,Y,"[{""end_offset"":9,""start_offset"":0,""state"":""pure_Q""},{""end_offset"":17,""start_offset"":13,""state"":""raw_codeword_specific_composite""},{""end_offset"":24,""start_offset"":24,""state"":""pure_Q""},{""end_offset"":62,""start_offset"":33,""state"":""raw_codeword_specific_composite""},{""end_offset"":256,""start_offset"":85,""state"":""pure_Y""}]"
661,p_q_y,3,Y,P,final_hidden,True,0,1,False,,,False,,,False,,,,,256,Q,Y,0000111111110000111100000000111100001111111100001111000000001111,Y,"[{""end_offset"":9,""start_offset"":0,""state"":""pure_Q""},{""end_offset"":17,""start_offset"":13,""state"":""raw_codeword_specific_composite""},{""end_offset"":24,""start_offset"":24,""state"":""pure_Q""},{""end_offset"":62,""start_offset"":33,""state"":""raw_codeword_specific_composite""},{""end_offset"":256,""start_offset"":85,""state"":""pure_Y""}]"
661,p_q_y,3,Y,Q,first_hidden,True,0,1,True,0,1,True,0,1,True,0,1,0,0,256,Q,Y,0000111111110000111100000000111100001111111100001111000000001111,Y,"[{""end_offset"":9,""start_offset"":0,""state"":""pure_Q""},{""end_offset"":17,""start_offset"":13,""state"":""raw_codeword_specific_composite""},{""end_offset"":24,""start_offset"":24,""state"":""pure_Q""},{""end_offset"":62,""start_offset"":33,""state"":""raw_codeword_specific_composite""},{""end_offset"":256,""start_offset"":85,""state"":""pure_Y""}]"
661,p_q_y,3,Y,Q,final_hidden,True,0,1,True,0,1,True,0,1,True,0,1,0,0,256,Q,Y,0000111111110000111100000000111100001111111100001111000000001111,Y,"[{""end_offset"":9,""start_offset"":0,""state"":""pure_Q""},{""end_offset"":17,""start_offset"":13,""state"":""raw_codeword_specific_composite""},{""end_offset"":24,""start_offset"":24,""state"":""pure_Q""},{""end_offset"":62,""start_offset"":33,""state"":""raw_codeword_specific_composite""},{""end_offset"":256,""start_offset"":85,""state"":""pure_Y""}]"
661,p_q_y,3,Y,Y,first_hidden,True,85,117,True,85,117,True,85,117,True,85,117,0,0,256,Q,Y,0000111111110000111100000000111100001111111100001111000000001111,Y,"[{""end_offset"":9,""start_offset"":0,""state"":""pure_Q""},{""end_offset"":17,""start_offset"":13,""state"":""raw_codeword_specific_composite""},{""end_offset"":24,""start_offset"":24,""state"":""pure_Q""},{""end_offset"":62,""start_offset"":33,""state"":""raw_codeword_specific_composite""},{""end_offset"":256,""start_offset"":85,""state"":""pure_Y""}]"
661,p_q_y,3,Y,Y,final_hidden,True,85,117,True,85,117,True,85,117,True,85,117,0,0,256,Q,Y,0000111111110000111100000000111100001111111100001111000000001111,Y,"[{""end_offset"":9,""start_offset"":0,""state"":""pure_Q""},{""end_offset"":17,""start_offset"":13,""state"":""raw_codeword_specific_composite""},{""end_offset"":24,""start_offset"":24,""state"":""pure_Q""},{""end_offset"":62,""start_offset"":33,""state"":""raw_codeword_specific_composite""},{""end_offset"":256,""start_offset"":85,""state"":""pure_Y""}]"
661,p_y_q,1,P,P,first_hidden,True,0,1,True,5,7,True,5,7,True,5,7,5,5,256,,P,0000000000000000000000000000000011111111111111111111111111111111,P,"[{""end_offset"":1,""start_offset"":0,""state"":""other_candidate_tuple_consistent""},{""end_offset"":4,""start_offset"":2,""state"":""raw_codeword_specific_composite""},{""end_offset"":256,""start_offset"":5,""state"":""pure_P""}]"
661,p_y_q,1,P,P,final_hidden,True,0,1,True,5,7,True,5,7,True,5,7,5,5,256,,P,0000000000000000000000000000000011111111111111111111111111111111,P,"[{""end_offset"":1,""start_offset"":0,""state"":""other_candidate_tuple_consistent""},{""end_offset"":4,""start_offset"":2,""state"":""raw_codeword_specific_composite""},{""end_offset"":256,""start_offset"":5,""state"":""pure_P""}]"
661,p_y_q,1,P,Q,first_hidden,True,24,33,False,,,False,,,False,,,,,256,,P,0000000000000000000000000000000011111111111111111111111111111111,P,"[{""end_offset"":1,""start_offset"":0,""state"":""other_candidate_tuple_consistent""},{""end_offset"":4,""start_offset"":2,""state"":""raw_codeword_specific_composite""},{""end_offset"":256,""start_offset"":5,""state"":""pure_P""}]"
661,p_y_q,1,P,Q,final_hidden,True,17,24,False,,,False,,,False,,,,,256,,P,0000000000000000000000000000000011111111111111111111111111111111,P,"[{""end_offset"":1,""start_offset"":0,""state"":""other_candidate_tuple_consistent""},{""end_offset"":4,""start_offset"":2,""state"":""raw_codeword_specific_composite""},{""end_offset"":256,""start_offset"":5,""state"":""pure_P""}]"
661,p_y_q,1,P,Y,first_hidden,False,,,False,,,False,,,False,,,,,256,,P,0000000000000000000000000000000011111111111111111111111111111111,P,"[{""end_offset"":1,""start_offset"":0,""state"":""other_candidate_tuple_consistent""},{""end_offset"":4,""start_offset"":2,""state"":""raw_codeword_specific_composite""},{""end_offset"":256,""start_offset"":5,""state"":""pure_P""}]"
661,p_y_q,1,P,Y,final_hidden,False,,,False,,,False,,,False,,,,,256,,P,0000000000000000000000000000000011111111111111111111111111111111,P,"[{""end_offset"":1,""start_offset"":0,""state"":""other_candidate_tuple_consistent""},{""end_offset"":4,""start_offset"":2,""state"":""raw_codeword_specific_composite""},{""end_offset"":256,""start_offset"":5,""state"":""pure_P""}]"
661,p_y_q,2,Y,P,first_hidden,True,0,1,True,0,1,True,0,1,True,0,1,0,0,256,P,Y,0000111111110000111100000000111100001111111100001111000000001111,Y,"[{""end_offset"":24,""start_offset"":0,""state"":""pure_P""},{""end_offset"":45,""start_offset"":33,""state"":""raw_codeword_specific_composite""},{""end_offset"":256,""start_offset"":62,""state"":""pure_Y""}]"
661,p_y_q,2,Y,P,final_hidden,True,0,1,True,0,1,True,0,1,True,0,1,0,0,256,P,Y,0000111111110000111100000000111100001111111100001111000000001111,Y,"[{""end_offset"":24,""start_offset"":0,""state"":""pure_P""},{""end_offset"":45,""start_offset"":33,""state"":""raw_codeword_specific_composite""},{""end_offset"":256,""start_offset"":62,""state"":""pure_Y""}]"
661,p_y_q,2,Y,Q,first_hidden,True,0,1,False,,,False,,,False,,,,,256,P,Y,0000111111110000111100000000111100001111111100001111000000001111,Y,"[{""end_offset"":24,""start_offset"":0,""state"":""pure_P""},{""end_offset"":45,""start_offset"":33,""state"":""raw_codeword_specific_composite""},{""end_offset"":256,""start_offset"":62,""state"":""pure_Y""}]"
661,p_y_q,2,Y,Q,final_hidden,True,9,13,False,,,False,,,False,,,,,256,P,Y,0000111111110000111100000000111100001111111100001111000000001111,Y,"[{""end_offset"":24,""start_offset"":0,""state"":""pure_P""},{""end_offset"":45,""start_offset"":33,""state"":""raw_codeword_specific_composite""},{""end_offset"":256,""start_offset"":62,""state"":""pure_Y""}]"
661,p_y_q,2,Y,Y,first_hidden,True,62,85,True,62,85,True,62,85,True,62,85,0,0,256,P,Y,0000111111110000111100000000111100001111111100001111000000001111,Y,"[{""end_offset"":24,""start_offset"":0,""state"":""pure_P""},{""end_offset"":45,""start_offset"":33,""state"":""raw_codeword_specific_composite""},{""end_offset"":256,""start_offset"":62,""state"":""pure_Y""}]"
661,p_y_q,2,Y,Y,final_hidden,True,62,85,True,62,85,True,62,85,True,62,85,0,0,256,P,Y,0000111111110000111100000000111100001111111100001111000000001111,Y,"[{""end_offset"":24,""start_offset"":0,""state"":""pure_P""},{""end_offset"":45,""start_offset"":33,""state"":""raw_codeword_specific_composite""},{""end_offset"":256,""start_offset"":62,""state"":""pure_Y""}]"
661,p_y_q,3,Q,P,first_hidden,True,0,1,False,,,False,,,False,,,,,256,Y,Q,1001100110011001100110011001100110011001100110011001100110011001,Q,"[{""end_offset"":17,""start_offset"":0,""state"":""pure_Y""},{""end_offset"":24,""start_offset"":24,""state"":""raw_codeword_specific_composite""},{""end_offset"":33,""start_offset"":33,""state"":""other_candidate_tuple_consistent""},{""end_offset"":256,""start_offset"":45,""state"":""pure_Q""}]"
661,p_y_q,3,Q,P,final_hidden,True,0,1,False,,,False,,,False,,,,,256,Y,Q,1001100110011001100110011001100110011001100110011001100110011001,Q,"[{""end_offset"":17,""start_offset"":0,""state"":""pure_Y""},{""end_offset"":24,""start_offset"":24,""state"":""raw_codeword_specific_composite""},{""end_offset"":33,""start_offset"":33,""state"":""other_candidate_tuple_consistent""},{""end_offset"":256,""start_offset"":45,""state"":""pure_Q""}]"
661,p_y_q,3,Q,Q,first_hidden,True,0,1,True,45,62,True,45,62,True,45,62,45,45,256,Y,Q,1001100110011001100110011001100110011001100110011001100110011001,Q,"[{""end_offset"":17,""start_offset"":0,""state"":""pure_Y""},{""end_offset"":24,""start_offset"":24,""state"":""raw_codeword_specific_composite""},{""end_offset"":33,""start_offset"":33,""state"":""other_candidate_tuple_consistent""},{""end_offset"":256,""start_offset"":45,""state"":""pure_Q""}]"
661,p_y_q,3,Q,Q,final_hidden,True,13,17,True,45,62,True,45,62,True,45,62,32,32,256,Y,Q,1001100110011001100110011001100110011001100110011001100110011001,Q,"[{""end_offset"":17,""start_offset"":0,""state"":""pure_Y""},{""end_offset"":24,""start_offset"":24,""state"":""raw_codeword_specific_composite""},{""end_offset"":33,""start_offset"":33,""state"":""other_candidate_tuple_consistent""},{""end_offset"":256,""start_offset"":45,""state"":""pure_Q""}]"
661,p_y_q,3,Q,Y,first_hidden,True,0,1,True,0,1,True,0,1,True,0,1,0,0,256,Y,Q,1001100110011001100110011001100110011001100110011001100110011001,Q,"[{""end_offset"":17,""start_offset"":0,""state"":""pure_Y""},{""end_offset"":24,""start_offset"":24,""state"":""raw_codeword_specific_composite""},{""end_offset"":33,""start_offset"":33,""state"":""other_candidate_tuple_consistent""},{""end_offset"":256,""start_offset"":45,""state"":""pure_Q""}]"
661,p_y_q,3,Q,Y,final_hidden,True,0,1,True,0,1,True,0,1,True,0,1,0,0,256,Y,Q,1001100110011001100110011001100110011001100110011001100110011001,Q,"[{""end_offset"":17,""start_offset"":0,""state"":""pure_Y""},{""end_offset"":24,""start_offset"":24,""state"":""raw_codeword_specific_composite""},{""end_offset"":33,""start_offset"":33,""state"":""other_candidate_tuple_consistent""},{""end_offset"":256,""start_offset"":45,""state"":""pure_Q""}]"
661,q_p_y,1,Q,P,first_hidden,True,0,1,False,,,False,,,False,,,,,256,,Q,1001100110011001100110011001100110011001100110011001100110011001,Q,"[{""end_offset"":1,""start_offset"":0,""state"":""other_candidate_tuple_consistent""},{""end_offset"":7,""start_offset"":2,""state"":""raw_codeword_specific_composite""},{""end_offset"":256,""start_offset"":9,""state"":""pure_Q""}]"
661,q_p_y,1,Q,P,final_hidden,True,0,1,False,,,False,,,False,,,,,256,,Q,1001100110011001100110011001100110011001100110011001100110011001,Q,"[{""end_offset"":1,""start_offset"":0,""state"":""other_candidate_tuple_consistent""},{""end_offset"":7,""start_offset"":2,""state"":""raw_codeword_specific_composite""},{""end_offset"":256,""start_offset"":9,""state"":""pure_Q""}]"
661,q_p_y,1,Q,Q,first_hidden,True,24,33,True,9,13,True,9,13,True,9,13,-15,-15,256,,Q,1001100110011001100110011001100110011001100110011001100110011001,Q,"[{""end_offset"":1,""start_offset"":0,""state"":""other_candidate_tuple_consistent""},{""end_offset"":7,""start_offset"":2,""state"":""raw_codeword_specific_composite""},{""end_offset"":256,""start_offset"":9,""state"":""pure_Q""}]"
661,q_p_y,1,Q,Q,final_hidden,True,7,9,True,9,13,True,9,13,True,9,13,2,2,256,,Q,1001100110011001100110011001100110011001100110011001100110011001,Q,"[{""end_offset"":1,""start_offset"":0,""state"":""other_candidate_tuple_consistent""},{""end_offset"":7,""start_offset"":2,""state"":""raw_codeword_specific_composite""},{""end_offset"":256,""start_offset"":9,""state"":""pure_Q""}]"
661,q_p_y,1,Q,Y,first_hidden,False,,,False,,,False,,,False,,,,,256,,Q,1001100110011001100110011001100110011001100110011001100110011001,Q,"[{""end_offset"":1,""start_offset"":0,""state"":""other_candidate_tuple_consistent""},{""end_offset"":7,""start_offset"":2,""state"":""raw_codeword_specific_composite""},{""end_offset"":256,""start_offset"":9,""state"":""pure_Q""}]"
661,q_p_y,1,Q,Y,final_hidden,False,,,False,,,False,,,False,,,,,256,,Q,1001100110011001100110011001100110011001100110011001100110011001,Q,"[{""end_offset"":1,""start_offset"":0,""state"":""other_candidate_tuple_consistent""},{""end_offset"":7,""start_offset"":2,""state"":""raw_codeword_specific_composite""},{""end_offset"":256,""start_offset"":9,""state"":""pure_Q""}]"
661,q_p_y,2,P,P,first_hidden,True,0,1,True,33,45,True,33,45,True,33,45,33,33,256,Q,P,0000000000000000000000000000000011111111111111111111111111111111,P,"[{""end_offset"":9,""start_offset"":0,""state"":""pure_Q""},{""end_offset"":24,""start_offset"":13,""state"":""raw_codeword_specific_composite""},{""end_offset"":256,""start_offset"":33,""state"":""pure_P""}]"
661,q_p_y,2,P,P,final_hidden,True,0,1,True,33,45,True,33,45,True,33,45,33,33,256,Q,P,0000000000000000000000000000000011111111111111111111111111111111,P,"[{""end_offset"":9,""start_offset"":0,""state"":""pure_Q""},{""end_offset"":24,""start_offset"":13,""state"":""raw_codeword_specific_composite""},{""end_offset"":256,""start_offset"":33,""state"":""pure_P""}]"
661,q_p_y,2,P,Q,first_hidden,True,0,1,True,0,1,True,0,1,True,0,1,0,0,256,Q,P,0000000000000000000000000000000011111111111111111111111111111111,P,"[{""end_offset"":9,""start_offset"":0,""state"":""pure_Q""},{""end_offset"":24,""start_offset"":13,""state"":""raw_codeword_specific_composite""},{""end_offset"":256,""start_offset"":33,""state"":""pure_P""}]"
661,q_p_y,2,P,Q,final_hidden,True,0,1,True,0,1,True,0,1,True,0,1,0,0,256,Q,P,0000000000000000000000000000000011111111111111111111111111111111,P,"[{""end_offset"":9,""start_offset"":0,""state"":""pure_Q""},{""end_offset"":24,""start_offset"":13,""state"":""raw_codeword_specific_composite""},{""end_offset"":256,""start_offset"":33,""state"":""pure_P""}]"
661,q_p_y,2,P,Y,first_hidden,False,,,False,,,False,,,False,,,,,256,Q,P,0000000000000000000000000000000011111111111111111111111111111111,P,"[{""end_offset"":9,""start_offset"":0,""state"":""pure_Q""},{""end_offset"":24,""start_offset"":13,""state"":""raw_codeword_specific_composite""},{""end_offset"":256,""start_offset"":33,""state"":""pure_P""}]"
661,q_p_y,2,P,Y,final_hidden,False,,,False,,,False,,,False,,,,,256,Q,P,0000000000000000000000000000000011111111111111111111111111111111,P,"[{""end_offset"":9,""start_offset"":0,""state"":""pure_Q""},{""end_offset"":24,""start_offset"":13,""state"":""raw_codeword_specific_composite""},{""end_offset"":256,""start_offset"":33,""state"":""pure_P""}]"
661,q_p_y,3,Y,P,first_hidden,True,0,1,True,0,1,True,0,1,True,0,1,0,0,256,P,Y,0000111111110000111100000000111100001111111100001111000000001111,Y,"[{""end_offset"":24,""start_offset"":0,""state"":""pure_P""},{""end_offset"":62,""start_offset"":33,""state"":""raw_codeword_specific_composite""},{""end_offset"":256,""start_offset"":85,""state"":""pure_Y""}]"
661,q_p_y,3,Y,P,final_hidden,True,0,1,True,0,1,True,0,1,True,0,1,0,0,256,P,Y,0000111111110000111100000000111100001111111100001111000000001111,Y,"[{""end_offset"":24,""start_offset"":0,""state"":""pure_P""},{""end_offset"":62,""start_offset"":33,""state"":""raw_codeword_specific_composite""},{""end_offset"":256,""start_offset"":85,""state"":""pure_Y""}]"
661,q_p_y,3,Y,Q,first_hidden,True,0,1,False,,,False,,,False,,,,,256,P,Y,0000111111110000111100000000111100001111111100001111000000001111,Y,"[{""end_offset"":24,""start_offset"":0,""state"":""pure_P""},{""end_offset"":62,""start_offset"":33,""state"":""raw_codeword_specific_composite""},{""end_offset"":256,""start_offset"":85,""state"":""pure_Y""}]"
661,q_p_y,3,Y,Q,final_hidden,True,0,1,False,,,False,,,False,,,,,256,P,Y,0000111111110000111100000000111100001111111100001111000000001111,Y,"[{""end_offset"":24,""start_offset"":0,""state"":""pure_P""},{""end_offset"":62,""start_offset"":33,""state"":""raw_codeword_specific_composite""},{""end_offset"":256,""start_offset"":85,""state"":""pure_Y""}]"
661,q_p_y,3,Y,Y,first_hidden,True,85,117,True,85,117,True,85,117,True,85,117,0,0,256,P,Y,0000111111110000111100000000111100001111111100001111000000001111,Y,"[{""end_offset"":24,""start_offset"":0,""state"":""pure_P""},{""end_offset"":62,""start_offset"":33,""state"":""raw_codeword_specific_composite""},{""end_offset"":256,""start_offset"":85,""state"":""pure_Y""}]"
661,q_p_y,3,Y,Y,final_hidden,True,85,117,True,85,117,True,85,117,True,85,117,0,0,256,P,Y,0000111111110000111100000000111100001111111100001111000000001111,Y,"[{""end_offset"":24,""start_offset"":0,""state"":""pure_P""},{""end_offset"":62,""start_offset"":33,""state"":""raw_codeword_specific_composite""},{""end_offset"":256,""start_offset"":85,""state"":""pure_Y""}]"
661,q_y_p,1,Q,P,first_hidden,True,0,1,False,,,False,,,False,,,,,256,,Q,1001100110011001100110011001100110011001100110011001100110011001,Q,"[{""end_offset"":1,""start_offset"":0,""state"":""other_candidate_tuple_consistent""},{""end_offset"":7,""start_offset"":2,""state"":""raw_codeword_specific_composite""},{""end_offset"":256,""start_offset"":9,""state"":""pure_Q""}]"
661,q_y_p,1,Q,P,final_hidden,True,0,1,False,,,False,,,False,,,,,256,,Q,1001100110011001100110011001100110011001100110011001100110011001,Q,"[{""end_offset"":1,""start_offset"":0,""state"":""other_candidate_tuple_consistent""},{""end_offset"":7,""start_offset"":2,""state"":""raw_codeword_specific_composite""},{""end_offset"":256,""start_offset"":9,""state"":""pure_Q""}]"
661,q_y_p,1,Q,Q,first_hidden,True,24,33,True,9,13,True,9,13,True,9,13,-15,-15,256,,Q,1001100110011001100110011001100110011001100110011001100110011001,Q,"[{""end_offset"":1,""start_offset"":0,""state"":""other_candidate_tuple_consistent""},{""end_offset"":7,""start_offset"":2,""state"":""raw_codeword_specific_composite""},{""end_offset"":256,""start_offset"":9,""state"":""pure_Q""}]"
661,q_y_p,1,Q,Q,final_hidden,True,7,9,True,9,13,True,9,13,True,9,13,2,2,256,,Q,1001100110011001100110011001100110011001100110011001100110011001,Q,"[{""end_offset"":1,""start_offset"":0,""state"":""other_candidate_tuple_consistent""},{""end_offset"":7,""start_offset"":2,""state"":""raw_codeword_specific_composite""},{""end_offset"":256,""start_offset"":9,""state"":""pure_Q""}]"
661,q_y_p,1,Q,Y,first_hidden,False,,,False,,,False,,,False,,,,,256,,Q,1001100110011001100110011001100110011001100110011001100110011001,Q,"[{""end_offset"":1,""start_offset"":0,""state"":""other_candidate_tuple_consistent""},{""end_offset"":7,""start_offset"":2,""state"":""raw_codeword_specific_composite""},{""end_offset"":256,""start_offset"":9,""state"":""pure_Q""}]"
661,q_y_p,1,Q,Y,final_hidden,False,,,False,,,False,,,False,,,,,256,,Q,1001100110011001100110011001100110011001100110011001100110011001,Q,"[{""end_offset"":1,""start_offset"":0,""state"":""other_candidate_tuple_consistent""},{""end_offset"":7,""start_offset"":2,""state"":""raw_codeword_specific_composite""},{""end_offset"":256,""start_offset"":9,""state"":""pure_Q""}]"
661,q_y_p,2,Y,P,first_hidden,True,0,1,False,,,False,,,False,,,,,256,Q,Y,0000111111110000111100000000111100001111111100001111000000001111,Y,"[{""end_offset"":9,""start_offset"":0,""state"":""pure_Q""},{""end_offset"":17,""start_offset"":13,""state"":""raw_codeword_specific_composite""},{""end_offset"":24,""start_offset"":24,""state"":""pure_Q""},{""end_offset"":62,""start_offset"":33,""state"":""raw_codeword_specific_composite""},{""end_offset"":256,""start_offset"":85,""state"":""pure_Y""}]"
661,q_y_p,2,Y,P,final_hidden,True,0,1,False,,,False,,,False,,,,,256,Q,Y,0000111111110000111100000000111100001111111100001111000000001111,Y,"[{""end_offset"":9,""start_offset"":0,""state"":""pure_Q""},{""end_offset"":17,""start_offset"":13,""state"":""raw_codeword_specific_composite""},{""end_offset"":24,""start_offset"":24,""state"":""pure_Q""},{""end_offset"":62,""start_offset"":33,""state"":""raw_codeword_specific_composite""},{""end_offset"":256,""start_offset"":85,""state"":""pure_Y""}]"
661,q_y_p,2,Y,Q,first_hidden,True,0,1,True,0,1,True,0,1,True,0,1,0,0,256,Q,Y,0000111111110000111100000000111100001111111100001111000000001111,Y,"[{""end_offset"":9,""start_offset"":0,""state"":""pure_Q""},{""end_offset"":17,""start_offset"":13,""state"":""raw_codeword_specific_composite""},{""end_offset"":24,""start_offset"":24,""state"":""pure_Q""},{""end_offset"":62,""start_offset"":33,""state"":""raw_codeword_specific_composite""},{""end_offset"":256,""start_offset"":85,""state"":""pure_Y""}]"
661,q_y_p,2,Y,Q,final_hidden,True,0,1,True,0,1,True,0,1,True,0,1,0,0,256,Q,Y,0000111111110000111100000000111100001111111100001111000000001111,Y,"[{""end_offset"":9,""start_offset"":0,""state"":""pure_Q""},{""end_offset"":17,""start_offset"":13,""state"":""raw_codeword_specific_composite""},{""end_offset"":24,""start_offset"":24,""state"":""pure_Q""},{""end_offset"":62,""start_offset"":33,""state"":""raw_codeword_specific_composite""},{""end_offset"":256,""start_offset"":85,""state"":""pure_Y""}]"
661,q_y_p,2,Y,Y,first_hidden,True,62,85,True,85,117,True,85,117,True,85,117,23,23,256,Q,Y,0000111111110000111100000000111100001111111100001111000000001111,Y,"[{""end_offset"":9,""start_offset"":0,""state"":""pure_Q""},{""end_offset"":17,""start_offset"":13,""state"":""raw_codeword_specific_composite""},{""end_offset"":24,""start_offset"":24,""state"":""pure_Q""},{""end_offset"":62,""start_offset"":33,""state"":""raw_codeword_specific_composite""},{""end_offset"":256,""start_offset"":85,""state"":""pure_Y""}]"
661,q_y_p,2,Y,Y,final_hidden,True,117,128,True,85,117,True,85,117,True,85,117,-32,-32,256,Q,Y,0000111111110000111100000000111100001111111100001111000000001111,Y,"[{""end_offset"":9,""start_offset"":0,""state"":""pure_Q""},{""end_offset"":17,""start_offset"":13,""state"":""raw_codeword_specific_composite""},{""end_offset"":24,""start_offset"":24,""state"":""pure_Q""},{""end_offset"":62,""start_offset"":33,""state"":""raw_codeword_specific_composite""},{""end_offset"":256,""start_offset"":85,""state"":""pure_Y""}]"
661,q_y_p,3,P,P,first_hidden,True,0,1,True,33,45,True,33,45,True,33,45,33,33,256,Y,P,0000000000000000000000000000000011111111111111111111111111111111,P,"[{""end_offset"":9,""start_offset"":0,""state"":""pure_Y""},{""end_offset"":24,""start_offset"":13,""state"":""raw_codeword_specific_composite""},{""end_offset"":256,""start_offset"":33,""state"":""pure_P""}]"
661,q_y_p,3,P,P,final_hidden,True,24,33,True,33,45,True,33,45,True,33,45,9,9,256,Y,P,0000000000000000000000000000000011111111111111111111111111111111,P,"[{""end_offset"":9,""start_offset"":0,""state"":""pure_Y""},{""end_offset"":24,""start_offset"":13,""state"":""raw_codeword_specific_composite""},{""end_offset"":256,""start_offset"":33,""state"":""pure_P""}]"
661,q_y_p,3,P,Q,first_hidden,True,0,1,False,,,False,,,False,,,,,256,Y,P,0000000000000000000000000000000011111111111111111111111111111111,P,"[{""end_offset"":9,""start_offset"":0,""state"":""pure_Y""},{""end_offset"":24,""start_offset"":13,""state"":""raw_codeword_specific_composite""},{""end_offset"":256,""start_offset"":33,""state"":""pure_P""}]"
661,q_y_p,3,P,Q,final_hidden,True,13,17,False,,,False,,,False,,,,,256,Y,P,0000000000000000000000000000000011111111111111111111111111111111,P,"[{""end_offset"":9,""start_offset"":0,""state"":""pure_Y""},{""end_offset"":24,""start_offset"":13,""state"":""raw_codeword_specific_composite""},{""end_offset"":256,""start_offset"":33,""state"":""pure_P""}]"
661,q_y_p,3,P,Y,first_hidden,True,0,1,True,0,1,True,0,1,True,0,1,0,0,256,Y,P,0000000000000000000000000000000011111111111111111111111111111111,P,"[{""end_offset"":9,""start_offset"":0,""state"":""pure_Y""},{""end_offset"":24,""start_offset"":13,""state"":""raw_codeword_specific_composite""},{""end_offset"":256,""start_offset"":33,""state"":""pure_P""}]"
661,q_y_p,3,P,Y,final_hidden,True,0,1,True,0,1,True,0,1,True,0,1,0,0,256,Y,P,0000000000000000000000000000000011111111111111111111111111111111,P,"[{""end_offset"":9,""start_offset"":0,""state"":""pure_Y""},{""end_offset"":24,""start_offset"":13,""state"":""raw_codeword_specific_composite""},{""end_offset"":256,""start_offset"":33,""state"":""pure_P""}]"
661,y_p_q,1,Y,P,first_hidden,True,0,1,False,,,False,,,False,,,,,256,,Y,0000111111110000111100000000111100001111111100001111000000001111,Y,"[{""end_offset"":1,""start_offset"":0,""state"":""other_candidate_tuple_consistent""},{""end_offset"":9,""start_offset"":2,""state"":""raw_codeword_specific_composite""},{""end_offset"":256,""start_offset"":13,""state"":""pure_Y""}]"
661,y_p_q,1,Y,P,final_hidden,True,0,1,False,,,False,,,False,,,,,256,,Y,0000111111110000111100000000111100001111111100001111000000001111,Y,"[{""end_offset"":1,""start_offset"":0,""state"":""other_candidate_tuple_consistent""},{""end_offset"":9,""start_offset"":2,""state"":""raw_codeword_specific_composite""},{""end_offset"":256,""start_offset"":13,""state"":""pure_Y""}]"
661,y_p_q,1,Y,Q,first_hidden,False,,,False,,,False,,,False,,,,,256,,Y,0000111111110000111100000000111100001111111100001111000000001111,Y,"[{""end_offset"":1,""start_offset"":0,""state"":""other_candidate_tuple_consistent""},{""end_offset"":9,""start_offset"":2,""state"":""raw_codeword_specific_composite""},{""end_offset"":256,""start_offset"":13,""state"":""pure_Y""}]"
661,y_p_q,1,Y,Q,final_hidden,False,,,False,,,False,,,False,,,,,256,,Y,0000111111110000111100000000111100001111111100001111000000001111,Y,"[{""end_offset"":1,""start_offset"":0,""state"":""other_candidate_tuple_consistent""},{""end_offset"":9,""start_offset"":2,""state"":""raw_codeword_specific_composite""},{""end_offset"":256,""start_offset"":13,""state"":""pure_Y""}]"
661,y_p_q,1,Y,Y,first_hidden,True,33,45,True,13,17,True,13,17,True,13,17,-20,-20,256,,Y,0000111111110000111100000000111100001111111100001111000000001111,Y,"[{""end_offset"":1,""start_offset"":0,""state"":""other_candidate_tuple_consistent""},{""end_offset"":9,""start_offset"":2,""state"":""raw_codeword_specific_composite""},{""end_offset"":256,""start_offset"":13,""state"":""pure_Y""}]"
661,y_p_q,1,Y,Y,final_hidden,True,9,13,True,13,17,True,13,17,True,13,17,4,4,256,,Y,0000111111110000111100000000111100001111111100001111000000001111,Y,"[{""end_offset"":1,""start_offset"":0,""state"":""other_candidate_tuple_consistent""},{""end_offset"":9,""start_offset"":2,""state"":""raw_codeword_specific_composite""},{""end_offset"":256,""start_offset"":13,""state"":""pure_Y""}]"
661,y_p_q,2,P,P,first_hidden,True,0,1,True,24,33,True,24,33,True,24,33,24,24,256,Y,P,0000000000000000000000000000000011111111111111111111111111111111,P,"[{""end_offset"":9,""start_offset"":0,""state"":""pure_Y""},{""end_offset"":17,""start_offset"":13,""state"":""raw_codeword_specific_composite""},{""end_offset"":256,""start_offset"":24,""state"":""pure_P""}]"
661,y_p_q,2,P,P,final_hidden,True,0,1,True,24,33,True,24,33,True,24,33,24,24,256,Y,P,0000000000000000000000000000000011111111111111111111111111111111,P,"[{""end_offset"":9,""start_offset"":0,""state"":""pure_Y""},{""end_offset"":17,""start_offset"":13,""state"":""raw_codeword_specific_composite""},{""end_offset"":256,""start_offset"":24,""state"":""pure_P""}]"
661,y_p_q,2,P,Q,first_hidden,False,,,False,,,False,,,False,,,,,256,Y,P,0000000000000000000000000000000011111111111111111111111111111111,P,"[{""end_offset"":9,""start_offset"":0,""state"":""pure_Y""},{""end_offset"":17,""start_offset"":13,""state"":""raw_codeword_specific_composite""},{""end_offset"":256,""start_offset"":24,""state"":""pure_P""}]"
661,y_p_q,2,P,Q,final_hidden,False,,,False,,,False,,,False,,,,,256,Y,P,0000000000000000000000000000000011111111111111111111111111111111,P,"[{""end_offset"":9,""start_offset"":0,""state"":""pure_Y""},{""end_offset"":17,""start_offset"":13,""state"":""raw_codeword_specific_composite""},{""end_offset"":256,""start_offset"":24,""state"":""pure_P""}]"
661,y_p_q,2,P,Y,first_hidden,True,0,1,True,0,1,True,0,1,True,0,1,0,0,256,Y,P,0000000000000000000000000000000011111111111111111111111111111111,P,"[{""end_offset"":9,""start_offset"":0,""state"":""pure_Y""},{""end_offset"":17,""start_offset"":13,""state"":""raw_codeword_specific_composite""},{""end_offset"":256,""start_offset"":24,""state"":""pure_P""}]"
661,y_p_q,2,P,Y,final_hidden,True,0,1,True,0,1,True,0,1,True,0,1,0,0,256,Y,P,0000000000000000000000000000000011111111111111111111111111111111,P,"[{""end_offset"":9,""start_offset"":0,""state"":""pure_Y""},{""end_offset"":17,""start_offset"":13,""state"":""raw_codeword_specific_composite""},{""end_offset"":256,""start_offset"":24,""state"":""pure_P""}]"
661,y_p_q,3,Q,P,first_hidden,True,0,1,True,0,1,True,0,1,True,0,1,0,0,256,P,Q,1001100110011001100110011001100110011001100110011001100110011001,Q,"[{""end_offset"":24,""start_offset"":0,""state"":""pure_P""},{""end_offset"":45,""start_offset"":33,""state"":""raw_codeword_specific_composite""},{""end_offset"":256,""start_offset"":62,""state"":""pure_Q""}]"
661,y_p_q,3,Q,P,final_hidden,True,0,1,True,0,1,True,0,1,True,0,1,0,0,256,P,Q,1001100110011001100110011001100110011001100110011001100110011001,Q,"[{""end_offset"":24,""start_offset"":0,""state"":""pure_P""},{""end_offset"":45,""start_offset"":33,""state"":""raw_codeword_specific_composite""},{""end_offset"":256,""start_offset"":62,""state"":""pure_Q""}]"
661,y_p_q,3,Q,Q,first_hidden,True,62,85,True,62,85,True,62,85,True,62,85,0,0,256,P,Q,1001100110011001100110011001100110011001100110011001100110011001,Q,"[{""end_offset"":24,""start_offset"":0,""state"":""pure_P""},{""end_offset"":45,""start_offset"":33,""state"":""raw_codeword_specific_composite""},{""end_offset"":256,""start_offset"":62,""state"":""pure_Q""}]"
661,y_p_q,3,Q,Q,final_hidden,True,62,85,True,62,85,True,62,85,True,62,85,0,0,256,P,Q,1001100110011001100110011001100110011001100110011001100110011001,Q,"[{""end_offset"":24,""start_offset"":0,""state"":""pure_P""},{""end_offset"":45,""start_offset"":33,""state"":""raw_codeword_specific_composite""},{""end_offset"":256,""start_offset"":62,""state"":""pure_Q""}]"
661,y_p_q,3,Q,Y,first_hidden,False,,,False,,,False,,,False,,,,,256,P,Q,1001100110011001100110011001100110011001100110011001100110011001,Q,"[{""end_offset"":24,""start_offset"":0,""state"":""pure_P""},{""end_offset"":45,""start_offset"":33,""state"":""raw_codeword_specific_composite""},{""end_offset"":256,""start_offset"":62,""state"":""pure_Q""}]"
661,y_p_q,3,Q,Y,final_hidden,True,0,1,False,,,False,,,False,,,,,256,P,Q,1001100110011001100110011001100110011001100110011001100110011001,Q,"[{""end_offset"":24,""start_offset"":0,""state"":""pure_P""},{""end_offset"":45,""start_offset"":33,""state"":""raw_codeword_specific_composite""},{""end_offset"":256,""start_offset"":62,""state"":""pure_Q""}]"
661,y_q_p,1,Y,P,first_hidden,True,0,1,False,,,False,,,False,,,,,256,,Y,0000111111110000111100000000111100001111111100001111000000001111,Y,"[{""end_offset"":1,""start_offset"":0,""state"":""other_candidate_tuple_consistent""},{""end_offset"":9,""start_offset"":2,""state"":""raw_codeword_specific_composite""},{""end_offset"":256,""start_offset"":13,""state"":""pure_Y""}]"
661,y_q_p,1,Y,P,final_hidden,True,0,1,False,,,False,,,False,,,,,256,,Y,0000111111110000111100000000111100001111111100001111000000001111,Y,"[{""end_offset"":1,""start_offset"":0,""state"":""other_candidate_tuple_consistent""},{""end_offset"":9,""start_offset"":2,""state"":""raw_codeword_specific_composite""},{""end_offset"":256,""start_offset"":13,""state"":""pure_Y""}]"
661,y_q_p,1,Y,Q,first_hidden,False,,,False,,,False,,,False,,,,,256,,Y,0000111111110000111100000000111100001111111100001111000000001111,Y,"[{""end_offset"":1,""start_offset"":0,""state"":""other_candidate_tuple_consistent""},{""end_offset"":9,""start_offset"":2,""state"":""raw_codeword_specific_composite""},{""end_offset"":256,""start_offset"":13,""state"":""pure_Y""}]"
661,y_q_p,1,Y,Q,final_hidden,False,,,False,,,False,,,False,,,,,256,,Y,0000111111110000111100000000111100001111111100001111000000001111,Y,"[{""end_offset"":1,""start_offset"":0,""state"":""other_candidate_tuple_consistent""},{""end_offset"":9,""start_offset"":2,""state"":""raw_codeword_specific_composite""},{""end_offset"":256,""start_offset"":13,""state"":""pure_Y""}]"
661,y_q_p,1,Y,Y,first_hidden,True,33,45,True,13,17,True,13,17,True,13,17,-20,-20,256,,Y,0000111111110000111100000000111100001111111100001111000000001111,Y,"[{""end_offset"":1,""start_offset"":0,""state"":""other_candidate_tuple_consistent""},{""end_offset"":9,""start_offset"":2,""state"":""raw_codeword_specific_composite""},{""end_offset"":256,""start_offset"":13,""state"":""pure_Y""}]"
661,y_q_p,1,Y,Y,final_hidden,True,9,13,True,13,17,True,13,17,True,13,17,4,4,256,,Y,0000111111110000111100000000111100001111111100001111000000001111,Y,"[{""end_offset"":1,""start_offset"":0,""state"":""other_candidate_tuple_consistent""},{""end_offset"":9,""start_offset"":2,""state"":""raw_codeword_specific_composite""},{""end_offset"":256,""start_offset"":13,""state"":""pure_Y""}]"
661,y_q_p,2,Q,P,first_hidden,True,0,1,False,,,False,,,False,,,,,256,Y,Q,1001100110011001100110011001100110011001100110011001100110011001,Q,"[{""end_offset"":9,""start_offset"":0,""state"":""pure_Y""},{""end_offset"":33,""start_offset"":13,""state"":""raw_codeword_specific_composite""},{""end_offset"":256,""start_offset"":45,""state"":""pure_Q""}]"
661,y_q_p,2,Q,P,final_hidden,True,0,1,False,,,False,,,False,,,,,256,Y,Q,1001100110011001100110011001100110011001100110011001100110011001,Q,"[{""end_offset"":9,""start_offset"":0,""state"":""pure_Y""},{""end_offset"":33,""start_offset"":13,""state"":""raw_codeword_specific_composite""},{""end_offset"":256,""start_offset"":45,""state"":""pure_Q""}]"
661,y_q_p,2,Q,Q,first_hidden,True,62,85,True,45,62,True,45,62,True,45,62,-17,-17,256,Y,Q,1001100110011001100110011001100110011001100110011001100110011001,Q,"[{""end_offset"":9,""start_offset"":0,""state"":""pure_Y""},{""end_offset"":33,""start_offset"":13,""state"":""raw_codeword_specific_composite""},{""end_offset"":256,""start_offset"":45,""state"":""pure_Q""}]"
661,y_q_p,2,Q,Q,final_hidden,True,62,85,True,45,62,True,45,62,True,45,62,-17,-17,256,Y,Q,1001100110011001100110011001100110011001100110011001100110011001,Q,"[{""end_offset"":9,""start_offset"":0,""state"":""pure_Y""},{""end_offset"":33,""start_offset"":13,""state"":""raw_codeword_specific_composite""},{""end_offset"":256,""start_offset"":45,""state"":""pure_Q""}]"
661,y_q_p,2,Q,Y,first_hidden,True,0,1,True,0,1,True,0,1,True,0,1,0,0,256,Y,Q,1001100110011001100110011001100110011001100110011001100110011001,Q,"[{""end_offset"":9,""start_offset"":0,""state"":""pure_Y""},{""end_offset"":33,""start_offset"":13,""state"":""raw_codeword_specific_composite""},{""end_offset"":256,""start_offset"":45,""state"":""pure_Q""}]"
661,y_q_p,2,Q,Y,final_hidden,True,0,1,True,0,1,True,0,1,True,0,1,0,0,256,Y,Q,1001100110011001100110011001100110011001100110011001100110011001,Q,"[{""end_offset"":9,""start_offset"":0,""state"":""pure_Y""},{""end_offset"":33,""start_offset"":13,""state"":""raw_codeword_specific_composite""},{""end_offset"":256,""start_offset"":45,""state"":""pure_Q""}]"
661,y_q_p,3,P,P,first_hidden,True,0,1,True,33,45,True,33,45,True,33,45,33,33,256,Q,P,0000000000000000000000000000000011111111111111111111111111111111,P,"[{""end_offset"":13,""start_offset"":0,""state"":""pure_Q""},{""end_offset"":24,""start_offset"":17,""state"":""raw_codeword_specific_composite""},{""end_offset"":256,""start_offset"":33,""state"":""pure_P""}]"
661,y_q_p,3,P,P,final_hidden,True,17,24,True,33,45,True,33,45,True,33,45,16,16,256,Q,P,0000000000000000000000000000000011111111111111111111111111111111,P,"[{""end_offset"":13,""start_offset"":0,""state"":""pure_Q""},{""end_offset"":24,""start_offset"":17,""state"":""raw_codeword_specific_composite""},{""end_offset"":256,""start_offset"":33,""state"":""pure_P""}]"
661,y_q_p,3,P,Q,first_hidden,True,0,1,True,0,1,True,0,1,True,0,1,0,0,256,Q,P,0000000000000000000000000000000011111111111111111111111111111111,P,"[{""end_offset"":13,""start_offset"":0,""state"":""pure_Q""},{""end_offset"":24,""start_offset"":17,""state"":""raw_codeword_specific_composite""},{""end_offset"":256,""start_offset"":33,""state"":""pure_P""}]"
661,y_q_p,3,P,Q,final_hidden,True,0,1,True,0,1,True,0,1,True,0,1,0,0,256,Q,P,0000000000000000000000000000000011111111111111111111111111111111,P,"[{""end_offset"":13,""start_offset"":0,""state"":""pure_Q""},{""end_offset"":24,""start_offset"":17,""state"":""raw_codeword_specific_composite""},{""end_offset"":256,""start_offset"":33,""state"":""pure_P""}]"
661,y_q_p,3,P,Y,first_hidden,False,,,False,,,False,,,False,,,,,256,Q,P,0000000000000000000000000000000011111111111111111111111111111111,P,"[{""end_offset"":13,""start_offset"":0,""state"":""pure_Q""},{""end_offset"":24,""start_offset"":17,""state"":""raw_codeword_specific_composite""},{""end_offset"":256,""start_offset"":33,""state"":""pure_P""}]"
661,y_q_p,3,P,Y,final_hidden,False,,,False,,,False,,,False,,,,,256,Q,P,0000000000000000000000000000000011111111111111111111111111111111,P,"[{""end_offset"":13,""start_offset"":0,""state"":""pure_Q""},{""end_offset"":24,""start_offset"":17,""state"":""raw_codeword_specific_composite""},{""end_offset"":256,""start_offset"":33,""state"":""pure_P""}]"
673,p_q_y,1,P,P,first_hidden,True,0,1,True,3,4,True,3,4,True,3,4,3,3,256,,P,0000000000000000000000000000000011111111111111111111111111111111,P,"[{""end_offset"":0,""start_offset"":0,""state"":""raw_codeword_specific_composite""},{""end_offset"":1,""start_offset"":1,""state"":""other_candidate_tuple_consistent""},{""end_offset"":2,""start_offset"":2,""state"":""raw_codeword_specific_composite""},{""end_offset"":256,""start_offset"":3,""state"":""pure_P""}]"
673,p_q_y,1,P,P,final_hidden,True,1,2,True,3,4,True,3,4,True,3,4,2,2,256,,P,0000000000000000000000000000000011111111111111111111111111111111,P,"[{""end_offset"":0,""start_offset"":0,""state"":""raw_codeword_specific_composite""},{""end_offset"":1,""start_offset"":1,""state"":""other_candidate_tuple_consistent""},{""end_offset"":2,""start_offset"":2,""state"":""raw_codeword_specific_composite""},{""end_offset"":256,""start_offset"":3,""state"":""pure_P""}]"
673,p_q_y,1,P,Q,first_hidden,True,0,1,False,,,False,,,False,,,,,256,,P,0000000000000000000000000000000011111111111111111111111111111111,P,"[{""end_offset"":0,""start_offset"":0,""state"":""raw_codeword_specific_composite""},{""end_offset"":1,""start_offset"":1,""state"":""other_candidate_tuple_consistent""},{""end_offset"":2,""start_offset"":2,""state"":""raw_codeword_specific_composite""},{""end_offset"":256,""start_offset"":3,""state"":""pure_P""}]"
673,p_q_y,1,P,Q,final_hidden,False,,,False,,,False,,,False,,,,,256,,P,0000000000000000000000000000000011111111111111111111111111111111,P,"[{""end_offset"":0,""start_offset"":0,""state"":""raw_codeword_specific_composite""},{""end_offset"":1,""start_offset"":1,""state"":""other_candidate_tuple_consistent""},{""end_offset"":2,""start_offset"":2,""state"":""raw_codeword_specific_composite""},{""end_offset"":256,""start_offset"":3,""state"":""pure_P""}]"
673,p_q_y,1,P,Y,first_hidden,False,,,False,,,False,,,False,,,,,256,,P,0000000000000000000000000000000011111111111111111111111111111111,P,"[{""end_offset"":0,""start_offset"":0,""state"":""raw_codeword_specific_composite""},{""end_offset"":1,""start_offset"":1,""state"":""other_candidate_tuple_consistent""},{""end_offset"":2,""start_offset"":2,""state"":""raw_codeword_specific_composite""},{""end_offset"":256,""start_offset"":3,""state"":""pure_P""}]"
673,p_q_y,1,P,Y,final_hidden,False,,,False,,,False,,,False,,,,,256,,P,0000000000000000000000000000000011111111111111111111111111111111,P,"[{""end_offset"":0,""start_offset"":0,""state"":""raw_codeword_specific_composite""},{""end_offset"":1,""start_offset"":1,""state"":""other_candidate_tuple_consistent""},{""end_offset"":2,""start_offset"":2,""state"":""raw_codeword_specific_composite""},{""end_offset"":256,""start_offset"":3,""state"":""pure_P""}]"
673,p_q_y,2,Q,P,first_hidden,True,0,1,True,0,1,True,0,1,True,0,1,0,0,256,P,Q,1001100110011001100110011001100110011001100110011001100110011001,Q,"[{""end_offset"":13,""start_offset"":0,""state"":""pure_P""},{""end_offset"":17,""start_offset"":17,""state"":""raw_codeword_specific_composite""},{""end_offset"":24,""start_offset"":24,""state"":""pure_P""},{""end_offset"":33,""start_offset"":33,""state"":""raw_codeword_specific_composite""},{""end_offset"":256,""start_offset"":45,""state"":""pure_Q""}]"
673,p_q_y,2,Q,P,final_hidden,True,0,1,True,0,1,True,0,1,True,0,1,0,0,256,P,Q,1001100110011001100110011001100110011001100110011001100110011001,Q,"[{""end_offset"":13,""start_offset"":0,""state"":""pure_P""},{""end_offset"":17,""start_offset"":17,""state"":""raw_codeword_specific_composite""},{""end_offset"":24,""start_offset"":24,""state"":""pure_P""},{""end_offset"":33,""start_offset"":33,""state"":""raw_codeword_specific_composite""},{""end_offset"":256,""start_offset"":45,""state"":""pure_Q""}]"
673,p_q_y,2,Q,Q,first_hidden,True,0,1,True,45,62,True,45,62,True,45,62,45,45,256,P,Q,1001100110011001100110011001100110011001100110011001100110011001,Q,"[{""end_offset"":13,""start_offset"":0,""state"":""pure_P""},{""end_offset"":17,""start_offset"":17,""state"":""raw_codeword_specific_composite""},{""end_offset"":24,""start_offset"":24,""state"":""pure_P""},{""end_offset"":33,""start_offset"":33,""state"":""raw_codeword_specific_composite""},{""end_offset"":256,""start_offset"":45,""state"":""pure_Q""}]"
673,p_q_y,2,Q,Q,final_hidden,True,24,33,True,45,62,True,45,62,True,45,62,21,21,256,P,Q,1001100110011001100110011001100110011001100110011001100110011001,Q,"[{""end_offset"":13,""start_offset"":0,""state"":""pure_P""},{""end_offset"":17,""start_offset"":17,""state"":""raw_codeword_specific_composite""},{""end_offset"":24,""start_offset"":24,""state"":""pure_P""},{""end_offset"":33,""start_offset"":33,""state"":""raw_codeword_specific_composite""},{""end_offset"":256,""start_offset"":45,""state"":""pure_Q""}]"
673,p_q_y,2,Q,Y,first_hidden,False,,,False,,,False,,,False,,,,,256,P,Q,1001100110011001100110011001100110011001100110011001100110011001,Q,"[{""end_offset"":13,""start_offset"":0,""state"":""pure_P""},{""end_offset"":17,""start_offset"":17,""state"":""raw_codeword_specific_composite""},{""end_offset"":24,""start_offset"":24,""state"":""pure_P""},{""end_offset"":33,""start_offset"":33,""state"":""raw_codeword_specific_composite""},{""end_offset"":256,""start_offset"":45,""state"":""pure_Q""}]"
673,p_q_y,2,Q,Y,final_hidden,False,,,False,,,False,,,False,,,,,256,P,Q,1001100110011001100110011001100110011001100110011001100110011001,Q,"[{""end_offset"":13,""start_offset"":0,""state"":""pure_P""},{""end_offset"":17,""start_offset"":17,""state"":""raw_codeword_specific_composite""},{""end_offset"":24,""start_offset"":24,""state"":""pure_P""},{""end_offset"":33,""start_offset"":33,""state"":""raw_codeword_specific_composite""},{""end_offset"":256,""start_offset"":45,""state"":""pure_Q""}]"
673,p_q_y,3,Y,P,first_hidden,True,0,1,False,,,False,,,False,,,,,256,Q,Y,0000111111110000111100000000111100001111111100001111000000001111,Y,"[{""end_offset"":13,""start_offset"":0,""state"":""pure_Q""},{""end_offset"":85,""start_offset"":17,""state"":""raw_codeword_specific_composite""},{""end_offset"":256,""start_offset"":117,""state"":""pure_Y""}]"
673,p_q_y,3,Y,P,final_hidden,True,0,1,False,,,False,,,False,,,,,256,Q,Y,0000111111110000111100000000111100001111111100001111000000001111,Y,"[{""end_offset"":13,""start_offset"":0,""state"":""pure_Q""},{""end_offset"":85,""start_offset"":17,""state"":""raw_codeword_specific_composite""},{""end_offset"":256,""start_offset"":117,""state"":""pure_Y""}]"
673,p_q_y,3,Y,Q,first_hidden,True,0,1,True,0,1,True,0,1,True,0,1,0,0,256,Q,Y,0000111111110000111100000000111100001111111100001111000000001111,Y,"[{""end_offset"":13,""start_offset"":0,""state"":""pure_Q""},{""end_offset"":85,""start_offset"":17,""state"":""raw_codeword_specific_composite""},{""end_offset"":256,""start_offset"":117,""state"":""pure_Y""}]"
673,p_q_y,3,Y,Q,final_hidden,True,0,1,True,0,1,True,0,1,True,0,1,0,0,256,Q,Y,0000111111110000111100000000111100001111111100001111000000001111,Y,"[{""end_offset"":13,""start_offset"":0,""state"":""pure_Q""},{""end_offset"":85,""start_offset"":17,""state"":""raw_codeword_specific_composite""},{""end_offset"":256,""start_offset"":117,""state"":""pure_Y""}]"
673,p_q_y,3,Y,Y,first_hidden,True,45,62,True,117,128,True,117,128,True,117,128,72,72,256,Q,Y,0000111111110000111100000000111100001111111100001111000000001111,Y,"[{""end_offset"":13,""start_offset"":0,""state"":""pure_Q""},{""end_offset"":85,""start_offset"":17,""state"":""raw_codeword_specific_composite""},{""end_offset"":256,""start_offset"":117,""state"":""pure_Y""}]"
673,p_q_y,3,Y,Y,final_hidden,True,117,128,True,117,128,True,117,128,True,117,128,0,0,256,Q,Y,0000111111110000111100000000111100001111111100001111000000001111,Y,"[{""end_offset"":13,""start_offset"":0,""state"":""pure_Q""},{""end_offset"":85,""start_offset"":17,""state"":""raw_codeword_specific_composite""},{""end_offset"":256,""start_offset"":117,""state"":""pure_Y""}]"
673,p_y_q,1,P,P,first_hidden,True,0,1,True,3,4,True,3,4,True,3,4,3,3,256,,P,0000000000000000000000000000000011111111111111111111111111111111,P,"[{""end_offset"":0,""start_offset"":0,""state"":""raw_codeword_specific_composite""},{""end_offset"":1,""start_offset"":1,""state"":""other_candidate_tuple_consistent""},{""end_offset"":2,""start_offset"":2,""state"":""raw_codeword_specific_composite""},{""end_offset"":256,""start_offset"":3,""state"":""pure_P""}]"
673,p_y_q,1,P,P,final_hidden,True,1,2,True,3,4,True,3,4,True,3,4,2,2,256,,P,0000000000000000000000000000000011111111111111111111111111111111,P,"[{""end_offset"":0,""start_offset"":0,""state"":""raw_codeword_specific_composite""},{""end_offset"":1,""start_offset"":1,""state"":""other_candidate_tuple_consistent""},{""end_offset"":2,""start_offset"":2,""state"":""raw_codeword_specific_composite""},{""end_offset"":256,""start_offset"":3,""state"":""pure_P""}]"
673,p_y_q,1,P,Q,first_hidden,True,0,1,False,,,False,,,False,,,,,256,,P,0000000000000000000000000000000011111111111111111111111111111111,P,"[{""end_offset"":0,""start_offset"":0,""state"":""raw_codeword_specific_composite""},{""end_offset"":1,""start_offset"":1,""state"":""other_candidate_tuple_consistent""},{""end_offset"":2,""start_offset"":2,""state"":""raw_codeword_specific_composite""},{""end_offset"":256,""start_offset"":3,""state"":""pure_P""}]"
673,p_y_q,1,P,Q,final_hidden,False,,,False,,,False,,,False,,,,,256,,P,0000000000000000000000000000000011111111111111111111111111111111,P,"[{""end_offset"":0,""start_offset"":0,""state"":""raw_codeword_specific_composite""},{""end_offset"":1,""start_offset"":1,""state"":""other_candidate_tuple_consistent""},{""end_offset"":2,""start_offset"":2,""state"":""raw_codeword_specific_composite""},{""end_offset"":256,""start_offset"":3,""state"":""pure_P""}]"
673,p_y_q,1,P,Y,first_hidden,False,,,False,,,False,,,False,,,,,256,,P,0000000000000000000000000000000011111111111111111111111111111111,P,"[{""end_offset"":0,""start_offset"":0,""state"":""raw_codeword_specific_composite""},{""end_offset"":1,""start_offset"":1,""state"":""other_candidate_tuple_consistent""},{""end_offset"":2,""start_offset"":2,""state"":""raw_codeword_specific_composite""},{""end_offset"":256,""start_offset"":3,""state"":""pure_P""}]"
673,p_y_q,1,P,Y,final_hidden,False,,,False,,,False,,,False,,,,,256,,P,0000000000000000000000000000000011111111111111111111111111111111,P,"[{""end_offset"":0,""start_offset"":0,""state"":""raw_codeword_specific_composite""},{""end_offset"":1,""start_offset"":1,""state"":""other_candidate_tuple_consistent""},{""end_offset"":2,""start_offset"":2,""state"":""raw_codeword_specific_composite""},{""end_offset"":256,""start_offset"":3,""state"":""pure_P""}]"
673,p_y_q,2,Y,P,first_hidden,True,0,1,True,0,1,True,0,1,True,0,1,0,0,256,P,Y,0000111111110000111100000000111100001111111100001111000000001111,Y,"[{""end_offset"":24,""start_offset"":0,""state"":""pure_P""},{""end_offset"":85,""start_offset"":33,""state"":""raw_codeword_specific_composite""},{""end_offset"":256,""start_offset"":117,""state"":""pure_Y""}]"
673,p_y_q,2,Y,P,final_hidden,True,0,1,True,0,1,True,0,1,True,0,1,0,0,256,P,Y,0000111111110000111100000000111100001111111100001111000000001111,Y,"[{""end_offset"":24,""start_offset"":0,""state"":""pure_P""},{""end_offset"":85,""start_offset"":33,""state"":""raw_codeword_specific_composite""},{""end_offset"":256,""start_offset"":117,""state"":""pure_Y""}]"
673,p_y_q,2,Y,Q,first_hidden,True,0,1,False,,,False,,,False,,,,,256,P,Y,0000111111110000111100000000111100001111111100001111000000001111,Y,"[{""end_offset"":24,""start_offset"":0,""state"":""pure_P""},{""end_offset"":85,""start_offset"":33,""state"":""raw_codeword_specific_composite""},{""end_offset"":256,""start_offset"":117,""state"":""pure_Y""}]"
673,p_y_q,2,Y,Q,final_hidden,False,,,False,,,False,,,False,,,,,256,P,Y,0000111111110000111100000000111100001111111100001111000000001111,Y,"[{""end_offset"":24,""start_offset"":0,""state"":""pure_P""},{""end_offset"":85,""start_offset"":33,""state"":""raw_codeword_specific_composite""},{""end_offset"":256,""start_offset"":117,""state"":""pure_Y""}]"
673,p_y_q,2,Y,Y,first_hidden,True,85,117,True,117,128,True,117,128,True,117,128,32,32,256,P,Y,0000111111110000111100000000111100001111111100001111000000001111,Y,"[{""end_offset"":24,""start_offset"":0,""state"":""pure_P""},{""end_offset"":85,""start_offset"":33,""state"":""raw_codeword_specific_composite""},{""end_offset"":256,""start_offset"":117,""state"":""pure_Y""}]"
673,p_y_q,2,Y,Y,final_hidden,True,85,117,True,117,128,True,117,128,True,117,128,32,32,256,P,Y,0000111111110000111100000000111100001111111100001111000000001111,Y,"[{""end_offset"":24,""start_offset"":0,""state"":""pure_P""},{""end_offset"":85,""start_offset"":33,""state"":""raw_codeword_specific_composite""},{""end_offset"":256,""start_offset"":117,""state"":""pure_Y""}]"
673,p_y_q,3,Q,P,first_hidden,True,0,1,False,,,False,,,False,,,,,256,Y,Q,1001100110011001100110011001100110011001100110011001100110011001,Q,"[{""end_offset"":17,""start_offset"":0,""state"":""pure_Y""},{""end_offset"":45,""start_offset"":24,""state"":""raw_codeword_specific_composite""},{""end_offset"":256,""start_offset"":62,""state"":""pure_Q""}]"
673,p_y_q,3,Q,P,final_hidden,True,0,1,False,,,False,,,False,,,,,256,Y,Q,1001100110011001100110011001100110011001100110011001100110011001,Q,"[{""end_offset"":17,""start_offset"":0,""state"":""pure_Y""},{""end_offset"":45,""start_offset"":24,""state"":""raw_codeword_specific_composite""},{""end_offset"":256,""start_offset"":62,""state"":""pure_Q""}]"
673,p_y_q,3,Q,Q,first_hidden,True,33,45,True,62,85,True,62,85,True,62,85,29,29,256,Y,Q,1001100110011001100110011001100110011001100110011001100110011001,Q,"[{""end_offset"":17,""start_offset"":0,""state"":""pure_Y""},{""end_offset"":45,""start_offset"":24,""state"":""raw_codeword_specific_composite""},{""end_offset"":256,""start_offset"":62,""state"":""pure_Q""}]"
673,p_y_q,3,Q,Q,final_hidden,True,62,85,True,62,85,True,62,85,True,62,85,0,0,256,Y,Q,1001100110011001100110011001100110011001100110011001100110011001,Q,"[{""end_offset"":17,""start_offset"":0,""state"":""pure_Y""},{""end_offset"":45,""start_offset"":24,""state"":""raw_codeword_specific_composite""},{""end_offset"":256,""start_offset"":62,""state"":""pure_Q""}]"
673,p_y_q,3,Q,Y,first_hidden,True,0,1,True,0,1,True,0,1,True,0,1,0,0,256,Y,Q,1001100110011001100110011001100110011001100110011001100110011001,Q,"[{""end_offset"":17,""start_offset"":0,""state"":""pure_Y""},{""end_offset"":45,""start_offset"":24,""state"":""raw_codeword_specific_composite""},{""end_offset"":256,""start_offset"":62,""state"":""pure_Q""}]"
673,p_y_q,3,Q,Y,final_hidden,True,0,1,True,0,1,True,0,1,True,0,1,0,0,256,Y,Q,1001100110011001100110011001100110011001100110011001100110011001,Q,"[{""end_offset"":17,""start_offset"":0,""state"":""pure_Y""},{""end_offset"":45,""start_offset"":24,""state"":""raw_codeword_specific_composite""},{""end_offset"":256,""start_offset"":62,""state"":""pure_Q""}]"
673,q_p_y,1,Q,P,first_hidden,True,0,1,False,,,False,,,False,,,,,256,,Q,1001100110011001100110011001100110011001100110011001100110011001,Q,"[{""end_offset"":4,""start_offset"":0,""state"":""raw_codeword_specific_composite""},{""end_offset"":256,""start_offset"":5,""state"":""pure_Q""}]"
673,q_p_y,1,Q,P,final_hidden,True,2,3,False,,,False,,,False,,,,,256,,Q,1001100110011001100110011001100110011001100110011001100110011001,Q,"[{""end_offset"":4,""start_offset"":0,""state"":""raw_codeword_specific_composite""},{""end_offset"":256,""start_offset"":5,""state"":""pure_Q""}]"
673,q_p_y,1,Q,Q,first_hidden,True,0,1,True,5,7,True,5,7,True,5,7,5,5,256,,Q,1001100110011001100110011001100110011001100110011001100110011001,Q,"[{""end_offset"":4,""start_offset"":0,""state"":""raw_codeword_specific_composite""},{""end_offset"":256,""start_offset"":5,""state"":""pure_Q""}]"
673,q_p_y,1,Q,Q,final_hidden,True,3,4,True,5,7,True,5,7,True,5,7,2,2,256,,Q,1001100110011001100110011001100110011001100110011001100110011001,Q,"[{""end_offset"":4,""start_offset"":0,""state"":""raw_codeword_specific_composite""},{""end_offset"":256,""start_offset"":5,""state"":""pure_Q""}]"
673,q_p_y,1,Q,Y,first_hidden,False,,,False,,,False,,,False,,,,,256,,Q,1001100110011001100110011001100110011001100110011001100110011001,Q,"[{""end_offset"":4,""start_offset"":0,""state"":""raw_codeword_specific_composite""},{""end_offset"":256,""start_offset"":5,""state"":""pure_Q""}]"
673,q_p_y,1,Q,Y,final_hidden,False,,,False,,,False,,,False,,,,,256,,Q,1001100110011001100110011001100110011001100110011001100110011001,Q,"[{""end_offset"":4,""start_offset"":0,""state"":""raw_codeword_specific_composite""},{""end_offset"":256,""start_offset"":5,""state"":""pure_Q""}]"
673,q_p_y,2,P,P,first_hidden,True,0,1,True,24,33,True,24,33,True,24,33,24,24,256,Q,P,0000000000000000000000000000000011111111111111111111111111111111,P,"[{""end_offset"":13,""start_offset"":0,""state"":""pure_Q""},{""end_offset"":17,""start_offset"":17,""state"":""raw_codeword_specific_composite""},{""end_offset"":256,""start_offset"":24,""state"":""pure_P""}]"
673,q_p_y,2,P,P,final_hidden,True,0,1,True,24,33,True,24,33,True,24,33,24,24,256,Q,P,0000000000000000000000000000000011111111111111111111111111111111,P,"[{""end_offset"":13,""start_offset"":0,""state"":""pure_Q""},{""end_offset"":17,""start_offset"":17,""state"":""raw_codeword_specific_composite""},{""end_offset"":256,""start_offset"":24,""state"":""pure_P""}]"
673,q_p_y,2,P,Q,first_hidden,True,0,1,True,0,1,True,0,1,True,0,1,0,0,256,Q,P,0000000000000000000000000000000011111111111111111111111111111111,P,"[{""end_offset"":13,""start_offset"":0,""state"":""pure_Q""},{""end_offset"":17,""start_offset"":17,""state"":""raw_codeword_specific_composite""},{""end_offset"":256,""start_offset"":24,""state"":""pure_P""}]"
673,q_p_y,2,P,Q,final_hidden,True,0,1,True,0,1,True,0,1,True,0,1,0,0,256,Q,P,0000000000000000000000000000000011111111111111111111111111111111,P,"[{""end_offset"":13,""start_offset"":0,""state"":""pure_Q""},{""end_offset"":17,""start_offset"":17,""state"":""raw_codeword_specific_composite""},{""end_offset"":256,""start_offset"":24,""state"":""pure_P""}]"
673,q_p_y,2,P,Y,first_hidden,False,,,False,,,False,,,False,,,,,256,Q,P,0000000000000000000000000000000011111111111111111111111111111111,P,"[{""end_offset"":13,""start_offset"":0,""state"":""pure_Q""},{""end_offset"":17,""start_offset"":17,""state"":""raw_codeword_specific_composite""},{""end_offset"":256,""start_offset"":24,""state"":""pure_P""}]"
673,q_p_y,2,P,Y,final_hidden,False,,,False,,,False,,,False,,,,,256,Q,P,0000000000000000000000000000000011111111111111111111111111111111,P,"[{""end_offset"":13,""start_offset"":0,""state"":""pure_Q""},{""end_offset"":17,""start_offset"":17,""state"":""raw_codeword_specific_composite""},{""end_offset"":256,""start_offset"":24,""state"":""pure_P""}]"
673,q_p_y,3,Y,P,first_hidden,True,0,1,True,0,1,True,0,1,True,0,1,0,0,256,P,Y,0000111111110000111100000000111100001111111100001111000000001111,Y,"[{""end_offset"":17,""start_offset"":0,""state"":""pure_P""},{""end_offset"":62,""start_offset"":24,""state"":""raw_codeword_specific_composite""},{""end_offset"":256,""start_offset"":85,""state"":""pure_Y""}]"
673,q_p_y,3,Y,P,final_hidden,True,0,1,True,0,1,True,0,1,True,0,1,0,0,256,P,Y,0000111111110000111100000000111100001111111100001111000000001111,Y,"[{""end_offset"":17,""start_offset"":0,""state"":""pure_P""},{""end_offset"":62,""start_offset"":24,""state"":""raw_codeword_specific_composite""},{""end_offset"":256,""start_offset"":85,""state"":""pure_Y""}]"
673,q_p_y,3,Y,Q,first_hidden,True,0,1,False,,,False,,,False,,,,,256,P,Y,0000111111110000111100000000111100001111111100001111000000001111,Y,"[{""end_offset"":17,""start_offset"":0,""state"":""pure_P""},{""end_offset"":62,""start_offset"":24,""state"":""raw_codeword_specific_composite""},{""end_offset"":256,""start_offset"":85,""state"":""pure_Y""}]"
673,q_p_y,3,Y,Q,final_hidden,True,0,1,False,,,False,,,False,,,,,256,P,Y,0000111111110000111100000000111100001111111100001111000000001111,Y,"[{""end_offset"":17,""start_offset"":0,""state"":""pure_P""},{""end_offset"":62,""start_offset"":24,""state"":""raw_codeword_specific_composite""},{""end_offset"":256,""start_offset"":85,""state"":""pure_Y""}]"
673,q_p_y,3,Y,Y,first_hidden,True,85,117,True,85,117,True,85,117,True,85,117,0,0,256,P,Y,0000111111110000111100000000111100001111111100001111000000001111,Y,"[{""end_offset"":17,""start_offset"":0,""state"":""pure_P""},{""end_offset"":62,""start_offset"":24,""state"":""raw_codeword_specific_composite""},{""end_offset"":256,""start_offset"":85,""state"":""pure_Y""}]"
673,q_p_y,3,Y,Y,final_hidden,True,62,85,True,85,117,True,85,117,True,85,117,23,23,256,P,Y,0000111111110000111100000000111100001111111100001111000000001111,Y,"[{""end_offset"":17,""start_offset"":0,""state"":""pure_P""},{""end_offset"":62,""start_offset"":24,""state"":""raw_codeword_specific_composite""},{""end_offset"":256,""start_offset"":85,""state"":""pure_Y""}]"
673,q_y_p,1,Q,P,first_hidden,True,0,1,False,,,False,,,False,,,,,256,,Q,1001100110011001100110011001100110011001100110011001100110011001,Q,"[{""end_offset"":4,""start_offset"":0,""state"":""raw_codeword_specific_composite""},{""end_offset"":256,""start_offset"":5,""state"":""pure_Q""}]"
673,q_y_p,1,Q,P,final_hidden,True,2,3,False,,,False,,,False,,,,,256,,Q,1001100110011001100110011001100110011001100110011001100110011001,Q,"[{""end_offset"":4,""start_offset"":0,""state"":""raw_codeword_specific_composite""},{""end_offset"":256,""start_offset"":5,""state"":""pure_Q""}]"
673,q_y_p,1,Q,Q,first_hidden,True,0,1,True,5,7,True,5,7,True,5,7,5,5,256,,Q,1001100110011001100110011001100110011001100110011001100110011001,Q,"[{""end_offset"":4,""start_offset"":0,""state"":""raw_codeword_specific_composite""},{""end_offset"":256,""start_offset"":5,""state"":""pure_Q""}]"
673,q_y_p,1,Q,Q,final_hidden,True,3,4,True,5,7,True,5,7,True,5,7,2,2,256,,Q,1001100110011001100110011001100110011001100110011001100110011001,Q,"[{""end_offset"":4,""start_offset"":0,""state"":""raw_codeword_specific_composite""},{""end_offset"":256,""start_offset"":5,""state"":""pure_Q""}]"
673,q_y_p,1,Q,Y,first_hidden,False,,,False,,,False,,,False,,,,,256,,Q,1001100110011001100110011001100110011001100110011001100110011001,Q,"[{""end_offset"":4,""start_offset"":0,""state"":""raw_codeword_specific_composite""},{""end_offset"":256,""start_offset"":5,""state"":""pure_Q""}]"
673,q_y_p,1,Q,Y,final_hidden,False,,,False,,,False,,,False,,,,,256,,Q,1001100110011001100110011001100110011001100110011001100110011001,Q,"[{""end_offset"":4,""start_offset"":0,""state"":""raw_codeword_specific_composite""},{""end_offset"":256,""start_offset"":5,""state"":""pure_Q""}]"
673,q_y_p,2,Y,P,first_hidden,True,0,1,False,,,False,,,False,,,,,256,Q,Y,0000111111110000111100000000111100001111111100001111000000001111,Y,"[{""end_offset"":9,""start_offset"":0,""state"":""pure_Q""},{""end_offset"":17,""start_offset"":13,""state"":""raw_codeword_specific_composite""},{""end_offset"":24,""start_offset"":24,""state"":""pure_Q""},{""end_offset"":85,""start_offset"":33,""state"":""raw_codeword_specific_composite""},{""end_offset"":256,""start_offset"":117,""state"":""pure_Y""}]"
673,q_y_p,2,Y,P,final_hidden,True,0,1,False,,,False,,,False,,,,,256,Q,Y,0000111111110000111100000000111100001111111100001111000000001111,Y,"[{""end_offset"":9,""start_offset"":0,""state"":""pure_Q""},{""end_offset"":17,""start_offset"":13,""state"":""raw_codeword_specific_composite""},{""end_offset"":24,""start_offset"":24,""state"":""pure_Q""},{""end_offset"":85,""start_offset"":33,""state"":""raw_codeword_specific_composite""},{""end_offset"":256,""start_offset"":117,""state"":""pure_Y""}]"
673,q_y_p,2,Y,Q,first_hidden,True,0,1,True,0,1,True,0,1,True,0,1,0,0,256,Q,Y,0000111111110000111100000000111100001111111100001111000000001111,Y,"[{""end_offset"":9,""start_offset"":0,""state"":""pure_Q""},{""end_offset"":17,""start_offset"":13,""state"":""raw_codeword_specific_composite""},{""end_offset"":24,""start_offset"":24,""state"":""pure_Q""},{""end_offset"":85,""start_offset"":33,""state"":""raw_codeword_specific_composite""},{""end_offset"":256,""start_offset"":117,""state"":""pure_Y""}]"
673,q_y_p,2,Y,Q,final_hidden,True,0,1,True,0,1,True,0,1,True,0,1,0,0,256,Q,Y,0000111111110000111100000000111100001111111100001111000000001111,Y,"[{""end_offset"":9,""start_offset"":0,""state"":""pure_Q""},{""end_offset"":17,""start_offset"":13,""state"":""raw_codeword_specific_composite""},{""end_offset"":24,""start_offset"":24,""state"":""pure_Q""},{""end_offset"":85,""start_offset"":33,""state"":""raw_codeword_specific_composite""},{""end_offset"":256,""start_offset"":117,""state"":""pure_Y""}]"
673,q_y_p,2,Y,Y,first_hidden,True,85,117,True,117,128,True,117,128,True,117,128,32,32,256,Q,Y,0000111111110000111100000000111100001111111100001111000000001111,Y,"[{""end_offset"":9,""start_offset"":0,""state"":""pure_Q""},{""end_offset"":17,""start_offset"":13,""state"":""raw_codeword_specific_composite""},{""end_offset"":24,""start_offset"":24,""state"":""pure_Q""},{""end_offset"":85,""start_offset"":33,""state"":""raw_codeword_specific_composite""},{""end_offset"":256,""start_offset"":117,""state"":""pure_Y""}]"
673,q_y_p,2,Y,Y,final_hidden,True,117,128,True,117,128,True,117,128,True,117,128,0,0,256,Q,Y,0000111111110000111100000000111100001111111100001111000000001111,Y,"[{""end_offset"":9,""start_offset"":0,""state"":""pure_Q""},{""end_offset"":17,""start_offset"":13,""state"":""raw_codeword_specific_composite""},{""end_offset"":24,""start_offset"":24,""state"":""pure_Q""},{""end_offset"":85,""start_offset"":33,""state"":""raw_codeword_specific_composite""},{""end_offset"":256,""start_offset"":117,""state"":""pure_Y""}]"
673,q_y_p,3,P,P,first_hidden,True,0,1,True,33,45,True,33,45,True,33,45,33,33,256,Y,P,0000000000000000000000000000000011111111111111111111111111111111,P,"[{""end_offset"":13,""start_offset"":0,""state"":""pure_Y""},{""end_offset"":24,""start_offset"":17,""state"":""raw_codeword_specific_composite""},{""end_offset"":256,""start_offset"":33,""state"":""pure_P""}]"
673,q_y_p,3,P,P,final_hidden,True,0,1,True,33,45,True,33,45,True,33,45,33,33,256,Y,P,0000000000000000000000000000000011111111111111111111111111111111,P,"[{""end_offset"":13,""start_offset"":0,""state"":""pure_Y""},{""end_offset"":24,""start_offset"":17,""state"":""raw_codeword_specific_composite""},{""end_offset"":256,""start_offset"":33,""state"":""pure_P""}]"
673,q_y_p,3,P,Q,first_hidden,True,0,1,False,,,False,,,False,,,,,256,Y,P,0000000000000000000000000000000011111111111111111111111111111111,P,"[{""end_offset"":13,""start_offset"":0,""state"":""pure_Y""},{""end_offset"":24,""start_offset"":17,""state"":""raw_codeword_specific_composite""},{""end_offset"":256,""start_offset"":33,""state"":""pure_P""}]"
673,q_y_p,3,P,Q,final_hidden,True,0,1,False,,,False,,,False,,,,,256,Y,P,0000000000000000000000000000000011111111111111111111111111111111,P,"[{""end_offset"":13,""start_offset"":0,""state"":""pure_Y""},{""end_offset"":24,""start_offset"":17,""state"":""raw_codeword_specific_composite""},{""end_offset"":256,""start_offset"":33,""state"":""pure_P""}]"
673,q_y_p,3,P,Y,first_hidden,True,0,1,True,0,1,True,0,1,True,0,1,0,0,256,Y,P,0000000000000000000000000000000011111111111111111111111111111111,P,"[{""end_offset"":13,""start_offset"":0,""state"":""pure_Y""},{""end_offset"":24,""start_offset"":17,""state"":""raw_codeword_specific_composite""},{""end_offset"":256,""start_offset"":33,""state"":""pure_P""}]"
673,q_y_p,3,P,Y,final_hidden,True,0,1,True,0,1,True,0,1,True,0,1,0,0,256,Y,P,0000000000000000000000000000000011111111111111111111111111111111,P,"[{""end_offset"":13,""start_offset"":0,""state"":""pure_Y""},{""end_offset"":24,""start_offset"":17,""state"":""raw_codeword_specific_composite""},{""end_offset"":256,""start_offset"":33,""state"":""pure_P""}]"
673,y_p_q,1,Y,P,first_hidden,True,0,1,False,,,False,,,False,,,,,256,,Y,0000111111110000111100000000111100001111111100001111000000001111,Y,"[{""end_offset"":9,""start_offset"":0,""state"":""raw_codeword_specific_composite""},{""end_offset"":256,""start_offset"":13,""state"":""pure_Y""}]"
673,y_p_q,1,Y,P,final_hidden,True,1,2,False,,,False,,,False,,,,,256,,Y,0000111111110000111100000000111100001111111100001111000000001111,Y,"[{""end_offset"":9,""start_offset"":0,""state"":""raw_codeword_specific_composite""},{""end_offset"":256,""start_offset"":13,""state"":""pure_Y""}]"
673,y_p_q,1,Y,Q,first_hidden,True,0,1,False,,,False,,,False,,,,,256,,Y,0000111111110000111100000000111100001111111100001111000000001111,Y,"[{""end_offset"":9,""start_offset"":0,""state"":""raw_codeword_specific_composite""},{""end_offset"":256,""start_offset"":13,""state"":""pure_Y""}]"
673,y_p_q,1,Y,Q,final_hidden,False,,,False,,,False,,,False,,,,,256,,Y,0000111111110000111100000000111100001111111100001111000000001111,Y,"[{""end_offset"":9,""start_offset"":0,""state"":""raw_codeword_specific_composite""},{""end_offset"":256,""start_offset"":13,""state"":""pure_Y""}]"
673,y_p_q,1,Y,Y,first_hidden,True,45,62,True,13,17,True,13,17,True,13,17,-32,-32,256,,Y,0000111111110000111100000000111100001111111100001111000000001111,Y,"[{""end_offset"":9,""start_offset"":0,""state"":""raw_codeword_specific_composite""},{""end_offset"":256,""start_offset"":13,""state"":""pure_Y""}]"
673,y_p_q,1,Y,Y,final_hidden,True,13,17,True,13,17,True,13,17,True,13,17,0,0,256,,Y,0000111111110000111100000000111100001111111100001111000000001111,Y,"[{""end_offset"":9,""start_offset"":0,""state"":""raw_codeword_specific_composite""},{""end_offset"":256,""start_offset"":13,""state"":""pure_Y""}]"
673,y_p_q,2,P,P,first_hidden,True,0,1,True,24,33,True,24,33,True,24,33,24,24,256,Y,P,0000000000000000000000000000000011111111111111111111111111111111,P,"[{""end_offset"":9,""start_offset"":0,""state"":""pure_Y""},{""end_offset"":17,""start_offset"":13,""state"":""raw_codeword_specific_composite""},{""end_offset"":256,""start_offset"":24,""state"":""pure_P""}]"
673,y_p_q,2,P,P,final_hidden,True,0,1,True,24,33,True,24,33,True,24,33,24,24,256,Y,P,0000000000000000000000000000000011111111111111111111111111111111,P,"[{""end_offset"":9,""start_offset"":0,""state"":""pure_Y""},{""end_offset"":17,""start_offset"":13,""state"":""raw_codeword_specific_composite""},{""end_offset"":256,""start_offset"":24,""state"":""pure_P""}]"
673,y_p_q,2,P,Q,first_hidden,False,,,False,,,False,,,False,,,,,256,Y,P,0000000000000000000000000000000011111111111111111111111111111111,P,"[{""end_offset"":9,""start_offset"":0,""state"":""pure_Y""},{""end_offset"":17,""start_offset"":13,""state"":""raw_codeword_specific_composite""},{""end_offset"":256,""start_offset"":24,""state"":""pure_P""}]"
673,y_p_q,2,P,Q,final_hidden,False,,,False,,,False,,,False,,,,,256,Y,P,0000000000000000000000000000000011111111111111111111111111111111,P,"[{""end_offset"":9,""start_offset"":0,""state"":""pure_Y""},{""end_offset"":17,""start_offset"":13,""state"":""raw_codeword_specific_composite""},{""end_offset"":256,""start_offset"":24,""state"":""pure_P""}]"
673,y_p_q,2,P,Y,first_hidden,True,0,1,True,0,1,True,0,1,True,0,1,0,0,256,Y,P,0000000000000000000000000000000011111111111111111111111111111111,P,"[{""end_offset"":9,""start_offset"":0,""state"":""pure_Y""},{""end_offset"":17,""start_offset"":13,""state"":""raw_codeword_specific_composite""},{""end_offset"":256,""start_offset"":24,""state"":""pure_P""}]"
673,y_p_q,2,P,Y,final_hidden,True,0,1,True,0,1,True,0,1,True,0,1,0,0,256,Y,P,0000000000000000000000000000000011111111111111111111111111111111,P,"[{""end_offset"":9,""start_offset"":0,""state"":""pure_Y""},{""end_offset"":17,""start_offset"":13,""state"":""raw_codeword_specific_composite""},{""end_offset"":256,""start_offset"":24,""state"":""pure_P""}]"
673,y_p_q,3,Q,P,first_hidden,True,0,1,True,0,1,True,0,1,True,0,1,0,0,256,P,Q,1001100110011001100110011001100110011001100110011001100110011001,Q,"[{""end_offset"":24,""start_offset"":0,""state"":""pure_P""},{""end_offset"":33,""start_offset"":33,""state"":""raw_codeword_specific_composite""},{""end_offset"":256,""start_offset"":45,""state"":""pure_Q""}]"
673,y_p_q,3,Q,P,final_hidden,True,0,1,True,0,1,True,0,1,True,0,1,0,0,256,P,Q,1001100110011001100110011001100110011001100110011001100110011001,Q,"[{""end_offset"":24,""start_offset"":0,""state"":""pure_P""},{""end_offset"":33,""start_offset"":33,""state"":""raw_codeword_specific_composite""},{""end_offset"":256,""start_offset"":45,""state"":""pure_Q""}]"
673,y_p_q,3,Q,Q,first_hidden,True,62,85,True,45,62,True,45,62,True,45,62,-17,-17,256,P,Q,1001100110011001100110011001100110011001100110011001100110011001,Q,"[{""end_offset"":24,""start_offset"":0,""state"":""pure_P""},{""end_offset"":33,""start_offset"":33,""state"":""raw_codeword_specific_composite""},{""end_offset"":256,""start_offset"":45,""state"":""pure_Q""}]"
673,y_p_q,3,Q,Q,final_hidden,True,62,85,True,45,62,True,45,62,True,45,62,-17,-17,256,P,Q,1001100110011001100110011001100110011001100110011001100110011001,Q,"[{""end_offset"":24,""start_offset"":0,""state"":""pure_P""},{""end_offset"":33,""start_offset"":33,""state"":""raw_codeword_specific_composite""},{""end_offset"":256,""start_offset"":45,""state"":""pure_Q""}]"
673,y_p_q,3,Q,Y,first_hidden,False,,,False,,,False,,,False,,,,,256,P,Q,1001100110011001100110011001100110011001100110011001100110011001,Q,"[{""end_offset"":24,""start_offset"":0,""state"":""pure_P""},{""end_offset"":33,""start_offset"":33,""state"":""raw_codeword_specific_composite""},{""end_offset"":256,""start_offset"":45,""state"":""pure_Q""}]"
673,y_p_q,3,Q,Y,final_hidden,True,5,7,False,,,False,,,False,,,,,256,P,Q,1001100110011001100110011001100110011001100110011001100110011001,Q,"[{""end_offset"":24,""start_offset"":0,""state"":""pure_P""},{""end_offset"":33,""start_offset"":33,""state"":""raw_codeword_specific_composite""},{""end_offset"":256,""start_offset"":45,""state"":""pure_Q""}]"
673,y_q_p,1,Y,P,first_hidden,True,0,1,False,,,False,,,False,,,,,256,,Y,0000111111110000111100000000111100001111111100001111000000001111,Y,"[{""end_offset"":9,""start_offset"":0,""state"":""raw_codeword_specific_composite""},{""end_offset"":256,""start_offset"":13,""state"":""pure_Y""}]"
673,y_q_p,1,Y,P,final_hidden,True,1,2,False,,,False,,,False,,,,,256,,Y,0000111111110000111100000000111100001111111100001111000000001111,Y,"[{""end_offset"":9,""start_offset"":0,""state"":""raw_codeword_specific_composite""},{""end_offset"":256,""start_offset"":13,""state"":""pure_Y""}]"
673,y_q_p,1,Y,Q,first_hidden,True,0,1,False,,,False,,,False,,,,,256,,Y,0000111111110000111100000000111100001111111100001111000000001111,Y,"[{""end_offset"":9,""start_offset"":0,""state"":""raw_codeword_specific_composite""},{""end_offset"":256,""start_offset"":13,""state"":""pure_Y""}]"
673,y_q_p,1,Y,Q,final_hidden,False,,,False,,,False,,,False,,,,,256,,Y,0000111111110000111100000000111100001111111100001111000000001111,Y,"[{""end_offset"":9,""start_offset"":0,""state"":""raw_codeword_specific_composite""},{""end_offset"":256,""start_offset"":13,""state"":""pure_Y""}]"
673,y_q_p,1,Y,Y,first_hidden,True,45,62,True,13,17,True,13,17,True,13,17,-32,-32,256,,Y,0000111111110000111100000000111100001111111100001111000000001111,Y,"[{""end_offset"":9,""start_offset"":0,""state"":""raw_codeword_specific_composite""},{""end_offset"":256,""start_offset"":13,""state"":""pure_Y""}]"
673,y_q_p,1,Y,Y,final_hidden,True,13,17,True,13,17,True,13,17,True,13,17,0,0,256,,Y,0000111111110000111100000000111100001111111100001111000000001111,Y,"[{""end_offset"":9,""start_offset"":0,""state"":""raw_codeword_specific_composite""},{""end_offset"":256,""start_offset"":13,""state"":""pure_Y""}]"
673,y_q_p,2,Q,P,first_hidden,True,0,1,False,,,False,,,False,,,,,256,Y,Q,1001100110011001100110011001100110011001100110011001100110011001,Q,"[{""end_offset"":13,""start_offset"":0,""state"":""pure_Y""},{""end_offset"":33,""start_offset"":17,""state"":""raw_codeword_specific_composite""},{""end_offset"":256,""start_offset"":45,""state"":""pure_Q""}]"
673,y_q_p,2,Q,P,final_hidden,True,0,1,False,,,False,,,False,,,,,256,Y,Q,1001100110011001100110011001100110011001100110011001100110011001,Q,"[{""end_offset"":13,""start_offset"":0,""state"":""pure_Y""},{""end_offset"":33,""start_offset"":17,""state"":""raw_codeword_specific_composite""},{""end_offset"":256,""start_offset"":45,""state"":""pure_Q""}]"
673,y_q_p,2,Q,Q,first_hidden,True,33,45,True,45,62,True,45,62,True,45,62,12,12,256,Y,Q,1001100110011001100110011001100110011001100110011001100110011001,Q,"[{""end_offset"":13,""start_offset"":0,""state"":""pure_Y""},{""end_offset"":33,""start_offset"":17,""state"":""raw_codeword_specific_composite""},{""end_offset"":256,""start_offset"":45,""state"":""pure_Q""}]"
673,y_q_p,2,Q,Q,final_hidden,True,45,62,True,45,62,True,45,62,True,45,62,0,0,256,Y,Q,1001100110011001100110011001100110011001100110011001100110011001,Q,"[{""end_offset"":13,""start_offset"":0,""state"":""pure_Y""},{""end_offset"":33,""start_offset"":17,""state"":""raw_codeword_specific_composite""},{""end_offset"":256,""start_offset"":45,""state"":""pure_Q""}]"
673,y_q_p,2,Q,Y,first_hidden,True,0,1,True,0,1,True,0,1,True,0,1,0,0,256,Y,Q,1001100110011001100110011001100110011001100110011001100110011001,Q,"[{""end_offset"":13,""start_offset"":0,""state"":""pure_Y""},{""end_offset"":33,""start_offset"":17,""state"":""raw_codeword_specific_composite""},{""end_offset"":256,""start_offset"":45,""state"":""pure_Q""}]"
673,y_q_p,2,Q,Y,final_hidden,True,0,1,True,0,1,True,0,1,True,0,1,0,0,256,Y,Q,1001100110011001100110011001100110011001100110011001100110011001,Q,"[{""end_offset"":13,""start_offset"":0,""state"":""pure_Y""},{""end_offset"":33,""start_offset"":17,""state"":""raw_codeword_specific_composite""},{""end_offset"":256,""start_offset"":45,""state"":""pure_Q""}]"
673,y_q_p,3,P,P,first_hidden,True,0,1,True,24,33,True,24,33,True,24,33,24,24,256,Q,P,0000000000000000000000000000000011111111111111111111111111111111,P,"[{""end_offset"":17,""start_offset"":0,""state"":""pure_Q""},{""end_offset"":256,""start_offset"":24,""state"":""pure_P""}]"
673,y_q_p,3,P,P,final_hidden,True,4,5,True,24,33,True,24,33,True,24,33,20,20,256,Q,P,0000000000000000000000000000000011111111111111111111111111111111,P,"[{""end_offset"":17,""start_offset"":0,""state"":""pure_Q""},{""end_offset"":256,""start_offset"":24,""state"":""pure_P""}]"
673,y_q_p,3,P,Q,first_hidden,True,0,1,True,0,1,True,0,1,True,0,1,0,0,256,Q,P,0000000000000000000000000000000011111111111111111111111111111111,P,"[{""end_offset"":17,""start_offset"":0,""state"":""pure_Q""},{""end_offset"":256,""start_offset"":24,""state"":""pure_P""}]"
673,y_q_p,3,P,Q,final_hidden,True,0,1,True,0,1,True,0,1,True,0,1,0,0,256,Q,P,0000000000000000000000000000000011111111111111111111111111111111,P,"[{""end_offset"":17,""start_offset"":0,""state"":""pure_Q""},{""end_offset"":256,""start_offset"":24,""state"":""pure_P""}]"
673,y_q_p,3,P,Y,first_hidden,False,,,False,,,False,,,False,,,,,256,Q,P,0000000000000000000000000000000011111111111111111111111111111111,P,"[{""end_offset"":17,""start_offset"":0,""state"":""pure_Q""},{""end_offset"":256,""start_offset"":24,""state"":""pure_P""}]"
673,y_q_p,3,P,Y,final_hidden,False,,,False,,,False,,,False,,,,,256,Q,P,0000000000000000000000000000000011111111111111111111111111111111,P,"[{""end_offset"":17,""start_offset"":0,""state"":""pure_Q""},{""end_offset"":256,""start_offset"":24,""state"":""pure_P""}]"
677,p_q_y,1,P,P,first_hidden,True,0,1,True,4,5,True,4,5,True,4,5,4,4,256,,P,0000000000000000000000000000000011111111111111111111111111111111,P,"[{""end_offset"":3,""start_offset"":0,""state"":""raw_codeword_specific_composite""},{""end_offset"":256,""start_offset"":4,""state"":""pure_P""}]"
677,p_q_y,1,P,P,final_hidden,True,0,1,True,4,5,True,4,5,True,4,5,4,4,256,,P,0000000000000000000000000000000011111111111111111111111111111111,P,"[{""end_offset"":3,""start_offset"":0,""state"":""raw_codeword_specific_composite""},{""end_offset"":256,""start_offset"":4,""state"":""pure_P""}]"
677,p_q_y,1,P,Q,first_hidden,False,,,False,,,False,,,False,,,,,256,,P,0000000000000000000000000000000011111111111111111111111111111111,P,"[{""end_offset"":3,""start_offset"":0,""state"":""raw_codeword_specific_composite""},{""end_offset"":256,""start_offset"":4,""state"":""pure_P""}]"
677,p_q_y,1,P,Q,final_hidden,False,,,False,,,False,,,False,,,,,256,,P,0000000000000000000000000000000011111111111111111111111111111111,P,"[{""end_offset"":3,""start_offset"":0,""state"":""raw_codeword_specific_composite""},{""end_offset"":256,""start_offset"":4,""state"":""pure_P""}]"
677,p_q_y,1,P,Y,first_hidden,False,,,False,,,False,,,False,,,,,256,,P,0000000000000000000000000000000011111111111111111111111111111111,P,"[{""end_offset"":3,""start_offset"":0,""state"":""raw_codeword_specific_composite""},{""end_offset"":256,""start_offset"":4,""state"":""pure_P""}]"
677,p_q_y,1,P,Y,final_hidden,False,,,False,,,False,,,False,,,,,256,,P,0000000000000000000000000000000011111111111111111111111111111111,P,"[{""end_offset"":3,""start_offset"":0,""state"":""raw_codeword_specific_composite""},{""end_offset"":256,""start_offset"":4,""state"":""pure_P""}]"
677,p_q_y,2,Q,P,first_hidden,True,0,1,True,0,1,True,0,1,True,0,1,0,0,256,P,Q,1001100110011001100110011001100110011001100110011001100110011001,Q,"[{""end_offset"":13,""start_offset"":0,""state"":""pure_P""},{""end_offset"":33,""start_offset"":17,""state"":""raw_codeword_specific_composite""},{""end_offset"":256,""start_offset"":45,""state"":""pure_Q""}]"
677,p_q_y,2,Q,P,final_hidden,True,0,1,True,0,1,True,0,1,True,0,1,0,0,256,P,Q,1001100110011001100110011001100110011001100110011001100110011001,Q,"[{""end_offset"":13,""start_offset"":0,""state"":""pure_P""},{""end_offset"":33,""start_offset"":17,""state"":""raw_codeword_specific_composite""},{""end_offset"":256,""start_offset"":45,""state"":""pure_Q""}]"
677,p_q_y,2,Q,Q,first_hidden,True,33,45,True,45,62,True,45,62,True,45,62,12,12,256,P,Q,1001100110011001100110011001100110011001100110011001100110011001,Q,"[{""end_offset"":13,""start_offset"":0,""state"":""pure_P""},{""end_offset"":33,""start_offset"":17,""state"":""raw_codeword_specific_composite""},{""end_offset"":256,""start_offset"":45,""state"":""pure_Q""}]"
677,p_q_y,2,Q,Q,final_hidden,True,45,62,True,45,62,True,45,62,True,45,62,0,0,256,P,Q,1001100110011001100110011001100110011001100110011001100110011001,Q,"[{""end_offset"":13,""start_offset"":0,""state"":""pure_P""},{""end_offset"":33,""start_offset"":17,""state"":""raw_codeword_specific_composite""},{""end_offset"":256,""start_offset"":45,""state"":""pure_Q""}]"
677,p_q_y,2,Q,Y,first_hidden,False,,,False,,,False,,,False,,,,,256,P,Q,1001100110011001100110011001100110011001100110011001100110011001,Q,"[{""end_offset"":13,""start_offset"":0,""state"":""pure_P""},{""end_offset"":33,""start_offset"":17,""state"":""raw_codeword_specific_composite""},{""end_offset"":256,""start_offset"":45,""state"":""pure_Q""}]"
677,p_q_y,2,Q,Y,final_hidden,False,,,False,,,False,,,False,,,,,256,P,Q,1001100110011001100110011001100110011001100110011001100110011001,Q,"[{""end_offset"":13,""start_offset"":0,""state"":""pure_P""},{""end_offset"":33,""start_offset"":17,""state"":""raw_codeword_specific_composite""},{""end_offset"":256,""start_offset"":45,""state"":""pure_Q""}]"
677,p_q_y,3,Y,P,first_hidden,True,0,1,False,,,False,,,False,,,,,256,Q,Y,0000111111110000111100000000111100001111111100001111000000001111,Y,"[{""end_offset"":17,""start_offset"":0,""state"":""pure_Q""},{""end_offset"":24,""start_offset"":24,""state"":""other_candidate_tuple_consistent""},{""end_offset"":85,""start_offset"":33,""state"":""raw_codeword_specific_composite""},{""end_offset"":256,""start_offset"":117,""state"":""pure_Y""}]"
677,p_q_y,3,Y,P,final_hidden,True,0,1,False,,,False,,,False,,,,,256,Q,Y,0000111111110000111100000000111100001111111100001111000000001111,Y,"[{""end_offset"":17,""start_offset"":0,""state"":""pure_Q""},{""end_offset"":24,""start_offset"":24,""state"":""other_candidate_tuple_consistent""},{""end_offset"":85,""start_offset"":33,""state"":""raw_codeword_specific_composite""},{""end_offset"":256,""start_offset"":117,""state"":""pure_Y""}]"
677,p_q_y,3,Y,Q,first_hidden,True,0,1,True,0,1,True,0,1,True,0,1,0,0,256,Q,Y,0000111111110000111100000000111100001111111100001111000000001111,Y,"[{""end_offset"":17,""start_offset"":0,""state"":""pure_Q""},{""end_offset"":24,""start_offset"":24,""state"":""other_candidate_tuple_consistent""},{""end_offset"":85,""start_offset"":33,""state"":""raw_codeword_specific_composite""},{""end_offset"":256,""start_offset"":117,""state"":""pure_Y""}]"
677,p_q_y,3,Y,Q,final_hidden,True,0,1,True,0,1,True,0,1,True,0,1,0,0,256,Q,Y,0000111111110000111100000000111100001111111100001111000000001111,Y,"[{""end_offset"":17,""start_offset"":0,""state"":""pure_Q""},{""end_offset"":24,""start_offset"":24,""state"":""other_candidate_tuple_consistent""},{""end_offset"":85,""start_offset"":33,""state"":""raw_codeword_specific_composite""},{""end_offset"":256,""start_offset"":117,""state"":""pure_Y""}]"
677,p_q_y,3,Y,Y,first_hidden,True,85,117,True,117,128,True,117,128,True,117,128,32,32,256,Q,Y,0000111111110000111100000000111100001111111100001111000000001111,Y,"[{""end_offset"":17,""start_offset"":0,""state"":""pure_Q""},{""end_offset"":24,""start_offset"":24,""state"":""other_candidate_tuple_consistent""},{""end_offset"":85,""start_offset"":33,""state"":""raw_codeword_specific_composite""},{""end_offset"":256,""start_offset"":117,""state"":""pure_Y""}]"
677,p_q_y,3,Y,Y,final_hidden,True,117,128,True,117,128,True,117,128,True,117,128,0,0,256,Q,Y,0000111111110000111100000000111100001111111100001111000000001111,Y,"[{""end_offset"":17,""start_offset"":0,""state"":""pure_Q""},{""end_offset"":24,""start_offset"":24,""state"":""other_candidate_tuple_consistent""},{""end_offset"":85,""start_offset"":33,""state"":""raw_codeword_specific_composite""},{""end_offset"":256,""start_offset"":117,""state"":""pure_Y""}]"
677,p_y_q,1,P,P,first_hidden,True,0,1,True,4,5,True,4,5,True,4,5,4,4,256,,P,0000000000000000000000000000000011111111111111111111111111111111,P,"[{""end_offset"":3,""start_offset"":0,""state"":""raw_codeword_specific_composite""},{""end_offset"":256,""start_offset"":4,""state"":""pure_P""}]"
677,p_y_q,1,P,P,final_hidden,True,0,1,True,4,5,True,4,5,True,4,5,4,4,256,,P,0000000000000000000000000000000011111111111111111111111111111111,P,"[{""end_offset"":3,""start_offset"":0,""state"":""raw_codeword_specific_composite""},{""end_offset"":256,""start_offset"":4,""state"":""pure_P""}]"
677,p_y_q,1,P,Q,first_hidden,False,,,False,,,False,,,False,,,,,256,,P,0000000000000000000000000000000011111111111111111111111111111111,P,"[{""end_offset"":3,""start_offset"":0,""state"":""raw_codeword_specific_composite""},{""end_offset"":256,""start_offset"":4,""state"":""pure_P""}]"
677,p_y_q,1,P,Q,final_hidden,False,,,False,,,False,,,False,,,,,256,,P,0000000000000000000000000000000011111111111111111111111111111111,P,"[{""end_offset"":3,""start_offset"":0,""state"":""raw_codeword_specific_composite""},{""end_offset"":256,""start_offset"":4,""state"":""pure_P""}]"
677,p_y_q,1,P,Y,first_hidden,False,,,False,,,False,,,False,,,,,256,,P,0000000000000000000000000000000011111111111111111111111111111111,P,"[{""end_offset"":3,""start_offset"":0,""state"":""raw_codeword_specific_composite""},{""end_offset"":256,""start_offset"":4,""state"":""pure_P""}]"
677,p_y_q,1,P,Y,final_hidden,False,,,False,,,False,,,False,,,,,256,,P,0000000000000000000000000000000011111111111111111111111111111111,P,"[{""end_offset"":3,""start_offset"":0,""state"":""raw_codeword_specific_composite""},{""end_offset"":256,""start_offset"":4,""state"":""pure_P""}]"
677,p_y_q,2,Y,P,first_hidden,True,0,1,True,0,1,True,0,1,True,0,1,0,0,256,P,Y,0000111111110000111100000000111100001111111100001111000000001111,Y,"[{""end_offset"":13,""start_offset"":0,""state"":""pure_P""},{""end_offset"":24,""start_offset"":17,""state"":""raw_codeword_specific_composite""},{""end_offset"":45,""start_offset"":33,""state"":""pure_P""},{""end_offset"":62,""start_offset"":62,""state"":""raw_codeword_specific_composite""},{""end_offset"":128,""start_offset"":85,""state"":""other_candidate_tuple_consistent""},{""end_offset"":256,""start_offset"":161,""state"":""pure_Y""}]"
677,p_y_q,2,Y,P,final_hidden,True,0,1,True,0,1,True,0,1,True,0,1,0,0,256,P,Y,0000111111110000111100000000111100001111111100001111000000001111,Y,"[{""end_offset"":13,""start_offset"":0,""state"":""pure_P""},{""end_offset"":24,""start_offset"":17,""state"":""raw_codeword_specific_composite""},{""end_offset"":45,""start_offset"":33,""state"":""pure_P""},{""end_offset"":62,""start_offset"":62,""state"":""raw_codeword_specific_composite""},{""end_offset"":128,""start_offset"":85,""state"":""other_candidate_tuple_consistent""},{""end_offset"":256,""start_offset"":161,""state"":""pure_Y""}]"
677,p_y_q,2,Y,Q,first_hidden,True,5,7,False,,,False,,,False,,,,,256,P,Y,0000111111110000111100000000111100001111111100001111000000001111,Y,"[{""end_offset"":13,""start_offset"":0,""state"":""pure_P""},{""end_offset"":24,""start_offset"":17,""state"":""raw_codeword_specific_composite""},{""end_offset"":45,""start_offset"":33,""state"":""pure_P""},{""end_offset"":62,""start_offset"":62,""state"":""raw_codeword_specific_composite""},{""end_offset"":128,""start_offset"":85,""state"":""other_candidate_tuple_consistent""},{""end_offset"":256,""start_offset"":161,""state"":""pure_Y""}]"
677,p_y_q,2,Y,Q,final_hidden,False,,,False,,,False,,,False,,,,,256,P,Y,0000111111110000111100000000111100001111111100001111000000001111,Y,"[{""end_offset"":13,""start_offset"":0,""state"":""pure_P""},{""end_offset"":24,""start_offset"":17,""state"":""raw_codeword_specific_composite""},{""end_offset"":45,""start_offset"":33,""state"":""pure_P""},{""end_offset"":62,""start_offset"":62,""state"":""raw_codeword_specific_composite""},{""end_offset"":128,""start_offset"":85,""state"":""other_candidate_tuple_consistent""},{""end_offset"":256,""start_offset"":161,""state"":""pure_Y""}]"
677,p_y_q,2,Y,Y,first_hidden,True,85,117,True,161,222,True,161,222,True,161,222,76,76,256,P,Y,0000111111110000111100000000111100001111111100001111000000001111,Y,"[{""end_offset"":13,""start_offset"":0,""state"":""pure_P""},{""end_offset"":24,""start_offset"":17,""state"":""raw_codeword_specific_composite""},{""end_offset"":45,""start_offset"":33,""state"":""pure_P""},{""end_offset"":62,""start_offset"":62,""state"":""raw_codeword_specific_composite""},{""end_offset"":128,""start_offset"":85,""state"":""other_candidate_tuple_consistent""},{""end_offset"":256,""start_offset"":161,""state"":""pure_Y""}]"
677,p_y_q,2,Y,Y,final_hidden,True,117,128,True,161,222,True,161,222,True,161,222,44,44,256,P,Y,0000111111110000111100000000111100001111111100001111000000001111,Y,"[{""end_offset"":13,""start_offset"":0,""state"":""pure_P""},{""end_offset"":24,""start_offset"":17,""state"":""raw_codeword_specific_composite""},{""end_offset"":45,""start_offset"":33,""state"":""pure_P""},{""end_offset"":62,""start_offset"":62,""state"":""raw_codeword_specific_composite""},{""end_offset"":128,""start_offset"":85,""state"":""other_candidate_tuple_consistent""},{""end_offset"":256,""start_offset"":161,""state"":""pure_Y""}]"
677,p_y_q,3,Q,P,first_hidden,True,0,1,False,,,False,,,False,,,,,256,Y,Q,1001100110011001100110011001100110011001100110011001100110011001,Q,"[{""end_offset"":9,""start_offset"":0,""state"":""pure_Y""},{""end_offset"":13,""start_offset"":13,""state"":""raw_codeword_specific_composite""},{""end_offset"":17,""start_offset"":17,""state"":""pure_Y""},{""end_offset"":62,""start_offset"":24,""state"":""raw_codeword_specific_composite""},{""end_offset"":256,""start_offset"":85,""state"":""pure_Q""}]"
677,p_y_q,3,Q,P,final_hidden,True,0,1,False,,,False,,,False,,,,,256,Y,Q,1001100110011001100110011001100110011001100110011001100110011001,Q,"[{""end_offset"":9,""start_offset"":0,""state"":""pure_Y""},{""end_offset"":13,""start_offset"":13,""state"":""raw_codeword_specific_composite""},{""end_offset"":17,""start_offset"":17,""state"":""pure_Y""},{""end_offset"":62,""start_offset"":24,""state"":""raw_codeword_specific_composite""},{""end_offset"":256,""start_offset"":85,""state"":""pure_Q""}]"
677,p_y_q,3,Q,Q,first_hidden,True,0,1,True,85,117,True,85,117,True,85,117,85,85,256,Y,Q,1001100110011001100110011001100110011001100110011001100110011001,Q,"[{""end_offset"":9,""start_offset"":0,""state"":""pure_Y""},{""end_offset"":13,""start_offset"":13,""state"":""raw_codeword_specific_composite""},{""end_offset"":17,""start_offset"":17,""state"":""pure_Y""},{""end_offset"":62,""start_offset"":24,""state"":""raw_codeword_specific_composite""},{""end_offset"":256,""start_offset"":85,""state"":""pure_Q""}]"
677,p_y_q,3,Q,Q,final_hidden,True,85,117,True,85,117,True,85,117,True,85,117,0,0,256,Y,Q,1001100110011001100110011001100110011001100110011001100110011001,Q,"[{""end_offset"":9,""start_offset"":0,""state"":""pure_Y""},{""end_offset"":13,""start_offset"":13,""state"":""raw_codeword_specific_composite""},{""end_offset"":17,""start_offset"":17,""state"":""pure_Y""},{""end_offset"":62,""start_offset"":24,""state"":""raw_codeword_specific_composite""},{""end_offset"":256,""start_offset"":85,""state"":""pure_Q""}]"
677,p_y_q,3,Q,Y,first_hidden,True,0,1,True,0,1,True,0,1,True,0,1,0,0,256,Y,Q,1001100110011001100110011001100110011001100110011001100110011001,Q,"[{""end_offset"":9,""start_offset"":0,""state"":""pure_Y""},{""end_offset"":13,""start_offset"":13,""state"":""raw_codeword_specific_composite""},{""end_offset"":17,""start_offset"":17,""state"":""pure_Y""},{""end_offset"":62,""start_offset"":24,""state"":""raw_codeword_specific_composite""},{""end_offset"":256,""start_offset"":85,""state"":""pure_Q""}]"
677,p_y_q,3,Q,Y,final_hidden,True,0,1,True,0,1,True,0,1,True,0,1,0,0,256,Y,Q,1001100110011001100110011001100110011001100110011001100110011001,Q,"[{""end_offset"":9,""start_offset"":0,""state"":""pure_Y""},{""end_offset"":13,""start_offset"":13,""state"":""raw_codeword_specific_composite""},{""end_offset"":17,""start_offset"":17,""state"":""pure_Y""},{""end_offset"":62,""start_offset"":24,""state"":""raw_codeword_specific_composite""},{""end_offset"":256,""start_offset"":85,""state"":""pure_Q""}]"
677,q_p_y,1,Q,P,first_hidden,True,0,1,False,,,False,,,False,,,,,256,,Q,1001100110011001100110011001100110011001100110011001100110011001,Q,"[{""end_offset"":7,""start_offset"":0,""state"":""raw_codeword_specific_composite""},{""end_offset"":256,""start_offset"":9,""state"":""pure_Q""}]"
677,q_p_y,1,Q,P,final_hidden,True,4,5,False,,,False,,,False,,,,,256,,Q,1001100110011001100110011001100110011001100110011001100110011001,Q,"[{""end_offset"":7,""start_offset"":0,""state"":""raw_codeword_specific_composite""},{""end_offset"":256,""start_offset"":9,""state"":""pure_Q""}]"
677,q_p_y,1,Q,Q,first_hidden,True,17,24,True,9,13,True,9,13,True,9,13,-8,-8,256,,Q,1001100110011001100110011001100110011001100110011001100110011001,Q,"[{""end_offset"":7,""start_offset"":0,""state"":""raw_codeword_specific_composite""},{""end_offset"":256,""start_offset"":9,""state"":""pure_Q""}]"
677,q_p_y,1,Q,Q,final_hidden,True,9,13,True,9,13,True,9,13,True,9,13,0,0,256,,Q,1001100110011001100110011001100110011001100110011001100110011001,Q,"[{""end_offset"":7,""start_offset"":0,""state"":""raw_codeword_specific_composite""},{""end_offset"":256,""start_offset"":9,""state"":""pure_Q""}]"
677,q_p_y,1,Q,Y,first_hidden,False,,,False,,,False,,,False,,,,,256,,Q,1001100110011001100110011001100110011001100110011001100110011001,Q,"[{""end_offset"":7,""start_offset"":0,""state"":""raw_codeword_specific_composite""},{""end_offset"":256,""start_offset"":9,""state"":""pure_Q""}]"
677,q_p_y,1,Q,Y,final_hidden,False,,,False,,,False,,,False,,,,,256,,Q,1001100110011001100110011001100110011001100110011001100110011001,Q,"[{""end_offset"":7,""start_offset"":0,""state"":""raw_codeword_specific_composite""},{""end_offset"":256,""start_offset"":9,""state"":""pure_Q""}]"
677,q_p_y,2,P,P,first_hidden,True,0,1,True,33,45,True,33,45,True,33,45,33,33,256,Q,P,0000000000000000000000000000000011111111111111111111111111111111,P,"[{""end_offset"":9,""start_offset"":0,""state"":""pure_Q""},{""end_offset"":24,""start_offset"":13,""state"":""raw_codeword_specific_composite""},{""end_offset"":256,""start_offset"":33,""state"":""pure_P""}]"
677,q_p_y,2,P,P,final_hidden,True,0,1,True,33,45,True,33,45,True,33,45,33,33,256,Q,P,0000000000000000000000000000000011111111111111111111111111111111,P,"[{""end_offset"":9,""start_offset"":0,""state"":""pure_Q""},{""end_offset"":24,""start_offset"":13,""state"":""raw_codeword_specific_composite""},{""end_offset"":256,""start_offset"":33,""state"":""pure_P""}]"
677,q_p_y,2,P,Q,first_hidden,True,0,1,True,0,1,True,0,1,True,0,1,0,0,256,Q,P,0000000000000000000000000000000011111111111111111111111111111111,P,"[{""end_offset"":9,""start_offset"":0,""state"":""pure_Q""},{""end_offset"":24,""start_offset"":13,""state"":""raw_codeword_specific_composite""},{""end_offset"":256,""start_offset"":33,""state"":""pure_P""}]"
677,q_p_y,2,P,Q,final_hidden,True,0,1,True,0,1,True,0,1,True,0,1,0,0,256,Q,P,0000000000000000000000000000000011111111111111111111111111111111,P,"[{""end_offset"":9,""start_offset"":0,""state"":""pure_Q""},{""end_offset"":24,""start_offset"":13,""state"":""raw_codeword_specific_composite""},{""end_offset"":256,""start_offset"":33,""state"":""pure_P""}]"
677,q_p_y,2,P,Y,first_hidden,False,,,False,,,False,,,False,,,,,256,Q,P,0000000000000000000000000000000011111111111111111111111111111111,P,"[{""end_offset"":9,""start_offset"":0,""state"":""pure_Q""},{""end_offset"":24,""start_offset"":13,""state"":""raw_codeword_specific_composite""},{""end_offset"":256,""start_offset"":33,""state"":""pure_P""}]"
677,q_p_y,2,P,Y,final_hidden,False,,,False,,,False,,,False,,,,,256,Q,P,0000000000000000000000000000000011111111111111111111111111111111,P,"[{""end_offset"":9,""start_offset"":0,""state"":""pure_Q""},{""end_offset"":24,""start_offset"":13,""state"":""raw_codeword_specific_composite""},{""end_offset"":256,""start_offset"":33,""state"":""pure_P""}]"
677,q_p_y,3,Y,P,first_hidden,True,0,1,True,0,1,True,0,1,True,0,1,0,0,256,P,Y,0000111111110000111100000000111100001111111100001111000000001111,Y,"[{""end_offset"":33,""start_offset"":0,""state"":""pure_P""},{""end_offset"":85,""start_offset"":45,""state"":""raw_codeword_specific_composite""},{""end_offset"":256,""start_offset"":117,""state"":""pure_Y""}]"
677,q_p_y,3,Y,P,final_hidden,True,0,1,True,0,1,True,0,1,True,0,1,0,0,256,P,Y,0000111111110000111100000000111100001111111100001111000000001111,Y,"[{""end_offset"":33,""start_offset"":0,""state"":""pure_P""},{""end_offset"":85,""start_offset"":45,""state"":""raw_codeword_specific_composite""},{""end_offset"":256,""start_offset"":117,""state"":""pure_Y""}]"
677,q_p_y,3,Y,Q,first_hidden,True,0,1,False,,,False,,,False,,,,,256,P,Y,0000111111110000111100000000111100001111111100001111000000001111,Y,"[{""end_offset"":33,""start_offset"":0,""state"":""pure_P""},{""end_offset"":85,""start_offset"":45,""state"":""raw_codeword_specific_composite""},{""end_offset"":256,""start_offset"":117,""state"":""pure_Y""}]"
677,q_p_y,3,Y,Q,final_hidden,True,0,1,False,,,False,,,False,,,,,256,P,Y,0000111111110000111100000000111100001111111100001111000000001111,Y,"[{""end_offset"":33,""start_offset"":0,""state"":""pure_P""},{""end_offset"":85,""start_offset"":45,""state"":""raw_codeword_specific_composite""},{""end_offset"":256,""start_offset"":117,""state"":""pure_Y""}]"
677,q_p_y,3,Y,Y,first_hidden,True,117,128,True,117,128,True,117,128,True,117,128,0,0,256,P,Y,0000111111110000111100000000111100001111111100001111000000001111,Y,"[{""end_offset"":33,""start_offset"":0,""state"":""pure_P""},{""end_offset"":85,""start_offset"":45,""state"":""raw_codeword_specific_composite""},{""end_offset"":256,""start_offset"":117,""state"":""pure_Y""}]"
677,q_p_y,3,Y,Y,final_hidden,True,117,128,True,117,128,True,117,128,True,117,128,0,0,256,P,Y,0000111111110000111100000000111100001111111100001111000000001111,Y,"[{""end_offset"":33,""start_offset"":0,""state"":""pure_P""},{""end_offset"":85,""start_offset"":45,""state"":""raw_codeword_specific_composite""},{""end_offset"":256,""start_offset"":117,""state"":""pure_Y""}]"
677,q_y_p,1,Q,P,first_hidden,True,0,1,False,,,False,,,False,,,,,256,,Q,1001100110011001100110011001100110011001100110011001100110011001,Q,"[{""end_offset"":7,""start_offset"":0,""state"":""raw_codeword_specific_composite""},{""end_offset"":256,""start_offset"":9,""state"":""pure_Q""}]"
677,q_y_p,1,Q,P,final_hidden,True,4,5,False,,,False,,,False,,,,,256,,Q,1001100110011001100110011001100110011001100110011001100110011001,Q,"[{""end_offset"":7,""start_offset"":0,""state"":""raw_codeword_specific_composite""},{""end_offset"":256,""start_offset"":9,""state"":""pure_Q""}]"
677,q_y_p,1,Q,Q,first_hidden,True,17,24,True,9,13,True,9,13,True,9,13,-8,-8,256,,Q,1001100110011001100110011001100110011001100110011001100110011001,Q,"[{""end_offset"":7,""start_offset"":0,""state"":""raw_codeword_specific_composite""},{""end_offset"":256,""start_offset"":9,""state"":""pure_Q""}]"
677,q_y_p,1,Q,Q,final_hidden,True,9,13,True,9,13,True,9,13,True,9,13,0,0,256,,Q,1001100110011001100110011001100110011001100110011001100110011001,Q,"[{""end_offset"":7,""start_offset"":0,""state"":""raw_codeword_specific_composite""},{""end_offset"":256,""start_offset"":9,""state"":""pure_Q""}]"
677,q_y_p,1,Q,Y,first_hidden,False,,,False,,,False,,,False,,,,,256,,Q,1001100110011001100110011001100110011001100110011001100110011001,Q,"[{""end_offset"":7,""start_offset"":0,""state"":""raw_codeword_specific_composite""},{""end_offset"":256,""start_offset"":9,""state"":""pure_Q""}]"
677,q_y_p,1,Q,Y,final_hidden,False,,,False,,,False,,,False,,,,,256,,Q,1001100110011001100110011001100110011001100110011001100110011001,Q,"[{""end_offset"":7,""start_offset"":0,""state"":""raw_codeword_specific_composite""},{""end_offset"":256,""start_offset"":9,""state"":""pure_Q""}]"
677,q_y_p,2,Y,P,first_hidden,True,0,1,False,,,False,,,False,,,,,256,Q,Y,0000111111110000111100000000111100001111111100001111000000001111,Y,"[{""end_offset"":13,""start_offset"":0,""state"":""pure_Q""},{""end_offset"":24,""start_offset"":17,""state"":""raw_codeword_specific_composite""},{""end_offset"":33,""start_offset"":33,""state"":""pure_Q""},{""end_offset"":85,""start_offset"":45,""state"":""raw_codeword_specific_composite""},{""end_offset"":256,""start_offset"":117,""state"":""pure_Y""}]"
677,q_y_p,2,Y,P,final_hidden,True,0,1,False,,,False,,,False,,,,,256,Q,Y,0000111111110000111100000000111100001111111100001111000000001111,Y,"[{""end_offset"":13,""start_offset"":0,""state"":""pure_Q""},{""end_offset"":24,""start_offset"":17,""state"":""raw_codeword_specific_composite""},{""end_offset"":33,""start_offset"":33,""state"":""pure_Q""},{""end_offset"":85,""start_offset"":45,""state"":""raw_codeword_specific_composite""},{""end_offset"":256,""start_offset"":117,""state"":""pure_Y""}]"
677,q_y_p,2,Y,Q,first_hidden,True,0,1,True,0,1,True,0,1,True,0,1,0,0,256,Q,Y,0000111111110000111100000000111100001111111100001111000000001111,Y,"[{""end_offset"":13,""start_offset"":0,""state"":""pure_Q""},{""end_offset"":24,""start_offset"":17,""state"":""raw_codeword_specific_composite""},{""end_offset"":33,""start_offset"":33,""state"":""pure_Q""},{""end_offset"":85,""start_offset"":45,""state"":""raw_codeword_specific_composite""},{""end_offset"":256,""start_offset"":117,""state"":""pure_Y""}]"
677,q_y_p,2,Y,Q,final_hidden,True,0,1,True,0,1,True,0,1,True,0,1,0,0,256,Q,Y,0000111111110000111100000000111100001111111100001111000000001111,Y,"[{""end_offset"":13,""start_offset"":0,""state"":""pure_Q""},{""end_offset"":24,""start_offset"":17,""state"":""raw_codeword_specific_composite""},{""end_offset"":33,""start_offset"":33,""state"":""pure_Q""},{""end_offset"":85,""start_offset"":45,""state"":""raw_codeword_specific_composite""},{""end_offset"":256,""start_offset"":117,""state"":""pure_Y""}]"
677,q_y_p,2,Y,Y,first_hidden,True,85,117,True,117,128,True,117,128,True,117,128,32,32,256,Q,Y,0000111111110000111100000000111100001111111100001111000000001111,Y,"[{""end_offset"":13,""start_offset"":0,""state"":""pure_Q""},{""end_offset"":24,""start_offset"":17,""state"":""raw_codeword_specific_composite""},{""end_offset"":33,""start_offset"":33,""state"":""pure_Q""},{""end_offset"":85,""start_offset"":45,""state"":""raw_codeword_specific_composite""},{""end_offset"":256,""start_offset"":117,""state"":""pure_Y""}]"
677,q_y_p,2,Y,Y,final_hidden,True,128,161,True,117,128,True,117,128,True,117,128,-11,-11,256,Q,Y,0000111111110000111100000000111100001111111100001111000000001111,Y,"[{""end_offset"":13,""start_offset"":0,""state"":""pure_Q""},{""end_offset"":24,""start_offset"":17,""state"":""raw_codeword_specific_composite""},{""end_offset"":33,""start_offset"":33,""state"":""pure_Q""},{""end_offset"":85,""start_offset"":45,""state"":""raw_codeword_specific_composite""},{""end_offset"":256,""start_offset"":117,""state"":""pure_Y""}]"
677,q_y_p,3,P,P,first_hidden,True,0,1,True,24,33,True,24,33,True,24,33,24,24,256,Y,P,0000000000000000000000000000000011111111111111111111111111111111,P,"[{""end_offset"":13,""start_offset"":0,""state"":""pure_Y""},{""end_offset"":17,""start_offset"":17,""state"":""raw_codeword_specific_composite""},{""end_offset"":256,""start_offset"":24,""state"":""pure_P""}]"
677,q_y_p,3,P,P,final_hidden,True,24,33,True,24,33,True,24,33,True,24,33,0,0,256,Y,P,0000000000000000000000000000000011111111111111111111111111111111,P,"[{""end_offset"":13,""start_offset"":0,""state"":""pure_Y""},{""end_offset"":17,""start_offset"":17,""state"":""raw_codeword_specific_composite""},{""end_offset"":256,""start_offset"":24,""state"":""pure_P""}]"
677,q_y_p,3,P,Q,first_hidden,True,0,1,False,,,False,,,False,,,,,256,Y,P,0000000000000000000000000000000011111111111111111111111111111111,P,"[{""end_offset"":13,""start_offset"":0,""state"":""pure_Y""},{""end_offset"":17,""start_offset"":17,""state"":""raw_codeword_specific_composite""},{""end_offset"":256,""start_offset"":24,""state"":""pure_P""}]"
677,q_y_p,3,P,Q,final_hidden,True,24,33,False,,,False,,,False,,,,,256,Y,P,0000000000000000000000000000000011111111111111111111111111111111,P,"[{""end_offset"":13,""start_offset"":0,""state"":""pure_Y""},{""end_offset"":17,""start_offset"":17,""state"":""raw_codeword_specific_composite""},{""end_offset"":256,""start_offset"":24,""state"":""pure_P""}]"
677,q_y_p,3,P,Y,first_hidden,True,0,1,True,0,1,True,0,1,True,0,1,0,0,256,Y,P,0000000000000000000000000000000011111111111111111111111111111111,P,"[{""end_offset"":13,""start_offset"":0,""state"":""pure_Y""},{""end_offset"":17,""start_offset"":17,""state"":""raw_codeword_specific_composite""},{""end_offset"":256,""start_offset"":24,""state"":""pure_P""}]"
677,q_y_p,3,P,Y,final_hidden,True,0,1,True,0,1,True,0,1,True,0,1,0,0,256,Y,P,0000000000000000000000000000000011111111111111111111111111111111,P,"[{""end_offset"":13,""start_offset"":0,""state"":""pure_Y""},{""end_offset"":17,""start_offset"":17,""state"":""raw_codeword_specific_composite""},{""end_offset"":256,""start_offset"":24,""state"":""pure_P""}]"
677,y_p_q,1,Y,P,first_hidden,True,0,1,False,,,False,,,False,,,,,256,,Y,0000111111110000111100000000111100001111111100001111000000001111,Y,"[{""end_offset"":9,""start_offset"":0,""state"":""raw_codeword_specific_composite""},{""end_offset"":256,""start_offset"":13,""state"":""pure_Y""}]"
677,y_p_q,1,Y,P,final_hidden,True,0,1,False,,,False,,,False,,,,,256,,Y,0000111111110000111100000000111100001111111100001111000000001111,Y,"[{""end_offset"":9,""start_offset"":0,""state"":""raw_codeword_specific_composite""},{""end_offset"":256,""start_offset"":13,""state"":""pure_Y""}]"
677,y_p_q,1,Y,Q,first_hidden,False,,,False,,,False,,,False,,,,,256,,Y,0000111111110000111100000000111100001111111100001111000000001111,Y,"[{""end_offset"":9,""start_offset"":0,""state"":""raw_codeword_specific_composite""},{""end_offset"":256,""start_offset"":13,""state"":""pure_Y""}]"
677,y_p_q,1,Y,Q,final_hidden,False,,,False,,,False,,,False,,,,,256,,Y,0000111111110000111100000000111100001111111100001111000000001111,Y,"[{""end_offset"":9,""start_offset"":0,""state"":""raw_codeword_specific_composite""},{""end_offset"":256,""start_offset"":13,""state"":""pure_Y""}]"
677,y_p_q,1,Y,Y,first_hidden,True,33,45,True,13,17,True,13,17,True,13,17,-20,-20,256,,Y,0000111111110000111100000000111100001111111100001111000000001111,Y,"[{""end_offset"":9,""start_offset"":0,""state"":""raw_codeword_specific_composite""},{""end_offset"":256,""start_offset"":13,""state"":""pure_Y""}]"
677,y_p_q,1,Y,Y,final_hidden,True,24,33,True,13,17,True,13,17,True,13,17,-11,-11,256,,Y,0000111111110000111100000000111100001111111100001111000000001111,Y,"[{""end_offset"":9,""start_offset"":0,""state"":""raw_codeword_specific_composite""},{""end_offset"":256,""start_offset"":13,""state"":""pure_Y""}]"
677,y_p_q,2,P,P,first_hidden,True,0,1,True,24,33,True,24,33,True,24,33,24,24,256,Y,P,0000000000000000000000000000000011111111111111111111111111111111,P,"[{""end_offset"":9,""start_offset"":0,""state"":""pure_Y""},{""end_offset"":17,""start_offset"":13,""state"":""raw_codeword_specific_composite""},{""end_offset"":256,""start_offset"":24,""state"":""pure_P""}]"
677,y_p_q,2,P,P,final_hidden,True,0,1,True,24,33,True,24,33,True,24,33,24,24,256,Y,P,0000000000000000000000000000000011111111111111111111111111111111,P,"[{""end_offset"":9,""start_offset"":0,""state"":""pure_Y""},{""end_offset"":17,""start_offset"":13,""state"":""raw_codeword_specific_composite""},{""end_offset"":256,""start_offset"":24,""state"":""pure_P""}]"
677,y_p_q,2,P,Q,first_hidden,False,,,False,,,False,,,False,,,,,256,Y,P,0000000000000000000000000000000011111111111111111111111111111111,P,"[{""end_offset"":9,""start_offset"":0,""state"":""pure_Y""},{""end_offset"":17,""start_offset"":13,""state"":""raw_codeword_specific_composite""},{""end_offset"":256,""start_offset"":24,""state"":""pure_P""}]"
677,y_p_q,2,P,Q,final_hidden,False,,,False,,,False,,,False,,,,,256,Y,P,0000000000000000000000000000000011111111111111111111111111111111,P,"[{""end_offset"":9,""start_offset"":0,""state"":""pure_Y""},{""end_offset"":17,""start_offset"":13,""state"":""raw_codeword_specific_composite""},{""end_offset"":256,""start_offset"":24,""state"":""pure_P""}]"
677,y_p_q,2,P,Y,first_hidden,True,0,1,True,0,1,True,0,1,True,0,1,0,0,256,Y,P,0000000000000000000000000000000011111111111111111111111111111111,P,"[{""end_offset"":9,""start_offset"":0,""state"":""pure_Y""},{""end_offset"":17,""start_offset"":13,""state"":""raw_codeword_specific_composite""},{""end_offset"":256,""start_offset"":24,""state"":""pure_P""}]"
677,y_p_q,2,P,Y,final_hidden,True,0,1,True,0,1,True,0,1,True,0,1,0,0,256,Y,P,0000000000000000000000000000000011111111111111111111111111111111,P,"[{""end_offset"":9,""start_offset"":0,""state"":""pure_Y""},{""end_offset"":17,""start_offset"":13,""state"":""raw_codeword_specific_composite""},{""end_offset"":256,""start_offset"":24,""state"":""pure_P""}]"
677,y_p_q,3,Q,P,first_hidden,True,0,1,True,0,1,True,0,1,True,0,1,0,0,256,P,Q,1001100110011001100110011001100110011001100110011001100110011001,Q,"[{""end_offset"":24,""start_offset"":0,""state"":""pure_P""},{""end_offset"":45,""start_offset"":33,""state"":""raw_codeword_specific_composite""},{""end_offset"":256,""start_offset"":62,""state"":""pure_Q""}]"
677,y_p_q,3,Q,P,final_hidden,True,0,1,True,0,1,True,0,1,True,0,1,0,0,256,P,Q,1001100110011001100110011001100110011001100110011001100110011001,Q,"[{""end_offset"":24,""start_offset"":0,""state"":""pure_P""},{""end_offset"":45,""start_offset"":33,""state"":""raw_codeword_specific_composite""},{""end_offset"":256,""start_offset"":62,""state"":""pure_Q""}]"
677,y_p_q,3,Q,Q,first_hidden,True,85,117,True,62,85,True,62,85,True,62,85,-23,-23,256,P,Q,1001100110011001100110011001100110011001100110011001100110011001,Q,"[{""end_offset"":24,""start_offset"":0,""state"":""pure_P""},{""end_offset"":45,""start_offset"":33,""state"":""raw_codeword_specific_composite""},{""end_offset"":256,""start_offset"":62,""state"":""pure_Q""}]"
677,y_p_q,3,Q,Q,final_hidden,True,85,117,True,62,85,True,62,85,True,62,85,-23,-23,256,P,Q,1001100110011001100110011001100110011001100110011001100110011001,Q,"[{""end_offset"":24,""start_offset"":0,""state"":""pure_P""},{""end_offset"":45,""start_offset"":33,""state"":""raw_codeword_specific_composite""},{""end_offset"":256,""start_offset"":62,""state"":""pure_Q""}]"
677,y_p_q,3,Q,Y,first_hidden,True,0,1,False,,,False,,,False,,,,,256,P,Q,1001100110011001100110011001100110011001100110011001100110011001,Q,"[{""end_offset"":24,""start_offset"":0,""state"":""pure_P""},{""end_offset"":45,""start_offset"":33,""state"":""raw_codeword_specific_composite""},{""end_offset"":256,""start_offset"":62,""state"":""pure_Q""}]"
677,y_p_q,3,Q,Y,final_hidden,True,0,1,False,,,False,,,False,,,,,256,P,Q,1001100110011001100110011001100110011001100110011001100110011001,Q,"[{""end_offset"":24,""start_offset"":0,""state"":""pure_P""},{""end_offset"":45,""start_offset"":33,""state"":""raw_codeword_specific_composite""},{""end_offset"":256,""start_offset"":62,""state"":""pure_Q""}]"
677,y_q_p,1,Y,P,first_hidden,True,0,1,False,,,False,,,False,,,,,256,,Y,0000111111110000111100000000111100001111111100001111000000001111,Y,"[{""end_offset"":9,""start_offset"":0,""state"":""raw_codeword_specific_composite""},{""end_offset"":256,""start_offset"":13,""state"":""pure_Y""}]"
677,y_q_p,1,Y,P,final_hidden,True,0,1,False,,,False,,,False,,,,,256,,Y,0000111111110000111100000000111100001111111100001111000000001111,Y,"[{""end_offset"":9,""start_offset"":0,""state"":""raw_codeword_specific_composite""},{""end_offset"":256,""start_offset"":13,""state"":""pure_Y""}]"
677,y_q_p,1,Y,Q,first_hidden,False,,,False,,,False,,,False,,,,,256,,Y,0000111111110000111100000000111100001111111100001111000000001111,Y,"[{""end_offset"":9,""start_offset"":0,""state"":""raw_codeword_specific_composite""},{""end_offset"":256,""start_offset"":13,""state"":""pure_Y""}]"
677,y_q_p,1,Y,Q,final_hidden,False,,,False,,,False,,,False,,,,,256,,Y,0000111111110000111100000000111100001111111100001111000000001111,Y,"[{""end_offset"":9,""start_offset"":0,""state"":""raw_codeword_specific_composite""},{""end_offset"":256,""start_offset"":13,""state"":""pure_Y""}]"
677,y_q_p,1,Y,Y,first_hidden,True,33,45,True,13,17,True,13,17,True,13,17,-20,-20,256,,Y,0000111111110000111100000000111100001111111100001111000000001111,Y,"[{""end_offset"":9,""start_offset"":0,""state"":""raw_codeword_specific_composite""},{""end_offset"":256,""start_offset"":13,""state"":""pure_Y""}]"
677,y_q_p,1,Y,Y,final_hidden,True,24,33,True,13,17,True,13,17,True,13,17,-11,-11,256,,Y,0000111111110000111100000000111100001111111100001111000000001111,Y,"[{""end_offset"":9,""start_offset"":0,""state"":""raw_codeword_specific_composite""},{""end_offset"":256,""start_offset"":13,""state"":""pure_Y""}]"
677,y_q_p,2,Q,P,first_hidden,True,0,1,False,,,False,,,False,,,,,256,Y,Q,1001100110011001100110011001100110011001100110011001100110011001,Q,"[{""end_offset"":13,""start_offset"":0,""state"":""pure_Y""},{""end_offset"":33,""start_offset"":17,""state"":""raw_codeword_specific_composite""},{""end_offset"":256,""start_offset"":45,""state"":""pure_Q""}]"
677,y_q_p,2,Q,P,final_hidden,True,0,1,False,,,False,,,False,,,,,256,Y,Q,1001100110011001100110011001100110011001100110011001100110011001,Q,"[{""end_offset"":13,""start_offset"":0,""state"":""pure_Y""},{""end_offset"":33,""start_offset"":17,""state"":""raw_codeword_specific_composite""},{""end_offset"":256,""start_offset"":45,""state"":""pure_Q""}]"
677,y_q_p,2,Q,Q,first_hidden,True,62,85,True,45,62,True,45,62,True,45,62,-17,-17,256,Y,Q,1001100110011001100110011001100110011001100110011001100110011001,Q,"[{""end_offset"":13,""start_offset"":0,""state"":""pure_Y""},{""end_offset"":33,""start_offset"":17,""state"":""raw_codeword_specific_composite""},{""end_offset"":256,""start_offset"":45,""state"":""pure_Q""}]"
677,y_q_p,2,Q,Q,final_hidden,True,45,62,True,45,62,True,45,62,True,45,62,0,0,256,Y,Q,1001100110011001100110011001100110011001100110011001100110011001,Q,"[{""end_offset"":13,""start_offset"":0,""state"":""pure_Y""},{""end_offset"":33,""start_offset"":17,""state"":""raw_codeword_specific_composite""},{""end_offset"":256,""start_offset"":45,""state"":""pure_Q""}]"
677,y_q_p,2,Q,Y,first_hidden,True,0,1,True,0,1,True,0,1,True,0,1,0,0,256,Y,Q,1001100110011001100110011001100110011001100110011001100110011001,Q,"[{""end_offset"":13,""start_offset"":0,""state"":""pure_Y""},{""end_offset"":33,""start_offset"":17,""state"":""raw_codeword_specific_composite""},{""end_offset"":256,""start_offset"":45,""state"":""pure_Q""}]"
677,y_q_p,2,Q,Y,final_hidden,True,0,1,True,0,1,True,0,1,True,0,1,0,0,256,Y,Q,1001100110011001100110011001100110011001100110011001100110011001,Q,"[{""end_offset"":13,""start_offset"":0,""state"":""pure_Y""},{""end_offset"":33,""start_offset"":17,""state"":""raw_codeword_specific_composite""},{""end_offset"":256,""start_offset"":45,""state"":""pure_Q""}]"
677,y_q_p,3,P,P,first_hidden,True,0,1,True,33,45,True,33,45,True,33,45,33,33,256,Q,P,0000000000000000000000000000000011111111111111111111111111111111,P,"[{""end_offset"":9,""start_offset"":0,""state"":""pure_Q""},{""end_offset"":24,""start_offset"":13,""state"":""raw_codeword_specific_composite""},{""end_offset"":256,""start_offset"":33,""state"":""pure_P""}]"
677,y_q_p,3,P,P,final_hidden,True,33,45,True,33,45,True,33,45,True,33,45,0,0,256,Q,P,0000000000000000000000000000000011111111111111111111111111111111,P,"[{""end_offset"":9,""start_offset"":0,""state"":""pure_Q""},{""end_offset"":24,""start_offset"":13,""state"":""raw_codeword_specific_composite""},{""end_offset"":256,""start_offset"":33,""state"":""pure_P""}]"
677,y_q_p,3,P,Q,first_hidden,True,0,1,True,0,1,True,0,1,True,0,1,0,0,256,Q,P,0000000000000000000000000000000011111111111111111111111111111111,P,"[{""end_offset"":9,""start_offset"":0,""state"":""pure_Q""},{""end_offset"":24,""start_offset"":13,""state"":""raw_codeword_specific_composite""},{""end_offset"":256,""start_offset"":33,""state"":""pure_P""}]"
677,y_q_p,3,P,Q,final_hidden,True,0,1,True,0,1,True,0,1,True,0,1,0,0,256,Q,P,0000000000000000000000000000000011111111111111111111111111111111,P,"[{""end_offset"":9,""start_offset"":0,""state"":""pure_Q""},{""end_offset"":24,""start_offset"":13,""state"":""raw_codeword_specific_composite""},{""end_offset"":256,""start_offset"":33,""state"":""pure_P""}]"
677,y_q_p,3,P,Y,first_hidden,False,,,False,,,False,,,False,,,,,256,Q,P,0000000000000000000000000000000011111111111111111111111111111111,P,"[{""end_offset"":9,""start_offset"":0,""state"":""pure_Q""},{""end_offset"":24,""start_offset"":13,""state"":""raw_codeword_specific_composite""},{""end_offset"":256,""start_offset"":33,""state"":""pure_P""}]"
677,y_q_p,3,P,Y,final_hidden,True,45,62,False,,,False,,,False,,,,,256,Q,P,0000000000000000000000000000000011111111111111111111111111111111,P,"[{""end_offset"":9,""start_offset"":0,""state"":""pure_Q""},{""end_offset"":24,""start_offset"":13,""state"":""raw_codeword_specific_composite""},{""end_offset"":256,""start_offset"":33,""state"":""pure_P""}]"
683,p_q_y,1,P,P,first_hidden,True,0,1,True,3,4,True,3,4,True,3,4,3,3,256,,P,0000000000000000000000000000000011111111111111111111111111111111,P,"[{""end_offset"":2,""start_offset"":0,""state"":""raw_codeword_specific_composite""},{""end_offset"":256,""start_offset"":3,""state"":""pure_P""}]"
683,p_q_y,1,P,P,final_hidden,True,0,1,True,3,4,True,3,4,True,3,4,3,3,256,,P,0000000000000000000000000000000011111111111111111111111111111111,P,"[{""end_offset"":2,""start_offset"":0,""state"":""raw_codeword_specific_composite""},{""end_offset"":256,""start_offset"":3,""state"":""pure_P""}]"
683,p_q_y,1,P,Q,first_hidden,True,0,1,False,,,False,,,False,,,,,256,,P,0000000000000000000000000000000011111111111111111111111111111111,P,"[{""end_offset"":2,""start_offset"":0,""state"":""raw_codeword_specific_composite""},{""end_offset"":256,""start_offset"":3,""state"":""pure_P""}]"
683,p_q_y,1,P,Q,final_hidden,False,,,False,,,False,,,False,,,,,256,,P,0000000000000000000000000000000011111111111111111111111111111111,P,"[{""end_offset"":2,""start_offset"":0,""state"":""raw_codeword_specific_composite""},{""end_offset"":256,""start_offset"":3,""state"":""pure_P""}]"
683,p_q_y,1,P,Y,first_hidden,False,,,False,,,False,,,False,,,,,256,,P,0000000000000000000000000000000011111111111111111111111111111111,P,"[{""end_offset"":2,""start_offset"":0,""state"":""raw_codeword_specific_composite""},{""end_offset"":256,""start_offset"":3,""state"":""pure_P""}]"
683,p_q_y,1,P,Y,final_hidden,False,,,False,,,False,,,False,,,,,256,,P,0000000000000000000000000000000011111111111111111111111111111111,P,"[{""end_offset"":2,""start_offset"":0,""state"":""raw_codeword_specific_composite""},{""end_offset"":256,""start_offset"":3,""state"":""pure_P""}]"
683,p_q_y,2,Q,P,first_hidden,True,0,1,True,0,1,True,0,1,True,0,1,0,0,256,P,Q,1001100110011001100110011001100110011001100110011001100110011001,Q,"[{""end_offset"":13,""start_offset"":0,""state"":""pure_P""},{""end_offset"":24,""start_offset"":17,""state"":""raw_codeword_specific_composite""},{""end_offset"":33,""start_offset"":33,""state"":""pure_P""},{""end_offset"":45,""start_offset"":45,""state"":""other_candidate_tuple_consistent""},{""end_offset"":256,""start_offset"":62,""state"":""pure_Q""}]"
683,p_q_y,2,Q,P,final_hidden,True,0,1,True,0,1,True,0,1,True,0,1,0,0,256,P,Q,1001100110011001100110011001100110011001100110011001100110011001,Q,"[{""end_offset"":13,""start_offset"":0,""state"":""pure_P""},{""end_offset"":24,""start_offset"":17,""state"":""raw_codeword_specific_composite""},{""end_offset"":33,""start_offset"":33,""state"":""pure_P""},{""end_offset"":45,""start_offset"":45,""state"":""other_candidate_tuple_consistent""},{""end_offset"":256,""start_offset"":62,""state"":""pure_Q""}]"
683,p_q_y,2,Q,Q,first_hidden,True,0,1,True,62,85,True,62,85,True,62,85,62,62,256,P,Q,1001100110011001100110011001100110011001100110011001100110011001,Q,"[{""end_offset"":13,""start_offset"":0,""state"":""pure_P""},{""end_offset"":24,""start_offset"":17,""state"":""raw_codeword_specific_composite""},{""end_offset"":33,""start_offset"":33,""state"":""pure_P""},{""end_offset"":45,""start_offset"":45,""state"":""other_candidate_tuple_consistent""},{""end_offset"":256,""start_offset"":62,""state"":""pure_Q""}]"
683,p_q_y,2,Q,Q,final_hidden,True,7,9,True,62,85,True,62,85,True,62,85,55,55,256,P,Q,1001100110011001100110011001100110011001100110011001100110011001,Q,"[{""end_offset"":13,""start_offset"":0,""state"":""pure_P""},{""end_offset"":24,""start_offset"":17,""state"":""raw_codeword_specific_composite""},{""end_offset"":33,""start_offset"":33,""state"":""pure_P""},{""end_offset"":45,""start_offset"":45,""state"":""other_candidate_tuple_consistent""},{""end_offset"":256,""start_offset"":62,""state"":""pure_Q""}]"
683,p_q_y,2,Q,Y,first_hidden,False,,,False,,,False,,,False,,,,,256,P,Q,1001100110011001100110011001100110011001100110011001100110011001,Q,"[{""end_offset"":13,""start_offset"":0,""state"":""pure_P""},{""end_offset"":24,""start_offset"":17,""state"":""raw_codeword_specific_composite""},{""end_offset"":33,""start_offset"":33,""state"":""pure_P""},{""end_offset"":45,""start_offset"":45,""state"":""other_candidate_tuple_consistent""},{""end_offset"":256,""start_offset"":62,""state"":""pure_Q""}]"
683,p_q_y,2,Q,Y,final_hidden,False,,,False,,,False,,,False,,,,,256,P,Q,1001100110011001100110011001100110011001100110011001100110011001,Q,"[{""end_offset"":13,""start_offset"":0,""state"":""pure_P""},{""end_offset"":24,""start_offset"":17,""state"":""raw_codeword_specific_composite""},{""end_offset"":33,""start_offset"":33,""state"":""pure_P""},{""end_offset"":45,""start_offset"":45,""state"":""other_candidate_tuple_consistent""},{""end_offset"":256,""start_offset"":62,""state"":""pure_Q""}]"
683,p_q_y,3,Y,P,first_hidden,True,0,1,False,,,False,,,False,,,,,256,Q,Y,0000111111110000111100000000111100001111111100001111000000001111,Y,"[{""end_offset"":13,""start_offset"":0,""state"":""pure_Q""},{""end_offset"":24,""start_offset"":17,""state"":""raw_codeword_specific_composite""},{""end_offset"":33,""start_offset"":33,""state"":""other_candidate_tuple_consistent""},{""end_offset"":62,""start_offset"":45,""state"":""raw_codeword_specific_composite""},{""end_offset"":256,""start_offset"":85,""state"":""pure_Y""}]"
683,p_q_y,3,Y,P,final_hidden,True,0,1,False,,,False,,,False,,,,,256,Q,Y,0000111111110000111100000000111100001111111100001111000000001111,Y,"[{""end_offset"":13,""start_offset"":0,""state"":""pure_Q""},{""end_offset"":24,""start_offset"":17,""state"":""raw_codeword_specific_composite""},{""end_offset"":33,""start_offset"":33,""state"":""other_candidate_tuple_consistent""},{""end_offset"":62,""start_offset"":45,""state"":""raw_codeword_specific_composite""},{""end_offset"":256,""start_offset"":85,""state"":""pure_Y""}]"
683,p_q_y,3,Y,Q,first_hidden,True,0,1,True,0,1,True,0,1,True,0,1,0,0,256,Q,Y,0000111111110000111100000000111100001111111100001111000000001111,Y,"[{""end_offset"":13,""start_offset"":0,""state"":""pure_Q""},{""end_offset"":24,""start_offset"":17,""state"":""raw_codeword_specific_composite""},{""end_offset"":33,""start_offset"":33,""state"":""other_candidate_tuple_consistent""},{""end_offset"":62,""start_offset"":45,""state"":""raw_codeword_specific_composite""},{""end_offset"":256,""start_offset"":85,""state"":""pure_Y""}]"
683,p_q_y,3,Y,Q,final_hidden,True,0,1,True,0,1,True,0,1,True,0,1,0,0,256,Q,Y,0000111111110000111100000000111100001111111100001111000000001111,Y,"[{""end_offset"":13,""start_offset"":0,""state"":""pure_Q""},{""end_offset"":24,""start_offset"":17,""state"":""raw_codeword_specific_composite""},{""end_offset"":33,""start_offset"":33,""state"":""other_candidate_tuple_consistent""},{""end_offset"":62,""start_offset"":45,""state"":""raw_codeword_specific_composite""},{""end_offset"":256,""start_offset"":85,""state"":""pure_Y""}]"
683,p_q_y,3,Y,Y,first_hidden,True,62,85,True,85,117,True,85,117,True,85,117,23,23,256,Q,Y,0000111111110000111100000000111100001111111100001111000000001111,Y,"[{""end_offset"":13,""start_offset"":0,""state"":""pure_Q""},{""end_offset"":24,""start_offset"":17,""state"":""raw_codeword_specific_composite""},{""end_offset"":33,""start_offset"":33,""state"":""other_candidate_tuple_consistent""},{""end_offset"":62,""start_offset"":45,""state"":""raw_codeword_specific_composite""},{""end_offset"":256,""start_offset"":85,""state"":""pure_Y""}]"
683,p_q_y,3,Y,Y,final_hidden,True,85,117,True,85,117,True,85,117,True,85,117,0,0,256,Q,Y,0000111111110000111100000000111100001111111100001111000000001111,Y,"[{""end_offset"":13,""start_offset"":0,""state"":""pure_Q""},{""end_offset"":24,""start_offset"":17,""state"":""raw_codeword_specific_composite""},{""end_offset"":33,""start_offset"":33,""state"":""other_candidate_tuple_consistent""},{""end_offset"":62,""start_offset"":45,""state"":""raw_codeword_specific_composite""},{""end_offset"":256,""start_offset"":85,""state"":""pure_Y""}]"
683,p_y_q,1,P,P,first_hidden,True,0,1,True,3,4,True,3,4,True,3,4,3,3,256,,P,0000000000000000000000000000000011111111111111111111111111111111,P,"[{""end_offset"":2,""start_offset"":0,""state"":""raw_codeword_specific_composite""},{""end_offset"":256,""start_offset"":3,""state"":""pure_P""}]"
683,p_y_q,1,P,P,final_hidden,True,0,1,True,3,4,True,3,4,True,3,4,3,3,256,,P,0000000000000000000000000000000011111111111111111111111111111111,P,"[{""end_offset"":2,""start_offset"":0,""state"":""raw_codeword_specific_composite""},{""end_offset"":256,""start_offset"":3,""state"":""pure_P""}]"
683,p_y_q,1,P,Q,first_hidden,True,0,1,False,,,False,,,False,,,,,256,,P,0000000000000000000000000000000011111111111111111111111111111111,P,"[{""end_offset"":2,""start_offset"":0,""state"":""raw_codeword_specific_composite""},{""end_offset"":256,""start_offset"":3,""state"":""pure_P""}]"
683,p_y_q,1,P,Q,final_hidden,False,,,False,,,False,,,False,,,,,256,,P,0000000000000000000000000000000011111111111111111111111111111111,P,"[{""end_offset"":2,""start_offset"":0,""state"":""raw_codeword_specific_composite""},{""end_offset"":256,""start_offset"":3,""state"":""pure_P""}]"
683,p_y_q,1,P,Y,first_hidden,False,,,False,,,False,,,False,,,,,256,,P,0000000000000000000000000000000011111111111111111111111111111111,P,"[{""end_offset"":2,""start_offset"":0,""state"":""raw_codeword_specific_composite""},{""end_offset"":256,""start_offset"":3,""state"":""pure_P""}]"
683,p_y_q,1,P,Y,final_hidden,False,,,False,,,False,,,False,,,,,256,,P,0000000000000000000000000000000011111111111111111111111111111111,P,"[{""end_offset"":2,""start_offset"":0,""state"":""raw_codeword_specific_composite""},{""end_offset"":256,""start_offset"":3,""state"":""pure_P""}]"
683,p_y_q,2,Y,P,first_hidden,True,0,1,True,0,1,True,0,1,True,0,1,0,0,256,P,Y,0000111111110000111100000000111100001111111100001111000000001111,Y,"[{""end_offset"":13,""start_offset"":0,""state"":""pure_P""},{""end_offset"":24,""start_offset"":17,""state"":""raw_codeword_specific_composite""},{""end_offset"":33,""start_offset"":33,""state"":""pure_P""},{""end_offset"":45,""start_offset"":45,""state"":""raw_codeword_specific_composite""},{""end_offset"":62,""start_offset"":62,""state"":""other_candidate_tuple_consistent""},{""end_offset"":85,""start_offset"":85,""state"":""raw_codeword_specific_composite""},{""end_offset"":256,""start_offset"":117,""state"":""pure_Y""}]"
683,p_y_q,2,Y,P,final_hidden,True,0,1,True,0,1,True,0,1,True,0,1,0,0,256,P,Y,0000111111110000111100000000111100001111111100001111000000001111,Y,"[{""end_offset"":13,""start_offset"":0,""state"":""pure_P""},{""end_offset"":24,""start_offset"":17,""state"":""raw_codeword_specific_composite""},{""end_offset"":33,""start_offset"":33,""state"":""pure_P""},{""end_offset"":45,""start_offset"":45,""state"":""raw_codeword_specific_composite""},{""end_offset"":62,""start_offset"":62,""state"":""other_candidate_tuple_consistent""},{""end_offset"":85,""start_offset"":85,""state"":""raw_codeword_specific_composite""},{""end_offset"":256,""start_offset"":117,""state"":""pure_Y""}]"
683,p_y_q,2,Y,Q,first_hidden,True,0,1,False,,,False,,,False,,,,,256,P,Y,0000111111110000111100000000111100001111111100001111000000001111,Y,"[{""end_offset"":13,""start_offset"":0,""state"":""pure_P""},{""end_offset"":24,""start_offset"":17,""state"":""raw_codeword_specific_composite""},{""end_offset"":33,""start_offset"":33,""state"":""pure_P""},{""end_offset"":45,""start_offset"":45,""state"":""raw_codeword_specific_composite""},{""end_offset"":62,""start_offset"":62,""state"":""other_candidate_tuple_consistent""},{""end_offset"":85,""start_offset"":85,""state"":""raw_codeword_specific_composite""},{""end_offset"":256,""start_offset"":117,""state"":""pure_Y""}]"
683,p_y_q,2,Y,Q,final_hidden,False,,,False,,,False,,,False,,,,,256,P,Y,0000111111110000111100000000111100001111111100001111000000001111,Y,"[{""end_offset"":13,""start_offset"":0,""state"":""pure_P""},{""end_offset"":24,""start_offset"":17,""state"":""raw_codeword_specific_composite""},{""end_offset"":33,""start_offset"":33,""state"":""pure_P""},{""end_offset"":45,""start_offset"":45,""state"":""raw_codeword_specific_composite""},{""end_offset"":62,""start_offset"":62,""state"":""other_candidate_tuple_consistent""},{""end_offset"":85,""start_offset"":85,""state"":""raw_codeword_specific_composite""},{""end_offset"":256,""start_offset"":117,""state"":""pure_Y""}]"
683,p_y_q,2,Y,Y,first_hidden,True,45,62,True,117,128,True,117,128,True,117,128,72,72,256,P,Y,0000111111110000111100000000111100001111111100001111000000001111,Y,"[{""end_offset"":13,""start_offset"":0,""state"":""pure_P""},{""end_offset"":24,""start_offset"":17,""state"":""raw_codeword_specific_composite""},{""end_offset"":33,""start_offset"":33,""state"":""pure_P""},{""end_offset"":45,""start_offset"":45,""state"":""raw_codeword_specific_composite""},{""end_offset"":62,""start_offset"":62,""state"":""other_candidate_tuple_consistent""},{""end_offset"":85,""start_offset"":85,""state"":""raw_codeword_specific_composite""},{""end_offset"":256,""start_offset"":117,""state"":""pure_Y""}]"
683,p_y_q,2,Y,Y,final_hidden,True,85,117,True,117,128,True,117,128,True,117,128,32,32,256,P,Y,0000111111110000111100000000111100001111111100001111000000001111,Y,"[{""end_offset"":13,""start_offset"":0,""state"":""pure_P""},{""end_offset"":24,""start_offset"":17,""state"":""raw_codeword_specific_composite""},{""end_offset"":33,""start_offset"":33,""state"":""pure_P""},{""end_offset"":45,""start_offset"":45,""state"":""raw_codeword_specific_composite""},{""end_offset"":62,""start_offset"":62,""state"":""other_candidate_tuple_consistent""},{""end_offset"":85,""start_offset"":85,""state"":""raw_codeword_specific_composite""},{""end_offset"":256,""start_offset"":117,""state"":""pure_Y""}]"
683,p_y_q,3,Q,P,first_hidden,True,0,1,False,,,False,,,False,,,,,256,Y,Q,1001100110011001100110011001100110011001100110011001100110011001,Q,"[{""end_offset"":7,""start_offset"":0,""state"":""pure_Y""},{""end_offset"":62,""start_offset"":9,""state"":""raw_codeword_specific_composite""},{""end_offset"":256,""start_offset"":85,""state"":""pure_Q""}]"
683,p_y_q,3,Q,P,final_hidden,True,0,1,False,,,False,,,False,,,,,256,Y,Q,1001100110011001100110011001100110011001100110011001100110011001,Q,"[{""end_offset"":7,""start_offset"":0,""state"":""pure_Y""},{""end_offset"":62,""start_offset"":9,""state"":""raw_codeword_specific_composite""},{""end_offset"":256,""start_offset"":85,""state"":""pure_Q""}]"
683,p_y_q,3,Q,Q,first_hidden,True,9,13,True,85,117,True,85,117,True,85,117,76,76,256,Y,Q,1001100110011001100110011001100110011001100110011001100110011001,Q,"[{""end_offset"":7,""start_offset"":0,""state"":""pure_Y""},{""end_offset"":62,""start_offset"":9,""state"":""raw_codeword_specific_composite""},{""end_offset"":256,""start_offset"":85,""state"":""pure_Q""}]"
683,p_y_q,3,Q,Q,final_hidden,True,62,85,True,85,117,True,85,117,True,85,117,23,23,256,Y,Q,1001100110011001100110011001100110011001100110011001100110011001,Q,"[{""end_offset"":7,""start_offset"":0,""state"":""pure_Y""},{""end_offset"":62,""start_offset"":9,""state"":""raw_codeword_specific_composite""},{""end_offset"":256,""start_offset"":85,""state"":""pure_Q""}]"
683,p_y_q,3,Q,Y,first_hidden,True,0,1,True,0,1,True,0,1,True,0,1,0,0,256,Y,Q,1001100110011001100110011001100110011001100110011001100110011001,Q,"[{""end_offset"":7,""start_offset"":0,""state"":""pure_Y""},{""end_offset"":62,""start_offset"":9,""state"":""raw_codeword_specific_composite""},{""end_offset"":256,""start_offset"":85,""state"":""pure_Q""}]"
683,p_y_q,3,Q,Y,final_hidden,True,0,1,True,0,1,True,0,1,True,0,1,0,0,256,Y,Q,1001100110011001100110011001100110011001100110011001100110011001,Q,"[{""end_offset"":7,""start_offset"":0,""state"":""pure_Y""},{""end_offset"":62,""start_offset"":9,""state"":""raw_codeword_specific_composite""},{""end_offset"":256,""start_offset"":85,""state"":""pure_Q""}]"
683,q_p_y,1,Q,P,first_hidden,True,0,1,False,,,False,,,False,,,,,256,,Q,1001100110011001100110011001100110011001100110011001100110011001,Q,"[{""end_offset"":9,""start_offset"":0,""state"":""raw_codeword_specific_composite""},{""end_offset"":256,""start_offset"":13,""state"":""pure_Q""}]"
683,q_p_y,1,Q,P,final_hidden,True,4,5,False,,,False,,,False,,,,,256,,Q,1001100110011001100110011001100110011001100110011001100110011001,Q,"[{""end_offset"":9,""start_offset"":0,""state"":""raw_codeword_specific_composite""},{""end_offset"":256,""start_offset"":13,""state"":""pure_Q""}]"
683,q_p_y,1,Q,Q,first_hidden,True,0,1,True,13,17,True,13,17,True,13,17,13,13,256,,Q,1001100110011001100110011001100110011001100110011001100110011001,Q,"[{""end_offset"":9,""start_offset"":0,""state"":""raw_codeword_specific_composite""},{""end_offset"":256,""start_offset"":13,""state"":""pure_Q""}]"
683,q_p_y,1,Q,Q,final_hidden,True,5,7,True,13,17,True,13,17,True,13,17,8,8,256,,Q,1001100110011001100110011001100110011001100110011001100110011001,Q,"[{""end_offset"":9,""start_offset"":0,""state"":""raw_codeword_specific_composite""},{""end_offset"":256,""start_offset"":13,""state"":""pure_Q""}]"
683,q_p_y,1,Q,Y,first_hidden,False,,,False,,,False,,,False,,,,,256,,Q,1001100110011001100110011001100110011001100110011001100110011001,Q,"[{""end_offset"":9,""start_offset"":0,""state"":""raw_codeword_specific_composite""},{""end_offset"":256,""start_offset"":13,""state"":""pure_Q""}]"
683,q_p_y,1,Q,Y,final_hidden,False,,,False,,,False,,,False,,,,,256,,Q,1001100110011001100110011001100110011001100110011001100110011001,Q,"[{""end_offset"":9,""start_offset"":0,""state"":""raw_codeword_specific_composite""},{""end_offset"":256,""start_offset"":13,""state"":""pure_Q""}]"
683,q_p_y,2,P,P,first_hidden,True,0,1,True,33,45,True,33,45,True,33,45,33,33,256,Q,P,0000000000000000000000000000000011111111111111111111111111111111,P,"[{""end_offset"":9,""start_offset"":0,""state"":""pure_Q""},{""end_offset"":13,""start_offset"":13,""state"":""other_candidate_tuple_consistent""},{""end_offset"":24,""start_offset"":17,""state"":""raw_codeword_specific_composite""},{""end_offset"":256,""start_offset"":33,""state"":""pure_P""}]"
683,q_p_y,2,P,P,final_hidden,True,0,1,True,33,45,True,33,45,True,33,45,33,33,256,Q,P,0000000000000000000000000000000011111111111111111111111111111111,P,"[{""end_offset"":9,""start_offset"":0,""state"":""pure_Q""},{""end_offset"":13,""start_offset"":13,""state"":""other_candidate_tuple_consistent""},{""end_offset"":24,""start_offset"":17,""state"":""raw_codeword_specific_composite""},{""end_offset"":256,""start_offset"":33,""state"":""pure_P""}]"
683,q_p_y,2,P,Q,first_hidden,True,0,1,True,0,1,True,0,1,True,0,1,0,0,256,Q,P,0000000000000000000000000000000011111111111111111111111111111111,P,"[{""end_offset"":9,""start_offset"":0,""state"":""pure_Q""},{""end_offset"":13,""start_offset"":13,""state"":""other_candidate_tuple_consistent""},{""end_offset"":24,""start_offset"":17,""state"":""raw_codeword_specific_composite""},{""end_offset"":256,""start_offset"":33,""state"":""pure_P""}]"
683,q_p_y,2,P,Q,final_hidden,True,0,1,True,0,1,True,0,1,True,0,1,0,0,256,Q,P,0000000000000000000000000000000011111111111111111111111111111111,P,"[{""end_offset"":9,""start_offset"":0,""state"":""pure_Q""},{""end_offset"":13,""start_offset"":13,""state"":""other_candidate_tuple_consistent""},{""end_offset"":24,""start_offset"":17,""state"":""raw_codeword_specific_composite""},{""end_offset"":256,""start_offset"":33,""state"":""pure_P""}]"
683,q_p_y,2,P,Y,first_hidden,False,,,False,,,False,,,False,,,,,256,Q,P,0000000000000000000000000000000011111111111111111111111111111111,P,"[{""end_offset"":9,""start_offset"":0,""state"":""pure_Q""},{""end_offset"":13,""start_offset"":13,""state"":""other_candidate_tuple_consistent""},{""end_offset"":24,""start_offset"":17,""state"":""raw_codeword_specific_composite""},{""end_offset"":256,""start_offset"":33,""state"":""pure_P""}]"
683,q_p_y,2,P,Y,final_hidden,False,,,False,,,False,,,False,,,,,256,Q,P,0000000000000000000000000000000011111111111111111111111111111111,P,"[{""end_offset"":9,""start_offset"":0,""state"":""pure_Q""},{""end_offset"":13,""start_offset"":13,""state"":""other_candidate_tuple_consistent""},{""end_offset"":24,""start_offset"":17,""state"":""raw_codeword_specific_composite""},{""end_offset"":256,""start_offset"":33,""state"":""pure_P""}]"
683,q_p_y,3,Y,P,first_hidden,True,0,1,True,0,1,True,0,1,True,0,1,0,0,256,P,Y,0000111111110000111100000000111100001111111100001111000000001111,Y,"[{""end_offset"":24,""start_offset"":0,""state"":""pure_P""},{""end_offset"":62,""start_offset"":33,""state"":""raw_codeword_specific_composite""},{""end_offset"":256,""start_offset"":85,""state"":""pure_Y""}]"
683,q_p_y,3,Y,P,final_hidden,True,0,1,True,0,1,True,0,1,True,0,1,0,0,256,P,Y,0000111111110000111100000000111100001111111100001111000000001111,Y,"[{""end_offset"":24,""start_offset"":0,""state"":""pure_P""},{""end_offset"":62,""start_offset"":33,""state"":""raw_codeword_specific_composite""},{""end_offset"":256,""start_offset"":85,""state"":""pure_Y""}]"
683,q_p_y,3,Y,Q,first_hidden,True,0,1,False,,,False,,,False,,,,,256,P,Y,0000111111110000111100000000111100001111111100001111000000001111,Y,"[{""end_offset"":24,""start_offset"":0,""state"":""pure_P""},{""end_offset"":62,""start_offset"":33,""state"":""raw_codeword_specific_composite""},{""end_offset"":256,""start_offset"":85,""state"":""pure_Y""}]"
683,q_p_y,3,Y,Q,final_hidden,True,0,1,False,,,False,,,False,,,,,256,P,Y,0000111111110000111100000000111100001111111100001111000000001111,Y,"[{""end_offset"":24,""start_offset"":0,""state"":""pure_P""},{""end_offset"":62,""start_offset"":33,""state"":""raw_codeword_specific_composite""},{""end_offset"":256,""start_offset"":85,""state"":""pure_Y""}]"
683,q_p_y,3,Y,Y,first_hidden,True,85,117,True,85,117,True,85,117,True,85,117,0,0,256,P,Y,0000111111110000111100000000111100001111111100001111000000001111,Y,"[{""end_offset"":24,""start_offset"":0,""state"":""pure_P""},{""end_offset"":62,""start_offset"":33,""state"":""raw_codeword_specific_composite""},{""end_offset"":256,""start_offset"":85,""state"":""pure_Y""}]"
683,q_p_y,3,Y,Y,final_hidden,True,85,117,True,85,117,True,85,117,True,85,117,0,0,256,P,Y,0000111111110000111100000000111100001111111100001111000000001111,Y,"[{""end_offset"":24,""start_offset"":0,""state"":""pure_P""},{""end_offset"":62,""start_offset"":33,""state"":""raw_codeword_specific_composite""},{""end_offset"":256,""start_offset"":85,""state"":""pure_Y""}]"
683,q_y_p,1,Q,P,first_hidden,True,0,1,False,,,False,,,False,,,,,256,,Q,1001100110011001100110011001100110011001100110011001100110011001,Q,"[{""end_offset"":9,""start_offset"":0,""state"":""raw_codeword_specific_composite""},{""end_offset"":256,""start_offset"":13,""state"":""pure_Q""}]"
683,q_y_p,1,Q,P,final_hidden,True,4,5,False,,,False,,,False,,,,,256,,Q,1001100110011001100110011001100110011001100110011001100110011001,Q,"[{""end_offset"":9,""start_offset"":0,""state"":""raw_codeword_specific_composite""},{""end_offset"":256,""start_offset"":13,""state"":""pure_Q""}]"
683,q_y_p,1,Q,Q,first_hidden,True,0,1,True,13,17,True,13,17,True,13,17,13,13,256,,Q,1001100110011001100110011001100110011001100110011001100110011001,Q,"[{""end_offset"":9,""start_offset"":0,""state"":""raw_codeword_specific_composite""},{""end_offset"":256,""start_offset"":13,""state"":""pure_Q""}]"
683,q_y_p,1,Q,Q,final_hidden,True,5,7,True,13,17,True,13,17,True,13,17,8,8,256,,Q,1001100110011001100110011001100110011001100110011001100110011001,Q,"[{""end_offset"":9,""start_offset"":0,""state"":""raw_codeword_specific_composite""},{""end_offset"":256,""start_offset"":13,""state"":""pure_Q""}]"
683,q_y_p,1,Q,Y,first_hidden,False,,,False,,,False,,,False,,,,,256,,Q,1001100110011001100110011001100110011001100110011001100110011001,Q,"[{""end_offset"":9,""start_offset"":0,""state"":""raw_codeword_specific_composite""},{""end_offset"":256,""start_offset"":13,""state"":""pure_Q""}]"
683,q_y_p,1,Q,Y,final_hidden,False,,,False,,,False,,,False,,,,,256,,Q,1001100110011001100110011001100110011001100110011001100110011001,Q,"[{""end_offset"":9,""start_offset"":0,""state"":""raw_codeword_specific_composite""},{""end_offset"":256,""start_offset"":13,""state"":""pure_Q""}]"
683,q_y_p,2,Y,P,first_hidden,True,0,1,False,,,False,,,False,,,,,256,Q,Y,0000111111110000111100000000111100001111111100001111000000001111,Y,"[{""end_offset"":13,""start_offset"":0,""state"":""pure_Q""},{""end_offset"":45,""start_offset"":17,""state"":""raw_codeword_specific_composite""},{""end_offset"":256,""start_offset"":62,""state"":""pure_Y""}]"
683,q_y_p,2,Y,P,final_hidden,True,0,1,False,,,False,,,False,,,,,256,Q,Y,0000111111110000111100000000111100001111111100001111000000001111,Y,"[{""end_offset"":13,""start_offset"":0,""state"":""pure_Q""},{""end_offset"":45,""start_offset"":17,""state"":""raw_codeword_specific_composite""},{""end_offset"":256,""start_offset"":62,""state"":""pure_Y""}]"
683,q_y_p,2,Y,Q,first_hidden,True,0,1,True,0,1,True,0,1,True,0,1,0,0,256,Q,Y,0000111111110000111100000000111100001111111100001111000000001111,Y,"[{""end_offset"":13,""start_offset"":0,""state"":""pure_Q""},{""end_offset"":45,""start_offset"":17,""state"":""raw_codeword_specific_composite""},{""end_offset"":256,""start_offset"":62,""state"":""pure_Y""}]"
683,q_y_p,2,Y,Q,final_hidden,True,0,1,True,0,1,True,0,1,True,0,1,0,0,256,Q,Y,0000111111110000111100000000111100001111111100001111000000001111,Y,"[{""end_offset"":13,""start_offset"":0,""state"":""pure_Q""},{""end_offset"":45,""start_offset"":17,""state"":""raw_codeword_specific_composite""},{""end_offset"":256,""start_offset"":62,""state"":""pure_Y""}]"
683,q_y_p,2,Y,Y,first_hidden,True,85,117,True,62,85,True,62,85,True,62,85,-23,-23,256,Q,Y,0000111111110000111100000000111100001111111100001111000000001111,Y,"[{""end_offset"":13,""start_offset"":0,""state"":""pure_Q""},{""end_offset"":45,""start_offset"":17,""state"":""raw_codeword_specific_composite""},{""end_offset"":256,""start_offset"":62,""state"":""pure_Y""}]"
683,q_y_p,2,Y,Y,final_hidden,True,117,128,True,62,85,True,62,85,True,62,85,-55,-55,256,Q,Y,0000111111110000111100000000111100001111111100001111000000001111,Y,"[{""end_offset"":13,""start_offset"":0,""state"":""pure_Q""},{""end_offset"":45,""start_offset"":17,""state"":""raw_codeword_specific_composite""},{""end_offset"":256,""start_offset"":62,""state"":""pure_Y""}]"
683,q_y_p,3,P,P,first_hidden,True,0,1,True,24,33,True,24,33,True,24,33,24,24,256,Y,P,0000000000000000000000000000000011111111111111111111111111111111,P,"[{""end_offset"":13,""start_offset"":0,""state"":""pure_Y""},{""end_offset"":17,""start_offset"":17,""state"":""raw_codeword_specific_composite""},{""end_offset"":256,""start_offset"":24,""state"":""pure_P""}]"
683,q_y_p,3,P,P,final_hidden,True,17,24,True,24,33,True,24,33,True,24,33,7,7,256,Y,P,0000000000000000000000000000000011111111111111111111111111111111,P,"[{""end_offset"":13,""start_offset"":0,""state"":""pure_Y""},{""end_offset"":17,""start_offset"":17,""state"":""raw_codeword_specific_composite""},{""end_offset"":256,""start_offset"":24,""state"":""pure_P""}]"
683,q_y_p,3,P,Q,first_hidden,True,0,1,False,,,False,,,False,,,,,256,Y,P,0000000000000000000000000000000011111111111111111111111111111111,P,"[{""end_offset"":13,""start_offset"":0,""state"":""pure_Y""},{""end_offset"":17,""start_offset"":17,""state"":""raw_codeword_specific_composite""},{""end_offset"":256,""start_offset"":24,""state"":""pure_P""}]"
683,q_y_p,3,P,Q,final_hidden,True,17,24,False,,,False,,,False,,,,,256,Y,P,0000000000000000000000000000000011111111111111111111111111111111,P,"[{""end_offset"":13,""start_offset"":0,""state"":""pure_Y""},{""end_offset"":17,""start_offset"":17,""state"":""raw_codeword_specific_composite""},{""end_offset"":256,""start_offset"":24,""state"":""pure_P""}]"
683,q_y_p,3,P,Y,first_hidden,True,0,1,True,0,1,True,0,1,True,0,1,0,0,256,Y,P,0000000000000000000000000000000011111111111111111111111111111111,P,"[{""end_offset"":13,""start_offset"":0,""state"":""pure_Y""},{""end_offset"":17,""start_offset"":17,""state"":""raw_codeword_specific_composite""},{""end_offset"":256,""start_offset"":24,""state"":""pure_P""}]"
683,q_y_p,3,P,Y,final_hidden,True,0,1,True,0,1,True,0,1,True,0,1,0,0,256,Y,P,0000000000000000000000000000000011111111111111111111111111111111,P,"[{""end_offset"":13,""start_offset"":0,""state"":""pure_Y""},{""end_offset"":17,""start_offset"":17,""state"":""raw_codeword_specific_composite""},{""end_offset"":256,""start_offset"":24,""state"":""pure_P""}]"
683,y_p_q,1,Y,P,first_hidden,True,0,1,False,,,False,,,False,,,,,256,,Y,0000111111110000111100000000111100001111111100001111000000001111,Y,"[{""end_offset"":9,""start_offset"":0,""state"":""raw_codeword_specific_composite""},{""end_offset"":256,""start_offset"":13,""state"":""pure_Y""}]"
683,y_p_q,1,Y,P,final_hidden,True,0,1,False,,,False,,,False,,,,,256,,Y,0000111111110000111100000000111100001111111100001111000000001111,Y,"[{""end_offset"":9,""start_offset"":0,""state"":""raw_codeword_specific_composite""},{""end_offset"":256,""start_offset"":13,""state"":""pure_Y""}]"
683,y_p_q,1,Y,Q,first_hidden,False,,,False,,,False,,,False,,,,,256,,Y,0000111111110000111100000000111100001111111100001111000000001111,Y,"[{""end_offset"":9,""start_offset"":0,""state"":""raw_codeword_specific_composite""},{""end_offset"":256,""start_offset"":13,""state"":""pure_Y""}]"
683,y_p_q,1,Y,Q,final_hidden,False,,,False,,,False,,,False,,,,,256,,Y,0000111111110000111100000000111100001111111100001111000000001111,Y,"[{""end_offset"":9,""start_offset"":0,""state"":""raw_codeword_specific_composite""},{""end_offset"":256,""start_offset"":13,""state"":""pure_Y""}]"
683,y_p_q,1,Y,Y,first_hidden,True,33,45,True,13,17,True,13,17,True,13,17,-20,-20,256,,Y,0000111111110000111100000000111100001111111100001111000000001111,Y,"[{""end_offset"":9,""start_offset"":0,""state"":""raw_codeword_specific_composite""},{""end_offset"":256,""start_offset"":13,""state"":""pure_Y""}]"
683,y_p_q,1,Y,Y,final_hidden,True,17,24,True,13,17,True,13,17,True,13,17,-4,-4,256,,Y,0000111111110000111100000000111100001111111100001111000000001111,Y,"[{""end_offset"":9,""start_offset"":0,""state"":""raw_codeword_specific_composite""},{""end_offset"":256,""start_offset"":13,""state"":""pure_Y""}]"
683,y_p_q,2,P,P,first_hidden,True,0,1,True,24,33,True,24,33,True,24,33,24,24,256,Y,P,0000000000000000000000000000000011111111111111111111111111111111,P,"[{""end_offset"":17,""start_offset"":0,""state"":""pure_Y""},{""end_offset"":256,""start_offset"":24,""state"":""pure_P""}]"
683,y_p_q,2,P,P,final_hidden,True,5,7,True,24,33,True,24,33,True,24,33,19,19,256,Y,P,0000000000000000000000000000000011111111111111111111111111111111,P,"[{""end_offset"":17,""start_offset"":0,""state"":""pure_Y""},{""end_offset"":256,""start_offset"":24,""state"":""pure_P""}]"
683,y_p_q,2,P,Q,first_hidden,False,,,False,,,False,,,False,,,,,256,Y,P,0000000000000000000000000000000011111111111111111111111111111111,P,"[{""end_offset"":17,""start_offset"":0,""state"":""pure_Y""},{""end_offset"":256,""start_offset"":24,""state"":""pure_P""}]"
683,y_p_q,2,P,Q,final_hidden,False,,,False,,,False,,,False,,,,,256,Y,P,0000000000000000000000000000000011111111111111111111111111111111,P,"[{""end_offset"":17,""start_offset"":0,""state"":""pure_Y""},{""end_offset"":256,""start_offset"":24,""state"":""pure_P""}]"
683,y_p_q,2,P,Y,first_hidden,True,0,1,True,0,1,True,0,1,True,0,1,0,0,256,Y,P,0000000000000000000000000000000011111111111111111111111111111111,P,"[{""end_offset"":17,""start_offset"":0,""state"":""pure_Y""},{""end_offset"":256,""start_offset"":24,""state"":""pure_P""}]"
683,y_p_q,2,P,Y,final_hidden,True,0,1,True,0,1,True,0,1,True,0,1,0,0,256,Y,P,0000000000000000000000000000000011111111111111111111111111111111,P,"[{""end_offset"":17,""start_offset"":0,""state"":""pure_Y""},{""end_offset"":256,""start_offset"":24,""state"":""pure_P""}]"
683,y_p_q,3,Q,P,first_hidden,True,0,1,True,0,1,True,0,1,True,0,1,0,0,256,P,Q,1001100110011001100110011001100110011001100110011001100110011001,Q,"[{""end_offset"":24,""start_offset"":0,""state"":""pure_P""},{""end_offset"":33,""start_offset"":33,""state"":""raw_codeword_specific_composite""},{""end_offset"":256,""start_offset"":45,""state"":""pure_Q""}]"
683,y_p_q,3,Q,P,final_hidden,True,0,1,True,0,1,True,0,1,True,0,1,0,0,256,P,Q,1001100110011001100110011001100110011001100110011001100110011001,Q,"[{""end_offset"":24,""start_offset"":0,""state"":""pure_P""},{""end_offset"":33,""start_offset"":33,""state"":""raw_codeword_specific_composite""},{""end_offset"":256,""start_offset"":45,""state"":""pure_Q""}]"
683,y_p_q,3,Q,Q,first_hidden,True,62,85,True,45,62,True,45,62,True,45,62,-17,-17,256,P,Q,1001100110011001100110011001100110011001100110011001100110011001,Q,"[{""end_offset"":24,""start_offset"":0,""state"":""pure_P""},{""end_offset"":33,""start_offset"":33,""state"":""raw_codeword_specific_composite""},{""end_offset"":256,""start_offset"":45,""state"":""pure_Q""}]"
683,y_p_q,3,Q,Q,final_hidden,True,62,85,True,45,62,True,45,62,True,45,62,-17,-17,256,P,Q,1001100110011001100110011001100110011001100110011001100110011001,Q,"[{""end_offset"":24,""start_offset"":0,""state"":""pure_P""},{""end_offset"":33,""start_offset"":33,""state"":""raw_codeword_specific_composite""},{""end_offset"":256,""start_offset"":45,""state"":""pure_Q""}]"
683,y_p_q,3,Q,Y,first_hidden,True,17,24,False,,,False,,,False,,,,,256,P,Q,1001100110011001100110011001100110011001100110011001100110011001,Q,"[{""end_offset"":24,""start_offset"":0,""state"":""pure_P""},{""end_offset"":33,""start_offset"":33,""state"":""raw_codeword_specific_composite""},{""end_offset"":256,""start_offset"":45,""state"":""pure_Q""}]"
683,y_p_q,3,Q,Y,final_hidden,True,0,1,False,,,False,,,False,,,,,256,P,Q,1001100110011001100110011001100110011001100110011001100110011001,Q,"[{""end_offset"":24,""start_offset"":0,""state"":""pure_P""},{""end_offset"":33,""start_offset"":33,""state"":""raw_codeword_specific_composite""},{""end_offset"":256,""start_offset"":45,""state"":""pure_Q""}]"
683,y_q_p,1,Y,P,first_hidden,True,0,1,False,,,False,,,False,,,,,256,,Y,0000111111110000111100000000111100001111111100001111000000001111,Y,"[{""end_offset"":9,""start_offset"":0,""state"":""raw_codeword_specific_composite""},{""end_offset"":256,""start_offset"":13,""state"":""pure_Y""}]"
683,y_q_p,1,Y,P,final_hidden,True,0,1,False,,,False,,,False,,,,,256,,Y,0000111111110000111100000000111100001111111100001111000000001111,Y,"[{""end_offset"":9,""start_offset"":0,""state"":""raw_codeword_specific_composite""},{""end_offset"":256,""start_offset"":13,""state"":""pure_Y""}]"
683,y_q_p,1,Y,Q,first_hidden,False,,,False,,,False,,,False,,,,,256,,Y,0000111111110000111100000000111100001111111100001111000000001111,Y,"[{""end_offset"":9,""start_offset"":0,""state"":""raw_codeword_specific_composite""},{""end_offset"":256,""start_offset"":13,""state"":""pure_Y""}]"
683,y_q_p,1,Y,Q,final_hidden,False,,,False,,,False,,,False,,,,,256,,Y,0000111111110000111100000000111100001111111100001111000000001111,Y,"[{""end_offset"":9,""start_offset"":0,""state"":""raw_codeword_specific_composite""},{""end_offset"":256,""start_offset"":13,""state"":""pure_Y""}]"
683,y_q_p,1,Y,Y,first_hidden,True,33,45,True,13,17,True,13,17,True,13,17,-20,-20,256,,Y,0000111111110000111100000000111100001111111100001111000000001111,Y,"[{""end_offset"":9,""start_offset"":0,""state"":""raw_codeword_specific_composite""},{""end_offset"":256,""start_offset"":13,""state"":""pure_Y""}]"
683,y_q_p,1,Y,Y,final_hidden,True,17,24,True,13,17,True,13,17,True,13,17,-4,-4,256,,Y,0000111111110000111100000000111100001111111100001111000000001111,Y,"[{""end_offset"":9,""start_offset"":0,""state"":""raw_codeword_specific_composite""},{""end_offset"":256,""start_offset"":13,""state"":""pure_Y""}]"
683,y_q_p,2,Q,P,first_hidden,True,0,1,False,,,False,,,False,,,,,256,Y,Q,1001100110011001100110011001100110011001100110011001100110011001,Q,"[{""end_offset"":9,""start_offset"":0,""state"":""pure_Y""},{""end_offset"":33,""start_offset"":13,""state"":""raw_codeword_specific_composite""},{""end_offset"":256,""start_offset"":45,""state"":""pure_Q""}]"
683,y_q_p,2,Q,P,final_hidden,True,2,3,False,,,False,,,False,,,,,256,Y,Q,1001100110011001100110011001100110011001100110011001100110011001,Q,"[{""end_offset"":9,""start_offset"":0,""state"":""pure_Y""},{""end_offset"":33,""start_offset"":13,""state"":""raw_codeword_specific_composite""},{""end_offset"":256,""start_offset"":45,""state"":""pure_Q""}]"
683,y_q_p,2,Q,Q,first_hidden,True,117,128,True,45,62,True,45,62,True,45,62,-72,-72,256,Y,Q,1001100110011001100110011001100110011001100110011001100110011001,Q,"[{""end_offset"":9,""start_offset"":0,""state"":""pure_Y""},{""end_offset"":33,""start_offset"":13,""state"":""raw_codeword_specific_composite""},{""end_offset"":256,""start_offset"":45,""state"":""pure_Q""}]"
683,y_q_p,2,Q,Q,final_hidden,True,62,85,True,45,62,True,45,62,True,45,62,-17,-17,256,Y,Q,1001100110011001100110011001100110011001100110011001100110011001,Q,"[{""end_offset"":9,""start_offset"":0,""state"":""pure_Y""},{""end_offset"":33,""start_offset"":13,""state"":""raw_codeword_specific_composite""},{""end_offset"":256,""start_offset"":45,""state"":""pure_Q""}]"
683,y_q_p,2,Q,Y,first_hidden,True,0,1,True,0,1,True,0,1,True,0,1,0,0,256,Y,Q,1001100110011001100110011001100110011001100110011001100110011001,Q,"[{""end_offset"":9,""start_offset"":0,""state"":""pure_Y""},{""end_offset"":33,""start_offset"":13,""state"":""raw_codeword_specific_composite""},{""end_offset"":256,""start_offset"":45,""state"":""pure_Q""}]"
683,y_q_p,2,Q,Y,final_hidden,True,0,1,True,0,1,True,0,1,True,0,1,0,0,256,Y,Q,1001100110011001100110011001100110011001100110011001100110011001,Q,"[{""end_offset"":9,""start_offset"":0,""state"":""pure_Y""},{""end_offset"":33,""start_offset"":13,""state"":""raw_codeword_specific_composite""},{""end_offset"":256,""start_offset"":45,""state"":""pure_Q""}]"
683,y_q_p,3,P,P,first_hidden,True,0,1,True,33,45,True,33,45,True,33,45,33,33,256,Q,P,0000000000000000000000000000000011111111111111111111111111111111,P,"[{""end_offset"":13,""start_offset"":0,""state"":""pure_Q""},{""end_offset"":24,""start_offset"":17,""state"":""raw_codeword_specific_composite""},{""end_offset"":256,""start_offset"":33,""state"":""pure_P""}]"
683,y_q_p,3,P,P,final_hidden,True,17,24,True,33,45,True,33,45,True,33,45,16,16,256,Q,P,0000000000000000000000000000000011111111111111111111111111111111,P,"[{""end_offset"":13,""start_offset"":0,""state"":""pure_Q""},{""end_offset"":24,""start_offset"":17,""state"":""raw_codeword_specific_composite""},{""end_offset"":256,""start_offset"":33,""state"":""pure_P""}]"
683,y_q_p,3,P,Q,first_hidden,True,0,1,True,0,1,True,0,1,True,0,1,0,0,256,Q,P,0000000000000000000000000000000011111111111111111111111111111111,P,"[{""end_offset"":13,""start_offset"":0,""state"":""pure_Q""},{""end_offset"":24,""start_offset"":17,""state"":""raw_codeword_specific_composite""},{""end_offset"":256,""start_offset"":33,""state"":""pure_P""}]"
683,y_q_p,3,P,Q,final_hidden,True,0,1,True,0,1,True,0,1,True,0,1,0,0,256,Q,P,0000000000000000000000000000000011111111111111111111111111111111,P,"[{""end_offset"":13,""start_offset"":0,""state"":""pure_Q""},{""end_offset"":24,""start_offset"":17,""state"":""raw_codeword_specific_composite""},{""end_offset"":256,""start_offset"":33,""state"":""pure_P""}]"
683,y_q_p,3,P,Y,first_hidden,False,,,False,,,False,,,False,,,,,256,Q,P,0000000000000000000000000000000011111111111111111111111111111111,P,"[{""end_offset"":13,""start_offset"":0,""state"":""pure_Q""},{""end_offset"":24,""start_offset"":17,""state"":""raw_codeword_specific_composite""},{""end_offset"":256,""start_offset"":33,""state"":""pure_P""}]"
683,y_q_p,3,P,Y,final_hidden,False,,,False,,,False,,,False,,,,,256,Q,P,0000000000000000000000000000000011111111111111111111111111111111,P,"[{""end_offset"":13,""start_offset"":0,""state"":""pure_Q""},{""end_offset"":24,""start_offset"":17,""state"":""raw_codeword_specific_composite""},{""end_offset"":256,""start_offset"":33,""state"":""pure_P""}]"
691,p_q_y,1,P,P,first_hidden,True,0,1,True,4,5,True,4,5,True,4,5,4,4,256,,P,0000000000000000000000000000000011111111111111111111111111111111,P,"[{""end_offset"":0,""start_offset"":0,""state"":""other_candidate_tuple_consistent""},{""end_offset"":3,""start_offset"":1,""state"":""raw_codeword_specific_composite""},{""end_offset"":256,""start_offset"":4,""state"":""pure_P""}]"
691,p_q_y,1,P,P,final_hidden,True,0,1,True,4,5,True,4,5,True,4,5,4,4,256,,P,0000000000000000000000000000000011111111111111111111111111111111,P,"[{""end_offset"":0,""start_offset"":0,""state"":""other_candidate_tuple_consistent""},{""end_offset"":3,""start_offset"":1,""state"":""raw_codeword_specific_composite""},{""end_offset"":256,""start_offset"":4,""state"":""pure_P""}]"
691,p_q_y,1,P,Q,first_hidden,False,,,False,,,False,,,False,,,,,256,,P,0000000000000000000000000000000011111111111111111111111111111111,P,"[{""end_offset"":0,""start_offset"":0,""state"":""other_candidate_tuple_consistent""},{""end_offset"":3,""start_offset"":1,""state"":""raw_codeword_specific_composite""},{""end_offset"":256,""start_offset"":4,""state"":""pure_P""}]"
691,p_q_y,1,P,Q,final_hidden,False,,,False,,,False,,,False,,,,,256,,P,0000000000000000000000000000000011111111111111111111111111111111,P,"[{""end_offset"":0,""start_offset"":0,""state"":""other_candidate_tuple_consistent""},{""end_offset"":3,""start_offset"":1,""state"":""raw_codeword_specific_composite""},{""end_offset"":256,""start_offset"":4,""state"":""pure_P""}]"
691,p_q_y,1,P,Y,first_hidden,False,,,False,,,False,,,False,,,,,256,,P,0000000000000000000000000000000011111111111111111111111111111111,P,"[{""end_offset"":0,""start_offset"":0,""state"":""other_candidate_tuple_consistent""},{""end_offset"":3,""start_offset"":1,""state"":""raw_codeword_specific_composite""},{""end_offset"":256,""start_offset"":4,""state"":""pure_P""}]"
691,p_q_y,1,P,Y,final_hidden,False,,,False,,,False,,,False,,,,,256,,P,0000000000000000000000000000000011111111111111111111111111111111,P,"[{""end_offset"":0,""start_offset"":0,""state"":""other_candidate_tuple_consistent""},{""end_offset"":3,""start_offset"":1,""state"":""raw_codeword_specific_composite""},{""end_offset"":256,""start_offset"":4,""state"":""pure_P""}]"
691,p_q_y,2,Q,P,first_hidden,True,0,1,True,0,1,True,0,1,True,0,1,0,0,256,P,Q,1001100110011001100110011001100110011001100110011001100110011001,Q,"[{""end_offset"":13,""start_offset"":0,""state"":""pure_P""},{""end_offset"":33,""start_offset"":17,""state"":""raw_codeword_specific_composite""},{""end_offset"":256,""start_offset"":45,""state"":""pure_Q""}]"
691,p_q_y,2,Q,P,final_hidden,True,0,1,True,0,1,True,0,1,True,0,1,0,0,256,P,Q,1001100110011001100110011001100110011001100110011001100110011001,Q,"[{""end_offset"":13,""start_offset"":0,""state"":""pure_P""},{""end_offset"":33,""start_offset"":17,""state"":""raw_codeword_specific_composite""},{""end_offset"":256,""start_offset"":45,""state"":""pure_Q""}]"
691,p_q_y,2,Q,Q,first_hidden,True,24,33,True,45,62,True,45,62,True,45,62,21,21,256,P,Q,1001100110011001100110011001100110011001100110011001100110011001,Q,"[{""end_offset"":13,""start_offset"":0,""state"":""pure_P""},{""end_offset"":33,""start_offset"":17,""state"":""raw_codeword_specific_composite""},{""end_offset"":256,""start_offset"":45,""state"":""pure_Q""}]"
691,p_q_y,2,Q,Q,final_hidden,True,33,45,True,45,62,True,45,62,True,45,62,12,12,256,P,Q,1001100110011001100110011001100110011001100110011001100110011001,Q,"[{""end_offset"":13,""start_offset"":0,""state"":""pure_P""},{""end_offset"":33,""start_offset"":17,""state"":""raw_codeword_specific_composite""},{""end_offset"":256,""start_offset"":45,""state"":""pure_Q""}]"
691,p_q_y,2,Q,Y,first_hidden,False,,,False,,,False,,,False,,,,,256,P,Q,1001100110011001100110011001100110011001100110011001100110011001,Q,"[{""end_offset"":13,""start_offset"":0,""state"":""pure_P""},{""end_offset"":33,""start_offset"":17,""state"":""raw_codeword_specific_composite""},{""end_offset"":256,""start_offset"":45,""state"":""pure_Q""}]"
691,p_q_y,2,Q,Y,final_hidden,False,,,False,,,False,,,False,,,,,256,P,Q,1001100110011001100110011001100110011001100110011001100110011001,Q,"[{""end_offset"":13,""start_offset"":0,""state"":""pure_P""},{""end_offset"":33,""start_offset"":17,""state"":""raw_codeword_specific_composite""},{""end_offset"":256,""start_offset"":45,""state"":""pure_Q""}]"
691,p_q_y,3,Y,P,first_hidden,True,0,1,False,,,False,,,False,,,,,256,Q,Y,0000111111110000111100000000111100001111111100001111000000001111,Y,"[{""end_offset"":17,""start_offset"":0,""state"":""pure_Q""},{""end_offset"":85,""start_offset"":24,""state"":""raw_codeword_specific_composite""},{""end_offset"":256,""start_offset"":117,""state"":""pure_Y""}]"
691,p_q_y,3,Y,P,final_hidden,True,0,1,False,,,False,,,False,,,,,256,Q,Y,0000111111110000111100000000111100001111111100001111000000001111,Y,"[{""end_offset"":17,""start_offset"":0,""state"":""pure_Q""},{""end_offset"":85,""start_offset"":24,""state"":""raw_codeword_specific_composite""},{""end_offset"":256,""start_offset"":117,""state"":""pure_Y""}]"
691,p_q_y,3,Y,Q,first_hidden,True,0,1,True,0,1,True,0,1,True,0,1,0,0,256,Q,Y,0000111111110000111100000000111100001111111100001111000000001111,Y,"[{""end_offset"":17,""start_offset"":0,""state"":""pure_Q""},{""end_offset"":85,""start_offset"":24,""state"":""raw_codeword_specific_composite""},{""end_offset"":256,""start_offset"":117,""state"":""pure_Y""}]"
691,p_q_y,3,Y,Q,final_hidden,True,0,1,True,0,1,True,0,1,True,0,1,0,0,256,Q,Y,0000111111110000111100000000111100001111111100001111000000001111,Y,"[{""end_offset"":17,""start_offset"":0,""state"":""pure_Q""},{""end_offset"":85,""start_offset"":24,""state"":""raw_codeword_specific_composite""},{""end_offset"":256,""start_offset"":117,""state"":""pure_Y""}]"
691,p_q_y,3,Y,Y,first_hidden,True,117,128,True,117,128,True,117,128,True,117,128,0,0,256,Q,Y,0000111111110000111100000000111100001111111100001111000000001111,Y,"[{""end_offset"":17,""start_offset"":0,""state"":""pure_Q""},{""end_offset"":85,""start_offset"":24,""state"":""raw_codeword_specific_composite""},{""end_offset"":256,""start_offset"":117,""state"":""pure_Y""}]"
691,p_q_y,3,Y,Y,final_hidden,True,117,128,True,117,128,True,117,128,True,117,128,0,0,256,Q,Y,0000111111110000111100000000111100001111111100001111000000001111,Y,"[{""end_offset"":17,""start_offset"":0,""state"":""pure_Q""},{""end_offset"":85,""start_offset"":24,""state"":""raw_codeword_specific_composite""},{""end_offset"":256,""start_offset"":117,""state"":""pure_Y""}]"
691,p_y_q,1,P,P,first_hidden,True,0,1,True,4,5,True,4,5,True,4,5,4,4,256,,P,0000000000000000000000000000000011111111111111111111111111111111,P,"[{""end_offset"":0,""start_offset"":0,""state"":""other_candidate_tuple_consistent""},{""end_offset"":3,""start_offset"":1,""state"":""raw_codeword_specific_composite""},{""end_offset"":256,""start_offset"":4,""state"":""pure_P""}]"
691,p_y_q,1,P,P,final_hidden,True,0,1,True,4,5,True,4,5,True,4,5,4,4,256,,P,0000000000000000000000000000000011111111111111111111111111111111,P,"[{""end_offset"":0,""start_offset"":0,""state"":""other_candidate_tuple_consistent""},{""end_offset"":3,""start_offset"":1,""state"":""raw_codeword_specific_composite""},{""end_offset"":256,""start_offset"":4,""state"":""pure_P""}]"
691,p_y_q,1,P,Q,first_hidden,False,,,False,,,False,,,False,,,,,256,,P,0000000000000000000000000000000011111111111111111111111111111111,P,"[{""end_offset"":0,""start_offset"":0,""state"":""other_candidate_tuple_consistent""},{""end_offset"":3,""start_offset"":1,""state"":""raw_codeword_specific_composite""},{""end_offset"":256,""start_offset"":4,""state"":""pure_P""}]"
691,p_y_q,1,P,Q,final_hidden,False,,,False,,,False,,,False,,,,,256,,P,0000000000000000000000000000000011111111111111111111111111111111,P,"[{""end_offset"":0,""start_offset"":0,""state"":""other_candidate_tuple_consistent""},{""end_offset"":3,""start_offset"":1,""state"":""raw_codeword_specific_composite""},{""end_offset"":256,""start_offset"":4,""state"":""pure_P""}]"
691,p_y_q,1,P,Y,first_hidden,False,,,False,,,False,,,False,,,,,256,,P,0000000000000000000000000000000011111111111111111111111111111111,P,"[{""end_offset"":0,""start_offset"":0,""state"":""other_candidate_tuple_consistent""},{""end_offset"":3,""start_offset"":1,""state"":""raw_codeword_specific_composite""},{""end_offset"":256,""start_offset"":4,""state"":""pure_P""}]"
691,p_y_q,1,P,Y,final_hidden,False,,,False,,,False,,,False,,,,,256,,P,0000000000000000000000000000000011111111111111111111111111111111,P,"[{""end_offset"":0,""start_offset"":0,""state"":""other_candidate_tuple_consistent""},{""end_offset"":3,""start_offset"":1,""state"":""raw_codeword_specific_composite""},{""end_offset"":256,""start_offset"":4,""state"":""pure_P""}]"
691,p_y_q,2,Y,P,first_hidden,True,0,1,True,0,1,True,0,1,True,0,1,0,0,256,P,Y,0000111111110000111100000000111100001111111100001111000000001111,Y,"[{""end_offset"":24,""start_offset"":0,""state"":""pure_P""},{""end_offset"":62,""start_offset"":33,""state"":""raw_codeword_specific_composite""},{""end_offset"":256,""start_offset"":85,""state"":""pure_Y""}]"
691,p_y_q,2,Y,P,final_hidden,True,0,1,True,0,1,True,0,1,True,0,1,0,0,256,P,Y,0000111111110000111100000000111100001111111100001111000000001111,Y,"[{""end_offset"":24,""start_offset"":0,""state"":""pure_P""},{""end_offset"":62,""start_offset"":33,""state"":""raw_codeword_specific_composite""},{""end_offset"":256,""start_offset"":85,""state"":""pure_Y""}]"
691,p_y_q,2,Y,Q,first_hidden,False,,,False,,,False,,,False,,,,,256,P,Y,0000111111110000111100000000111100001111111100001111000000001111,Y,"[{""end_offset"":24,""start_offset"":0,""state"":""pure_P""},{""end_offset"":62,""start_offset"":33,""state"":""raw_codeword_specific_composite""},{""end_offset"":256,""start_offset"":85,""state"":""pure_Y""}]"
691,p_y_q,2,Y,Q,final_hidden,False,,,False,,,False,,,False,,,,,256,P,Y,0000111111110000111100000000111100001111111100001111000000001111,Y,"[{""end_offset"":24,""start_offset"":0,""state"":""pure_P""},{""end_offset"":62,""start_offset"":33,""state"":""raw_codeword_specific_composite""},{""end_offset"":256,""start_offset"":85,""state"":""pure_Y""}]"
691,p_y_q,2,Y,Y,first_hidden,True,117,128,True,85,117,True,85,117,True,85,117,-32,-32,256,P,Y,0000111111110000111100000000111100001111111100001111000000001111,Y,"[{""end_offset"":24,""start_offset"":0,""state"":""pure_P""},{""end_offset"":62,""start_offset"":33,""state"":""raw_codeword_specific_composite""},{""end_offset"":256,""start_offset"":85,""state"":""pure_Y""}]"
691,p_y_q,2,Y,Y,final_hidden,True,85,117,True,85,117,True,85,117,True,85,117,0,0,256,P,Y,0000111111110000111100000000111100001111111100001111000000001111,Y,"[{""end_offset"":24,""start_offset"":0,""state"":""pure_P""},{""end_offset"":62,""start_offset"":33,""state"":""raw_codeword_specific_composite""},{""end_offset"":256,""start_offset"":85,""state"":""pure_Y""}]"
691,p_y_q,3,Q,P,first_hidden,True,0,1,False,,,False,,,False,,,,,256,Y,Q,1001100110011001100110011001100110011001100110011001100110011001,Q,"[{""end_offset"":13,""start_offset"":0,""state"":""pure_Y""},{""end_offset"":45,""start_offset"":17,""state"":""raw_codeword_specific_composite""},{""end_offset"":256,""start_offset"":62,""state"":""pure_Q""}]"
691,p_y_q,3,Q,P,final_hidden,True,0,1,False,,,False,,,False,,,,,256,Y,Q,1001100110011001100110011001100110011001100110011001100110011001,Q,"[{""end_offset"":13,""start_offset"":0,""state"":""pure_Y""},{""end_offset"":45,""start_offset"":17,""state"":""raw_codeword_specific_composite""},{""end_offset"":256,""start_offset"":62,""state"":""pure_Q""}]"
691,p_y_q,3,Q,Q,first_hidden,True,33,45,True,62,85,True,62,85,True,62,85,29,29,256,Y,Q,1001100110011001100110011001100110011001100110011001100110011001,Q,"[{""end_offset"":13,""start_offset"":0,""state"":""pure_Y""},{""end_offset"":45,""start_offset"":17,""state"":""raw_codeword_specific_composite""},{""end_offset"":256,""start_offset"":62,""state"":""pure_Q""}]"
691,p_y_q,3,Q,Q,final_hidden,True,62,85,True,62,85,True,62,85,True,62,85,0,0,256,Y,Q,1001100110011001100110011001100110011001100110011001100110011001,Q,"[{""end_offset"":13,""start_offset"":0,""state"":""pure_Y""},{""end_offset"":45,""start_offset"":17,""state"":""raw_codeword_specific_composite""},{""end_offset"":256,""start_offset"":62,""state"":""pure_Q""}]"
691,p_y_q,3,Q,Y,first_hidden,True,0,1,True,0,1,True,0,1,True,0,1,0,0,256,Y,Q,1001100110011001100110011001100110011001100110011001100110011001,Q,"[{""end_offset"":13,""start_offset"":0,""state"":""pure_Y""},{""end_offset"":45,""start_offset"":17,""state"":""raw_codeword_specific_composite""},{""end_offset"":256,""start_offset"":62,""state"":""pure_Q""}]"
691,p_y_q,3,Q,Y,final_hidden,True,0,1,True,0,1,True,0,1,True,0,1,0,0,256,Y,Q,1001100110011001100110011001100110011001100110011001100110011001,Q,"[{""end_offset"":13,""start_offset"":0,""state"":""pure_Y""},{""end_offset"":45,""start_offset"":17,""state"":""raw_codeword_specific_composite""},{""end_offset"":256,""start_offset"":62,""state"":""pure_Q""}]"
691,q_p_y,1,Q,P,first_hidden,True,0,1,False,,,False,,,False,,,,,256,,Q,1001100110011001100110011001100110011001100110011001100110011001,Q,"[{""end_offset"":0,""start_offset"":0,""state"":""other_candidate_tuple_consistent""},{""end_offset"":7,""start_offset"":1,""state"":""raw_codeword_specific_composite""},{""end_offset"":256,""start_offset"":9,""state"":""pure_Q""}]"
691,q_p_y,1,Q,P,final_hidden,True,0,1,False,,,False,,,False,,,,,256,,Q,1001100110011001100110011001100110011001100110011001100110011001,Q,"[{""end_offset"":0,""start_offset"":0,""state"":""other_candidate_tuple_consistent""},{""end_offset"":7,""start_offset"":1,""state"":""raw_codeword_specific_composite""},{""end_offset"":256,""start_offset"":9,""state"":""pure_Q""}]"
691,q_p_y,1,Q,Q,first_hidden,True,17,24,True,9,13,True,9,13,True,9,13,-8,-8,256,,Q,1001100110011001100110011001100110011001100110011001100110011001,Q,"[{""end_offset"":0,""start_offset"":0,""state"":""other_candidate_tuple_consistent""},{""end_offset"":7,""start_offset"":1,""state"":""raw_codeword_specific_composite""},{""end_offset"":256,""start_offset"":9,""state"":""pure_Q""}]"
691,q_p_y,1,Q,Q,final_hidden,True,7,9,True,9,13,True,9,13,True,9,13,2,2,256,,Q,1001100110011001100110011001100110011001100110011001100110011001,Q,"[{""end_offset"":0,""start_offset"":0,""state"":""other_candidate_tuple_consistent""},{""end_offset"":7,""start_offset"":1,""state"":""raw_codeword_specific_composite""},{""end_offset"":256,""start_offset"":9,""state"":""pure_Q""}]"
691,q_p_y,1,Q,Y,first_hidden,False,,,False,,,False,,,False,,,,,256,,Q,1001100110011001100110011001100110011001100110011001100110011001,Q,"[{""end_offset"":0,""start_offset"":0,""state"":""other_candidate_tuple_consistent""},{""end_offset"":7,""start_offset"":1,""state"":""raw_codeword_specific_composite""},{""end_offset"":256,""start_offset"":9,""state"":""pure_Q""}]"
691,q_p_y,1,Q,Y,final_hidden,False,,,False,,,False,,,False,,,,,256,,Q,1001100110011001100110011001100110011001100110011001100110011001,Q,"[{""end_offset"":0,""start_offset"":0,""state"":""other_candidate_tuple_consistent""},{""end_offset"":7,""start_offset"":1,""state"":""raw_codeword_specific_composite""},{""end_offset"":256,""start_offset"":9,""state"":""pure_Q""}]"
691,q_p_y,2,P,P,first_hidden,True,0,1,True,33,45,True,33,45,True,33,45,33,33,256,Q,P,0000000000000000000000000000000011111111111111111111111111111111,P,"[{""end_offset"":13,""start_offset"":0,""state"":""pure_Q""},{""end_offset"":24,""start_offset"":17,""state"":""raw_codeword_specific_composite""},{""end_offset"":256,""start_offset"":33,""state"":""pure_P""}]"
691,q_p_y,2,P,P,final_hidden,True,0,1,True,33,45,True,33,45,True,33,45,33,33,256,Q,P,0000000000000000000000000000000011111111111111111111111111111111,P,"[{""end_offset"":13,""start_offset"":0,""state"":""pure_Q""},{""end_offset"":24,""start_offset"":17,""state"":""raw_codeword_specific_composite""},{""end_offset"":256,""start_offset"":33,""state"":""pure_P""}]"
691,q_p_y,2,P,Q,first_hidden,True,0,1,True,0,1,True,0,1,True,0,1,0,0,256,Q,P,0000000000000000000000000000000011111111111111111111111111111111,P,"[{""end_offset"":13,""start_offset"":0,""state"":""pure_Q""},{""end_offset"":24,""start_offset"":17,""state"":""raw_codeword_specific_composite""},{""end_offset"":256,""start_offset"":33,""state"":""pure_P""}]"
691,q_p_y,2,P,Q,final_hidden,True,0,1,True,0,1,True,0,1,True,0,1,0,0,256,Q,P,0000000000000000000000000000000011111111111111111111111111111111,P,"[{""end_offset"":13,""start_offset"":0,""state"":""pure_Q""},{""end_offset"":24,""start_offset"":17,""state"":""raw_codeword_specific_composite""},{""end_offset"":256,""start_offset"":33,""state"":""pure_P""}]"
691,q_p_y,2,P,Y,first_hidden,False,,,False,,,False,,,False,,,,,256,Q,P,0000000000000000000000000000000011111111111111111111111111111111,P,"[{""end_offset"":13,""start_offset"":0,""state"":""pure_Q""},{""end_offset"":24,""start_offset"":17,""state"":""raw_codeword_specific_composite""},{""end_offset"":256,""start_offset"":33,""state"":""pure_P""}]"
691,q_p_y,2,P,Y,final_hidden,False,,,False,,,False,,,False,,,,,256,Q,P,0000000000000000000000000000000011111111111111111111111111111111,P,"[{""end_offset"":13,""start_offset"":0,""state"":""pure_Q""},{""end_offset"":24,""start_offset"":17,""state"":""raw_codeword_specific_composite""},{""end_offset"":256,""start_offset"":33,""state"":""pure_P""}]"
691,q_p_y,3,Y,P,first_hidden,True,0,1,True,0,1,True,0,1,True,0,1,0,0,256,P,Y,0000111111110000111100000000111100001111111100001111000000001111,Y,"[{""end_offset"":24,""start_offset"":0,""state"":""pure_P""},{""end_offset"":62,""start_offset"":33,""state"":""raw_codeword_specific_composite""},{""end_offset"":256,""start_offset"":85,""state"":""pure_Y""}]"
691,q_p_y,3,Y,P,final_hidden,True,0,1,True,0,1,True,0,1,True,0,1,0,0,256,P,Y,0000111111110000111100000000111100001111111100001111000000001111,Y,"[{""end_offset"":24,""start_offset"":0,""state"":""pure_P""},{""end_offset"":62,""start_offset"":33,""state"":""raw_codeword_specific_composite""},{""end_offset"":256,""start_offset"":85,""state"":""pure_Y""}]"
691,q_p_y,3,Y,Q,first_hidden,True,0,1,False,,,False,,,False,,,,,256,P,Y,0000111111110000111100000000111100001111111100001111000000001111,Y,"[{""end_offset"":24,""start_offset"":0,""state"":""pure_P""},{""end_offset"":62,""start_offset"":33,""state"":""raw_codeword_specific_composite""},{""end_offset"":256,""start_offset"":85,""state"":""pure_Y""}]"
691,q_p_y,3,Y,Q,final_hidden,True,0,1,False,,,False,,,False,,,,,256,P,Y,0000111111110000111100000000111100001111111100001111000000001111,Y,"[{""end_offset"":24,""start_offset"":0,""state"":""pure_P""},{""end_offset"":62,""start_offset"":33,""state"":""raw_codeword_specific_composite""},{""end_offset"":256,""start_offset"":85,""state"":""pure_Y""}]"
691,q_p_y,3,Y,Y,first_hidden,True,85,117,True,85,117,True,85,117,True,85,117,0,0,256,P,Y,0000111111110000111100000000111100001111111100001111000000001111,Y,"[{""end_offset"":24,""start_offset"":0,""state"":""pure_P""},{""end_offset"":62,""start_offset"":33,""state"":""raw_codeword_specific_composite""},{""end_offset"":256,""start_offset"":85,""state"":""pure_Y""}]"
691,q_p_y,3,Y,Y,final_hidden,True,117,128,True,85,117,True,85,117,True,85,117,-32,-32,256,P,Y,0000111111110000111100000000111100001111111100001111000000001111,Y,"[{""end_offset"":24,""start_offset"":0,""state"":""pure_P""},{""end_offset"":62,""start_offset"":33,""state"":""raw_codeword_specific_composite""},{""end_offset"":256,""start_offset"":85,""state"":""pure_Y""}]"
691,q_y_p,1,Q,P,first_hidden,True,0,1,False,,,False,,,False,,,,,256,,Q,1001100110011001100110011001100110011001100110011001100110011001,Q,"[{""end_offset"":0,""start_offset"":0,""state"":""other_candidate_tuple_consistent""},{""end_offset"":7,""start_offset"":1,""state"":""raw_codeword_specific_composite""},{""end_offset"":256,""start_offset"":9,""state"":""pure_Q""}]"
691,q_y_p,1,Q,P,final_hidden,True,0,1,False,,,False,,,False,,,,,256,,Q,1001100110011001100110011001100110011001100110011001100110011001,Q,"[{""end_offset"":0,""start_offset"":0,""state"":""other_candidate_tuple_consistent""},{""end_offset"":7,""start_offset"":1,""state"":""raw_codeword_specific_composite""},{""end_offset"":256,""start_offset"":9,""state"":""pure_Q""}]"
691,q_y_p,1,Q,Q,first_hidden,True,17,24,True,9,13,True,9,13,True,9,13,-8,-8,256,,Q,1001100110011001100110011001100110011001100110011001100110011001,Q,"[{""end_offset"":0,""start_offset"":0,""state"":""other_candidate_tuple_consistent""},{""end_offset"":7,""start_offset"":1,""state"":""raw_codeword_specific_composite""},{""end_offset"":256,""start_offset"":9,""state"":""pure_Q""}]"
691,q_y_p,1,Q,Q,final_hidden,True,7,9,True,9,13,True,9,13,True,9,13,2,2,256,,Q,1001100110011001100110011001100110011001100110011001100110011001,Q,"[{""end_offset"":0,""start_offset"":0,""state"":""other_candidate_tuple_consistent""},{""end_offset"":7,""start_offset"":1,""state"":""raw_codeword_specific_composite""},{""end_offset"":256,""start_offset"":9,""state"":""pure_Q""}]"
691,q_y_p,1,Q,Y,first_hidden,False,,,False,,,False,,,False,,,,,256,,Q,1001100110011001100110011001100110011001100110011001100110011001,Q,"[{""end_offset"":0,""start_offset"":0,""state"":""other_candidate_tuple_consistent""},{""end_offset"":7,""start_offset"":1,""state"":""raw_codeword_specific_composite""},{""end_offset"":256,""start_offset"":9,""state"":""pure_Q""}]"
691,q_y_p,1,Q,Y,final_hidden,False,,,False,,,False,,,False,,,,,256,,Q,1001100110011001100110011001100110011001100110011001100110011001,Q,"[{""end_offset"":0,""start_offset"":0,""state"":""other_candidate_tuple_consistent""},{""end_offset"":7,""start_offset"":1,""state"":""raw_codeword_specific_composite""},{""end_offset"":256,""start_offset"":9,""state"":""pure_Q""}]"
691,q_y_p,2,Y,P,first_hidden,True,0,1,False,,,False,,,False,,,,,256,Q,Y,0000111111110000111100000000111100001111111100001111000000001111,Y,"[{""end_offset"":13,""start_offset"":0,""state"":""pure_Q""},{""end_offset"":85,""start_offset"":17,""state"":""raw_codeword_specific_composite""},{""end_offset"":256,""start_offset"":117,""state"":""pure_Y""}]"
691,q_y_p,2,Y,P,final_hidden,True,0,1,False,,,False,,,False,,,,,256,Q,Y,0000111111110000111100000000111100001111111100001111000000001111,Y,"[{""end_offset"":13,""start_offset"":0,""state"":""pure_Q""},{""end_offset"":85,""start_offset"":17,""state"":""raw_codeword_specific_composite""},{""end_offset"":256,""start_offset"":117,""state"":""pure_Y""}]"
691,q_y_p,2,Y,Q,first_hidden,True,0,1,True,0,1,True,0,1,True,0,1,0,0,256,Q,Y,0000111111110000111100000000111100001111111100001111000000001111,Y,"[{""end_offset"":13,""start_offset"":0,""state"":""pure_Q""},{""end_offset"":85,""start_offset"":17,""state"":""raw_codeword_specific_composite""},{""end_offset"":256,""start_offset"":117,""state"":""pure_Y""}]"
691,q_y_p,2,Y,Q,final_hidden,True,0,1,True,0,1,True,0,1,True,0,1,0,0,256,Q,Y,0000111111110000111100000000111100001111111100001111000000001111,Y,"[{""end_offset"":13,""start_offset"":0,""state"":""pure_Q""},{""end_offset"":85,""start_offset"":17,""state"":""raw_codeword_specific_composite""},{""end_offset"":256,""start_offset"":117,""state"":""pure_Y""}]"
691,q_y_p,2,Y,Y,first_hidden,True,128,161,True,117,128,True,117,128,True,117,128,-11,-11,256,Q,Y,0000111111110000111100000000111100001111111100001111000000001111,Y,"[{""end_offset"":13,""start_offset"":0,""state"":""pure_Q""},{""end_offset"":85,""start_offset"":17,""state"":""raw_codeword_specific_composite""},{""end_offset"":256,""start_offset"":117,""state"":""pure_Y""}]"
691,q_y_p,2,Y,Y,final_hidden,True,161,222,True,117,128,True,117,128,True,117,128,-44,-44,256,Q,Y,0000111111110000111100000000111100001111111100001111000000001111,Y,"[{""end_offset"":13,""start_offset"":0,""state"":""pure_Q""},{""end_offset"":85,""start_offset"":17,""state"":""raw_codeword_specific_composite""},{""end_offset"":256,""start_offset"":117,""state"":""pure_Y""}]"
691,q_y_p,3,P,P,first_hidden,True,0,1,True,24,33,True,24,33,True,24,33,24,24,256,Y,P,0000000000000000000000000000000011111111111111111111111111111111,P,"[{""end_offset"":17,""start_offset"":0,""state"":""pure_Y""},{""end_offset"":256,""start_offset"":24,""state"":""pure_P""}]"
691,q_y_p,3,P,P,final_hidden,True,33,45,True,24,33,True,24,33,True,24,33,-9,-9,256,Y,P,0000000000000000000000000000000011111111111111111111111111111111,P,"[{""end_offset"":17,""start_offset"":0,""state"":""pure_Y""},{""end_offset"":256,""start_offset"":24,""state"":""pure_P""}]"
691,q_y_p,3,P,Q,first_hidden,True,3,4,False,,,False,,,False,,,,,256,Y,P,0000000000000000000000000000000011111111111111111111111111111111,P,"[{""end_offset"":17,""start_offset"":0,""state"":""pure_Y""},{""end_offset"":256,""start_offset"":24,""state"":""pure_P""}]"
691,q_y_p,3,P,Q,final_hidden,False,,,False,,,False,,,False,,,,,256,Y,P,0000000000000000000000000000000011111111111111111111111111111111,P,"[{""end_offset"":17,""start_offset"":0,""state"":""pure_Y""},{""end_offset"":256,""start_offset"":24,""state"":""pure_P""}]"
691,q_y_p,3,P,Y,first_hidden,True,0,1,True,0,1,True,0,1,True,0,1,0,0,256,Y,P,0000000000000000000000000000000011111111111111111111111111111111,P,"[{""end_offset"":17,""start_offset"":0,""state"":""pure_Y""},{""end_offset"":256,""start_offset"":24,""state"":""pure_P""}]"
691,q_y_p,3,P,Y,final_hidden,True,0,1,True,0,1,True,0,1,True,0,1,0,0,256,Y,P,0000000000000000000000000000000011111111111111111111111111111111,P,"[{""end_offset"":17,""start_offset"":0,""state"":""pure_Y""},{""end_offset"":256,""start_offset"":24,""state"":""pure_P""}]"
691,y_p_q,1,Y,P,first_hidden,True,0,1,False,,,False,,,False,,,,,256,,Y,0000111111110000111100000000111100001111111100001111000000001111,Y,"[{""end_offset"":0,""start_offset"":0,""state"":""other_candidate_tuple_consistent""},{""end_offset"":9,""start_offset"":1,""state"":""raw_codeword_specific_composite""},{""end_offset"":256,""start_offset"":13,""state"":""pure_Y""}]"
691,y_p_q,1,Y,P,final_hidden,True,0,1,False,,,False,,,False,,,,,256,,Y,0000111111110000111100000000111100001111111100001111000000001111,Y,"[{""end_offset"":0,""start_offset"":0,""state"":""other_candidate_tuple_consistent""},{""end_offset"":9,""start_offset"":1,""state"":""raw_codeword_specific_composite""},{""end_offset"":256,""start_offset"":13,""state"":""pure_Y""}]"
691,y_p_q,1,Y,Q,first_hidden,False,,,False,,,False,,,False,,,,,256,,Y,0000111111110000111100000000111100001111111100001111000000001111,Y,"[{""end_offset"":0,""start_offset"":0,""state"":""other_candidate_tuple_consistent""},{""end_offset"":9,""start_offset"":1,""state"":""raw_codeword_specific_composite""},{""end_offset"":256,""start_offset"":13,""state"":""pure_Y""}]"
691,y_p_q,1,Y,Q,final_hidden,False,,,False,,,False,,,False,,,,,256,,Y,0000111111110000111100000000111100001111111100001111000000001111,Y,"[{""end_offset"":0,""start_offset"":0,""state"":""other_candidate_tuple_consistent""},{""end_offset"":9,""start_offset"":1,""state"":""raw_codeword_specific_composite""},{""end_offset"":256,""start_offset"":13,""state"":""pure_Y""}]"
691,y_p_q,1,Y,Y,first_hidden,True,45,62,True,13,17,True,13,17,True,13,17,-32,-32,256,,Y,0000111111110000111100000000111100001111111100001111000000001111,Y,"[{""end_offset"":0,""start_offset"":0,""state"":""other_candidate_tuple_consistent""},{""end_offset"":9,""start_offset"":1,""state"":""raw_codeword_specific_composite""},{""end_offset"":256,""start_offset"":13,""state"":""pure_Y""}]"
691,y_p_q,1,Y,Y,final_hidden,True,24,33,True,13,17,True,13,17,True,13,17,-11,-11,256,,Y,0000111111110000111100000000111100001111111100001111000000001111,Y,"[{""end_offset"":0,""start_offset"":0,""state"":""other_candidate_tuple_consistent""},{""end_offset"":9,""start_offset"":1,""state"":""raw_codeword_specific_composite""},{""end_offset"":256,""start_offset"":13,""state"":""pure_Y""}]"
691,y_p_q,2,P,P,first_hidden,True,0,1,True,24,33,True,24,33,True,24,33,24,24,256,Y,P,0000000000000000000000000000000011111111111111111111111111111111,P,"[{""end_offset"":9,""start_offset"":0,""state"":""pure_Y""},{""end_offset"":17,""start_offset"":13,""state"":""raw_codeword_specific_composite""},{""end_offset"":256,""start_offset"":24,""state"":""pure_P""}]"
691,y_p_q,2,P,P,final_hidden,True,0,1,True,24,33,True,24,33,True,24,33,24,24,256,Y,P,0000000000000000000000000000000011111111111111111111111111111111,P,"[{""end_offset"":9,""start_offset"":0,""state"":""pure_Y""},{""end_offset"":17,""start_offset"":13,""state"":""raw_codeword_specific_composite""},{""end_offset"":256,""start_offset"":24,""state"":""pure_P""}]"
691,y_p_q,2,P,Q,first_hidden,False,,,False,,,False,,,False,,,,,256,Y,P,0000000000000000000000000000000011111111111111111111111111111111,P,"[{""end_offset"":9,""start_offset"":0,""state"":""pure_Y""},{""end_offset"":17,""start_offset"":13,""state"":""raw_codeword_specific_composite""},{""end_offset"":256,""start_offset"":24,""state"":""pure_P""}]"
691,y_p_q,2,P,Q,final_hidden,False,,,False,,,False,,,False,,,,,256,Y,P,0000000000000000000000000000000011111111111111111111111111111111,P,"[{""end_offset"":9,""start_offset"":0,""state"":""pure_Y""},{""end_offset"":17,""start_offset"":13,""state"":""raw_codeword_specific_composite""},{""end_offset"":256,""start_offset"":24,""state"":""pure_P""}]"
691,y_p_q,2,P,Y,first_hidden,True,0,1,True,0,1,True,0,1,True,0,1,0,0,256,Y,P,0000000000000000000000000000000011111111111111111111111111111111,P,"[{""end_offset"":9,""start_offset"":0,""state"":""pure_Y""},{""end_offset"":17,""start_offset"":13,""state"":""raw_codeword_specific_composite""},{""end_offset"":256,""start_offset"":24,""state"":""pure_P""}]"
691,y_p_q,2,P,Y,final_hidden,True,0,1,True,0,1,True,0,1,True,0,1,0,0,256,Y,P,0000000000000000000000000000000011111111111111111111111111111111,P,"[{""end_offset"":9,""start_offset"":0,""state"":""pure_Y""},{""end_offset"":17,""start_offset"":13,""state"":""raw_codeword_specific_composite""},{""end_offset"":256,""start_offset"":24,""state"":""pure_P""}]"
691,y_p_q,3,Q,P,first_hidden,True,0,1,True,0,1,True,0,1,True,0,1,0,0,256,P,Q,1001100110011001100110011001100110011001100110011001100110011001,Q,"[{""end_offset"":24,""start_offset"":0,""state"":""pure_P""},{""end_offset"":45,""start_offset"":33,""state"":""raw_codeword_specific_composite""},{""end_offset"":256,""start_offset"":62,""state"":""pure_Q""}]"
691,y_p_q,3,Q,P,final_hidden,True,0,1,True,0,1,True,0,1,True,0,1,0,0,256,P,Q,1001100110011001100110011001100110011001100110011001100110011001,Q,"[{""end_offset"":24,""start_offset"":0,""state"":""pure_P""},{""end_offset"":45,""start_offset"":33,""state"":""raw_codeword_specific_composite""},{""end_offset"":256,""start_offset"":62,""state"":""pure_Q""}]"
691,y_p_q,3,Q,Q,first_hidden,True,62,85,True,62,85,True,62,85,True,62,85,0,0,256,P,Q,1001100110011001100110011001100110011001100110011001100110011001,Q,"[{""end_offset"":24,""start_offset"":0,""state"":""pure_P""},{""end_offset"":45,""start_offset"":33,""state"":""raw_codeword_specific_composite""},{""end_offset"":256,""start_offset"":62,""state"":""pure_Q""}]"
691,y_p_q,3,Q,Q,final_hidden,True,62,85,True,62,85,True,62,85,True,62,85,0,0,256,P,Q,1001100110011001100110011001100110011001100110011001100110011001,Q,"[{""end_offset"":24,""start_offset"":0,""state"":""pure_P""},{""end_offset"":45,""start_offset"":33,""state"":""raw_codeword_specific_composite""},{""end_offset"":256,""start_offset"":62,""state"":""pure_Q""}]"
691,y_p_q,3,Q,Y,first_hidden,False,,,False,,,False,,,False,,,,,256,P,Q,1001100110011001100110011001100110011001100110011001100110011001,Q,"[{""end_offset"":24,""start_offset"":0,""state"":""pure_P""},{""end_offset"":45,""start_offset"":33,""state"":""raw_codeword_specific_composite""},{""end_offset"":256,""start_offset"":62,""state"":""pure_Q""}]"
691,y_p_q,3,Q,Y,final_hidden,True,13,17,False,,,False,,,False,,,,,256,P,Q,1001100110011001100110011001100110011001100110011001100110011001,Q,"[{""end_offset"":24,""start_offset"":0,""state"":""pure_P""},{""end_offset"":45,""start_offset"":33,""state"":""raw_codeword_specific_composite""},{""end_offset"":256,""start_offset"":62,""state"":""pure_Q""}]"
691,y_q_p,1,Y,P,first_hidden,True,0,1,False,,,False,,,False,,,,,256,,Y,0000111111110000111100000000111100001111111100001111000000001111,Y,"[{""end_offset"":0,""start_offset"":0,""state"":""other_candidate_tuple_consistent""},{""end_offset"":9,""start_offset"":1,""state"":""raw_codeword_specific_composite""},{""end_offset"":256,""start_offset"":13,""state"":""pure_Y""}]"
691,y_q_p,1,Y,P,final_hidden,True,0,1,False,,,False,,,False,,,,,256,,Y,0000111111110000111100000000111100001111111100001111000000001111,Y,"[{""end_offset"":0,""start_offset"":0,""state"":""other_candidate_tuple_consistent""},{""end_offset"":9,""start_offset"":1,""state"":""raw_codeword_specific_composite""},{""end_offset"":256,""start_offset"":13,""state"":""pure_Y""}]"
691,y_q_p,1,Y,Q,first_hidden,False,,,False,,,False,,,False,,,,,256,,Y,0000111111110000111100000000111100001111111100001111000000001111,Y,"[{""end_offset"":0,""start_offset"":0,""state"":""other_candidate_tuple_consistent""},{""end_offset"":9,""start_offset"":1,""state"":""raw_codeword_specific_composite""},{""end_offset"":256,""start_offset"":13,""state"":""pure_Y""}]"
691,y_q_p,1,Y,Q,final_hidden,False,,,False,,,False,,,False,,,,,256,,Y,0000111111110000111100000000111100001111111100001111000000001111,Y,"[{""end_offset"":0,""start_offset"":0,""state"":""other_candidate_tuple_consistent""},{""end_offset"":9,""start_offset"":1,""state"":""raw_codeword_specific_composite""},{""end_offset"":256,""start_offset"":13,""state"":""pure_Y""}]"
691,y_q_p,1,Y,Y,first_hidden,True,45,62,True,13,17,True,13,17,True,13,17,-32,-32,256,,Y,0000111111110000111100000000111100001111111100001111000000001111,Y,"[{""end_offset"":0,""start_offset"":0,""state"":""other_candidate_tuple_consistent""},{""end_offset"":9,""start_offset"":1,""state"":""raw_codeword_specific_composite""},{""end_offset"":256,""start_offset"":13,""state"":""pure_Y""}]"
691,y_q_p,1,Y,Y,final_hidden,True,24,33,True,13,17,True,13,17,True,13,17,-11,-11,256,,Y,0000111111110000111100000000111100001111111100001111000000001111,Y,"[{""end_offset"":0,""start_offset"":0,""state"":""other_candidate_tuple_consistent""},{""end_offset"":9,""start_offset"":1,""state"":""raw_codeword_specific_composite""},{""end_offset"":256,""start_offset"":13,""state"":""pure_Y""}]"
691,y_q_p,2,Q,P,first_hidden,True,0,1,False,,,False,,,False,,,,,256,Y,Q,1001100110011001100110011001100110011001100110011001100110011001,Q,"[{""end_offset"":9,""start_offset"":0,""state"":""pure_Y""},{""end_offset"":33,""start_offset"":13,""state"":""raw_codeword_specific_composite""},{""end_offset"":256,""start_offset"":45,""state"":""pure_Q""}]"
691,y_q_p,2,Q,P,final_hidden,True,0,1,False,,,False,,,False,,,,,256,Y,Q,1001100110011001100110011001100110011001100110011001100110011001,Q,"[{""end_offset"":9,""start_offset"":0,""state"":""pure_Y""},{""end_offset"":33,""start_offset"":13,""state"":""raw_codeword_specific_composite""},{""end_offset"":256,""start_offset"":45,""state"":""pure_Q""}]"
691,y_q_p,2,Q,Q,first_hidden,True,62,85,True,45,62,True,45,62,True,45,62,-17,-17,256,Y,Q,1001100110011001100110011001100110011001100110011001100110011001,Q,"[{""end_offset"":9,""start_offset"":0,""state"":""pure_Y""},{""end_offset"":33,""start_offset"":13,""state"":""raw_codeword_specific_composite""},{""end_offset"":256,""start_offset"":45,""state"":""pure_Q""}]"
691,y_q_p,2,Q,Q,final_hidden,True,85,117,True,45,62,True,45,62,True,45,62,-40,-40,256,Y,Q,1001100110011001100110011001100110011001100110011001100110011001,Q,"[{""end_offset"":9,""start_offset"":0,""state"":""pure_Y""},{""end_offset"":33,""start_offset"":13,""state"":""raw_codeword_specific_composite""},{""end_offset"":256,""start_offset"":45,""state"":""pure_Q""}]"
691,y_q_p,2,Q,Y,first_hidden,True,0,1,True,0,1,True,0,1,True,0,1,0,0,256,Y,Q,1001100110011001100110011001100110011001100110011001100110011001,Q,"[{""end_offset"":9,""start_offset"":0,""state"":""pure_Y""},{""end_offset"":33,""start_offset"":13,""state"":""raw_codeword_specific_composite""},{""end_offset"":256,""start_offset"":45,""state"":""pure_Q""}]"
691,y_q_p,2,Q,Y,final_hidden,True,0,1,True,0,1,True,0,1,True,0,1,0,0,256,Y,Q,1001100110011001100110011001100110011001100110011001100110011001,Q,"[{""end_offset"":9,""start_offset"":0,""state"":""pure_Y""},{""end_offset"":33,""start_offset"":13,""state"":""raw_codeword_specific_composite""},{""end_offset"":256,""start_offset"":45,""state"":""pure_Q""}]"
691,y_q_p,3,P,P,first_hidden,True,0,1,True,33,45,True,33,45,True,33,45,33,33,256,Q,P,0000000000000000000000000000000011111111111111111111111111111111,P,"[{""end_offset"":17,""start_offset"":0,""state"":""pure_Q""},{""end_offset"":24,""start_offset"":24,""state"":""raw_codeword_specific_composite""},{""end_offset"":256,""start_offset"":33,""state"":""pure_P""}]"
691,y_q_p,3,P,P,final_hidden,True,24,33,True,33,45,True,33,45,True,33,45,9,9,256,Q,P,0000000000000000000000000000000011111111111111111111111111111111,P,"[{""end_offset"":17,""start_offset"":0,""state"":""pure_Q""},{""end_offset"":24,""start_offset"":24,""state"":""raw_codeword_specific_composite""},{""end_offset"":256,""start_offset"":33,""state"":""pure_P""}]"
691,y_q_p,3,P,Q,first_hidden,True,0,1,True,0,1,True,0,1,True,0,1,0,0,256,Q,P,0000000000000000000000000000000011111111111111111111111111111111,P,"[{""end_offset"":17,""start_offset"":0,""state"":""pure_Q""},{""end_offset"":24,""start_offset"":24,""state"":""raw_codeword_specific_composite""},{""end_offset"":256,""start_offset"":33,""state"":""pure_P""}]"
691,y_q_p,3,P,Q,final_hidden,True,0,1,True,0,1,True,0,1,True,0,1,0,0,256,Q,P,0000000000000000000000000000000011111111111111111111111111111111,P,"[{""end_offset"":17,""start_offset"":0,""state"":""pure_Q""},{""end_offset"":24,""start_offset"":24,""state"":""raw_codeword_specific_composite""},{""end_offset"":256,""start_offset"":33,""state"":""pure_P""}]"
691,y_q_p,3,P,Y,first_hidden,False,,,False,,,False,,,False,,,,,256,Q,P,0000000000000000000000000000000011111111111111111111111111111111,P,"[{""end_offset"":17,""start_offset"":0,""state"":""pure_Q""},{""end_offset"":24,""start_offset"":24,""state"":""raw_codeword_specific_composite""},{""end_offset"":256,""start_offset"":33,""state"":""pure_P""}]"
691,y_q_p,3,P,Y,final_hidden,False,,,False,,,False,,,False,,,,,256,Q,P,0000000000000000000000000000000011111111111111111111111111111111,P,"[{""end_offset"":17,""start_offset"":0,""state"":""pure_Q""},{""end_offset"":24,""start_offset"":24,""state"":""raw_codeword_specific_composite""},{""end_offset"":256,""start_offset"":33,""state"":""pure_P""}]"
