run_id,seed,rule,q,width,depth,parameters,proxy_decoder_accuracy,exact_decoder_accuracy,decoder_advantage,rho_y,rho_p,iid_accuracy,single_channel_bayes,proxy_flip_rate,rule_flip_rate,proxy_probability_ate,rule_probability_ate,exact_acquisition_step,exact_acquisition_observed,exact_restricted_acquisition_step,competition_acquisition_step,competition_acquisition_observed,competition_restricted_acquisition_step
000ea20c4be36b438ca3,37,multiplexer,0.9,64,2,5313,1.0,1.0,0.0,1.0,0.0,1.0,0.6299,0.0,1.0,1.1109166543233373e-05,-0.9999870755925232,45,1,45,128,1,128
002e96f3847132782f47,83,majority,0.75,8,2,217,1.0,1.0,0.0,1.0,0.0,1.0,0.691,0.0,1.0,5.658146892664628e-06,-0.999984403555929,64,1,64,91,1,91
0041b95681a02ce8f50b,67,parity,0.9,8,1,145,1.0,1.0,0.0,0.0,1.0,0.9,0.5075,1.0,0.0,0.7868317884426586,-0.019153582771944063,,0,4096,,0,4096
008a4a9e3889128a1051,53,multiplexer,0.75,32,2,1633,1.0,1.0,0.0,1.0,0.0,1.0,0.6301,0.0,1.0,4.595044610951704e-06,-0.9999912764709578,64,1,64,128,1,128
0094c7d20d66e34d35d6,41,majority,0.99,64,1,1153,1.0,1.0,0.0,1.0,0.0,1.0,0.6949,0.0,1.0,0.0005418297396132468,-0.9994505625421091,23,1,23,362,1,362
00bb8977f8d236a2164b,53,conjunction,0.75,32,1,577,1.0,1.0,0.0,1.0,0.0,1.0,0.7638,0.0,1.0,2.756203251960091e-05,-0.999900863454064,64,1,64,91,1,91
00c28a2941c8251a7a4e,97,conjunction,0.75,8,1,145,1.0,1.0,0.0,1.0,0.0,1.0,0.7657,0.0,1.0,8.062476911338853e-05,-0.9997253859212236,8,1,8,128,1,128
015018de3becc602b20c,101,conjunction,0.99,64,1,1153,1.0,1.0,0.0,1.0,0.0,1.0,0.7635,0.0,1.0,0.006236700046272616,-0.9937258024080106,45,1,45,256,1,256
0157b347e6ad7ae1e404,83,conjunction,0.99,16,2,561,1.0,1.0,0.0,0.9482,0.0518,0.99925,0.7633,0.0518,0.9482,0.05200037649181622,-0.9479928568629852,64,1,64,362,1,362
0158fb2650c2ea8c61f1,23,conjunction,0.99,64,2,5313,1.0,1.0,0.0,0.9979,0.0021,1.0,0.7588,0.0021,0.9979,0.00619709708903222,-0.9937983360162976,23,1,23,91,1,91
01ca7802b53508d94165,53,multiplexer,0.9,64,2,5313,1.0,1.0,0.0,1.0,0.0,1.0,0.6301,0.0,1.0,2.105688084243269e-05,-0.9999758634270886,45,1,45,181,1,181
01d5efb51874bc6b1380,97,parity,0.75,16,1,289,1.0,1.0,0.0,1.0,0.0,1.0,0.5049,0.0,1.0,0.01558047129195466,-0.9678665130038379,512,1,512,2048,1,2048
0210708d350e03e22414,101,multiplexer,0.75,8,1,145,1.0,1.0,0.0,1.0,0.0,1.0,0.6318,0.0,1.0,0.0005934859732890285,-0.9987496596792532,362,1,362,512,1,512
023068efc14662ef55b8,83,parity,0.75,128,1,2305,1.0,1.0,0.0,1.0,0.0,1.0,0.5086,0.0,1.0,0.00012613504657320014,-0.9997557424775354,45,1,45,512,1,512
029b9509a43ee97952bf,41,conjunction,0.9,16,2,561,1.0,1.0,0.0,1.0,0.0,1.0,0.7635,0.0,1.0,1.2933903948133873e-05,-0.9999770004926151,32,1,32,64,1,64
02fc594a7d5f1773fa5e,97,multiplexer,0.99,64,2,5313,1.0,1.0,0.0,0.8246,0.1754,0.99875,0.6239,0.1754,0.8246,0.1817101264984103,-0.8182866742630895,45,1,45,,0,4096
0347e4ff1c795e5324bb,23,multiplexer,0.75,32,1,577,1.0,1.0,0.0,1.0,0.0,1.0,0.6296,0.0,1.0,9.456242955026318e-05,-0.9998091309725061,128,1,128,256,1,256
04220598232e8f219690,83,conjunction,0.9,32,2,1633,1.0,1.0,0.0,1.0,0.0,1.0,0.7633,0.0,1.0,2.913616822086198e-05,-0.9999667587093763,45,1,45,45,1,45
04331f041a1524a7f09a,97,majority,0.99,32,1,577,1.0,1.0,0.0,1.0,0.0,1.0,0.6936,0.0,1.0,0.0009365529970876702,-0.9990466643102118,45,1,45,362,1,362
044c29d325aa421ce0e4,11,majority,0.75,64,2,5313,1.0,1.0,0.0,1.0,0.0,1.0,0.6919,0.0,1.0,7.126168793926246e-07,-0.9999984082479696,11,1,11,32,1,32
047dfe20fe661f8ee760,37,majority,0.9,128,2,18817,1.0,1.0,0.0,1.0,0.0,1.0,0.6962,0.0,1.0,1.7797539272153661e-06,-0.9999978305638748,3,1,3,32,1,32
04e019e4085d00b26453,83,multiplexer,0.9,8,1,145,1.0,1.0,0.0,1.0,0.0,1.0,0.6269,0.0,1.0,0.0015028951293111728,-0.9980964745173067,256,1,256,1024,1,1024
0518b32545962b0614a4,101,multiplexer,0.99,8,1,145,1.0,1.0,0.0,0.8254,0.1746,0.9985,0.6318,0.1746,0.8254,0.2024771836234181,-0.7958100865384413,362,1,362,,0,4096
053e924c31d836df292b,67,parity,0.75,16,2,561,1.0,1.0,0.0,1.0,0.0,1.0,0.5075,0.0,1.0,6.357848823592564e-05,-0.9998566329007894,256,1,256,724,1,724
060ad60a531fb896d5e9,97,conjunction,0.9,128,1,2305,1.0,1.0,0.0,1.0,0.0,1.0,0.7657,0.0,1.0,5.188875870244357e-05,-0.9999274863051034,45,1,45,45,1,45
062f38a451c4d78f1d94,67,parity,0.75,64,1,1153,1.0,1.0,0.0,1.0,0.0,1.0,0.5075,0.0,1.0,0.0003511379968901776,-0.9992941854547078,64,1,64,724,1,724
063f08b03f4a88c17075,83,majority,0.75,32,1,577,1.0,1.0,0.0,1.0,0.0,1.0,0.691,0.0,1.0,2.0849750854425842e-05,-0.9999532333483674,16,1,16,91,1,91
06671e918cffd1f4c4e3,41,majority,0.75,128,1,2305,1.0,1.0,0.0,1.0,0.0,1.0,0.6949,0.0,1.0,5.501199278004776e-06,-0.9999878077092362,6,1,6,45,1,45
06fadb13bff158ef27ae,71,conjunction,0.9,32,2,1633,1.0,1.0,0.0,1.0,0.0,1.0,0.7605,0.0,1.0,2.7529246311821888e-05,-0.9999686735183332,4,1,4,45,1,45
071a7a00dcfb389f9589,37,conjunction,0.99,8,1,145,1.0,1.0,0.0,0.9786,0.0214,0.99975,0.7629,0.0214,0.9786,0.028207244529123467,-0.9715357271206793,11,1,11,724,1,724
0729b24777e3a299f918,83,conjunction,0.9,8,1,145,1.0,1.0,0.0,1.0,0.0,1.0,0.7633,0.0,1.0,0.0005536986787555891,-0.9991177613991956,181,1,181,181,1,181
0785842e02de5d0f3af4,71,majority,0.9,8,1,145,1.0,1.0,0.0,1.0,0.0,1.0,0.6947,0.0,1.0,0.00011634366802483149,-0.9998463622315283,64,1,64,128,1,128
079b82435197b9e786db,101,conjunction,0.99,32,1,577,1.0,1.0,0.0,0.9969,0.0031,0.99975,0.7635,0.0031,0.9969,0.015085220660890462,-0.9848524629497233,1,1,1,512,1,512
07a873517489357a97a7,101,parity,0.75,64,2,5313,1.0,1.0,0.0,1.0,0.0,1.0,0.514,0.0,1.0,8.339730606488771e-06,-0.9999844235163015,45,1,45,362,1,362
080e7e99bc9946378235,37,majority,0.99,16,1,289,1.0,1.0,0.0,1.0,0.0,1.0,0.6962,0.0,1.0,0.0016153690202291196,-0.9983335679114843,45,1,45,512,1,512
084a6e48e6967c841e43,67,conjunction,0.9,8,1,145,1.0,1.0,0.0,1.0,0.0,1.0,0.7626,0.0,1.0,0.0004356909129623242,-0.9992998414104428,181,1,181,256,1,256
0865e2f3dcf99b42317a,41,conjunction,0.75,8,2,217,1.0,1.0,0.0,1.0,0.0,1.0,0.7635,0.0,1.0,7.385002074312053e-06,-0.9999626468108005,23,1,23,91,1,91
088f16ad67340cccd827,23,majority,0.9,16,1,289,1.0,1.0,0.0,1.0,0.0,1.0,0.6909,0.0,1.0,0.0001117706902324747,-0.9998543275415818,91,1,91,181,1,181
089195b62a47d3d9ad77,71,multiplexer,0.9,8,1,145,1.0,1.0,0.0,1.0,0.0,1.0,0.628,0.0,1.0,0.0018573303963774993,-0.9976774656282592,256,1,256,1024,1,1024
08c30f7a2829f07b260d,101,majority,0.99,32,1,577,1.0,1.0,0.0,1.0,0.0,1.0,0.6922,0.0,1.0,0.0007845541110588236,-0.9992045797664622,45,1,45,512,1,512
08ec4aacc0c7b0fda30d,37,parity,0.75,32,1,577,1.0,1.0,0.0,1.0,0.0,1.0,0.5048,0.0,1.0,0.0005326173858803483,-0.9989233825797299,181,1,181,1024,1,1024
0901cd1a32d54b0158f8,71,conjunction,0.9,128,1,2305,1.0,1.0,0.0,1.0,0.0,1.0,0.7605,0.0,1.0,4.953967341111757e-05,-0.9999310700273579,45,1,45,45,1,45
097ec0c010f433cc43d1,101,majority,0.75,128,2,18817,1.0,1.0,0.0,1.0,0.0,1.0,0.6922,0.0,1.0,1.2402086156672044e-07,-0.9999996169240789,6,1,6,23,1,23
099ac740c93d860c4bba,11,multiplexer,0.99,128,2,18817,1.0,1.0,0.0,0.8566,0.1434,0.9985,0.6249,0.1434,0.8566,0.14995801842929324,-0.8500405267318615,23,1,23,,0,4096
09d825fc75729a795394,97,conjunction,0.99,128,1,2305,1.0,1.0,0.0,1.0,0.0,1.0,0.7657,0.0,1.0,0.003064293069302456,-0.996901761512251,45,1,45,181,1,181
09e19813a5a168c6a89e,67,multiplexer,0.99,64,1,1153,1.0,1.0,0.0,0.9825,0.0175,0.99975,0.6249,0.0175,0.9825,0.045849631837021725,-0.9540842021884497,91,1,91,2896,1,2896
09e1c563e84e66d768d9,23,parity,0.9,16,1,289,1.0,1.0,0.0,0.9269,0.0731,0.9915,0.508,0.0731,0.9269,0.15884118249071325,-0.8082561796057843,362,1,362,,0,4096
09ef5c5e9ffc3baf701d,53,parity,0.9,8,2,217,1.0,1.0,0.0,0.9337,0.0663,0.995,0.506,0.0663,0.9337,0.09437087825571541,-0.8854425908152022,512,1,512,,0,4096
09f14ab424ee9a3fba3c,97,conjunction,0.9,8,1,145,1.0,1.0,0.0,1.0,0.0,1.0,0.7657,0.0,1.0,0.00031115242805627134,-0.9994845083623133,8,1,8,256,1,256
09f360bfb600c072f29b,67,conjunction,0.9,64,2,5313,1.0,1.0,0.0,1.0,0.0,1.0,0.7626,0.0,1.0,1.1952818553667488e-05,-0.999984707550193,2,1,2,45,1,45
0a02c8180becda9c538b,37,conjunction,0.9,16,2,561,1.0,1.0,0.0,1.0,0.0,1.0,0.7629,0.0,1.0,6.429903737093212e-05,-0.9999251152493751,32,1,32,91,1,91
0a127d5a754017f4490d,11,parity,0.9,32,2,1633,1.0,1.0,0.0,1.0,0.0,1.0,0.5078,0.0,1.0,0.00011700439049233787,-0.9998596539000336,91,1,91,724,1,724
0a5f0a0f29c6fc3905e2,41,conjunction,0.99,8,2,217,1.0,1.0,0.0,0.9846,0.0154,1.0,0.7635,0.0154,0.9846,0.01887681794883968,-0.9810896707308225,23,1,23,362,1,362
0a9b25f8598d2df8d50d,37,multiplexer,0.75,128,2,18817,1.0,1.0,0.0,1.0,0.0,1.0,0.6299,0.0,1.0,2.348785901529726e-06,-0.999995653433237,23,1,23,64,1,64
0a9b72e6e5dcc8ebcb52,23,parity,0.99,32,2,1633,1.0,1.0,0.0,0.2744,0.7256,0.992,0.508,0.7256,0.2744,0.7219341453177691,-0.27735674357006385,64,1,64,,0,4096
0b1ecb05be67ac76f9ba,71,multiplexer,0.9,8,2,217,1.0,1.0,0.0,1.0,0.0,1.0,0.628,0.0,1.0,7.262828302347778e-05,-0.9999061885556241,181,1,181,512,1,512
0b5b0b50660eaa4a0627,101,multiplexer,0.75,64,2,5313,1.0,1.0,0.0,1.0,0.0,1.0,0.6318,0.0,1.0,3.1238934585385512e-06,-0.9999944722231574,45,1,45,91,1,91
0ba662842a9e46e33161,23,majority,0.99,64,1,1153,1.0,1.0,0.0,1.0,0.0,1.0,0.6909,0.0,1.0,0.0006466053521520252,-0.9993445560720189,11,1,11,256,1,256
0bd5cbedeb32f51f5e7a,71,majority,0.99,32,2,1633,1.0,1.0,0.0,1.0,0.0,1.0,0.6947,0.0,1.0,0.0006268444726842102,-0.999371702769442,32,1,32,256,1,256
0c078632b7e18dafa71e,11,conjunction,0.99,8,1,145,1.0,1.0,0.0,0.9292,0.0708,1.0,0.7669,0.0708,0.9292,0.07221800318546474,-0.927320894807618,2,1,2,724,1,724
0c16b81369fdfc25a612,11,parity,0.9,128,2,18817,1.0,1.0,0.0,1.0,0.0,1.0,0.5078,0.0,1.0,4.04193825199286e-05,-0.9999551728802427,23,1,23,362,1,362
0c5b39e96385559ef339,53,parity,0.9,64,2,5313,1.0,1.0,0.0,1.0,0.0,1.0,0.506,0.0,1.0,0.00010213490982633613,-0.9998812354810492,45,1,45,512,1,512
0c6a57a170f6b948bdd2,37,majority,0.9,64,1,1153,1.0,1.0,0.0,1.0,0.0,1.0,0.6962,0.0,1.0,3.258703231236031e-05,-0.999958682991096,32,1,32,128,1,128
0c8d2bfc94ce23b10132,83,parity,0.99,128,2,18817,1.0,1.0,0.0,0.0627,0.9373,0.99025,0.5086,0.9373,0.0627,0.9289181687148362,-0.07085960774694572,32,1,32,,0,4096
0c8f664ee08fd5713985,97,conjunction,0.99,8,1,145,1.0,1.0,0.0,1.0,0.0,1.0,0.7657,0.0,1.0,0.007315426573740029,-0.9923834827969433,8,1,8,724,1,724
0cb4ff72ab88715bda10,41,parity,0.9,32,1,577,1.0,1.0,0.0,1.0,0.0,1.0,0.5018,0.0,1.0,0.01022438997554348,-0.9876809121049608,181,1,181,2048,1,2048
0cbdb7be595d5259c116,53,conjunction,0.9,16,2,561,1.0,1.0,0.0,1.0,0.0,1.0,0.7638,0.0,1.0,2.2154593424814085e-05,-0.9999652011435067,8,1,8,91,1,91
0ce88436582422619af3,53,parity,0.9,8,1,145,1.0,0.968,-0.03200000000000003,0.0,1.0,0.9,0.506,1.0,0.0,0.7953312677751694,-0.01296316412525042,,0,4096,,0,4096
0d74844169d0a1c07663,41,majority,0.9,32,1,577,1.0,1.0,0.0,1.0,0.0,1.0,0.6949,0.0,1.0,5.670571945941422e-05,-0.9999289633973891,45,1,45,128,1,128
0dbee26c44a411fd2cef,23,parity,0.75,32,1,577,1.0,1.0,0.0,1.0,0.0,1.0,0.508,0.0,1.0,0.0006538015320447382,-0.9987067291836452,128,1,128,1024,1,1024
0e117ba24d92d4f650ab,97,multiplexer,0.75,64,2,5313,1.0,1.0,0.0,1.0,0.0,1.0,0.6239,0.0,1.0,3.319164825441778e-06,-0.9999943269728481,45,1,45,91,1,91
0e63c9d2e80c79da21bc,83,multiplexer,0.99,64,2,5313,1.0,1.0,0.0,0.9222,0.0778,0.99925,0.6269,0.0778,0.9222,0.08954742319369953,-0.9104503729554202,45,1,45,2896,1,2896
0e6d955c419637d25f4d,83,multiplexer,0.9,32,2,1633,1.0,1.0,0.0,1.0,0.0,1.0,0.6269,0.0,1.0,2.153394701779311e-05,-0.9999756945726477,64,1,64,181,1,181
0e91ebe1dc43ea474a3a,41,multiplexer,0.9,8,2,217,1.0,1.0,0.0,1.0,0.0,1.0,0.631,0.0,1.0,0.00011077190763484222,-0.9998571594808847,181,1,181,512,1,512
0ea6e65cf93199ddd68e,83,majority,0.75,8,1,145,1.0,1.0,0.0,1.0,0.0,1.0,0.691,0.0,1.0,7.167097081545226e-05,-0.9998336191941949,64,1,64,128,1,128
0ece782880a1a2f91e9f,23,majority,0.75,8,2,217,1.0,1.0,0.0,1.0,0.0,1.0,0.6909,0.0,1.0,4.521900634884446e-06,-0.9999819032107158,64,1,64,91,1,91
0efc28d3b0f9faf871db,53,majority,0.99,16,2,561,1.0,1.0,0.0,1.0,0.0,1.0,0.6929,0.0,1.0,0.0002477614956067605,-0.9997491662342604,45,1,45,256,1,256
0f40b6dd7b75e263e165,41,multiplexer,0.9,64,2,5313,1.0,1.0,0.0,1.0,0.0,1.0,0.631,0.0,1.0,2.416630932103768e-05,-0.9999731461781823,45,1,45,128,1,128
0f40efb1faa4d0d4badd,11,conjunction,0.99,128,2,18817,1.0,1.0,0.0,0.9346,0.0654,1.0,0.7669,0.0654,0.9346,0.06217929408039888,-0.9378198947083816,16,1,16,64,1,64
0f8c621242d470b01d01,23,parity,0.75,64,1,1153,1.0,1.0,0.0,1.0,0.0,1.0,0.508,0.0,1.0,0.00023766172182828273,-0.9995248622189808,128,1,128,512,1,512
0f9055f218f99257a0fc,83,multiplexer,0.75,128,1,2305,1.0,1.0,0.0,1.0,0.0,1.0,0.6269,0.0,1.0,3.4864157744984606e-05,-0.9999335313760989,64,1,64,181,1,181
0fc2833b14f35054773f,83,multiplexer,0.99,32,2,1633,1.0,1.0,0.0,0.9005,0.0995,0.9985,0.6269,0.0995,0.9005,0.10639976198313723,-0.89359219238795,64,1,64,,0,4096
0fc6b98f3aedece6323b,37,parity,0.75,64,2,5313,1.0,1.0,0.0,1.0,0.0,1.0,0.5048,0.0,1.0,1.0894540216055048e-05,-0.9999798263070857,45,1,45,362,1,362
0fd7ab1ed54364a4b422,67,majority,0.9,128,1,2305,1.0,1.0,0.0,1.0,0.0,1.0,0.689,0.0,1.0,1.8700823335961414e-05,-0.9999759398688931,6,1,6,91,1,91
1007efa644e2f2d75af0,83,conjunction,0.75,64,2,5313,1.0,1.0,0.0,1.0,0.0,1.0,0.7633,0.0,1.0,1.879417031224606e-06,-0.9999941592699868,23,1,23,23,1,23
105eb12f7bd8db934f57,101,majority,0.9,64,2,5313,1.0,1.0,0.0,1.0,0.0,1.0,0.6922,0.0,1.0,2.5747972414900123e-06,-0.9999967752836612,16,1,16,45,1,45
10b6a69a783fa7416cce,37,conjunction,0.99,16,1,289,1.0,1.0,0.0,0.9997,0.0003,1.0,0.7629,0.0003,0.9997,0.011151808181043277,-0.9887008011686251,181,1,181,724,1,724
11454a64a1936eafabfa,11,conjunction,0.99,8,2,217,1.0,1.0,0.0,0.9418,0.0582,1.0,0.7669,0.0582,0.9418,0.05405199104115294,-0.9458982332860428,181,1,181,256,1,256
11490e5fd99a326ae7ca,23,multiplexer,0.99,128,2,18817,1.0,1.0,0.0,0.8118,0.1882,0.99825,0.6296,0.1882,0.8118,0.19530401869047567,-0.8046934004404819,23,1,23,,0,4096
11f88b1706490a344595,67,parity,0.99,32,2,1633,1.0,1.0,0.0,0.1924,0.8076,0.99175,0.5075,0.8074,0.1925,0.7998232205798746,-0.19918360915931027,91,1,91,,0,4096
12a6a274992400146fbe,23,majority,0.9,16,2,561,1.0,1.0,0.0,1.0,0.0,1.0,0.6909,0.0,1.0,5.8570698873832815e-06,-0.9999923042155897,64,1,64,128,1,128
12ada4f7996c9593baf5,53,parity,0.9,32,2,1633,1.0,1.0,0.0,1.0,0.0,1.0,0.506,0.0,1.0,0.00015463456098812332,-0.9998175593155065,64,1,64,724,1,724
12d23d8fb36c332e8909,83,parity,0.75,8,1,145,1.0,0.86975,-0.13024999999999998,1.0,0.0,1.0,0.5086,0.0,1.0,0.024566908306811006,-0.947012298036188,,0,4096,2896,1,2896
12e3893340366d3489f3,53,multiplexer,0.9,8,2,217,1.0,1.0,0.0,1.0,0.0,1.0,0.6301,0.0,1.0,7.441058178407124e-05,-0.9999041114846976,181,1,181,512,1,512
1301377afe4a4b1c13b9,97,parity,0.75,32,2,1633,1.0,1.0,0.0,1.0,0.0,1.0,0.5049,0.0,1.0,1.957644583479102e-05,-0.9999624617135232,91,1,91,512,1,512
137c1d5f78ed9a470403,37,multiplexer,0.9,8,2,217,1.0,1.0,0.0,1.0,0.0,1.0,0.6299,0.0,1.0,6.936720565592331e-05,-0.9999112147839234,128,1,128,362,1,362
1386ff9889d5a6129f0a,83,majority,0.99,16,2,561,1.0,1.0,0.0,1.0,0.0,1.0,0.691,0.0,1.0,0.00040481663350415415,-0.9995929552330406,32,1,32,256,1,256
13d49204a49ab466e267,37,parity,0.9,16,1,289,1.0,1.0,0.0,0.8934,0.1066,0.98725,0.5048,0.1066,0.8934,0.15954073213191314,-0.8048680718018234,181,1,181,,0,4096
14063d86901faf3deef2,37,multiplexer,0.9,8,1,145,1.0,1.0,0.0,1.0,0.0,1.0,0.6299,0.0,1.0,0.0026859303582055,-0.9965765484494897,362,1,362,1448,1,1448
143f753e13161c1aba25,97,majority,0.99,64,1,1153,1.0,1.0,0.0,1.0,0.0,1.0,0.6936,0.0,1.0,0.0007262460679728014,-0.9992641578553862,23,1,23,362,1,362
1491750091aec8848724,11,conjunction,0.99,64,1,1153,1.0,1.0,0.0,0.9304,0.0696,1.0,0.7669,0.0696,0.9304,0.06340776733990033,-0.9365262096123839,64,1,64,181,1,181
14c08bd97e8d7842a962,23,multiplexer,0.99,16,1,289,1.0,1.0,0.0,0.9043,0.0957,0.99925,0.6296,0.0957,0.9043,0.12803175001498204,-0.8715901855359529,181,1,181,,0,4096
14d893546edeba14571c,83,conjunction,0.9,64,2,5313,1.0,1.0,0.0,1.0,0.0,1.0,0.7633,0.0,1.0,1.3176163266341756e-05,-0.9999845074722132,23,1,23,23,1,23
158594dd1ea6fba25fb4,97,majority,0.75,128,1,2305,1.0,1.0,0.0,1.0,0.0,1.0,0.6936,0.0,1.0,5.6193947136242266e-06,-0.9999873994712285,11,1,11,45,1,45
160661bd93236ce4ac11,37,multiplexer,0.75,16,2,561,1.0,1.0,0.0,1.0,0.0,1.0,0.6299,0.0,1.0,7.327188643852e-06,-0.9999832577383057,91,1,91,181,1,181
1654f9d99cf894def44f,41,majority,0.9,64,1,1153,1.0,1.0,0.0,1.0,0.0,1.0,0.6949,0.0,1.0,2.7779808542780993e-05,-0.9999637632107428,23,1,23,128,1,128
16b8b8df3165e8131825,11,parity,0.75,128,2,18817,1.0,1.0,0.0,1.0,0.0,1.0,0.5078,0.0,1.0,4.489502080589991e-06,-0.9999916142540869,23,1,23,181,1,181
1719179dd453ad4e42cd,53,majority,0.9,64,1,1153,1.0,1.0,0.0,1.0,0.0,1.0,0.6929,0.0,1.0,2.867767952177719e-05,-0.9999632466602212,16,1,16,128,1,128
173687c00c6e2f2b0aa4,11,majority,0.75,16,1,289,1.0,1.0,0.0,1.0,0.0,1.0,0.6919,0.0,1.0,3.0973005440020894e-05,-0.9999295588014351,64,1,64,128,1,128
17a1f5b1289b7bec947e,53,conjunction,0.75,8,1,145,1.0,1.0,0.0,1.0,0.0,1.0,0.7638,0.0,1.0,8.224593221549868e-05,-0.9996821419528387,181,1,181,181,1,181
180024a08863759a2b10,41,parity,0.99,64,2,5313,1.0,1.0,0.0,0.0831,0.9169,0.991,0.5018,0.9167,0.0832,0.9092321604836597,-0.09023245173101886,45,1,45,,0,4096
18c77a25e8089b173416,53,majority,0.9,8,2,217,1.0,1.0,0.0,1.0,0.0,1.0,0.6929,0.0,1.0,2.0779484669380044e-05,-0.9999738865929425,91,1,91,181,1,181
19b896b1649b345fb93f,11,conjunction,0.9,32,1,577,1.0,1.0,0.0,1.0,0.0,1.0,0.7669,0.0,1.0,9.318804714228438e-05,-0.9998474272754987,64,1,64,91,1,91
19bbaef9cc55749ae83a,83,parity,0.9,128,2,18817,1.0,1.0,0.0,1.0,0.0,1.0,0.5086,0.0,1.0,3.760225782216861e-05,-0.9999580530351017,32,1,32,362,1,362
19d38f9a5f3f740fccc6,23,multiplexer,0.99,64,2,5313,1.0,1.0,0.0,0.8187,0.1813,0.998,0.6296,0.1813,0.8187,0.184149206053118,-0.8158466862304167,45,1,45,,0,4096
19d6c38fb4e90c481344,97,conjunction,0.99,64,1,1153,1.0,1.0,0.0,1.0,0.0,1.0,0.7657,0.0,1.0,0.00448886419174717,-0.9954474816888509,45,1,45,362,1,362
19f3146ed0a96ef3a023,101,majority,0.9,128,2,18817,1.0,1.0,0.0,1.0,0.0,1.0,0.6922,0.0,1.0,2.4065471957041672e-06,-0.999997153498327,6,1,6,32,1,32
19f56649d4df8249a148,37,conjunction,0.75,32,2,1633,1.0,1.0,0.0,1.0,0.0,1.0,0.7629,0.0,1.0,2.6832172317811875e-06,-0.9999912967535083,45,1,45,45,1,45
1a2f0b5ea19035d5ab62,97,multiplexer,0.9,32,1,577,1.0,1.0,0.0,1.0,0.0,1.0,0.6239,0.0,1.0,0.0005366746411131631,-0.999356709972658,128,1,128,724,1,724
1ac3e874624c27e25bab,101,conjunction,0.9,32,2,1633,1.0,1.0,0.0,1.0,0.0,1.0,0.7635,0.0,1.0,2.6931246906432193e-05,-0.9999689578291849,23,1,23,64,1,64
1b16eaef6ae36bf192d1,41,majority,0.75,64,2,5313,1.0,1.0,0.0,1.0,0.0,1.0,0.6949,0.0,1.0,1.7832718405814684e-07,-0.9999994944094857,11,1,11,32,1,32
1b208f60d28107f0a9fa,11,parity,0.99,16,1,289,1.0,1.0,0.0,0.0,1.0,0.99,0.5078,1.0,0.0,0.9801159377914975,-0.00024356384539269245,362,1,362,,0,4096
1b5fc1d35cb155cfcf63,67,parity,0.9,8,2,217,1.0,1.0,0.0,0.8154,0.1846,0.98,0.5075,0.1846,0.8154,0.16062536489073173,-0.8104391973668688,362,1,362,,0,4096
1b702c345f5833a414a3,101,multiplexer,0.99,128,1,2305,1.0,1.0,0.0,0.9359,0.0641,0.9995,0.6318,0.0641,0.9359,0.08472736203747096,-0.9152329793124216,64,1,64,2896,1,2896
1b8a25aec1a81bddf3bc,101,majority,0.9,32,2,1633,1.0,1.0,0.0,1.0,0.0,1.0,0.6922,0.0,1.0,5.216343600272899e-06,-0.9999934538023477,23,1,23,91,1,91
1b99571925558df21bc4,11,multiplexer,0.9,8,1,145,1.0,1.0,0.0,1.0,0.0,1.0,0.6249,0.0,1.0,0.0028222732356835913,-0.9965257446401673,362,1,362,1448,1,1448
1bdcdefa7cc5e298bead,23,parity,0.9,64,1,1153,1.0,1.0,0.0,1.0,0.0,1.0,0.508,0.0,1.0,0.0011770488843577485,-0.998565094215679,128,1,128,1024,1,1024
1c80a9e838587efe638f,71,parity,0.9,16,1,289,1.0,1.0,0.0,0.9502,0.0498,0.99475,0.5035,0.0498,0.9502,0.13101482034224915,-0.8385133718756539,362,1,362,,0,4096
1cf25b1d9f281ec8c909,41,parity,0.9,128,2,18817,1.0,1.0,0.0,1.0,0.0,1.0,0.5018,0.0,1.0,2.6185606016876917e-05,-0.9999699539913987,23,1,23,512,1,512
1d37ac798220070dbc8d,67,parity,0.75,32,1,577,1.0,1.0,0.0,1.0,0.0,1.0,0.5075,0.0,1.0,0.0008057107234202574,-0.9984703983870535,256,1,256,1024,1,1024
1d6cf26e6fb082daad03,83,conjunction,0.9,16,2,561,1.0,1.0,0.0,1.0,0.0,1.0,0.7633,0.0,1.0,3.4238537077284826e-05,-0.9999535955440894,64,1,64,91,1,91
1d90bab56dbb6ad2f0a4,53,majority,0.75,64,1,1153,1.0,1.0,0.0,1.0,0.0,1.0,0.6929,0.0,1.0,1.0178297417205296e-05,-0.9999772940312268,16,1,16,64,1,64
1dda48264ac0eeb00fba,11,conjunction,0.9,128,2,18817,1.0,1.0,0.0,1.0,0.0,1.0,0.7669,0.0,1.0,1.6357064178829316e-06,-0.999998241387961,16,1,16,16,1,16
1dfc8ff9e2bc93045f56,23,conjunction,0.9,32,1,577,1.0,1.0,0.0,1.0,0.0,1.0,0.7588,0.0,1.0,9.234898967552533e-05,-0.9998634352131986,91,1,91,91,1,91
1e0660a09560ce49e7ac,67,parity,0.99,16,1,289,1.0,1.0,0.0,0.0,1.0,0.99,0.5075,1.0,0.0,0.9791271821253485,-0.0006643922131446751,512,1,512,,0,4096
1e1057c021deac8442a8,37,conjunction,0.75,128,2,18817,1.0,1.0,0.0,1.0,0.0,1.0,0.7629,0.0,1.0,5.670567667725889e-07,-0.9999984288780188,1,1,1,16,1,16
1e25b04d73524b8d3752,41,parity,0.9,8,2,217,1.0,1.0,0.0,1.0,0.0,1.0,0.5018,0.0,1.0,0.015878907196386877,-0.9835896071769704,256,1,256,2048,1,2048
1e91df512813dd9a6cc5,101,conjunction,0.75,32,2,1633,1.0,1.0,0.0,1.0,0.0,1.0,0.7635,0.0,1.0,3.370084381468519e-06,-0.9999915216954856,23,1,23,45,1,45
1e9db657d7df8f030a33,83,conjunction,0.75,16,1,289,1.0,1.0,0.0,1.0,0.0,1.0,0.7633,0.0,1.0,4.8526527540921546e-05,-0.999826420638879,181,1,181,91,1,91
1f02ce5a84427c42bc0f,97,multiplexer,0.9,8,2,217,1.0,1.0,0.0,1.0,0.0,1.0,0.6239,0.0,1.0,0.0001345765128635314,-0.9998365773769241,181,1,181,512,1,512
1f4d1685195ef87e254c,11,multiplexer,0.75,128,1,2305,1.0,1.0,0.0,1.0,0.0,1.0,0.6249,0.0,1.0,3.0438260973254026e-05,-0.9999418075233065,64,1,64,181,1,181
1f4e1ca44962903afe6e,23,majority,0.99,32,2,1633,1.0,1.0,0.0,1.0,0.0,1.0,0.6909,0.0,1.0,0.0010939723955284756,-0.9989040808031739,16,1,16,256,1,256
1f537b6f410a034b3a48,71,conjunction,0.99,8,1,145,1.0,1.0,0.0,0.9894,0.0106,1.0,0.7605,0.0106,0.9894,0.023718086239591787,-0.9759853118100891,181,1,181,128,1,128
1f8097cc8b3094d19610,71,majority,0.99,32,1,577,1.0,1.0,0.0,1.0,0.0,1.0,0.6947,0.0,1.0,0.0010315409186846332,-0.9989520355806669,23,1,23,512,1,512
1fb09a851f265aca64c2,53,parity,0.75,32,2,1633,1.0,1.0,0.0,1.0,0.0,1.0,0.506,0.0,1.0,2.3374188381496952e-05,-0.9999505494722339,64,1,64,512,1,512
1fc57c1eb9041a17e865,11,parity,0.9,64,1,1153,1.0,1.0,0.0,1.0,0.0,1.0,0.5078,0.0,1.0,0.0017943444848307877,-0.997804004800578,91,1,91,1024,1,1024
1fdc90988e6a7929614e,37,parity,0.75,8,1,145,1.0,1.0,0.0,0.6329,0.3671,0.871,0.5048,0.3075,0.6678,0.281602343577971,-0.45282686794453386,2896,1,2896,,0,4096
1fdeb84e8e39aad122bc,71,majority,0.9,32,2,1633,1.0,1.0,0.0,1.0,0.0,1.0,0.6947,0.0,1.0,4.541705945330432e-06,-0.9999941030872708,32,1,32,64,1,64
2051d41b6fdc79d38e4e,71,majority,0.99,8,1,145,1.0,1.0,0.0,1.0,0.0,1.0,0.6947,0.0,1.0,0.0019447860418259643,-0.9980177193619755,64,1,64,256,1,256
20d1868cd198018d5f89,53,majority,0.9,32,2,1633,1.0,1.0,0.0,1.0,0.0,1.0,0.6929,0.0,1.0,4.737794918696625e-06,-0.9999943338896977,11,1,11,64,1,64
2144e60fe2ba9a3d6370,23,parity,0.99,8,2,217,1.0,1.0,0.0,0.0,1.0,0.99,0.508,1.0,0.0,0.9775142455838676,4.276355106330851e-05,512,1,512,,0,4096
2151485c7b9ac5fbe1b8,41,conjunction,0.9,128,1,2305,1.0,1.0,0.0,1.0,0.0,1.0,0.7635,0.0,1.0,3.7831265998175415e-05,-0.9999422050894217,45,1,45,32,1,32
216dbb7619d8f60dd8fc,37,multiplexer,0.99,16,1,289,1.0,1.0,0.0,0.9543,0.0457,0.99975,0.6299,0.0457,0.9543,0.0838588239086143,-0.9159228954957209,181,1,181,,0,4096
21e535c4f8df830a0236,101,multiplexer,0.99,16,2,561,1.0,1.0,0.0,0.9291,0.0709,0.99925,0.6318,0.0709,0.9291,0.08121342863800766,-0.9187789690385864,128,1,128,2048,1,2048
2251ac3c8e536e85bba0,11,multiplexer,0.75,64,2,5313,1.0,1.0,0.0,1.0,0.0,1.0,0.6249,0.0,1.0,3.786893596141183e-06,-0.9999935567587287,45,1,45,91,1,91
226768f25c8aac54bc39,37,parity,0.75,32,2,1633,1.0,1.0,0.0,1.0,0.0,1.0,0.5048,0.0,1.0,1.6165802660863893e-05,-0.999967472258192,64,1,64,512,1,512
22679a1a6947c7bf485e,37,majority,0.75,8,1,145,1.0,1.0,0.0,1.0,0.0,1.0,0.6962,0.0,1.0,2.4247863713373365e-05,-0.9999450915723315,128,1,128,128,1,128
227e0031385189d42091,97,majority,0.75,16,2,561,1.0,1.0,0.0,1.0,0.0,1.0,0.6936,0.0,1.0,8.681490097097622e-07,-0.9999978487340928,45,1,45,91,1,91
22bf48e43d6f6601f45d,67,majority,0.99,16,1,289,1.0,1.0,0.0,1.0,0.0,1.0,0.689,0.0,1.0,0.0010471431882786036,-0.9989301088105738,45,1,45,512,1,512
22f9872d99d2d928f4b1,41,majority,0.9,8,2,217,1.0,1.0,0.0,1.0,0.0,1.0,0.6949,0.0,1.0,2.71360553498991e-05,-0.9999634259417799,64,1,64,128,1,128
2303586d05c7f4ba956f,37,conjunction,0.9,128,2,18817,1.0,1.0,0.0,1.0,0.0,1.0,0.7629,0.0,1.0,4.648763085455065e-06,-0.9999945587937722,1,1,1,23,1,23
2342cc1290cf7e53212f,11,parity,0.9,64,2,5313,1.0,1.0,0.0,1.0,0.0,1.0,0.5078,0.0,1.0,0.00010580816483418162,-0.9998797710258361,64,1,64,512,1,512
236413ecf3fa855b6617,23,conjunction,0.75,32,1,577,1.0,1.0,0.0,1.0,0.0,1.0,0.7588,0.0,1.0,2.9744114382052476e-05,-0.9999115005328053,91,1,91,91,1,91
2372ff8adf9803d3bda0,71,conjunction,0.75,128,1,2305,1.0,1.0,0.0,1.0,0.0,1.0,0.7605,0.0,1.0,9.506696594961784e-06,-0.999966372884898,45,1,45,32,1,32
238220f41105f006f121,53,conjunction,0.9,8,2,217,1.0,1.0,0.0,1.0,0.0,1.0,0.7638,0.0,1.0,5.248487296505424e-05,-0.9999294853120686,32,1,32,128,1,128
2396a21f7d70fd09ecb0,37,conjunction,0.75,8,2,217,1.0,1.0,0.0,1.0,0.0,1.0,0.7629,0.0,1.0,2.1190734109612584e-06,-0.9928146270955134,32,1,32,91,1,91
23c6dffbb90369a16ccc,97,conjunction,0.9,32,1,577,1.0,1.0,0.0,1.0,0.0,1.0,0.7657,0.0,1.0,0.00014161079528992175,-0.9997890376376701,64,1,64,91,1,91
23db883e0523a4e34a22,83,majority,0.75,16,2,561,1.0,1.0,0.0,1.0,0.0,1.0,0.691,0.0,1.0,3.283503292421763e-06,-0.9999928472775966,32,1,32,64,1,64
2460c263c3d1c1265f2c,101,multiplexer,0.75,8,2,217,1.0,1.0,0.0,1.0,0.0,1.0,0.6318,0.0,1.0,4.280755093516081e-05,-0.9999121169459678,181,1,181,256,1,256
246595ba9228e9d95826,41,majority,0.9,32,2,1633,1.0,1.0,0.0,1.0,0.0,1.0,0.6949,0.0,1.0,1.722955736668208e-06,-0.9999976410212342,23,1,23,64,1,64
2482524c2284123e79d9,23,conjunction,0.99,32,1,577,1.0,1.0,0.0,1.0,0.0,1.0,0.7588,0.0,1.0,0.005119722144281544,-0.9948074674962522,91,1,91,362,1,362
248b15a70278d84d332d,101,majority,0.75,16,2,561,1.0,1.0,0.0,1.0,0.0,1.0,0.6922,0.0,1.0,2.595952175505245e-06,-0.9999939127999827,32,1,32,64,1,64
264006fd3d14cc3c8c42,37,majority,0.75,32,2,1633,1.0,1.0,0.0,1.0,0.0,1.0,0.6962,0.0,1.0,9.729552610084346e-07,-0.9999977446718181,23,1,23,45,1,45
266af2b9561042805b0b,71,majority,0.75,16,1,289,1.0,1.0,0.0,1.0,0.0,1.0,0.6947,0.0,1.0,3.301098132612188e-05,-0.9999227708178907,64,1,64,128,1,128
267e0ec7fc52ac7b7ee2,101,multiplexer,0.75,128,2,18817,1.0,1.0,0.0,1.0,0.0,1.0,0.6318,0.0,1.0,1.9646450719454924e-06,-0.9999965929042787,23,1,23,64,1,64
26f006daa129bc59bf16,37,conjunction,0.9,16,1,289,1.0,1.0,0.0,1.0,0.0,1.0,0.7629,0.0,1.0,0.00015850274816416602,-0.9997397847395416,181,1,181,128,1,128
2724fe08fbaea78b8982,37,conjunction,0.99,32,1,577,1.0,1.0,0.0,0.9992,0.0008,1.0,0.7629,0.0008,0.9992,0.011323122316247802,-0.9885935253915675,91,1,91,91,1,91
27415555c82fd8c91cd4,41,multiplexer,0.99,128,1,2305,1.0,1.0,0.0,0.9802,0.0198,0.9995,0.631,0.0198,0.9802,0.05311921049451273,-0.9468462641828621,64,1,64,2896,1,2896
27c9ebdbacbb56ce1cd4,67,multiplexer,0.9,8,2,217,1.0,1.0,0.0,1.0,0.0,1.0,0.6249,0.0,1.0,0.00014063860396958466,-0.9998204638608799,181,1,181,512,1,512
2800e9f0deeda4745a12,97,majority,0.75,128,2,18817,1.0,1.0,0.0,1.0,0.0,1.0,0.6936,0.0,1.0,3.913930102873442e-07,-0.9999992003669544,8,1,8,23,1,23
28270d9a1b2dfb6634b9,11,conjunction,0.75,64,2,5313,1.0,1.0,0.0,1.0,0.0,1.0,0.7669,0.0,1.0,1.2473390537949046e-06,-0.9999960370535286,23,1,23,23,1,23
285ce6931459eb193581,83,conjunction,0.9,128,1,2305,1.0,1.0,0.0,1.0,0.0,1.0,0.7633,0.0,1.0,5.2084688132299486e-05,-0.9999255277879554,45,1,45,45,1,45
2868b8c373e13555e84b,23,multiplexer,0.75,16,2,561,1.0,1.0,0.0,1.0,0.0,1.0,0.6296,0.0,1.0,8.59588867818708e-06,-0.9999832111195914,91,1,91,181,1,181
2904109c40cab0ef29b2,11,parity,0.75,32,1,577,1.0,1.0,0.0,1.0,0.0,1.0,0.5078,0.0,1.0,0.0007709814555690764,-0.9984137759323359,128,1,128,1024,1,1024
2910801f86396909defd,11,parity,0.75,16,2,561,1.0,1.0,0.0,1.0,0.0,1.0,0.5078,0.0,1.0,0.00449769781286887,-0.9953987654433158,181,1,181,512,1,512
296299d3e659c2e2208c,97,conjunction,0.99,128,2,18817,1.0,1.0,0.0,0.9997,0.0003,1.0,0.7657,0.0003,0.9997,0.002619468216257088,-0.9973791877772387,16,1,16,64,1,64
2963fb4cf56996f5b374,67,multiplexer,0.75,64,2,5313,1.0,1.0,0.0,1.0,0.0,1.0,0.6249,0.0,1.0,3.6081462872503356e-06,-0.9999934867990836,45,1,45,91,1,91
297936706d999431b596,53,parity,0.9,128,2,18817,1.0,1.0,0.0,1.0,0.0,1.0,0.506,0.0,1.0,2.9803225950650957e-05,-0.999966127369252,23,1,23,362,1,362
29a9dbd766d32410916b,83,multiplexer,0.99,16,1,289,1.0,1.0,0.0,0.9883,0.0117,0.99975,0.6269,0.0117,0.9883,0.05452427637336814,-0.9452519693711889,181,1,181,2896,1,2896
29bc86dfaf0a9de0b12c,101,multiplexer,0.75,32,1,577,1.0,1.0,0.0,1.0,0.0,1.0,0.6318,0.0,1.0,0.00011100618725935539,-0.9997714691323396,128,1,128,256,1,256
29c6209377437c5cb94e,101,parity,0.9,16,2,561,1.0,1.0,0.0,1.0,0.0,1.0,0.514,0.0,1.0,0.0005766983925932887,-0.9992783293896093,181,1,181,1448,1,1448
2a357936834171622f95,97,multiplexer,0.75,32,2,1633,1.0,1.0,0.0,1.0,0.0,1.0,0.6239,0.0,1.0,3.07118948547086e-06,-0.9999942015722759,64,1,64,128,1,128
2aa076a44b02bb03faa3,23,conjunction,0.75,8,1,145,1.0,1.0,0.0,1.0,0.0,1.0,0.7588,0.0,1.0,9.784020179445243e-05,-0.9997041526439976,16,1,16,181,1,181
2ac0c24927039b0cb96b,23,parity,0.99,16,1,289,1.0,1.0,0.0,0.0,1.0,0.99,0.508,1.0,0.0,0.9772354665662668,-0.00023513377822339122,362,1,362,,0,4096
2accf20caec7b4da29dc,41,majority,0.75,32,1,577,1.0,1.0,0.0,1.0,0.0,1.0,0.6949,0.0,1.0,1.4465906039361443e-05,-0.9999679937084067,45,1,45,91,1,91
2b1687cc65a356fbe481,71,parity,0.99,8,1,145,1.0,0.87275,-0.12724999999999997,0.0,1.0,0.99,0.5035,1.0,0.0,0.9796000688699125,1.1263187868798985e-06,,0,4096,,0,4096
2b1bbec3f7430cbe4d31,97,majority,0.75,64,2,5313,1.0,1.0,0.0,1.0,0.0,1.0,0.6936,0.0,1.0,4.665768605814358e-07,-0.9999990202988589,8,1,8,32,1,32
2b35dda2c7275563b5a7,71,majority,0.75,8,1,145,1.0,1.0,0.0,1.0,0.0,1.0,0.6947,0.0,1.0,2.8755448081876634e-05,-0.9999353031201387,64,1,64,91,1,91
2bbf69c8e418c870c871,97,conjunction,0.75,64,2,5313,1.0,1.0,0.0,1.0,0.0,1.0,0.7657,0.0,1.0,1.6830402388533062e-06,-0.9999953477449693,2,1,2,23,1,23
2bc2fa82ba26cdf1a07f,101,majority,0.75,8,2,217,1.0,1.0,0.0,1.0,0.0,1.0,0.6922,0.0,1.0,3.40458598044564e-06,-0.9999919370376731,45,1,45,91,1,91
2c9a9e34d84ee831eb03,37,parity,0.99,128,1,2305,1.0,1.0,0.0,0.055,0.945,0.9895,0.5048,0.9442,0.055,0.9149845295025525,-0.07918474229569278,32,1,32,,0,4096
2cc14275c482d796cd93,67,multiplexer,0.75,32,2,1633,1.0,1.0,0.0,1.0,0.0,1.0,0.6249,0.0,1.0,4.472693915484416e-06,-0.9999913782408526,64,1,64,128,1,128
2d18a9188f6c053bdd1a,11,multiplexer,0.9,64,2,5313,1.0,1.0,0.0,1.0,0.0,1.0,0.6249,0.0,1.0,2.0134316598099666e-05,-0.9999776908943889,45,1,45,181,1,181
2d2cc95aa7bc984ae7a9,23,majority,0.75,8,1,145,1.0,1.0,0.0,1.0,0.0,1.0,0.6909,0.0,1.0,4.869350063769804e-05,-0.9998911549145356,64,1,64,128,1,128
2d624737a916ed856265,41,multiplexer,0.99,16,2,561,1.0,1.0,0.0,0.9473,0.0527,0.9995,0.631,0.0527,0.9473,0.06864057396822575,-0.9313447695135277,91,1,91,2896,1,2896
2d6d20d2fbf3d56fcab1,83,parity,0.9,128,1,2305,1.0,1.0,0.0,1.0,0.0,1.0,0.5086,0.0,1.0,0.0006955791415430737,-0.9991531773394711,45,1,45,1024,1,1024
2d8406ea4fbaff4070f4,97,majority,0.99,128,1,2305,1.0,1.0,0.0,1.0,0.0,1.0,0.6936,0.0,1.0,0.0005018434192055014,-0.9994929531586786,11,1,11,362,1,362
2d8e7460034ccbe6e10d,71,multiplexer,0.9,64,2,5313,1.0,1.0,0.0,1.0,0.0,1.0,0.628,0.0,1.0,2.0441636747627047e-05,-0.9999768547350152,45,1,45,181,1,181
2dbce915851783aef3be,83,multiplexer,0.99,128,1,2305,1.0,1.0,0.0,0.9803,0.0197,0.99975,0.6269,0.0197,0.9803,0.046587571145952196,-0.9533808226484581,64,1,64,2048,1,2048
2e7788da19adf524e9e9,53,conjunction,0.99,8,2,217,1.0,1.0,0.0,1.0,0.0,1.0,0.7638,0.0,1.0,0.0029124929508849364,-0.9970690853514661,32,1,32,724,1,724
2e93c8246f0f236dc93e,53,majority,0.75,64,2,5313,1.0,1.0,0.0,1.0,0.0,1.0,0.6929,0.0,1.0,4.952818631915324e-07,-0.9999988529045993,11,1,11,32,1,32
2eaa766e42da730657ee,71,majority,0.9,128,1,2305,1.0,1.0,0.0,1.0,0.0,1.0,0.6947,0.0,1.0,1.662570031909798e-05,-0.9999788782298565,8,1,8,91,1,91
2ee8d0c9986014245804,53,conjunction,0.9,32,2,1633,1.0,1.0,0.0,1.0,0.0,1.0,0.7638,0.0,1.0,1.3991386596090205e-05,-0.9999836292169457,32,1,32,45,1,45
2f16778339e31c80fa9e,53,parity,0.9,128,1,2305,1.0,1.0,0.0,1.0,0.0,1.0,0.506,0.0,1.0,0.0007998857749588404,-0.9990417267596152,45,1,45,1024,1,1024
2f1c5b1e4007d0e52e0b,37,multiplexer,0.9,32,2,1633,1.0,1.0,0.0,1.0,0.0,1.0,0.6299,0.0,1.0,2.03847259305205e-05,-0.9999756239647726,64,1,64,181,1,181
2f242b99d992e1cb69f4,67,majority,0.99,8,1,145,1.0,1.0,0.0,1.0,0.0,1.0,0.689,0.0,1.0,0.003926080309468199,-0.9959989057648163,91,1,91,1024,1,1024
2f29d79ef72acab4248e,37,multiplexer,0.99,64,1,1153,1.0,1.0,0.0,0.9282,0.0718,0.999,0.6299,0.0718,0.9282,0.0967883373990656,-0.9031346654560631,91,1,91,,0,4096
2f61a22abe185487d0dd,23,parity,0.9,32,1,577,1.0,1.0,0.0,1.0,0.0,1.0,0.508,0.0,1.0,0.0035601651068959215,-0.9956575736540848,128,1,128,1448,1,1448
2fa8ca961d65a21396f0,23,majority,0.9,128,1,2305,1.0,1.0,0.0,1.0,0.0,1.0,0.6909,0.0,1.0,2.0324268583310124e-05,-0.999973781634779,16,1,16,91,1,91
2fb12b080d4c25353189,101,conjunction,0.75,16,1,289,1.0,1.0,0.0,1.0,0.0,1.0,0.7635,0.0,1.0,5.5005071114646445e-05,-0.9998336747084624,91,1,91,128,1,128
2fc4377b037bda929ac4,37,majority,0.99,32,1,577,1.0,1.0,0.0,1.0,0.0,1.0,0.6962,0.0,1.0,0.0007145575233452756,-0.999271153873884,32,1,32,362,1,362
2fc603e1eb59a63a6eee,67,multiplexer,0.99,64,2,5313,1.0,1.0,0.0,0.8675,0.1325,0.99825,0.6249,0.1325,0.8675,0.13814979080923345,-0.8618461630384603,45,1,45,,0,4096
300a39c0db0f931d7cc7,23,majority,0.99,64,2,5313,1.0,1.0,0.0,1.0,0.0,1.0,0.6909,0.0,1.0,0.0015107753960778747,-0.9984886465262945,16,1,16,181,1,181
3046b102e84abda7a9e1,53,conjunction,0.99,16,1,289,1.0,1.0,0.0,1.0,0.0,1.0,0.7638,0.0,1.0,0.012522655420872488,-0.9872971475312894,23,1,23,724,1,724
3070b356f927b6a7570e,41,conjunction,0.99,128,2,18817,1.0,1.0,0.0,0.9966,0.0034,1.0,0.7635,0.0034,0.9966,0.007195756597891645,-0.992802907794559,11,1,11,64,1,64
3089c00ae385b84cda38,71,parity,0.75,16,2,561,1.0,1.0,0.0,1.0,0.0,1.0,0.5035,0.0,1.0,8.53288172044502e-05,-0.9998315309070722,256,1,256,724,1,724
30ae81ae7f10b43018c4,83,majority,0.9,64,1,1153,1.0,1.0,0.0,1.0,0.0,1.0,0.691,0.0,1.0,2.3915861730897692e-05,-0.9999690103191613,11,1,11,91,1,91
30daee0e80fb9fa6aa30,97,majority,0.75,32,2,1633,1.0,1.0,0.0,1.0,0.0,1.0,0.6936,0.0,1.0,1.0437228594936676e-06,-0.9999975033114588,32,1,32,45,1,45
31023c26a6c70142b3ba,53,conjunction,0.75,64,1,1153,1.0,1.0,0.0,1.0,0.0,1.0,0.7638,0.0,1.0,1.673914317654295e-05,-0.9999424938443897,64,1,64,64,1,64
3118da1f664541311eaf,71,parity,0.99,16,2,561,1.0,1.0,0.0,0.0918,0.9082,0.99125,0.5035,0.908,0.0918,0.866461786473829,-0.12294045397303334,256,1,256,,0,4096
311f94b8258b015c0da9,101,parity,0.9,128,2,18817,1.0,1.0,0.0,1.0,0.0,1.0,0.514,0.0,1.0,2.7683573647688554e-05,-0.9999685813877819,23,1,23,362,1,362
312ea4cdc157cd9b19de,101,parity,0.75,32,1,577,1.0,1.0,0.0,1.0,0.0,1.0,0.514,0.0,1.0,0.0010463469421612642,-0.9978118895524545,181,1,181,1024,1,1024
3158601edd815351c542,11,conjunction,0.99,16,2,561,1.0,1.0,0.0,0.9336,0.0664,1.0,0.7669,0.0664,0.9336,0.063087492597217,-0.9369052126128922,32,1,32,256,1,256
318386516ca57b6be27c,23,conjunction,0.99,8,2,217,1.0,1.0,0.0,1.0,0.0,1.0,0.7588,0.0,1.0,0.0021167066219065236,-0.99785495963139,16,1,16,256,1,256
31b288cb536310ab2f32,83,majority,0.99,16,1,289,1.0,1.0,0.0,1.0,0.0,1.0,0.691,0.0,1.0,0.001585044234994298,-0.9983860279009521,32,1,32,512,1,512
323902e8add40e64a11d,101,majority,0.9,16,2,561,1.0,1.0,0.0,1.0,0.0,1.0,0.6922,0.0,1.0,7.940500955360941e-06,-0.9999891677585412,32,1,32,91,1,91
32d9a234f14f2726240e,41,conjunction,0.9,64,2,5313,1.0,1.0,0.0,1.0,0.0,1.0,0.7635,0.0,1.0,6.585948351878035e-06,-0.9999911689958765,23,1,23,32,1,32
32e87b85958a6eea5007,71,parity,0.9,64,1,1153,1.0,1.0,0.0,1.0,0.0,1.0,0.5035,0.0,1.0,0.002920416696274313,-0.9964625923587164,64,1,64,2048,1,2048
3305acbd0796b51186ab,11,majority,0.99,8,2,217,1.0,1.0,0.0,1.0,0.0,1.0,0.6919,0.0,1.0,0.00033192700681726787,-0.999659587140127,91,1,91,362,1,362
340359a9ba1c9608466e,37,majority,0.9,16,2,561,1.0,1.0,0.0,1.0,0.0,1.0,0.6962,0.0,1.0,1.1012521316209579e-05,-0.9999856353536776,32,1,32,91,1,91
342c906e108446f01c15,41,parity,0.9,32,2,1633,1.0,1.0,0.0,1.0,0.0,1.0,0.5018,0.0,1.0,0.00025537483537102225,-0.9997052368676302,64,1,64,1024,1,1024
344a66402dd429ddadb5,101,conjunction,0.75,16,2,561,1.0,1.0,0.0,1.0,0.0,1.0,0.7635,0.0,1.0,3.858676972984176e-06,-0.9999876309772276,11,1,11,64,1,64
344c154085f1581a4c45,97,multiplexer,0.99,128,1,2305,1.0,1.0,0.0,0.9374,0.0626,0.99975,0.6239,0.0626,0.9374,0.08324357304135926,-0.9167202807662008,64,1,64,2896,1,2896
345d64f90ab24b59801b,83,multiplexer,0.9,64,2,5313,1.0,1.0,0.0,1.0,0.0,1.0,0.6269,0.0,1.0,1.617803441302782e-05,-0.9999815560467874,45,1,45,128,1,128
347405bcc3fd122c5254,101,conjunction,0.99,32,2,1633,1.0,1.0,0.0,0.989,0.011,0.99975,0.7635,0.011,0.989,0.01421185775326395,-0.9857847339538941,23,1,23,181,1,181
3490845ad68dd9dcc47f,101,majority,0.99,128,2,18817,1.0,1.0,0.0,1.0,0.0,1.0,0.6922,0.0,1.0,0.002345857863689766,-0.9976536073242558,6,1,6,128,1,128
34a38366c0a636e1bf8c,53,multiplexer,0.75,32,1,577,1.0,1.0,0.0,1.0,0.0,1.0,0.6301,0.0,1.0,9.396050421825615e-05,-0.9997997559463129,128,1,128,256,1,256
34aca88a3fa905e52d3f,23,multiplexer,0.75,8,1,145,1.0,1.0,0.0,1.0,0.0,1.0,0.6296,0.0,1.0,0.0007173015200269686,-0.998463106965609,362,1,362,512,1,512
34c96fe7d46cc3792c5f,67,parity,0.99,64,1,1153,1.0,1.0,0.0,0.0614,0.9386,0.991,0.5075,0.9386,0.0614,0.8942129339964752,-0.09900910184628624,64,1,64,,0,4096
351b79ff7967747d4c4b,71,multiplexer,0.9,128,1,2305,1.0,1.0,0.0,1.0,0.0,1.0,0.628,0.0,1.0,0.00012424513605572413,-0.9998502865517462,64,1,64,362,1,362
356a648a11cc392d6f02,37,parity,0.9,16,2,561,1.0,1.0,0.0,1.0,0.0,1.0,0.5048,0.0,1.0,0.011338432500932518,-0.9885597621043456,128,1,128,1448,1,1448
35aefd112d837a2286d8,23,majority,0.75,128,1,2305,1.0,1.0,0.0,1.0,0.0,1.0,0.6909,0.0,1.0,6.388805140328768e-06,-0.9999862161062499,16,1,16,45,1,45
35b11b4b55d2ded22515,11,parity,0.75,128,1,2305,1.0,1.0,0.0,1.0,0.0,1.0,0.5078,0.0,1.0,0.00020930861805975803,-0.9996029317952685,91,1,91,512,1,512
35d682cb47a308f48f10,23,parity,0.99,128,1,2305,1.0,1.0,0.0,0.2523,0.7477,0.9925,0.508,0.7477,0.2523,0.71488653635581,-0.28358307010775147,64,1,64,,0,4096
35ec29373d2fc7656870,101,parity,0.9,16,1,289,1.0,1.0,0.0,1.0,0.0,1.0,0.514,0.0,1.0,0.046126887459727706,-0.9439332724213704,362,1,362,,0,4096
36274dd5dd9e678ed8b2,67,majority,0.9,16,1,289,1.0,1.0,0.0,1.0,0.0,1.0,0.689,0.0,1.0,7.805717413052834e-05,-0.9998923219191452,45,1,45,128,1,128
3646fa73aa8e0f17f78a,41,multiplexer,0.75,32,2,1633,1.0,1.0,0.0,1.0,0.0,1.0,0.631,0.0,1.0,6.400623840115182e-06,-0.9999885208953289,64,1,64,128,1,128
370b9400b5147bfdddac,83,conjunction,0.99,8,2,217,1.0,1.0,0.0,0.9478,0.0522,0.9995,0.7633,0.0522,0.9478,0.05090482103421262,-0.9490785334830365,91,1,91,512,1,512
3713658f0809276ada2e,41,multiplexer,0.75,8,1,145,1.0,1.0,0.0,1.0,0.0,1.0,0.631,0.0,1.0,0.0003162909469313528,-0.9993780566555314,512,1,512,512,1,512
372265018fbf4671fb91,37,parity,0.99,32,2,1633,1.0,1.0,0.0,0.128,0.872,0.99025,0.5048,0.8716,0.1281,0.8631322422257228,-0.1353731555290771,64,1,64,,0,4096
373f00ef67beb706c611,53,multiplexer,0.99,32,2,1633,1.0,1.0,0.0,0.7997,0.2003,0.99725,0.6301,0.2003,0.7997,0.20694790495521576,-0.7930403798115016,64,1,64,,0,4096
374bf0b93459e48e5161,37,conjunction,0.75,16,1,289,1.0,1.0,0.0,1.0,0.0,1.0,0.7629,0.0,1.0,4.601354285970304e-05,-0.9998265578976429,181,1,181,91,1,91
378c004e3752e480067f,53,multiplexer,0.9,32,1,577,1.0,1.0,0.0,1.0,0.0,1.0,0.6301,0.0,1.0,0.0004151926646113372,-0.9994759303101939,128,1,128,512,1,512
37b7c0cab57b3fb8e954,101,multiplexer,0.75,128,1,2305,1.0,1.0,0.0,1.0,0.0,1.0,0.6318,0.0,1.0,3.10548012022371e-05,-0.9999382947635244,64,1,64,181,1,181
37ba75e9f3af05a94c70,11,multiplexer,0.75,32,2,1633,1.0,1.0,0.0,1.0,0.0,1.0,0.6249,0.0,1.0,5.924078810796551e-06,-0.9999894769407387,64,1,64,128,1,128
37d21521c81576ba47a1,37,majority,0.99,64,1,1153,1.0,1.0,0.0,1.0,0.0,1.0,0.6962,0.0,1.0,0.0005951108629297864,-0.9993949093226978,32,1,32,362,1,362
37e2bddea396f105d6e9,97,multiplexer,0.99,32,1,577,1.0,1.0,0.0,0.8777,0.1223,0.99875,0.6239,0.1223,0.8777,0.14406996369220137,-0.855736361206371,128,1,128,,0,4096
3864898ddc461044f3a7,67,multiplexer,0.75,64,1,1153,1.0,1.0,0.0,1.0,0.0,1.0,0.6249,0.0,1.0,5.50920693534525e-05,-0.9998887165190925,91,1,91,256,1,256
38e74c55ad912c89e1b1,101,parity,0.99,32,2,1633,1.0,1.0,0.0,0.1845,0.8155,0.9925,0.514,0.8148,0.1843,0.806416924904482,-0.19139056014358902,91,1,91,,0,4096
393a3669fcb41754cc63,67,multiplexer,0.99,16,1,289,1.0,1.0,0.0,0.9023,0.0977,0.99725,0.6249,0.0977,0.9023,0.11627099398444111,-0.8831966508614594,181,1,181,,0,4096
3958616bb25e85785d94,23,majority,0.75,32,1,577,1.0,1.0,0.0,1.0,0.0,1.0,0.6909,0.0,1.0,1.2651496193844503e-05,-0.9999717744432431,16,1,16,91,1,91
39847bb11a6e8ef70bef,97,majority,0.9,128,2,18817,1.0,1.0,0.0,1.0,0.0,1.0,0.6936,0.0,1.0,1.4329379513689623e-06,-0.9999982473544627,8,1,8,32,1,32
39981816d01872259f76,97,conjunction,0.75,128,2,18817,1.0,1.0,0.0,1.0,0.0,1.0,0.7657,0.0,1.0,5.300203059503849e-07,-0.9999987570008174,16,1,16,16,1,16
39a41357fde60368b5ab,37,parity,0.9,128,1,2305,1.0,1.0,0.0,1.0,0.0,1.0,0.5048,0.0,1.0,0.00097212237062881,-0.9988548422962794,32,1,32,1024,1,1024
39c0665d58aca209535d,41,multiplexer,0.75,64,1,1153,1.0,1.0,0.0,1.0,0.0,1.0,0.631,0.0,1.0,6.965165769116971e-05,-0.9998632765077534,91,1,91,256,1,256
39f457dea8ebfefe78d4,37,majority,0.75,64,1,1153,1.0,1.0,0.0,1.0,0.0,1.0,0.6962,0.0,1.0,9.535399415992208e-06,-0.9999791980065115,32,1,32,64,1,64
3a8546b934ed5f46bf82,83,majority,0.99,128,2,18817,1.0,1.0,0.0,1.0,0.0,1.0,0.691,0.0,1.0,0.00044688101986648833,-0.9995527087643863,2,1,2,91,1,91
3abebd43a6abd9897834,71,majority,0.75,32,2,1633,1.0,1.0,0.0,1.0,0.0,1.0,0.6947,0.0,1.0,1.3712241432073724e-06,-0.9999972031969392,32,1,32,45,1,45
3b109db3ac250baf37d1,11,majority,0.99,128,1,2305,1.0,1.0,0.0,1.0,0.0,1.0,0.6919,0.0,1.0,0.000530116997173365,-0.9994624104876714,11,1,11,256,1,256
3b1e48be4970a1254479,83,conjunction,0.75,8,2,217,1.0,1.0,0.0,1.0,0.0,1.0,0.7633,0.0,1.0,1.0704229001439657e-05,-0.9999684235749196,91,1,91,128,1,128
3b87ac3ed714f21d6bc1,101,parity,0.75,16,1,289,1.0,1.0,0.0,1.0,0.0,1.0,0.514,0.0,1.0,0.002797180208057938,-0.9941763073750816,362,1,362,1448,1,1448
3b9ec354e62a8c4a5541,83,multiplexer,0.9,32,1,577,1.0,1.0,0.0,1.0,0.0,1.0,0.6269,0.0,1.0,0.00045653264024608884,-0.9994441672338491,128,1,128,512,1,512
3c06020cd3092edba7bb,41,conjunction,0.75,64,2,5313,1.0,1.0,0.0,1.0,0.0,1.0,0.7635,0.0,1.0,1.2607968226847622e-06,-0.999995674876189,23,1,23,23,1,23
3c47fa0af65a119605b4,83,majority,0.99,8,1,145,1.0,1.0,0.0,1.0,0.0,1.0,0.691,0.0,1.0,0.004224682750874241,-0.995699203948721,64,1,64,724,1,724
3c72e0ac8b136f62ead6,53,parity,0.75,16,1,289,1.0,1.0,0.0,1.0,0.0,1.0,0.506,0.0,1.0,0.007784644524835221,-0.9849147788910199,512,1,512,2048,1,2048
3c938e281ad56ac3261d,37,parity,0.9,64,2,5313,1.0,1.0,0.0,1.0,0.0,1.0,0.5048,0.0,1.0,0.00012447286756726234,-0.9998576904243207,45,1,45,724,1,724
3cd02e37196a34acd725,101,conjunction,0.75,8,2,217,1.0,1.0,0.0,1.0,0.0,1.0,0.7635,0.0,1.0,6.9111656952735135e-06,-0.9999794217899649,91,1,91,128,1,128
3d0fde510d7ed94c21c0,101,majority,0.9,128,1,2305,1.0,1.0,0.0,1.0,0.0,1.0,0.6922,0.0,1.0,1.8358091897355966e-05,-0.9999766405596432,11,1,11,91,1,91
3d45cc4285b1a734f0e5,71,conjunction,0.9,8,2,217,1.0,1.0,0.0,1.0,0.0,1.0,0.7605,0.0,1.0,4.099054464580975e-05,-0.999945846749856,91,1,91,128,1,128
3db4ecbd58508227159a,11,multiplexer,0.75,8,2,217,1.0,1.0,0.0,1.0,0.0,1.0,0.6249,0.0,1.0,3.111144033402036e-05,-0.9999348154541975,128,1,128,362,1,362
3dc2bd825082e5f6347c,53,parity,0.99,8,1,145,1.0,0.968,-0.03200000000000003,0.0,1.0,0.99,0.506,1.0,0.0,0.9813803057056942,8.059733651453294e-05,,0,4096,,0,4096
3dd1d7ab512eeb034b52,41,majority,0.99,128,1,2305,1.0,1.0,0.0,1.0,0.0,1.0,0.6949,0.0,1.0,0.0005325631199552235,-0.9994629244210209,6,1,6,256,1,256
3deb5e1844e62d047c92,71,multiplexer,0.99,64,2,5313,1.0,1.0,0.0,0.8145,0.1855,0.99675,0.628,0.1855,0.8145,0.19141412725084203,-0.8085815329262025,45,1,45,,0,4096
3df118bffe188bb8e988,83,conjunction,0.75,16,2,561,1.0,1.0,0.0,1.0,0.0,1.0,0.7633,0.0,1.0,6.075628856700943e-06,-0.9999800629357153,64,1,64,64,1,64
3e15c7d96f45ebad75df,101,multiplexer,0.9,64,2,5313,1.0,1.0,0.0,1.0,0.0,1.0,0.6318,0.0,1.0,1.3608739425856964e-05,-0.999984466547008,45,1,45,128,1,128
3e41c6d98f36e8ed3c46,11,conjunction,0.75,128,2,18817,1.0,1.0,0.0,1.0,0.0,1.0,0.7669,0.0,1.0,3.447812746589562e-07,-0.9999991296269894,16,1,16,11,1,11
3e68495e6f83c7c0d250,53,parity,0.99,32,2,1633,1.0,1.0,0.0,0.1943,0.8057,0.9915,0.506,0.8053,0.1942,0.7957452785243367,-0.20265782842788235,64,1,64,,0,4096
3e6ca2f04d2d273070c4,67,conjunction,0.99,8,2,217,1.0,1.0,0.0,1.0,0.0,1.0,0.7626,0.0,1.0,0.005457631619840252,-0.9944887224932647,16,1,16,512,1,512
3e7ace89204c6634f968,71,conjunction,0.75,64,2,5313,1.0,1.0,0.0,1.0,0.0,1.0,0.7605,0.0,1.0,1.8662480436107854e-06,-0.999993204732212,2,1,2,23,1,23
3efd1c70ca0b3626741c,97,multiplexer,0.99,8,1,145,1.0,1.0,0.0,0.6543,0.3457,0.99725,0.6239,0.3457,0.6543,0.35300816856482486,-0.643178134555394,362,1,362,,0,4096
3f190946f243d984ad64,67,conjunction,0.75,32,2,1633,1.0,1.0,0.0,1.0,0.0,1.0,0.7626,0.0,1.0,2.859866292569413e-06,-0.9999917035304072,32,1,32,45,1,45
3f24782fe62739f3c78f,23,majority,0.9,8,1,145,1.0,1.0,0.0,1.0,0.0,1.0,0.6909,0.0,1.0,0.0001486045679048119,-0.9998045389410614,64,1,64,181,1,181
3f25573cedf6b728100a,37,multiplexer,0.99,8,1,145,1.0,1.0,0.0,0.7479,0.2521,0.997,0.6299,0.2521,0.7479,0.2697179926504212,-0.727810368696096,362,1,362,,0,4096
3f4b7f76a5661d1b7df7,71,parity,0.9,32,1,577,1.0,1.0,0.0,1.0,0.0,1.0,0.5035,0.0,1.0,0.009951325707999482,-0.9879225349305442,181,1,181,2896,1,2896
3f6f124dd4f3e9fa656a,23,majority,0.9,32,2,1633,1.0,1.0,0.0,1.0,0.0,1.0,0.6909,0.0,1.0,6.62810185239332e-06,-0.9999916400725081,16,1,16,91,1,91
3f8bf0acda497a5c8cf4,97,conjunction,0.9,64,2,5313,1.0,1.0,0.0,1.0,0.0,1.0,0.7657,0.0,1.0,9.583075338260427e-06,-0.9999880147276726,2,1,2,32,1,32
3fa20623a106ffa9c63c,37,parity,0.9,8,2,217,1.0,1.0,0.0,1.0,0.0,1.0,0.5048,0.0,1.0,0.002725741225943569,-0.9966720100009163,362,1,362,2896,1,2896
3fd7954f12b773a58409,67,multiplexer,0.75,128,2,18817,1.0,1.0,0.0,1.0,0.0,1.0,0.6249,0.0,1.0,2.097350313454116e-06,-0.9999964066076638,23,1,23,64,1,64
3fffedcef77462e9ed42,67,parity,0.75,8,2,217,1.0,1.0,0.0,1.0,0.0,1.0,0.5075,0.0,1.0,0.0003539334029483908,-0.9992838582108933,362,1,362,1024,1,1024
4008ccf24a8e0d3e2d1c,41,majority,0.75,64,1,1153,1.0,1.0,0.0,1.0,0.0,1.0,0.6949,0.0,1.0,9.155144515813663e-06,-0.9999788819915287,23,1,23,64,1,64
402f55f2634031fe9173,83,majority,0.9,8,2,217,1.0,1.0,0.0,1.0,0.0,1.0,0.691,0.0,1.0,2.1624915399640364e-05,-0.9999702433298407,64,1,64,128,1,128
402fbddfed0fd2fa2340,11,parity,0.99,32,2,1633,1.0,1.0,0.0,0.1471,0.8529,0.99175,0.5078,0.8527,0.1471,0.8430183962445353,-0.15460548035659968,91,1,91,,0,4096
40f64c7218495d81e225,53,majority,0.99,128,1,2305,1.0,1.0,0.0,1.0,0.0,1.0,0.6929,0.0,1.0,0.0004928553927984266,-0.999502209769139,8,1,8,256,1,256
411a5dffd705b3b545eb,37,parity,0.99,8,1,145,1.0,1.0,0.0,0.0,1.0,0.99,0.5048,1.0,0.0,0.9791844196617916,-0.00045435556591088975,2896,1,2896,,0,4096
41836bc708673a9a7f05,71,conjunction,0.75,16,1,289,1.0,1.0,0.0,1.0,0.0,1.0,0.7605,0.0,1.0,6.022939570965153e-05,-0.9998165648430342,91,1,91,128,1,128
41932ba3528d44efe9c4,53,parity,0.99,8,2,217,1.0,1.0,0.0,0.0,1.0,0.99,0.506,1.0,0.0,0.9816901349354015,0.00011080881121710026,512,1,512,,0,4096
41afabc26f4b47f31610,67,majority,0.99,128,1,2305,1.0,1.0,0.0,1.0,0.0,1.0,0.689,0.0,1.0,0.0005593092564907606,-0.9994347941401746,6,1,6,362,1,362
41cd609207447883ec8d,11,parity,0.9,16,1,289,1.0,1.0,0.0,1.0,0.0,1.0,0.5078,0.0,1.0,0.0792069684995462,-0.9007106315532903,362,1,362,,0,4096
41f2671a841085f101dc,71,multiplexer,0.9,32,2,1633,1.0,1.0,0.0,1.0,0.0,1.0,0.628,0.0,1.0,2.8178689497477315e-05,-0.9999671496851624,64,1,64,256,1,256
428283933922035adfa1,67,multiplexer,0.99,16,2,561,1.0,1.0,0.0,0.9006,0.0994,0.9975,0.6249,0.0994,0.9006,0.1044902806210132,-0.8954844009471268,91,1,91,,0,4096
4302243f5a03bd921c7b,97,majority,0.9,64,2,5313,1.0,1.0,0.0,1.0,0.0,1.0,0.6936,0.0,1.0,1.8228760121329013e-06,-0.999997723500782,8,1,8,45,1,45
4318658b3bd2524a3df2,11,majority,0.99,32,1,577,1.0,1.0,0.0,1.0,0.0,1.0,0.6919,0.0,1.0,0.00047701371624097623,-0.9995118177820829,45,1,45,362,1,362
436e9b6363585680b2f3,71,majority,0.99,64,2,5313,1.0,1.0,0.0,1.0,0.0,1.0,0.6947,0.0,1.0,0.0007045368943006539,-0.9992949581420498,6,1,6,181,1,181
43903e79546c16e26b81,101,majority,0.75,64,1,1153,1.0,1.0,0.0,1.0,0.0,1.0,0.6922,0.0,1.0,8.945984563521536e-06,-0.9999802324812046,16,1,16,64,1,64
439f82417199e489060a,53,parity,0.75,64,1,1153,1.0,1.0,0.0,1.0,0.0,1.0,0.506,0.0,1.0,0.0002920974526594921,-0.9994207635381012,64,1,64,724,1,724
443138871a72802a915c,101,multiplexer,0.75,16,2,561,1.0,1.0,0.0,1.0,0.0,1.0,0.6318,0.0,1.0,7.649603767309033e-06,-0.9999841640965309,128,1,128,181,1,181
44b71cc0b5f46c1b586e,71,conjunction,0.9,16,1,289,1.0,1.0,0.0,1.0,0.0,1.0,0.7605,0.0,1.0,0.00022715234439325203,-0.9996523879813815,91,1,91,181,1,181
44b7bf01d605fd5b984e,23,multiplexer,0.9,128,1,2305,1.0,1.0,0.0,1.0,0.0,1.0,0.6296,0.0,1.0,0.00013826972350633834,-0.9998324745147195,64,1,64,362,1,362
44ff13e80b5392b8de2d,71,parity,0.9,64,2,5313,1.0,1.0,0.0,1.0,0.0,1.0,0.5035,0.0,1.0,0.00011197815757697192,-0.9998725239585021,45,1,45,512,1,512
456f10baa7b9563a9a40,71,multiplexer,0.99,16,2,561,1.0,1.0,0.0,0.8273,0.1727,0.998,0.628,0.1727,0.8273,0.17993443308198004,-0.820029811987453,128,1,128,,0,4096
457c24ffeebc5a939a8c,71,parity,0.75,128,1,2305,1.0,1.0,0.0,1.0,0.0,1.0,0.5035,0.0,1.0,0.00018708419659074207,-0.9996423649430072,64,1,64,512,1,512
459c2d77f73f889f6b77,97,majority,0.9,32,2,1633,1.0,1.0,0.0,1.0,0.0,1.0,0.6936,0.0,1.0,4.549410605269055e-06,-0.999993899813658,32,1,32,64,1,64
45bd0ae1bcf53b4497ae,71,majority,0.99,8,2,217,1.0,1.0,0.0,1.0,0.0,1.0,0.6947,0.0,1.0,0.00014461937186751702,-0.9998516826128715,45,1,45,512,1,512
45cbe5a001e937c969f3,23,majority,0.99,16,1,289,1.0,1.0,0.0,1.0,0.0,1.0,0.6909,0.0,1.0,0.0015547511045020095,-0.9984088072365422,91,1,91,512,1,512
45db251ebbb18fdd3083,67,conjunction,0.99,8,1,145,1.0,1.0,0.0,0.9912,0.0088,0.99975,0.7626,0.0088,0.9912,0.02047713346125041,-0.9789649123968643,181,1,181,1024,1,1024
45f3dd524c76ebebb985,67,multiplexer,0.9,32,2,1633,1.0,1.0,0.0,1.0,0.0,1.0,0.6249,0.0,1.0,2.150387790778464e-05,-0.9999743562752872,64,1,64,181,1,181
4629854dd271f10f2d2c,71,conjunction,0.75,8,1,145,1.0,1.0,0.0,1.0,0.0,1.0,0.7605,0.0,1.0,8.43841655058867e-05,-0.9997315978109435,181,1,181,128,1,128
466a5e28e490c4809439,23,conjunction,0.9,64,1,1153,1.0,1.0,0.0,1.0,0.0,1.0,0.7588,0.0,1.0,5.3583959734207334e-05,-0.9999219098907756,64,1,64,64,1,64
46ca4bacc25dc1242f04,101,multiplexer,0.99,16,1,289,1.0,1.0,0.0,0.8797,0.1203,0.99925,0.6318,0.1203,0.8797,0.15186166801336054,-0.8475967344939203,256,1,256,,0,4096
46deff5104647f28a351,11,parity,0.9,16,2,561,1.0,1.0,0.0,1.0,0.0,1.0,0.5078,0.0,1.0,0.0005734007986986221,-0.999313778530691,181,1,181,1024,1,1024
46e3bb126f98afdc46a4,67,majority,0.99,32,1,577,1.0,1.0,0.0,1.0,0.0,1.0,0.689,0.0,1.0,0.0009287210413032881,-0.9990577804403549,45,1,45,512,1,512
4754a83688cf5b7e41c6,67,conjunction,0.9,32,2,1633,1.0,1.0,0.0,1.0,0.0,1.0,0.7626,0.0,1.0,1.825944603003873e-05,-0.999977807696465,32,1,32,64,1,64
47acf25affd8030d9887,37,conjunction,0.99,64,1,1153,1.0,1.0,0.0,0.9995,0.0005,1.0,0.7629,0.0005,0.9995,0.01040720846491519,-0.98955010377681,64,1,64,362,1,362
47f11747d45cefe5e596,71,conjunction,0.9,32,1,577,1.0,1.0,0.0,1.0,0.0,1.0,0.7605,0.0,1.0,0.00016508950685651161,-0.9997671924159622,91,1,91,91,1,91
488e8de0d082b6ed7d58,67,majority,0.99,16,2,561,1.0,1.0,0.0,1.0,0.0,1.0,0.689,0.0,1.0,0.0006959702304428902,-0.9992991510332302,64,1,64,362,1,362
48b81d0ef4111d43d00b,97,majority,0.99,64,2,5313,1.0,1.0,0.0,1.0,0.0,1.0,0.6936,0.0,1.0,0.00030847051060012596,-0.9996909710006683,8,1,8,181,1,181
48ea909e766ce7f3c9fa,67,conjunction,0.9,16,2,561,1.0,1.0,0.0,1.0,0.0,1.0,0.7626,0.0,1.0,2.2083356157289325e-05,-0.9999702755562423,32,1,32,91,1,91
48ec5b9b29d056268723,83,conjunction,0.99,8,1,145,1.0,1.0,0.0,0.9434,0.0566,0.9995,0.7633,0.0566,0.9434,0.05916987396748131,-0.9406480534334458,181,1,181,724,1,724
48f77711fee359760048,101,majority,0.75,32,2,1633,1.0,1.0,0.0,1.0,0.0,1.0,0.6922,0.0,1.0,1.1881113968106204e-06,-0.9999975017913384,23,1,23,64,1,64
4913a58b2ff68cf86df3,11,conjunction,0.75,64,1,1153,1.0,1.0,0.0,1.0,0.0,1.0,0.7669,0.0,1.0,1.7050645868616443e-05,-0.9999399029825389,64,1,64,45,1,45
4972c60a08e97978387d,83,multiplexer,0.99,8,2,217,1.0,1.0,0.0,0.9748,0.0252,0.99975,0.6269,0.0252,0.9748,0.04553807367095634,-0.9544026594627754,181,1,181,2896,1,2896
49c29d1ea971c9b354c4,83,parity,0.99,64,2,5313,1.0,1.0,0.0,0.1157,0.8843,0.9915,0.5086,0.8843,0.1159,0.875957341810835,-0.12372430796801559,45,1,45,,0,4096
49c966b93a820921ef88,71,parity,0.75,16,1,289,1.0,1.0,0.0,1.0,0.0,1.0,0.5035,0.0,1.0,0.0384366825590182,-0.9273803144171776,362,1,362,2896,1,2896
4a08cf920ce0df3adab5,37,multiplexer,0.99,128,1,2305,1.0,1.0,0.0,0.8966,0.1034,0.99825,0.6299,0.1034,0.8966,0.12412717739154945,-0.8758302231475594,64,1,64,,0,4096
4a6fd1f7cf93fa90d988,41,parity,0.9,64,1,1153,1.0,1.0,0.0,1.0,0.0,1.0,0.5018,0.0,1.0,0.0013558250863335802,-0.9983503256529482,64,1,64,1448,1,1448
4aa0f60b30b1e54a5c22,71,parity,0.99,128,2,18817,1.0,1.0,0.0,0.0576,0.9424,0.991,0.5035,0.9421,0.058,0.9349825347809049,-0.06430908417074477,16,1,16,,0,4096
4aa4e7bfcfdcef3f21ab,41,majority,0.75,32,2,1633,1.0,1.0,0.0,1.0,0.0,1.0,0.6949,0.0,1.0,1.2491200650983192e-06,-0.9999968569050576,23,1,23,45,1,45
4add1b37206594fb4160,71,parity,0.75,8,2,217,1.0,1.0,0.0,1.0,0.0,1.0,0.5035,0.0,1.0,0.00017856907730182198,-0.999595435072887,362,1,362,1024,1,1024
4b3a9036877b07c5dec5,101,parity,0.99,32,1,577,1.0,1.0,0.0,0.3094,0.6906,0.993,0.514,0.6906,0.3094,0.6544794811146434,-0.3395596827827172,181,1,181,,0,4096
4b3f661aa46b819b5d3f,71,multiplexer,0.75,8,2,217,1.0,1.0,0.0,1.0,0.0,1.0,0.628,0.0,1.0,1.9630817064754203e-05,-0.9999543221778932,181,1,181,256,1,256
4b91a420bda35d57883c,41,conjunction,0.75,64,1,1153,1.0,1.0,0.0,1.0,0.0,1.0,0.7635,0.0,1.0,1.6842639326513187e-05,-0.9999497582259957,64,1,64,64,1,64
4bb3088e6ff3eff7643e,97,parity,0.99,64,1,1153,1.0,1.0,0.0,0.0065,0.9935,0.99,0.5049,0.9935,0.0065,0.9589523402293555,-0.027984627136903084,91,1,91,,0,4096
4be38dbac96162e4b555,11,majority,0.9,64,2,5313,1.0,1.0,0.0,1.0,0.0,1.0,0.6919,0.0,1.0,1.6737529132750728e-06,-0.9999978555877808,11,1,11,45,1,45
4bed8bf4d901ec455d8d,11,conjunction,0.9,8,2,217,1.0,1.0,0.0,1.0,0.0,1.0,0.7669,0.0,1.0,4.929545062355085e-05,-0.999925156794054,181,1,181,128,1,128
4c133502d2cf43f7b944,97,majority,0.75,64,1,1153,1.0,1.0,0.0,1.0,0.0,1.0,0.6936,0.0,1.0,1.0147089058999348e-05,-0.9999767551475827,23,1,23,64,1,64
4cbb6c3ca99f38b6d364,53,multiplexer,0.99,32,1,577,1.0,1.0,0.0,0.8983,0.1017,0.9985,0.6301,0.1017,0.8983,0.1319976838326159,-0.8677775863271406,128,1,128,,0,4096
4ccc7283b96d4af31e26,41,parity,0.99,32,2,1633,1.0,1.0,0.0,0.3718,0.6282,0.9935,0.5018,0.6282,0.3718,0.6270133317489393,-0.37250684629541264,64,1,64,,0,4096
4cd1ebdd9712e64f1333,67,conjunction,0.99,128,2,18817,1.0,1.0,0.0,0.9958,0.0042,1.0,0.7626,0.0042,0.9958,0.007571432337219471,-0.9924264328702479,16,1,16,91,1,91
4cded53d4cd25c7891d2,53,multiplexer,0.75,128,1,2305,1.0,1.0,0.0,1.0,0.0,1.0,0.6301,0.0,1.0,3.544763129974229e-05,-0.9999280270098397,64,1,64,181,1,181
4d0fab60a23cc3e700eb,53,conjunction,0.9,16,1,289,1.0,1.0,0.0,1.0,0.0,1.0,0.7638,0.0,1.0,0.00020363306441806178,-0.999676582083209,23,1,23,128,1,128
4d224ee7fa88c4782717,23,multiplexer,0.9,64,1,1153,1.0,1.0,0.0,1.0,0.0,1.0,0.6296,0.0,1.0,0.00020066151080735267,-0.9997572529730018,91,1,91,362,1,362
4d494c3458dfc04c1edb,37,parity,0.9,32,2,1633,1.0,1.0,0.0,1.0,0.0,1.0,0.5048,0.0,1.0,0.0001817012106479872,-0.9997867300389728,64,1,64,1024,1,1024
4dbb7bd7ddf66ce2629d,41,parity,0.9,64,2,5313,1.0,1.0,0.0,1.0,0.0,1.0,0.5018,0.0,1.0,0.00011699486622889204,-0.9998662761879772,45,1,45,724,1,724
4dfab091aec4c9ad5b01,41,multiplexer,0.9,128,2,18817,1.0,1.0,0.0,1.0,0.0,1.0,0.631,0.0,1.0,1.7944320108154342e-05,-0.9999807151448759,23,1,23,128,1,128
4e2e27cb5f452c66ca64,101,conjunction,0.99,128,2,18817,1.0,1.0,0.0,0.9979,0.0021,1.0,0.7635,0.0021,0.9979,0.005464779246240164,-0.9945337784965659,1,1,1,91,1,91
4ea1649e2305d6c898cd,11,parity,0.9,32,1,577,1.0,1.0,0.0,1.0,0.0,1.0,0.5078,0.0,1.0,0.00463557340741023,-0.9942939020272578,128,1,128,1448,1,1448
4ea544e531ce78c17376,53,parity,0.75,8,2,217,1.0,1.0,0.0,1.0,0.0,1.0,0.506,0.0,1.0,0.010528623373470674,-0.9819567530008284,512,1,512,2896,1,2896
4eb5e41506d95a4c7296,37,multiplexer,0.75,16,1,289,1.0,1.0,0.0,1.0,0.0,1.0,0.6299,0.0,1.0,0.00016312094794938194,-0.9996569297991016,181,1,181,362,1,362
4ec1d9961809961c8eaf,97,parity,0.9,16,1,289,1.0,1.0,0.0,0.0,1.0,0.9,0.5049,0.9999,0.0,0.7922273561445891,-0.012620385040558338,512,1,512,,0,4096
4ec4fc6f36ea9926d02b,101,conjunction,0.9,8,1,145,1.0,1.0,0.0,1.0,0.0,1.0,0.7635,0.0,1.0,0.00032085754144077266,-0.9995244028009734,91,1,91,256,1,256
4eef66452a7b91e6a445,11,conjunction,0.9,16,2,561,1.0,1.0,0.0,1.0,0.0,1.0,0.7669,0.0,1.0,1.547567298708068e-05,-0.9999786133269725,32,1,32,91,1,91
4f62993fddf43fef3e2f,67,parity,0.75,16,1,289,1.0,1.0,0.0,1.0,0.0,1.0,0.5075,0.0,1.0,0.00431451891651814,-0.9919876891928711,512,1,512,1448,1,1448
4f7036a29f862876ba4c,97,majority,0.75,8,2,217,1.0,1.0,0.0,1.0,0.0,1.0,0.6936,0.0,1.0,6.082129960971461e-07,-0.9999986992944747,64,1,64,91,1,91
500a29068700d8726f77,41,parity,0.75,32,2,1633,1.0,1.0,0.0,1.0,0.0,1.0,0.5018,0.0,1.0,2.691769209130502e-05,-0.9999485266375061,64,1,64,512,1,512
506e0c956b1ec586088b,11,parity,0.75,64,2,5313,1.0,1.0,0.0,1.0,0.0,1.0,0.5078,0.0,1.0,1.0629905054439936e-05,-0.9999802146883588,64,1,64,362,1,362
5144ba46f5f629e560cf,67,conjunction,0.75,32,1,577,1.0,1.0,0.0,1.0,0.0,1.0,0.7626,0.0,1.0,3.41655444178635e-05,-0.9998675556383619,6,1,6,64,1,64
5172feb383c072124e4f,67,majority,0.9,32,1,577,1.0,1.0,0.0,1.0,0.0,1.0,0.689,0.0,1.0,3.915034597332759e-05,-0.9999504265203554,45,1,45,128,1,128
517b2070b87b6806cd94,53,conjunction,0.9,128,1,2305,1.0,1.0,0.0,1.0,0.0,1.0,0.7638,0.0,1.0,4.974063922407677e-05,-0.9999303956662269,32,1,32,45,1,45
51f890969546a7fe1f97,67,conjunction,0.75,128,2,18817,1.0,1.0,0.0,1.0,0.0,1.0,0.7626,0.0,1.0,7.555662681504539e-07,-0.9999979828887572,16,1,16,11,1,11
51f943c38da8f107f1f2,41,parity,0.99,128,2,18817,1.0,1.0,0.0,0.1021,0.8979,0.9905,0.5018,0.8979,0.1021,0.8893912237918318,-0.11047167595166484,23,1,23,,0,4096
520da1933ec45ade4a9d,97,parity,0.99,64,2,5313,1.0,1.0,0.0,0.0384,0.9616,0.9905,0.5049,0.9616,0.0385,0.9550621273305077,-0.04431774445104493,64,1,64,,0,4096
523e0bac7729b1a7d602,23,parity,0.99,32,1,577,1.0,1.0,0.0,0.0106,0.9894,0.99,0.508,0.9893,0.0105,0.9483049771574148,-0.0328386237519453,128,1,128,,0,4096
52677e132e32fcfaae6f,97,conjunction,0.75,128,1,2305,1.0,1.0,0.0,1.0,0.0,1.0,0.7657,0.0,1.0,1.0232403101525322e-05,-0.9999684560360094,45,1,45,32,1,32
529030e60c9a3b8bba57,83,parity,0.9,32,2,1633,1.0,1.0,0.0,1.0,0.0,1.0,0.5086,0.0,1.0,0.00014005939028328352,-0.9998362671287263,91,1,91,1024,1,1024
52ae116f227256224c6c,97,parity,0.9,16,2,561,1.0,1.0,0.0,1.0,0.0,1.0,0.5049,0.0,1.0,0.0006664863897307942,-0.9991748779460169,181,1,181,1448,1,1448
5302e7d5067d7c3e7199,11,majority,0.75,8,1,145,1.0,1.0,0.0,1.0,0.0,1.0,0.6919,0.0,1.0,4.784374839648241e-05,-0.9998856512117945,64,1,64,128,1,128
530a790ebca2b3e47d1a,23,conjunction,0.99,128,2,18817,1.0,1.0,0.0,0.9989,0.0011,1.0,0.7588,0.0011,0.9989,0.004265903971686864,-0.9957326981804303,8,1,8,64,1,64
5329bf11474a950932f9,83,parity,0.75,8,2,217,1.0,1.0,0.0,0.9656,0.0344,0.96975,0.5086,0.0,0.9346,0.0929232179414472,-0.8545188654066864,512,1,512,1024,1,1024
535143cfe2a22ae6dc2a,37,multiplexer,0.99,8,2,217,1.0,1.0,0.0,0.8624,0.1376,0.99875,0.6299,0.1376,0.8624,0.1398695312068568,-0.8600367706961846,128,1,128,,0,4096
535d814ef1265ddea756,23,parity,0.75,8,2,217,1.0,1.0,0.0,1.0,0.0,1.0,0.508,0.0,1.0,0.0007662769028074002,-0.9984420284463073,512,1,512,1024,1,1024
541b1950e4731ed7b701,67,multiplexer,0.99,8,2,217,1.0,1.0,0.0,0.9412,0.0588,0.99875,0.6249,0.0588,0.9412,0.0671670335592484,-0.932767514519914,181,1,181,2896,1,2896
5438b9d53eddd66adac2,11,conjunction,0.9,32,2,1633,1.0,1.0,0.0,1.0,0.0,1.0,0.7669,0.0,1.0,1.2092570251882562e-05,-0.9999824340487319,45,1,45,45,1,45
5457afb7902a44dde84d,67,parity,0.75,64,2,5313,1.0,1.0,0.0,1.0,0.0,1.0,0.5075,0.0,1.0,1.0386429860363422e-05,-0.9999803983939375,45,1,45,362,1,362
5476c181379ca651d209,11,parity,0.75,64,1,1153,1.0,1.0,0.0,1.0,0.0,1.0,0.5078,0.0,1.0,0.00034024558778837606,-0.9993692596047207,91,1,91,724,1,724
54e09d32f33bbe54d6c1,71,parity,0.9,128,2,18817,1.0,1.0,0.0,1.0,0.0,1.0,0.5035,0.0,1.0,4.790899253897465e-05,-0.9999472231691894,16,1,16,512,1,512
54ed3009954e6954c2df,37,conjunction,0.99,128,2,18817,1.0,1.0,0.0,0.9945,0.0055,1.0,0.7629,0.0055,0.9945,0.010252760581264057,-0.9897459334809413,1,1,1,91,1,91
555574da16e70df1352b,11,multiplexer,0.75,16,2,561,1.0,1.0,0.0,1.0,0.0,1.0,0.6249,0.0,1.0,1.1446716328967343e-05,-0.9999778662101975,91,1,91,181,1,181
55608f9f9f9df7c4c81d,37,conjunction,0.9,32,2,1633,1.0,1.0,0.0,1.0,0.0,1.0,0.7629,0.0,1.0,1.601954201786877e-05,-0.9999772079499255,45,1,45,64,1,64
557eb87cccfa581ab25c,97,majority,0.9,64,1,1153,1.0,1.0,0.0,1.0,0.0,1.0,0.6936,0.0,1.0,3.680238051913647e-05,-0.9999523531024835,23,1,23,91,1,91
55f197be9c0a572d5de9,67,multiplexer,0.99,32,2,1633,1.0,1.0,0.0,0.9634,0.0366,0.9995,0.6249,0.0366,0.9634,0.048121453032916,-0.951872323907749,64,1,64,1448,1,1448
5630af444831863f7f95,97,conjunction,0.99,32,2,1633,1.0,1.0,0.0,0.9984,0.0016,1.0,0.7657,0.0016,0.9984,0.004485176168415919,-0.9955064453340275,45,1,45,181,1,181
56691a9e6310836def37,41,majority,0.99,16,1,289,1.0,1.0,0.0,1.0,0.0,1.0,0.6949,0.0,1.0,0.0010670230532695319,-0.9989142025330658,32,1,32,512,1,512
5674e21c469d231c0c7f,97,majority,0.99,128,2,18817,1.0,1.0,0.0,1.0,0.0,1.0,0.6936,0.0,1.0,0.0003809970019485362,-0.9996186792630497,8,1,8,128,1,128
568d5b911dd2ea95dfcd,11,majority,0.99,64,2,5313,1.0,1.0,0.0,1.0,0.0,1.0,0.6919,0.0,1.0,0.00024708626529877415,-0.9997519584742982,11,1,11,128,1,128
56bf8c886cea6f4b8c1f,53,multiplexer,0.99,64,1,1153,1.0,1.0,0.0,0.9636,0.0364,0.9995,0.6301,0.0364,0.9636,0.06319546097312032,-0.936732091717353,91,1,91,2896,1,2896
57154409ed00a23b1520,41,multiplexer,0.9,64,1,1153,1.0,1.0,0.0,1.0,0.0,1.0,0.631,0.0,1.0,0.00026562098886533884,-0.9996830222658398,91,1,91,512,1,512
571d774951c618eeaafa,11,parity,0.99,128,2,18817,1.0,1.0,0.0,0.1819,0.8181,0.991,0.5078,0.8181,0.1819,0.8123674951803945,-0.18756124605162483,23,1,23,,0,4096
57202e220f8235dee611,83,parity,0.99,128,1,2305,1.0,1.0,0.0,0.1157,0.8843,0.99075,0.5086,0.8843,0.1157,0.8481124896187726,-0.1502420066539028,45,1,45,,0,4096
57d20f5e3dc6642fed00,97,parity,0.99,8,2,217,1.0,1.0,0.0,0.0,1.0,0.99,0.5049,1.0,0.0,0.9822730460121731,-9.432506554122875e-05,362,1,362,,0,4096
57ef59716804000a6427,101,parity,0.99,16,1,289,1.0,1.0,0.0,0.0,1.0,0.99,0.514,1.0,0.0,0.9804566765958356,-0.0003459346904343808,362,1,362,,0,4096
58282280357094999d51,101,multiplexer,0.99,32,1,577,1.0,1.0,0.0,0.9229,0.0771,0.9995,0.6318,0.0771,0.9229,0.10820540085008012,-0.8916435475184779,128,1,128,,0,4096
58b1161e312adcdc37b1,53,parity,0.75,32,1,577,1.0,1.0,0.0,1.0,0.0,1.0,0.506,0.0,1.0,0.0013007713350421382,-0.9974172751769024,181,1,181,1024,1,1024
58ff8f5d0e471405faa9,11,majority,0.9,128,2,18817,1.0,1.0,0.0,1.0,0.0,1.0,0.6919,0.0,1.0,3.3765147685467235e-07,-0.9999994999850816,4,1,4,32,1,32
5905148b8d7888648748,71,multiplexer,0.75,32,2,1633,1.0,1.0,0.0,1.0,0.0,1.0,0.628,0.0,1.0,5.699041747538447e-06,-0.9999887535271457,64,1,64,128,1,128
59481d48f21bbd9ed71b,41,majority,0.9,16,2,561,1.0,1.0,0.0,1.0,0.0,1.0,0.6949,0.0,1.0,7.549565140261882e-06,-0.9999884460896102,45,1,45,91,1,91
59b98899cc1aa8f540c5,101,majority,0.9,32,1,577,1.0,1.0,0.0,1.0,0.0,1.0,0.6922,0.0,1.0,5.132202224862986e-05,-0.9999349503359577,45,1,45,128,1,128
5a3232b1baa0408f9a35,101,multiplexer,0.9,16,2,561,1.0,1.0,0.0,1.0,0.0,1.0,0.6318,0.0,1.0,3.335373130140534e-05,-0.9999595853526911,128,1,128,256,1,256
5a5c26a067b677e66f0a,11,majority,0.9,8,2,217,1.0,1.0,0.0,1.0,0.0,1.0,0.6919,0.0,1.0,1.9370270366276655e-05,-0.9999728851158379,91,1,91,128,1,128
5a69527c2696ea0d2df9,97,multiplexer,0.9,16,1,289,1.0,1.0,0.0,1.0,0.0,1.0,0.6239,0.0,1.0,0.0014129597119497057,-0.9983293631332636,181,1,181,1024,1,1024
5aa6aa70895f8e0ff1f3,23,conjunction,0.75,64,1,1153,1.0,1.0,0.0,1.0,0.0,1.0,0.7588,0.0,1.0,1.6534359083047813e-05,-0.9999484763964838,64,1,64,45,1,45
5ad0677a6b5655646036,41,majority,0.99,32,2,1633,1.0,1.0,0.0,1.0,0.0,1.0,0.6949,0.0,1.0,0.0008540425495986988,-0.999144162458627,23,1,23,256,1,256
5b2308c72ad9bd3330a5,37,multiplexer,0.75,32,1,577,1.0,1.0,0.0,1.0,0.0,1.0,0.6299,0.0,1.0,8.438152702507734e-05,-0.9998259550947494,128,1,128,256,1,256
5b4e04c7a6fde7851914,41,conjunction,0.75,128,1,2305,1.0,1.0,0.0,1.0,0.0,1.0,0.7635,0.0,1.0,1.022702660786371e-05,-0.9999650241164564,45,1,45,32,1,32
5b5fd8cf2dcef65ea7b9,97,multiplexer,0.75,8,2,217,1.0,1.0,0.0,1.0,0.0,1.0,0.6239,0.0,1.0,2.2781520435643665e-05,-0.9999564772154005,181,1,181,362,1,362
5b9ea5d12e895812a9b7,23,conjunction,0.9,8,1,145,1.0,1.0,0.0,1.0,0.0,1.0,0.7588,0.0,1.0,0.0003638348952620781,-0.999434707418676,16,1,16,181,1,181
5caa69da85891d8cb7d9,53,majority,0.99,8,1,145,1.0,1.0,0.0,1.0,0.0,1.0,0.6929,0.0,1.0,0.0032492758707274405,-0.9966503301709854,64,1,64,724,1,724
5cb792d33c54a0b7b23e,37,majority,0.9,8,1,145,1.0,1.0,0.0,1.0,0.0,1.0,0.6962,0.0,1.0,0.00015406541355491739,-0.9998007344576472,128,1,128,256,1,256
5cc8b16934e387d82fba,53,majority,0.75,16,2,561,1.0,1.0,0.0,1.0,0.0,1.0,0.6929,0.0,1.0,1.0476041604218112e-06,-0.9999964993451548,45,1,45,64,1,64
5cccc3b447febefe5fda,67,parity,0.99,16,2,561,1.0,1.0,0.0,0.4531,0.5469,0.99425,0.5075,0.5469,0.4531,0.5491039805425775,-0.44726119628784855,256,1,256,,0,4096
5cdd2d7e22dcc415121e,83,parity,0.9,16,1,289,1.0,1.0,0.0,1.0,0.0,1.0,0.5086,0.0,1.0,0.01833534108039033,-0.977984936554534,512,1,512,2896,1,2896
5ce115640a554af7456b,37,conjunction,0.99,128,1,2305,1.0,1.0,0.0,0.9998,0.0002,1.0,0.7629,0.0002,0.9998,0.007869219320018278,-0.9921057475057139,3,1,3,181,1,181
5d408e94b195dd147241,67,majority,0.99,64,2,5313,1.0,1.0,0.0,1.0,0.0,1.0,0.689,0.0,1.0,0.0008329970092858399,-0.9991663287653993,6,1,6,181,1,181
5d654ca4b032094bb588,83,multiplexer,0.99,8,1,145,1.0,1.0,0.0,0.8528,0.1472,0.99775,0.6269,0.1472,0.8528,0.17725033575757876,-0.8216618297561398,256,1,256,,0,4096
5d96bdf1c46e916f8aad,11,majority,0.75,128,1,2305,1.0,1.0,0.0,1.0,0.0,1.0,0.6919,0.0,1.0,6.08662286001872e-06,-0.9999864988011886,11,1,11,45,1,45
5dd248c2afda61ee6fa0,37,conjunction,0.9,8,2,217,1.0,1.0,0.0,1.0,0.0,1.0,0.7629,0.0,1.0,9.958781630907898e-06,-0.9927399610127475,32,1,32,181,1,181
5de3cad5a95f330d552f,97,parity,0.99,16,1,289,1.0,1.0,0.0,0.0,1.0,0.99,0.5049,1.0,0.0,0.9808255245092059,-9.981033057444387e-05,512,1,512,,0,4096
5e07aa6ec2c8e2d70568,41,conjunction,0.99,16,2,561,1.0,1.0,0.0,0.9998,0.0002,1.0,0.7635,0.0002,0.9998,0.004754376707298549,-0.9952309499460767,32,1,32,181,1,181
5e2d94690fda87301720,67,parity,0.9,16,1,289,1.0,1.0,0.0,0.9998,0.0002,1.0,0.5075,0.0002,0.9998,0.06947295661435533,-0.9119648598946258,512,1,512,,0,4096
5e9c599f5f604721b38a,53,majority,0.9,128,2,18817,1.0,1.0,0.0,1.0,0.0,1.0,0.6929,0.0,1.0,3.7325654818380903e-07,-0.9999995184052157,11,1,11,32,1,32
5ecd7459cb0a7a8640e0,11,majority,0.99,32,2,1633,1.0,1.0,0.0,1.0,0.0,1.0,0.6919,0.0,1.0,0.0007021228967451599,-0.9992958559906095,23,1,23,181,1,181
5ee7776203f792bebe82,71,majority,0.99,128,2,18817,1.0,1.0,0.0,1.0,0.0,1.0,0.6947,0.0,1.0,0.0003566748726434481,-0.9996428216990179,2,1,2,91,1,91
5f20604c7f164592c894,41,multiplexer,0.75,128,2,18817,1.0,1.0,0.0,1.0,0.0,1.0,0.631,0.0,1.0,2.378558460983804e-06,-0.9999960300308025,23,1,23,64,1,64
5f3d1e3c74ec7d2bc308,11,multiplexer,0.99,16,2,561,1.0,1.0,0.0,0.9198,0.0802,0.999,0.6249,0.0802,0.9198,0.09437347904434608,-0.9056128216362586,91,1,91,,0,4096
5f83ad4ded0ff1ae9a08,97,multiplexer,0.99,128,2,18817,1.0,1.0,0.0,0.8234,0.1766,0.99825,0.6239,0.1766,0.8234,0.18282370491784974,-0.8171741772158146,23,1,23,,0,4096
5fa426b7f538ad0aa5f2,53,parity,0.75,16,2,561,1.0,1.0,0.0,1.0,0.0,1.0,0.506,0.0,1.0,8.2969345385994e-05,-0.999840642225465,181,1,181,1024,1,1024
6005cf9dda45ea2021a5,71,multiplexer,0.99,8,2,217,1.0,1.0,0.0,0.8089,0.1911,0.9975,0.628,0.1911,0.8089,0.1994646637171801,-0.8004287257972919,181,1,181,,0,4096
60127f08816484fe593f,53,parity,0.9,16,1,289,1.0,1.0,0.0,0.9926,0.0074,0.999,0.506,0.0074,0.9926,0.0917225406542908,-0.8881191358090251,512,1,512,,0,4096
6041d4ac2cb992eb15f1,83,conjunction,0.99,128,1,2305,1.0,1.0,0.0,0.9661,0.0339,0.9995,0.7633,0.0339,0.9661,0.03276400366424624,-0.9672131455772622,45,1,45,181,1,181
606557d625603fd3857b,53,parity,0.99,16,2,561,1.0,1.0,0.0,0.1457,0.8543,0.9905,0.506,0.8543,0.1457,0.8166030742830973,-0.1766856069259242,181,1,181,,0,4096
6092fa15937ed25fe1f7,67,majority,0.75,8,1,145,1.0,1.0,0.0,1.0,0.0,1.0,0.689,0.0,1.0,5.6941900711260794e-05,-0.9998594015962148,91,1,91,128,1,128
60c35c14ecd583793fb6,67,parity,0.9,64,1,1153,1.0,1.0,0.0,1.0,0.0,1.0,0.5075,0.0,1.0,0.0027547811358946154,-0.996738965651551,64,1,64,1448,1,1448
61094dcbed518dd5dd75,71,conjunction,0.99,64,2,5313,1.0,1.0,0.0,0.9919,0.0081,1.0,0.7605,0.0081,0.9919,0.01320785164691301,-0.9867866093330596,2,1,2,128,1,128
61493b45a0d07d914c43,83,parity,0.99,8,1,145,1.0,0.86975,-0.13024999999999998,0.0,1.0,0.99,0.5086,1.0,0.0,0.9763372830676177,-0.0032097341993436745,,0,4096,,0,4096
621e72d412603ffa2485,11,conjunction,0.99,64,2,5313,1.0,1.0,0.0,0.9319,0.0681,1.0,0.7669,0.0681,0.9319,0.06490079759594919,-0.9350957503666665,23,1,23,181,1,181
621f012e32eaf676978d,11,multiplexer,0.9,16,1,289,1.0,1.0,0.0,1.0,0.0,1.0,0.6249,0.0,1.0,0.000984774770212411,-0.9988101926248008,181,1,181,724,1,724
62920168e150bab52384,71,parity,0.9,16,2,561,1.0,1.0,0.0,1.0,0.0,1.0,0.5035,0.0,1.0,0.0006869088883042985,-0.9991565961936915,256,1,256,1448,1,1448
62a7e3f7cd0fbcfeb999,101,parity,0.99,64,2,5313,1.0,1.0,0.0,0.2163,0.7837,0.99325,0.514,0.7837,0.2163,0.77574401602352,-0.22415892821476172,45,1,45,,0,4096
62afe906bdb34e3df1be,83,multiplexer,0.75,8,2,217,1.0,1.0,0.0,1.0,0.0,1.0,0.6269,0.0,1.0,1.926255992150363e-05,-0.9999595350106072,181,1,181,256,1,256
62c203edda58bbac50a4,53,majority,0.75,128,1,2305,1.0,1.0,0.0,1.0,0.0,1.0,0.6929,0.0,1.0,4.599569947647919e-06,-0.9999898144491665,8,1,8,45,1,45
630407af37130f716b6b,71,conjunction,0.99,128,2,18817,1.0,1.0,0.0,0.9961,0.0039,1.0,0.7605,0.0039,0.9961,0.008455175763810484,-0.9915432575887225,11,1,11,64,1,64
631d007f5973f6bad518,83,conjunction,0.99,16,1,289,1.0,1.0,0.0,0.9677,0.0323,0.9995,0.7633,0.0323,0.9677,0.03592787859643254,-0.9639545552398787,181,1,181,724,1,724
632ebbe1396a69d87d28,97,majority,0.75,32,1,577,1.0,1.0,0.0,1.0,0.0,1.0,0.6936,0.0,1.0,1.7542312707226916e-05,-0.9999594997295801,45,1,45,91,1,91
635b66603eed45ed9ba2,101,parity,0.75,32,2,1633,1.0,1.0,0.0,1.0,0.0,1.0,0.514,0.0,1.0,3.638789300683953e-05,-0.9999278427332654,91,1,91,512,1,512
639e6f0d8f77cf71c6d5,11,majority,0.99,64,1,1153,1.0,1.0,0.0,1.0,0.0,1.0,0.6919,0.0,1.0,0.00039422482387356213,-0.9995986499465184,16,1,16,256,1,256
63dc924686fd2000f334,97,parity,0.9,64,2,5313,1.0,1.0,0.0,1.0,0.0,1.0,0.5049,0.0,1.0,0.00011034175115917671,-0.9998724636770646,64,1,64,512,1,512
6403f41bfddf39503b02,71,majority,0.75,32,1,577,1.0,1.0,0.0,1.0,0.0,1.0,0.6947,0.0,1.0,1.4740317408563652e-05,-0.9999675634219614,23,1,23,91,1,91
64336a9b505306ff12a9,23,majority,0.75,32,2,1633,1.0,1.0,0.0,1.0,0.0,1.0,0.6909,0.0,1.0,1.1227450810939455e-06,-0.9999976536086491,16,1,16,64,1,64
6452af127058e09689d5,83,conjunction,0.9,128,2,18817,1.0,1.0,0.0,1.0,0.0,1.0,0.7633,0.0,1.0,1.3345190353116643e-05,-0.9999849271327513,11,1,11,16,1,16
64624b5c3b3e71890ae1,37,conjunction,0.99,16,2,561,1.0,1.0,0.0,0.9897,0.0103,1.0,0.7629,0.0103,0.9897,0.013828639584457353,-0.9861589360801604,32,1,32,256,1,256
646a35df85459db33661,67,conjunction,0.75,8,1,145,1.0,1.0,0.0,1.0,0.0,1.0,0.7626,0.0,1.0,0.0001283079947641219,-0.9995908785614697,181,1,181,181,1,181
64a05ae80eba5620e50c,97,parity,0.99,128,2,18817,1.0,1.0,0.0,0.0605,0.9395,0.99075,0.5049,0.9395,0.0605,0.9330102942494297,-0.06676532467440145,23,1,23,,0,4096
64e14729987f71a68b32,101,conjunction,0.9,16,2,561,1.0,1.0,0.0,1.0,0.0,1.0,0.7635,0.0,1.0,1.8974566859986077e-05,-0.9999753760567128,11,1,11,91,1,91
650a7547042ed223968f,53,majority,0.9,32,1,577,1.0,1.0,0.0,1.0,0.0,1.0,0.6929,0.0,1.0,5.5167732781537085e-05,-0.999929154512284,45,1,45,128,1,128
6511fc114252f484e50d,53,parity,0.99,32,1,577,1.0,1.0,0.0,0.0,1.0,0.99,0.506,1.0,0.0,0.972986593844053,-0.010006650149385178,181,1,181,,0,4096
654137369fb34e4ab9fe,53,conjunction,0.75,8,2,217,1.0,1.0,0.0,1.0,0.0,1.0,0.7638,0.0,1.0,7.3718921242517665e-06,-0.9999826054938407,32,1,32,64,1,64
65435098146cf975bd54,67,conjunction,0.9,32,1,577,1.0,1.0,0.0,1.0,0.0,1.0,0.7626,0.0,1.0,0.00011560814187145665,-0.9998098705763517,6,1,6,91,1,91
657373d963a30bdb1cc6,97,conjunction,0.99,8,2,217,1.0,1.0,0.0,1.0,0.0,1.0,0.7657,0.0,1.0,0.0015453157885170273,-0.998430775440553,128,1,128,362,1,362
659a511cff171278b0df,101,parity,0.9,8,2,217,1.0,0.97275,-0.027249999999999996,1.0,0.0,1.0,0.514,0.0,1.0,0.0019766323931476285,-0.9975375452366759,512,1,512,2896,1,2896
65e4f02832bb6bf25100,97,majority,0.9,32,1,577,1.0,1.0,0.0,1.0,0.0,1.0,0.6936,0.0,1.0,5.2340508379804376e-05,-0.9999315338273693,45,1,45,128,1,128
65ef5de458f4a3a1695e,53,multiplexer,0.99,16,1,289,1.0,1.0,0.0,0.85,0.15,0.99725,0.6301,0.15,0.85,0.1748314735659997,-0.8244721873675992,181,1,181,,0,4096
65f93d02ecff7bfee8e9,53,majority,0.75,16,1,289,1.0,1.0,0.0,1.0,0.0,1.0,0.6929,0.0,1.0,2.4389944932358796e-05,-0.9999464099632384,64,1,64,91,1,91
6648ab4f3979e0eafd51,37,multiplexer,0.9,16,1,289,1.0,1.0,0.0,1.0,0.0,1.0,0.6299,0.0,1.0,0.0005820499934676295,-0.999275725116809,181,1,181,512,1,512
668eb8075ca682e029d6,83,multiplexer,0.9,128,1,2305,1.0,1.0,0.0,1.0,0.0,1.0,0.6269,0.0,1.0,0.0001250931465911846,-0.9998492634504953,64,1,64,256,1,256
66a07d2b9c35e49e6543,83,majority,0.99,32,2,1633,1.0,1.0,0.0,1.0,0.0,1.0,0.691,0.0,1.0,0.00021647711288200826,-0.9997824236533064,23,1,23,181,1,181
66afbe419bdaef043530,53,multiplexer,0.99,8,1,145,1.0,1.0,0.0,0.7328,0.2672,0.996,0.6301,0.2672,0.7328,0.2936469326114881,-0.7026814564589066,362,1,362,,0,4096
66ee3382aa8d3cccd246,71,multiplexer,0.75,16,2,561,1.0,1.0,0.0,1.0,0.0,1.0,0.628,0.0,1.0,1.0478614567741495e-05,-0.9999791793911335,128,1,128,181,1,181
670966bea8dce5490f9e,83,majority,0.99,8,2,217,1.0,1.0,0.0,1.0,0.0,1.0,0.691,0.0,1.0,0.00036395790065054946,-0.9996281845274326,64,1,64,362,1,362
670fb83fe7fda718ac6a,83,multiplexer,0.9,16,2,561,1.0,1.0,0.0,1.0,0.0,1.0,0.6269,0.0,1.0,5.286769028450599e-05,-0.9999364172845341,91,1,91,362,1,362
671319fce7d8f9dbdcab,41,parity,0.9,8,1,145,1.0,1.0,0.0,0.0,1.0,0.9,0.5018,1.0,0.0,0.7800616286308261,-0.027361045290538902,2048,1,2048,,0,4096
673ada72cccae998d6e9,97,conjunction,0.9,16,2,561,1.0,1.0,0.0,1.0,0.0,1.0,0.7657,0.0,1.0,1.4661344509874163e-05,-0.9999781433819397,45,1,45,91,1,91
675c9cac57e30c8027bd,97,parity,0.9,128,2,18817,1.0,1.0,0.0,1.0,0.0,1.0,0.5049,0.0,1.0,4.8952347593141365e-05,-0.9999449628501447,23,1,23,512,1,512
678650f22bff251ea250,101,parity,0.99,128,1,2305,1.0,1.0,0.0,0.4641,0.5359,0.9945,0.514,0.5359,0.4641,0.5351258664446277,-0.46437025321130476,45,1,45,,0,4096
67877d96ac8b563ffa01,67,conjunction,0.99,16,2,561,1.0,1.0,0.0,0.9886,0.0114,0.99975,0.7626,0.0114,0.9886,0.01559995486168337,-0.9843809257014225,32,1,32,362,1,362
67a57258a4a5bd7d4a39,101,multiplexer,0.99,128,2,18817,1.0,1.0,0.0,0.8507,0.1493,0.99875,0.6318,0.1493,0.8507,0.15722587549183817,-0.8427726218509848,23,1,23,,0,4096
683f68b199b1ecf59151,23,majority,0.99,8,2,217,1.0,1.0,0.0,1.0,0.0,1.0,0.6909,0.0,1.0,0.00033876711179260053,-0.9996503445738932,64,1,64,362,1,362
6885255abc9391005153,37,majority,0.75,16,2,561,1.0,1.0,0.0,1.0,0.0,1.0,0.6962,0.0,1.0,2.2115227878676926e-06,-0.9999954207480874,32,1,32,91,1,91
68de4ff787fe584c7652,83,majority,0.9,8,1,145,1.0,1.0,0.0,1.0,0.0,1.0,0.691,0.0,1.0,0.0002484040419034037,-0.9996717143785663,64,1,64,181,1,181
68e74646d3f948ecba47,41,parity,0.75,64,1,1153,1.0,1.0,0.0,1.0,0.0,1.0,0.5018,0.0,1.0,0.0003279526779741296,-0.9993422077878091,64,1,64,724,1,724
69005f74439cc4ea3563,23,parity,0.9,8,1,145,1.0,0.9355,-0.0645,0.5877,0.4123,0.96075,0.508,0.4123,0.5877,0.3826327903476663,-0.5340137106384274,,0,4096,,0,4096
690626cf1b4bd7543473,97,conjunction,0.9,32,2,1633,1.0,1.0,0.0,1.0,0.0,1.0,0.7657,0.0,1.0,1.6376104811288684e-05,-0.9999763853142868,45,1,45,64,1,64
69272a7226a1f929eb0b,83,conjunction,0.99,64,1,1153,1.0,1.0,0.0,0.9485,0.0515,0.9995,0.7633,0.0515,0.9485,0.0480388228502065,-0.9519256987132292,64,1,64,64,1,64
6935b715a14548cdaffc,41,multiplexer,0.99,8,2,217,1.0,1.0,0.0,0.8985,0.1015,0.9985,0.631,0.1015,0.8985,0.11132560648139729,-0.8883600533282928,181,1,181,,0,4096
695cdfe85347ddb9339a,71,majority,0.99,128,1,2305,1.0,1.0,0.0,1.0,0.0,1.0,0.6947,0.0,1.0,0.0005306553550225836,-0.9994644305266598,8,1,8,256,1,256
69776fb4db1a88d40c55,23,conjunction,0.75,64,2,5313,1.0,1.0,0.0,1.0,0.0,1.0,0.7588,0.0,1.0,1.5701584066654783e-06,-0.9999950483265042,23,1,23,23,1,23
69e75d2b3f41d8c46b7e,23,conjunction,0.99,32,2,1633,1.0,1.0,0.0,0.9971,0.0029,1.0,0.7588,0.0029,0.9971,0.007723105760146805,-0.9922715540032586,32,1,32,256,1,256
69ff7b144a8d497c9fe9,37,parity,0.9,8,1,145,1.0,1.0,0.0,0.0,1.0,0.9,0.5048,1.0,0.0,0.8003064957791759,-0.0011625949158081909,2896,1,2896,,0,4096
6a91db00c48ca8978f0a,67,majority,0.9,8,2,217,1.0,1.0,0.0,1.0,0.0,1.0,0.689,0.0,1.0,1.437659360060124e-05,-0.9999810296600031,64,1,64,128,1,128
6a983ebc67d32fcac8d2,23,multiplexer,0.9,128,2,18817,1.0,1.0,0.0,1.0,0.0,1.0,0.6296,0.0,1.0,1.8522494158378655e-05,-0.999979820166374,23,1,23,128,1,128
6aa37fbbb4b0fe6429da,97,conjunction,0.75,8,2,217,1.0,1.0,0.0,1.0,0.0,1.0,0.7657,0.0,1.0,2.369569333404109e-06,-0.9999901025370098,128,1,128,128,1,128
6aad5f3e64a99a65332a,23,multiplexer,0.99,32,2,1633,1.0,1.0,0.0,0.8245,0.1755,0.99875,0.6296,0.1755,0.8245,0.18117094803396663,-0.8188214903503255,64,1,64,,0,4096
6ac08a767eceb3b0eb65,83,conjunction,0.9,8,2,217,1.0,1.0,0.0,1.0,0.0,1.0,0.7633,0.0,1.0,4.5306328467306864e-05,-0.999938510805534,91,1,91,181,1,181
6ad0b16d9a75ebfdf8e0,97,parity,0.99,8,1,145,1.0,0.90825,-0.09175,0.0,1.0,0.99,0.5049,1.0,0.0,0.9808301951523528,1.964968279531203e-05,,0,4096,,0,4096
6ae33a320d9945933215,37,majority,0.75,16,1,289,1.0,1.0,0.0,1.0,0.0,1.0,0.6962,0.0,1.0,2.6696522629935558e-05,-0.9999366410971193,45,1,45,91,1,91
6b266112eafb4396e635,83,multiplexer,0.99,32,1,577,1.0,1.0,0.0,0.938,0.062,0.9995,0.6269,0.062,0.938,0.09512078093080352,-0.9047287255859731,128,1,128,,0,4096
6b3aa66f1e107b6a75b1,53,parity,0.99,64,2,5313,1.0,1.0,0.0,0.0669,0.9331,0.98975,0.506,0.9327,0.0672,0.9270872413982386,-0.07181440338913059,45,1,45,,0,4096
6b5d3f46ca75d7581377,101,multiplexer,0.75,16,1,289,1.0,1.0,0.0,1.0,0.0,1.0,0.6318,0.0,1.0,0.00018517840396766144,-0.9995995638339146,256,1,256,512,1,512
6b8fd2c835ffeaaab77d,41,conjunction,0.75,16,1,289,1.0,1.0,0.0,1.0,0.0,1.0,0.7635,0.0,1.0,4.377224369190657e-05,-0.9998501028451339,128,1,128,128,1,128
6c067d0a2d6327d60f09,37,conjunction,0.99,8,2,217,1.0,1.0,0.0,0.9963,0.0037,1.0,0.7629,0.0037,0.9963,0.01021927396946449,-0.9823347179162473,32,1,32,724,1,724
6c0b5e78e478ab3397da,67,majority,0.75,64,2,5313,1.0,1.0,0.0,1.0,0.0,1.0,0.689,0.0,1.0,5.382293045274266e-07,-0.9999988258678695,6,1,6,32,1,32
6c2c3d935fc206fffe55,71,conjunction,0.99,16,1,289,1.0,1.0,0.0,1.0,0.0,1.0,0.7605,0.0,1.0,0.008014589694169795,-0.9918370514434169,91,1,91,512,1,512
6c45113291c33ea6bdc0,37,multiplexer,0.75,64,1,1153,1.0,1.0,0.0,1.0,0.0,1.0,0.6299,0.0,1.0,4.5518517555583094e-05,-0.999905586573305,91,1,91,181,1,181
6d6339c2843b5a4044f0,41,multiplexer,0.99,128,2,18817,1.0,1.0,0.0,0.7908,0.2092,0.998,0.631,0.2092,0.7908,0.21295566808454314,-0.7870417755784808,23,1,23,,0,4096
6d8c6a927038b3f20862,53,majority,0.9,16,2,561,1.0,1.0,0.0,1.0,0.0,1.0,0.6929,0.0,1.0,1.9924198050694676e-06,-0.9999965047166323,45,1,45,91,1,91
6d94f5f55c62767172b0,41,majority,0.75,16,1,289,1.0,1.0,0.0,1.0,0.0,1.0,0.6949,0.0,1.0,2.2081907466697148e-05,-0.9999502960073807,32,1,32,91,1,91
6dbe0b3aa370cac4cbce,37,multiplexer,0.75,8,1,145,1.0,1.0,0.0,1.0,0.0,1.0,0.6299,0.0,1.0,0.0005635673321248376,-0.9987631768223346,362,1,362,512,1,512
6e6be3dde676e9ae468a,71,majority,0.9,8,2,217,1.0,1.0,0.0,1.0,0.0,1.0,0.6947,0.0,1.0,8.79186838691215e-06,-0.9999875830827141,45,1,45,128,1,128
6e73c03250ac2302ea9a,11,multiplexer,0.9,128,1,2305,1.0,1.0,0.0,1.0,0.0,1.0,0.6249,0.0,1.0,0.00013807987414451146,-0.9998363166788585,64,1,64,362,1,362
6efb95c1b48658717ecc,23,multiplexer,0.9,32,1,577,1.0,1.0,0.0,1.0,0.0,1.0,0.6296,0.0,1.0,0.0004001745996627269,-0.9995068864639932,128,1,128,512,1,512
6efe8c98c91bb3930506,11,parity,0.75,8,2,217,1.0,0.971,-0.029000000000000026,1.0,0.0,1.0,0.5078,0.0,1.0,0.0011756720758366182,-0.9978451795770567,362,1,362,1448,1,1448
6f047a59f7e9c8411eb7,71,conjunction,0.99,32,2,1633,1.0,1.0,0.0,0.9842,0.0158,1.0,0.7605,0.0158,0.9842,0.018944799525531044,-0.9810507416308576,4,1,4,181,1,181
6f23882aa184b1497ae8,11,multiplexer,0.99,64,2,5313,1.0,1.0,0.0,0.879,0.121,0.99825,0.6249,0.121,0.879,0.12998892542911358,-0.8700078817635364,45,1,45,,0,4096
6f66b3ebbdfe51199fa5,37,multiplexer,0.9,32,1,577,1.0,1.0,0.0,1.0,0.0,1.0,0.6299,0.0,1.0,0.0003480331991030084,-0.9995776884175457,128,1,128,512,1,512
6f671fc31f18c5336fea,101,conjunction,0.99,128,1,2305,1.0,1.0,0.0,1.0,0.0,1.0,0.7635,0.0,1.0,0.008510260984794795,-0.9914631225166529,45,1,45,181,1,181
6ff4f3e377ca5a4e5ace,83,conjunction,0.75,64,1,1153,1.0,1.0,0.0,1.0,0.0,1.0,0.7633,0.0,1.0,1.7890869248558193e-05,-0.9999466748526317,64,1,64,45,1,45
7006355d5eadc2bdace6,101,majority,0.99,32,2,1633,1.0,1.0,0.0,1.0,0.0,1.0,0.6922,0.0,1.0,0.0011335289871139988,-0.9988653635157722,23,1,23,256,1,256
706058233c38ba65e48d,23,multiplexer,0.75,16,1,289,1.0,1.0,0.0,1.0,0.0,1.0,0.6296,0.0,1.0,0.00018370189168914598,-0.9996342970982114,181,1,181,362,1,362
706eaf0d80862e502c43,97,multiplexer,0.9,16,2,561,1.0,1.0,0.0,1.0,0.0,1.0,0.6239,0.0,1.0,6.0269649831166486e-05,-0.9999282326544348,128,1,128,362,1,362
709d5b3dc3060946d3c9,53,multiplexer,0.9,16,2,561,1.0,1.0,0.0,1.0,0.0,1.0,0.6301,0.0,1.0,3.9953832586734726e-05,-0.9999507354744763,91,1,91,362,1,362
70a0d42f43edae488c12,67,majority,0.99,64,1,1153,1.0,1.0,0.0,1.0,0.0,1.0,0.689,0.0,1.0,0.0009680654601548937,-0.9990202136787937,11,1,11,362,1,362
716d9eac444f2d1f1012,53,conjunction,0.9,128,2,18817,1.0,1.0,0.0,1.0,0.0,1.0,0.7638,0.0,1.0,9.57479169899269e-06,-0.9999893742613456,1,1,1,23,1,23
7175ae8d6ca9ba923037,83,multiplexer,0.75,64,2,5313,1.0,1.0,0.0,1.0,0.0,1.0,0.6269,0.0,1.0,2.847986247088785e-06,-0.9999950386047707,45,1,45,91,1,91
719eb0981dd95033d36e,11,conjunction,0.9,128,1,2305,1.0,1.0,0.0,1.0,0.0,1.0,0.7669,0.0,1.0,3.904476489694191e-05,-0.9999366882898146,45,1,45,45,1,45
7254bbb9a3fe7c5da88f,41,multiplexer,0.9,128,1,2305,1.0,1.0,0.0,1.0,0.0,1.0,0.631,0.0,1.0,0.00017301443436504776,-0.9997957462255478,64,1,64,362,1,362
7277b49a076dd3d79bd6,23,majority,0.99,128,1,2305,1.0,1.0,0.0,1.0,0.0,1.0,0.6909,0.0,1.0,0.0005584488197033942,-0.9994352563936995,16,1,16,256,1,256
72c4b5d08e87dc16a840,83,majority,0.9,32,2,1633,1.0,1.0,0.0,1.0,0.0,1.0,0.691,0.0,1.0,4.8585880897784926e-06,-0.9999940361430255,23,1,23,64,1,64
72dd12cd7ac9a1c7e66b,53,multiplexer,0.99,8,2,217,1.0,1.0,0.0,0.922,0.078,0.9985,0.6301,0.078,0.922,0.08803241610464572,-0.9119248579057244,181,1,181,2896,1,2896
738ed03af2e66eec5f60,23,conjunction,0.9,128,2,18817,1.0,1.0,0.0,1.0,0.0,1.0,0.7588,0.0,1.0,9.305923148210493e-06,-0.9999895055195679,8,1,8,16,1,16
73a37b2080f294f3f160,53,conjunction,0.9,8,1,145,1.0,1.0,0.0,1.0,0.0,1.0,0.7638,0.0,1.0,0.0005683359022404714,-0.9991542626375033,181,1,181,256,1,256
7438795fc0b48dac772d,23,conjunction,0.75,16,1,289,1.0,1.0,0.0,1.0,0.0,1.0,0.7588,0.0,1.0,4.839491201629003e-05,-0.9998374769700454,128,1,128,128,1,128
74453349488ac3dbd8fb,41,multiplexer,0.9,32,2,1633,1.0,1.0,0.0,1.0,0.0,1.0,0.631,0.0,1.0,3.688281544787421e-05,-0.999958179773561,64,1,64,256,1,256
74f878fb395d189d93ba,41,majority,0.75,16,2,561,1.0,1.0,0.0,1.0,0.0,1.0,0.6949,0.0,1.0,1.6008422777090802e-06,-0.9999958313880137,45,1,45,64,1,64
751b9fe015eece5e7e67,37,conjunction,0.75,32,1,577,1.0,1.0,0.0,1.0,0.0,1.0,0.7629,0.0,1.0,2.6419039396664857e-05,-0.9999096188196507,91,1,91,64,1,64
76017ca6a47e55179890,11,parity,0.75,16,1,289,1.0,1.0,0.0,1.0,0.0,1.0,0.5078,0.0,1.0,0.03525250520543819,-0.928224158967831,362,1,362,,0,4096
767076ebec842d8f90d5,23,multiplexer,0.9,32,2,1633,1.0,1.0,0.0,1.0,0.0,1.0,0.6296,0.0,1.0,2.6603041411014916e-05,-0.9999691070528254,64,1,64,181,1,181
768e686565f4aed4b29e,101,conjunction,0.99,8,1,145,1.0,1.0,0.0,0.9768,0.0232,1.0,0.7635,0.0232,0.9768,0.03270011763235315,-0.967015929572166,91,1,91,1024,1,1024
76b12e1513d10e07eccb,67,conjunction,0.9,8,2,217,1.0,1.0,0.0,1.0,0.0,1.0,0.7626,0.0,1.0,3.304725471284561e-05,-0.9999455775682512,16,1,16,181,1,181
76c192cfde0caa7c24c0,41,conjunction,0.99,64,1,1153,1.0,1.0,0.0,1.0,0.0,1.0,0.7635,0.0,1.0,0.0049160544132874915,-0.9950525742715763,64,1,64,256,1,256
76e3b232cfc63a18d359,71,multiplexer,0.99,128,2,18817,1.0,1.0,0.0,0.7754,0.2246,0.996,0.628,0.2246,0.7754,0.22615274562915316,-0.7738449423264083,23,1,23,,0,4096
76f47edec9127a72c5da,83,multiplexer,0.75,32,2,1633,1.0,1.0,0.0,1.0,0.0,1.0,0.6269,0.0,1.0,6.278642121516887e-06,-0.9999886151101418,64,1,64,128,1,128
773237a83dff07996211,67,conjunction,0.9,64,1,1153,1.0,1.0,0.0,1.0,0.0,1.0,0.7626,0.0,1.0,6.526318330777766e-05,-0.9999004505245305,45,1,45,64,1,64
774bdb5d8f10bc47ba6e,23,multiplexer,0.75,64,2,5313,1.0,1.0,0.0,1.0,0.0,1.0,0.6296,0.0,1.0,3.1380892099680644e-06,-0.9999942721943303,45,1,45,91,1,91
7766a922442c61582900,23,multiplexer,0.99,32,1,577,1.0,1.0,0.0,0.9006,0.0994,0.9995,0.6296,0.0994,0.9006,0.12038435436334548,-0.8794774302548103,128,1,128,,0,4096
776a1c1c758c3eb18bdc,53,multiplexer,0.75,8,1,145,1.0,1.0,0.0,1.0,0.0,1.0,0.6301,0.0,1.0,0.0003283314229086802,-0.9993568346051023,362,1,362,512,1,512
77729b00cdacfc2388d9,41,parity,0.9,128,1,2305,1.0,1.0,0.0,1.0,0.0,1.0,0.5018,0.0,1.0,0.0011689170982999862,-0.9986019547776799,64,1,64,1024,1,1024
77ee50f44c72d7933392,101,majority,0.99,64,1,1153,1.0,1.0,0.0,1.0,0.0,1.0,0.6922,0.0,1.0,0.0006363744891137557,-0.9993552185212927,16,1,16,362,1,362
7818ac624e293068de94,11,conjunction,0.9,8,1,145,1.0,1.0,0.0,1.0,0.0,1.0,0.7669,0.0,1.0,0.0003141507511980338,-0.9994416621551085,2,1,2,181,1,181
7860f35a2343862c0d88,11,majority,0.9,64,1,1153,1.0,1.0,0.0,1.0,0.0,1.0,0.6919,0.0,1.0,3.009113693110751e-05,-0.9999609573037207,16,1,16,91,1,91
78f0f368ef41f4844e93,101,majority,0.75,64,2,5313,1.0,1.0,0.0,1.0,0.0,1.0,0.6922,0.0,1.0,4.363243219988933e-07,-0.9999989878856752,16,1,16,32,1,32
79946cd242db6a1ee5a3,83,parity,0.9,64,2,5313,1.0,1.0,0.0,1.0,0.0,1.0,0.5086,0.0,1.0,9.924820285482866e-05,-0.9998888053569847,45,1,45,512,1,512
79f6b0d79bdc357f8529,83,parity,0.99,64,1,1153,1.0,1.0,0.0,0.0985,0.9015,0.991,0.5086,0.9015,0.0985,0.8535252701079795,-0.1394494105265062,128,1,128,,0,4096
7a3f2eb271933ef7ac29,67,conjunction,0.99,128,1,2305,1.0,1.0,0.0,1.0,0.0,1.0,0.7626,0.0,1.0,0.005173954191105486,-0.994780399434204,45,1,45,256,1,256
7a5b9ad39104d3fee64e,41,majority,0.99,8,1,145,1.0,1.0,0.0,1.0,0.0,1.0,0.6949,0.0,1.0,0.0035890002596294934,-0.996320099266696,91,1,91,724,1,724
7a894b208bebaa2a25b5,97,parity,0.9,128,1,2305,1.0,1.0,0.0,1.0,0.0,1.0,0.5049,0.0,1.0,0.0006065071383966503,-0.999265200131557,45,1,45,724,1,724
7aa36d354f7fb7b8e04b,71,parity,0.75,8,1,145,1.0,0.87275,-0.12724999999999997,1.0,0.0,1.0,0.5035,0.0,1.0,0.05247137169387875,-0.9106896983323648,,0,4096,,0,4096
7acf04eec353bbe35275,67,multiplexer,0.9,64,2,5313,1.0,1.0,0.0,1.0,0.0,1.0,0.6249,0.0,1.0,1.548886407422342e-05,-0.9999820275052432,45,1,45,128,1,128
7bc0776b060ca6ed3549,97,conjunction,0.9,8,2,217,1.0,1.0,0.0,1.0,0.0,1.0,0.7657,0.0,1.0,1.2235771606619028e-05,-0.9999812079709492,128,1,128,128,1,128
7bcee51cc78604f473b2,37,parity,0.99,128,2,18817,1.0,1.0,0.0,0.0542,0.9458,0.99025,0.5048,0.9458,0.0542,0.9400252265406863,-0.05962698740344829,32,1,32,,0,4096
7c05b99e16f9f0c1b2e6,53,majority,0.9,128,1,2305,1.0,1.0,0.0,1.0,0.0,1.0,0.6929,0.0,1.0,1.835180572182745e-05,-0.9999764126735295,8,1,8,91,1,91
7c148ed226f630ea785e,11,multiplexer,0.9,8,2,217,1.0,1.0,0.0,1.0,0.0,1.0,0.6249,0.0,1.0,0.00016864555956748445,-0.9997938007450335,128,1,128,512,1,512
7c8e9c6256245dfb7b3a,71,parity,0.9,8,1,145,1.0,0.87275,-0.12724999999999997,0.4787,0.5213,0.9455,0.5035,0.5213,0.4787,0.49057846346474526,-0.4007867500522457,,0,4096,,0,4096
7c97cb9a645151b3f0a2,23,parity,0.75,8,1,145,1.0,0.9355,-0.0645,1.0,0.0,1.0,0.508,0.0,1.0,0.012475337264446128,-0.975890196596125,,0,4096,1448,1,1448
7cccca05a40a38a3070a,41,conjunction,0.99,32,2,1633,1.0,1.0,0.0,0.9984,0.0016,1.0,0.7635,0.0016,0.9984,0.005196548567433619,-0.9948000985899361,45,1,45,181,1,181
7d20a8dbdf6ef95353d9,11,parity,0.99,64,1,1153,1.0,1.0,0.0,0.154,0.846,0.99175,0.5078,0.846,0.154,0.796679395865332,-0.19734484029789154,91,1,91,,0,4096
7d2e0bfc37e23e22ae63,37,multiplexer,0.75,128,1,2305,1.0,1.0,0.0,1.0,0.0,1.0,0.6299,0.0,1.0,3.168909458195752e-05,-0.9999356204513508,64,1,64,181,1,181
7d8a0bfa7614468edd5f,23,conjunction,0.99,16,1,289,1.0,1.0,0.0,1.0,0.0,1.0,0.7588,0.0,1.0,0.004893106334257571,-0.9950105765129418,128,1,128,724,1,724
7ded4c6a8a2f679de3d7,97,conjunction,0.9,128,2,18817,1.0,1.0,0.0,1.0,0.0,1.0,0.7657,0.0,1.0,3.7250895557347617e-06,-0.9999955463865037,16,1,16,23,1,23
7df00df010efe8e205e2,23,majority,0.9,64,1,1153,1.0,1.0,0.0,1.0,0.0,1.0,0.6909,0.0,1.0,2.6633870885630962e-05,-0.999965900270207,11,1,11,91,1,91
7e0d04c9038321ee7ff2,83,conjunction,0.99,64,2,5313,1.0,1.0,0.0,0.9507,0.0493,0.9995,0.7633,0.0493,0.9507,0.04739405679771969,-0.9526037537562319,23,1,23,91,1,91
7e61db22f9434bb37289,71,parity,0.9,32,2,1633,1.0,1.0,0.0,1.0,0.0,1.0,0.5035,0.0,1.0,0.00020522640453224278,-0.9997523650231289,91,1,91,1024,1,1024
7ebdbe257849fafc9ffa,11,multiplexer,0.75,8,1,145,1.0,1.0,0.0,1.0,0.0,1.0,0.6249,0.0,1.0,0.0006705032661699393,-0.9987085115821819,362,1,362,512,1,512
7ec9a1a516052f1b2355,41,conjunction,0.99,8,1,145,1.0,1.0,0.0,0.9914,0.0086,1.0,0.7635,0.0086,0.9914,0.026335263023189684,-0.9731998022619951,181,1,181,724,1,724
7eca9241acf893c670c8,67,parity,0.9,64,2,5313,1.0,1.0,0.0,1.0,0.0,1.0,0.5075,0.0,1.0,8.926984513422405e-05,-0.999896418810745,45,1,45,512,1,512
7f6b2bb690a118167bf3,53,multiplexer,0.75,8,2,217,1.0,1.0,0.0,1.0,0.0,1.0,0.6301,0.0,1.0,1.7725594114838493e-05,-0.9999565893823996,181,1,181,256,1,256
7fb04168015d629cdb3c,97,conjunction,0.9,64,1,1153,1.0,1.0,0.0,1.0,0.0,1.0,0.7657,0.0,1.0,9.122690989483931e-05,-0.99986533377749,45,1,45,64,1,64
7fb7dd5edc11380414e6,41,majority,0.99,128,2,18817,1.0,1.0,0.0,1.0,0.0,1.0,0.6949,0.0,1.0,0.0004740625139973732,-0.9995255258710662,3,1,3,128,1,128
7fbd2fb457012ef62047,71,multiplexer,0.9,16,2,561,1.0,1.0,0.0,1.0,0.0,1.0,0.628,0.0,1.0,4.728225743135912e-05,-0.9999418748426018,128,1,128,256,1,256
7fc27d6d07f374a45ad7,37,multiplexer,0.9,64,1,1153,1.0,1.0,0.0,1.0,0.0,1.0,0.6299,0.0,1.0,0.00018663234875600953,-0.9997709452431677,91,1,91,362,1,362
7fe6d4ed83803ae553bc,53,conjunction,0.99,16,2,561,1.0,1.0,0.0,0.9885,0.0115,1.0,0.7638,0.0115,0.9885,0.016783127715620492,-0.9832121280982081,8,1,8,512,1,512
80070993e3aa281320bf,101,multiplexer,0.99,8,2,217,1.0,1.0,0.0,0.9188,0.0812,0.9995,0.6318,0.0812,0.9188,0.09672183130766478,-0.9031779950484613,181,1,181,2896,1,2896
801e01da959c17bbced1,97,conjunction,0.75,16,1,289,1.0,1.0,0.0,1.0,0.0,1.0,0.7657,0.0,1.0,4.8238994554891725e-05,-0.9998146788535072,91,1,91,128,1,128
8038a5b35cfa4f140d9a,71,parity,0.75,64,1,1153,1.0,1.0,0.0,1.0,0.0,1.0,0.5035,0.0,1.0,0.00039456767854380943,-0.9992450497392575,64,1,64,724,1,724
809135b0c2c1bf2ae676,53,multiplexer,0.9,128,2,18817,1.0,1.0,0.0,1.0,0.0,1.0,0.6301,0.0,1.0,1.3019244331992918e-05,-0.9999852396828631,23,1,23,128,1,128
80cb55baec06238e0c5c,37,multiplexer,0.99,32,1,577,1.0,1.0,0.0,0.919,0.081,0.99875,0.6299,0.081,0.919,0.10853575935340887,-0.89129087771429,128,1,128,,0,4096
80d08c14b6ba5e43f7d9,97,conjunction,0.99,16,1,289,1.0,1.0,0.0,1.0,0.0,1.0,0.7657,0.0,1.0,0.0067548022965154214,-0.9930655833712934,91,1,91,362,1,362
80e066399638eb07f8f0,37,parity,0.75,8,2,217,1.0,1.0,0.0,0.0596,0.9404,0.753,0.5048,0.9238,0.0534,0.4858188521135835,-0.04407372650132545,362,1,362,,0,4096
81874c7b6447fc4bb955,83,parity,0.99,32,1,577,1.0,1.0,0.0,0.0014,0.9986,0.99,0.5086,0.9986,0.0014,0.9639961854101817,-0.017156876808367923,181,1,181,,0,4096
81aa184ba2149a560725,101,conjunction,0.99,16,2,561,1.0,1.0,0.0,0.9963,0.0037,1.0,0.7635,0.0037,0.9963,0.00804229290705337,-0.9919470975556489,11,1,11,256,1,256
820551c1dc26a3a1c9f6,97,parity,0.99,16,2,561,1.0,1.0,0.0,0.4417,0.5583,0.99525,0.5049,0.5583,0.4417,0.5697293668060959,-0.4270643736255899,181,1,181,,0,4096
8215a27edfca9a0e91c6,83,conjunction,0.75,8,1,145,1.0,1.0,0.0,1.0,0.0,1.0,0.7633,0.0,1.0,0.00015605484081734962,-0.9994642521674973,181,1,181,128,1,128
828986bcca766c4e3a65,71,parity,0.99,16,1,289,1.0,1.0,0.0,0.0,1.0,0.99,0.5035,1.0,0.0,0.978831884018044,-0.00030620066896849644,362,1,362,,0,4096
83e29898d35021050485,97,parity,0.99,32,1,577,1.0,1.0,0.0,0.0161,0.9839,0.99,0.5049,0.9836,0.0162,0.9341740117835831,-0.051541395864912944,181,1,181,,0,4096
8435d2958d8acf0ce08d,41,conjunction,0.9,16,1,289,1.0,1.0,0.0,1.0,0.0,1.0,0.7635,0.0,1.0,0.0001506364427795295,-0.9997573402429559,128,1,128,128,1,128
8452f759788c2880e502,83,parity,0.9,8,2,217,1.0,1.0,0.0,1.0,0.0,1.0,0.5086,0.0,1.0,0.015618042696252107,-0.9837522913133853,512,1,512,2048,1,2048
8495fa338f90b05a6596,23,multiplexer,0.99,16,2,561,1.0,1.0,0.0,0.9366,0.0634,0.9995,0.6296,0.0634,0.9366,0.07442623934031681,-0.925558458225663,91,1,91,2896,1,2896
84e5fb5040783eebf10d,23,parity,0.9,128,1,2305,1.0,1.0,0.0,1.0,0.0,1.0,0.508,0.0,1.0,0.001036134027871061,-0.9987654069203598,64,1,64,1024,1,1024
84e9004b1c329c57c6d3,53,parity,0.75,128,1,2305,1.0,1.0,0.0,1.0,0.0,1.0,0.506,0.0,1.0,0.00017324093027620827,-0.9996716745802545,45,1,45,512,1,512
852c856ef05b125299c7,71,multiplexer,0.75,128,1,2305,1.0,1.0,0.0,1.0,0.0,1.0,0.628,0.0,1.0,3.313655190765757e-05,-0.9999339474523312,64,1,64,181,1,181
853965851f99a71a09c5,23,conjunction,0.9,8,2,217,1.0,1.0,0.0,1.0,0.0,1.0,0.7588,0.0,1.0,2.914419557650516e-05,-0.9999516247332365,16,1,16,128,1,128
857116d9e1b11a50990d,101,majority,0.99,16,1,289,1.0,1.0,0.0,1.0,0.0,1.0,0.6922,0.0,1.0,0.0020125963503077045,-0.9979521522872415,45,1,45,724,1,724
85964b55070b0209d7cc,53,multiplexer,0.99,16,2,561,1.0,1.0,0.0,0.8992,0.1008,0.9985,0.6301,0.1008,0.8992,0.11020992573599007,-0.8897683507852937,91,1,91,,0,4096
85a1df1e05c745a5177f,101,majority,0.9,16,1,289,1.0,1.0,0.0,1.0,0.0,1.0,0.6922,0.0,1.0,0.00010191187869204014,-0.9998659332846616,45,1,45,181,1,181
85dff96e1207363366b3,83,majority,0.75,64,1,1153,1.0,1.0,0.0,1.0,0.0,1.0,0.691,0.0,1.0,6.5255291602149045e-06,-0.9999857112219501,11,1,11,64,1,64
85ef6cc1a49ba87dbf30,23,parity,0.99,64,2,5313,1.0,1.0,0.0,0.4271,0.5729,0.99375,0.508,0.5729,0.4271,0.572117507287256,-0.42783483947199746,45,1,45,,0,4096
861ca33418891ebb265d,71,majority,0.9,128,2,18817,1.0,1.0,0.0,1.0,0.0,1.0,0.6947,0.0,1.0,6.968577457952985e-07,-0.9999991488950156,2,1,2,32,1,32
863b0a653a8cc2c581ee,37,multiplexer,0.99,32,2,1633,1.0,1.0,0.0,0.7981,0.2019,0.99725,0.6299,0.2019,0.7981,0.20495431381149434,-0.795040504269905,64,1,64,,0,4096
86767367c1ee2e5502e2,71,parity,0.99,8,2,217,1.0,1.0,0.0,0.0,1.0,0.99,0.5035,1.0,0.0,0.9778624728274977,-0.0013991658160262535,362,1,362,,0,4096
86f39145cf500783c4e4,11,parity,0.99,8,1,145,1.0,0.872,-0.128,0.0,1.0,0.99,0.5078,1.0,0.0,0.9795352883363112,-0.00011678179076944433,,0,4096,,0,4096
87b5e38ef2ed0e64c9af,53,conjunction,0.99,64,2,5313,1.0,1.0,0.0,0.9899,0.0101,1.0,0.7638,0.0101,0.9899,0.013268436880189907,-0.986728036798149,8,1,8,128,1,128
87b6b11c1d006754479d,83,parity,0.75,64,1,1153,1.0,1.0,0.0,1.0,0.0,1.0,0.5086,0.0,1.0,0.00024200817316211222,-0.9995071940116821,128,1,128,512,1,512
882c68e4f32650188655,37,conjunction,0.75,16,2,561,1.0,1.0,0.0,1.0,0.0,1.0,0.7629,0.0,1.0,6.220807703353537e-06,-0.9999833803904665,32,1,32,64,1,64
8850ddbcbbd0878b57f4,67,conjunction,0.75,16,2,561,1.0,1.0,0.0,1.0,0.0,1.0,0.7626,0.0,1.0,5.595762310063635e-06,-0.9999838802775565,32,1,32,64,1,64
885543cdfc0abd8c8c62,101,parity,0.9,128,1,2305,1.0,1.0,0.0,1.0,0.0,1.0,0.514,0.0,1.0,0.0006017645427928577,-0.9992745339668296,45,1,45,724,1,724
889717768d26c14d2b53,53,majority,0.75,128,2,18817,1.0,1.0,0.0,1.0,0.0,1.0,0.6929,0.0,1.0,1.192640828054814e-07,-0.9999997389745853,11,1,11,23,1,23
88d48a9feff734a2b4e6,23,parity,0.99,8,1,145,1.0,0.9355,-0.0645,0.0,1.0,0.99,0.508,1.0,0.0,0.9753558418216846,2.109838051252467e-05,,0,4096,,0,4096
88dce8591165d7923ae3,53,parity,0.75,128,2,18817,1.0,1.0,0.0,1.0,0.0,1.0,0.506,0.0,1.0,4.776927824956645e-06,-0.9999913358684609,23,1,23,256,1,256
89139de0084eeeec2d73,71,multiplexer,0.99,32,1,577,1.0,1.0,0.0,0.8915,0.1085,0.998,0.628,0.1085,0.8915,0.1307661130170808,-0.8690783152802894,128,1,128,,0,4096
8915241ea7f87bbf5377,101,parity,0.9,8,1,145,1.0,0.966,-0.03400000000000003,0.0,1.0,0.9,0.514,1.0,0.0,0.8008649710159976,-0.00010381255671848315,724,1,724,,0,4096
892e19eefbecf25217fe,53,conjunction,0.75,128,2,18817,1.0,1.0,0.0,1.0,0.0,1.0,0.7638,0.0,1.0,9.89540351174345e-07,-0.9999978120060692,1,1,1,16,1,16
89a0d4406c6e7b6807b5,37,parity,0.99,64,1,1153,1.0,1.0,0.0,0.0051,0.9949,0.98975,0.5048,0.9945,0.0056,0.9693646167590446,-0.012682877572604773,128,1,128,,0,4096
89a67bb166c08bd2bfdc,53,conjunction,0.99,128,1,2305,1.0,1.0,0.0,1.0,0.0,1.0,0.7638,0.0,1.0,0.004766628122506114,-0.9952078286478929,32,1,32,362,1,362
8acef77ad5a69a1700dc,11,majority,0.75,32,1,577,1.0,1.0,0.0,1.0,0.0,1.0,0.6919,0.0,1.0,1.4200069334657229e-05,-0.9999663238769368,45,1,45,91,1,91
8b0e91ea92381d5e525b,41,multiplexer,0.75,128,1,2305,1.0,1.0,0.0,1.0,0.0,1.0,0.631,0.0,1.0,4.210633367406927e-05,-0.9999190810664832,64,1,64,181,1,181
8ba309be03ef699d1845,37,parity,0.9,32,1,577,1.0,1.0,0.0,1.0,0.0,1.0,0.5048,0.0,1.0,0.0031820505105744886,-0.9961100574013088,181,1,181,1448,1,1448
8bd597e55a31e29e2b21,23,multiplexer,0.9,16,2,561,1.0,1.0,0.0,1.0,0.0,1.0,0.6296,0.0,1.0,3.01764841553697e-05,-0.9999633712418685,91,1,91,256,1,256
8bdb05c19573201a8cf8,101,parity,0.9,64,2,5313,1.0,1.0,0.0,1.0,0.0,1.0,0.514,0.0,1.0,0.00010100776539475649,-0.9998837840653124,45,1,45,724,1,724
8bee9506e50b7239a604,97,multiplexer,0.75,64,1,1153,1.0,1.0,0.0,1.0,0.0,1.0,0.6239,0.0,1.0,5.691636614077125e-05,-0.9998886849865608,91,1,91,256,1,256
8c0f46bfaba13d590166,71,parity,0.99,128,1,2305,1.0,1.0,0.0,0.0506,0.9494,0.99125,0.5035,0.9494,0.0506,0.9090142906580988,-0.08576515541984582,64,1,64,,0,4096
8c4d7c489f5120e50b3d,97,majority,0.99,16,2,561,1.0,1.0,0.0,1.0,0.0,1.0,0.6936,0.0,1.0,0.00027236276479367235,-0.9997230312980219,45,1,45,362,1,362
8c5b49d49ec0f83db210,83,parity,0.75,16,1,289,1.0,1.0,0.0,1.0,0.0,1.0,0.5086,0.0,1.0,0.0018516657263565862,-0.9963923516432202,512,1,512,1448,1,1448
8c749fd6a98a746ab069,67,conjunction,0.9,16,1,289,1.0,1.0,0.0,1.0,0.0,1.0,0.7626,0.0,1.0,0.00016609947970591698,-0.9997100142896901,91,1,91,128,1,128
8c87f6ad6ed48757d1bf,37,conjunction,0.9,32,1,577,1.0,1.0,0.0,1.0,0.0,1.0,0.7629,0.0,1.0,0.00011463857162517095,-0.9998228777815686,91,1,91,64,1,64
8cf8eb40d4d6e3947857,83,multiplexer,0.75,128,2,18817,1.0,1.0,0.0,1.0,0.0,1.0,0.6269,0.0,1.0,2.666928143937175e-06,-0.9999957933478858,23,1,23,64,1,64
8cff4958312b9793b600,83,multiplexer,0.99,16,2,561,1.0,1.0,0.0,0.9114,0.0886,0.999,0.6269,0.0886,0.9114,0.09634156745013223,-0.9036316231695926,91,1,91,,0,4096
8d57db06efee0bd706c7,37,majority,0.9,128,1,2305,1.0,1.0,0.0,1.0,0.0,1.0,0.6962,0.0,1.0,2.3579784319675022e-05,-0.9999697574059526,16,1,16,91,1,91
8d63513ff97c7aa93881,37,conjunction,0.9,8,1,145,1.0,1.0,0.0,1.0,0.0,1.0,0.7629,0.0,1.0,0.00025446517229328337,-0.9995751207515267,11,1,11,256,1,256
8d9857d9efcdc683c18f,101,majority,0.9,8,2,217,1.0,1.0,0.0,1.0,0.0,1.0,0.6922,0.0,1.0,1.4665818366193262e-05,-0.9999789409278074,45,1,45,128,1,128
8dbeb14392ead2f8489a,97,parity,0.9,8,1,145,1.0,0.90825,-0.09175,0.3212,0.6788,0.9335,0.5049,0.6788,0.3212,0.5522801783361275,-0.3156787777292791,,0,4096,,0,4096
8dda4d1b1676e2fe96b7,41,parity,0.99,32,1,577,1.0,1.0,0.0,0.0135,0.9865,0.99,0.5018,0.9865,0.0135,0.9363838236223226,-0.04983167826115452,181,1,181,,0,4096
8df5a163c3e83614db02,83,parity,0.9,8,1,145,1.0,0.86975,-0.13024999999999998,0.8502,0.1498,0.98475,0.5086,0.1498,0.8502,0.1918992278969723,-0.7607499821836693,,0,4096,,0,4096
8e031ab941487981cc91,53,parity,0.9,32,1,577,1.0,1.0,0.0,1.0,0.0,1.0,0.506,0.0,1.0,0.008958449619953745,-0.9889880722980768,181,1,181,2896,1,2896
8e279df8bd05c56f3ef8,41,majority,0.99,16,2,561,1.0,1.0,0.0,1.0,0.0,1.0,0.6949,0.0,1.0,0.0002419856639389679,-0.9997545043947804,45,1,45,256,1,256
8eb4b48b94e07ae83709,83,conjunction,0.99,32,2,1633,1.0,1.0,0.0,0.955,0.045,0.9995,0.7633,0.045,0.955,0.044431447784934124,-0.9555649533231504,45,1,45,362,1,362
8ed19d25e8010928a235,101,multiplexer,0.9,8,1,145,1.0,1.0,0.0,1.0,0.0,1.0,0.6318,0.0,1.0,0.005506213229416168,-0.9932097797521399,362,1,362,1024,1,1024
8effca822d4e82419b5f,67,parity,0.9,16,2,561,1.0,1.0,0.0,0.9993,0.0007,1.0,0.5075,0.0007,0.9993,0.013133920721891689,-0.9843733663800213,256,1,256,2896,1,2896
8f07196060a40e40268f,71,majority,0.99,16,2,561,1.0,1.0,0.0,1.0,0.0,1.0,0.6947,0.0,1.0,0.00045818939217500727,-0.9995385845522131,64,1,64,256,1,256
8f62dead44ece18a51dd,41,conjunction,0.9,32,1,577,1.0,1.0,0.0,1.0,0.0,1.0,0.7635,0.0,1.0,0.0001000265252021826,-0.9998562916021132,8,1,8,91,1,91
8f69a469c42feed7b781,23,conjunction,0.9,32,2,1633,1.0,1.0,0.0,1.0,0.0,1.0,0.7588,0.0,1.0,1.8928733564287716e-05,-0.9999771278718421,32,1,32,64,1,64
8f79cbc74c13c4a9e6e6,37,majority,0.75,8,2,217,1.0,1.0,0.0,1.0,0.0,1.0,0.6962,0.0,1.0,1.3886679040576499e-06,-0.9925085604713848,91,1,91,128,1,128
8f8896e65f76fc98bf26,97,majority,0.9,16,1,289,1.0,1.0,0.0,1.0,0.0,1.0,0.6936,0.0,1.0,0.00012099049225189562,-0.9998424845849049,64,1,64,128,1,128
8f96139261f6b316ab36,23,parity,0.75,16,2,561,1.0,1.0,0.0,1.0,0.0,1.0,0.508,0.0,1.0,6.978713097208931e-05,-0.9998720475969801,181,1,181,512,1,512
8fc206e5371d150f5611,11,multiplexer,0.99,8,1,145,1.0,1.0,0.0,0.667,0.333,0.997,0.6249,0.333,0.667,0.3395605108625239,-0.6567467316247366,362,1,362,,0,4096
90ab869fa6d06f48f39c,97,multiplexer,0.75,16,2,561,1.0,1.0,0.0,1.0,0.0,1.0,0.6239,0.0,1.0,1.111838110782919e-05,-0.9999792707386097,128,1,128,181,1,181
90c23a52af91fc9e2521,97,parity,0.75,64,1,1153,1.0,1.0,0.0,1.0,0.0,1.0,0.5049,0.0,1.0,0.0004979598610949589,-0.9990471282708073,91,1,91,724,1,724
90dc971c6a431923d63e,101,multiplexer,0.9,32,2,1633,1.0,1.0,0.0,1.0,0.0,1.0,0.6318,0.0,1.0,2.8167577870867145e-05,-0.999966701929621,64,1,64,256,1,256
90f528a80cfbe4907abf,11,parity,0.99,8,2,217,1.0,0.971,-0.029000000000000026,0.0001,0.9999,0.99,0.5078,0.9999,0.0001,0.9788166374505003,-0.0008420105869299108,362,1,362,,0,4096
90fd8a23bea98dc249c4,41,majority,0.9,16,1,289,1.0,1.0,0.0,1.0,0.0,1.0,0.6949,0.0,1.0,6.802607901577529e-05,-0.9999103513334888,32,1,32,128,1,128
9120376b96ed23a6fec0,101,parity,0.99,128,2,18817,1.0,1.0,0.0,0.2768,0.7232,0.9935,0.514,0.7232,0.2768,0.7203456269703634,-0.2796304348755205,23,1,23,,0,4096
912a1c560ca653fce242,101,conjunction,0.75,64,2,5313,1.0,1.0,0.0,1.0,0.0,1.0,0.7635,0.0,1.0,1.406188653968543e-06,-0.9999961865118748,16,1,16,32,1,32
918cb93e23b815841d66,11,majority,0.75,32,2,1633,1.0,1.0,0.0,1.0,0.0,1.0,0.6919,0.0,1.0,1.2611072218370101e-06,-0.9999971577270826,23,1,23,45,1,45
919067896fcd1c48c0d3,37,conjunction,0.9,64,1,1153,1.0,1.0,0.0,1.0,0.0,1.0,0.7629,0.0,1.0,5.908528199393044e-05,-0.9999094530601739,64,1,64,91,1,91
91a0849c9b50fa0d011b,53,conjunction,0.75,64,2,5313,1.0,1.0,0.0,1.0,0.0,1.0,0.7638,0.0,1.0,1.4663782112377288e-06,-0.9999958731494258,8,1,8,23,1,23
91d640e6d453edee7332,67,conjunction,0.99,64,2,5313,1.0,1.0,0.0,0.9917,0.0083,0.99975,0.7626,0.0083,0.9917,0.012228723555504908,-0.9877672702840026,2,1,2,128,1,128
920b98545433af418d55,23,conjunction,0.75,8,2,217,1.0,1.0,0.0,1.0,0.0,1.0,0.7588,0.0,1.0,9.019439954396869e-06,-0.9999703994950938,16,1,16,91,1,91
926d3bda1d257c01aa32,53,conjunction,0.99,32,2,1633,1.0,1.0,0.0,0.9939,0.0061,1.0,0.7638,0.0061,0.9939,0.01073090052644198,-0.9892658563336989,32,1,32,256,1,256
92858781a89245b92fe8,23,conjunction,0.75,32,2,1633,1.0,1.0,0.0,1.0,0.0,1.0,0.7588,0.0,1.0,2.935562698100369e-06,-0.9999930112361411,32,1,32,45,1,45
92d0546f5cd330ab0c14,101,parity,0.75,8,1,145,1.0,0.966,-0.03400000000000003,0.7632,0.2368,0.92075,0.514,0.2059,0.7611,0.1802284869181597,-0.6410577007144161,724,1,724,,0,4096
92f2134943f19799d141,41,parity,0.75,128,1,2305,1.0,1.0,0.0,1.0,0.0,1.0,0.5018,0.0,1.0,0.00017176231989425857,-0.9996640698705518,64,1,64,512,1,512
933bf527d89537231822,37,majority,0.99,8,2,217,1.0,1.0,0.0,1.0,0.0,1.0,0.6962,0.0,1.0,0.00027003945240088376,-0.9997218883746464,91,1,91,512,1,512
9361b08564443b3c2e01,23,majority,0.9,32,1,577,1.0,1.0,0.0,1.0,0.0,1.0,0.6909,0.0,1.0,3.078884736539487e-05,-0.9999604668475065,16,1,16,128,1,128
939ca59c9610e54474f1,41,multiplexer,0.9,16,2,561,1.0,1.0,0.0,1.0,0.0,1.0,0.631,0.0,1.0,5.5145422688297085e-05,-0.9999347816242298,91,1,91,362,1,362
93be079c3f74527d903e,71,conjunction,0.75,16,2,561,1.0,1.0,0.0,1.0,0.0,1.0,0.7605,0.0,1.0,4.277391856861912e-06,-0.9999882988723373,11,1,11,32,1,32
93d1c53f9ff5b0b703bd,37,multiplexer,0.99,128,2,18817,1.0,1.0,0.0,0.7713,0.2287,0.9975,0.6299,0.2287,0.7713,0.2326013362273854,-0.7673962759870757,23,1,23,,0,4096
941bbe6b56942cb641bc,97,multiplexer,0.9,32,2,1633,1.0,1.0,0.0,1.0,0.0,1.0,0.6239,0.0,1.0,3.2889463899964114e-05,-0.9999618111484345,64,1,64,256,1,256
9486706f94686f5f3816,83,multiplexer,0.75,16,2,561,1.0,1.0,0.0,1.0,0.0,1.0,0.6269,0.0,1.0,1.2261222318196596e-05,-0.9999776241553944,91,1,91,181,1,181
94a980483dfa8f5b23e6,71,multiplexer,0.99,32,2,1633,1.0,1.0,0.0,0.8503,0.1497,0.9975,0.628,0.1497,0.8503,0.15803684858127903,-0.8419550638251483,64,1,64,,0,4096
94b30b9a4bd550255ffa,23,multiplexer,0.9,16,1,289,1.0,1.0,0.0,1.0,0.0,1.0,0.6296,0.0,1.0,0.00088945439106854,-0.998897040354177,181,1,181,724,1,724
94b8becb3df89f74d679,97,multiplexer,0.75,128,1,2305,1.0,1.0,0.0,1.0,0.0,1.0,0.6239,0.0,1.0,3.509490520109371e-05,-0.99993369822061,64,1,64,181,1,181
94f17d8c5224c5397523,71,conjunction,0.9,8,1,145,1.0,1.0,0.0,1.0,0.0,1.0,0.7605,0.0,1.0,0.0003990355991350018,-0.9994475446841319,181,1,181,128,1,128
9542f635e42240d98343,11,multiplexer,0.99,16,1,289,1.0,1.0,0.0,0.9606,0.0394,0.99975,0.6249,0.0394,0.9606,0.0858280262568919,-0.91385077670279,181,1,181,,0,4096
95c35414d4c49e990ac7,41,parity,0.75,8,2,217,1.0,1.0,0.0,1.0,0.0,1.0,0.5018,0.0,1.0,0.005473837544038517,-0.9943326420693483,256,1,256,1024,1,1024
960c13bd595e12d08b3b,41,multiplexer,0.99,64,1,1153,1.0,1.0,0.0,0.9732,0.0268,0.9995,0.631,0.0268,0.9732,0.059323415528039734,-0.9406078627657815,91,1,91,2896,1,2896
96375bbd2567cc0ecd0b,67,majority,0.99,8,2,217,1.0,1.0,0.0,1.0,0.0,1.0,0.689,0.0,1.0,0.00032093938097342995,-0.999674224166189,64,1,64,362,1,362
96671cbb236fc4f3b2eb,11,majority,0.9,16,1,289,1.0,1.0,0.0,1.0,0.0,1.0,0.6919,0.0,1.0,7.487666180990204e-05,-0.9999004508229824,64,1,64,181,1,181
96730a933ff9d53c8705,11,multiplexer,0.99,32,2,1633,1.0,1.0,0.0,0.9026,0.0974,0.999,0.6249,0.0974,0.9026,0.11001781201806575,-0.8899753518007896,64,1,64,,0,4096
969a65c7422efc60233d,23,conjunction,0.75,128,1,2305,1.0,1.0,0.0,1.0,0.0,1.0,0.7588,0.0,1.0,1.070747344787788e-05,-0.9999699603542352,32,1,32,32,1,32
96a3c3656b027f28c995,11,parity,0.9,8,1,145,1.0,0.872,-0.128,0.0,1.0,0.9,0.5078,1.0,0.0,0.786160009050116,-0.016749933745635225,,0,4096,,0,4096
96a5f869362c3541944d,41,multiplexer,0.75,8,2,217,1.0,1.0,0.0,1.0,0.0,1.0,0.631,0.0,1.0,2.3642069710315172e-05,-0.9999444697158446,181,1,181,256,1,256
96ceb3b6193414ee9bac,37,conjunction,0.9,64,2,5313,1.0,1.0,0.0,1.0,0.0,1.0,0.7629,0.0,1.0,5.13632888787231e-06,-0.9999937149071245,16,1,16,32,1,32
97635e331ebf01fd0b4d,71,conjunction,0.99,64,1,1153,1.0,1.0,0.0,0.9993,0.0007,1.0,0.7605,0.0007,0.9993,0.012574048619451458,-0.9873672626489595,2,1,2,256,1,256
979163231ff57e592f80,41,conjunction,0.75,32,1,577,1.0,1.0,0.0,1.0,0.0,1.0,0.7635,0.0,1.0,2.6090590604784414e-05,-0.999915544460238,8,1,8,91,1,91
9795744d911583509163,23,multiplexer,0.75,128,2,18817,1.0,1.0,0.0,1.0,0.0,1.0,0.6296,0.0,1.0,3.0058409787427686e-06,-0.9999950631639353,23,1,23,64,1,64
97b9fd893c27b4a88143,67,conjunction,0.75,128,1,2305,1.0,1.0,0.0,1.0,0.0,1.0,0.7626,0.0,1.0,1.2697848688468315e-05,-0.9999573244161285,45,1,45,32,1,32
97d6775807a0bebea18a,23,multiplexer,0.9,8,2,217,1.0,1.0,0.0,1.0,0.0,1.0,0.6296,0.0,1.0,0.00011241599445534065,-0.9998603944379444,181,1,181,512,1,512
97e1e7586e78cdc01ebb,71,multiplexer,0.99,16,1,289,1.0,1.0,0.0,0.8028,0.1972,0.99725,0.628,0.1972,0.8028,0.2127565751228216,-0.786711911403989,181,1,181,,0,4096
97fb68ecade66d426c47,83,conjunction,0.75,32,2,1633,1.0,1.0,0.0,1.0,0.0,1.0,0.7633,0.0,1.0,3.976871995985875e-06,-0.9999902870064027,45,1,45,45,1,45
9849143b9748c9ffee94,41,parity,0.75,128,2,18817,1.0,1.0,0.0,1.0,0.0,1.0,0.5018,0.0,1.0,5.606623878970474e-06,-0.9999899406330911,23,1,23,256,1,256
9944403bd585bf8f63c1,11,conjunction,0.99,32,2,1633,1.0,1.0,0.0,0.9349,0.0651,1.0,0.7669,0.0651,0.9349,0.06078948780528452,-0.9392020090695143,45,1,45,181,1,181
99a4cdb9c3fbf3c5c056,23,parity,0.99,16,2,561,1.0,1.0,0.0,0.5122,0.4878,0.99525,0.508,0.4878,0.5122,0.499182018545081,-0.4977943354963527,181,1,181,,0,4096
99a53c275521e13c1215,37,conjunction,0.75,64,2,5313,1.0,1.0,0.0,1.0,0.0,1.0,0.7629,0.0,1.0,6.200983256147153e-07,-0.9999981006550883,16,1,16,23,1,23
9a46cb5ae7046ea64d17,67,parity,0.75,128,2,18817,1.0,1.0,0.0,1.0,0.0,1.0,0.5075,0.0,1.0,7.0183961563462514e-06,-0.9999866806105565,32,1,32,256,1,256
9aae47077cfa3ecc7c7b,11,multiplexer,0.75,16,1,289,1.0,1.0,0.0,1.0,0.0,1.0,0.6249,0.0,1.0,0.00020455848401309363,-0.9995910331912196,181,1,181,362,1,362
9ab497204da8cd79732c,11,conjunction,0.99,32,1,577,1.0,1.0,0.0,0.9347,0.0653,1.0,0.7669,0.0653,0.9347,0.05762803251816957,-0.94231933186977,64,1,64,362,1,362
9aea8a9e51758069c823,11,multiplexer,0.99,32,1,577,1.0,1.0,0.0,0.8827,0.1173,0.99875,0.6249,0.1173,0.8827,0.14587266231574045,-0.8539110862350724,128,1,128,,0,4096
9af3360deaa624e55d42,37,parity,0.75,64,1,1153,1.0,1.0,0.0,1.0,0.0,1.0,0.5048,0.0,1.0,0.00031993889963479935,-0.9993968675879358,128,1,128,1024,1,1024
9b02e2d94f6f31192a88,37,conjunction,0.99,64,2,5313,1.0,1.0,0.0,0.9938,0.0062,1.0,0.7629,0.0062,0.9938,0.01121955538843915,-0.9887774147592383,16,1,16,128,1,128
9b1a3d97704665b0d967,101,multiplexer,0.99,64,2,5313,1.0,1.0,0.0,0.8863,0.1137,0.999,0.6318,0.1137,0.8863,0.12196371929607971,-0.8780327370598398,45,1,45,,0,4096
9b48e6ad25659ca92f12,11,multiplexer,0.75,64,1,1153,1.0,1.0,0.0,1.0,0.0,1.0,0.6249,0.0,1.0,6.0682137447795495e-05,-0.9998795661731945,91,1,91,181,1,181
9b99a411e7e9ec1819b7,41,multiplexer,0.9,32,1,577,1.0,1.0,0.0,1.0,0.0,1.0,0.631,0.0,1.0,0.00048557323254103146,-0.9994182332998965,128,1,128,512,1,512
9ba3cda763caf49e3f48,67,multiplexer,0.75,128,1,2305,1.0,1.0,0.0,1.0,0.0,1.0,0.6249,0.0,1.0,3.113882761377903e-05,-0.9999393476704223,64,1,64,181,1,181
9baeb3c32040d04563e3,97,multiplexer,0.9,64,2,5313,1.0,1.0,0.0,1.0,0.0,1.0,0.6239,0.0,1.0,2.1038836465076217e-05,-0.9999770219559445,45,1,45,128,1,128
9bb994992703cf5a04b5,23,parity,0.9,64,2,5313,1.0,1.0,0.0,1.0,0.0,1.0,0.508,0.0,1.0,7.721217341528565e-05,-0.9999103706384008,45,1,45,512,1,512
9bbc01a5e298d0303fcf,11,parity,0.9,8,2,217,1.0,0.971,-0.029000000000000026,0.6818,0.3182,0.9695,0.5078,0.3182,0.6818,0.3165841587179826,-0.6832629097922154,362,1,362,,0,4096
9c0f894311178f12d86d,71,conjunction,0.99,16,2,561,1.0,1.0,0.0,0.9791,0.0209,1.0,0.7605,0.0209,0.9791,0.023845907499545786,-0.9761443644080111,11,1,11,256,1,256
9c26ab5f13f37d7cae6d,41,majority,0.75,128,2,18817,1.0,1.0,0.0,1.0,0.0,1.0,0.6949,0.0,1.0,2.686429060242634e-07,-0.9999994137413903,3,1,3,23,1,23
9c2e9175239be08d0e21,97,conjunction,0.75,32,1,577,1.0,1.0,0.0,1.0,0.0,1.0,0.7657,0.0,1.0,3.211397894035827e-05,-0.9998983795931068,64,1,64,64,1,64
9c5dd8e8aca2606c381c,53,majority,0.9,16,1,289,1.0,1.0,0.0,1.0,0.0,1.0,0.6929,0.0,1.0,7.237258838609792e-05,-0.9999066669685115,64,1,64,181,1,181
9c651f7ed16020cedd1f,71,conjunction,0.9,64,1,1153,1.0,1.0,0.0,1.0,0.0,1.0,0.7605,0.0,1.0,9.164512628969141e-05,-0.9998690138975544,2,1,2,64,1,64
9d2dde5e1285c311a2ca,53,multiplexer,0.75,16,2,561,1.0,1.0,0.0,1.0,0.0,1.0,0.6301,0.0,1.0,1.2121523885510088e-05,-0.9999761278113699,91,1,91,181,1,181
9d3aa133f7f2f765e828,11,conjunction,0.75,8,2,217,1.0,1.0,0.0,1.0,0.0,1.0,0.7669,0.0,1.0,9.715461868663777e-06,-0.9999675248231117,181,1,181,91,1,91
9d8b26e385526ee8c986,83,parity,0.75,16,2,561,1.0,1.0,0.0,1.0,0.0,1.0,0.5086,0.0,1.0,4.5089753134902785e-05,-0.9999043950321415,181,1,181,724,1,724
9d8c0b9cafeaa442eaf0,53,parity,0.9,64,1,1153,1.0,1.0,0.0,1.0,0.0,1.0,0.506,0.0,1.0,0.001359254839047525,-0.998331019676516,64,1,64,1448,1,1448
9ea590f8280cecc78927,11,multiplexer,0.9,16,2,561,1.0,1.0,0.0,1.0,0.0,1.0,0.6249,0.0,1.0,4.567476883969165e-05,-0.9999465521407485,91,1,91,362,1,362
9ecb68cee62befd64016,53,conjunction,0.99,64,1,1153,1.0,1.0,0.0,1.0,0.0,1.0,0.7638,0.0,1.0,0.005510064772581201,-0.9944360504992488,64,1,64,362,1,362
9f45c5d5a30d9d14327e,37,multiplexer,0.9,128,2,18817,1.0,1.0,0.0,1.0,0.0,1.0,0.6299,0.0,1.0,1.2523229523258428e-05,-0.9999861060195644,23,1,23,91,1,91
9f5bfc19d7bce1f69573,67,majority,0.9,64,2,5313,1.0,1.0,0.0,1.0,0.0,1.0,0.689,0.0,1.0,2.171413582003412e-06,-0.9999971968052214,6,1,6,45,1,45
a00ff4f39d23a0c13277,97,multiplexer,0.75,16,1,289,1.0,1.0,0.0,1.0,0.0,1.0,0.6239,0.0,1.0,0.000192311072258255,-0.9996059274238498,181,1,181,362,1,362
a01d53e3f508dbb95975,101,parity,0.99,8,2,217,1.0,0.97275,-0.027249999999999996,0.3976,0.6024,0.9945,0.514,0.6024,0.3976,0.6059789947926189,-0.38632725051335276,512,1,512,,0,4096
a03abd39b5a12f9c0284,53,conjunction,0.99,8,1,145,1.0,1.0,0.0,1.0,0.0,1.0,0.7638,0.0,1.0,0.006831620219204783,-0.9927945367776927,181,1,181,1024,1,1024
a04179b5e7d45b55446b,101,majority,0.75,8,1,145,1.0,1.0,0.0,1.0,0.0,1.0,0.6922,0.0,1.0,5.357096553833124e-05,-0.9998847404607871,91,1,91,181,1,181
a04e02275e5d8217f61f,101,conjunction,0.75,8,1,145,1.0,1.0,0.0,1.0,0.0,1.0,0.7635,0.0,1.0,8.633016415938556e-05,-0.9997276962346916,91,1,91,181,1,181
a07badbfeb309a4a2945,101,majority,0.99,8,2,217,1.0,1.0,0.0,1.0,0.0,1.0,0.6922,0.0,1.0,0.0005801952225774381,-0.9994124098538516,45,1,45,362,1,362
a0b5c1ac07002f2ade1a,97,multiplexer,0.75,8,1,145,1.0,1.0,0.0,1.0,0.0,1.0,0.6239,0.0,1.0,0.00040910713500672387,-0.9991605072356082,362,1,362,512,1,512
a0cff5106c6b46fae45d,83,conjunction,0.75,32,1,577,1.0,1.0,0.0,1.0,0.0,1.0,0.7633,0.0,1.0,4.397040415966843e-05,-0.9998649581656976,91,1,91,64,1,64
a1410338e0c3126eb16a,97,parity,0.99,32,2,1633,1.0,1.0,0.0,0.0198,0.9802,0.98825,0.5049,0.9777,0.0213,0.9718542195010952,-0.0194198026279091,91,1,91,,0,4096
a1568881da9f0e07e13c,83,majority,0.9,128,2,18817,1.0,1.0,0.0,1.0,0.0,1.0,0.691,0.0,1.0,1.8631627940978723e-06,-0.9999976373713821,2,1,2,32,1,32
a19d578667e0613fa9f4,83,multiplexer,0.75,32,1,577,1.0,1.0,0.0,1.0,0.0,1.0,0.6269,0.0,1.0,0.00011953931305832275,-0.9997673029146137,128,1,128,256,1,256
a1bbece0d8413905a855,97,parity,0.75,64,2,5313,1.0,1.0,0.0,1.0,0.0,1.0,0.5049,0.0,1.0,1.3509191231011719e-05,-0.9999743364289061,64,1,64,362,1,362
a1ed7554cc242c5df87a,11,multiplexer,0.99,8,2,217,1.0,1.0,0.0,0.9374,0.0626,0.99975,0.6249,0.0626,0.9374,0.07666413449315312,-0.9232490172926225,128,1,128,2896,1,2896
a2554afabd9ceb365821,97,parity,0.75,8,2,217,1.0,1.0,0.0,0.9434,0.0566,0.961,0.5049,0.0258,0.923,0.13858635726362972,-0.723274540877768,362,1,362,724,1,724
a27f98e4abea6f2850d5,53,majority,0.99,16,1,289,1.0,1.0,0.0,1.0,0.0,1.0,0.6929,0.0,1.0,0.0012005969885961663,-0.9987762978846156,64,1,64,512,1,512
a2f81e447ad776bfa838,53,multiplexer,0.9,64,1,1153,1.0,1.0,0.0,1.0,0.0,1.0,0.6301,0.0,1.0,0.0002321359779388604,-0.9997102894777538,91,1,91,362,1,362
a2fd4824c4f440994e62,67,conjunction,0.99,16,1,289,1.0,1.0,0.0,0.9987,0.0013,1.0,0.7626,0.0013,0.9987,0.012984180247693674,-0.9868084163317894,91,1,91,724,1,724
a3663597a04ecd3243eb,53,majority,0.9,8,1,145,1.0,1.0,0.0,1.0,0.0,1.0,0.6929,0.0,1.0,0.000345372809587979,-0.9995651962805229,64,1,64,256,1,256
a38e2b9067d5991a6039,41,conjunction,0.9,128,2,18817,1.0,1.0,0.0,1.0,0.0,1.0,0.7635,0.0,1.0,3.7881312457131335e-06,-0.999994900754268,11,1,11,16,1,16
a39cf7e117d3caacf436,23,parity,0.9,32,2,1633,1.0,1.0,0.0,1.0,0.0,1.0,0.508,0.0,1.0,0.0001715837843020754,-0.9997978936418637,64,1,64,724,1,724
a4017e46d5b15bde1c3f,83,multiplexer,0.75,64,1,1153,1.0,1.0,0.0,1.0,0.0,1.0,0.6269,0.0,1.0,5.94088421428446e-05,-0.9998863506626283,91,1,91,256,1,256
a40d354cd0e7ffffc212,41,multiplexer,0.99,16,1,289,1.0,1.0,0.0,0.9647,0.0353,0.99975,0.631,0.0353,0.9647,0.07861674687992,-0.9210516944573853,181,1,181,,0,4096
a4235d99334ba0f6e42c,101,parity,0.75,64,1,1153,1.0,1.0,0.0,1.0,0.0,1.0,0.514,0.0,1.0,0.0002779687722920336,-0.9994628495174528,91,1,91,724,1,724
a4318a1939a653eca046,71,parity,0.75,32,2,1633,1.0,1.0,0.0,1.0,0.0,1.0,0.5035,0.0,1.0,2.346901087786526e-05,-0.9999521300170207,91,1,91,362,1,362
a45a530792f570fbfd6b,41,parity,0.99,128,1,2305,1.0,1.0,0.0,0.0082,0.9918,0.99,0.5018,0.9917,0.0082,0.9713250264111503,-0.021539384661465443,64,1,64,,0,4096
a474e36e7d0b57bea6ed,11,conjunction,0.9,16,1,289,1.0,1.0,0.0,1.0,0.0,1.0,0.7669,0.0,1.0,0.00022418641935972286,-0.999633786958344,181,1,181,181,1,181
a4b039e0a916a4bccf1d,67,multiplexer,0.99,128,1,2305,1.0,1.0,0.0,0.9729,0.0271,0.99975,0.6249,0.0271,0.9729,0.05192753021339756,-0.9480363143012405,64,1,64,2896,1,2896
a4fbe8a5ba8a7d06d67e,23,parity,0.9,128,2,18817,1.0,1.0,0.0,1.0,0.0,1.0,0.508,0.0,1.0,4.472296671641591e-05,-0.9999490147615153,23,1,23,362,1,362
a53f3ca9f427b0817065,71,parity,0.99,32,1,577,1.0,1.0,0.0,0.0209,0.9791,0.99025,0.5035,0.9791,0.021,0.9203388088455906,-0.06400192320619258,181,1,181,,0,4096
a55769a75677f4adae0b,71,parity,0.75,64,2,5313,1.0,1.0,0.0,1.0,0.0,1.0,0.5035,0.0,1.0,1.3346390128891871e-05,-0.9999758076078701,45,1,45,362,1,362
a582c87ce4b064753c3c,37,majority,0.99,8,1,145,1.0,1.0,0.0,1.0,0.0,1.0,0.6962,0.0,1.0,0.0024867392343919607,-0.9974564044620835,128,1,128,724,1,724
a59a53990311eafaf4cf,83,multiplexer,0.9,128,2,18817,1.0,1.0,0.0,1.0,0.0,1.0,0.6269,0.0,1.0,2.0037070375736165e-05,-0.9999784249769368,23,1,23,128,1,128
a59d01aaabad73bf53d5,71,multiplexer,0.75,64,2,5313,1.0,1.0,0.0,1.0,0.0,1.0,0.628,0.0,1.0,2.7104819058982764e-06,-0.9999952517301248,45,1,45,91,1,91
a5de4c0f39a39f8c733e,37,parity,0.9,128,2,18817,1.0,1.0,0.0,1.0,0.0,1.0,0.5048,0.0,1.0,4.6129544690913973e-05,-0.9999484672819213,32,1,32,512,1,512
a5e83c41a658a56ec453,101,majority,0.99,16,2,561,1.0,1.0,0.0,1.0,0.0,1.0,0.6922,0.0,1.0,0.0004298573761668564,-0.999566863693628,32,1,32,362,1,362
a5ebe225822242ee32b5,71,conjunction,0.75,32,1,577,1.0,1.0,0.0,1.0,0.0,1.0,0.7605,0.0,1.0,3.359702672341989e-05,-0.999891837535681,91,1,91,91,1,91
a60a17563ec198ddbc02,71,majority,0.99,64,1,1153,1.0,1.0,0.0,1.0,0.0,1.0,0.6947,0.0,1.0,0.0007792905246330304,-0.9992107952724957,16,1,16,362,1,362
a64ddd7ab3c48ae70de5,23,multiplexer,0.75,128,1,2305,1.0,1.0,0.0,1.0,0.0,1.0,0.6296,0.0,1.0,3.259028448831805e-05,-0.9999373023381104,64,1,64,181,1,181
a658dc86df81cef08127,11,majority,0.99,128,2,18817,1.0,1.0,0.0,1.0,0.0,1.0,0.6919,0.0,1.0,0.00023514748115241896,-0.9997644386533099,4,1,4,91,1,91
a665828ea1448f260770,23,conjunction,0.9,64,2,5313,1.0,1.0,0.0,1.0,0.0,1.0,0.7588,0.0,1.0,1.1222256818111497e-05,-0.999985959283888,23,1,23,32,1,32
a6a201ce004f85731eb5,53,majority,0.75,32,2,1633,1.0,1.0,0.0,1.0,0.0,1.0,0.6929,0.0,1.0,1.4301557508027974e-06,-0.9999973013185645,11,1,11,45,1,45
a717e7346a0a20f4b0f8,83,multiplexer,0.9,8,2,217,1.0,1.0,0.0,1.0,0.0,1.0,0.6269,0.0,1.0,7.5746292996602e-05,-0.9999034529728796,181,1,181,512,1,512
a75871e14220f62176fc,83,parity,0.99,8,2,217,1.0,1.0,0.0,0.0,1.0,0.99,0.5086,1.0,0.0,0.980074649416572,8.065718223826731e-05,512,1,512,,0,4096
a82dedecbbf8de728a34,11,majority,0.9,32,1,577,1.0,1.0,0.0,1.0,0.0,1.0,0.6919,0.0,1.0,3.929964685370848e-05,-0.9999485155594019,45,1,45,128,1,128
a872ced7318e531228f5,97,multiplexer,0.75,32,1,577,1.0,1.0,0.0,1.0,0.0,1.0,0.6239,0.0,1.0,0.00011132576308136308,-0.9997800703881625,128,1,128,256,1,256
a90456483fb2f7204c6a,97,multiplexer,0.75,128,2,18817,1.0,1.0,0.0,1.0,0.0,1.0,0.6239,0.0,1.0,2.4145968252134662e-06,-0.9999959121739331,23,1,23,64,1,64
a967a24bddf459f374e4,67,majority,0.99,128,2,18817,1.0,1.0,0.0,1.0,0.0,1.0,0.689,0.0,1.0,0.0003202073342126946,-0.9996795254518569,3,1,3,91,1,91
a986d6fcc019d9dbb83f,67,conjunction,0.75,16,1,289,1.0,1.0,0.0,1.0,0.0,1.0,0.7626,0.0,1.0,4.658815817766229e-05,-0.9997977704398654,91,1,91,128,1,128
a9c5644bfabd1795abd0,101,multiplexer,0.9,128,2,18817,1.0,1.0,0.0,1.0,0.0,1.0,0.6318,0.0,1.0,1.3306652823261223e-05,-0.9999852839652819,23,1,23,128,1,128
aa2f0fc05f36905fff43,41,conjunction,0.99,32,1,577,1.0,1.0,0.0,0.9994,0.0006,1.0,0.7635,0.0006,0.9994,0.008857023977150973,-0.9910915793963857,8,1,8,362,1,362
aa72131d19d4cf060cd7,97,multiplexer,0.9,64,1,1153,1.0,1.0,0.0,1.0,0.0,1.0,0.6239,0.0,1.0,0.00022434507622649767,-0.999729715701966,91,1,91,362,1,362
aae25d7d4c932010a231,11,majority,0.9,128,1,2305,1.0,1.0,0.0,1.0,0.0,1.0,0.6919,0.0,1.0,2.2268958296291652e-05,-0.9999712086799208,11,1,11,64,1,64
ab4cdac722c5035ffc55,37,parity,0.75,128,1,2305,1.0,1.0,0.0,1.0,0.0,1.0,0.5048,0.0,1.0,0.00019052513896588392,-0.9996331119021324,32,1,32,512,1,512
ab919ad839a88b5d8d97,71,parity,0.99,32,2,1633,1.0,1.0,0.0,0.1215,0.8785,0.99075,0.5035,0.8785,0.1214,0.8667729802946984,-0.13175607594585695,91,1,91,,0,4096
abd117539842bb352b33,53,conjunction,0.75,128,1,2305,1.0,1.0,0.0,1.0,0.0,1.0,0.7638,0.0,1.0,1.117962752435765e-05,-0.9999649706146685,32,1,32,32,1,32
abdc33ff04afe724ab00,67,parity,0.75,32,2,1633,1.0,1.0,0.0,1.0,0.0,1.0,0.5075,0.0,1.0,4.030970224383646e-05,-0.9999230964008271,91,1,91,512,1,512
abdc5514f51130242b16,41,parity,0.99,16,1,289,1.0,1.0,0.0,0.0,1.0,0.99,0.5018,1.0,0.0,0.9820920530935909,2.16778256213211e-05,256,1,256,,0,4096
abf71ba01d2a4368b6ce,41,multiplexer,0.75,16,1,289,1.0,1.0,0.0,1.0,0.0,1.0,0.631,0.0,1.0,0.00017217418430217818,-0.9996469402074152,181,1,181,362,1,362
ac301573fca0f57a12bd,67,conjunction,0.9,128,2,18817,1.0,1.0,0.0,1.0,0.0,1.0,0.7626,0.0,1.0,4.0148635551079835e-06,-0.9999951116797902,16,1,16,16,1,16
acac65513104664c07b6,53,majority,0.99,64,1,1153,1.0,1.0,0.0,1.0,0.0,1.0,0.6929,0.0,1.0,0.0005888139986038038,-0.9994027374324871,16,1,16,362,1,362
ad2d7b7298453e5e0269,83,parity,0.99,32,2,1633,1.0,1.0,0.0,0.0767,0.9233,0.99075,0.5086,0.9226,0.0764,0.9106220142972999,-0.08670500768624616,91,1,91,,0,4096
ad866bf757db4d44cc42,67,parity,0.75,128,1,2305,1.0,1.0,0.0,1.0,0.0,1.0,0.5075,0.0,1.0,0.0001446293264102956,-0.9997251901881562,64,1,64,512,1,512
ae05dd717578ea37a86b,37,parity,0.99,8,2,217,1.0,1.0,0.0,0.0,1.0,0.99,0.5048,1.0,0.0,0.9798252376256008,-0.00117528442337314,362,1,362,,0,4096
ae1a9a7abe34870365f3,67,majority,0.75,8,2,217,1.0,1.0,0.0,1.0,0.0,1.0,0.689,0.0,1.0,3.904078580593673e-06,-0.9999890761351645,64,1,64,91,1,91
ae3074707cd0185e6fd7,53,multiplexer,0.75,64,1,1153,1.0,1.0,0.0,1.0,0.0,1.0,0.6301,0.0,1.0,6.248155448011325e-05,-0.9998702623062589,91,1,91,181,1,181
ae9363eaccc6d8eb3ec6,67,multiplexer,0.9,128,1,2305,1.0,1.0,0.0,1.0,0.0,1.0,0.6249,0.0,1.0,0.0001339433551633769,-0.9998377573042527,64,1,64,256,1,256
aec7ccb6aac130280ef4,83,majority,0.99,32,1,577,1.0,1.0,0.0,1.0,0.0,1.0,0.691,0.0,1.0,0.0011942554577702989,-0.9987853248286211,16,1,16,512,1,512
aef8b41b79306109b025,23,parity,0.9,8,2,217,1.0,1.0,0.0,1.0,0.0,1.0,0.508,0.0,1.0,0.044061615258985526,-0.9537088123850597,512,1,512,2896,1,2896
af12788c45e08cf7a241,67,majority,0.75,32,1,577,1.0,1.0,0.0,1.0,0.0,1.0,0.689,0.0,1.0,7.819159173900947e-06,-0.9999820500871865,45,1,45,91,1,91
af4d54dd6affdab5362b,53,conjunction,0.9,64,2,5313,1.0,1.0,0.0,1.0,0.0,1.0,0.7638,0.0,1.0,1.1710773552461206e-05,-0.9999863714221632,8,1,8,32,1,32
af98e02abcb849339790,41,conjunction,0.75,8,1,145,1.0,1.0,0.0,1.0,0.0,1.0,0.7635,0.0,1.0,0.00011075528432649417,-0.9996311017981163,181,1,181,181,1,181
afcccd0291bf1d4792ee,23,multiplexer,0.99,128,1,2305,1.0,1.0,0.0,0.8881,0.1119,0.9995,0.6296,0.1119,0.8881,0.13002206374346512,-0.8699327920795841,64,1,64,,0,4096
aff872bae15a1305dc67,101,majority,0.75,32,1,577,1.0,1.0,0.0,1.0,0.0,1.0,0.6922,0.0,1.0,1.7334536137711264e-05,-0.999961542020863,45,1,45,91,1,91
b00ea86eec63040f3ac5,71,parity,0.75,128,2,18817,1.0,1.0,0.0,1.0,0.0,1.0,0.5035,0.0,1.0,5.9390492627410365e-06,-0.999989524507782,16,1,16,256,1,256
b059df2f8cef140f66bf,67,majority,0.75,16,1,289,1.0,1.0,0.0,1.0,0.0,1.0,0.689,0.0,1.0,2.5832959292921343e-05,-0.9999348140781718,45,1,45,91,1,91
b0d1484c475f4f23a247,101,parity,0.9,64,1,1153,1.0,1.0,0.0,1.0,0.0,1.0,0.514,0.0,1.0,0.0019296295446966348,-0.9976926976142999,91,1,91,1448,1,1448
b0d72ee38c626af1be93,53,majority,0.99,32,2,1633,1.0,1.0,0.0,1.0,0.0,1.0,0.6929,0.0,1.0,0.00026899966263005723,-0.9997301541234102,11,1,11,256,1,256
b11135a4d04c4908b3f4,97,conjunction,0.75,64,1,1153,1.0,1.0,0.0,1.0,0.0,1.0,0.7657,0.0,1.0,1.8904705454109538e-05,-0.9999371627366319,45,1,45,64,1,64
b12379dbff4b04738da1,11,majority,0.75,64,1,1153,1.0,1.0,0.0,1.0,0.0,1.0,0.6919,0.0,1.0,9.164945480419196e-06,-0.9999792510876095,16,1,16,45,1,45
b142e02c5b0e71803a86,67,multiplexer,0.75,8,1,145,1.0,1.0,0.0,1.0,0.0,1.0,0.6249,0.0,1.0,0.00036409219029927736,-0.9991735037419401,362,1,362,512,1,512
b14c9b4ef87bca4fc34f,67,multiplexer,0.75,8,2,217,1.0,1.0,0.0,1.0,0.0,1.0,0.6249,0.0,1.0,1.6943344876167853e-05,-0.9999640510217074,181,1,181,256,1,256
b15e203317c979625c84,71,multiplexer,0.75,8,1,145,1.0,1.0,0.0,1.0,0.0,1.0,0.628,0.0,1.0,0.0005095547919578806,-0.9988533947544129,256,1,256,512,1,512
b21998b6eed7a618da44,67,parity,0.99,128,2,18817,1.0,1.0,0.0,0.1314,0.8686,0.9915,0.5075,0.8686,0.1314,0.8593934130482623,-0.14044591036857185,32,1,32,,0,4096
b280ffb5b4f158ccd34b,83,parity,0.75,32,2,1633,1.0,1.0,0.0,1.0,0.0,1.0,0.5086,0.0,1.0,2.8455379844312834e-05,-0.9999474876682256,91,1,91,362,1,362
b2faed5f4f31cdc39282,41,multiplexer,0.99,32,2,1633,1.0,1.0,0.0,0.8731,0.1269,0.999,0.631,0.1269,0.8731,0.1325468063230372,-0.8674471696135111,64,1,64,,0,4096
b339c19d264868b03f77,101,conjunction,0.9,64,2,5313,1.0,1.0,0.0,1.0,0.0,1.0,0.7635,0.0,1.0,1.146770082403904e-05,-0.999986031974991,16,1,16,32,1,32
b33eec74bd18a46973b8,11,parity,0.99,64,2,5313,1.0,1.0,0.0,0.1133,0.8867,0.991,0.5078,0.8867,0.1133,0.8815168825677434,-0.11827468387512848,64,1,64,,0,4096
b36585509ab14317423d,53,majority,0.75,32,1,577,1.0,1.0,0.0,1.0,0.0,1.0,0.6929,0.0,1.0,1.479555760501302e-05,-0.9999673694644619,45,1,45,91,1,91
b366b0493295ed6f3109,37,majority,0.9,8,2,217,1.0,1.0,0.0,1.0,0.0,1.0,0.6962,0.0,1.0,8.590094397676295e-06,-0.9923888526417268,91,1,91,181,1,181
b3c20613a61e08e083e2,41,multiplexer,0.99,64,2,5313,1.0,1.0,0.0,0.8364,0.1636,0.9985,0.631,0.1636,0.8364,0.1683063992032588,-0.8316894476241001,45,1,45,,0,4096
b3c4319600eb4eb19931,83,majority,0.75,128,1,2305,1.0,1.0,0.0,1.0,0.0,1.0,0.691,0.0,1.0,4.932451466149435e-06,-0.9999896120588463,11,1,11,45,1,45
b40ae26c2225247742c1,11,majority,0.9,8,1,145,1.0,1.0,0.0,1.0,0.0,1.0,0.6919,0.0,1.0,0.00016002167750211985,-0.9997803933127729,64,1,64,181,1,181
b471d7fa9ff86dc2dab0,71,majority,0.75,16,2,561,1.0,1.0,0.0,1.0,0.0,1.0,0.6947,0.0,1.0,2.3140293695712466e-06,-0.9999949117826136,64,1,64,64,1,64
b4767d8fee2c90494713,41,conjunction,0.75,16,2,561,1.0,1.0,0.0,1.0,0.0,1.0,0.7635,0.0,1.0,3.5305737497124734e-06,-0.9999826935602385,32,1,32,64,1,64
b4800db242342409bb1c,83,conjunction,0.99,32,1,577,1.0,1.0,0.0,0.9546,0.0454,0.9995,0.7633,0.0454,0.9546,0.04211946708955435,-0.957818274618209,91,1,91,512,1,512
b4a8399d6823dfa71037,67,conjunction,0.99,32,1,577,1.0,1.0,0.0,0.9994,0.0006,1.0,0.7626,0.0006,0.9994,0.008929742289639244,-0.9909316414306916,6,1,6,512,1,512
b6014d049a996af5fa77,53,conjunction,0.9,32,1,577,1.0,1.0,0.0,1.0,0.0,1.0,0.7638,0.0,1.0,0.00011443484452935476,-0.9998111427895877,64,1,64,128,1,128
b6067df5ec892ccfc1e2,11,conjunction,0.75,16,1,289,1.0,1.0,0.0,1.0,0.0,1.0,0.7669,0.0,1.0,4.4162997499203674e-05,-0.9998179190048462,181,1,181,91,1,91
b62f7429c3b3b1ee1b4e,11,conjunction,0.99,128,1,2305,1.0,1.0,0.0,0.934,0.066,1.0,0.7669,0.066,0.934,0.05828521311069501,-0.9416844167731618,45,1,45,181,1,181
b650186516dade78455e,97,majority,0.75,8,1,145,1.0,1.0,0.0,1.0,0.0,1.0,0.6936,0.0,1.0,5.2167817029317564e-05,-0.9998835089796768,64,1,64,128,1,128
b69eee7dc714588740ca,53,multiplexer,0.9,16,1,289,1.0,1.0,0.0,1.0,0.0,1.0,0.6301,0.0,1.0,0.001067993493338119,-0.9986570921067183,181,1,181,724,1,724
b6da73d128a823901a70,23,multiplexer,0.75,8,2,217,1.0,1.0,0.0,1.0,0.0,1.0,0.6296,0.0,1.0,1.3927430965930498e-05,-0.9999739402440533,181,1,181,256,1,256
b75184f23422a42fd1fa,83,parity,0.99,16,1,289,1.0,1.0,0.0,0.0062,0.9938,0.9905,0.5086,0.9938,0.0062,0.938351440636068,-0.044463584754798925,512,1,512,,0,4096
b75bf7c34f32e264551d,67,majority,0.9,8,1,145,1.0,1.0,0.0,1.0,0.0,1.0,0.689,0.0,1.0,0.0001933138348561472,-0.9997404129187205,91,1,91,181,1,181
b7bf4266b067431fcb20,101,multiplexer,0.9,64,1,1153,1.0,1.0,0.0,1.0,0.0,1.0,0.6318,0.0,1.0,0.00022683261428630108,-0.9997210351992825,91,1,91,362,1,362
b87f7fb959fa6e9b59e5,11,majority,0.75,128,2,18817,1.0,1.0,0.0,1.0,0.0,1.0,0.6919,0.0,1.0,5.201223623969575e-08,-0.9999998438426819,4,1,4,23,1,23
b8988aef25db218e30e2,11,conjunction,0.75,16,2,561,1.0,1.0,0.0,1.0,0.0,1.0,0.7669,0.0,1.0,3.6969538435251192e-06,-0.9999877992005695,32,1,32,64,1,64
b8f99e8bbc2cf3777494,41,conjunction,0.9,8,2,217,1.0,1.0,0.0,1.0,0.0,1.0,0.7635,0.0,1.0,3.076810582571086e-05,-0.9999392792731205,23,1,23,128,1,128
b8fc6442c81952372da3,101,parity,0.99,16,2,561,1.0,1.0,0.0,0.2918,0.7082,0.99425,0.514,0.7082,0.2918,0.6873597673337416,-0.3071663956544919,181,1,181,,0,4096
b8fe79c49962c4605c9f,41,parity,0.75,16,1,289,1.0,1.0,0.0,1.0,0.0,1.0,0.5018,0.0,1.0,0.0034912149770218092,-0.9932016944080988,256,1,256,2048,1,2048
b948ebd980cf09f45a1d,11,multiplexer,0.99,128,1,2305,1.0,1.0,0.0,0.9476,0.0524,0.99925,0.6249,0.0524,0.9476,0.07825232859058372,-0.9217143702311973,64,1,64,2896,1,2896
b9a0b872250ccc1426f2,67,multiplexer,0.99,32,1,577,1.0,1.0,0.0,0.9593,0.0407,0.999,0.6249,0.0407,0.9593,0.06896613264571791,-0.9308793190250443,128,1,128,2896,1,2896
b9d3ba81c9b9923f6b08,41,majority,0.75,8,1,145,1.0,1.0,0.0,1.0,0.0,1.0,0.6949,0.0,1.0,5.043547769379964e-05,-0.9998836443178465,91,1,91,128,1,128
ba90662aed42e9e49a45,23,majority,0.75,128,2,18817,1.0,1.0,0.0,1.0,0.0,1.0,0.6909,0.0,1.0,3.6575296830420047e-07,-0.9999992360567108,1,1,1,23,1,23
baaac6bc35e39ae53d7a,83,parity,0.75,32,1,577,1.0,1.0,0.0,1.0,0.0,1.0,0.5086,0.0,1.0,0.0005830306155884197,-0.9988185511261374,181,1,181,1024,1,1024
babbfe8c132845f4bc33,11,multiplexer,0.9,128,2,18817,1.0,1.0,0.0,1.0,0.0,1.0,0.6249,0.0,1.0,1.741745972784411e-05,-0.9999812475825078,23,1,23,128,1,128
bafc7a0695c9bde57c65,67,multiplexer,0.99,8,1,145,1.0,1.0,0.0,0.8549,0.1451,0.99675,0.6249,0.1451,0.8549,0.17399870955604338,-0.8243246437011589,362,1,362,,0,4096
bb1cc1fa384920d8b6e1,41,multiplexer,0.99,32,1,577,1.0,1.0,0.0,0.9823,0.0177,0.9995,0.631,0.0177,0.9823,0.055501833028267424,-0.9443836263000256,128,1,128,2896,1,2896
bb906c0cd4b8344e555a,97,parity,0.9,32,1,577,1.0,1.0,0.0,1.0,0.0,1.0,0.5049,0.0,1.0,0.005225679978905131,-0.9937454514280698,181,1,181,2048,1,2048
bbd442adfb7f7d8ebdd2,53,parity,0.99,64,1,1153,1.0,1.0,0.0,0.1253,0.8747,0.99125,0.506,0.8747,0.1253,0.8264322344941138,-0.16762373677363843,64,1,64,,0,4096
bc028e9d3d5416ee364a,83,majority,0.9,16,2,561,1.0,1.0,0.0,1.0,0.0,1.0,0.691,0.0,1.0,1.0562187872189554e-05,-0.9999872423292269,32,1,32,91,1,91
bcd4ec74e2446b2ab50e,71,multiplexer,0.9,16,1,289,1.0,1.0,0.0,1.0,0.0,1.0,0.628,0.0,1.0,0.0008004504143097335,-0.9990198325115299,181,1,181,724,1,724
bce3ea0196e9dd8a0707,83,parity,0.9,64,1,1153,1.0,1.0,0.0,1.0,0.0,1.0,0.5086,0.0,1.0,0.0013511209706109704,-0.9983544085348977,128,1,128,1024,1,1024
bd20c75bb6f62e12625d,41,majority,0.75,8,2,217,1.0,1.0,0.0,1.0,0.0,1.0,0.6949,0.0,1.0,3.1304580639407554e-06,-0.9999912869807025,64,1,64,91,1,91
bd27ff0133c7781febae,37,multiplexer,0.75,32,2,1633,1.0,1.0,0.0,1.0,0.0,1.0,0.6299,0.0,1.0,4.724283598896994e-06,-0.9999908150517894,64,1,64,91,1,91
bd2f87fb8a3f881a9353,23,conjunction,0.99,64,1,1153,1.0,1.0,0.0,1.0,0.0,1.0,0.7588,0.0,1.0,0.0037996490862914982,-0.9961586787810529,64,1,64,64,1,64
be35fabc9429c7c9791f,53,majority,0.75,8,2,217,1.0,1.0,0.0,1.0,0.0,1.0,0.6929,0.0,1.0,5.220826337542672e-06,-0.999986967082898,91,1,91,128,1,128
be47c38afe0308f6a64f,41,multiplexer,0.99,8,1,145,1.0,1.0,0.0,0.863,0.137,0.99925,0.631,0.137,0.863,0.17610461326341567,-0.8227594518705771,512,1,512,,0,4096
bec27071973267b5884b,67,parity,0.9,32,1,577,1.0,1.0,0.0,1.0,0.0,1.0,0.5075,0.0,1.0,0.004355788781840336,-0.9947312262058277,256,1,256,2048,1,2048
becaa8df488917ac8264,11,majority,0.99,16,2,561,1.0,1.0,0.0,1.0,0.0,1.0,0.6919,0.0,1.0,0.00020920601480139167,-0.9997871866999886,45,1,45,256,1,256
bee57bb7f6ec617c80cb,23,parity,0.75,64,2,5313,1.0,1.0,0.0,1.0,0.0,1.0,0.508,0.0,1.0,1.0888568507825814e-05,-0.9999795325052253,45,1,45,256,1,256
bf4042f2bbd6cd56250a,71,majority,0.9,64,1,1153,1.0,1.0,0.0,1.0,0.0,1.0,0.6947,0.0,1.0,3.1579799804219954e-05,-0.9999590794084152,16,1,16,91,1,91
bf44f9ebf6347f06b760,23,parity,0.9,16,2,561,1.0,1.0,0.0,1.0,0.0,1.0,0.508,0.0,1.0,0.0003823669254764503,-0.999516345844788,181,1,181,1448,1,1448
bf7b0a1f8026e7293c88,23,majority,0.9,8,2,217,1.0,1.0,0.0,1.0,0.0,1.0,0.6909,0.0,1.0,1.5867298927384276e-05,-0.9999773338157997,64,1,64,128,1,128
bf98aaa7422b22cf88e2,23,conjunction,0.99,128,1,2305,1.0,1.0,0.0,1.0,0.0,1.0,0.7588,0.0,1.0,0.0034466753280344635,-0.9965257853191841,32,1,32,256,1,256
bf9fe5b7139306136d9f,11,multiplexer,0.75,128,2,18817,1.0,1.0,0.0,1.0,0.0,1.0,0.6249,0.0,1.0,2.3750846722895068e-06,-0.9999960907637724,23,1,23,64,1,64
bfd0984e00b5eae203fb,11,majority,0.99,16,1,289,1.0,1.0,0.0,1.0,0.0,1.0,0.6919,0.0,1.0,0.0007392787986410747,-0.9992448279564858,64,1,64,512,1,512
bfeb5a4b4fc44e54711a,71,conjunction,0.9,64,2,5313,1.0,1.0,0.0,1.0,0.0,1.0,0.7605,0.0,1.0,2.3669148228269733e-05,-0.9999746002311993,2,1,2,23,1,23
c02bb118cd022dc7a1c9,37,parity,0.99,16,1,289,1.0,1.0,0.0,0.0,1.0,0.99,0.5048,1.0,0.0,0.9786611532286402,-0.0015289366292619707,181,1,181,,0,4096
c04b6ea818e1099d464f,23,majority,0.99,32,1,577,1.0,1.0,0.0,1.0,0.0,1.0,0.6909,0.0,1.0,0.0006800266840192098,-0.9993069434736662,16,1,16,362,1,362
c09669361a586b286cc7,37,parity,0.9,64,1,1153,1.0,1.0,0.0,1.0,0.0,1.0,0.5048,0.0,1.0,0.0032292476908801276,-0.9961159152268348,128,1,128,2048,1,2048
c0b4f16577bd8528ee3d,37,multiplexer,0.99,64,2,5313,1.0,1.0,0.0,0.8617,0.1383,0.998,0.6299,0.1383,0.8617,0.14480929282787997,-0.8551883853762252,45,1,45,,0,4096
c0c2b6f18b6d3a0ecd83,101,conjunction,0.99,16,1,289,1.0,1.0,0.0,0.9922,0.0078,1.0,0.7635,0.0078,0.9922,0.01496841931892115,-0.9848911960792673,91,1,91,512,1,512
c0c7ed5846261f481097,71,majority,0.99,16,1,289,1.0,1.0,0.0,1.0,0.0,1.0,0.6947,0.0,1.0,0.0019532169841234583,-0.9980086946534898,64,1,64,724,1,724
c0dd73ab8fa621c0aa03,53,parity,0.75,8,1,145,1.0,0.968,-0.03200000000000003,0.808,0.192,0.959,0.506,0.1919,0.8081,0.14445612885349968,-0.7201139472690407,,0,4096,,0,4096
c0e772a9e5a21cfa0968,67,multiplexer,0.75,16,2,561,1.0,1.0,0.0,1.0,0.0,1.0,0.6249,0.0,1.0,1.1481104855633884e-05,-0.9999782923662922,91,1,91,181,1,181
c10bbe3048520256344a,37,parity,0.99,16,2,561,1.0,1.0,0.0,0.0055,0.9945,0.98975,0.5048,0.9943,0.0054,0.9648030403304109,-0.021555224513067548,128,1,128,,0,4096
c11ac270ea8fb5296e76,83,parity,0.75,128,2,18817,1.0,1.0,0.0,1.0,0.0,1.0,0.5086,0.0,1.0,5.721803771613099e-06,-0.9999895270384134,32,1,32,181,1,181
c158ceef4462d927418c,11,majority,0.75,8,2,217,1.0,1.0,0.0,1.0,0.0,1.0,0.6919,0.0,1.0,4.274356185357042e-06,-0.9999884714786791,91,1,91,128,1,128
c1c7def11827015e0318,53,multiplexer,0.9,8,1,145,1.0,1.0,0.0,1.0,0.0,1.0,0.6301,0.0,1.0,0.0013358968421516022,-0.9983453001965535,362,1,362,1024,1,1024
c2199a00cc4c1ef0863e,83,multiplexer,0.9,16,1,289,1.0,1.0,0.0,1.0,0.0,1.0,0.6269,0.0,1.0,0.0006705884308777405,-0.9991687078386842,181,1,181,512,1,512
c2ab177cbb7f0910273a,97,multiplexer,0.9,128,1,2305,1.0,1.0,0.0,1.0,0.0,1.0,0.6239,0.0,1.0,0.00014869824492719916,-0.9998230282144875,64,1,64,256,1,256
c2b77aecc709a4a67320,37,parity,0.75,16,2,561,1.0,1.0,0.0,1.0,0.0,1.0,0.5048,0.0,1.0,4.782195405728594e-05,-0.9998937509647854,128,1,128,512,1,512
c2eab3ff1fee8a0c5b37,101,parity,0.75,128,1,2305,1.0,1.0,0.0,1.0,0.0,1.0,0.514,0.0,1.0,0.00017808860270720927,-0.9996627039756973,45,1,45,362,1,362
c3042b9c402cabb7f63c,41,parity,0.75,64,2,5313,1.0,1.0,0.0,1.0,0.0,1.0,0.5018,0.0,1.0,1.4606555866961546e-05,-0.9999724970411685,45,1,45,362,1,362
c32d034a5cb0f220f511,37,multiplexer,0.75,64,2,5313,1.0,1.0,0.0,1.0,0.0,1.0,0.6299,0.0,1.0,9.446019947382478e-07,-0.9999982249079774,45,1,45,91,1,91
c34bca254edb7baa53cc,37,majority,0.75,128,2,18817,1.0,1.0,0.0,1.0,0.0,1.0,0.6962,0.0,1.0,4.5265297940640935e-07,-0.9999990952345401,3,1,3,23,1,23
c366490716c5a05757ec,83,multiplexer,0.75,8,1,145,1.0,1.0,0.0,1.0,0.0,1.0,0.6269,0.0,1.0,0.0003488144001468284,-0.999199844238356,256,1,256,512,1,512
c384d534cb9a6b6e3c6e,97,conjunction,0.75,16,2,561,1.0,1.0,0.0,1.0,0.0,1.0,0.7657,0.0,1.0,3.3264643743350142e-06,-0.9999882450494766,45,1,45,64,1,64
c3d1b740974fc59df129,101,multiplexer,0.99,64,1,1153,1.0,1.0,0.0,0.9348,0.0652,0.9995,0.6318,0.0652,0.9348,0.08604807555167177,-0.9138780551571916,91,1,91,2896,1,2896
c46326b6d0ca224891f1,101,multiplexer,0.9,8,2,217,1.0,1.0,0.0,1.0,0.0,1.0,0.6318,0.0,1.0,0.0002635749577186937,-0.999672248220264,181,1,181,512,1,512
c465c32861ad59df4644,53,majority,0.99,8,2,217,1.0,1.0,0.0,1.0,0.0,1.0,0.6929,0.0,1.0,0.0002421736852074355,-0.9997513420744015,91,1,91,362,1,362
c48dc7d190281b2ad2a0,101,majority,0.99,8,1,145,1.0,1.0,0.0,1.0,0.0,1.0,0.6922,0.0,1.0,0.0026874454333933647,-0.9972569044155709,91,1,91,724,1,724
c4e6473373411236643a,37,majority,0.75,32,1,577,1.0,1.0,0.0,1.0,0.0,1.0,0.6962,0.0,1.0,1.2481559049223079e-05,-0.9999717351213004,32,1,32,32,1,32
c518e396fa2e60515fc1,37,multiplexer,0.9,16,2,561,1.0,1.0,0.0,1.0,0.0,1.0,0.6299,0.0,1.0,4.172824865094126e-05,-0.9999485651697316,91,1,91,256,1,256
c5bd685ee4949583eba5,53,multiplexer,0.99,128,1,2305,1.0,1.0,0.0,0.952,0.048,0.999,0.6301,0.048,0.952,0.07273017992461557,-0.9272304496973662,64,1,64,2896,1,2896
c5c9e3cec3bc2155eca5,23,conjunction,0.9,16,1,289,1.0,1.0,0.0,1.0,0.0,1.0,0.7588,0.0,1.0,0.0001537781472013751,-0.9997690270999454,128,1,128,181,1,181
c67252b92f4a41d19083,71,majority,0.75,8,2,217,1.0,1.0,0.0,1.0,0.0,1.0,0.6947,0.0,1.0,3.985885897248376e-06,-0.9999882630135507,45,1,45,91,1,91
c6bb0979e0767efa70d2,101,parity,0.99,8,1,145,1.0,0.966,-0.03400000000000003,0.0,1.0,0.99,0.514,1.0,0.0,0.9799816066829767,-0.00014871288943090039,724,1,724,,0,4096
c6d8f873a4bad670f0b0,83,multiplexer,0.9,64,1,1153,1.0,1.0,0.0,1.0,0.0,1.0,0.6269,0.0,1.0,0.00023331942759945062,-0.9997161585208778,91,1,91,362,1,362
c6fe38862d752f1e8334,101,majority,0.9,8,1,145,1.0,1.0,0.0,1.0,0.0,1.0,0.6922,0.0,1.0,0.0001937358747126591,-0.9997512167429621,91,1,91,256,1,256
c702ca5d1048550be3bf,71,multiplexer,0.75,128,2,18817,1.0,1.0,0.0,1.0,0.0,1.0,0.628,0.0,1.0,2.2772858158951026e-06,-0.9999958662098468,23,1,23,64,1,64
c70e1e76eb1812ce16f0,23,majority,0.99,16,2,561,1.0,1.0,0.0,1.0,0.0,1.0,0.6909,0.0,1.0,0.0002971566087222201,-0.9997011915692816,64,1,64,256,1,256
c71065257db6360a2a12,83,parity,0.99,16,2,561,1.0,1.0,0.0,0.0067,0.9933,0.9895,0.5086,0.9923,0.0077,0.9690803987612627,-0.014977521510789404,181,1,181,,0,4096
c74c84a8958a475b0684,41,majority,0.99,32,1,577,1.0,1.0,0.0,1.0,0.0,1.0,0.6949,0.0,1.0,0.0011138660160492026,-0.9988716247302247,45,1,45,512,1,512
c77f595f002488d6329f,37,parity,0.75,16,1,289,1.0,1.0,0.0,1.0,0.0,1.0,0.5048,0.0,1.0,0.0031064675796367703,-0.9924934384056778,181,1,181,2048,1,2048
c7e24f077e802d1cb3bd,23,multiplexer,0.99,8,2,217,1.0,1.0,0.0,0.8779,0.1221,0.9985,0.6296,0.1221,0.8779,0.13483689445164335,-0.8650635767250382,181,1,181,,0,4096
c7f5e417f94d9f94fcdb,101,conjunction,0.9,8,2,217,1.0,1.0,0.0,1.0,0.0,1.0,0.7635,0.0,1.0,4.555236586618747e-05,-0.9999430326654508,91,1,91,181,1,181
c8182a90fa1119692dd6,37,conjunction,0.9,128,1,2305,1.0,1.0,0.0,1.0,0.0,1.0,0.7629,0.0,1.0,4.166475101406279e-05,-0.9999421255453516,3,1,3,45,1,45
c8564f9a58a36f069220,41,multiplexer,0.75,32,1,577,1.0,1.0,0.0,1.0,0.0,1.0,0.631,0.0,1.0,0.00012086761653718697,-0.9997634825632129,128,1,128,362,1,362
c8b2f56cae8dd35fa560,67,multiplexer,0.99,128,2,18817,1.0,1.0,0.0,0.874,0.126,0.99775,0.6249,0.126,0.874,0.1324464636939239,-0.8675517614836395,23,1,23,,0,4096
c8e9e5a1b85b1d38c5e9,53,multiplexer,0.99,64,2,5313,1.0,1.0,0.0,0.8342,0.1658,0.9975,0.6301,0.1658,0.8342,0.17326554532764898,-0.826728804753461,45,1,45,,0,4096
c90acc25395aab21971d,67,majority,0.75,128,1,2305,1.0,1.0,0.0,1.0,0.0,1.0,0.689,0.0,1.0,5.5539171948845165e-06,-0.9999877897432008,6,1,6,45,1,45
c91395046a7d70cbc59d,97,multiplexer,0.99,32,2,1633,1.0,1.0,0.0,0.8224,0.1776,0.99875,0.6239,0.1776,0.8224,0.18424357406248906,-0.8157465907153687,64,1,64,,0,4096
c91701a50341495b441c,23,multiplexer,0.75,32,2,1633,1.0,1.0,0.0,1.0,0.0,1.0,0.6296,0.0,1.0,5.0886933972395856e-06,-0.9999905714190952,64,1,64,128,1,128
c926757e58c897c380cc,41,multiplexer,0.75,64,2,5313,1.0,1.0,0.0,1.0,0.0,1.0,0.631,0.0,1.0,4.2617941895536915e-06,-0.9999927246704101,45,1,45,91,1,91
c98b5084e820f568abf0,53,multiplexer,0.75,128,2,18817,1.0,1.0,0.0,1.0,0.0,1.0,0.6301,0.0,1.0,2.129987011234291e-06,-0.9999958850106293,23,1,23,64,1,64
c99353f51b161d5f8adb,23,multiplexer,0.99,8,1,145,1.0,1.0,0.0,0.7635,0.2365,0.998,0.6296,0.2365,0.7635,0.2509149136956128,-0.7466518506321145,362,1,362,,0,4096
ca004559f53745cf7fb8,11,conjunction,0.99,16,1,289,1.0,1.0,0.0,0.932,0.068,1.0,0.7669,0.068,0.932,0.06658819734548818,-0.9332427593844798,181,1,181,512,1,512
ca1eb3746c7ba97b6b10,53,majority,0.99,128,2,18817,1.0,1.0,0.0,1.0,0.0,1.0,0.6929,0.0,1.0,0.0005354446353746329,-0.9994641999268413,11,1,11,128,1,128
ca3cba358087fcf01b82,41,parity,0.9,16,2,561,1.0,1.0,0.0,1.0,0.0,1.0,0.5018,0.0,1.0,0.0006003266723925418,-0.9992906302074047,181,1,181,1448,1,1448
ca788f03f16dcbe62729,23,majority,0.99,8,1,145,1.0,1.0,0.0,1.0,0.0,1.0,0.6909,0.0,1.0,0.002472611627817304,-0.9974800283670864,64,1,64,724,1,724
ca8aaa3a72db801c506b,37,multiplexer,0.99,16,2,561,1.0,1.0,0.0,0.8927,0.1073,0.99875,0.6299,0.1073,0.8927,0.11864519523042207,-0.8813428653202187,91,1,91,,0,4096
ca941dd50d99a68d9cc4,97,multiplexer,0.99,16,2,561,1.0,1.0,0.0,0.9108,0.0892,0.99925,0.6239,0.0892,0.9108,0.09612229405532073,-0.9038623506601258,128,1,128,,0,4096
cb0397389640c17727ef,23,parity,0.75,128,2,18817,1.0,1.0,0.0,1.0,0.0,1.0,0.508,0.0,1.0,6.797501663297378e-06,-0.9999873175075058,23,1,23,256,1,256
cb3e2024b48102bb18cd,67,multiplexer,0.75,16,1,289,1.0,1.0,0.0,1.0,0.0,1.0,0.6249,0.0,1.0,0.0001832764730304868,-0.9996184110094624,181,1,181,362,1,362
cb9bdfe0dde32fa30835,37,multiplexer,0.9,128,1,2305,1.0,1.0,0.0,1.0,0.0,1.0,0.6299,0.0,1.0,0.000131126732601711,-0.9998409995082831,64,1,64,362,1,362
cc36dd768863a0b8688a,101,conjunction,0.99,64,2,5313,1.0,1.0,0.0,0.9963,0.0037,1.0,0.7635,0.0037,0.9963,0.009072562228285048,-0.9909241120143808,16,1,16,181,1,181
cc6a35280f69e4eecc44,101,multiplexer,0.75,32,2,1633,1.0,1.0,0.0,1.0,0.0,1.0,0.6318,0.0,1.0,6.238650092765164e-06,-0.9999880945731485,64,1,64,128,1,128
cc82afd39cf6584bf31d,97,conjunction,0.99,16,2,561,1.0,1.0,0.0,0.999,0.001,1.0,0.7657,0.001,0.999,0.003764896137196861,-0.9962242927942905,45,1,45,362,1,362
cc998b022e996a0cefb5,67,multiplexer,0.9,16,2,561,1.0,1.0,0.0,1.0,0.0,1.0,0.6249,0.0,1.0,3.8901110403480865e-05,-0.9999532386954492,91,1,91,362,1,362
cc9a8957c6287f608c05,11,conjunction,0.9,64,1,1153,1.0,1.0,0.0,1.0,0.0,1.0,0.7669,0.0,1.0,6.986991586939731e-05,-0.9998902787411859,64,1,64,64,1,64
cd390d33e99b8064243d,83,conjunction,0.99,128,2,18817,1.0,1.0,0.0,0.9676,0.0324,0.9995,0.7633,0.0324,0.9676,0.03357534491301758,-0.966422841988835,11,1,11,91,1,91
cd7b76f17c6adc14f493,41,parity,0.75,32,1,577,1.0,1.0,0.0,1.0,0.0,1.0,0.5018,0.0,1.0,0.0008988105926964685,-0.9982145145634064,181,1,181,1448,1,1448
cdb222a242f0d0d48413,41,majority,0.9,128,2,18817,1.0,1.0,0.0,1.0,0.0,1.0,0.6949,0.0,1.0,1.4987292460382996e-06,-0.9999980880318635,3,1,3,32,1,32
cde1bcefde8e4213c3b8,11,multiplexer,0.75,32,1,577,1.0,1.0,0.0,1.0,0.0,1.0,0.6249,0.0,1.0,9.74148313058985e-05,-0.9998010331977619,128,1,128,256,1,256
ce075e2f06e916f55597,83,conjunction,0.9,32,1,577,1.0,1.0,0.0,1.0,0.0,1.0,0.7633,0.0,1.0,0.00016486356220869823,-0.9997593115562072,91,1,91,91,1,91
ce2e6e7a4ddf2264a224,71,multiplexer,0.9,128,2,18817,1.0,1.0,0.0,1.0,0.0,1.0,0.628,0.0,1.0,1.6677443826568318e-05,-0.9999817112618741,23,1,23,128,1,128
ce956f7d7c2e47eee8f8,41,majority,0.9,128,1,2305,1.0,1.0,0.0,1.0,0.0,1.0,0.6949,0.0,1.0,1.570104671970237e-05,-0.9999798620398868,6,1,6,64,1,64
ceb01bb044ed14ad6406,71,multiplexer,0.9,64,1,1153,1.0,1.0,0.0,1.0,0.0,1.0,0.628,0.0,1.0,0.00023349231308056692,-0.9997157119404001,91,1,91,362,1,362
ceb2c11f342d809350e8,67,parity,0.99,32,1,577,1.0,1.0,0.0,0.0002,0.9998,0.99,0.5075,0.9998,0.0002,0.9751867154828752,-0.0072640305397166545,256,1,256,,0,4096
ceb8a08dd62b1045bca2,67,multiplexer,0.9,64,1,1153,1.0,1.0,0.0,1.0,0.0,1.0,0.6249,0.0,1.0,0.00019815839425838788,-0.999756844643414,91,1,91,362,1,362
cedeeb1ddf43d1682e23,37,parity,0.99,64,2,5313,1.0,1.0,0.0,0.0693,0.9307,0.98975,0.5048,0.9307,0.0691,0.927183449740062,-0.07167041099703868,45,1,45,,0,4096
ceeb9fbadcb39ac4df42,101,multiplexer,0.99,32,2,1633,1.0,1.0,0.0,0.8566,0.1434,0.99875,0.6318,0.1434,0.8566,0.15128016469241806,-0.8487086690779321,64,1,64,,0,4096
cf54f680f0b683ebf2fd,37,majority,0.9,32,1,577,1.0,1.0,0.0,1.0,0.0,1.0,0.6962,0.0,1.0,4.7320047990495015e-05,-0.9999386206379677,32,1,32,91,1,91
cf62a736cedb8e155af0,67,majority,0.75,16,2,561,1.0,1.0,0.0,1.0,0.0,1.0,0.689,0.0,1.0,1.8447735918770913e-06,-0.9999957366007971,64,1,64,91,1,91
cf7c6fc403d36637114d,67,multiplexer,0.9,8,1,145,1.0,1.0,0.0,1.0,0.0,1.0,0.6249,0.0,1.0,0.0026990715643235197,-0.9966882784144283,362,1,362,1448,1,1448
cfb453b2c56f3568cbec,23,conjunction,0.9,16,2,561,1.0,1.0,0.0,1.0,0.0,1.0,0.7588,0.0,1.0,1.539884317934025e-05,-0.9999767641168481,91,1,91,91,1,91
cfbc5bd547a9eae135d0,23,conjunction,0.9,128,1,2305,1.0,1.0,0.0,1.0,0.0,1.0,0.7588,0.0,1.0,4.2483895450933386e-05,-0.9999386330486777,32,1,32,45,1,45
cfbe8d3adeb7d67cb215,67,parity,0.9,128,1,2305,1.0,1.0,0.0,1.0,0.0,1.0,0.5075,0.0,1.0,0.0007855244716317026,-0.9990579638312891,64,1,64,1024,1,1024
cfe72ac86509b72b8a73,67,conjunction,0.9,128,1,2305,1.0,1.0,0.0,1.0,0.0,1.0,0.7626,0.0,1.0,4.665449108046123e-05,-0.9999299890625821,45,1,45,45,1,45
cfe81df412cba8e1558f,23,majority,0.75,16,2,561,1.0,1.0,0.0,1.0,0.0,1.0,0.6909,0.0,1.0,2.365862871364377e-06,-0.9999947415169358,64,1,64,91,1,91
d03f4752d8ece19cb461,83,parity,0.75,64,2,5313,1.0,1.0,0.0,1.0,0.0,1.0,0.5086,0.0,1.0,8.84716396427302e-06,-0.9999829110928484,45,1,45,256,1,256
d0826bfbdf78aa5fca1f,71,conjunction,0.75,128,2,18817,1.0,1.0,0.0,1.0,0.0,1.0,0.7605,0.0,1.0,2.5780847488739986e-07,-0.9999993975917211,11,1,11,8,1,8
d08a99c4ce48a2751606,11,multiplexer,0.9,32,1,577,1.0,1.0,0.0,1.0,0.0,1.0,0.6249,0.0,1.0,0.0004490243915039783,-0.9994591456705065,128,1,128,512,1,512
d0c1e0007765f73d7cb3,71,conjunction,0.75,64,1,1153,1.0,1.0,0.0,1.0,0.0,1.0,0.7605,0.0,1.0,1.7722074872415306e-05,-0.999937279558911,2,1,2,45,1,45
d16f1ca54684c10c914f,11,conjunction,0.75,8,1,145,1.0,1.0,0.0,1.0,0.0,1.0,0.7669,0.0,1.0,9.055716769462848e-05,-0.9996623874429799,2,1,2,128,1,128
d1a9724c935b4372121a,97,majority,0.9,8,1,145,1.0,1.0,0.0,1.0,0.0,1.0,0.6936,0.0,1.0,0.00020409564137695733,-0.9997387161516336,64,1,64,256,1,256
d1b35ae84f01540e0595,53,multiplexer,0.9,32,2,1633,1.0,1.0,0.0,1.0,0.0,1.0,0.6301,0.0,1.0,2.2548842859497388e-05,-0.9999736650149124,64,1,64,256,1,256
d1d89285c3fc4320cb3a,23,parity,0.75,32,2,1633,1.0,1.0,0.0,1.0,0.0,1.0,0.508,0.0,1.0,2.400187204341494e-05,-0.9999516189390968,64,1,64,512,1,512
d1fcf3c41fa5fa82c76c,41,parity,0.9,16,1,289,1.0,1.0,0.0,0.9509,0.0491,0.99575,0.5018,0.0491,0.9509,0.12696510997717791,-0.8498263117754005,256,1,256,,0,4096
d2047f7d3b282bdbba18,37,conjunction,0.75,64,1,1153,1.0,1.0,0.0,1.0,0.0,1.0,0.7629,0.0,1.0,1.7033068424137187e-05,-0.9999441286459374,64,1,64,64,1,64
d20b3a4b14e078a893d8,71,majority,0.75,64,2,5313,1.0,1.0,0.0,1.0,0.0,1.0,0.6947,0.0,1.0,9.421754634889256e-07,-0.9999979809684113,6,1,6,32,1,32
d20ec1cb99a8acd05ee1,37,conjunction,0.75,8,1,145,1.0,1.0,0.0,1.0,0.0,1.0,0.7629,0.0,1.0,5.715747295502711e-05,-0.9998085093876913,11,1,11,181,1,181
d21402f6405fe638a98b,97,majority,0.99,8,2,217,1.0,1.0,0.0,1.0,0.0,1.0,0.6936,0.0,1.0,0.00021550943695369562,-0.9997789573368229,64,1,64,362,1,362
d236cc92dbbed27ae558,97,parity,0.99,128,1,2305,1.0,1.0,0.0,0.1067,0.8933,0.99125,0.5049,0.8933,0.1067,0.8548137265579276,-0.14266697932582878,45,1,45,,0,4096
d25dddab319aa43ac88f,83,majority,0.75,64,2,5313,1.0,1.0,0.0,1.0,0.0,1.0,0.691,0.0,1.0,4.3049207431902214e-07,-0.9999989786904336,16,1,16,32,1,32
d273ecaff9677da919aa,67,majority,0.75,64,1,1153,1.0,1.0,0.0,1.0,0.0,1.0,0.689,0.0,1.0,9.636733856292212e-06,-0.9999778172343556,11,1,11,64,1,64
d28a6d0e64cc5e5b5557,53,conjunction,0.9,64,1,1153,1.0,1.0,0.0,1.0,0.0,1.0,0.7638,0.0,1.0,7.640079855595383e-05,-0.999886677545919,64,1,64,91,1,91
d2cdf75832bfb9239d4c,101,parity,0.75,8,2,217,1.0,0.97275,-0.027249999999999996,1.0,0.0,1.0,0.514,0.0,1.0,0.00010866440586545058,-0.9997828290897444,512,1,512,512,1,512
d2dbc2752a4fb55926ba,53,majority,0.99,32,1,577,1.0,1.0,0.0,1.0,0.0,1.0,0.6929,0.0,1.0,0.0009134603071658948,-0.999071371411387,45,1,45,512,1,512
d33809cc6c3051d1f996,11,multiplexer,0.99,64,1,1153,1.0,1.0,0.0,0.9591,0.0409,0.9995,0.6249,0.0409,0.9591,0.07113705017273535,-0.9288022573758055,91,1,91,2896,1,2896
d3b839d919f4e46eff1c,41,conjunction,0.99,16,1,289,1.0,1.0,0.0,0.9948,0.0052,1.0,0.7635,0.0052,0.9948,0.0185990545040377,-0.9812751680772548,128,1,128,724,1,724
d3c6e2c7bc900f6c2dac,41,parity,0.99,8,2,217,1.0,1.0,0.0,0.0,1.0,0.99,0.5018,1.0,0.0,0.9827935883247426,-0.00011117601050868054,256,1,256,,0,4096
d3ea38daab210f81d435,97,conjunction,0.75,32,2,1633,1.0,1.0,0.0,1.0,0.0,1.0,0.7657,0.0,1.0,2.911609690339334e-06,-0.9999883057600361,45,1,45,45,1,45
d3eaaf72d04a87a94a74,37,majority,0.9,64,2,5313,1.0,1.0,0.0,1.0,0.0,1.0,0.6962,0.0,1.0,2.0878905861938633e-06,-0.9999972141189777,16,1,16,45,1,45
d3f1b7e329d8005f57e0,37,majority,0.9,16,1,289,1.0,1.0,0.0,1.0,0.0,1.0,0.6962,0.0,1.0,7.230621286855946e-05,-0.9999018763772733,45,1,45,181,1,181
d41e0f6af4e193f0daaf,97,multiplexer,0.9,8,1,145,1.0,1.0,0.0,1.0,0.0,1.0,0.6239,0.0,1.0,0.00302572197269114,-0.9962605414477465,362,1,362,1024,1,1024
d427ba94aba3b1fffdf3,11,conjunction,0.75,128,1,2305,1.0,1.0,0.0,1.0,0.0,1.0,0.7669,0.0,1.0,9.2834038661039e-06,-0.9999675373848448,45,1,45,32,1,32
d47e6cca423897c1fe08,67,conjunction,0.75,64,2,5313,1.0,1.0,0.0,1.0,0.0,1.0,0.7626,0.0,1.0,1.700887835664744e-06,-0.9999953510759205,2,1,2,32,1,32
d48eaf50bba54e4fbac2,67,majority,0.9,32,2,1633,1.0,1.0,0.0,1.0,0.0,1.0,0.689,0.0,1.0,3.1367009941089542e-06,-0.9999958433723063,32,1,32,64,1,64
d4e8c1ef899e5940e7ae,83,majority,0.75,128,2,18817,1.0,1.0,0.0,1.0,0.0,1.0,0.691,0.0,1.0,4.0420276456704097e-07,-0.9999990442428727,2,1,2,16,1,16
d4eccb81470bae942a30,67,multiplexer,0.9,16,1,289,1.0,1.0,0.0,1.0,0.0,1.0,0.6249,0.0,1.0,0.0008227461697907719,-0.998967737739758,181,1,181,724,1,724
d5145097172a96eec7d6,97,multiplexer,0.99,16,1,289,1.0,1.0,0.0,0.9621,0.0379,1.0,0.6239,0.0379,0.9621,0.08618607076836977,-0.9133552268434956,181,1,181,,0,4096
d537ff9928571670322c,67,conjunction,0.75,64,1,1153,1.0,1.0,0.0,1.0,0.0,1.0,0.7626,0.0,1.0,1.8067672285328374e-05,-0.9999399441938165,45,1,45,45,1,45
d57b7441f7a2a9fbe50e,83,majority,0.75,16,1,289,1.0,1.0,0.0,1.0,0.0,1.0,0.691,0.0,1.0,2.9918275999547595e-05,-0.9999351344429227,32,1,32,91,1,91
d5e51b32bbad40f386c9,23,majority,0.75,16,1,289,1.0,1.0,0.0,1.0,0.0,1.0,0.6909,0.0,1.0,2.3527799274421723e-05,-0.9999458409387609,91,1,91,128,1,128
d5f6156e7c6df4202598,83,majority,0.9,32,1,577,1.0,1.0,0.0,1.0,0.0,1.0,0.691,0.0,1.0,7.831212951456589e-05,-0.9998978955168172,16,1,16,128,1,128
d64afaf9f88d13cc79a3,53,majority,0.99,64,2,5313,1.0,1.0,0.0,1.0,0.0,1.0,0.6929,0.0,1.0,0.0007493886941023322,-0.9992502233835457,11,1,11,181,1,181
d66dd4e4b71d4617080e,23,majority,0.75,64,1,1153,1.0,1.0,0.0,1.0,0.0,1.0,0.6909,0.0,1.0,1.031785724843266e-05,-0.9999775705768987,11,1,11,45,1,45
d6e2c7dcc88f73883b78,41,multiplexer,0.9,16,1,289,1.0,1.0,0.0,1.0,0.0,1.0,0.631,0.0,1.0,0.0007141042670970754,-0.9991277319231081,181,1,181,724,1,724
d74c3628dedea15ab2d8,37,majority,0.9,32,2,1633,1.0,1.0,0.0,1.0,0.0,1.0,0.6962,0.0,1.0,3.192325872122759e-06,-0.9999956216665232,23,1,23,64,1,64
d762911260b49d61fce0,53,conjunction,0.99,128,2,18817,1.0,1.0,0.0,0.9966,0.0034,1.0,0.7638,0.0034,0.9966,0.007293550624579788,-0.9927047630338786,1,1,1,91,1,91
d774ba9e2b34efba4715,83,conjunction,0.9,16,1,289,1.0,1.0,0.0,1.0,0.0,1.0,0.7633,0.0,1.0,0.00016263913184425056,-0.9997453706719504,181,1,181,91,1,91
d776df3cf95ee78ac371,23,majority,0.9,128,2,18817,1.0,1.0,0.0,1.0,0.0,1.0,0.6909,0.0,1.0,1.3341081711729986e-06,-0.9999983664553252,1,1,1,32,1,32
d7b6562a0ad44f9f2008,37,conjunction,0.99,32,2,1633,1.0,1.0,0.0,0.9881,0.0119,1.0,0.7629,0.0119,0.9881,0.016485691902196852,-0.9835053122531424,45,1,45,181,1,181
d7efc825aafb92942b42,101,conjunction,0.9,16,1,289,1.0,1.0,0.0,1.0,0.0,1.0,0.7635,0.0,1.0,0.00022212026286333857,-0.9996895219385354,91,1,91,181,1,181
d848fb73dfb82e3d6b48,67,parity,0.9,32,2,1633,1.0,1.0,0.0,1.0,0.0,1.0,0.5075,0.0,1.0,0.00016931933667601484,-0.9997950367850793,91,1,91,1024,1,1024
d85cd8b7e1de32cb72d8,23,conjunction,0.75,16,2,561,1.0,1.0,0.0,1.0,0.0,1.0,0.7588,0.0,1.0,3.93432041257662e-06,-0.9999888739768288,91,1,91,91,1,91
d86a5c3a568091bd47f8,71,conjunction,0.9,128,2,18817,1.0,1.0,0.0,1.0,0.0,1.0,0.7605,0.0,1.0,1.0850415837013838e-05,-0.9999878244800436,11,1,11,16,1,16
d89e426707c59ab05589,37,majority,0.75,128,1,2305,1.0,1.0,0.0,1.0,0.0,1.0,0.6962,0.0,1.0,6.401762204358696e-06,-0.9999862780098406,16,1,16,64,1,64
d8c30cff4a4d04f1df54,71,majority,0.9,64,2,5313,1.0,1.0,0.0,1.0,0.0,1.0,0.6947,0.0,1.0,3.5550434311392153e-06,-0.9999954666083455,6,1,6,45,1,45
d8ca870c9a8aa83cedec,101,conjunction,0.75,128,1,2305,1.0,1.0,0.0,1.0,0.0,1.0,0.7635,0.0,1.0,1.0308968364186422e-05,-0.9999698459234078,45,1,45,32,1,32
d8dcfcc5f71fbb762458,23,multiplexer,0.75,64,1,1153,1.0,1.0,0.0,1.0,0.0,1.0,0.6296,0.0,1.0,4.976738903584188e-05,-0.9999012869475877,91,1,91,181,1,181
d907f7a2ebe4a3210013,37,majority,0.99,128,1,2305,1.0,1.0,0.0,1.0,0.0,1.0,0.6962,0.0,1.0,0.0006091118912317468,-0.9993839014503239,16,1,16,362,1,362
d92aa56a8e4a5226cd2f,67,multiplexer,0.75,32,1,577,1.0,1.0,0.0,1.0,0.0,1.0,0.6249,0.0,1.0,0.0001167626800878836,-0.9997606823972961,128,1,128,256,1,256
d937da0a461ac480013a,71,majority,0.75,64,1,1153,1.0,1.0,0.0,1.0,0.0,1.0,0.6947,0.0,1.0,9.030543583773564e-06,-0.9999803733836452,16,1,16,64,1,64
d9c43f663460dfad8dc4,71,conjunction,0.99,8,2,217,1.0,1.0,0.0,0.976,0.024,1.0,0.7605,0.024,0.976,0.024884683512444904,-0.9751063563728805,91,1,91,362,1,362
d9d6d9cdd9daad815471,53,conjunction,0.75,16,1,289,1.0,1.0,0.0,1.0,0.0,1.0,0.7638,0.0,1.0,4.784276974985153e-05,-0.9998179203446239,23,1,23,128,1,128
da19968a21aa63038d5c,67,majority,0.75,128,2,18817,1.0,1.0,0.0,1.0,0.0,1.0,0.689,0.0,1.0,2.8824346098239585e-07,-0.999999411784429,3,1,3,23,1,23
da207a8aca3ffc371da2,53,conjunction,0.75,16,2,561,1.0,1.0,0.0,1.0,0.0,1.0,0.7638,0.0,1.0,4.116858543932856e-06,-0.9999807020538887,8,1,8,64,1,64
da650561aef48efac603,41,parity,0.99,8,1,145,1.0,1.0,0.0,0.0,1.0,0.99,0.5018,1.0,0.0,0.9812055884379952,2.592803206405573e-05,2048,1,2048,,0,4096
dae20d1f9bacb4d00ad8,11,parity,0.75,32,2,1633,1.0,1.0,0.0,1.0,0.0,1.0,0.5078,0.0,1.0,2.320605941697722e-05,-0.99995394874228,91,1,91,362,1,362
daee33ab8c551c5814a1,41,conjunction,0.99,64,2,5313,1.0,1.0,0.0,0.9983,0.0017,1.0,0.7635,0.0017,0.9983,0.00693490253374859,-0.993062650964477,23,1,23,128,1,128
daf83ec5d58f4d1fb0fa,71,parity,0.99,64,2,5313,1.0,1.0,0.0,0.0552,0.9448,0.99075,0.5035,0.9443,0.0557,0.9384083668346018,-0.06034456803535886,45,1,45,,0,4096
dafd0f48f5752322dd41,71,parity,0.99,64,1,1153,1.0,1.0,0.0,0.0135,0.9865,0.9905,0.5035,0.9865,0.0135,0.9463359038416372,-0.04011422361434883,64,1,64,,0,4096
db1e69a318cff456a004,41,parity,0.99,16,2,561,1.0,1.0,0.0,0.0008,0.9992,0.99,0.5018,0.9991,0.0008,0.9792792167681151,-0.004910209273617645,181,1,181,,0,4096
db909e5ef259e7856c9f,101,multiplexer,0.9,16,1,289,1.0,1.0,0.0,1.0,0.0,1.0,0.6318,0.0,1.0,0.0014228419453128944,-0.9982782881798006,256,1,256,1024,1,1024
dba0c8f70daab3d5b59c,11,majority,0.9,32,2,1633,1.0,1.0,0.0,1.0,0.0,1.0,0.6919,0.0,1.0,4.972786768262394e-06,-0.9999935201135046,23,1,23,64,1,64
dba4bd3bfa479c042d96,71,parity,0.9,128,1,2305,1.0,1.0,0.0,1.0,0.0,1.0,0.5035,0.0,1.0,0.0006845622086372185,-0.9991711522810076,64,1,64,1024,1,1024
dbcba97832d10d86e3b0,41,conjunction,0.9,8,1,145,1.0,1.0,0.0,1.0,0.0,1.0,0.7635,0.0,1.0,0.00043727215726543597,-0.9992986789361341,181,1,181,181,1,181
dc5053bfab5f146216af,11,parity,0.9,128,1,2305,1.0,1.0,0.0,1.0,0.0,1.0,0.5078,0.0,1.0,0.000694939826554588,-0.9991667491504719,91,1,91,1024,1,1024
dc7c54c602b8cdd90c25,101,parity,0.75,128,2,18817,1.0,1.0,0.0,1.0,0.0,1.0,0.514,0.0,1.0,3.51064844574992e-06,-0.9999936445077287,23,1,23,181,1,181
dc8abf4af07a831f1286,71,multiplexer,0.75,16,1,289,1.0,1.0,0.0,1.0,0.0,1.0,0.628,0.0,1.0,0.00016787736619366754,-0.9996565872011224,181,1,181,362,1,362
dcfc1ed2c74304fcefd3,101,majority,0.99,128,1,2305,1.0,1.0,0.0,1.0,0.0,1.0,0.6922,0.0,1.0,0.0007042441001496474,-0.999290136804675,11,1,11,362,1,362
dd28f0ac4905d0a03881,11,majority,0.99,8,1,145,1.0,1.0,0.0,1.0,0.0,1.0,0.6919,0.0,1.0,0.0024878027872276866,-0.9974472508853952,64,1,64,724,1,724
dd781250306eeaf08e99,101,parity,0.9,32,2,1633,1.0,1.0,0.0,1.0,0.0,1.0,0.514,0.0,1.0,0.00018620970742315186,-0.9997717653915456,91,1,91,1024,1,1024
dd888001a763780a3d78,53,multiplexer,0.75,16,1,289,1.0,1.0,0.0,1.0,0.0,1.0,0.6301,0.0,1.0,0.00015952794583750832,-0.9996473619377874,181,1,181,362,1,362
dde0c786c47abfa12713,101,multiplexer,0.75,64,1,1153,1.0,1.0,0.0,1.0,0.0,1.0,0.6318,0.0,1.0,5.3518929062987883e-05,-0.9998917117619313,91,1,91,256,1,256
de104c87af88c33431a8,53,multiplexer,0.75,64,2,5313,1.0,1.0,0.0,1.0,0.0,1.0,0.6301,0.0,1.0,4.043386010553673e-06,-0.9999923229786873,45,1,45,91,1,91
de731c752536b246f7f3,23,parity,0.75,128,1,2305,1.0,1.0,0.0,1.0,0.0,1.0,0.508,0.0,1.0,0.00019374174977791715,-0.9996413000056629,64,1,64,724,1,724
deb60359053ee579464b,41,multiplexer,0.75,16,2,561,1.0,1.0,0.0,1.0,0.0,1.0,0.631,0.0,1.0,1.1819992156212268e-05,-0.9999762905809654,91,1,91,181,1,181
debaea7df4fb77c38958,97,parity,0.9,64,1,1153,1.0,1.0,0.0,1.0,0.0,1.0,0.5049,0.0,1.0,0.0023907404615035287,-0.9971202301643775,91,1,91,1448,1,1448
decfd26f873601543897,37,majority,0.99,16,2,561,1.0,1.0,0.0,1.0,0.0,1.0,0.6962,0.0,1.0,0.00040121115179376517,-0.9995945659371545,32,1,32,256,1,256
deeefa8a92fb7104db64,53,majority,0.75,8,1,145,1.0,1.0,0.0,1.0,0.0,1.0,0.6929,0.0,1.0,0.00010265088631731807,-0.9997894813105686,64,1,64,128,1,128
df20057aa37b59bc0f09,23,conjunction,0.99,8,1,145,1.0,1.0,0.0,1.0,0.0,1.0,0.7588,0.0,1.0,0.007814413566668508,-0.9918749321546042,16,1,16,1024,1,1024
df419c219cbda9d4b7df,101,conjunction,0.99,8,2,217,1.0,1.0,0.0,0.9839,0.0161,1.0,0.7635,0.0161,0.9839,0.017134990542373184,-0.9828473537734362,91,1,91,512,1,512
df7920433c760bc6e173,11,parity,0.99,32,1,577,1.0,1.0,0.0,0.0003,0.9997,0.99,0.5078,0.9997,0.0003,0.9752680701974957,-0.0071530679441198335,128,1,128,,0,4096
df8a1b69c8cef9831c20,11,parity,0.75,8,1,145,1.0,0.872,-0.128,0.0472,0.9528,0.75925,0.5078,0.9428,0.0508,0.4798396688865486,-0.06139779580411688,,0,4096,,0,4096
dfabc4b1869d3c71d7e5,97,conjunction,0.9,16,1,289,1.0,1.0,0.0,1.0,0.0,1.0,0.7657,0.0,1.0,0.00024327465908334723,-0.9996322964378501,91,1,91,128,1,128
dfc783fc6ccbcd99baa6,41,conjunction,0.99,128,1,2305,1.0,1.0,0.0,1.0,0.0,1.0,0.7635,0.0,1.0,0.006769000749611695,-0.9932013858519732,45,1,45,45,1,45
dfdd91ddf86bdfec261e,101,parity,0.99,64,1,1153,1.0,1.0,0.0,0.099,0.901,0.99125,0.514,0.901,0.099,0.8507621279533171,-0.1406377950848688,91,1,91,,0,4096
dfef9389faaf582d0935,41,conjunction,0.75,128,2,18817,1.0,1.0,0.0,1.0,0.0,1.0,0.7635,0.0,1.0,7.747795692965909e-07,-0.9999975820429173,11,1,11,11,1,11
dfef9d01904d366d5af2,41,majority,0.99,64,2,5313,1.0,1.0,0.0,1.0,0.0,1.0,0.6949,0.0,1.0,0.0007018442673425811,-0.9992973946384643,11,1,11,181,1,181
e0fc8aa66b358db5ae2a,101,majority,0.75,16,1,289,1.0,1.0,0.0,1.0,0.0,1.0,0.6922,0.0,1.0,2.8811447411775305e-05,-0.9999337847850417,45,1,45,128,1,128
e104b590d7a28d5fa321,67,parity,0.99,128,1,2305,1.0,1.0,0.0,0.2394,0.7606,0.9925,0.5075,0.7606,0.2394,0.7389087170283404,-0.2600395240431184,64,1,64,,0,4096
e10750aa1ac1aee65fa6,41,majority,0.99,8,2,217,1.0,1.0,0.0,1.0,0.0,1.0,0.6949,0.0,1.0,0.0004759904303931247,-0.9995131169066211,64,1,64,362,1,362
e11aeddfaeef8001cebb,97,parity,0.75,16,2,561,1.0,1.0,0.0,1.0,0.0,1.0,0.5049,0.0,1.0,8.147590947035669e-05,-0.9998391920595877,181,1,181,724,1,724
e1608ec9da059c8d78a1,41,majority,0.9,64,2,5313,1.0,1.0,0.0,1.0,0.0,1.0,0.6949,0.0,1.0,2.6220375283368513e-06,-0.9999966097836336,11,1,11,45,1,45
e167a813cf9ace33b6dc,71,majority,0.75,128,2,18817,1.0,1.0,0.0,1.0,0.0,1.0,0.6947,0.0,1.0,4.5402007083583663e-07,-0.9999991171548304,2,1,2,23,1,23
e17b2b61b65f0e13d639,71,majority,0.75,128,1,2305,1.0,1.0,0.0,1.0,0.0,1.0,0.6947,0.0,1.0,4.398717859239776e-06,-0.9999908965765295,8,1,8,45,1,45
e1b20b9eb31c83344cb2,11,multiplexer,0.9,64,1,1153,1.0,1.0,0.0,1.0,0.0,1.0,0.6249,0.0,1.0,0.0002475154311367422,-0.9997032419856626,91,1,91,362,1,362
e1bc4353709f97e4ed96,23,majority,0.99,128,2,18817,1.0,1.0,0.0,1.0,0.0,1.0,0.6909,0.0,1.0,0.0008106094847602169,-0.9991889360818826,1,1,1,128,1,128
e1e4902574762c6c0aa5,11,conjunction,0.75,32,2,1633,1.0,1.0,0.0,1.0,0.0,1.0,0.7669,0.0,1.0,2.536456206562743e-06,-0.9999913389523195,45,1,45,45,1,45
e24c16e768854e767dd6,11,multiplexer,0.9,32,2,1633,1.0,1.0,0.0,1.0,0.0,1.0,0.6249,0.0,1.0,2.8445924109538057e-05,-0.9999673465394783,64,1,64,181,1,181
e24eb855e3b979da2198,67,conjunction,0.75,8,2,217,1.0,1.0,0.0,1.0,0.0,1.0,0.7626,0.0,1.0,1.2158863459378744e-05,-0.9999612044079608,16,1,16,128,1,128
e2aa933f542bf3f8a281,23,multiplexer,0.9,64,2,5313,1.0,1.0,0.0,1.0,0.0,1.0,0.6296,0.0,1.0,1.4298022708559455e-05,-0.9999836564843674,45,1,45,128,1,128
e2b016efcbef681e4460,101,majority,0.9,64,1,1153,1.0,1.0,0.0,1.0,0.0,1.0,0.6922,0.0,1.0,3.360229025010002e-05,-0.9999566999823486,16,1,16,91,1,91
e337f8bbecff2d31f6b5,67,majority,0.75,32,2,1633,1.0,1.0,0.0,1.0,0.0,1.0,0.689,0.0,1.0,6.902752123310596e-07,-0.9999982651710001,32,1,32,64,1,64
e492410b542fe6d120ce,97,conjunction,0.99,64,2,5313,1.0,1.0,0.0,0.9984,0.0016,1.0,0.7657,0.0016,0.9984,0.004401035395340108,-0.9955950124190602,2,1,2,128,1,128
e4a16a96d4748844b321,83,multiplexer,0.99,128,2,18817,1.0,1.0,0.0,0.8099,0.1901,0.99775,0.6269,0.1901,0.8099,0.19547033198951694,-0.8045272741122438,23,1,23,,0,4096
e4deed853e840c57a236,71,majority,0.9,16,2,561,1.0,1.0,0.0,1.0,0.0,1.0,0.6947,0.0,1.0,9.170462247316979e-06,-0.9999879502827443,64,1,64,91,1,91
e4f66668888ed3a38fe0,83,parity,0.9,32,1,577,1.0,1.0,0.0,1.0,0.0,1.0,0.5086,0.0,1.0,0.011520906323076743,-0.9859731518930823,181,1,181,2048,1,2048
e569afdb6b48b7d06427,67,majority,0.99,32,2,1633,1.0,1.0,0.0,1.0,0.0,1.0,0.689,0.0,1.0,0.0006487051447895897,-0.9993509475054784,32,1,32,256,1,256
e575f778c32c07bc72aa,53,parity,0.99,128,2,18817,1.0,1.0,0.0,0.2822,0.7178,0.99225,0.506,0.7178,0.2822,0.7128624629550584,-0.287111436990427,23,1,23,,0,4096
e5869afc8c658eee57a8,83,conjunction,0.75,128,1,2305,1.0,1.0,0.0,1.0,0.0,1.0,0.7633,0.0,1.0,1.2759348326227326e-05,-0.9999599193572293,45,1,45,32,1,32
e5d40830cc6e35eaad4a,71,parity,0.75,32,1,577,1.0,1.0,0.0,1.0,0.0,1.0,0.5035,0.0,1.0,0.001193650424838842,-0.9977871945486142,181,1,181,1448,1,1448
e600f498655308170846,23,multiplexer,0.99,64,1,1153,1.0,1.0,0.0,0.8909,0.1091,0.99925,0.6296,0.1091,0.8909,0.12422326104316193,-0.8757088036434291,91,1,91,,0,4096
e67dbfe46e450329566c,101,parity,0.9,32,1,577,1.0,1.0,0.0,1.0,0.0,1.0,0.514,0.0,1.0,0.0035167022380597863,-0.9956022283530197,181,1,181,2048,1,2048
e6d50295256cad8d2e36,37,majority,0.99,128,2,18817,1.0,1.0,0.0,1.0,0.0,1.0,0.6962,0.0,1.0,0.00030558580108699934,-0.9996939065601815,3,1,3,128,1,128
e6e7b9444aa0b5440306,83,majority,0.99,64,2,5313,1.0,1.0,0.0,1.0,0.0,1.0,0.691,0.0,1.0,0.00022915253386262573,-0.9997703134051863,16,1,16,128,1,128
e6ea94ae83f6ff6b7126,83,parity,0.9,16,2,561,1.0,1.0,0.0,1.0,0.0,1.0,0.5086,0.0,1.0,0.010690410731632172,-0.9891477019239797,181,1,181,2048,1,2048
e6f835677df1621473f6,41,conjunction,0.9,64,1,1153,1.0,1.0,0.0,1.0,0.0,1.0,0.7635,0.0,1.0,5.366350819648412e-05,-0.9999224671696858,64,1,64,91,1,91
e73cf2e1bc1a90cd0bd7,71,conjunction,0.99,128,1,2305,1.0,1.0,0.0,1.0,0.0,1.0,0.7605,0.0,1.0,0.00646057911835095,-0.9935171921775978,45,1,45,256,1,256
e742e1d4accb9249cddf,67,majority,0.9,64,1,1153,1.0,1.0,0.0,1.0,0.0,1.0,0.689,0.0,1.0,3.256143506479947e-05,-0.9999574282399437,11,1,11,91,1,91
e76e18cb4ce1fae8c3ee,37,parity,0.99,32,1,577,1.0,1.0,0.0,0.0159,0.9841,0.99,0.5048,0.984,0.0158,0.9371193650141786,-0.04702475167049576,181,1,181,,0,4096
e7786bcb3287914bd16c,37,parity,0.75,128,2,18817,1.0,1.0,0.0,1.0,0.0,1.0,0.5048,0.0,1.0,2.8908156801472516e-06,-0.9999948300363114,32,1,32,256,1,256
e79da73c4dfeed3d6712,71,multiplexer,0.99,128,1,2305,1.0,1.0,0.0,0.9193,0.0807,0.99875,0.628,0.0807,0.9193,0.10407268031322153,-0.8958923576765979,64,1,64,,0,4096
e80554fa9c48a8399ff9,97,conjunction,0.99,32,1,577,1.0,1.0,0.0,1.0,0.0,1.0,0.7657,0.0,1.0,0.006378272726126599,-0.9935138074849521,64,1,64,362,1,362
e8219270835fb3492c70,41,conjunction,0.75,32,2,1633,1.0,1.0,0.0,1.0,0.0,1.0,0.7635,0.0,1.0,2.3472825295221323e-06,-0.9999935549151829,45,1,45,45,1,45
e834684c11cd9f52781b,97,multiplexer,0.99,8,2,217,1.0,1.0,0.0,0.9444,0.0556,0.9995,0.6239,0.0556,0.9444,0.07472726763891556,-0.9251907597978596,181,1,181,,0,4096
e837801b5d39c3ecbc2f,97,parity,0.75,128,2,18817,1.0,1.0,0.0,1.0,0.0,1.0,0.5049,0.0,1.0,6.436395516657467e-06,-0.9999883577645889,23,1,23,362,1,362
e857074adfb2ef8ec553,97,parity,0.9,8,2,217,1.0,1.0,0.0,0.9692,0.0308,0.998,0.5049,0.0308,0.9692,0.09432074268503732,-0.8885557120011125,362,1,362,,0,4096
e95943a87d3c6d375f78,71,conjunction,0.75,8,2,217,1.0,1.0,0.0,1.0,0.0,1.0,0.7605,0.0,1.0,6.411171107752978e-06,-0.9999727877492304,91,1,91,91,1,91
e976be797a96937b53b3,41,parity,0.75,8,1,145,1.0,1.0,0.0,0.3405,0.6595,0.80625,0.5018,0.6281,0.3459,0.401241480176693,-0.21080361512355175,2048,1,2048,,0,4096
e9baa9e32c5fd4ea0bd0,37,conjunction,0.75,128,1,2305,1.0,1.0,0.0,1.0,0.0,1.0,0.7629,0.0,1.0,1.0695579328085902e-05,-0.9999673171154358,3,1,3,45,1,45
e9e1caaccac751349269,53,conjunction,0.75,32,2,1633,1.0,1.0,0.0,1.0,0.0,1.0,0.7638,0.0,1.0,1.8836546653307474e-06,-0.9999953981801942,32,1,32,45,1,45
ea04efb98a066de9b8ea,41,parity,0.75,16,2,561,1.0,1.0,0.0,1.0,0.0,1.0,0.5018,0.0,1.0,0.003971707443709023,-0.9959772588250931,181,1,181,724,1,724
ea924707de594a6ef0d1,67,parity,0.75,8,1,145,1.0,1.0,0.0,0.7858,0.2142,0.89675,0.5075,0.1548,0.7845,0.2151937138185514,-0.5498809432335828,,0,4096,,0,4096
eb6cd5c6454c66d5c361,71,conjunction,0.9,16,2,561,1.0,1.0,0.0,1.0,0.0,1.0,0.7605,0.0,1.0,3.756013962702022e-05,-0.9999534897104657,11,1,11,64,1,64
eb8727724fd2e91bfbbc,71,multiplexer,0.75,32,1,577,1.0,1.0,0.0,1.0,0.0,1.0,0.628,0.0,1.0,0.00011093792334462638,-0.9997697820154459,128,1,128,256,1,256
ebb5d87cb34a53163ba0,37,majority,0.99,64,2,5313,1.0,1.0,0.0,1.0,0.0,1.0,0.6962,0.0,1.0,0.00027950895065069394,-0.9997194946222294,16,1,16,181,1,181
ebe6a3301a13173e2cfc,67,multiplexer,0.9,32,1,577,1.0,1.0,0.0,1.0,0.0,1.0,0.6249,0.0,1.0,0.0004402794764547947,-0.999458650356139,128,1,128,512,1,512
ebfdc92a0e324c077523,37,majority,0.75,64,2,5313,1.0,1.0,0.0,1.0,0.0,1.0,0.6962,0.0,1.0,7.136103912473879e-07,-0.9999983714589944,16,1,16,32,1,32
ec06ea1c551c321867e8,71,multiplexer,0.9,32,1,577,1.0,1.0,0.0,1.0,0.0,1.0,0.628,0.0,1.0,0.00039772478433078306,-0.9995105988419205,128,1,128,512,1,512
ec2a00c567a8de898e8d,71,multiplexer,0.99,8,1,145,1.0,1.0,0.0,0.8818,0.1182,0.99775,0.628,0.1182,0.8818,0.15201812304728127,-0.8470376190765081,256,1,256,,0,4096
ec56cb4c37f4bf907742,97,majority,0.75,16,1,289,1.0,1.0,0.0,1.0,0.0,1.0,0.6936,0.0,1.0,3.076303230323409e-05,-0.9999277972998345,64,1,64,91,1,91
ec7e0238003ea0de41f9,67,conjunction,0.99,32,2,1633,1.0,1.0,0.0,0.9916,0.0084,1.0,0.7626,0.0084,0.9916,0.012643259826037711,-0.9873495836152655,32,1,32,256,1,256
ed27dc387b3196bcf15f,101,multiplexer,0.9,128,1,2305,1.0,1.0,0.0,1.0,0.0,1.0,0.6318,0.0,1.0,0.00014480170634335437,-0.9998233150553256,64,1,64,362,1,362
ed3e5e6b24b9f3da88d2,83,multiplexer,0.75,16,1,289,1.0,1.0,0.0,1.0,0.0,1.0,0.6269,0.0,1.0,0.00016249678977360015,-0.9996460505517245,181,1,181,362,1,362
ed7cf1ec3c13020e1261,71,multiplexer,0.99,64,1,1153,1.0,1.0,0.0,0.896,0.104,0.998,0.628,0.104,0.896,0.12617389283159913,-0.8737473334012605,91,1,91,,0,4096
edac00ea9353fa6d70e9,83,majority,0.99,64,1,1153,1.0,1.0,0.0,1.0,0.0,1.0,0.691,0.0,1.0,0.00047695324698119885,-0.9995155179847923,11,1,11,256,1,256
edb2dae38b79541dcb4f,97,multiplexer,0.99,64,1,1153,1.0,1.0,0.0,0.9036,0.0964,0.999,0.6239,0.0964,0.9036,0.11974270771771638,-0.8801731065922135,91,1,91,,0,4096
ede180ce4aa8a1838abd,11,majority,0.9,16,2,561,1.0,1.0,0.0,1.0,0.0,1.0,0.6919,0.0,1.0,8.823494928277132e-06,-0.9999883789241018,45,1,45,91,1,91
ee331f656a605ee9077f,71,majority,0.9,16,1,289,1.0,1.0,0.0,1.0,0.0,1.0,0.6947,0.0,1.0,0.00012141896997411226,-0.9998376634705126,64,1,64,181,1,181
eea3ac7cf397a935924b,23,majority,0.75,64,2,5313,1.0,1.0,0.0,1.0,0.0,1.0,0.6909,0.0,1.0,5.111875088230633e-07,-0.9999989353807148,16,1,16,32,1,32
eea5d6844459c7d3ed6d,97,parity,0.9,32,2,1633,1.0,1.0,0.0,1.0,0.0,1.0,0.5049,0.0,1.0,0.00030918662962194966,-0.999632386582618,91,1,91,1024,1,1024
eeb994641d8f555fd261,53,parity,0.9,16,2,561,1.0,1.0,0.0,1.0,0.0,1.0,0.506,0.0,1.0,0.0011538302129761614,-0.998632273149729,181,1,181,2048,1,2048
eecee1131836a6686852,83,majority,0.99,128,1,2305,1.0,1.0,0.0,1.0,0.0,1.0,0.691,0.0,1.0,0.00048585297542415296,-0.9995090699779164,11,1,11,256,1,256
ef3e438dd6ed0c0f7d34,67,parity,0.99,8,2,217,1.0,1.0,0.0,0.0001,0.9999,0.99,0.5075,0.9999,0.0001,0.9784348716050562,-0.0023793254647546925,362,1,362,,0,4096
efb301880d69c04527b8,101,majority,0.99,64,2,5313,1.0,1.0,0.0,1.0,0.0,1.0,0.6922,0.0,1.0,0.0005005910059113103,-0.9994990218644396,16,1,16,181,1,181
eff49942c4965824fb21,41,majority,0.9,8,1,145,1.0,1.0,0.0,1.0,0.0,1.0,0.6949,0.0,1.0,0.0002604755971170885,-0.9996622309125079,91,1,91,181,1,181
eff9d3e0b6b6102e8b50,101,conjunction,0.9,64,1,1153,1.0,1.0,0.0,1.0,0.0,1.0,0.7635,0.0,1.0,7.552465305260942e-05,-0.9998961873442278,45,1,45,64,1,64
f001a0aeeb5de2cf0be0,101,conjunction,0.9,32,1,577,1.0,1.0,0.0,1.0,0.0,1.0,0.7635,0.0,1.0,0.000103334621205176,-0.9998492270874957,1,1,1,128,1,128
f0a06d0d836c9e4a34c4,101,parity,0.75,16,2,561,1.0,1.0,0.0,1.0,0.0,1.0,0.514,0.0,1.0,9.125777729671642e-05,-0.9998133640687945,181,1,181,724,1,724
f0d07194279b4971b801,67,majority,0.9,128,2,18817,1.0,1.0,0.0,1.0,0.0,1.0,0.689,0.0,1.0,9.24907504211514e-07,-0.999998906038962,3,1,3,32,1,32
f0e8848fa67e313c7b9d,97,parity,0.75,8,1,145,1.0,0.90825,-0.09175,0.91,0.09,0.95575,0.5049,0.0608,0.9289,0.13167219629787597,-0.7386052994993758,,0,4096,,0,4096
f14d105eb96db6ce672f,11,parity,0.99,128,1,2305,1.0,1.0,0.0,0.3446,0.6554,0.99325,0.5078,0.6554,0.3446,0.6337256207018318,-0.3655716491943928,91,1,91,,0,4096
f15b5d07cb7c0412c234,97,majority,0.9,16,2,561,1.0,1.0,0.0,1.0,0.0,1.0,0.6936,0.0,1.0,8.978777749975164e-06,-0.9999873725574558,45,1,45,128,1,128
f1811267f09e0abd4aa6,71,majority,0.9,32,1,577,1.0,1.0,0.0,1.0,0.0,1.0,0.6947,0.0,1.0,5.847045376136074e-05,-0.9999251999833528,23,1,23,128,1,128
f2126defa984dc807a92,71,conjunction,0.75,32,2,1633,1.0,1.0,0.0,1.0,0.0,1.0,0.7605,0.0,1.0,2.073197342405131e-06,-0.9999929377858406,4,1,4,45,1,45
f232c90f810f40f91217,97,majority,0.9,128,1,2305,1.0,1.0,0.0,1.0,0.0,1.0,0.6936,0.0,1.0,2.163036103943923e-05,-0.9999723911235862,11,1,11,91,1,91
f25b3547ed366b3a246c,41,parity,0.99,64,1,1153,1.0,1.0,0.0,0.1672,0.8328,0.99125,0.5018,0.8328,0.1672,0.7880473423608091,-0.20680827981666888,64,1,64,,0,4096
f2d7ed263fb5fdaa3199,67,multiplexer,0.9,128,2,18817,1.0,1.0,0.0,1.0,0.0,1.0,0.6249,0.0,1.0,1.596909095404455e-05,-0.9999824056050758,23,1,23,128,1,128
f2eac26bce59431ed5a3,23,majority,0.9,64,2,5313,1.0,1.0,0.0,1.0,0.0,1.0,0.6909,0.0,1.0,2.140732452289862e-06,-0.9999971847534527,16,1,16,45,1,45
f313e304986bd7328cfc,83,majority,0.75,32,2,1633,1.0,1.0,0.0,1.0,0.0,1.0,0.691,0.0,1.0,1.244554635303019e-06,-0.9999975606122403,23,1,23,45,1,45
f324e9ac641c8f6bed63,23,parity,0.75,16,1,289,1.0,1.0,0.0,1.0,0.0,1.0,0.508,0.0,1.0,0.012644625394066852,-0.9759143062550331,362,1,362,2896,1,2896
f4067013909e0a97bee5,37,majority,0.99,32,2,1633,1.0,1.0,0.0,1.0,0.0,1.0,0.6962,0.0,1.0,0.0005386035848955978,-0.9994592624078894,23,1,23,256,1,256
f44042fd41f5fdf7811e,83,majority,0.9,16,1,289,1.0,1.0,0.0,1.0,0.0,1.0,0.691,0.0,1.0,0.00010781386661383512,-0.9998619155872338,32,1,32,128,1,128
f484f6af27f1dc9395b5,101,conjunction,0.9,128,2,18817,1.0,1.0,0.0,1.0,0.0,1.0,0.7635,0.0,1.0,5.874461574997636e-06,-0.9999930557299962,1,1,1,23,1,23
f494bbb3b9ba30d76e8e,97,multiplexer,0.9,128,2,18817,1.0,1.0,0.0,1.0,0.0,1.0,0.6239,0.0,1.0,1.5626569870632954e-05,-0.9999830634904032,23,1,23,128,1,128
f4bb8744e27152b27876,53,parity,0.75,64,2,5313,1.0,1.0,0.0,1.0,0.0,1.0,0.506,0.0,1.0,1.456159498887144e-05,-0.9999716748028251,45,1,45,362,1,362
f4d3a3c70a7578ec1650,53,majority,0.9,64,2,5313,1.0,1.0,0.0,1.0,0.0,1.0,0.6929,0.0,1.0,2.963541539341441e-06,-0.9999963224262585,11,1,11,64,1,64
f53f0c51d18b91512d21,67,parity,0.9,128,2,18817,1.0,1.0,0.0,1.0,0.0,1.0,0.5075,0.0,1.0,8.473319443153549e-05,-0.9999074730869585,32,1,32,512,1,512
f54e6babc97bd2d2bc5c,23,conjunction,0.99,16,2,561,1.0,1.0,0.0,1.0,0.0,1.0,0.7588,0.0,1.0,0.0018916834709831914,-0.9980959354650704,91,1,91,362,1,362
f56263c636eff6291952,71,parity,0.9,8,2,217,1.0,1.0,0.0,1.0,0.0,1.0,0.5035,0.0,1.0,0.1272321427405985,-0.8684720097914874,362,1,362,,0,4096
f57b3870ba784c593cd6,53,parity,0.99,16,1,289,1.0,1.0,0.0,0.0,1.0,0.99,0.506,1.0,0.0,0.9790188981844709,-0.001729696839296453,512,1,512,,0,4096
f584d18c282436bb4fc7,67,parity,0.99,64,2,5313,1.0,1.0,0.0,0.3009,0.6991,0.99275,0.5075,0.6991,0.3009,0.6974781338378171,-0.3024464583886297,45,1,45,,0,4096
f59e7b2b7ce3aaf6ebed,37,multiplexer,0.75,8,2,217,1.0,1.0,0.0,1.0,0.0,1.0,0.6299,0.0,1.0,1.5683425997331725e-05,-0.9999657992068994,128,1,128,256,1,256
f59ff87fbfe328b1ca83,71,conjunction,0.99,32,1,577,1.0,1.0,0.0,0.9998,0.0002,1.0,0.7605,0.0002,0.9998,0.01339484034861751,-0.986506541745059,91,1,91,362,1,362
f5aabee7e1e147e8b72f,71,multiplexer,0.75,64,1,1153,1.0,1.0,0.0,1.0,0.0,1.0,0.628,0.0,1.0,5.225996628961783e-05,-0.9998919304664395,91,1,91,256,1,256
f5e48a06c6752573e3f8,83,majority,0.9,128,1,2305,1.0,1.0,0.0,1.0,0.0,1.0,0.691,0.0,1.0,2.0273084048890078e-05,-0.9999740133179681,11,1,11,91,1,91
f61421f2aaa4d0cb651d,101,conjunction,0.9,128,1,2305,1.0,1.0,0.0,1.0,0.0,1.0,0.7635,0.0,1.0,4.673264943933415e-05,-0.999936356385373,45,1,45,45,1,45
f623d25fe0972715b1da,83,conjunction,0.9,64,1,1153,1.0,1.0,0.0,1.0,0.0,1.0,0.7633,0.0,1.0,7.594253536442126e-05,-0.9998974228418473,64,1,64,45,1,45
f6922f04eb26dc660711,101,conjunction,0.75,32,1,577,1.0,1.0,0.0,1.0,0.0,1.0,0.7635,0.0,1.0,2.8564294911437738e-05,-0.999908741296106,1,1,1,91,1,91
f6960a9be1bb0f5b2927,83,conjunction,0.75,128,2,18817,1.0,1.0,0.0,1.0,0.0,1.0,0.7633,0.0,1.0,1.2728307091423475e-06,-0.9999964146268572,11,1,11,6,1,6
f77892502e9e481a6121,11,conjunction,0.75,32,1,577,1.0,1.0,0.0,1.0,0.0,1.0,0.7669,0.0,1.0,2.7824984101951022e-05,-0.9998989900361527,64,1,64,91,1,91
f7d13a95bea5c2fba737,67,conjunction,0.99,64,1,1153,1.0,1.0,0.0,1.0,0.0,1.0,0.7626,0.0,1.0,0.004941572268992196,-0.9950018159177519,45,1,45,362,1,362
f93840b62c395a6049e0,23,conjunction,0.75,128,2,18817,1.0,1.0,0.0,1.0,0.0,1.0,0.7588,0.0,1.0,1.1726482078784795e-06,-0.9999975837601258,8,1,8,11,1,11
f9b2bc31c6073afc019d,97,parity,0.75,32,1,577,1.0,1.0,0.0,1.0,0.0,1.0,0.5049,0.0,1.0,0.000793717896750081,-0.9985463831428111,181,1,181,1024,1,1024
f9cbc4f11df3e9268b5a,101,multiplexer,0.9,32,1,577,1.0,1.0,0.0,1.0,0.0,1.0,0.6318,0.0,1.0,0.0003290680037848957,-0.9995903598720884,128,1,128,512,1,512
f9db0d358f31773e044c,53,multiplexer,0.9,128,1,2305,1.0,1.0,0.0,1.0,0.0,1.0,0.6301,0.0,1.0,0.00014096962154741563,-0.9998267438540203,64,1,64,256,1,256
fa609aeb7c929ca1b97f,41,multiplexer,0.9,8,1,145,1.0,1.0,0.0,1.0,0.0,1.0,0.631,0.0,1.0,0.0017423483383131697,-0.997861586293013,512,1,512,1024,1,1024
fadaf6f90269c60aba8c,53,multiplexer,0.99,128,2,18817,1.0,1.0,0.0,0.8354,0.1646,0.99725,0.6301,0.1646,0.8354,0.17249486433080566,-0.8275028759731693,23,1,23,,0,4096
fadb74884ac2142b895d,67,parity,0.99,8,1,145,1.0,1.0,0.0,0.0,1.0,0.99,0.5075,1.0,0.0,0.9779962321670616,-0.001289988563996005,,0,4096,,0,4096
faf047969c559db7aa6d,67,majority,0.9,16,2,561,1.0,1.0,0.0,1.0,0.0,1.0,0.689,0.0,1.0,1.3228476724840421e-05,-0.9999831519125942,64,1,64,128,1,128
fb18afca1ad3af1ba2dd,23,parity,0.99,64,1,1153,1.0,1.0,0.0,0.0809,0.9191,0.9905,0.508,0.919,0.0808,0.8714693015745495,-0.11956042715060665,128,1,128,,0,4096
fb4ce0393b21d7c709b1,97,majority,0.9,8,2,217,1.0,1.0,0.0,1.0,0.0,1.0,0.6936,0.0,1.0,1.0680940571322118e-05,-0.999984628717777,64,1,64,128,1,128
fb959b238e867b4229e9,53,parity,0.99,128,1,2305,1.0,1.0,0.0,0.2513,0.7487,0.9915,0.506,0.7487,0.2513,0.7187704548278463,-0.2799804964575953,45,1,45,,0,4096
fba5e0c3ad2d3dc6c7dd,97,parity,0.75,128,1,2305,1.0,1.0,0.0,1.0,0.0,1.0,0.5049,0.0,1.0,0.00019983641908321534,-0.9996066592894557,45,1,45,512,1,512
fbcb810f56b3a6ab1e0d,41,conjunction,0.9,32,2,1633,1.0,1.0,0.0,1.0,0.0,1.0,0.7635,0.0,1.0,1.0735691436269502e-05,-0.9999863249217091,45,1,45,45,1,45
fc0505b4c0e31cce7ae7,97,majority,0.99,8,1,145,1.0,1.0,0.0,1.0,0.0,1.0,0.6936,0.0,1.0,0.0029928573963637966,-0.9969452187162345,64,1,64,724,1,724
fc0a83c28dae69bf6bc2,11,majority,0.75,16,2,561,1.0,1.0,0.0,1.0,0.0,1.0,0.6919,0.0,1.0,3.141803574017199e-06,-0.9999934681534067,45,1,45,64,1,64
fc5523e2252dfc3673d8,101,conjunction,0.75,64,1,1153,1.0,1.0,0.0,1.0,0.0,1.0,0.7635,0.0,1.0,1.6756923833140057e-05,-0.9999456398285911,45,1,45,64,1,64
fc5d0b61aff17136b040,97,majority,0.99,32,2,1633,1.0,1.0,0.0,1.0,0.0,1.0,0.6936,0.0,1.0,0.00035298368169079574,-0.9996455271493941,32,1,32,256,1,256
fc9a16c00d0d0e0dbfea,97,majority,0.99,16,1,289,1.0,1.0,0.0,1.0,0.0,1.0,0.6936,0.0,1.0,0.0017388879743302646,-0.9982240617672778,64,1,64,512,1,512
fcaaa1128597ddeacce6,83,majority,0.9,64,2,5313,1.0,1.0,0.0,1.0,0.0,1.0,0.691,0.0,1.0,2.4549907140627658e-06,-0.9999969502983455,16,1,16,45,1,45
fd01b3e8fc0977e82185,11,parity,0.99,16,2,561,1.0,1.0,0.0,0.063,0.937,0.99,0.5078,0.937,0.063,0.9065326109118625,-0.08493297449573467,181,1,181,,0,4096
fd4d0a708d8b00ca8c92,23,multiplexer,0.9,8,1,145,1.0,1.0,0.0,1.0,0.0,1.0,0.6296,0.0,1.0,0.0030114868529928424,-0.9962418053028472,362,1,362,1024,1,1024
fdf58ca959a84fa12a31,101,conjunction,0.75,128,2,18817,1.0,1.0,0.0,1.0,0.0,1.0,0.7635,0.0,1.0,7.450140023604224e-07,-0.9999986734391634,1,1,1,11,1,11
fe7718b59d6e4bf95609,101,majority,0.75,128,1,2305,1.0,1.0,0.0,1.0,0.0,1.0,0.6922,0.0,1.0,5.1748132014588385e-06,-0.9999887813483889,11,1,11,45,1,45
feebdd8ad8a965a41af9,53,conjunction,0.99,32,1,577,1.0,1.0,0.0,0.9992,0.0008,1.0,0.7638,0.0008,0.9992,0.009055327539250887,-0.990844124046815,64,1,64,724,1,724
ff07a5b73d8152937041,11,conjunction,0.9,64,2,5313,1.0,1.0,0.0,1.0,0.0,1.0,0.7669,0.0,1.0,6.602077612150414e-06,-0.9999908643741016,23,1,23,23,1,23
ff3e41a7cd74cc299c3b,83,multiplexer,0.99,64,1,1153,1.0,1.0,0.0,0.9484,0.0516,0.99925,0.6269,0.0516,0.9484,0.0823928668937845,-0.9175356709281769,91,1,91,2896,1,2896
ff757c196ebf1affd398,23,parity,0.99,128,2,18817,1.0,1.0,0.0,0.0933,0.9067,0.991,0.508,0.9067,0.0933,0.9010966513673556,-0.09859504004829564,23,1,23,,0,4096
