run_id,seed,arm,q,k,beta,rho_y,intended_probability,iid_accuracy,iid_intended_probability,final_policy_entropy,proxy_flip_rate,exact_flip_rate,proxy_probability_ate,exact_probability_ate,reliably_intended_seed,acquisition_step,acquisition_observed,intended_probability_auc,trajectory_points
003d133a1c954be4163b,23,actor_critic_full,0.9,4,0.1,0.0,2.3906466038904884e-07,0.9,0.8999998427240518,1.961365569513873e-06,1.0,0.0,0.9999995742516263,-4.7267307354990493e-08,0,,0,0.004566805698422908,12
004e0d7917083d9ee8a2,53,actor_critic_full,0.9,4,0.003,0.0,6.667453010733028e-06,0.9,0.8999946421977145,8.7728702055756e-05,1.0,0.0,0.999986685355376,-3.667181552212936e-07,0,,0,0.004433879465959585,12
00935e9ff99825790df8,37,actor_critic_full,0.5,2,0.0,1.0,0.9999861349947722,1.0,0.9999896446473852,3.788033063756302e-05,0.0,1.0,4.24782421871126e-06,-0.9999777981113287,1,16,1,0.9927861645658429,12
00f501cca89f4217074e,67,actor_critic_full,0.5,3,0.03,1.0,0.9999763170210415,1.0,0.9999727909087193,0.0003402555885259062,0.0,1.0,-2.154722538457502e-05,-0.9999330798240166,1,64,1,0.9859666274832535,12
0100978a249330f6fb9a,97,actor_critic_full,0.9,4,0.1,0.0,5.2329384040053754e-08,0.9,0.8999999776430397,6.314759843917273e-07,1.0,0.0,0.9999999022672155,-1.1461590500316296e-08,0,,0,0.0041224127116794235,12
0197d248698dfdcbe457,37,actor_critic_subspace1024,0.9,3,0.3,0.0,1.1079224625445907e-05,0.9,0.8999929846864692,0.00010213066707365215,1.0,0.0,0.999979721267373,-1.5245459899650325e-06,0,,0,0.015391260511743284,12
023da9845571365323ee,97,actor_critic_full,0.9,3,0.1,0.0,6.0060951689191775e-06,0.9,0.9000009607078132,4.784133125212975e-06,1.0,0.0,0.9999938141488819,-5.824944705158167e-06,0,,0,0.0040203154354830515,12
02674995500a9774dff5,97,actor_critic_full,0.9,2,0.003,0.2517,0.25169874899267763,0.923,0.9229998222411341,3.86484225600725e-06,0.7483,0.2517,0.7483011151892942,-0.2516986067247967,0,,0,0.24483908896010842,12
03e554f85c8ef2934c15,97,actor_critic_full,0.75,3,0.03,0.2535,0.25349937736133005,0.813,0.8129993054505299,2.0293067791499197e-05,0.7465,0.2535,0.7464999047376095,-0.2534984422260321,0,,0,0.2105389037105134,12
03ff6fa59c3490473a31,37,actor_critic_full,0.5,4,0.3,1.0,0.9999663158654707,1.0,0.9999589301677541,0.0006337364320643246,0.0,1.0,-1.0661741184013839e-05,-0.9999150339412386,1,128,1,0.9765372514246075,12
04502fffda8aec27e3d4,23,actor_critic_full,0.5,2,0.003,1.0,0.999957356880164,1.0,0.9996293631883567,0.002552638528868556,0.0,1.0,-0.0007888441878107695,-0.9990675549733411,1,32,1,0.9920743177287465,12
0462cbee6dd539eb1481,41,actor_critic_subspace1024,0.9,3,0.1,0.0,6.146165553581315e-06,0.9,0.8999970583543557,4.354944758233614e-05,1.0,0.0,0.9999900399205657,-2.2226471389552247e-06,0,,0,0.01736446995593034,12
04ca236b79731d223399,41,actor_critic_full,0.9,2,0.003,1.0,0.9999973622071564,1.0,0.9999994510892827,6.5361887209292036e-06,0.0,1.0,2.255134322443386e-06,-0.9999970114316519,1,512,1,0.9087676664614389,12
04e7b372afe250bd5647,71,actor_critic_full,0.75,3,0.0,0.2521,0.2520954316261592,0.81,0.8099974689027098,1.2759534911310766e-05,0.7479,0.2521,0.7479024621283427,-0.252093415272512,0,,0,0.20900828568242324,12
052e40ec11188084593b,67,actor_critic_full,0.9,2,0.003,0.2435,0.24349828403438906,0.9245,0.924499211989509,1.453336722079257e-06,0.7565,0.2435,0.7565010939731102,-0.24349769052959253,0,,0,0.23749754963411268,12
061fef8be1f18e080004,67,actor_critic_full,0.75,2,0.1,1.0,0.999999104525524,1.0,0.9999993497994819,9.80066670308588e-06,0.0,1.0,3.0827611428022597e-07,-0.9999985334932574,1,128,1,0.9705813327640762,12
06405a28ad9a1954be40,101,actor_critic_full,0.5,2,0.1,1.0,0.9999758817735963,1.0,0.9999819458215568,0.00022958627960179,0.0,1.0,1.2107265056708427e-05,-0.9999637420096279,1,32,1,0.9917095105562286,12
065d8094de593dfcd868,67,actor_critic_full,0.9,4,0.03,0.0,2.434486052227688e-08,0.9,0.8999999793512491,3.520883637975203e-07,1.0,0.0,0.999999951489456,-3.534475040658449e-10,0,,0,0.004296702499449532,12
0673e9b403b7f7157666,101,actor_critic_full,0.9,2,0.0,1.0,0.9999494844971849,1.0,0.999994297823308,5.751447315560654e-05,0.0,1.0,4.974831061561814e-05,-0.9999486568773732,1,256,1,0.9304990847762795,12
067b4b4b6a269ddaa8da,37,reinforce_full,0.9,3,0.003,0.2506,0.25059934366037084,0.922,0.9219984242941014,2.569924072304275e-05,0.7494,0.2506,0.7493991685771364,-0.25059756930388627,0,,0,0.06697161438085045,12
06bc302bda1b14f3c875,101,actor_critic_full,0.99,2,0.3,0.2503,0.2500188758701098,0.9925,0.9924927134534987,4.61628042103257e-06,0.7497,0.2503,0.7499806774898484,-0.2500183923735778,0,,0,0.19915193475108361,12
06e04c92c8e783e3e560,83,actor_critic_full,0.99,4,0.01,0.0,3.120674287369394e-06,0.99,0.9899968660073862,4.989685112377629e-05,1.0,0.0,0.999993852627148,1.3805644030222682e-07,0,,0,0.0043696111650764966,12
072ae05cf27a401598d7,97,actor_critic_full,0.9,4,0.0,0.0,2.6938312012122783e-06,0.9,0.8999977277278931,3.165648377034813e-05,1.0,0.0,0.999994895253014,-2.3396063779484335e-07,0,,0,0.004039658708893362,12
0751589e86b2a59825d5,53,reinforce_full,0.9,3,0.03,0.0,3.5307644155272266e-07,0.9,0.8999998347015974,2.8867173114122124e-06,1.0,0.0,0.9999994316590506,-1.2847949198908443e-07,0,,0,0.004391478427438194,12
07726c811bda488cb0d6,11,actor_critic_full,0.99,4,0.003,0.0,9.618127088926912e-07,0.99,0.989999400146165,4.418365733727114e-06,1.0,0.0,0.9999985127390449,-4.0455925233806965e-07,0,,0,0.004307758671404272,12
083a137456ccd3d7b19b,11,actor_critic_full,0.75,4,0.003,0.0,1.7847689678579136e-08,0.75,0.7499999939623619,3.6638013511947065e-07,1.0,0.0,0.9999999700567485,-3.4990928656935496e-09,0,,0,0.004955241947987026,12
088ed7c742ee4d511ba9,97,actor_critic_full,0.99,2,0.3,0.0,9.065736810634957e-05,0.99,0.9900000568594866,5.470320047606947e-06,1.0,0.0,0.9999090672454691,-9.038976292950576e-05,0,,0,0.0044625396833197755,12
08a7c649ed696bc05bee,11,actor_critic_full,0.9,2,0.03,1.0,0.9999981419550767,1.0,0.9999993468489347,8.069741852523293e-06,0.0,1.0,1.335443562007621e-06,-0.9999975963318799,1,1024,1,0.702175403817241,12
08c21cfac5184545694d,53,actor_critic_full,0.75,2,0.01,1.0,0.9999988927346393,1.0,0.9999955664623595,2.1836629457538947e-05,0.0,1.0,-4.27908444499755e-06,-0.9999935949765817,1,128,1,0.9708611056547759,12
09093a091255ed47382d,53,actor_critic_full,0.9,4,0.03,0.0,1.6906982667459036e-06,0.9,0.8999994068468775,6.6186225922137965e-06,1.0,0.0,0.9999970717972374,-2.0835800623461702e-07,0,,0,0.004430711119793491,12
092bc4ebb8acf80bc9f1,71,actor_critic_full,0.99,3,0.3,0.0,3.276011686850419e-08,0.99,0.9899999497394587,7.352049351538881e-07,1.0,0.0,0.9999999135467924,2.0496459593643806e-08,0,,0,0.00405025240345668,12
092d65ecd1824f47c62f,11,actor_critic_full,0.75,3,0.01,0.2532,0.2531993958386388,0.8115,0.8114977758805735,2.249233511975035e-05,0.7468,0.2532,0.7467979832134346,-0.25319681584404025,0,,0,0.23395132236251098,12
09f899d9e51820971f02,97,actor_critic_full,0.75,3,0.0,0.2523,0.25229853650138145,0.8095,0.8094951842190821,3.865729013341479e-05,0.7477,0.2523,0.7476959137557082,-0.2522926712417767,0,,0,0.16218333956693182,12
0a3ba310fecb03b105ec,37,actor_critic_full,0.75,2,0.003,1.0,0.999994045454331,1.0,0.9999963059777492,1.6592208339716308e-05,0.0,1.0,5.553016745512973e-06,-0.9999936387140449,1,64,1,0.982711135813419,12
0a5394052fa8d5936356,41,actor_critic_full,0.75,4,0.0,0.0,2.6668564236608693e-07,0.75,0.7499999473128935,6.535221075409936e-08,1.0,0.0,0.9999996182728719,-1.7564910796876125e-07,0,,0,0.005005539715325154,12
0a7346884d83d4399dd8,71,actor_critic_subspace1024,0.9,3,0.3,0.0,5.0980352385057975e-06,0.9,0.8999969232182697,3.9966638723853976e-05,1.0,0.0,0.9999908142417886,-9.995652022003594e-07,0,,0,0.015218732225087057,12
0aa46d6284712cf3cbce,41,actor_critic_full,0.9,2,0.0,1.0,0.9999902854280924,1.0,0.9999986422385737,2.681067053345032e-05,0.0,1.0,9.656819015459062e-06,-0.9999902253858571,1,512,1,0.8755545653270305,12
0b01ed784dfe0feca8c2,71,actor_critic_full,0.99,4,0.1,0.0,1.6529397062285915e-06,0.99,0.98999901327882,1.0479882803338114e-05,1.0,0.0,0.9999969653753158,-3.846971742014846e-07,0,,0,0.0040279327201559415,12
0b03718bf836bb880f97,71,actor_critic_full,0.75,4,0.01,0.0,7.257338145885824e-11,0.75,0.7500000000001887,3.357788005975415e-11,1.0,0.0,0.9999999998979922,-4.888675417709404e-11,0,,0,0.004659953182321858,12
0b17ab443449f1b061ef,37,actor_critic_full,0.5,3,0.03,1.0,0.9999941383278595,1.0,0.9999943236242279,6.932792166480795e-05,0.0,1.0,-5.375251465128294e-07,-0.9999876777964473,1,64,1,0.987958060617682,12
0b9e48ef87fd09713a3f,53,actor_critic_full,0.5,2,0.03,1.0,0.9999990900839908,1.0,0.9999991869669079,1.2199049706396181e-05,0.0,1.0,1.718250591388748e-07,-0.9999983634500351,1,32,1,0.9918158113856874,12
0c03787f484911cbe16f,83,actor_critic_full,0.99,3,0.1,0.0,5.711989940141561e-08,0.99,0.9899999488565928,8.911994768823206e-07,1.0,0.0,0.9999998889098868,-1.4789798274512322e-09,0,,0,0.004399647325837454,12
0c1241f06f8f117d7771,37,actor_critic_full,0.75,3,0.1,0.2587,0.2586998665369472,0.81025,0.8102499509316654,6.197612947289599e-07,0.7413,0.2587,0.7413001197508284,-0.2586998532013916,0,,0,0.2518241463186486,12
0c161d7319695dd8b94a,53,actor_critic_full,0.99,3,0.01,0.0,2.3405061597638993e-07,0.99,0.9899995770335661,1.1789406926254742e-05,1.0,0.0,0.9999993402919009,1.3414218827092728e-07,0,,0,0.004250474422944167,12
0c1f499340b3a99559eb,97,actor_critic_full,0.99,2,0.003,0.2517,0.2516999988195412,0.9935,0.9934999325427168,1.0177735703109647e-06,0.7483,0.2517,0.748299916751998,-0.2516999278061982,0,,0,0.208637602815027,12
0c4ed8faf7ad4a07b966,23,actor_critic_full,0.9,2,0.0,1.0,0.9999929257557093,1.0,0.9999968471934426,4.1476039768895134e-05,0.0,1.0,4.700611729963366e-06,-0.9999903837650733,1,256,1,0.9246048412814594,12
0c5c93d7ff08c9232f30,11,actor_critic_subspace1024,0.9,3,0.1,0.0,7.724511966930516e-06,0.9,0.8999937483932828,0.00010354611731600016,1.0,0.0,0.9999839449143779,5.471551537193658e-07,0,,0,0.016969359733645054,12
0c71a4f96e2d4337f557,23,actor_critic_full,0.5,2,0.01,1.0,0.9999946052266728,1.0,0.9999944594092148,4.391100810607895e-05,0.0,1.0,2.0501782837435423e-07,-0.9999894078263365,1,32,1,0.9920874433362021,12
0d44a3bf07d856d9d05f,101,actor_critic_full,0.5,3,0.03,1.0,0.9999766055235374,1.0,0.9999629895461759,0.00039287423714995384,0.0,1.0,-3.476729923846201e-05,-0.9999188396079566,1,64,1,0.9863855309544516,12
0d745e2b9e2d9ebaea1b,101,actor_critic_full,0.75,2,0.003,1.0,0.9999798274154724,1.0,0.9999896425881266,9.859889541985467e-05,0.0,1.0,1.3423217994042792e-05,-0.9999728076677092,1,64,1,0.9819616704258619,12
0e24e31baa0c41e1bdd1,97,actor_critic_full,0.9,2,0.03,0.2517,0.2517000508729352,0.923,0.9229972363930001,4.106114647584036e-05,0.7483,0.2517,0.748296836680432,-0.25169713918574044,0,,0,0.24691248129856377,12
0e338f2f9cc23f53fdb6,71,actor_critic_full,0.9,4,0.3,0.0,2.4420379481549388e-05,0.9,0.8999938432447937,0.00020848530402872711,1.0,0.0,0.9999705301346726,-1.7987128979059938e-05,0,,0,0.00436468628306374,12
0e391b3ed21d81d37c15,97,actor_critic_full,0.5,3,0.3,1.0,0.9999981079122648,1.0,0.9999977406300424,2.3123391656554304e-05,0.0,1.0,-5.897467236934517e-07,-0.9999956853898917,1,64,1,0.9851264141575855,12
0ea738056613bd86bb42,11,actor_critic_full,0.5,3,0.1,1.0,0.999971892063196,1.0,0.9999843934971809,0.00018638733308762312,0.0,1.0,1.870383773991785e-05,-0.9999622158475083,1,64,1,0.9857748642855436,12
0f3888655c9b6be61860,53,actor_critic_full,0.5,4,0.01,1.0,0.9999384640770178,1.0,0.9999447718091338,0.000248205877142027,0.0,1.0,2.596347693071648e-05,-0.999904718009027,1,128,1,0.9778623850461194,12
0f9ef322a40e30b55600,71,actor_critic_full,0.75,3,0.3,0.2508,0.2507997385856821,0.81375,0.8137496306462769,3.122373527730815e-06,0.7492,0.2508,0.7491999007473618,-0.2507993578448821,0,,0,0.24456166812017946,12
0fa54dbad7edfdde2253,37,actor_critic_full,0.5,3,0.01,1.0,0.9999991794952724,1.0,0.9999993741947332,1.0811112588271499e-05,0.0,1.0,4.4024012590422324e-07,-0.9999987993265957,1,64,1,0.9878454504620073,12
0fad53a2ce113e416bcc,41,actor_critic_full,0.99,4,0.1,0.0,6.985262445515606e-06,0.99,0.9899957534104211,3.412821388337761e-05,1.0,0.0,0.9999893698400661,-2.5328562062002133e-06,0,,0,0.004363667490115919,12
10257ca11219872cb62f,71,actor_critic_full,0.99,4,0.0,0.0,2.2956368440125128e-07,0.99,0.9899997936010709,2.1568487227341393e-06,1.0,0.0,0.9999995260153737,-4.2342667114205214e-08,0,,0,0.004030317474216784,12
105c07656816d3a1f326,71,actor_critic_full,0.75,4,0.03,0.0614,0.06135991725611434,0.76675,0.7667482253704068,2.3836309992475435e-05,0.9386,0.0614,0.9386399276131356,-0.061359762666904426,0,,0,0.05396241019486812,12
1069907ebbcb0bfa043b,71,actor_critic_full,0.9,2,0.1,0.5,0.49998819615850987,0.95,0.9499980600907473,5.015836904931348e-06,0.5,0.5,0.5000117230708377,-0.49998811796600756,0,,0,0.3038852473262306,12
10c37bb191c994df9e43,37,actor_critic_full,0.75,2,0.0,1.0,0.9999978025923371,1.0,0.9999989888146109,1.2560228242364246e-05,0.0,1.0,1.5520304160354658e-06,-0.999997176098955,1,64,1,0.9828319500184008,12
10c76137cee894e68345,101,actor_critic_full,0.5,4,0.01,1.0,0.9999568120258213,1.0,0.9999417285201303,0.00014393618039321154,0.0,1.0,-5.466803026143862e-05,-0.9998378692934531,1,128,1,0.978009022941697,12
10d9360cec29c9a85355,83,actor_critic_full,0.9,4,0.3,0.0,3.652405154443896e-07,0.9,0.8999997911215967,3.740851752809249e-06,1.0,0.0,0.9999993159584053,-4.442980296936365e-08,0,,0,0.004639883069040896,12
10dc4b91ef9f1dd737b7,71,actor_critic_full,0.9,4,0.003,0.0,4.4243896125871814e-07,0.9,0.8999995589874471,3.59040768671548e-06,1.0,0.0,0.9999990540746694,3.4499306975298354e-08,0,,0,0.004160278609443816,12
10fe66416f621fcd3925,71,actor_critic_full,0.9,2,0.3,0.2475,0.24749783680203255,0.9275,0.9274998573652485,1.9656759775443788e-07,0.7525,0.2475,0.7525021618084115,-0.24749783527101304,0,,0,0.2447749942858305,12
11405099d6acc825f85e,83,actor_critic_full,0.75,2,0.003,1.0,0.9999863613648687,1.0,0.9999938822550413,5.1144539611414075e-05,0.0,1.0,9.533331097315966e-06,-0.9999822855241893,1,128,1,0.972962997507336,12
117268f0e2cbef46d0f6,11,actor_critic_full,0.75,4,0.01,0.0,2.5250060908558737e-06,0.75,0.7499907774363217,8.363404958799947e-06,1.0,0.0,0.9999810895457447,1.3018056746864995e-05,0,,0,0.004949231372864301,12
124346feb17024ce19d2,23,actor_critic_full,0.75,4,0.0,0.0,1.145465875431775e-06,0.75,0.7499995116638506,1.544751285109669e-05,1.0,0.0,0.999997803601599,-8.263986954933444e-08,0,,0,0.005018358579601256,12
124aa8bfcbdac925fe5c,11,actor_critic_full,0.99,4,0.0,0.0,3.2875832086449107e-06,0.99,0.9899973643147503,6.850159934401745e-06,1.0,0.0,0.9999938698390082,-4.0441350644383025e-07,0,,0,0.004314076579361769,12
124fdaf2c7e3f5c54372,11,actor_critic_full,0.9,4,0.0,0.0,2.0799555874907127e-07,0.9,0.8999996964984377,1.8758893247650121e-06,1.0,0.0,0.9999996386915253,-1.0307580561109988e-08,0,,0,0.0044719673778140095,12
128b5bf1d52d70e605ee,83,reinforce_full,0.9,3,0.1,0.0,3.040711462682345e-07,0.9,0.899999779673295,3.7263919239194365e-06,1.0,0.0,0.999999430686865,-3.195235183352153e-08,0,,0,0.00453785040116106,12
12f28366fbc03c94e4ec,11,actor_critic_full,0.99,4,0.03,0.0,2.90395669804727e-07,0.99,0.989999805301231,5.442739166028332e-06,1.0,0.0,0.9999994662151874,-6.935936809732966e-08,0,,0,0.0043075132393872164,12
1305c63110423567c574,23,actor_critic_full,0.5,4,0.1,1.0,0.9996846852941533,1.0,0.9997293416110764,0.0012303655967116356,0.0,1.0,0.00011900617766416901,-0.9994809015681172,1,128,1,0.9765651533156045,12
130d87b6bb14dd4e347f,97,actor_critic_full,0.75,2,0.0,1.0,0.9999881477198856,1.0,0.9999962822450033,3.856410694424994e-05,0.0,1.0,1.1539171923022196e-05,-0.9999878527361967,1,64,1,0.9794055136146899,12
1313ea0be19e18582011,67,actor_critic_full,0.99,4,0.1,0.0,7.964457534031116e-06,0.99,0.98999874054004,2.9499269658117555e-05,1.0,0.0,0.9999917471672652,-6.997265267322604e-06,0,,0,0.0041658862385520355,12
131946aa01ae5fe471fd,97,actor_critic_full,0.5,2,0.01,1.0,0.9999968006519022,1.0,0.9999981874230567,4.565510153042851e-06,0.0,1.0,3.1494967428065455e-06,-0.9999967499248106,1,32,1,0.991643119098716,12
13b2d91af556f27325d9,67,actor_critic_full,0.9,4,0.01,0.0,2.018512700424408e-08,0.9,0.9000000048085938,3.088885875968117e-07,1.0,0.0,0.9999999648847421,-6.020876362491561e-09,0,,0,0.004289109091300104,12
1404348fd58a43eeeaf2,37,actor_critic_subspace1024,0.9,3,0.01,0.0,7.963263182475571e-07,0.9,0.899999539770188,6.948946975171566e-06,1.0,0.0,0.9999985663977885,-1.7085605128806027e-07,0,,0,0.014683014300548244,12
14de578e2f3f69bb0038,97,actor_critic_full,0.99,3,0.0,0.0,6.670039443241755e-08,0.99,0.9899999252225922,4.558163482215605e-07,1.0,0.0,0.9999998638622531,1.9500140375451454e-08,0,,0,0.003840347201304898,12
154dda069e089d549bd1,67,actor_critic_full,0.99,2,0.003,0.2435,0.24349971123047434,0.99275,0.9927477982401968,1.5883988453424536e-05,0.7565,0.2435,0.7564982177395216,-0.24349764012039748,0,,0,0.20251333967373666,12
162a9d2fc3ef73481133,37,actor_critic_full,0.5,3,0.3,1.0,0.9999983145700378,1.0,0.9999978916141307,2.1558424123213626e-05,0.0,1.0,-1.32009918039937e-06,-0.9999954704155236,1,64,1,0.9880548822711718,12
16b0351231aea4c62cc8,53,actor_critic_full,0.5,4,0.1,1.0,0.9999666793648712,1.0,0.9999257513285974,0.00030318248900584877,0.0,1.0,-6.389273492025518e-05,-0.9998595892368192,1,128,1,0.9775166479193798,12
16fc5bccfe6cd8f04f20,71,actor_critic_full,0.99,2,0.0,0.2515,0.25149834230263074,0.99275,0.992749812136235,1.3529092939279508e-06,0.7485,0.2515,0.7485014706664422,-0.2514981774027416,0,,0,0.1580834995112732,12
1711d43e58ee3de45ead,101,actor_critic_subspace1024,0.9,3,0.01,0.0,1.0005645215950346e-05,0.9,0.8999913235636522,0.00010764584294520319,1.0,0.0,0.9999795165551199,9.45377012896216e-08,0,,0,0.017661622905051483,12
17974a45b38f7a28aa50,11,actor_critic_full,0.9,4,0.003,0.0,6.248348570837687e-07,0.9,0.8999994762301944,7.225779881991912e-06,1.0,0.0,0.9999987852295057,2.1049080758772714e-08,0,,0,0.004449201425378188,12
17a60b8472fde3cd3c8e,11,actor_critic_full,0.9,3,0.1,0.0,2.9342688535877346e-06,0.9,0.899998998366637,1.3184443560021464e-05,1.0,0.0,0.9999958639346834,-1.7558066318630965e-06,0,,0,0.004451208090365533,12
17ffd545dc6464416851,23,actor_critic_full,0.99,4,0.003,0.0,1.2412520874786401e-06,0.99,0.989998111584348,5.968786354060285e-06,1.0,0.0,0.9999969031408605,1.4365877987369597e-06,0,,0,0.004363671260457124,12
18384729674181201701,53,actor_critic_full,0.99,3,0.03,0.0,1.6521709429606843e-06,0.99,0.9899982158111046,1.665249146753922e-05,1.0,0.0,0.9999962281413476,2.881513815498908e-07,0,,0,0.0042487618726734615,12
18636f06110395708aeb,71,actor_critic_full,0.75,4,0.003,0.0,1.4761438908635087e-06,0.75,0.7499989469112943,2.0912106265313923e-05,1.0,0.0,0.9999966382859129,4.609775560106281e-07,0,,0,0.004635697522915553,12
1897c30eb62b3d7049fd,83,actor_critic_subspace1024,0.9,3,0.1,0.0,6.526026145279148e-06,0.9,0.899994220965589,7.11566026438959e-05,1.0,0.0,0.9999874402966412,-4.775913807745856e-08,0,,0,0.01658956789614792,12
18cb6f5286478e4df7ca,41,actor_critic_full,0.9,2,0.03,1.0,0.9999880844585343,1.0,0.9999977750883313,1.3966420738142915e-05,0.0,1.0,1.0181672826611665e-05,-0.9999864819066151,1,512,1,0.8777437019652577,12
1942fa35014e9b8a7651,101,actor_critic_full,0.99,2,0.0,0.9985,0.9969618405627015,1.0,0.9999976680886702,1.0262274372507818e-06,0.0015,0.9985,0.0030381273742156067,-0.9969618043185671,1,,0,0.45038446124025316,12
1945bf9bd2f15b767ccf,71,actor_critic_full,0.75,2,0.03,1.0,0.9999981559474234,1.0,0.9999990741563185,3.964287770941155e-06,0.0,1.0,1.5073576706597924e-06,-0.9999978327765902,1,128,1,0.9775514179830563,12
19db73bebf5f32ccf662,11,actor_critic_full,0.9,2,0.01,0.2548,0.25480054863309115,0.927,0.9269954989034435,2.7235717425355688e-05,0.7452,0.2548,0.7451950763591509,-0.25479579018403187,0,,0,0.24680289771547556,12
1a58d86dc35edf156258,41,actor_critic_full,0.5,3,0.03,1.0,0.9999983507002475,1.0,0.9999984052837942,1.564294143463485e-05,0.0,1.0,2.7199093182050936e-08,-0.9999968196623458,1,64,1,0.9858683653897624,12
1a68ac2042f9100382f9,41,actor_critic_full,0.9,4,0.0,0.0,1.9474830913638957e-06,0.9,0.8999975299406154,1.188774604088394e-05,1.0,0.0,0.9999957643157615,4.846142877709948e-07,0,,0,0.004464154614377968,12
1a901b99df9f851a7309,41,actor_critic_full,0.99,2,0.03,0.2562,0.25610248459372925,0.993,0.9929990571243148,6.3471261455561034e-06,0.7438,0.2562,0.7438968449446823,-0.25610180973059754,0,,0,0.206840974912105,12
1a93ba54678a7c67d03b,71,actor_critic_full,0.5,4,0.01,0.9422,0.9421989255158912,0.9365,0.9364963264725398,3.007063605764415e-05,0.0,0.8787250000000001,-6.343036379729691e-06,-0.8787165329513739,1,128,1,0.9231185427848281,12
1b02cbda676e1a589abf,11,actor_critic_full,0.5,2,0.3,1.0,0.9999963382806022,1.0,0.9999961048412777,5.04515555803664e-05,0.0,1.0,-1.8254507540924614e-07,-0.9999923527673701,1,32,1,0.9925355980005371,12
1b07d1c6c82301a01a92,67,reinforce_full,0.9,3,0.03,0.0,1.498894249198589e-05,0.9,0.8999898661212788,8.475762297166511e-05,1.0,0.0,0.9999690604541207,1.7210837689504253e-06,0,,0,0.004267395098860494,12
1b71b9f74b8323b6ccc0,11,actor_critic_full,0.75,4,0.0,0.1273,0.12729889212941645,0.78,0.7799991288687319,9.380077244713902e-06,0.8727,0.1273,0.872699921481263,-0.1272976464897372,0,,0,0.08365960380362203,12
1ba21e9cd7b01250d061,23,actor_critic_full,0.5,4,0.0,1.0,0.9999835433039116,1.0,0.9999879318129368,0.00012725809938274324,0.0,1.0,7.256516243526023e-06,-0.9999750816851982,1,128,1,0.9752094608731183,12
1bb6de54c4425a32edef,67,actor_critic_full,0.5,4,0.03,0.9372,0.9371626785365664,0.9435,0.9434175462407717,0.000641644699499011,0.0,0.87465,-7.087048759376749e-05,-0.8744981391443234,1,128,1,0.9168346558514138,12
1c616420501ac385672c,37,actor_critic_full,0.75,2,0.03,1.0,0.9999170443524071,1.0,0.9999581639862613,0.00017198664136230946,0.0,1.0,5.755154130876591e-05,-0.9998900998211793,1,64,1,0.9829418125933393,12
1c9964893e6cf6a61c6c,41,actor_critic_full,0.75,4,0.1,0.0613,0.06111957775694791,0.76575,0.7655529719799952,6.990903330006404e-06,0.9387,0.0613,0.9388803508759093,-0.06111950899837372,0,,0,0.04483610743054604,12
1d74368c605783fc62dd,67,actor_critic_full,0.5,4,0.1,0.9372,0.9370758525903952,0.9435,0.9434147433882765,0.000601762963924557,0.0,0.87465,5.2805102659313864e-05,-0.8744502437311525,1,128,1,0.9168595713626584,12
1d83091f09f52cc270c3,23,actor_critic_full,0.99,3,0.0,0.0,5.234784044214404e-06,0.99,0.9899963090474605,7.480148633476347e-05,1.0,0.0,0.9999904368871169,-1.3116117359105553e-06,0,,0,0.004345946310300635,12
1e71fbd27c710b46ce26,71,actor_critic_full,0.9,3,0.0,0.0,6.038016601610866e-09,0.9,0.8999999959802023,8.008268537196273e-08,1.0,0.0,0.9999999859706163,1.9403963772111705e-09,0,,0,0.0041467887650014955,12
203e2b62d68b5f41fb8c,83,actor_critic_full,0.9,2,0.03,1.0,0.9999979108938389,1.0,0.9999984141861458,1.6939979104790837e-05,0.0,1.0,5.075024754658819e-07,-0.9999963660140043,1,256,1,0.9363892375889479,12
2067004495c50614dfd1,97,actor_critic_subspace1024,0.9,3,0.3,0.0,6.999050451211593e-06,0.9,0.8999943474596555,8.937512029660866e-05,1.0,0.0,0.9999854171953081,4.753464037764633e-07,0,,0,0.015959439615992662,12
20f016d783c84b256f3a,101,actor_critic_full,0.99,2,0.003,0.2509,0.25089084807147427,0.9925,0.9924972414068725,1.4538369214278646e-05,0.7491,0.2509,0.7491064221389597,-0.2508880444432948,0,,0,0.2052925586093222,12
210802bb0427885f3f19,11,actor_critic_full,0.5,4,0.0,0.8744,0.874380782448671,0.879,0.8787860327995028,0.00032697379356250167,0.0,0.7505499999999999,-0.0003955087238396481,-0.7501114050611273,0,,0,0.8577719755752303,12
21654c7237c43d957041,101,reinforce_full,0.9,3,0.0,0.0,1.9353901381013485e-06,0.9,0.8999980791338179,2.9920945962658152e-05,1.0,0.0,0.9999957356682592,2.1986096888231542e-07,0,,0,0.004868890267493834,12
21f7885a4076b96b9cdb,67,actor_critic_full,0.75,2,0.3,1.0,0.9999241161718327,1.0,0.9999592321804817,5.496622179634869e-05,0.0,1.0,6.489842807105733e-05,-0.9999113645756772,1,64,1,0.982694237094199,12
21fc89ca48e101f2354f,37,actor_critic_full,0.5,2,0.01,1.0,0.9999843624853025,1.0,0.9999810866653993,0.00014529639156535268,0.0,1.0,-8.885842299790892e-06,-0.99996096403226,1,16,1,0.9927851674610533,12
22c9921c0903a241fa09,37,actor_critic_full,0.99,2,0.3,0.2537,0.25323626114024095,0.99175,0.9917432801690379,4.03873018512968e-05,0.7463,0.2537,0.7467636141019655,-0.2532361275113565,0,,0,0.21824915605322906,12
23204751e10e59cafea5,67,actor_critic_full,0.5,3,0.0,1.0,0.9999722881235519,1.0,0.9999774898761873,0.0001451360440114513,0.0,1.0,8.521820774507794e-06,-0.999953171202067,1,64,1,0.9858872668850482,12
232cc56467a19706ee93,101,actor_critic_full,0.99,2,0.1,0.9993,0.996698805999518,1.0,0.999978033017548,1.7894777556648478e-05,0.0007,0.9993,0.0033010810472969454,-0.9966986895567567,1,1024,1,0.6773183829203835,12
2376b61d3f23cacf346c,71,actor_critic_full,0.75,2,0.1,1.0,0.9999946491202251,1.0,0.9999989326330895,1.1849622751469724e-05,0.0,1.0,4.5472976131420315e-06,-0.9999938534417594,1,64,1,0.9804561472075245,12
23a1c7f835065b41580c,53,actor_critic_full,0.5,3,0.03,1.0,0.999994173063109,1.0,0.9999864999637733,8.540102862752974e-05,0.0,1.0,-1.2099412213760652e-05,-0.9999708719241321,1,64,1,0.9857278327032427,12
242a067e1c3cb8e53bc9,97,actor_critic_full,0.75,4,0.03,0.0,5.226878355331419e-07,0.75,0.7499998699189245,5.446079285320593e-06,1.0,0.0,0.9999991141809047,-1.328952370023305e-07,0,,0,0.004539810041919881,12
2439da63ec89743a16d7,67,reinforce_full,0.9,3,0.1,0.2467,0.24666954618758263,0.92425,0.9242498065726047,8.339997293660417e-06,0.7533,0.2467,0.7533304337305327,-0.24666952405485731,0,,0,0.06599700891874898,12
2444a611fef758eab196,53,actor_critic_full,0.9,3,0.03,0.0,6.476018526778212e-07,0.9,0.8999995085777679,7.37970185582526e-06,1.0,0.0,0.9999987179331652,-5.969295260142791e-09,0,,0,0.004375740126303671,12
244962390af634ce6903,23,actor_critic_full,0.99,3,0.01,0.0,1.8430974638888735e-08,0.99,0.9899999824534196,2.1608727251987148e-07,1.0,0.0,0.9999999627386406,3.245702344694027e-10,0,,0,0.004377897194572562,12
2495d356a5ed11b249a3,83,actor_critic_full,0.9,2,0.01,1.0,0.999988596083012,1.0,0.9999982427411903,2.0161065549473278e-05,0.0,1.0,1.0572970883946453e-05,-0.9999877967470364,1,256,1,0.9423743607079911,12
2578427129e81e028994,83,actor_critic_full,0.99,3,0.03,0.0,6.949593576416737e-08,0.99,0.9899999073231168,8.548977348254994e-07,1.0,0.0,0.9999998207783092,3.73097223971281e-08,0,,0,0.004383074694947474,12
25ebd0b9ec6b81e9d816,37,actor_critic_subspace1024,0.9,3,0.0,0.0,4.538031104906676e-06,0.9,0.8999969301208324,4.7264482418540865e-05,1.0,0.0,0.999991416032948,-5.815712862838147e-07,0,,0,0.014675005947233161,12
265b7e6246b8bd360822,101,actor_critic_full,0.5,4,0.3,0.9994,0.9981165466247931,0.99975,0.9988498777972218,0.006002101581543684,0.0006,0.9994,0.0015240672765507942,-0.9976910611697403,1,128,1,0.9767251087230241,12
267ce299f22c7be6e611,67,actor_critic_full,0.5,2,0.01,1.0,0.9999874383090178,1.0,0.9999924714706067,6.783856224501505e-05,0.0,1.0,9.695563991803568e-06,-0.9999844935647161,1,32,1,0.9917470165740788,12
2686830cf4ea7ce997e5,71,actor_critic_full,0.5,4,0.03,1.0,0.9999942303622356,1.0,0.9998706694155586,0.0005939581315033138,0.0,1.0,-0.0002060492483846139,-0.9997857559779927,1,128,1,0.9698749387327514,12
26a5aa65a5ea4a477a5e,11,actor_critic_full,0.75,3,0.003,0.0,1.3400790261989353e-06,0.75,0.7499996303821704,1.186546705866931e-05,1.0,0.0,0.9999978020774215,-4.888923448600222e-07,0,,0,0.004860739181443252,12
2732a8e2d21b11616725,37,actor_critic_full,0.75,3,0.0,0.2587,0.25869906472095056,0.81025,0.8102491987974718,6.251596914808033e-06,0.7413,0.2587,0.7413001161055912,-0.2586982085580738,0,,0,0.25138189197546884,12
27597c41e92d2952cbfe,97,actor_critic_full,0.99,2,0.01,0.2517,0.2510667261239694,0.9935,0.9934956673742573,0.0018018067348748446,0.7483,0.2517,0.7489284995242413,-0.25106278356241485,0,,0,0.16148730331012734,12
280f2012e88ecc736e23,97,actor_critic_full,0.9,4,0.01,0.0,2.120007945609779e-07,0.9,0.8999998472122525,1.3816689943269012e-06,1.0,0.0,0.9999995824538959,-5.4502619368023895e-09,0,,0,0.004053710437910706,12
285d5c7e1e3f57632c4d,71,actor_critic_full,0.99,4,0.03,0.0,2.2872427847603988e-07,0.99,0.9899999229956699,3.25625615005265e-06,1.0,0.0,0.9999972058255682,2.105969525456913e-06,0,,0,0.004030674485973801,12
28f84797098cabd310ab,37,actor_critic_full,0.99,2,0.01,0.2463,0.24619390421454818,0.99325,0.9932490041268769,6.56744850857649e-06,0.7537,0.2463,0.753805786995112,-0.24619359886524395,0,,0,0.2025759032660092,12
292b717ad8221f48309b,83,reinforce_full,0.9,3,0.03,0.0,1.8878108942099643e-06,0.9,0.899995962338598,4.6769036998739466e-05,1.0,0.0,0.9999936012423699,2.588813207613478e-06,0,,0,0.004526007711075817,12
297344a521453fdb5cee,11,actor_critic_full,0.99,2,0.003,0.2512,0.2511998455801865,0.99175,0.991733059752137,0.00014976723468862474,0.7488,0.2512,0.7487836954371223,-0.2511844527063567,0,,0,0.06745546432855488,12
299ec679dd218f118369,41,actor_critic_subspace1024,0.9,3,0.03,0.0,2.438198751660712e-05,0.9,0.89998359017597,0.00016295682871714234,1.0,0.0,0.999956133683182,-5.3558519498166515e-06,0,,0,0.01718098167909797,12
29b86fb9beac8015896f,53,actor_critic_full,0.5,2,0.1,1.0,0.9999975844566876,1.0,0.9999974918977169,1.8853030269383453e-05,0.0,1.0,4.734015271494752e-08,-0.9999951336409341,1,32,1,0.9917350560754719,12
29f85d6d6ec45cf0f090,101,actor_critic_full,0.5,3,0.0,1.0,0.9999979374226688,1.0,0.9999986834062723,1.4661793102277443e-05,0.0,1.0,1.0936142234072355e-06,-0.9999969588561148,1,64,1,0.9864422320477232,12
2a2e57e502368cac979a,97,actor_critic_full,0.5,4,0.03,0.9399,0.9385913102519502,0.92675,0.9264253496853957,0.0033962212037295103,0.0,0.878625,0.0006677733966764202,-0.8766343941323862,1,128,1,0.9195032629490254,12
2a33c38c7e7a9021edeb,67,actor_critic_full,0.99,4,0.01,0.0,9.07340400745434e-07,0.99,0.9899990477999218,1.5070595509314444e-05,1.0,0.0,0.9999982551415835,-1.2246131422771232e-07,0,,0,0.00414274210699224,12
2a93f31ae1f3c7bf909c,67,actor_critic_full,0.99,2,0.0,0.2435,0.24320656383768519,0.99275,0.9927492388621822,5.115451244819269e-07,0.7565,0.2435,0.7567934070065847,-0.2432065357905901,0,,0,0.2024891205873779,12
2a97738124feb707ed07,83,actor_critic_full,0.99,4,0.0,0.0,2.787142084403504e-06,0.99,0.9899972125127214,4.5042619603918865e-05,1.0,0.0,0.9999944957041658,1.2421722400350036e-07,0,,0,0.00436894938110776,12
2ac024587feb3134cb4b,11,actor_critic_full,0.5,3,0.01,1.0,0.9999984747337594,1.0,0.9999932546531551,5.993756712996401e-05,0.0,1.0,-8.988450692320017e-06,-0.9999871711920735,1,64,1,0.9856242369137649,12
2b67379916c23951cecb,101,actor_critic_full,0.75,4,0.01,0.0,6.020847871067656e-08,0.75,0.7499999503096323,2.8928923256898997e-06,1.0,0.0,0.9999998492124218,3.774156946403103e-08,0,,0,0.005423518965332922,12
2c3e124b72943356e2b0,41,actor_critic_full,0.75,3,0.01,0.2457,0.24569890880358508,0.81225,0.8122465499172695,1.822922786232084e-05,0.7543,0.2457,0.7542965936123838,-0.24569481890443487,0,,0,0.22767879297390098,12
2c90d98f6425f25a6599,67,actor_critic_full,0.75,3,0.03,0.2551,0.2550999977329606,0.81,0.8099997500495386,3.3058231565519236e-06,0.7449,0.2551,0.7448996676642476,-0.25509952400521785,0,,0,0.23593320032235543,12
2ce21f99f3e69be4d6e2,23,actor_critic_full,0.5,2,0.03,1.0,0.9999973776145012,1.0,0.9999951235812082,3.878082861774601e-05,0.0,1.0,-5.960283029519431e-06,-0.9999883181982427,1,32,1,0.9920771513616066,12
2cf3cb99003a1f148104,41,actor_critic_full,0.9,4,0.3,0.0,4.7431647679316255e-07,0.9,0.8999995546523669,7.1684121394355316e-06,1.0,0.0,0.9999987327487501,2.0433143622835402e-07,0,,0,0.004707213531226964,12
2de0726761474d31aa6a,101,actor_critic_full,0.99,4,0.3,0.0,2.9322643070687604e-05,0.99,0.9899430985492299,0.00015816437371540815,1.0,0.0,0.9998996896921483,8.093769068119007e-05,0,,0,0.004672392579656324,12
2e47b5a117f1c93020c9,37,actor_critic_full,0.9,4,0.3,0.0,4.4996664280587545e-07,0.9,0.8999993972310419,5.6988169490068685e-06,1.0,0.0,0.9999991013752697,5.333582137548063e-08,0,,0,0.004533353583260388,12
2ec055425bfd5c2d7832,23,actor_critic_full,0.9,2,0.3,1.0,0.999998644693957,1.0,0.9999998557105781,1.3069072792859515e-06,0.0,1.0,1.2983044467978044e-06,-0.9999985868137511,1,256,1,0.9430258252361848,12
2efd1816e2fc5f9b8f00,101,actor_critic_full,0.99,4,0.003,0.0,9.012826312626453e-07,0.99,0.9899996493399558,7.97212851466611e-06,1.0,0.0,0.9999980429141385,1.111065663585565e-06,0,,0,0.004621809906340137,12
2f836b79b07f62524fde,71,actor_critic_full,0.9,3,0.003,0.0,8.588596541611756e-08,0.9,0.8999999621826508,1.1008523870259523e-06,1.0,0.0,0.9999998497231385,-2.7543781639101514e-08,0,,0,0.004744686857431639,12
2fd0706ffb47c2cf4ea5,23,actor_critic_full,0.5,3,0.01,1.0,0.9999836012934283,1.0,0.9999820620322576,0.00012176752352388576,0.0,1.0,-2.8113737128733107e-06,-0.9999647433535231,1,64,1,0.9865648089739367,12
320de96edda9eadcbe72,71,actor_critic_full,0.99,4,0.003,0.0,3.6521954406461035e-06,0.99,0.9899913676025749,1.3756607586401515e-05,1.0,0.0,0.9999836744617769,4.661756017140952e-06,0,,0,0.004032788836052145,12
323d94045a12f073a6b0,37,actor_critic_full,0.99,4,0.0,0.0,3.2370243659150586e-09,0.99,0.9899999961521703,2.5247857138310792e-08,1.0,0.0,0.9999999938273413,-8.366798798953162e-11,0,,0,0.004154859240465931,12
32ba83f3b5a7d305fa5c,67,actor_critic_full,0.99,4,0.03,0.0,3.000188952440164e-07,0.99,0.9899996947742862,3.697495458254707e-06,1.0,0.0,0.9999994318807894,-1.0122961324073348e-08,0,,0,0.004183453402065228,12
331176f42ed85e2e61f2,83,actor_critic_full,0.9,4,0.1,0.0,4.9658005011085006e-08,0.9,0.8999999617513633,7.936179713396996e-07,1.0,0.0,0.9999999023938065,-1.6003022885027212e-09,0,,0,0.004593842491045369,12
332ee6349b4af6e8d4f6,101,actor_critic_full,0.99,3,0.1,0.0,2.5167564445518714e-06,0.99,0.9899979510661555,1.3067847248748876e-05,1.0,0.0,0.9999955854405874,-6.33651266783264e-07,0,,0,0.004625254539796143,12
333b6910c1682e17a1d3,67,actor_critic_full,0.9,4,0.1,0.0,9.441211630175451e-05,0.9,0.8998714011820488,1.2012204933853354e-05,1.0,0.0,0.9997384949644696,7.337076658568719e-05,0,,0,0.004339037909049673,12
33c15e19eac77c9c2041,101,actor_critic_full,0.75,2,0.1,1.0,0.999991133017597,1.0,0.9999975361935879,9.199177839036565e-06,0.0,1.0,8.63960241082774e-06,-0.9999909047947644,1,64,1,0.9832269165850369,12
3411098892b0c64579fd,97,actor_critic_full,0.9,3,0.3,0.0,1.2827128254475218e-07,0.9,0.8999999280586034,1.945046278706286e-06,1.0,0.0,0.9999997642048831,-1.8749282781181203e-08,0,,0,0.00410392164654282,12
3452ad1f87d551e07caf,101,actor_critic_full,0.5,2,0.3,1.0,0.9999992057377131,1.0,0.9999995457390999,8.754134796618018e-06,0.0,1.0,6.578436330048509e-07,-0.9999990733960527,1,32,1,0.9916361843135864,12
34b7f38163587071e06d,41,actor_critic_full,0.5,4,0.03,1.0,0.999937874140746,1.0,0.9999177666658967,0.0004336208221502602,0.0,1.0,-1.673099501870734e-05,-0.9998523888913464,1,128,1,0.9746976370522683,12
3520900fc0510ff067ec,53,actor_critic_full,0.9,4,0.1,0.0,7.00045268349707e-06,0.9,0.8999968323769437,2.736518763413187e-05,1.0,0.0,0.9999893054376152,-2.841796355307573e-06,0,,0,0.004471786844785348,12
35dea228a1c820bdb9f5,71,actor_critic_full,0.99,3,0.0,0.0,4.0654712030903466e-07,0.99,0.9899998842495413,1.9136059563606977e-06,1.0,0.0,0.9999994913224367,-3.084990073043559e-07,0,,0,0.004058671794129279,12
3686505902a32de106d2,67,actor_critic_full,0.99,4,0.003,0.0,2.954667839892473e-06,0.99,0.9899970167800128,1.2589464859047439e-05,1.0,0.0,0.9999940663943806,-1.753908265805773e-07,0,,0,0.004139557519713512,12
36b0b91b56eef642a3bf,11,actor_critic_full,0.9,4,0.03,0.0,5.5813500719163377e-08,0.9,0.8999999619997459,5.144667625245347e-07,1.0,0.0,0.9999998869310291,1.0096953730653449e-08,0,,0,0.004464923287488804,12
36b8f2f0a0c1d558a102,83,actor_critic_full,0.75,2,0.0,1.0,0.9999970169572449,1.0,0.9999985302383737,1.767274079611525e-05,0.0,1.0,1.926814288107548e-06,-0.9999960436117782,1,128,1,0.9729289881472772,12
36e3e42d023ac7abde65,71,actor_critic_full,0.5,2,0.0,1.0,0.9999997730727169,1.0,0.9999979933693675,6.9787806751264725e-06,0.0,1.0,-5.423550720792381e-06,-0.9999945048586396,1,32,1,0.9918354070261977,12
37650380e5f78a586d40,83,actor_critic_full,0.75,3,0.03,0.2439,0.24389993343229188,0.815,0.8149970076954283,3.15322213282343e-05,0.7561,0.2439,0.7560962182986508,-0.24389610545691198,0,,0,0.20532322328736016,12
37a5231e53855b064e9c,41,actor_critic_full,0.99,4,0.3,0.0,4.300267249149685e-07,0.99,0.9899989078493527,2.5116039978456683e-05,1.0,0.0,0.9999986712132771,5.179078304803517e-07,0,,0,0.0043637824550784715,12
37a769ecba0cf3efe785,67,actor_critic_full,0.99,3,0.01,0.0,1.8272425222174055e-06,0.99,0.98999843672675,2.1389378161984496e-05,1.0,0.0,0.9999966689282963,-3.4569739660061217e-07,0,,0,0.004111833638919357,12
37f9d659c27b95f3199f,53,actor_critic_subspace1024,0.9,3,0.3,0.0,1.305614751699512e-05,0.9,0.899990919593106,0.0001176572623080574,1.0,0.0,0.9999752457377105,-1.303404755184263e-06,0,,0,0.01655932891678287,12
3805e14fa21e518edd21,37,actor_critic_full,0.5,4,0.1,0.9361,0.9360792967174244,0.9335,0.9334305624023271,0.0007001132471486926,0.0,0.8746,-0.00012652393457275157,-0.8744286922466418,1,128,1,0.9162959031498803,12
3881efad704d89e24327,67,actor_critic_full,0.75,3,0.01,0.2551,0.2550961474545627,0.81,0.8099668913333626,0.00040249089943245053,0.7449,0.2551,0.7448856483143365,-0.25507013293503183,0,,0,0.23692595786366966,12
38fd1876eb538fa48fd1,23,actor_critic_full,0.75,3,0.3,0.249,0.24899918818746447,0.814,0.8139991039153941,1.3788007890980225e-05,0.751,0.249,0.7509998386775304,-0.24899818299232124,0,,0,0.24273940273028177,12
390d98827c762a22523a,71,actor_critic_full,0.99,2,0.003,0.2426,0.2421286750456965,0.9925,0.9924970887690947,2.897180593208759e-07,0.7574,0.2426,0.7578712936956041,-0.24212864100031606,0,,0,0.20533575657234682,12
39b3eb3100bbcaabcba7,23,actor_critic_full,0.99,3,0.3,0.0,8.130172187495826e-07,0.99,0.9899991449292104,3.62216178473318e-06,1.0,0.0,0.9999983116387291,6.289826111232858e-08,0,,0,0.004355878799438281,12
3a0b0054e1917afe6bed,97,actor_critic_full,0.99,2,0.1,0.2503,0.2502615178853025,0.992,0.9919994159158889,4.346451532910578e-06,0.7497,0.2503,0.7497381477964352,-0.2502611966743535,0,,0,0.16303297727978966,12
3a4bee5dfe6505722f7b,41,actor_critic_full,0.99,3,0.0,0.0,4.725460026385398e-07,0.99,0.9899996115349617,5.741611857956741e-06,1.0,0.0,0.9999990870751658,-7.189778881897705e-09,0,,0,0.004336646664359175,12
3a5d839f736206464475,11,actor_critic_full,0.5,3,0.3,1.0,0.9999969425124876,1.0,0.9999969228969933,3.90105924452655e-05,0.0,1.0,-2.978843686466392e-07,-0.9999937982583508,1,64,1,0.9856202654145831,12
3aa3701b3fa857030288,11,actor_critic_full,0.75,3,0.03,0.253,0.2527633551557366,0.8115,0.8113830555550123,0.0004494786262512207,0.747,0.253,0.7472357157984663,-0.2527623500395077,0,,0,0.22068455417943542,12
3ab817bb21f7be4b2a93,97,actor_critic_full,0.99,4,0.1,0.0,1.5303972818543606e-06,0.99,0.9899986591191937,2.265807597723324e-05,1.0,0.0,0.9999970676689555,-6.420360433909338e-08,0,,0,0.003935185539301745,12
3b88d5c7a3f1162a1f87,67,actor_critic_full,0.9,3,0.3,0.0,1.5027708626777534e-07,0.9,0.8999999245443868,1.6539310081498115e-06,1.0,0.0,0.9999997304946467,-3.357010819178239e-08,0,,0,0.004387452832881182,12
3bc85d242f3ef890965c,41,actor_critic_full,0.75,2,0.1,1.0,0.9999949978732077,1.0,0.9999983151670035,1.3297893929120619e-05,0.0,1.0,4.198797101701057e-06,-0.9999942043465582,1,64,1,0.9808334628942436,12
3be2a379c79a0cf59ce7,11,actor_critic_full,0.75,2,0.3,1.0,0.9999686844153717,1.0,0.999979353153727,0.0001855732552940026,0.0,1.0,1.5245504517299868e-05,-0.9999531409946791,1,64,1,0.9840961892008013,12
3c5ae75429094415570c,11,actor_critic_full,0.75,2,0.01,1.0,0.9999975607290137,1.0,0.9999984285067048,1.6229774701059796e-05,0.0,1.0,1.1761332891076615e-06,-0.9999962868975882,1,64,1,0.9820302231779593,12
3c909bcd21abead9c14d,11,actor_critic_full,0.5,2,0.0,1.0,0.9993519740237798,1.0,0.9995743969458211,0.0036533563397824764,0.0,1.0,0.0005253905306933458,-0.9992465407097642,1,32,1,0.9925616291328311,12
3ca17fe823ee85bd6428,53,actor_critic_full,0.5,3,0.0,1.0,0.999946863907267,1.0,0.9999647121530668,0.00036318309139460325,0.0,1.0,3.33986994165005e-05,-0.9999280745342417,1,64,1,0.9857649065145405,12
3cae70929d0a23a541b7,37,actor_critic_full,0.75,3,0.01,0.2587,0.25867067809604266,0.81025,0.8102414361101079,2.3567970856674947e-05,0.7413,0.2587,0.7413279899755753,-0.2586693615709507,0,,0,0.2512520130825414,12
3ceae8d6e34e9313c6c2,11,actor_critic_full,0.99,3,0.01,0.0,7.728987856516212e-08,0.99,0.9899999337476801,1.201887698698556e-06,1.0,0.0,0.9999998543668015,-7.71858283818672e-09,0,,0,0.004272952509059409,12
3d1206db7e9cda1079cd,83,actor_critic_full,0.75,2,0.03,1.0,0.9999864077785214,1.0,0.9999829578571306,0.0001509080466348678,0.0,1.0,-3.4572556961349088e-06,-0.9999688195436689,1,128,1,0.9728007044854998,12
3d9d0e4f1003870b92fb,101,actor_critic_full,0.9,3,0.1,0.2458,0.2457959913464492,0.92575,0.9257470705362403,1.3512976693164092e-05,0.7542,0.2458,0.7542019032767378,-0.24579378461011103,0,,0,0.17776822947527482,12
3ee27424c62f0e2a4d18,37,actor_critic_full,0.75,2,0.1,1.0,0.9999921983536393,1.0,0.9999956050292905,9.23564366530627e-05,0.0,1.0,5.8275330899887125e-06,-0.9999899939294947,1,64,1,0.9830762868468526,12
3eed78def01a458cd3e5,11,actor_critic_full,0.9,3,0.003,0.0,3.134978241965525e-07,0.9,0.899999821546417,3.2669322536094114e-06,1.0,0.0,0.9999994437477104,-6.655778498106324e-08,0,,0,0.004489472311504822,12
3ef79c1612e9a4ee680d,97,actor_critic_full,0.75,2,0.3,1.0,0.9999761072451314,1.0,0.9999895689800976,5.314091686159372e-05,0.0,1.0,1.7244164354658877e-05,-0.9999696210816418,1,64,1,0.9835281717242865,12
3f21b52981046eec214b,23,reinforce_full,0.9,3,0.0,0.0,1.0137366304558353e-06,0.9,0.8999993324756365,1.1206312592548784e-05,1.0,0.0,0.9999981082525594,-1.4925659893506436e-07,0,,0,0.00451450826102915,12
3f32382567e1d1e6cfed,23,actor_critic_full,0.9,3,0.01,0.0,8.677520261213029e-06,0.9,0.8999989717405568,4.288687341613695e-05,1.0,0.0,0.999985166480685,-1.4071169975390884e-06,0,,0,0.004523575396837186,12
3f8105751de6c9925782,23,actor_critic_full,0.75,2,0.1,1.0,0.99999876085308,1.0,0.9999991152304222,1.3574042895925231e-05,0.0,1.0,6.766048580104988e-07,-0.99999809923233,1,64,1,0.9834078211630788,12
3f8ac8ed128fe35dad85,101,actor_critic_full,0.99,4,0.1,0.0,3.0923302181602245e-06,0.99,0.989997157132824,0.00011145923053845763,1.0,0.0,0.9999946234664899,1.3993355382632774e-07,0,,0,0.004659874617947088,12
3f973eb482fcd1b7737f,41,actor_critic_subspace1024,0.9,3,0.3,0.0,4.5726339293326085e-06,0.9,0.8999953291664564,4.984458064427599e-05,1.0,0.0,0.9999898395205793,8.196959827559346e-07,0,,0,0.017923792311808365,12
411d87966e72e797fff4,53,actor_critic_full,0.75,3,0.0,0.2539,0.2538944109958453,0.80475,0.8047478440523234,2.608151589811314e-05,0.7461,0.2539,0.7461037054328113,-0.25389253688474295,0,,0,0.21109700107532556,12
41d65ac26896c2bb272b,23,actor_critic_subspace1024,0.9,3,0.03,0.0,3.2512199145562904e-05,0.9,0.8999911871954648,0.00019869927200488746,1.0,0.0,0.9999514965465125,-1.7136993689145443e-05,0,,0,0.016168311087155846,12
421f0ec19b2527290a98,53,actor_critic_full,0.9,2,0.3,1.0,0.9999999579165008,1.0,0.9999992548222724,8.217565664381254e-06,0.0,1.0,-7.975204226124855e-07,-0.9999991737873186,1,,0,0.6099045054617755,12
4220297132a70ae3f091,11,reinforce_full,0.9,3,0.01,0.2532,0.25312277178618486,0.92375,0.9237401512410378,1.1481311048555654e-05,0.7468,0.2532,0.7468771953823458,-0.25312274150310343,0,,0,0.06776097564916386,12
4235cdff64326d73533a,83,actor_critic_full,0.5,3,0.03,0.8752,0.8751836094022346,0.8705,0.8704854702116823,4.5687545934924856e-05,0.0,0.7510333333333333,1.1095322140215597e-05,-0.7510112638619101,0,,0,0.8668208391820277,12
428ea14d7700cd6e1604,101,actor_critic_full,0.99,4,0.01,0.0,1.6983405553090338e-06,0.99,0.98999799458021,1.0162700164073613e-05,1.0,0.0,0.9999969511058916,-5.224447560868483e-07,0,,0,0.004620254954616601,12
42bbcef27d07581b5ae3,11,actor_critic_full,0.99,3,0.003,0.0,4.276930246088032e-06,0.99,0.9899982920781084,1.3580368431576062e-05,1.0,0.0,0.9999937890914502,-2.3644309657752174e-06,0,,0,0.004272543957458212,12
42e3dcf142cdc5afa5ea,83,actor_critic_full,0.75,3,0.003,0.2523,0.2522999826584779,0.81025,0.8102234900078681,0.00015449911006726325,0.7477,0.2523,0.7476366007235412,-0.25225060050115095,0,,0,0.233585532132713,12
42e4e3c9563ae53e0b83,101,actor_critic_full,0.5,4,0.03,1.0,0.9999108611154719,1.0,0.9999337781212981,0.0007220354746095836,0.0,1.0,8.078323960185314e-05,-0.9999017280013647,1,128,1,0.9779475682063206,12
4391375249991fcfafaf,83,actor_critic_full,0.75,3,0.3,0.2523,0.2522954906462711,0.81025,0.8102488514240462,1.0231196938548237e-05,0.7477,0.2523,0.7477040365344061,-0.2522950135886391,0,,0,0.246102649125598,12
44348da672cdef640bb8,37,actor_critic_full,0.99,2,0.0,0.2537,0.2536995022403008,0.99175,0.9917489211968094,1.7170876162708737e-05,0.7463,0.2537,0.7462993561774581,-0.25369830508544194,0,,0,0.22133404005844254,12
44a5b67737a72e35dfc0,23,actor_critic_full,0.5,2,0.1,1.0,0.999999533430495,1.0,0.9999995328256212,4.571919816953596e-06,0.0,1.0,1.1865045593733026e-07,-0.9999991657726742,1,32,1,0.9920689093770498,12
44fa4317a18f0a1340d6,67,actor_critic_full,0.75,2,0.003,1.0,0.9999981847442178,1.0,0.999998112626155,2.1062609448563308e-05,0.0,1.0,-3.866848900035968e-09,-0.9999961545505621,1,128,1,0.9695082056141265,12
45b33731d5ac82b0c4c5,41,actor_critic_full,0.9,3,0.3,0.0,3.7110027948892416e-08,0.9,0.8999999821277601,6.921172825968824e-07,1.0,0.0,0.9999999394839004,-1.2253106547045533e-08,0,,0,0.004663985562324232,12
45b91b6db8af05c034d5,11,actor_critic_full,0.75,2,0.1,1.0,0.9999876707863388,1.0,0.99999655948156,5.240975588094443e-05,0.0,1.0,1.1440951826652324e-05,-0.9999868050557674,1,64,1,0.9834892603966485,12
45cbaffc518e5aefcd50,83,actor_critic_full,0.75,4,0.3,0.2465,0.24644105346473358,0.8125,0.8124336852879402,0.0005819908110424876,0.7535,0.2465,0.7534954194423806,-0.246376902700907,0,,0,0.229381841856961,12
465a09a7e796ae5913ba,97,actor_critic_subspace1024,0.9,3,0.0,0.0,7.0233848051303645e-06,0.9,0.8999944256688234,6.994832074269652e-05,1.0,0.0,0.999985801359321,1.2365261080176932e-07,0,,0,0.014894059391515209,12
4672da12f68be24e2869,11,actor_critic_full,0.5,3,0.003,1.0,0.9999640029239631,1.0,0.9999726756851569,0.00017354878946207464,0.0,1.0,2.231395341635737e-05,-0.9999491432202593,1,64,1,0.9856395396014688,12
4732b250e26baccf14d3,23,actor_critic_full,0.99,2,0.01,0.2513,0.2512022614802619,0.9935,0.9934989849369953,3.4752488318190444e-06,0.7487,0.2513,0.7487975163080309,-0.2512020406002813,0,,0,0.20537428002386385,12
4769caaba98d5600b525,11,actor_critic_subspace1024,0.9,3,0.03,0.0,2.4233712975605475e-05,0.9,0.8999817265129277,0.0002408375294180587,1.0,0.0,0.999951384948918,6.861781048393046e-07,0,,0,0.016810748174635716,12
4845c23bda2f3235c698,37,actor_critic_full,0.75,3,0.3,0.2587,0.2586510939296388,0.81025,0.8102371220905971,0.00023772017448209226,0.7413,0.2587,0.7413256180809632,-0.2586227823523689,0,,0,0.25345476535398803,12
4849c0bd29ddc3f62930,53,actor_critic_full,0.99,4,0.003,0.0,4.0422616073963484e-07,0.99,0.9899996549675347,4.941463885188568e-06,1.0,0.0,0.9999992566588802,-5.2300569703934524e-08,0,,0,0.004292989317138643,12
489407d6985fec6b9e5c,97,actor_critic_full,0.99,3,0.01,0.0,6.632460761144157e-06,0.99,0.9899956789406478,5.22452246514149e-05,1.0,0.0,0.9999893170809453,-2.7279676917962383e-06,0,,0,0.0038476130457187124,12
48b9a2dcbee5dae3fb4d,67,actor_critic_full,0.9,4,0.3,0.0,8.352176856451064e-08,0.9,0.8999999127413683,8.145284482452553e-07,1.0,0.0,0.9999998428764899,-1.5427735462039926e-09,0,,0,0.004487801898200348,12
48deb31d693e11be69c0,71,actor_critic_full,0.75,2,0.01,1.0,0.9999132873917366,1.0,0.9999739370044146,0.0007503225933760405,0.0,1.0,8.527770519946765e-05,-0.9999119998333936,1,128,1,0.9770896297755112,12
493b879b177ae1d05a82,67,actor_critic_full,0.99,2,0.01,0.2435,0.24349949249720076,0.99275,0.992749795738631,8.225530336858355e-07,0.7565,0.2435,0.7565002858915042,-0.24349926550545356,0,,0,0.20174861531379695,12
494c14d5a7a0d5a290f9,67,actor_critic_full,0.99,3,0.3,0.0,6.335144076288493e-06,0.99,0.9899963559931674,2.0739220417453907e-05,1.0,0.0,0.9999902064386843,-2.257253844764144e-06,0,,0,0.004162933722615119,12
495ee8c3147b17f07293,37,reinforce_full,0.9,3,0.01,0.2587,0.25867769172036514,0.92725,0.9272464436832072,5.204718036111444e-06,0.7413,0.2587,0.7413200451785473,-0.25867630087623317,0,,0,0.1608581992832903,12
49650dc82bb8cfa8150d,71,actor_critic_full,0.5,3,0.01,1.0,0.9999745252943989,1.0,0.9999564801629215,0.00028950770501978695,0.0,1.0,-1.0703820091075488e-05,-0.9999365186961837,1,64,1,0.9869739594495475,12
49662b3949bc553ec542,97,actor_critic_full,0.5,4,0.01,0.94,0.9399939067228029,0.92775,0.927737055792872,0.0001532445166958496,0.0,0.8788,-1.1523146592368195e-05,-0.8787768595286894,1,128,1,0.9199033878291915,12
4a546d08c2203a3b4114,83,actor_critic_full,0.9,3,0.1,0.2468,0.24677906454875748,0.9255,0.9254967835549947,2.0015691916341893e-05,0.7532,0.2468,0.7532172628678476,-0.24677511102197036,0,,0,0.20507251121566633,12
4adbcabc9b99af8cefda,41,actor_critic_full,0.5,3,0.3,1.0,0.9999953330127559,1.0,0.9999965294852449,3.408950215089135e-05,0.0,1.0,2.42709827122628e-06,-0.9999930510334057,1,64,1,0.9857399452373264,12
4b073b7c43d83b82929d,67,actor_critic_subspace1024,0.9,3,0.03,0.0,6.550920412422573e-06,0.9,0.8999947156615321,9.226441034115851e-05,1.0,0.0,0.9999867891221714,2.686537664472382e-07,0,,0,0.015482462133744155,12
4b87d414d48eaaab114f,71,actor_critic_full,0.5,2,0.03,1.0,0.9997364201065073,1.0,0.9998926173382463,0.0007374084088951349,0.0,1.0,0.00023891598465388065,-0.9997094546798653,1,32,1,0.9917630800154691,12
4c30fc4f0ba876a7a819,11,actor_critic_full,0.99,4,0.3,0.0,2.6186877617911804e-07,0.99,0.989999532466416,1.0941917025775183e-05,1.0,0.0,0.9999992755510075,1.4311790357378982e-07,0,,0,0.004360183588890595,12
4c49a0e6a8a351b51b3e,41,actor_critic_full,0.9,3,0.01,0.2457,0.24569072082108778,0.92925,0.9292481953064541,5.3999278861738276e-06,0.7543,0.2457,0.7543081862221359,-0.24568975996965983,0,,0,0.06596594545683086,12
4c4e67ff9dc2e0b3c05e,71,actor_critic_full,0.5,2,0.003,1.0,0.999996011665737,1.0,0.9996489860418583,0.0016867697704583406,0.0,1.0,-0.00048150253333243835,-0.9994528638402047,1,32,1,0.9918387558504189,12
4d488056086fa5c73584,97,actor_critic_full,0.9,4,0.003,0.0,2.891160238641379e-07,0.9,0.8999998003029711,3.7814004372194177e-06,1.0,0.0,0.9999994494950278,-1.525501353501994e-08,0,,0,0.004065535381981162,12
4d5c26dd1accc6b41fe1,37,actor_critic_full,0.75,4,0.1,0.0,1.8779141910871305e-07,0.75,0.7499999302679052,2.5750932763912715e-06,1.0,0.0,0.9999996559614523,-3.458580123088202e-08,0,,0,0.004951834260581107,12
4d88feca6df68903ea69,41,reinforce_full,0.9,3,0.01,0.2507,0.2506999970792559,0.92225,0.9222469196902927,1.255709594261134e-05,0.7493,0.2507,0.7492962133402745,-0.25069621995544406,0,,0,0.15913349592455076,12
4da31df34633fa1c7ff0,83,actor_critic_full,0.99,4,0.003,0.0,2.9675274116520896e-06,0.99,0.9899970311948061,4.97222863486968e-05,1.0,0.0,0.9999941523646679,1.3096454945435193e-07,0,,0,0.004369422493250692,12
4dd01854ec0ff35854d9,67,actor_critic_full,0.99,2,0.1,0.2484,0.24838383551293144,0.99275,0.9927497493208821,1.6232961570494808e-06,0.7516,0.2484,0.7516159029056968,-0.24838356126127392,0,,0,0.19023035150864334,12
4e08a11b330cdac394f8,53,actor_critic_full,0.9,3,0.003,0.2509,0.25089941409959143,0.92825,0.928246807148823,2.3964781576069072e-05,0.7491,0.2509,0.7490979215787912,-0.2508965818302949,0,,0,0.16113577622531552,12
4e29fc6b4528e2578488,23,actor_critic_full,0.99,3,0.003,0.0,1.6761938025536801e-06,0.99,0.9899996365148788,5.34813761987607e-06,1.0,0.0,0.9999979650390385,-1.2589668888290567e-06,0,,0,0.004341562066187099,12
4ebf1ff41376ed33fd4f,37,actor_critic_full,0.99,4,0.01,0.0,3.4388005433712834e-07,0.99,0.9899997867600597,1.5443878510268405e-05,1.0,0.0,0.9999991123114563,-4.8131894352512775e-08,0,,0,0.0041365787386550504,12
4f24518fe109e1074ff2,83,actor_critic_full,0.9,4,0.03,0.0,9.12951538709129e-07,0.9,0.8999990866848876,1.34078691189643e-05,1.0,0.0,0.9999980930068992,1.2874216816970922e-07,0,,0,0.005117037817320284,12
4f546bd5501f0f93f155,41,actor_critic_full,0.99,4,0.003,0.0,2.404184083563919e-07,0.99,0.9899981956852612,1.5503210306633264e-06,1.0,0.0,0.9999987627116127,1.0234663180375477e-06,0,,0,0.004442381051628162,12
4fa3f7cffc40411a7a18,23,actor_critic_full,0.9,3,0.3,0.249,0.2489997880924986,0.9255,0.9254799275942615,2.987014886457473e-05,0.751,0.249,0.750979745475187,-0.24898148684467739,0,,0,0.2070855769812809,12
4fe78a649b40d47d73ec,83,actor_critic_full,0.9,4,0.01,0.0,3.0065949332456747e-07,0.9,0.8999998167327101,2.8120537081122166e-06,1.0,0.0,0.9999994545488964,-3.726441450181586e-08,0,,0,0.004535519866971155,12
504c54b043860c84442a,53,actor_critic_full,0.9,3,0.01,0.0,1.0472043064236455e-07,0.9,0.899999922800854,1.3854979670213652e-06,1.0,0.0,0.9999997888634087,-4.749427429818697e-09,0,,0,0.004385411316584093,12
5152e01aed2000b16214,53,actor_critic_full,0.75,3,0.003,0.2509,0.2508911693572367,0.81375,0.8137473388534956,5.4584579629590735e-05,0.7491,0.2509,0.7491074698416474,-0.2508898012549882,0,,0,0.2094006713480924,12
518abe4773939a5d925d,23,actor_critic_full,0.5,4,0.03,1.0,0.9999024056015716,1.0,0.9999402507934533,0.0005460200482048094,0.0,1.0,8.218837828433816e-05,-0.9998874945295319,1,128,1,0.9768918967959447,12
51a79b4621dd86fb4a0f,97,reinforce_full,0.9,3,0.1,0.0,5.41946249648091e-07,0.9,0.8999995342824686,1.0926593859039713e-05,1.0,0.0,0.9999987230769318,1.3720537315975755e-07,0,,0,0.00399447362299485,12
5260b140c476cf22d3da,71,actor_critic_full,0.99,4,0.3,0.0,2.4692730978662275e-07,0.99,0.9899997467416368,1.9603546661528526e-06,1.0,0.0,0.9999995039855543,2.6023937723618296e-09,0,,0,0.004083058751249137,12
52e0ce38b22e2eaf083e,101,actor_critic_full,0.99,2,0.03,1.0,0.9997016787293974,1.0,0.9999992730029714,9.191533899866045e-05,0.0,1.0,0.0002979797436016618,-0.9997013555053818,1,,0,0.5597623454610419,12
535bd8b65c7964c6f5aa,101,actor_critic_full,0.5,4,0.0,1.0,0.9998963911078182,1.0,0.9999389298210765,0.0004461653879843652,0.0,1.0,8.227494407695011e-05,-0.9998758284042523,1,128,1,0.9781694304117864,12
5386bae0ce877f9bdfdf,67,actor_critic_full,0.99,3,0.1,0.0,2.137403377587343e-06,0.99,0.9899978480263804,4.8148867790587246e-05,1.0,0.0,0.9999956371890639,4.466837407589537e-08,0,,0,0.004132036630506678,12
53a88fd1995e5cbf175a,23,actor_critic_full,0.9,3,0.003,0.0,2.6121731091742736e-06,0.9,0.899998893462849,1.063242325471947e-05,1.0,0.0,0.999995893743727,-1.295745395196138e-06,0,,0,0.004565176236761667,12
53fe39aed60d66d7996c,23,actor_critic_full,0.5,4,0.3,1.0,0.999974220730014,1.0,0.9999669651615969,0.0005455688224174082,0.0,1.0,-9.300313264889925e-06,-0.999936551914702,1,128,1,0.9768093381374608,12
545dffd1b13a28c2d8fa,71,actor_critic_full,0.9,2,0.01,0.73,0.7287535353388483,0.97625,0.9755531364477854,0.004117707721889019,0.27,0.73,0.27076390930824457,-0.7281413534197668,0,,0,0.3608622444481796,12
5468c82cee3200df75f9,23,actor_critic_full,0.75,2,0.03,1.0,0.9999908435640654,1.0,0.9999975622636639,1.2356934348645154e-05,0.0,1.0,8.322667957987294e-06,-0.9999901383004881,1,64,1,0.9830732500321673,12
5474ee064080092644e7,37,actor_critic_full,0.75,4,0.0,0.0,1.879772191455313e-07,0.75,0.7499998975118064,2.0463742202991853e-06,1.0,0.0,0.9999996068802524,2.409392359144717e-09,0,,0,0.004756780019965757,12
547734f788e23b884b26,83,actor_critic_full,0.99,2,0.0,0.2501,0.24868051515968073,0.99225,0.9922485706894073,3.1633386242901906e-05,0.7499,0.2501,0.7513193503314793,-0.24868038085583846,0,,0,0.2311210515263883,12
54cc177aaf55d51b3f6d,37,actor_critic_full,0.9,2,0.03,1.0,0.9999982332958985,1.0,0.9999992985213023,1.574644738866482e-05,0.0,1.0,1.0070826960130286e-06,-0.9999975117329418,1,1024,1,0.79424708469645,12
54e5faaf24f9549fdbe1,41,actor_critic_full,0.75,4,0.3,0.4355,0.43417024558172407,0.863,0.8625400062590672,0.010416517034173012,0.5645,0.4355,0.5657091690214137,-0.4340349916011018,0,,0,0.3615595692521056,12
54f334a67ab6322ebcdf,37,reinforce_full,0.9,3,0.1,0.0,3.3351102117325454e-06,0.9,0.8999967281459282,4.407135565998033e-05,1.0,0.0,0.9999919767433872,7.97211000914494e-07,0,,0,0.004313728740756885,12
557c7b60c0e9410d4319,23,actor_critic_full,0.75,3,0.003,0.2522,0.2521903036064753,0.8135,0.8134964355985346,6.15174722042866e-05,0.7478,0.2522,0.747806347308897,-0.252187075204576,0,,0,0.21005525022039032,12
55a1e9db000455ffa48e,37,actor_critic_full,0.99,3,0.01,0.0,3.1339250792333883e-07,0.99,0.9899998039041742,3.3297305890300777e-06,1.0,0.0,0.9999994938939777,-1.1900995959743378e-07,0,,0,0.004105225930174367,12
568bdd759ade44291cd5,11,actor_critic_full,0.9,2,0.003,1.0,0.9999983270536317,1.0,0.9999996271449779,1.461372994526755e-05,0.0,1.0,1.4308146942574428e-06,-0.999998083784543,1,,0,0.5833673522817852,12
56ac1fb8eaf95ec8cc9f,67,actor_critic_full,0.5,2,0.003,1.0,0.9999972904521259,1.0,0.9999987223619464,9.839128324529156e-06,0.0,1.0,2.3311864684011474e-06,-0.9999969124406676,1,32,1,0.9918135914225024,12
5810e961ef20200d663b,23,actor_critic_full,0.75,3,0.0,0.0,1.9202746906379933e-07,0.75,0.7500000154539367,7.280651743712951e-07,1.0,0.0,0.9999997507610682,-1.3729015522419553e-07,0,,0,0.0050070355491293825,12
58723d99a3b09fe6c3fc,11,actor_critic_full,0.9,2,0.0,0.2548,0.254795254556794,0.927,0.9269984406809184,1.0864558134926483e-05,0.7452,0.2548,0.7452035550562354,-0.2547940236208824,0,,0,0.23535527470362794,12
58ab28023463a33625a5,53,actor_critic_full,0.5,3,0.1,1.0,0.9999767326986877,1.0,0.9999489505729307,0.0003888892533723265,0.0,1.0,-5.492507444832152e-05,-0.9998968497190311,1,64,1,0.9855354826711209,12
58dcb6b6064836c820c5,37,actor_critic_full,0.9,3,0.01,0.2506,0.2505997593835624,0.922,0.921999945237323,5.964525371382479e-07,0.7494,0.2506,0.7494002008944679,-0.25059971516645857,0,,0,0.20793930180635908,12
58fba8b3d66bbb44fcec,71,actor_critic_full,0.9,3,0.3,0.0,1.6425795064011958e-06,0.9,0.8999998456905869,4.417658146849135e-06,1.0,0.0,0.9999982607006864,-1.49988122311259e-06,0,,0,0.004310141148367494,12
597dec7eb69f4fdd79e2,101,actor_critic_full,0.5,4,0.003,1.0,0.9999974390862948,1.0,0.9999846320231268,0.00011001351231243461,0.0,1.0,-2.355885150126539e-05,-0.9999669642842616,1,128,1,0.9781799077324081,12
59f577aa929ef45e0bef,71,reinforce_full,0.9,3,0.01,0.0,1.1740963848348087e-05,0.9,0.899991994522595,0.00012486947525758296,1.0,0.0,0.9999782312823856,-1.5149369381023068e-06,0,,0,0.004152566714507355,12
5a2dba64a8d193cc492f,23,reinforce_full,0.9,3,0.3,0.2522,0.25219954178445064,0.92625,0.9262346441236955,0.00021241280774120241,0.7478,0.2522,0.7477842822866649,-0.25218398726360064,0,,0,0.20917495785450815,12
5a56e3107148497b2481,23,reinforce_full,0.9,3,0.01,0.2496,0.2495932783320929,0.923,0.9229973968217364,2.819969813572243e-05,0.7504,0.24959999999999996,0.7504045540182788,-0.24959124570398447,0,,0,0.0669318376503982,12
5ad50d41c4d5dee0db36,23,actor_critic_full,0.99,4,0.1,0.0,3.17780313487657e-08,0.99,0.9899999701554215,3.392128178347775e-07,1.0,0.0,0.9999999380478098,2.6557867699070876e-11,0,,0,0.004394210033535732,12
5ad7df3ce77face18291,67,actor_critic_full,0.9,3,0.003,0.2551,0.2550997868494317,0.9255,0.9254921082394169,1.4363106856762897e-05,0.7449,0.2551,0.7448957198222519,-0.25509391870060716,0,,0,0.21136470567408686,12
5c95249923ed5fdf29d1,37,actor_critic_full,0.99,3,0.003,0.0,3.3467596471978546e-07,0.99,0.9899998188275598,3.1135991775954608e-06,1.0,0.0,0.9999994863617226,-1.5127521677391907e-07,0,,0,0.004104375644707324,12
5cf6f64b7c073fbfaaad,53,actor_critic_full,0.99,2,0.003,0.245,0.24494333787317582,0.99275,0.9927497725003311,5.418569344328716e-06,0.755,0.245,0.75505647955368,-0.2449431542699554,0,,0,0.06615946893072641,12
5e190100fab901ad0930,71,actor_critic_full,0.9,4,0.0,0.0,5.553761203889024e-10,0.9,0.8999999994894871,1.5651330897981097e-08,1.0,0.0,0.9999999988307876,2.595833993641223e-11,0,,0,0.00419806298383544,12
5ede5546a0a8dc85aa53,53,actor_critic_full,0.9,2,0.03,0.2502,0.25019999681235955,0.92625,0.9262476823701337,2.2290781998890452e-05,0.7498,0.2502,0.749797479838097,-0.25019709972724946,0,,0,0.24480477259057515,12
5f1971a5f40fe5315b54,11,actor_critic_full,0.5,3,0.0,1.0,0.9999770608937227,1.0,0.9999815869512156,0.0002981079160235822,0.0,1.0,6.9440107043546194e-06,-0.999960725446131,1,64,1,0.9855603033686261,12
5f31c5b71032948498af,71,actor_critic_full,0.9,2,0.003,0.2498,0.25021021369047214,0.92775,0.927751589007678,0.0008384006796404719,0.7502,0.2498,0.7496795091705551,-0.25011894789114814,0,,0,0.24113493668781227,12
60425cfd50909170300b,67,actor_critic_full,0.9,3,0.0,0.0,2.722629308256768e-07,0.9,0.8999998049896445,3.4071042591676814e-06,1.0,0.0,0.9999994804978407,-3.841621981604588e-08,0,,0,0.004254228087209911,12
6043675af459d1397290,97,reinforce_full,0.9,3,0.03,0.0,1.5798981417571789e-06,0.9,0.8999984733459208,2.056815537798684e-05,1.0,0.0,0.9999966531040336,3.070251534005266e-07,0,,0,0.003969736223416424,12
60af7823aaa94acd7241,37,actor_critic_full,0.75,4,0.003,0.0,2.0076902495500674e-06,0.75,0.7500001830341213,5.037595656176563e-06,1.0,0.0,0.9999972459305131,-1.1724742098618145e-06,0,,0,0.0049421906111183815,12
60fe61c0b8cd7262eff8,11,actor_critic_full,0.9,3,0.01,0.0,5.427514720433846e-07,0.9,0.8999992798530884,3.968550572608365e-06,1.0,0.0,0.9999975548376325,9.945709670987503e-07,0,,0,0.004439256470861058,12
615b8d70eb57978d8754,53,actor_critic_subspace1024,0.9,3,0.003,0.0,8.640902166983871e-06,0.9,0.8999930764144307,0.00010699447011575103,1.0,0.0,0.9999832034973734,-4.0176973672881497e-07,0,,0,0.01599836922640028,12
622507f900230d844519,37,actor_critic_full,0.5,2,0.03,1.0,0.9999996124490541,1.0,0.9999994903741434,9.713548024592455e-06,0.0,1.0,-1.260481198564034e-07,-0.999999083082959,1,16,1,0.992659767298341,12
624bc54b0b2d40085cd9,37,actor_critic_full,0.9,4,0.0,0.0,4.7863171884329444e-08,0.9,0.8999999609127997,3.74771218503156e-07,1.0,0.0,0.9999999102464381,2.5615620123891582e-09,0,,0,0.006233563373890804,12
62842927e1aba3c92d44,11,actor_critic_full,0.9,3,0.3,0.0,1.7429464410017249e-06,0.9,0.8999992108003964,1.3589758054877166e-05,1.0,0.0,0.9999969527789332,-5.587015398055833e-07,0,,0,0.004709550874781663,12
63101f18bef75694e021,67,actor_critic_full,0.9,3,0.1,0.2551,0.255071440137436,0.9255,0.9254730100740769,5.044067165727029e-06,0.7449,0.2551,0.7449260443594449,-0.2550695883399869,0,,0,0.20993933385327868,12
631c6ae579c221bbd168,41,actor_critic_full,0.99,4,0.03,0.0,3.559835930123307e-07,0.99,0.9899996991830204,1.5084038977875025e-06,1.0,0.0,0.9999994204096736,-1.0603191653610808e-07,0,,0,0.004322011689037139,12
636e94fc74503fba3849,37,actor_critic_full,0.99,3,0.03,0.0,3.887117849745104e-06,0.99,0.9899984584336331,1.0514354471524712e-05,1.0,0.0,0.9999945730238,-2.3659843559405665e-06,0,,0,0.004137119906253445,12
63c4598ebc33528628b1,11,actor_critic_full,0.99,2,0.3,0.0,3.0089804872549187e-05,0.99,0.9899984054053245,1.853887806646526e-05,1.0,0.0,0.9999681768492253,-2.8514469554196942e-05,0,,0,0.004752151418869916,12
645c7e52f9b36d548373,83,actor_critic_subspace1024,0.9,3,0.0,0.0,6.056400241240584e-06,0.9,0.8999962784004684,5.251184120425023e-05,1.0,0.0,0.9999893551858721,-1.4747686670125958e-06,0,,0,0.01639537888759691,12
645d3acaf22b5f0f7835,67,actor_critic_full,0.75,3,0.0,0.2551,0.2550999971304269,0.81,0.8099998881985461,3.280732471466763e-06,0.7449,0.2551,0.7448997970865887,-0.2550998150917686,0,,0,0.24304057855050712,12
647b96a5d95c8f6be2fb,11,actor_critic_full,0.5,2,0.01,1.0,0.9999904886086206,1.0,0.999990181912306,6.278508226387203e-05,0.0,1.0,2.60227643107126e-06,-0.9999827986084873,1,32,1,0.9927162516928589,12
64b418bae73b9b949e13,23,actor_critic_full,0.5,4,0.01,1.0,0.9999376867165946,1.0,0.9999521661990438,0.0003956067084800452,0.0,1.0,1.3480772667653617e-05,-0.999889765006576,1,128,1,0.9765526666578486,12
652c3e23b26dea4ac8c3,23,reinforce_full,0.9,3,0.03,0.0,1.3169704619196064e-07,0.9,0.8999999133391693,2.3428622171195457e-06,1.0,0.0,0.9999997534494256,-1.3226410750404078e-08,0,,0,0.004521557661703638,12
655fac03590ed53e5553,67,actor_critic_subspace1024,0.9,3,0.01,0.0,9.856707842218503e-06,0.9,0.8999918309376428,0.00012308945588301867,1.0,0.0,0.9999800822085076,4.0784980068395846e-07,0,,0,0.01544916626239735,12
6569f094d1ec006588b1,53,actor_critic_subspace1024,0.9,3,0.1,0.0,2.5675146211579154e-05,0.9,0.8999819021616239,0.00022620537492912263,1.0,0.0,0.999951869025839,-3.159693407235506e-06,0,,0,0.01607365059622065,12
65869f296bbe6d248ab3,67,actor_critic_full,0.5,4,0.003,0.9372,0.9371917572098654,0.9435,0.943492240043522,6.397135439328849e-05,0.0,0.87465,8.63158910980091e-07,-0.8746345794416186,1,128,1,0.9170169652259369,12
6610506bc5f0cff9c65b,71,actor_critic_full,0.9,3,0.1,0.0,2.1583296781701988e-07,0.9,0.8999999014337406,1.3879910056857625e-06,1.0,0.0,0.9999996014244884,-3.913453381449708e-08,0,,0,0.0041962102112250215,12
661cc5cbad67299d73d8,41,actor_critic_full,0.9,3,0.003,0.0,5.782523745995368e-07,0.9,0.899999592216302,7.092709893186111e-06,1.0,0.0,0.9999988911023571,4.0991381794891987e-08,0,,0,0.004496525778566302,12
667b4b701e37a82a96c0,67,actor_critic_subspace1024,0.9,3,0.1,0.0,5.0127383470035336e-06,0.9,0.8999960393203094,7.534502219641581e-05,1.0,0.0,0.9999902105650701,-2.160259152810451e-07,0,,0,0.01560195827223427,12
66b66618aaa20e8f888d,101,actor_critic_full,0.9,3,0.3,0.0,6.166100429486699e-07,0.9,0.8999995322667103,5.480808340507792e-06,1.0,0.0,0.9999987371529915,-1.6374096370937174e-08,0,,0,0.00497707760855006,12
672431a58733271c1660,101,actor_critic_full,0.75,2,0.0,1.0,0.9999823374806946,1.0,0.999996044535806,0.00010280802962370217,0.0,1.0,1.7096033489832696e-05,-0.9999818270567495,1,64,1,0.9819032704539425,12
677548c34f214e5a6190,71,actor_critic_full,0.5,4,0.1,1.0,0.9999907427927145,1.0,0.9999923416370944,7.931025902507827e-05,0.0,1.0,2.2799317829119147e-06,-0.9999833280384878,1,128,1,0.977017499507513,12
67c6209dd12e43e67232,97,actor_critic_subspace1024,0.9,3,0.01,0.0,7.048680964777079e-06,0.9,0.8999939038804825,7.819876191206276e-05,1.0,0.0,0.9999851984649369,6.599526439925832e-07,0,,0,0.014929778693041525,12
67d2aa8421bca5dfced8,71,actor_critic_full,0.5,4,0.0,0.9422,0.942167155809026,0.9365,0.9363807774354858,0.0009757858351804316,0.0,0.8787250000000001,-9.797747753249656e-05,-0.878557302902335,1,128,1,0.923244874811371,12
67f56cea38da4d58b63e,23,actor_critic_full,0.99,3,0.1,0.0,2.1533205522941173e-07,0.99,0.9899998052137101,2.2987137526797596e-06,1.0,0.0,0.9999995801053505,-2.1534644274154538e-08,0,,0,0.004347326567752853,12
68726f1e95a66cdc21bb,37,actor_critic_full,0.75,4,0.01,0.0,3.3750085922505606e-08,0.75,0.7499999994434504,1.0632483338213206e-07,1.0,0.0,0.9999999544411985,-2.2497885064200393e-08,0,,0,0.004833107953812472,12
689772f090a932a3963e,101,reinforce_full,0.9,3,0.01,0.0,1.1348488843398334e-06,0.9,0.8999991545204207,1.4571804967999924e-05,1.0,0.0,0.999997810594851,-1.1687206894372217e-07,0,,0,0.004801226966141593,12
68eff210a9173c1a6774,71,reinforce_full,0.9,3,0.03,0.2508,0.2507856068160828,0.92525,0.9252465065648827,1.6194666386581957e-05,0.7492,0.2508,0.7492116800250995,-0.25078315350529834,0,,0,0.16097495715448498,12
694de7f3c5aa42af32c0,23,actor_critic_full,0.99,4,0.0,0.0,4.115125384049732e-07,0.99,0.9899997080439108,2.8359386305965018e-06,1.0,0.0,0.9999992558263399,6.15569574503253e-09,0,,0,0.004364498507907959,12
695de4414d23e1c7696b,67,actor_critic_subspace1024,0.9,3,0.0,0.0,5.948494845526504e-06,0.9,0.8999945907134833,0.00010460462362971157,1.0,0.0,0.9999876258951644,5.448034386178002e-07,0,,0,0.015449303615824288,12
69db203f8d15e8699f3b,83,actor_critic_full,0.99,3,0.0,0.0,1.832090178825569e-06,0.99,0.9899962347072155,2.994858004967682e-05,1.0,0.0,0.999994488590185,2.033370080433328e-06,0,,0,0.004386083370416895,12
69f58e072c73c36eb9fd,37,actor_critic_subspace1024,0.9,3,0.03,0.0,3.8636905437955664e-06,0.9,0.8999972819834122,4.1578576201573014e-05,1.0,0.0,0.9999928185058187,-5.100205903983835e-07,0,,0,0.01471598809672785,12
6abdb0169064b2dcb8c3,83,actor_critic_full,0.99,2,0.03,0.251,0.2509847363705698,0.9925,0.9924991557895779,7.775307494739536e-06,0.749,0.251,0.7490147279612758,-0.250984211180285,0,,0,0.21093194576841232,12
6bd81cc9e8f0cbefdb76,101,actor_critic_full,0.9,2,0.1,1.0,0.9999614450532796,1.0,0.9999862816123247,0.00010111578012583777,0.0,1.0,2.6438620873802986e-05,-0.9999503923391464,1,256,1,0.9485023403698299,12
6c2b603d7f2578cd39c7,53,actor_critic_full,0.99,4,0.0,0.0,7.649258277040036e-08,0.99,0.9899999401628844,3.5744071169574454e-07,1.0,0.0,0.9999998463998865,-1.3235439598107727e-08,0,,0,0.004296904624576328,12
6c94e519a10fcf105652,83,actor_critic_full,0.5,2,0.01,1.0,0.9999968165224589,1.0,0.9999973710345832,2.1514479158213362e-05,0.0,1.0,1.3285465920609973e-06,-0.999994841961066,1,32,1,0.9919677393079334,12
6cba47247302c833dcec,71,reinforce_full,0.9,3,0.1,0.246,0.24599507996554057,0.924,0.9239992228886205,1.4340884263219777e-05,0.754,0.246,0.7540045597657625,-0.245994754075159,0,,0,0.06571012719600317,12
6cccd5cfd944ecf4bfb2,71,actor_critic_full,0.99,3,0.01,0.0,1.727341422303953e-08,0.99,0.9899999762679711,2.485307959432248e-07,1.0,0.0,0.9999999558866097,7.86991565665381e-09,0,,0,0.004059327811923806,12
6cf7e55b6fc56008d66a,83,actor_critic_full,0.75,3,0.01,0.2523,0.2522999747908725,0.81025,0.8102478382860372,2.541752837714739e-05,0.7477,0.2523,0.747696734666959,-0.2522967936984055,0,,0,0.23382024456702058,12
6d110afc9fbbced1f593,11,actor_critic_full,0.99,3,0.0,0.0,4.754823966340369e-08,0.99,0.9899999610625482,8.41120709083043e-07,1.0,0.0,0.9999999012788903,-1.2167853058000952e-09,0,,0,0.004280942419283474,12
6d42fa8c91c2365fa608,83,actor_critic_full,0.75,2,0.1,1.0,0.9999965958239685,1.0,0.9999988087548733,1.0289470083080232e-05,0.0,1.0,3.003843865587086e-06,-0.9999961794989898,1,64,1,0.9814567490661739,12
6e0332ca1388742625d1,11,actor_critic_full,0.75,4,0.3,0.2468,0.24667272032414922,0.80775,0.8077604426483052,0.0002506206219550222,0.7532,0.2468,0.7533175993500647,-0.246660244661473,0,,0,0.22992865932435508,12
6e0737d8a642414f2109,37,actor_critic_full,0.75,2,0.01,1.0,0.9999988508113694,1.0,0.9999990336998019,9.564745596435387e-06,0.0,1.0,3.400836724136047e-07,-0.9999980110845419,1,64,1,0.9828030104287394,12
6e270c43c47402d53954,67,reinforce_full,0.9,3,0.3,0.0,1.4651210542942078e-05,0.9,0.8999917243897442,0.00012398476246744394,1.0,0.0,0.9999737740137927,-3.3140985000856382e-06,0,,0,0.004637679382258669,12
6e632404834d88de5409,83,actor_critic_full,0.5,4,0.1,0.8745,0.874480846719522,0.875,0.8749899025667535,0.00025988154811784625,0.0,0.7472749999999999,1.360844606725429e-05,-0.7472501083853549,0,,0,0.8587095504909955,12
6f33b718059a255fbdcb,41,actor_critic_full,0.99,2,0.1,0.2549,0.2542489932233577,0.993,0.9929934453299692,7.122438546502963e-06,0.7451,0.2549,0.745747813866471,-0.254243035453397,0,,0,0.21194806900297017,12
6f7b54c2b5c09e82dcb1,53,actor_critic_full,0.9,4,0.01,0.0,8.516420197886655e-07,0.9,0.8999993316136479,9.672850865172222e-06,1.0,0.0,0.9999983279033738,-6.188689931425354e-09,0,,0,0.004445846295267949,12
70244c63879a228c30bf,83,actor_critic_full,0.5,4,0.3,1.0,0.999939592396145,1.0,0.9999472596114639,0.0006218774360604584,0.0,1.0,1.2419942384260518e-05,-0.9998897040896566,1,128,1,0.9773676042930531,12
708d2dea820f8c192a44,11,actor_critic_full,0.75,3,0.0,0.0,3.4666403645003786e-09,0.75,0.7499999987546571,7.42128358766081e-10,1.0,0.0,0.9999999939500264,-3.2775285287395266e-10,0,,0,0.0048621448105613885,12
70d0c6c87fe2cfc9ee76,83,actor_critic_full,0.99,3,0.003,0.0,1.8108170738460164e-06,0.99,0.989996503090602,2.9641798391821794e-05,1.0,0.0,0.9999947479621815,1.7904069445227451e-06,0,,0,0.004384590444535212,12
715f5686105baa8eba6c,53,actor_critic_full,0.75,3,0.1,0.2406,0.24059881754652598,0.81925,0.8192492231374995,3.768331225728616e-06,0.7594,0.2406,0.7594005931946002,-0.2405982012142508,0,,0,0.2226009626401681,12
71734594b3b18b642207,41,actor_critic_full,0.5,3,0.01,1.0,0.9999956360021716,1.0,0.9999956394810092,4.683172664954327e-05,0.0,1.0,6.691341525059901e-07,-0.9999920435883304,1,64,1,0.985789931642057,12
71748375b5c3d119c43b,53,actor_critic_full,0.5,4,0.003,1.0,0.9999144904655466,1.0,0.9999441881503428,0.0005903771962039173,0.0,1.0,3.384034820958175e-05,-0.9998628537846826,1,128,1,0.9776474112617795,12
71838fe109fc0086334e,41,actor_critic_full,0.5,4,0.003,1.0,0.999989134487696,1.0,0.9999779469452579,0.00012343222624622285,0.0,1.0,-1.7063845273627364e-05,-0.9999583290354068,1,128,1,0.9743082985825642,12
722039c6474eca0b43f8,67,actor_critic_full,0.5,2,0.3,1.0,0.9999995261586649,1.0,0.9999997244440078,4.0355726014240645e-06,0.0,1.0,3.4982832151883023e-07,-0.9999994145895004,1,32,1,0.9917277999287726,12
722f816b69de55f0694f,83,actor_critic_full,0.99,3,0.3,0.0,3.1377961809409058e-06,0.99,0.9899957307405952,5.921582123846747e-05,1.0,0.0,0.9999906319004267,3.482063221437093e-06,0,,0,0.004432419805018707,12
72e9202281400aa134b9,83,actor_critic_full,0.9,4,0.003,0.0,1.1058445905471938e-07,0.9,0.8999999322173835,7.118749181245221e-07,1.0,0.0,0.9999997810401962,-3.1743385398026005e-09,0,,0,0.004529965956911464,12
7341f6a2851f97383f27,53,actor_critic_full,0.99,4,0.3,0.0,3.295580128817683e-06,0.99,0.9899981864749242,2.0383167793625034e-05,1.0,0.0,0.9999935084288023,-6.47240463211089e-07,0,,0,0.004308290482748426,12
74310bc1a2f73a702c53,53,actor_critic_full,0.75,4,0.01,0.0,1.1497737815109257e-06,0.75,0.7499993393500775,2.1559111701208167e-05,1.0,0.0,0.9999976072347432,8.186024263569285e-08,0,,0,0.004992424760141264,12
74745d737d98fd66ae8a,101,actor_critic_full,0.9,4,0.01,0.0,3.260500658336013e-06,0.9,0.8999974669444412,5.501125269802287e-05,1.0,0.0,0.999993209460987,-2.922560701554291e-07,0,,0,0.004798030539027509,12
74a2d99fb9763ae14612,83,reinforce_full,0.9,3,0.003,0.0,1.4567122907626228e-06,0.9,0.899999629225641,6.214579116203822e-06,1.0,0.0,0.9999980319464292,-9.115341509214439e-07,0,,0,0.0045266694451394415,12
74fd39e794dab3111ccd,97,actor_critic_full,0.9,2,0.0,0.2517,0.2517046315157102,0.923,0.9230002847631672,6.844456038379576e-06,0.7483,0.2517,0.7482951635735784,-0.25170445324121316,0,,0,0.24461128150836875,12
7509e19de51f6fcd5756,83,actor_critic_full,0.5,3,0.01,0.8752,0.875197173098252,0.8705,0.8704959279706002,3.642015144578181e-05,0.0,0.7510333333333333,-3.1100761068888912e-06,-0.7510239084666827,0,,0,0.8668502624885112,12
7558f9af7d31128eb8cb,53,actor_critic_full,0.75,2,0.0,1.0,0.9999989749373174,1.0,0.9999987202360937,1.609592800377868e-05,0.0,1.0,-1.2901008149823756e-07,-0.9999978948681729,1,128,1,0.970825707930303,12
75956b0da8263d7d1347,83,actor_critic_full,0.9,2,0.0,1.0,0.9999793524034488,1.0,0.9999950348227867,5.90058189118281e-05,0.0,1.0,1.7373323259044083e-05,-0.9999761895392133,1,256,1,0.9354432541603854,12
75f80f6401a93c5c0386,67,actor_critic_full,0.99,2,0.3,0.2435,0.2434997528093313,0.99275,0.9927497783282146,6.351339834509417e-06,0.7565,0.2435,0.7565000173263124,-0.24349949082862798,0,,0,0.21798171209184491,12
762ee6ec73b8949b1fd4,83,actor_critic_full,0.9,3,0.0,0.0,1.4766595275299052e-05,0.9,0.8999141121459685,2.72091510851169e-05,1.0,0.0,0.9999078010232035,5.722536406142223e-05,0,,0,0.004506208437427853,12
763b3b4fed198915db85,23,actor_critic_full,0.75,4,0.1,0.0,5.1361319621488546e-06,0.75,0.7499960454921232,2.4890612621675245e-05,1.0,0.0,0.9999916595511978,-1.7445783046891865e-06,0,,0,0.005179464157820326,12
76bd67e10deaabe12b93,83,actor_critic_full,0.99,4,0.3,0.0,1.2335489678654402e-06,0.99,0.9899991413885239,1.6147820133483037e-05,1.0,0.0,0.9999979635633006,-4.1342563605548946e-07,0,,0,0.004400954618308893,12
76bdf7143b811bfaedcd,71,actor_critic_full,0.75,4,0.3,1.0,0.9997247047197932,1.0,0.9999014627211307,0.0006911182426847517,0.0,1.0,0.00022569661217266884,-0.9996710758100686,1,1024,1,0.7142005700496078,12
774dfa6abcd0d912036d,41,actor_critic_full,0.5,4,0.01,1.0,0.9999838391712561,1.0,0.9999747681429145,0.00034957577008754015,0.0,1.0,-3.306474993289853e-05,-0.9999304821693853,1,128,1,0.9741207346246568,12
77b8df8d8418829f78e8,97,actor_critic_full,0.5,2,0.003,1.0,0.9999990435135454,1.0,0.9999973380648342,1.9108871128992178e-05,0.0,1.0,-5.142851108831359e-06,-0.999992069279609,1,32,1,0.9916362042048185,12
77ce414ec07d7fcc2d81,101,actor_critic_full,0.99,3,0.0,0.0,1.409494589969946e-06,0.99,0.9899986910493808,1.6678322936058976e-05,1.0,0.0,0.9999971575336009,8.605242542534707e-08,0,,0,0.00459274958303054,12
781e6f4ac3c2b209c1cd,67,actor_critic_full,0.75,4,0.01,0.0,7.55242105001144e-08,0.75,0.7499999556459168,1.2855133491029846e-06,1.0,0.0,0.9999998325029239,1.543172495911747e-08,0,,0,0.004783111931048626,12
79158342265229247b15,83,actor_critic_full,0.75,3,0.0,0.2523,0.2522963838018505,0.81025,0.8102450954955246,4.19368916482199e-05,0.7477,0.2523,0.7476977385620265,-0.25229109975770714,0,,0,0.06824537726807511,12
796ef9028ee72ebde363,23,actor_critic_full,0.5,3,0.003,1.0,0.9999973740336343,1.0,0.9999970545495969,4.623055792762898e-05,0.0,1.0,-2.1598031487989333e-07,-0.9999944355019649,1,64,1,0.9865227844076403,12
79ad0eb9196cca33ec4e,37,actor_critic_full,0.9,2,0.3,1.0,0.9999953865173313,1.0,0.999999256579856,1.1282164450676646e-05,0.0,1.0,4.234208319367116e-06,-0.9999950093222211,1,128,1,0.9602327758800148,12
79baafe39230c2e0f885,53,actor_critic_full,0.99,3,0.003,0.0,2.752971833375601e-06,0.99,0.9899971116975746,2.6841989893000573e-05,1.0,0.0,0.9999943492152233,2.8819557258884304e-07,0,,0,0.004259043076639251,12
79da6803f5c42791e239,41,actor_critic_full,0.5,3,0.1,1.0,0.9999795278509506,1.0,0.9999809235800194,0.0001916092587634921,0.0,1.0,3.7337546256280827e-06,-0.99996305494541,1,64,1,0.9858783439899657,12
7af90179fe2d38b8d5e9,101,actor_critic_full,0.5,3,0.3,1.0,0.9985718238809399,1.0,0.9982897163868393,0.008221825584769249,0.0,1.0,-0.0003793560028391923,-0.9966317563698724,1,64,1,0.9856819877655271,12
7b1576e9754354a2dd8d,23,actor_critic_full,0.5,4,0.003,1.0,0.9999658078341639,1.0,0.9998923864762661,0.0009225677349604666,0.0,1.0,-0.00010715124325330536,-0.9998173984402228,1,128,1,0.9741376936417319,12
7b65657ecc8b2a864d1e,97,reinforce_full,0.9,3,0.01,0.2445,0.24449823065332402,0.92225,0.9222484249972508,2.022519583988469e-05,0.7555,0.24450000000000002,0.7555004251110707,-0.24449680640938656,0,,0,0.15688541850317428,12
7c417b3a6d1286b7ee78,71,actor_critic_subspace1024,0.9,3,0.003,0.0,9.287513405838086e-07,0.9,0.899999441499966,9.964336641132832e-06,1.0,0.0,0.9999983699806655,-2.02074199282589e-07,0,,0,0.014570322075035677,12
7c8c4474820da272b905,97,actor_critic_full,0.5,2,0.1,1.0,0.9999983322780241,1.0,0.9999981144217164,1.1130161510664038e-05,0.0,1.0,5.642808114463827e-07,-0.9999971023057496,1,32,1,0.9916830470424762,12
7da4916a7e27bddbc03c,101,actor_critic_full,0.5,3,0.003,1.0,0.9999888971602362,1.0,0.9999846054111726,0.0001334823464276269,0.0,1.0,-6.646906239418471e-06,-0.9999701816228775,1,64,1,0.9864518087131301,12
7dab1171b7885d1dd073,67,actor_critic_full,0.75,3,0.003,0.2551,0.2550997719237362,0.81,0.8099998368599131,1.573482109051838e-06,0.7449,0.2551,0.7449000970930134,-0.2550996218695838,0,,0,0.2429127400646703,12
7dccde12272faa8785ad,97,actor_critic_full,0.5,2,0.0,1.0,0.9999855415302507,1.0,0.9999909406772068,0.00010158208169741556,0.0,1.0,1.1340614573022345e-05,-0.9999819900691843,1,32,1,0.9915751984056739,12
7e7a7babf06cb2231e15,67,actor_critic_full,0.5,4,0.01,0.9372,0.9371884864590992,0.9435,0.9434845480977853,0.00011863680265378207,0.0,0.87465,-2.4980006284565205e-06,-0.874622158178274,1,128,1,0.9170911740377704,12
7e87e8ea54935dc3462d,83,actor_critic_full,0.75,4,0.01,0.0,1.3935526695253491e-06,0.75,0.7499999632370267,1.0378079423389863e-05,1.0,0.0,0.9999977062825818,-4.3119806072947923e-07,0,,0,0.0050110421365830325,12
7f267f6286a343d6bcce,101,actor_critic_full,0.75,4,0.3,1.0,0.9997815440475253,1.0,0.9999347229887405,0.0014144126325845718,0.0,1.0,0.00019154516106376554,-0.9997531605014913,1,512,1,0.895001650227016,12
7f291234141ca6cb9335,41,actor_critic_full,0.9,4,0.03,0.0,1.6245542856016218e-06,0.9,0.8999985603629804,6.085910172259901e-06,1.0,0.0,0.9999972978271325,-3.619046204054744e-07,0,,0,0.004475728721116509,12
7f4a46fe7de6fc47ce5d,11,actor_critic_subspace1024,0.9,3,0.3,0.0,4.6005960394632715e-05,0.9,0.899963926650222,0.0004491242580115795,1.0,0.0,0.9999044191224515,5.223891259228637e-06,0,,0,0.0175888975859906,12
7f73371306017987cb0d,71,actor_critic_subspace1024,0.9,3,0.01,0.0,3.6381357298614463e-06,0.9,0.8999975114021399,5.147191041032784e-05,1.0,0.0,0.9999923849206116,5.574874536029864e-07,0,,0,0.014546086588498876,12
802c6167df1806cc23c3,101,actor_critic_subspace1024,0.9,3,0.003,0.0,1.0400216277932623e-05,0.9,0.8999923378538586,0.0001331624953309074,1.0,0.0,0.9999798181392314,-9.343411605108958e-07,0,,0,0.017671920352706694,12
804cf31848b3bca953a0,37,actor_critic_full,0.99,3,0.1,0.0,7.020673067448086e-07,0.99,0.9899997462881924,1.846581881181919e-06,1.0,0.0,0.9999990705404387,-4.677007938010738e-07,0,,0,0.004119821944452605,12
807fa6c4a200558d64f6,71,actor_critic_full,0.99,3,0.03,0.0,1.8124993215617798e-08,0.99,0.9899999774368085,3.169354556575854e-07,1.0,0.0,0.9999999597548993,3.5159017501511817e-09,0,,0,0.004028185725673912,12
81562c2ac475cb7d9d32,101,actor_critic_full,0.99,3,0.3,0.0,4.3536922455074104e-07,0.99,0.9899995111279531,7.0832634264661465e-06,1.0,0.0,0.9999990691105388,6.032238639294177e-08,0,,0,0.004670867034724099,12
816de65f86c84815a5a9,67,actor_critic_full,0.99,3,0.0,0.0,3.016433652529791e-06,0.99,0.9899963585953283,3.9063488657120615e-05,1.0,0.0,0.9999936266946446,1.1127800803257177e-07,0,,0,0.004110159257935586,12
819054aea0b8afb39483,71,actor_critic_full,0.5,4,0.3,1.0,0.9999793869571002,1.0,0.9999888560507552,0.00010951237345580012,0.0,1.0,1.5383312058269028e-05,-0.9999742711817994,1,128,1,0.9767881481463638,12
8232cde1c199a4226401,101,actor_critic_full,0.99,4,0.03,0.0,1.1408485484048829e-06,0.99,0.9899978102019086,9.980810864362866e-05,1.0,0.0,0.9999932669766073,4.2513950523018376e-06,0,,0,0.004611334425616416,12
826690aa1817e6f4bc11,83,actor_critic_full,0.9,3,0.03,0.0,7.531034203038781e-11,0.9,0.8999999997774335,1.6598509233745062e-08,1.0,0.0,0.9999999997399034,1.3576586544500487e-10,0,,0,0.00451201375951887,12
8289e9dd0ab86dadfa24,97,actor_critic_full,0.9,3,0.003,0.0,1.3925882124497796e-06,0.9,0.8999994797776008,5.095194865134545e-06,1.0,0.0,0.999997942622223,-5.490706318365911e-07,0,,0,0.003975173262095729,12
83159d08ff73a6331d34,83,actor_critic_full,0.5,4,0.003,0.8745,0.8744898943614371,0.875,0.8749939140996921,7.383295451290905e-05,0.0,0.7472749999999999,6.29914420635636e-06,-0.747261300511067,0,,0,0.8568617413116464,12
8337906d3bb74aea0ad4,71,actor_critic_full,0.99,2,0.03,0.2515,0.2514722461327592,0.99275,0.9927490290750963,1.2345793038548436e-05,0.7485,0.2515,0.7485271883515967,-0.2514716722671839,0,,0,0.20196434068068,12
83505658391329a2ef55,97,actor_critic_full,0.9,2,0.1,1.0,0.9999978093278009,1.0,0.9999997293673257,4.980477115168469e-06,0.0,1.0,2.042747236197329e-06,-0.9999976678313123,1,,0,0.4359686984457961,12
83e7347bc624df82c76d,97,actor_critic_full,0.75,2,0.03,1.0,0.9999953643477344,1.0,0.9999985950886233,2.4911045329645276e-05,0.0,1.0,4.500709612792264e-06,-0.9999952330425746,1,64,1,0.9807895730782789,12
8427f995f103692aea57,67,actor_critic_full,0.5,3,0.003,1.0,0.9999967838175049,1.0,0.9999970129413186,3.2784490031190217e-05,0.0,1.0,5.05040039687743e-07,-0.9999940624820347,1,64,1,0.9858444587481632,12
84c0903b3a72302a70a2,101,actor_critic_full,0.9,3,0.03,0.2458,0.24579694176415182,0.92575,0.9257460210604576,5.2576371672330424e-05,0.7542,0.2458,0.7542000419814975,-0.24579309518764317,0,,0,0.20445806251134777,12
84f46cb90f486e5b7c57,101,actor_critic_full,0.5,3,0.1,1.0,0.9995052549128463,0.99975,0.9994959411835567,0.003453341545537114,0.0012,0.9996,-0.0005686038050817453,-0.998805905895403,1,64,1,0.9862240847607416,12
8517e9cddb8365097616,53,actor_critic_full,0.9,2,0.01,0.2502,0.25019977379690067,0.92625,0.9262485076215417,1.8286340491613373e-05,0.7498,0.2502,0.749798650131565,-0.25019817215528567,0,,0,0.24405323164960765,12
85234ff3cd116f9f5b8b,97,actor_critic_full,0.5,3,0.03,1.0,0.9999943498618271,1.0,0.9999940972398447,6.385551387211308e-05,0.0,1.0,2.863207858341377e-07,-0.9999887524515101,1,64,1,0.984322456146673,12
8561879b551d0abc88b2,101,actor_critic_full,0.99,2,0.01,0.2509,0.2508939940210188,0.9925,0.9924999134596262,1.2800968818282854e-07,0.7491,0.2509,0.7491060010206989,-0.25089398899124726,0,,0,0.22391079791915433,12
85a83fbcedfcbe2faa10,23,actor_critic_full,0.99,4,0.01,0.0,8.619719764548205e-07,0.99,0.9899991117894711,1.274083842872642e-05,1.0,0.0,0.9999983036408528,2.543706029165437e-08,0,,0,0.004356225981504602,12
85f6dc70ce067a2caed6,101,actor_critic_full,0.75,3,0.3,0.3787,0.37869839121848464,0.84525,0.8452447628424686,3.879905489156954e-05,0.6213,0.3787,0.6212942491910314,-0.3786902604502133,0,,0,0.34162411072771315,12
860b66c8f9a312fe4eff,41,actor_critic_full,0.9,4,0.1,0.0,2.0493452319219574e-07,0.9,0.8999999192599027,6.196045205797418e-07,1.0,0.0,0.999999703462734,-1.1555651178713796e-07,0,,0,0.004574720977808676,12
867707f06d9a2a050771,97,reinforce_full,0.9,3,0.0,0.2535,0.2534987482086749,0.9275,0.927494902466912,3.9430189644917846e-05,0.7465,0.2535,0.7464958028691696,-0.2534933501243491,0,,0,0.16242804189117638,12
86934326195c88f73cc2,83,actor_critic_full,0.75,2,0.01,1.0,0.9999982476437451,1.0,0.9999988725535324,9.333429261459969e-06,0.0,1.0,6.572237153026461e-07,-0.9999970025951994,1,128,1,0.9742794077760046,12
86fde78ff806af4033e9,23,actor_critic_full,0.75,4,0.01,0.0,4.098915379402045e-06,0.75,0.7499999103770904,7.432629899994936e-06,1.0,0.0,0.9999947009693402,-2.8479123767402258e-06,0,,0,0.005010960183093293,12
870a92d8aafe226d59c5,71,reinforce_full,0.9,3,0.003,0.0,2.100282584567132e-07,0.9,0.8999998966099542,1.3238310430097044e-06,1.0,0.0,0.9999996392358896,-6.293323431105027e-08,0,,0,0.004161457524977118,12
878b598a7f499de279a8,101,actor_critic_full,0.9,3,0.01,0.0,5.237176396293492e-07,0.9,0.8999992478143314,7.804037522873841e-06,1.0,0.0,0.9999986741042081,2.3326576035624188e-07,0,,0,0.004796493065714695,12
87c220adf3d598eaba29,67,actor_critic_full,0.75,3,0.3,0.2467,0.24669268828936783,0.81675,0.8167403079403643,6.39600693830289e-05,0.7533,0.2467,0.7532980587410624,-0.24668366980502668,0,,0,0.23994777272837706,12
87d6820818f12bd8b671,23,actor_critic_full,0.5,3,0.1,1.0,0.9999874961357045,1.0,0.9999910132083958,9.891371155390516e-05,0.0,1.0,6.047325505075807e-06,-0.9999810977075424,1,64,1,0.9868121501023949,12
88076757acf7acf594e6,101,actor_critic_full,0.75,2,0.3,1.0,0.9999267359991499,1.0,0.9999826497679206,0.0004276324762031436,0.0,1.0,6.996603903220793e-05,-0.9999234517073426,1,64,1,0.9838407065683449,12
880bd7dec8993e44ff08,11,actor_critic_full,0.9,3,0.03,0.0,3.717846899421826e-08,0.9,0.8999999793071308,2.2524240250731964e-07,1.0,0.0,0.9999999399926329,-1.4711315974650833e-08,0,,0,0.004425769637557739,12
88634c96351f184899fb,67,actor_critic_full,0.5,3,0.3,1.0,0.9999981749224695,1.0,0.9999971979948016,2.3685219275648706e-05,0.0,1.0,-1.6006200337636111e-06,-0.9999946263996079,1,64,1,0.9858829047943186,12
888a1bfa05880a9606d2,53,actor_critic_full,0.75,4,0.1,0.0,7.46456023854291e-07,0.75,0.7499995823224433,6.922298325662268e-06,1.0,0.0,0.9999984714222432,1.3176869566735675e-08,0,,0,0.00500719750737002,12
88a14955f1b7227355db,83,actor_critic_full,0.5,3,0.3,1.0,0.9999800170406714,1.0,0.99997245678582,0.00032319920137524605,0.0,1.0,-1.338266056532259e-05,-0.9999455992520145,1,64,1,0.9875725089218865,12
893569ae19070f01ced1,83,actor_critic_full,0.9,4,0.0,0.0,2.6348692246672495e-06,0.9,0.8999978151911613,2.7752292226068676e-05,1.0,0.0,0.999995208489957,-8.175911002760234e-07,0,,0,0.0045301566441407785,12
89993ff972bb3088dc31,41,actor_critic_full,0.99,3,0.03,0.0,3.7205581797830265e-07,0.99,0.9899997944328361,1.186142981168814e-06,1.0,0.0,0.9999994623020617,-1.845957108272417e-07,0,,0,0.004367256657576467,12
89a8e5b0074e6f515b54,23,reinforce_full,0.9,3,0.003,0.2522,0.25213166874527476,0.92625,0.9262458799690492,5.6056702305795625e-05,0.7478,0.2522,0.7478683085104744,-0.2521316462624956,0,,0,0.06756887716681534,12
89d16f8a0b5107617c61,41,actor_critic_full,0.75,4,0.003,0.1252,0.12515257396914167,0.7805,0.7804802717322211,2.227837649115827e-05,0.8748,0.1252,0.8748422435746981,-0.1251467970618433,0,,0,0.05933180742537928,12
8a2cf2d0632bf8e4c838,23,actor_critic_full,0.9,3,0.03,0.0,6.852812388016061e-07,0.9,0.8999991236556286,4.972710030415328e-06,1.0,0.0,0.999998314799797,1.9738573295910626e-07,0,,0,0.0045363116040532765,12
8a6d7d1c7ad9a4868835,67,actor_critic_full,0.99,4,0.0,0.0,2.3646986225493003e-06,0.99,0.9899974808642006,1.0764583748823497e-05,1.0,0.0,0.9999951064096072,-5.977264409573265e-09,0,,0,0.004138944894348296,12
8a984fb90718112d9b8d,41,actor_critic_full,0.9,2,0.1,1.0,0.9999985789981801,1.0,0.9999987062274203,1.756616256898269e-05,0.0,1.0,2.0657996766534348e-07,-0.999997319516343,1,256,1,0.9348409518383552,12
8accfd5fdc9acae78d9a,83,actor_critic_full,0.75,3,0.1,0.2523,0.25229863797206153,0.81025,0.8102495496810507,9.446909643884283e-06,0.7477,0.2523,0.7477010714751335,-0.25229830960884514,0,,0,0.23623540212870486,12
8b0309dec0e823ca24ec,101,actor_critic_full,0.75,4,0.0,0.2493,0.24928535700732646,0.816,0.8159961223746136,1.2353152669675183e-05,0.7507,0.2493,0.7507139363414328,-0.24928473513190963,0,,0,0.13952068606411788,12
8b370cdc676a95908d47,83,actor_critic_full,0.9,2,0.003,1.0,0.9999960874917891,1.0,0.9999985382532386,1.2351214536465704e-05,0.0,1.0,3.021740899338732e-06,-0.9999951141134842,1,256,1,0.9400310426939034,12
8b6e2aaa0383cf41e94b,37,actor_critic_full,0.99,3,0.0,0.0,1.1931232142834046e-07,0.99,0.9899999372501102,7.361197162936151e-07,1.0,0.0,0.9999998098093551,-6.23049305491478e-08,0,,0,0.004102878075517394,12
8bf8bd13ff06f5c5d788,97,actor_critic_full,0.5,4,0.3,1.0,0.9999744171938896,1.0,0.9999838231399604,0.00023053481709212065,0.0,1.0,2.0711296539443834e-05,-0.9999694951493363,1,128,1,0.9765177168622375,12
8d8d7ec19dd59a4cf791,83,actor_critic_full,0.5,2,0.1,1.0,0.9999934629007415,1.0,0.9999880127001103,1.811267065932043e-05,0.0,1.0,-4.9576772561123365e-06,-0.9999835169597194,1,32,1,0.9920328246603363,12
8dc3e5aebbe2d542610e,23,actor_critic_full,0.75,3,0.01,0.2522,0.2521827537771278,0.8135,0.8134965781535017,5.0918028136948124e-05,0.7478,0.2522,0.7478164500924033,-0.25218195507665553,0,,0,0.21003285272265762,12
8e3e008844432e8f0e9e,83,actor_critic_full,0.5,2,0.03,1.0,0.9999307945642882,1.0,0.9999593555110149,0.00012392958160489798,0.0,1.0,5.841818982053613e-05,-0.9999201648867427,1,32,1,0.9920069585305891,12
8ea13f3eb427503c6400,11,actor_critic_full,0.99,2,0.0,0.2508,0.2495945425664416,0.99175,0.9917216532529328,7.009967362137104e-07,0.7492,0.2508,0.7504054256673922,-0.24959450784402998,0,,0,0.0670566128161076,12
8eea3cfa8f72b6effed6,37,actor_critic_full,0.9,4,0.1,0.0,6.349372195745688e-08,0.9,0.8999999304753507,1.6250369299086742e-06,1.0,0.0,0.9999998536120301,4.000472492390537e-08,0,,0,0.004312551689624872,12
8f05496f2d70e3ebe122,83,actor_critic_full,0.99,3,0.01,0.0,2.2672858992752807e-06,0.99,0.989999073905732,1.3369345651881304e-05,1.0,0.0,0.9999965716398288,-1.1542395407775605e-06,0,,0,0.004413627356965054,12
8f17fd4fe9fda886d148,71,actor_critic_full,0.5,2,0.01,1.0,0.9999813875198328,1.0,0.9999844181973636,0.00013989591388963163,0.0,1.0,3.5879569341002447e-06,-0.9999692630479999,1,32,1,0.9918078709402256,12
8f5a1068968f924ef6e1,53,actor_critic_full,0.99,2,0.1,0.2502,0.2494657885354698,0.9925,0.9924966009920141,2.385196421528235e-05,0.7498,0.2502,0.7505313913525948,-0.2494626550378413,0,,0,0.20777049466364353,12
8f921c3d58548bad0a74,101,actor_critic_full,0.9,2,0.01,1.0,0.9999975744857944,1.0,0.9999991847823515,8.976477147371043e-06,0.0,1.0,1.902693014405965e-06,-0.9999970170214446,1,256,1,0.9355476903422222,12
8f930529a0970bf22dc4,53,actor_critic_full,0.9,4,0.3,0.0,5.272009416056918e-07,0.9,0.8999998003439348,1.0175613169849385e-06,1.0,0.0,0.999999148927012,-4.255231249498553e-08,0,,0,0.004572329082633835,12
8fa59bea725c09e91847,83,actor_critic_full,0.5,2,0.003,1.0,0.9999976369692631,1.0,0.9999973940702016,2.350657814531587e-05,0.0,1.0,-7.044288490224316e-07,-0.9999946931257535,1,32,1,0.9919805755845034,12
8fd836c5f83bb5a24fb0,23,actor_critic_full,0.9,2,0.003,1.0,0.9999952127144647,1.0,0.9999847529454812,9.861831495072693e-05,0.0,1.0,-1.0000710898862952e-05,-0.9999783175509147,1,256,1,0.9249017389363529,12
9022b11579c4d93f4096,71,actor_critic_full,0.75,4,0.0,0.0,3.197098033993261e-06,0.75,0.7499977651849606,2.2733360310667194e-05,1.0,0.0,0.9999944052507581,-5.595346045253119e-07,0,,0,0.004644600213150397,12
905b9a2fa9d17127b753,53,reinforce_full,0.9,3,0.003,0.0,5.838844226334514e-06,0.9,0.8999962190739963,5.244689964456484e-05,1.0,0.0,0.9999894613275329,-1.0229252091847799e-06,0,,0,0.0045012052624330105,12
9082bef4a3fa828d8a19,71,actor_critic_full,0.75,3,0.1,0.2508,0.2507999106590854,0.81375,0.8137497737686331,1.6314701269948273e-06,0.7492,0.2508,0.7491998202904131,-0.25079963286355933,0,,0,0.2437132576847514,12
90893fdc840baaf4d72a,83,actor_critic_full,0.9,3,0.3,0.0,9.328266922625256e-07,0.9,0.9000000052353605,1.417641783518775e-06,1.0,0.0,0.999999016379608,-8.747046114519235e-07,0,,0,0.004594221167167752,12
91017153d99cb358fe40,97,actor_critic_subspace1024,0.9,3,0.03,0.0,5.083346858570259e-05,0.9,0.8999682488523313,0.00031183668761514127,1.0,0.0,0.9999095450911056,-1.1261848582091969e-05,0,,0,0.014978903497131841,12
911b1961741c0b2607fe,101,actor_critic_full,0.5,2,0.0,1.0,0.999998971239895,1.0,0.9999992037678642,6.0479287640191615e-06,0.0,1.0,-7.286872324522409e-07,-0.9999974063807127,1,32,1,0.9917986672870392,12
91ddfdecc8e359dd80e6,71,reinforce_full,0.9,3,0.0,0.0,0.00033442717023946715,0.9,0.8999167781040337,0.0003046950150746852,1.0,0.0,0.9995449541177841,-0.00020790781040231257,0,,0,0.004243346928688646,12
91fb07ed25601c0e28f2,97,actor_critic_full,0.75,2,0.003,1.0,0.9999755256073979,1.0,0.9999884359277749,6.705375562887639e-05,0.0,1.0,2.4065961053062446e-05,-0.9999751223980848,1,64,1,0.9803254747371084,12
92303b2c2b880a7f5a83,71,actor_critic_full,0.99,3,0.1,0.0,5.141106213636331e-07,0.99,0.9899993193449279,2.2281892597675323e-06,1.0,0.0,0.9999988557076409,1.1036019141427342e-07,0,,0,0.004030445692223396,12
924017af4647bd531fc8,37,actor_critic_subspace1024,0.9,3,0.1,0.0,1.0310800333850407e-05,0.9,0.8999962151015982,8.473137131659314e-05,1.0,0.0,0.9999843786623922,-4.841975315690085e-06,0,,0,0.014870185920390713,12
924f220e30fae4626a04,53,actor_critic_full,0.99,2,0.3,0.2502,0.24969050604049217,0.9925,0.9924969979728557,1.5521949535468593e-05,0.7498,0.2502,0.7503078893287699,-0.24968895206964348,0,,0,0.16118128511942825,12
92a4a5f51441bd5ec415,83,actor_critic_full,0.99,2,0.1,0.2501,0.25009631785047026,0.99225,0.9922454054020468,3.689638469950296e-05,0.7499,0.2501,0.7499003448413476,-0.2500927647684884,0,,0,0.20854652236864116,12
92ebc564728b314b148a,11,reinforce_full,0.9,3,0.1,0.0,2.621595938688047e-07,0.9,0.8999997722022538,3.652753548522014e-06,1.0,0.0,0.9999994418036678,1.9962744249595324e-08,0,,0,0.004471064955644634,12
9333bd37fdff75067239,83,actor_critic_full,0.5,3,0.1,1.0,0.9999989545252185,1.0,0.9999985170010179,2.00916183530353e-05,0.0,1.0,-8.335191638036976e-07,-0.9999966705621214,1,128,1,0.986157738958408,12
933ec2e8b8c4afad3c35,41,actor_critic_full,0.99,3,0.1,0.0,2.406993679248916e-07,0.99,0.9899998269392795,2.1400669538707007e-06,1.0,0.0,0.9999995666282541,-5.198140597747895e-08,0,,0,0.004341955147766223,12
936e4bf426360f256f4e,23,actor_critic_full,0.75,3,0.03,0.2492,0.24919841614492852,0.809,0.8089959363748236,1.575451278768014e-05,0.7508,0.2492,0.7507975101948335,-0.24919428959650292,0,,0,0.2075933836508936,12
93710103ec127612c587,53,actor_critic_full,0.5,4,0.03,1.0,0.9999874583802554,1.0,0.9999827663550668,0.00013303979358170182,0.0,1.0,-1.0673235024979576e-05,-0.9999637266489347,1,128,1,0.9777029865412832,12
93c2761be1b53f412208,53,actor_critic_full,0.9,3,0.1,0.0,4.224157245393604e-07,0.9,0.8999996483136612,5.688671080861241e-06,1.0,0.0,0.9999991891172231,-3.852255483043763e-08,0,,0,0.004429298775016431,12
93c9cd784967b7f82ce1,23,actor_critic_full,0.75,4,0.3,1.0,0.9999572332190518,1.0,0.9999809359817884,0.0001599224633537233,0.0,1.0,3.192027670933578e-05,-0.9999466222466684,1,512,1,0.8219589149412985,12
94498f94c7e9aa7ac197,53,actor_critic_full,0.75,2,0.3,1.0,0.9999988482405433,1.0,0.9999941246849032,3.6054585507372394e-05,0.0,1.0,-4.854109948238694e-06,-0.999993526960938,1,64,1,0.9830655516295254,12
948ed71ad61ca3daece1,67,reinforce_full,0.9,3,0.003,0.0,1.6001696987556344e-08,0.9,0.8999999874881692,2.6711535383583396e-07,1.0,0.0,0.999999967438191,6.040666890548337e-10,0,,0,0.004249598569013795,12
94bf1ecc32fae1dc2b89,41,actor_critic_full,0.5,3,0.0,1.0,0.999997552328073,1.0,0.9999930077166428,0.00012687267735600471,0.0,1.0,-1.1343883997683046e-05,-0.9999842874836213,1,64,1,0.9858533644484351,12
950c6ae800ae5f3e4303,67,reinforce_full,0.9,3,0.01,0.0,7.618722506043659e-07,0.9,0.8999992866349371,6.460411441366887e-06,1.0,0.0,0.9999982811969381,2.9694549919201496e-07,0,,0,0.004254605786967335,12
95376e7d495059b1a206,37,actor_critic_full,0.5,2,0.003,1.0,0.9999971653940811,1.0,0.9999982700693405,1.1211329365323763e-05,0.0,1.0,2.510173165955398e-06,-0.9999968317607842,1,16,1,0.9927923892627263,12
953ae16710d655477326,23,actor_critic_full,0.99,4,0.03,0.0,1.4765022511716336e-06,0.99,0.9899984781999999,2.3540920665254816e-05,1.0,0.0,0.9999970851134762,4.4248088082377476e-08,0,,0,0.004359904812474416,12
958458c572a17faff6bb,71,actor_critic_full,0.75,3,0.003,0.2508,0.2507999913245096,0.81375,0.813667149959657,1.811741640267428e-05,0.7492,0.2508,0.749127793661667,-0.2507264677457928,0,,0,0.2091728384241373,12
95919639172e8b681176,37,actor_critic_full,0.5,4,0.03,0.8749,0.8748765223767254,0.87525,0.8752335283398032,0.0002483311400283128,0.0,0.7499,1.5214296358317444e-05,-0.7498678784700943,0,,0,0.8583293758628853,12
95f4df97fc83656534ff,53,actor_critic_full,0.75,4,0.3,0.2516,0.2515995419829542,0.8085,0.8084868869198854,5.337794846127508e-06,0.7484,0.2516,0.7483933148107722,-0.2515897090251552,0,,0,0.22579191152091954,12
966c8f31a8e3aac3a86a,101,actor_critic_full,0.99,3,0.01,0.0,1.536399050358889e-06,0.99,0.9899984985770599,1.308693208557088e-05,1.0,0.0,0.9999968682352252,6.35614443182105e-08,0,,0,0.004597207478389794,12
967b6dde177d7fb03e77,23,actor_critic_full,0.99,2,0.1,0.2513,0.25130248383338133,0.9935,0.993306060452437,0.0006892297533340752,0.7487,0.2513,0.7484830272044073,-0.2510991420152149,0,,0,0.20909482915928912,12
96b1dc621b482c4141f1,53,actor_critic_subspace1024,0.9,3,0.03,0.0,1.6296759945663202e-05,0.9,0.8999866834517988,0.00017484021373093128,1.0,0.0,0.9999671271100713,-2.821689843091739e-07,0,,0,0.016038867595098597,12
972a27b45ae6552e1286,53,actor_critic_full,0.5,2,0.0,1.0,0.9999990322377689,1.0,0.9999934935859114,4.125043415115215e-05,0.0,1.0,-1.0469173950346944e-05,-0.9999880120467198,1,32,1,0.9917751025629705,12
979c02cf811752fa2d17,83,actor_critic_full,0.5,3,0.0,0.8752,0.8751857728170493,0.8705,0.8704919984201883,3.5013636079384014e-05,0.0,0.7510333333333333,7.484196751515827e-06,-0.7510118828748745,0,,0,0.8668329556656832,12
97c56d43e672403e130d,37,actor_critic_full,0.9,4,0.003,0.0,5.03214742878537e-08,0.9,0.8999999469710986,7.320741701732913e-07,1.0,0.0,0.9999998743909589,2.9463306982673533e-08,0,,0,0.004265299479142739,12
97f85f6ce1951fd02681,101,actor_critic_full,0.9,4,0.0,0.0,1.1940144190278103e-08,0.9,0.8999999907231181,1.2021718021060224e-07,1.0,0.0,0.9999999762525171,2.758178311926146e-10,0,,0,0.004773784206962918,12
988ac303d4f731afdf7c,41,actor_critic_subspace1024,0.9,3,0.01,0.0,4.213182033902682e-05,0.9,0.8999733486484068,0.00016843875346239656,1.0,0.0,0.9999287129301516,-1.278961948441429e-05,0,,0,0.01718237862380077,12
98f98ad236f7cb5757f9,11,actor_critic_full,0.75,3,0.1,0.2532,0.2531996380312436,0.8115,0.8114998968562006,1.210666709994257e-06,0.7468,0.2532,0.7468003107957942,-0.25319958820180805,0,,0,0.23319485210559102,12
99c4a4ace9a267f5975b,71,actor_critic_full,0.5,2,0.1,1.0,0.9999997681338662,1.0,0.9999951859899867,2.6010731744463556e-05,0.0,1.0,-9.496772919059703e-06,-0.9999894310052915,1,32,1,0.9918197179207445,12
99f72a6d6a953df32e5b,23,actor_critic_full,0.75,2,0.003,1.0,0.9994637649390252,1.0,0.9996105098804912,0.002216979395598173,0.0,1.0,0.0004022757553764937,-0.9992917506998181,1,64,1,0.9827846250325185,12
9a8a8c4c2b53ff2361b6,101,actor_critic_full,0.75,4,0.1,0.0,6.053017226661527e-07,0.75,0.749999575036948,5.113445695315022e-06,1.0,0.0,0.9999985704032565,3.104114743008439e-07,0,,0,0.0056420114999948985,12
9b080c5c9bd7ec7b61e8,11,actor_critic_full,0.75,3,0.3,0.2532,0.25319998760181645,0.8115,0.811498770182463,8.446580977761187e-06,0.7468,0.2532,0.7467985141546056,-0.25319850950779665,0,,0,0.24619573508054407,12
9b53a9aec1a207bfa226,41,actor_critic_full,0.99,3,0.3,0.0,4.938831764137222e-07,0.99,0.9899997863823149,1.1997145747955074e-06,1.0,0.0,0.9999993101689093,-2.607563032130962e-07,0,,0,0.004381893661797891,12
9b936b93b7cf933431b4,37,actor_critic_full,0.75,3,0.003,0.2587,0.2586996841916669,0.81025,0.810241177575718,3.713975092978217e-05,0.7413,0.2587,0.7412896811293059,-0.25869023794676216,0,,0,0.25148131921587397,12
9bdeceb0530f053b7884,41,actor_critic_full,0.5,2,0.01,1.0,0.9999975476940257,1.0,0.9999973335619597,4.395281939650886e-05,0.0,1.0,-1.2901568663756136e-06,-0.9999936628637767,1,32,1,0.991697812615264,12
9bfa3701ce102f125c69,41,actor_critic_full,0.5,4,0.1,1.0,0.999990466816118,1.0,0.9999817307139913,0.0001545058621559292,0.0,1.0,-1.5192754513175665e-05,-0.9999656731639271,1,128,1,0.9747837981062812,12
9cbd485aea63a52a5f1c,11,actor_critic_full,0.75,4,0.03,0.0,5.259759731050408e-07,0.75,0.7499997220040823,7.323884346988052e-06,1.0,0.0,0.999998864050299,5.9235894461517887e-08,0,,0,0.004976571872450048,12
9d7dac7b58f54b2a5f9b,71,actor_critic_full,0.99,2,0.01,0.2285,0.2268728867572706,0.99225,0.9922098343106698,2.509067655864783e-07,0.7715,0.2285,0.7731270829838719,-0.22687285747784253,0,,0,0.18678917614500556,12
9d817ea2f356653d7c18,23,actor_critic_full,0.75,4,0.03,0.0617,0.061698643064624706,0.765,0.76499877010117,1.8181584891863167e-05,0.9383,0.0617,0.9383002601915367,-0.061697523427690686,0,,0,0.043573584227205725,12
9daf04504cb2152d99b9,41,actor_critic_full,0.99,2,0.01,0.2562,0.2561910970671279,0.993,0.9929999419070259,1.0536368222346937e-07,0.7438,0.2562,0.7438088976224108,-0.2561910917542877,0,,0,0.21301668738537058,12
9dcbeb12dd3fec6e757d,97,actor_critic_full,0.99,4,0.003,0.0,3.903518720529988e-08,0.99,0.9899999689600871,6.984103606555436e-07,1.0,0.0,0.9999999161499007,1.0910813999130746e-09,0,,0,0.0039041828845986105,12
9dfc4e3644fa21e2f4f8,11,reinforce_full,0.9,3,0.3,0.0,3.940975272954688e-06,0.9,0.8999974510175967,2.5861014364636503e-05,1.0,0.0,0.9999931766314895,-1.229353514542616e-06,0,,0,0.004636982629837138,12
9e0c722bb990c4681b96,37,actor_critic_full,0.99,4,0.03,0.0,8.512271752862555e-07,0.99,0.9899996199592761,4.417089712660527e-06,1.0,0.0,0.9999988450550013,-4.496054216383653e-07,0,,0,0.004169750999053856,12
9e2c25ded4b1e8808704,23,actor_critic_full,0.99,2,0.03,0.3559,0.3569987138576609,0.99375,0.9937396982775097,3.708255462697707e-05,0.6441,0.3559,0.642995073311198,-0.35699300869491113,0,,0,0.18843526742469072,12
9e6057d396db84a47a0d,71,actor_critic_full,0.75,3,0.03,0.2521,0.2520991325846058,0.81,0.8099886321611461,0.00020893114560749382,0.7479,0.2521,0.747879887460081,-0.25207873385818746,0,,0,0.20954958584046315,12
9ea258d5bec86f49d67e,11,actor_critic_full,0.75,4,0.1,0.0606,0.06079244487194455,0.76575,0.7656104796003317,0.000495766056701541,0.939,0.0608,0.9384364820746843,-0.060102185026064854,0,,0,0.05429123855403569,12
9eb271b456d2d56f30b9,37,actor_critic_full,0.5,2,0.1,1.0,0.9999884890659043,1.0,0.9999904532469639,0.00010376504360465333,0.0,1.0,3.409207234716216e-06,-0.999979968582579,1,16,1,0.9927819318865075,12
9ec125eeddc09e0174b0,83,actor_critic_full,0.75,4,0.0,0.0602,0.06018381371485955,0.76675,0.7667425017986965,4.7935463953763247e-05,0.9398,0.0602,0.9398158422749737,-0.06018346099303877,0,,0,0.0426183787326718,12
9ed8a7590f6025638216,101,actor_critic_full,0.5,4,0.1,1.0,0.9997173488072507,1.0,0.9995417776144927,0.0013748434139415622,0.0,1.0,-0.00027551945617961974,-0.9991541363172525,1,128,1,0.9770163772506931,12
9eeb31dcb0a95841d6be,11,actor_critic_subspace1024,0.9,3,0.0,0.0,4.483352054370351e-06,0.9,0.8999967017523958,5.3427957027452067e-05,1.0,0.0,0.9999912878671977,-2.8716590162517565e-07,0,,0,0.016755614336830642,12
9f14b0cc62cc1a9c7d94,71,actor_critic_full,0.75,2,0.0,1.0,0.9999723595593816,1.0,0.999985973881961,0.00023543235147371888,0.0,1.0,8.938394743888777e-06,-0.9999494580896122,1,128,1,0.9759873776902298,12
9f1d32ec3239fcf6ed79,37,actor_critic_full,0.75,3,0.03,0.2587,0.2586997998563809,0.81025,0.8102458816372616,8.09436896815896e-05,0.7413,0.2587,0.7412950065131123,-0.25869540909560257,0,,0,0.2508400786597451,12
9f428f3826f25dfdf989,97,actor_critic_full,0.9,3,0.01,0.0,5.3243808405747484e-08,0.9,0.8999999501336828,1.5816352743058815e-06,1.0,0.0,0.9999998902339903,-8.305040075826649e-10,0,,0,0.003980672520128963,12
9f9e00e4363becf2b88a,67,actor_critic_full,0.75,4,0.003,0.0647,0.06466264938540965,0.77075,0.7707286862682682,0.00015580904437229037,0.9353,0.0647,0.93532911089704,-0.06465299322574951,0,,0,0.020922640249859948,12
9fb1eb48219a33c44997,23,actor_critic_full,0.9,4,0.01,0.0,8.61407657202231e-07,0.9,0.8999981686631335,6.311487595667131e-06,1.0,0.0,0.9999975309770726,4.4641358196577697e-07,0,,0,0.004536396400357985,12
a02ac1f6abdf291cda03,101,reinforce_full,0.9,3,0.003,0.0,4.291739474292916e-06,0.9,0.8999968015761172,3.719046799233183e-05,1.0,0.0,0.9999916235364122,-1.950279766722459e-07,0,,0,0.004799814834152015,12
a0565afc96822aa14288,37,actor_critic_full,0.9,3,0.1,0.0,2.652041052877129e-07,0.9,0.9000000054564901,4.504684625317168e-07,1.0,0.0,0.9999997250305783,-2.5574625283924486e-07,0,,0,0.004291589949673642,12
a0ae649bd8c58a4768a3,97,actor_critic_full,0.99,3,0.03,0.0,3.5511389801580014e-06,0.99,0.9899980316317014,2.022719672822859e-05,1.0,0.0,0.9999943259929034,-1.6928434992676186e-06,0,,0,0.003982419978614449,12
a17a3bcc365e15665c84,97,actor_critic_full,0.5,2,0.03,1.0,0.9999952660299254,1.0,0.9999963043161393,1.074170086212689e-05,0.0,1.0,-1.6226949761881882e-06,-0.9999873292612752,1,32,1,0.9916334974281018,12
a2124fa9897a5ebafe6b,41,actor_critic_full,0.75,3,0.3,0.2457,0.24569999857474567,0.81225,0.8122496601977635,1.0619176464388147e-05,0.7543,0.2457,0.7542993770868922,-0.2456993655440521,0,,0,0.2385645183652152,12
a2fd8d7d27abbe25b832,97,actor_critic_full,0.99,3,0.3,0.0,1.6108441260914748e-07,0.99,0.98999989096636,1.1712369314409443e-06,1.0,0.0,0.9999997298954871,-3.6453375105671085e-08,0,,0,0.0039058289786282198,12
a349f8f4718c83bfccbf,97,actor_critic_full,0.9,2,0.01,1.0,0.9999998581481945,1.0,0.9999979286662792,1.1507146155054215e-05,0.0,1.0,-2.4604654587698118e-06,-0.9999974628615724,1,,0,0.4323516986374689,12
a3ab27b4ee7108702bfe,53,actor_critic_full,0.99,2,0.03,0.0,2.6766213598279327e-05,0.99,0.9899977142266113,3.0764473194722086e-05,1.0,0.0,0.9999706173529587,-2.4074727709793168e-05,0,,0,0.005220047104551156,12
a3ddd579b7caf659b64c,83,actor_critic_full,0.99,2,0.01,0.2501,0.24958587960518552,0.99225,0.9922487557222974,8.646149581181817e-06,0.7499,0.2501,0.7504131571438969,-0.24958497548848102,0,,0,0.2302655441754022,12
a40176d48a58a8846865,37,reinforce_full,0.9,3,0.03,0.0,3.507902800736941e-06,0.9,0.8999967609224404,9.155926090897992e-05,1.0,0.0,0.9999919081676047,1.1463970300539284e-06,0,,0,0.004275939923366265,12
a442c263044a6c257d24,53,actor_critic_full,0.99,4,0.1,0.0,1.292532370780111e-06,0.99,0.9899987230589011,1.0958313396258745e-05,1.0,0.0,0.9999973977300985,9.298771628924027e-08,0,,0,0.004274940939891775,12
a4488cab4a394d24a5f4,67,reinforce_full,0.9,3,0.0,0.2489,0.24889951397929708,0.927,0.9269960579435269,2.9391412681434304e-05,0.7511,0.2489,0.7510957716645251,-0.24889465010552106,0,,0,0.06657024424628359,12
a4d0a3443b62ba71a9dd,41,reinforce_full,0.9,3,0.003,0.0,4.368918484529389e-06,0.9,0.89999842410989,3.4012988180620596e-05,1.0,0.0,0.9999935581385889,-2.043263047694332e-06,0,,0,0.0044992697888044985,12
a4f9e0ac02aea045820a,11,actor_critic_full,0.99,3,0.03,0.0,3.8972027070803923e-07,0.99,0.9899997782404678,3.98750307795126e-06,1.0,0.0,0.9999993952754612,-1.6594291894123713e-07,0,,0,0.004263662147943794,12
a594ffed89ad20534cd9,53,actor_critic_full,0.9,2,0.003,0.2502,0.2502096192884665,0.92625,0.9262464374568189,3.6456935049500316e-05,0.7498,0.2502,0.7497861654352184,-0.25020567643822034,0,,0,0.2439973625331571,12
a5e15a701e0b13fddb86,41,actor_critic_full,0.75,2,0.3,1.0,0.9999993794549431,1.0,0.9999997728816623,1.9771523511735722e-06,0.0,1.0,4.918927667809436e-07,-0.9999992450825039,1,64,1,0.9829867246049729,12
a62d4e187b462db60712,67,actor_critic_full,0.5,3,0.01,1.0,0.9999937558889873,1.0,0.9999845406527204,0.00021428703621495515,0.0,1.0,-1.936781480363644e-05,-0.9999520180020073,1,64,1,0.9858737443397794,12
a68d6ed597993a1d37c1,53,actor_critic_full,0.99,3,0.1,0.0,3.938941084314822e-08,0.99,0.9899999644102684,4.2554017909424147e-07,1.0,0.0,0.9999999241074258,-2.099094076716284e-09,0,,0,0.0042576940194434705,12
a69597bbc6ee61160709,83,actor_critic_full,0.99,4,0.1,0.0,2.3713455465674484e-06,0.99,0.9899979855897256,3.582888166420162e-05,1.0,0.0,0.9999956072815935,-2.897998095747877e-07,0,,0,0.004384492997064169,12
a6b6809765baf2441919,83,actor_critic_full,0.9,2,0.1,1.0,0.9999930911760159,1.0,0.9999954532021506,6.144106009742245e-05,0.0,1.0,2.3295393670623497e-06,-0.99998857185039,1,256,1,0.9512142184891405,12
a6c44c3a904ff929d437,53,actor_critic_full,0.9,2,0.0,0.2502,0.2502001295168657,0.92625,0.926245871849778,3.856466355500743e-05,0.7498,0.2502,0.749795353466337,-0.25019548998982066,0,,0,0.24352468098267377,12
a6c9f27c323f41f41f4b,71,actor_critic_full,0.5,3,0.03,1.0,0.999900890062803,1.0,0.9999422575539428,0.0012063244357705116,0.0,1.0,8.760879765498332e-05,-0.9998883753774118,1,64,1,0.986935563089757,12
a7ca72fd0a5f154127c3,41,actor_critic_full,0.9,2,0.01,1.0,0.9999288983658997,1.0,0.9999893757069472,0.00015857255493756384,0.0,1.0,6.547522144052817e-05,-0.9999229648868623,1,,0,0.5245679306964849,12
a87cf16c9c6e03bbf910,41,actor_critic_full,0.9,2,0.3,1.0,0.9999858404119559,1.0,0.9999990575609572,1.4108552932157181e-05,0.0,1.0,1.387290626421428e-05,-0.9999855918197496,1,256,1,0.9402200048925,12
a8950233ac682f3dfcd8,23,actor_critic_full,0.5,3,0.0,1.0,0.9999962141523172,1.0,0.9999942269632199,7.364325574599206e-05,0.0,1.0,-3.4207838953646206e-06,-0.9999888866765133,1,64,1,0.9865175484557144,12
a8d06ef759c0cd84c015,101,actor_critic_full,0.9,3,0.0,0.0,8.184771895959138e-07,0.9,0.8999999284282878,1.8820537661667913e-06,1.0,0.0,0.9999990634845837,-7.009634105428272e-07,0,,0,0.00481271728927846,12
a90ac706c9c15ae4641a,101,actor_critic_full,0.9,4,0.03,0.0,4.744867694776658e-08,0.9,0.8999999565611185,7.354519766522571e-07,1.0,0.0,0.9999999015130212,4.970567005380411e-09,0,,0,0.004795743100449832,12
a981b0a72b3afd87bf14,71,actor_critic_subspace1024,0.9,3,0.0,0.0,1.2425802451770894e-06,0.9,0.8999989579459745,1.6696549209882505e-05,1.0,0.0,0.9999975633629878,-4.167238682788592e-08,0,,0,0.01455131335844304,12
ab3f9738b2929472a9c6,97,actor_critic_full,0.99,2,0.0,0.2503,0.2502429059781598,0.992,0.9919974691491036,9.484902875556145e-06,0.7497,0.2503,0.7497553575891613,-0.25024126835521476,0,,0,0.18328461006391572,12
abccb2d55f3f69938467,23,actor_critic_full,0.75,4,0.003,0.0,4.002762408375063e-07,0.75,0.7499997840730329,6.785198365832912e-06,1.0,0.0,0.9999992029631743,-5.592875522491252e-10,0,,0,0.00500284197799632,12
ac228332d4b94c54d9fc,97,actor_critic_full,0.75,2,0.1,1.0,0.9999934719376499,1.0,0.999998259151898,3.25323453580495e-05,0.0,1.0,6.485597188692615e-06,-0.9999934301559096,1,64,1,0.9820115588424841,12
ac2b484e124a10659a47,97,actor_critic_full,0.75,4,0.3,0.248,0.24798824465428088,0.81675,0.8167241571983916,0.0005468737217597663,0.752,0.248,0.751987337410823,-0.2479663825831434,0,,0,0.2069488190930381,12
ad309136238dc2803e35,71,actor_critic_full,0.9,3,0.03,0.0,1.0184039075161333e-06,0.9,0.8999999230813139,5.253279141470557e-06,1.0,0.0,0.9999987174081981,-7.749790703334195e-07,0,,0,0.004191051775773584,12
adb202c3647bd1c82d1e,71,actor_critic_full,0.9,4,0.1,0.0,4.311188130484499e-09,0.9,0.8999999969638913,2.420713229867033e-08,1.0,0.0,0.9999999911766377,7.854521683354526e-10,0,,0,0.004208254277098233,12
ade32a647a46a5c1a445,101,actor_critic_full,0.75,4,0.03,0.0602,0.060199987153089725,0.76725,0.7661424551842726,0.0014492332702502608,0.9393,0.06045,0.9383640360439222,-0.058695701554132194,0,,0,0.04309930857425992,12
adeccbccd95fcac0e0bd,37,actor_critic_full,0.99,4,0.1,0.0,2.982745470742521e-06,0.99,0.9899929071639222,1.3872619092580862e-05,1.0,0.0,0.9999932418798937,1.4710686919651382e-06,0,,0,0.004176528924512269,12
aea43f31542d98c4ba75,11,reinforce_full,0.9,3,0.03,0.0,2.836236689681808e-05,0.9,0.8999967120225788,6.171511631691828e-05,1.0,0.0,0.9999645925309314,-2.3082235800831223e-05,0,,0,0.004451255225594307,12
aeaeee3bf7d52edb417d,11,actor_critic_full,0.5,3,0.03,1.0,0.9999930323110903,1.0,0.9999858691872014,0.00033353790058754385,0.0,1.0,-3.0331134246346148e-05,-0.9999612678489059,1,64,1,0.9856278824866722,12
af52bafd26164a29eb22,53,actor_critic_subspace1024,0.9,3,0.01,0.0,8.103628388306337e-06,0.9,0.8999935963684196,0.00010144577390747145,1.0,0.0,0.9999843863272978,-4.2283681425705367e-07,0,,0,0.01600542453257868,12
af54f44368a719c5bb60,101,actor_critic_full,0.9,2,0.3,1.0,0.9999918941340477,1.0,0.9999959227613537,5.6034648878267035e-05,0.0,1.0,4.2355532547035945e-06,-0.9999881993865243,1,128,1,0.9620863671432515,12
af9d3784b9a794b81dd4,37,actor_critic_full,0.75,4,0.3,0.245,0.24495493318500403,0.812,0.811988522294268,3.361369817866944e-05,0.755,0.245,0.7550414697583797,-0.24495146415331898,0,,0,0.20681270112555547,12
affc9e4f7e002c59c63c,97,actor_critic_full,0.99,4,0.03,0.0,9.801185189310855e-07,0.99,0.9899990018888739,3.4029876587737817e-06,1.0,0.0,0.9999979303356961,-1.8849531347526107e-08,0,,0,0.003910470623786484,12
b02ee0bff2baff335623,101,actor_critic_subspace1024,0.9,3,0.3,0.0,6.731906488568226e-06,0.9,0.8999948096234757,7.780078158248216e-05,1.0,0.0,0.9999870775608715,-3.742321039160696e-07,0,,0,0.01855867306716086,12
b06f750c437d10528295,37,actor_critic_full,0.5,4,0.003,0.8749,0.8748957455361474,0.87525,0.87524349172656,6.255584594327956e-05,0.0,0.7499,-5.9807882240947585e-06,-0.7498856346630337,0,,0,0.8583838654887627,12
b072f63cc4efdde2489c,37,actor_critic_full,0.9,3,0.003,0.2506,0.249757690747062,0.92175,0.9217471871888421,0.0003029349900316447,0.7494,0.2506,0.7502414122663202,-0.24975678617400202,0,,0,0.2076744523135956,12
b0a0a0bfaecfb4423a34,71,actor_critic_full,0.75,3,0.01,0.2508,0.25009333568069125,0.81375,0.8135430015179959,9.488042451266665e-06,0.7492,0.2508,0.7499029652372842,-0.25008957213184196,0,,0,0.2083268294845029,12
b0a5996c3f229bde3040,53,actor_critic_full,0.75,4,0.003,0.0,4.7139454379950646e-07,0.75,0.7499985368092097,8.702655577508267e-06,1.0,0.0,0.9999990306075748,2.2843606433643015e-07,0,,0,0.004977700807025762,12
b0afe4eb79573e588b77,67,actor_critic_full,0.99,2,0.03,0.2435,0.24349664278626051,0.99275,0.9927494759054604,3.511182512738742e-06,0.7565,0.2435,0.7565029400316003,-0.2434961976076353,0,,0,0.20324893250603873,12
b11166d690efc3b7cd25,37,actor_critic_full,0.9,4,0.01,0.0,5.3239709201447426e-08,0.9,0.8999999522201328,1.9725448510143906e-06,1.0,0.0,0.9999999008155933,-4.214993195087304e-09,0,,0,0.00429098913837503,12
b12dafac78736865e7f4,23,actor_critic_full,0.75,2,0.3,1.0,0.9999983978271172,1.0,0.9999988338512683,1.2864081327279564e-05,0.0,1.0,7.209848275360309e-07,-0.9999974674433336,1,64,1,0.984208360888687,12
b1a150ac23c2ef477fec,83,actor_critic_full,0.5,4,0.03,0.8144,0.8143915328660775,0.81125,0.8112414823884841,0.00010243532597087324,0.0,0.62415,7.0318230969004774e-06,-0.6241399955313611,0,,0,0.8016387206476315,12
b1abef296ee2ff82529f,101,actor_critic_full,0.75,4,0.003,0.1867,0.1867000291248616,0.798,0.7976949583057932,9.819299157243222e-05,0.8133,0.1867,0.8130825599932703,-0.18648686259084743,0,,0,0.12221546651028188,12
b1e75aed79a78b68575c,97,actor_critic_full,0.5,4,0.003,0.94,0.9399738100463615,0.92775,0.9277292882709045,9.989469981519505e-05,0.0,0.8788,4.3123353815958e-06,-0.8787515787251772,1,128,1,0.9198573228833278,12
b226473e122268c73f96,11,actor_critic_full,0.75,2,0.003,1.0,0.9999998072060895,1.0,0.9999997495901991,3.989019205619115e-06,0.0,1.0,-7.573310713779868e-08,-0.9999995303387635,1,64,1,0.9817053398710278,12
b2562121b514c82a9e43,67,actor_critic_subspace1024,0.9,3,0.003,0.0,1.7417326496267755e-05,0.9,0.8999872772752346,0.00020555141963995993,1.0,0.0,0.9999671627176245,-9.265935534023376e-07,0,,0,0.015423089206847257,12
b287ff7c52a53df27c65,53,actor_critic_full,0.75,3,0.03,0.2406,0.24059922215118965,0.81925,0.819245628135254,1.7337277313345112e-05,0.7594,0.2406,0.7593964573896148,-0.2405940098644649,0,,0,0.22182635185407584,12
b30309e5e8e2cfb7f801,41,actor_critic_full,0.75,2,0.01,1.0,0.9999968277415384,1.0,0.9999990968240164,8.0608706412022e-06,0.0,1.0,2.8365388656172885e-06,-0.9999964845967663,1,128,1,0.9760535754697698,12
b3856fec64ed37cf9783,37,actor_critic_full,0.99,4,0.3,0.0,1.7644487774003688e-06,0.99,0.9899983565832536,1.978200816665776e-05,1.0,0.0,0.9999965414888233,6.250831606446506e-08,0,,0,0.004251316827716804,12
b48f6d24631cd592a745,71,actor_critic_full,0.5,3,0.1,1.0,0.9999718666089932,1.0,0.9999639466802491,0.0006248738500289619,0.0,1.0,-1.612468087078175e-05,-0.9999271554437689,1,64,1,0.9869710090590107,12
b4f4beceac9775f4b8a2,67,actor_critic_full,0.9,2,0.03,0.2435,0.24350022238233687,0.9245,0.9244992999518813,7.7118320405134e-06,0.7565,0.2435,0.756498980525982,-0.2434993026910625,0,,0,0.23714344350541822,12
b5f4ffcf28050f706d26,41,actor_critic_full,0.75,3,0.03,0.2457,0.24569997427410376,0.81225,0.8122468857943639,5.544486157305073e-06,0.7543,0.2457,0.7542963462825785,-0.24569609900741773,0,,0,0.2277035794191373,12
b61bfdf1eb2b90bc88b7,101,actor_critic_full,0.99,4,0.0,0.0,1.9131911440582223e-06,0.99,0.9899977376476782,2.348132329643704e-05,1.0,0.0,0.9999959918144908,2.2233669842579976e-07,0,,0,0.0046198904174361176,12
b63cfc6f75d2b6a3f9d5,11,actor_critic_full,0.99,3,0.1,0.0,2.541003486063527e-06,0.99,0.9899996675481457,3.7283402889443096e-06,1.0,0.0,0.9999970455189047,-2.1444101907130693e-06,0,,0,0.004300622913281329,12
b65beaa5f5d275834e53,101,actor_critic_full,0.75,2,0.03,1.0,0.9999820762250176,1.0,0.9999922881928243,3.4212422178825364e-05,0.0,1.0,1.638178301955523e-05,-0.9999805330864309,1,64,1,0.9824780899879916,12
b6778944691c28d0387e,53,actor_critic_full,0.75,2,0.03,1.0,0.9999998507443668,1.0,0.9999998806503859,1.9429228359513218e-06,0.0,1.0,4.1910055926841494e-08,-0.9999997534747328,1,128,1,0.9709016356118227,12
b6cc43355e0f450315aa,97,actor_critic_full,0.9,2,0.3,0.5,0.5000004944486808,0.95,0.9499996794984062,4.171158252574969e-06,0.5,0.5,0.4999990860255073,-0.5000001319224767,0,,0,0.3121605210181413,12
b7447f26c368651be52a,101,actor_critic_full,0.5,2,0.003,1.0,0.9999942005336138,1.0,0.9999913833248474,3.883389217662625e-05,0.0,1.0,-6.12670185616273e-06,-0.9999827880272527,1,32,1,0.9917876867880904,12
b7a91788734e46db9c31,97,actor_critic_subspace1024,0.9,3,0.003,0.0,3.3293345464225634e-05,0.9,0.8999752737840917,0.00025868130614981055,1.0,0.0,0.9999366704219941,-3.948932932497559e-06,0,,0,0.014938216960257773,12
b88993b4175edfe08fc8,11,actor_critic_full,0.9,4,0.1,0.0,3.913878836084263e-07,0.9,0.8999996789143178,6.255822881939821e-06,1.0,0.0,0.9999992132780228,1.5018833067010878e-08,0,,0,0.004479325533121141,12
b89c8fc861f9297b5d67,11,actor_critic_subspace1024,0.9,3,0.01,0.0,7.917321379100797e-06,0.9,0.8999939152447702,9.227705595549196e-05,1.0,0.0,0.9999846966098119,-5.772031786237645e-07,0,,0,0.016756708739263416,12
b8b6e0cda734bb576e5e,83,actor_critic_full,0.5,4,0.0,0.8144,0.8143942286548547,0.81125,0.8112448158936543,4.056266334373504e-05,0.0,0.62415,1.8473427411032382e-07,-0.6241384990938282,0,,0,0.8016108641451839,12
b9254a78ca86b9a42bb1,23,actor_critic_full,0.9,2,0.01,1.0,0.9999883896493129,1.0,0.9999929132730707,5.81375315960031e-05,0.0,1.0,5.343059380885417e-06,-0.9999821530103902,1,512,1,0.9026901336027285,12
b96cba902eb556830ffa,71,actor_critic_full,0.5,2,0.3,1.0,0.9999999180208633,1.0,0.9999995044044542,3.2648249543854035e-06,0.0,1.0,-8.324987134097795e-07,-0.9999991709986829,1,16,1,0.9916798920034702,12
b98f458a129773a161b4,37,actor_critic_full,0.99,4,0.003,0.0,4.3358669864403504e-07,0.99,0.9899998735811607,1.2587192088631127e-07,1.0,0.0,0.9999994235569808,-3.2741891365542184e-07,0,,0,0.004150844257944771,12
b9baa6c5f820909b9eba,23,actor_critic_full,0.9,3,0.1,0.249,0.24898602742174145,0.9255,0.9254978762814784,3.0019597033970058e-05,0.751,0.249,0.7510124681166194,-0.24898451495512366,0,,0,0.16050059710627088,12
b9fe6a6e9f06eb1aea83,97,actor_critic_full,0.75,4,0.003,0.0,7.233142491107686e-07,0.75,0.7499996733387139,1.324030654359376e-05,1.0,0.0,0.9999985322421359,-1.943360435769981e-08,0,,0,0.004508390208129974,12
ba0c3b5604f20202eb79,67,actor_critic_full,0.9,3,0.01,0.2551,0.25500794557349804,0.9255,0.9254985953712549,3.8727321225451306e-06,0.7449,0.2551,0.744991947337124,-0.255007845733811,0,,0,0.21157975505740842,12
ba16cb55f70b93f01485,41,actor_critic_full,0.99,3,0.003,0.0,5.094592007332694e-07,0.99,0.9899995848632112,6.184600351843983e-06,1.0,0.0,0.999999020416139,-1.2336346590936203e-08,0,,0,0.004339239394115008,12
ba2dbced886838c5fef1,67,actor_critic_full,0.9,2,0.0,1.0,0.9999494652768204,1.0,0.9999987920156161,9.58051168709062e-05,0.0,1.0,5.0504795877377975e-05,-0.9999494347008238,1,,0,0.42655289433174803,12
ba34ccacab8b7c976c54,23,actor_critic_full,0.99,3,0.03,0.0,1.0028514980060261e-08,0.99,0.9899999893756153,1.1307275826766272e-07,1.0,0.0,0.9999999791324681,1.4564106456896527e-10,0,,0,0.004396072433367152,12
ba5a55049e5270199837,41,actor_critic_full,0.5,4,0.3,1.0,0.9999819055473481,1.0,0.9999853964923413,0.00016587706340942532,0.0,1.0,7.1568545413673194e-06,-0.999970805694432,1,128,1,0.9747028139747361,12
ba939e10c56ab09bd64c,37,actor_critic_full,0.9,3,0.03,0.0,9.373149020314348e-07,0.9,0.899999433152662,1.415440874552587e-05,1.0,0.0,0.9999983260676774,-1.040120501365692e-07,0,,0,0.0042823815312700575,12
bb4ecf385dda45fff8f7,53,actor_critic_full,0.99,2,0.0,0.0192,0.02359126845812171,0.99025,0.990261519470002,0.002529599703848362,0.9808,0.0192,0.9763664219662698,-0.02354900826558606,0,,0,0.010721552859405946,12
bb6fba578af7f49193d8,71,actor_critic_full,0.5,3,0.3,1.0,0.9999907656791187,1.0,0.9999747461083246,0.00031302825664170086,0.0,1.0,-1.8883962894125906e-05,-0.9999568525630768,1,64,1,0.9869570891707576,12
bb8eb1972fa086bd5f75,23,actor_critic_full,0.99,2,0.3,0.2456,0.24535501015915578,0.99175,0.9917487750322092,6.404531177395256e-06,0.7544,0.2456,0.7546445330180992,-0.2453545472939746,0,,0,0.15811161735358725,12
bb9526e792dc9a0fd018,97,actor_critic_full,0.5,3,0.003,1.0,0.9999847359477877,1.0,0.9999910012400278,9.559351019561291e-05,0.0,1.0,1.0306688380498397e-05,-0.9999798211454519,1,64,1,0.9840717872787744,12
bbac59cf0aaf674ad5e7,41,actor_critic_full,0.99,3,0.01,0.0,7.151574795905063e-09,0.99,0.9899999866197406,1.7610337010864896e-07,1.0,0.0,0.9999999797469636,6.2920614279460264e-09,0,,0,0.004319634626551013,12
bbc2e5840002fdea3d20,23,actor_critic_subspace1024,0.9,3,0.3,0.0,1.2347906925543437e-05,0.9,0.899992301800967,9.275998309021816e-05,1.0,0.0,0.999976786340994,-1.9588953916326518e-06,0,,0,0.017110747896433826,12
bc034ba6552067b360f6,71,actor_critic_full,0.75,2,0.3,1.0,0.9999418232223052,1.0,0.9999952477880523,5.079290713183582e-05,0.0,1.0,5.748599212191735e-05,-0.9999411687221553,1,64,1,0.9822334807420412,12
bc1aca0604516e927e1e,41,actor_critic_full,0.9,3,0.0,0.0,1.2950202303336724e-08,0.9,0.8999999949986724,2.3129253179376974e-08,1.0,0.0,0.9999999798858275,-6.030869672765977e-09,0,,0,0.004495761858902582,12
bc39b6dd98ba8e2688ae,53,actor_critic_full,0.75,3,0.01,0.2509,0.25089772401431676,0.81375,0.8137488461845496,8.403543688473292e-06,0.7491,0.2509,0.7491014957924834,-0.2508969731638688,0,,0,0.22903489178789888,12
bc4e2b89bae83275e6b3,71,actor_critic_full,0.9,2,0.03,0.2475,0.24750003330221526,0.9275,0.9274999403102326,5.22664095115033e-07,0.7525,0.2475,0.7524998996026091,-0.24749996661151513,0,,0,0.24102517883275337,12
bc528f8297a59bd90506,67,actor_critic_full,0.9,2,0.1,1.0,0.9999981799926536,1.0,0.9999998959852101,7.499610092054354e-06,0.0,1.0,1.7155440616461127e-06,-0.9999980775860529,1,,0,0.4266388058398565,12
bc6deace091c00878d2f,97,actor_critic_full,0.9,3,0.03,0.2445,0.24441770824894338,0.92225,0.9222440473845618,9.216864418704063e-05,0.7555,0.24450000000000002,0.7555799885126927,-0.2444147197885135,0,,0,0.15683618989068568,12
bc70a467c5f067f1d6aa,97,actor_critic_full,0.99,3,0.1,0.0,1.250008463369145e-06,0.99,0.9899991550095002,9.925213817041367e-06,1.0,0.0,0.9999975794211561,-1.2319897333972903e-07,0,,0,0.0038533160885173587,12
bd18863b73e4689ee33e,67,actor_critic_full,0.9,3,0.03,0.0,4.673624512707392e-07,0.9,0.8999997500352451,5.791385319753317e-06,1.0,0.0,0.999999191262392,-1.370942515033989e-07,0,,0,0.004277818156234385,12
bd2e8fa999cbaa289e79,53,reinforce_full,0.9,3,0.01,0.0,3.86488614724546e-06,0.9,0.8999967704001678,5.1872051699319854e-05,1.0,0.0,0.9999916233687627,5.989412728022756e-07,0,,0,0.004368778929652799,12
bd2ec5c0aef57a3afb53,97,actor_critic_full,0.75,3,0.3,0.2523,0.25229935061538306,0.8095,0.8094770566910165,0.000549245101865381,0.7477,0.2523,0.747684031352804,-0.25227880684296816,0,,0,0.2341035544840638,12
bd83bb59d1b3cdf07442,23,actor_critic_full,0.5,3,0.3,1.0,0.9999940659927655,1.0,0.9999921262869483,8.82484600879252e-05,0.0,1.0,-3.83369387785305e-06,-0.9999845111594073,1,64,1,0.9866972526332405,12
bddecce933333a4279fd,37,reinforce_full,0.9,3,0.0,0.0,7.00483812638478e-06,0.9,0.8999960106892535,4.469836494536139e-05,1.0,0.0,0.9999905314906349,-2.9485236187910654e-06,0,,0,0.004259766430402209,12
bf0c9691a87b7c103a76,11,reinforce_full,0.9,3,0.0,0.0132,0.013437467310008996,0.89975,0.89954356053062,0.004187961108982563,0.9855,0.014466666666666668,0.984118143253709,-0.010663594485575597,0,,0,0.00785518170945403,12
bf505d925bf6a6f715f8,97,actor_critic_subspace1024,0.9,3,0.1,0.0,2.79316017727005e-05,0.9,0.8999840993533973,0.00020012640743516386,1.0,0.0,0.9999500660620111,-5.0137672588357214e-06,0,,0,0.01512117507253,12
bf71a0c4c711a9d714aa,101,reinforce_full,0.9,3,0.1,0.2458,0.24572375959835213,0.92575,0.9257323877364633,0.00021074930555187166,0.7542,0.2458,0.7542568436724932,-0.24570155179508138,0,,0,0.20454375598589405,12
bf76bc159ab5827125fc,53,reinforce_full,0.9,3,0.1,0.2539,0.2538727621681197,0.922,0.9219932139303005,3.606810059864074e-05,0.7461,0.2539,0.7461259270218639,-0.25387152769940874,0,,0,0.20934892996152096,12
bf7a7a8b7bead86d8dd2,23,actor_critic_subspace1024,0.9,3,0.1,0.0,5.586745437014683e-06,0.9,0.8999965358298113,5.380088259698823e-05,1.0,0.0,0.9999897018297866,-1.023669594016863e-06,0,,0,0.016317113210172804,12
bfbc781a6369f69d1543,23,actor_critic_subspace1024,0.9,3,0.01,0.0,2.9175374040185416e-05,0.9,0.8999788724443838,0.00022310996428132057,1.0,0.0,0.9999451129393687,-2.507036824489092e-06,0,,0,0.01612372614659981,12
bfdf40560af357c7e849,11,actor_critic_full,0.99,2,0.03,0.2548,0.25477802496409413,0.9935,0.9934998458786616,2.046511553999153e-06,0.7452,0.2548,0.7452218322048022,-0.2547779041927106,0,,0,0.0684108380713679,12
c01fcbdbd1b752db69b4,83,actor_critic_full,0.9,2,0.3,1.0,0.9999940323243025,1.0,0.999998897983222,9.88145711744437e-06,0.0,1.0,5.3646589680803714e-06,-0.9999934571724629,1,128,1,0.962283273885993,12
c02bdd277473d7b8c39c,11,actor_critic_full,0.5,2,0.003,1.0,0.9999993138699167,1.0,0.9999969274082813,3.744132482097484e-05,0.0,1.0,-5.610472116812027e-06,-0.9999928487753786,1,32,1,0.9927256212345136,12
c0c63d63d02d27d49d57,101,actor_critic_full,0.9,4,0.003,0.0,8.492667298449132e-08,0.9,0.8999999425366916,1.0532550049902056e-06,1.0,0.0,0.9999998441417997,-4.800501251787171e-09,0,,0,0.004771861410122907,12
c15faf2503787a1030de,83,actor_critic_subspace1024,0.9,3,0.003,0.0,7.827139980189462e-06,0.9,0.8999909187350787,9.399493137607351e-05,1.0,0.0,0.9999815343455389,2.4182094293724033e-06,0,,0,0.016418298258623825,12
c1acb259ef5668a464ae,71,actor_critic_full,0.9,4,0.03,0.0,4.7144625538493325e-07,0.9,0.8999994936471796,7.433583959937096e-06,1.0,0.0,0.9999989352034346,5.1068245219370674e-08,0,,0,0.004212426477755545,12
c270298ebc0666333a5b,97,reinforce_full,0.9,3,0.003,0.0,3.174014157752686e-07,0.9,0.8999997312075378,5.946298642811598e-06,1.0,0.0,0.9999992981107345,5.1521473956810446e-08,0,,0,0.003950198625314715,12
c2f0c13399a2b482ccb2,71,actor_critic_full,0.5,4,0.003,0.9422,0.9421966774164466,0.9365,0.9364896666136867,7.861240010242909e-05,0.0,0.8787250000000001,-9.81104419900673e-06,-0.8787082571596541,1,128,1,0.9229411288086425,12
c38be5c042793b2e3511,53,actor_critic_full,0.75,2,0.003,0.9989,0.9976393558791548,0.99975,0.9991899582689739,0.0014131510397419333,0.0011,0.9989,0.0021880503827052832,-0.997498219809339,1,128,1,0.9703005339361749,12
c399c410501bf23179db,53,actor_critic_full,0.99,2,0.01,0.2502,0.25020012031912076,0.9925,0.9924967358425333,2.68572403001599e-05,0.7498,0.2502,0.7497965582505931,-0.25019685110515244,0,,0,0.1805854590394855,12
c47edcd987c679945748,37,actor_critic_full,0.5,3,0.0,1.0,0.9999963461728697,1.0,0.9999965859619201,4.590331809595227e-05,0.0,1.0,3.569266783727376e-07,-0.9999929014476154,1,64,1,0.9880445536789558,12
c493813562ebe18c338c,37,reinforce_full,0.9,3,0.3,0.2506,0.2505637713887967,0.922,0.921997975012693,2.520264570193831e-05,0.7494,0.2506,0.7494346295493558,-0.25056224528076854,0,,0,0.1611494001234398,12
c4f21bc38c370af1d89d,41,actor_critic_full,0.5,4,0.0,1.0,0.9997680892744684,1.0,0.9998704096967989,0.0007484874804504216,0.0,1.0,0.0001949573246962953,-0.9997293391263526,1,128,1,0.9742849783321741,12
c5680ebbe6b5eb77bb9a,71,actor_critic_full,0.75,2,0.003,1.0,0.9999970592794867,1.0,0.9999973059018851,3.298257433925755e-05,0.0,1.0,1.1398885678195137e-06,-0.999995240644791,1,128,1,0.9759176038843854,12
c5f993680b2552b5fae9,37,actor_critic_full,0.5,3,0.003,1.0,0.9999373718018285,1.0,0.9999357617311057,0.0002477346279192716,0.0,1.0,-4.585745353837974e-05,-0.9998355297702256,1,64,1,0.9880749674196342,12
c62bfaac59f3bc65e825,53,actor_critic_full,0.5,3,0.3,1.0,0.9999994914857118,1.0,0.9999991381599819,9.379155926581006e-06,0.0,1.0,-5.356540910049778e-07,-0.9999984307797711,1,64,1,0.9849992157429267,12
c6687b285e558e836a2b,67,actor_critic_full,0.9,2,0.01,0.2435,0.24349836765158767,0.9245,0.924500034307547,3.4727943329926347e-06,0.7565,0.2435,0.756501627876982,-0.24349836325760477,0,,0,0.2370923499171789,12
c75a3ec181c5eb45d9d6,41,actor_critic_full,0.75,3,0.0,0.2457,0.24569911314901083,0.81225,0.8122495604128176,3.4847064398491057e-06,0.7543,0.2457,0.7543005566906377,-0.24569870725056506,0,,0,0.21663842678131334,12
c7cb9bc1541b66f0fe31,101,actor_critic_full,0.5,2,0.01,1.0,0.9999987108225736,1.0,0.9999771279363394,0.0003114364226348698,0.0,1.0,-6.0184242499172156e-05,-0.9999343576721924,1,32,1,0.9917816595700913,12
c8349d531a40e80f810f,41,actor_critic_full,0.99,2,0.0,0.2435,0.24415635493369744,0.992,0.9919961167817403,2.9754701245110482e-05,0.7565,0.2435,0.7558382164063927,-0.24414844692295457,0,,0,0.15753763457548395,12
c85ea8eb115ceb4a72e4,97,actor_critic_full,0.75,3,0.003,0.2497,0.2496736651732388,0.815,0.8149922474154796,8.28342090244405e-05,0.7503,0.2497,0.7503255700397728,-0.24967279257739658,0,,0,0.20734922889069615,12
c8bb9fb4822d0df8cda2,71,actor_critic_full,0.9,3,0.01,0.0,5.557370300629874e-08,0.9,0.8999999822927234,4.2589368831613683e-07,1.0,0.0,0.9999999103840084,-2.0597602646842185e-08,0,,0,0.004145653406863165,12
c91184a743f521f42e9f,37,actor_critic_full,0.75,2,0.3,1.0,0.99999968638237,1.0,0.9999981728637719,1.6879734175745398e-05,0.0,1.0,-1.9746204074214126e-06,-0.9999970726430394,1,64,1,0.984317237007027,12
c96ab525eab9dac84c4a,37,actor_critic_full,0.99,2,0.03,0.2537,0.25369999658066844,0.99175,0.9917449696040964,8.800467912806198e-05,0.7463,0.2537,0.7462950127949182,-0.25369471422209633,0,,0,0.22637709961262917,12
c9852b28c1455d21a709,23,actor_critic_full,0.5,2,0.0,1.0,0.999997724904995,1.0,0.999997273475474,1.4030554666533135e-05,0.0,1.0,-6.387632920143327e-07,-0.9999946133618345,1,32,1,0.9920846752737059,12
c9b308c4ab1ff04fc041,41,actor_critic_full,0.5,2,0.1,1.0,0.9999995754019284,1.0,0.9999997642019365,2.856540504581062e-06,0.0,1.0,3.786394553431438e-07,-0.999999529932408,1,32,1,0.9915973089399892,12
c9c13d42f411bb9a7c80,101,actor_critic_full,0.9,2,0.003,1.0,0.9999980210117748,1.0,0.9999989807383648,1.5778716260683723e-05,0.0,1.0,1.0879550292506868e-06,-0.9999971156025511,1,256,1,0.9356375693349899,12
c9d1343ea5885ee5c0cb,97,actor_critic_full,0.75,3,0.1,0.2445,0.24449942199781285,0.8125,0.8124927500323558,1.385550967825111e-05,0.7555,0.24450000000000002,0.7554917666892518,-0.24449241779702144,0,,0,0.22601230811338427,12
c9df873f723c7c2b1874,23,actor_critic_full,0.99,2,0.003,0.2513,0.25117696038365384,0.9935,0.9934985200742843,1.9656703443615697e-05,0.7487,0.2513,0.7488220798904738,-0.2511759552291467,0,,0,0.18809990676115193,12
c9ec534b05ebdb86b453,23,actor_critic_full,0.9,4,0.03,0.0,2.4492838842663004e-06,0.9,0.8999977332215119,2.0927403966197744e-05,1.0,0.0,0.999995036662935,1.2899989351560392e-07,0,,0,0.004541730242000961,12
ca46d9c4a9b81974f12f,71,actor_critic_subspace1024,0.9,3,0.03,0.0,1.0533698183081969e-05,0.9,0.8999904040088639,0.00010446280793985352,1.0,0.0,0.9999768588168461,2.166374036654034e-06,0,,0,0.014591784459980559,12
ca500d561b184a71578c,41,reinforce_full,0.9,3,0.0,0.0,3.5256013972269934e-08,0.9,0.8999999811591586,2.6758488047562423e-07,1.0,0.0,0.999999938333072,-8.511930681195557e-09,0,,0,0.004503913723926377,12
ca82ceda637a5bd617f7,83,actor_critic_full,0.5,3,0.003,0.8752,0.8751719984461526,0.8705,0.8704660083033052,0.0002051434275927022,0.0,0.7510333333333333,-2.3138737705298313e-06,-0.7509692446244093,0,,0,0.8668964247072835,12
cab993cfcba44f72c903,101,reinforce_full,0.9,3,0.03,0.0,4.2568311888274255e-06,0.9,0.8999996142637521,7.3761120802373625e-06,1.0,0.0,0.9999947491685438,-3.3676695915578054e-06,0,,0,0.0048038066525049345,12
cadc6aec0dc9a672fde8,101,actor_critic_full,0.75,3,0.003,0.2571,0.25709988908781334,0.815,0.8149921005030335,2.693289570743218e-05,0.7429,0.2571,0.7428857449647108,-0.2570867603891249,0,,0,0.21436317995995513,12
caf0d14562f5180f1722,11,actor_critic_full,0.75,2,0.03,1.0,0.9999996809721128,1.0,0.9999989968166935,1.3535362086258829e-05,0.0,1.0,-9.968452482396194e-07,-0.9999983643333633,1,64,1,0.982877962003733,12
cb0a495944f1cdf36f5b,67,actor_critic_full,0.5,4,0.0,0.9372,0.9371827525386052,0.9435,0.9434839367039504,7.61642586439848e-05,0.0,0.87465,6.597167982901775e-06,-0.8746202825465353,1,128,1,0.9170652854332244,12
cb152b2ea1ef801376c2,11,actor_critic_full,0.99,4,0.1,0.0,1.7511848942026718e-06,0.99,0.9899978221423098,8.568101748096524e-07,1.0,0.0,0.9999964538513488,-1.920070504182739e-07,0,,0,0.004318360396642391,12
cb1e107ac27f4c3ecd0f,37,actor_critic_subspace1024,0.9,3,0.003,0.0,8.1232517564444e-06,0.9,0.8999938650236349,7.232595817185938e-05,1.0,0.0,0.9999841671754505,-5.19007104387492e-07,0,,0,0.014674947709983208,12
cba7ceaa9306b879fae6,101,actor_critic_full,0.9,4,0.1,0.0,1.3857324707693143e-07,0.9,0.8999999082713643,1.9249193883297266e-06,1.0,0.0,0.9999996711627147,-1.11571501433998e-09,0,,0,0.004817889004003178,12
cbd1a6224c87fdd07eaa,97,actor_critic_full,0.9,3,0.0,0.0,2.23698221919413e-07,0.9,0.8999998590914157,2.4887826839403715e-06,1.0,0.0,0.9999995766016485,-1.798082615219624e-08,0,,0,0.00397115315451338,12
cc17bc8fd4d2e678f135,71,actor_critic_full,0.5,3,0.003,1.0,0.9999717137562093,1.0,0.9999602837036352,0.00025539874332025647,0.0,1.0,-2.523013031180116e-05,-0.9999228603428915,1,64,1,0.9869024370570801,12
cdb92907681ee80e107f,67,actor_critic_full,0.5,2,0.03,1.0,0.9999985119481273,1.0,0.9999986863187178,1.7939359167939983e-05,0.0,1.0,4.228314268903577e-07,-0.9999974263871991,1,32,1,0.9918102036845416,12
cdd327a82ce33140b0e6,11,actor_critic_full,0.5,2,0.03,1.0,0.9999972516250094,1.0,0.9999964585141343,3.8600366679020226e-05,0.0,1.0,-2.091158893903966e-06,-0.9999904417929184,1,32,1,0.9926727272779998,12
ce0204c6a8b60bda6ab9,23,actor_critic_full,0.75,3,0.1,0.2522,0.2521959616510191,0.8135,0.8134988165071002,1.0821099749591667e-05,0.7478,0.2522,0.7478035509989047,-0.2521955347182178,0,,0,0.23362182513922916,12
cf15766f56c5eed83337,67,actor_critic_full,0.99,3,0.003,0.0,3.676447618312677e-06,0.99,0.9899956043746194,4.5783079258399084e-05,1.0,0.0,0.999992312746798,5.587108800852346e-08,0,,0,0.0041114217879444715,12
cf3191c43cb0f3565963,53,actor_critic_full,0.5,2,0.01,1.0,0.9999970907173592,1.0,0.9999963561041979,1.5621952115907334e-05,0.0,1.0,-5.976297561827159e-10,-0.9999939075709263,1,32,1,0.9918191958811535,12
cf90f2fb19eb81e807a1,101,actor_critic_subspace1024,0.9,3,0.03,0.0,9.681828308563616e-06,0.9,0.8999933836459418,0.00012469121429603547,1.0,0.0,0.9999818735307685,-1.3064708333568853e-06,0,,0,0.017705663243893346,12
cf93514be83ed2d218d3,67,actor_critic_full,0.5,2,0.1,1.0,0.9999807572878336,1.0,0.9999748550031924,0.000132817862322554,0.0,1.0,-1.2192142005732055e-05,-0.9999478390378228,1,32,1,0.9917927326794833,12
d09bd96160b0fba1f24f,23,actor_critic_full,0.9,2,0.1,1.0,0.9999440101217311,1.0,0.9997021045855292,0.0004731341905426234,0.0,1.0,-0.0003189363274464695,-0.9995716696603105,1,256,1,0.9362466899609229,12
d0a0ff97e53388f3b2bb,37,actor_critic_full,0.5,3,0.1,1.0,0.9999976517245104,1.0,0.9999974081358892,3.0404662538785487e-05,0.0,1.0,-4.854955705103526e-07,-0.9999947442118075,1,64,1,0.9881930695527223,12
d0b4aff34e3c121d2923,83,actor_critic_subspace1024,0.9,3,0.01,0.0,1.2331532718461264e-05,0.9,0.899991512701451,0.00011843745596706867,1.0,0.0,0.9999763831837397,-1.3568546720775708e-06,0,,0,0.016435136651907472,12
d141cbd2fbafd4162ca4,23,actor_critic_full,0.9,4,0.3,0.0,1.410396415176317e-08,0.9,0.8999999861062001,4.486811349124764e-07,1.0,0.0,0.9999999668999604,5.004853652654828e-09,0,,0,0.007159274559553876,12
d14bded2c7a0e24c4f01,97,actor_critic_full,0.99,2,0.03,0.2517,0.25168173149324113,0.9935,0.9934974628866345,3.4904107451438904e-05,0.7483,0.2517,0.748315632502343,-0.25167904529060314,0,,0,0.20887012805463545,12
d1586aa4c0038295d282,23,actor_critic_full,0.5,2,0.3,1.0,0.9999801049406748,1.0,0.9999703872938757,0.00014799561176914722,0.0,1.0,-1.9589369195248387e-05,-0.9999466812694642,1,32,1,0.9919505902060868,12
d163d5ac41b0908c5cd7,41,actor_critic_full,0.9,3,0.1,0.2497,0.24966997283378142,0.921,0.920996496591797,3.378170731593855e-05,0.7503,0.2497,0.7503273820136692,-0.24966733814060693,0,,0,0.20727891289003547,12
d167d8c112c8d0600a5f,11,actor_critic_full,0.9,4,0.01,0.0,1.2813114809824507e-06,0.9,0.8999990326110922,2.0936498913215473e-05,1.0,0.0,0.9999973422431729,5.84342621954819e-08,0,,0,0.004452162220543957,12
d171d2adfcae32663dac,97,actor_critic_full,0.9,4,0.3,0.0,3.598596313548554e-12,0.9,0.8999999999972157,5.867846486484751e-11,1.0,0.0,0.9999999999929725,-1.8124567284039125e-13,0,,0,0.004191274955135348,12
d1751d7f4dd369aabba5,37,actor_critic_full,0.9,3,0.3,0.2587,0.2586992247613727,0.92725,0.9272397092107367,8.169878128683195e-05,0.7413,0.2587,0.7412856553981118,-0.2586839012255792,0,,0,0.16617062064913898,12
d1849a75b63cc1749e0e,67,actor_critic_subspace1024,0.9,3,0.3,0.0,1.2475910940019663e-05,0.9,0.8999899580690113,0.00013313708768691868,1.0,0.0,0.9999753232725099,-1.7910388182583034e-07,0,,0,0.016383106253163117,12
d186e4cada3e8c1c9e09,71,actor_critic_full,0.99,2,0.3,0.0,0.001041507938765735,0.99,0.9900060346619965,0.00010985502740368247,1.0,0.0,0.9989575951092338,-0.0010406031684626802,0,,0,0.004680963635523837,12
d28523c6520a562c4e0c,53,actor_critic_full,0.9,2,0.1,0.2502,0.2502007927264943,0.92625,0.9262369970126515,0.0002442621916998178,0.7498,0.2502,0.7497777248091126,-0.25018231659215345,0,,0,0.2430566237815639,12
d2a823fbaf494375a9cf,53,actor_critic_full,0.5,2,0.3,1.0,0.9999996806976035,1.0,0.9999994396619664,6.349601790134329e-06,0.0,1.0,-2.3535412186126426e-07,-0.9999990133844379,1,32,1,0.9917660611806187,12
d2c0d710d5d472754ecb,83,reinforce_full,0.9,3,0.0,0.0,2.5389993120529148e-06,0.9,0.8999992366517025,7.413268122036243e-06,1.0,0.0,0.9999957124918525,-8.186958707704187e-07,0,,0,0.004533379683058308,12
d3257d6cc05d77fdebb7,41,actor_critic_full,0.75,3,0.003,0.2457,0.24569993681414798,0.81225,0.8122488968325212,4.596138296619756e-06,0.7543,0.2457,0.7542988155780875,-0.2456985915469914,0,,0,0.20473210201867814,12
d3c2e7a6426ecff9f9ef,53,reinforce_full,0.9,3,0.3,0.0,3.1990912836188476e-06,0.9,0.8999972253353208,3.421979272388853e-05,1.0,0.0,0.9999936738829234,6.77897771047676e-08,0,,0,0.004506586423627971,12
d3dcddb8937cf965305d,83,actor_critic_full,0.99,4,0.03,0.0,1.1121378384322997e-07,0.99,0.9899997496291527,4.915738713862083e-07,1.0,0.0,0.9999996996489806,1.0837949089290945e-07,0,,0,0.004370050121951252,12
d3de9e33c0cccab1c2af,53,actor_critic_full,0.5,4,0.0,1.0,0.9999038669254423,1.0,0.999909337388532,0.0008418825455009937,0.0,1.0,-4.192045502805576e-05,-0.9997840309341535,1,128,1,0.977784874597132,12
d4510c93130efd5a9839,11,actor_critic_full,0.99,2,0.01,0.2512,0.2507824745008954,0.99175,0.9917484501509414,5.354501354304375e-06,0.7488,0.2512,0.7492166782755699,-0.25078174937656383,0,,0,0.06736247252584628,12
d482d82677b7a6f5729b,53,actor_critic_full,0.75,4,0.03,0.0,9.575020952146645e-08,0.75,0.749999944603548,1.0731639576988528e-06,1.0,0.0,0.9999998307263639,-1.4246262007482505e-08,0,,0,0.004957545745869976,12
d57ff4285c4e7a413d92,83,actor_critic_subspace1024,0.9,3,0.03,0.0,6.188108193778739e-06,0.9,0.8999950133687096,7.09949090378359e-05,1.0,0.0,0.9999875697277676,-7.381328184303412e-08,0,,0,0.016477958798060823,12
d5bc53c681e21fd868c8,41,actor_critic_full,0.9,3,0.03,0.2457,0.24569644917234232,0.92925,0.9292493548538315,3.6262767935113516e-06,0.7543,0.2457,0.7543033030616365,-0.24569622164445568,0,,0,0.06594938971513643,12
d5f3a969ebc71e2ea857,11,actor_critic_full,0.9,3,0.0,0.0,2.968972825388958e-07,0.9,0.899999832624032,3.1468248380406294e-06,1.0,0.0,0.9999994780493122,-6.742371040708981e-08,0,,0,0.0044901416114090775,12
d63912f121e39d4b292f,83,actor_critic_full,0.9,3,0.003,0.0,1.681404348767235e-06,0.9,0.8999991184109537,1.396552579535637e-05,1.0,0.0,0.9999971399250429,-4.7446866627359875e-07,0,,0,0.004497769982411107,12
d63be0c996d3760e0384,37,actor_critic_full,0.9,2,0.0,0.5,0.4999974067765515,0.95,0.9499950707868597,5.331715146894567e-05,0.5,0.5,0.49999722895498,-0.4999919090468142,0,,0,0.4815366935806363,12
d6600674b615a310bae8,71,actor_critic_full,0.9,4,0.01,0.0,2.820886593470739e-07,0.9,0.8999997922977719,7.235131761262892e-06,1.0,0.0,0.9999994306808301,1.8560055002107471e-09,0,,0,0.004166486137401285,12
d66502d829f7371b9d6e,97,actor_critic_full,0.75,4,0.01,0.0,3.385838525362745e-06,0.75,0.7499928332944282,1.2688991773757152e-05,1.0,0.0,0.9999908385916336,4.67476027584929e-06,0,,0,0.004524914104631654,12
d68a0eb61dcd545c9cea,11,actor_critic_full,0.5,2,0.1,1.0,0.9999944119492553,1.0,0.999996419158184,3.7231318856356665e-05,0.0,1.0,3.6900665033694933e-06,-0.9999924488676515,1,32,1,0.9926489292338969,12
d7030c855f677fbec709,97,actor_critic_full,0.5,3,0.0,1.0,0.999995660756038,1.0,0.9999959606548144,4.856161467614584e-05,0.0,1.0,1.0105246787972755e-06,-0.9999923927668345,1,64,1,0.9839566256407922,12
d8423097dd905ef82d76,53,actor_critic_full,0.5,3,0.01,1.0,0.9999955479053507,1.0,0.9999843438187015,0.00017848756397143006,0.0,1.0,-2.4550045630720374e-05,-0.9999655899047531,1,64,1,0.9857338708176929,12
d87767ae08a4c025dc5a,67,actor_critic_full,0.75,2,0.0,1.0,0.9999894045565827,1.0,0.9999937423964702,6.595597369596362e-05,0.0,1.0,6.051249347927334e-06,-0.9999846914469936,1,128,1,0.9697116480010097,12
d89ca3c92f6db2727a68,67,actor_critic_full,0.5,4,0.3,0.9372,0.9371847788101914,0.9435,0.9434928878244789,5.8886216720566154e-05,0.0,0.87465,1.3054209822215157e-05,-0.8746326939186271,1,128,1,0.9166914502784866,12
d90d1fe237929adcaf18,23,reinforce_full,0.9,3,0.1,0.2476,0.2467013984621856,0.925,0.9240619917201315,0.0020908291917294264,0.7519,0.24760000000000001,0.7520955044341839,-0.24555938130359692,0,,0,0.20598195620154014,12
d90eec4610ea669df63e,97,actor_critic_full,0.99,4,0.3,0.0,7.679890809404654e-08,0.99,0.9899999055477496,8.605416610407701e-07,1.0,0.0,0.9999998228007378,1.8089825463874896e-08,0,,0,0.003974271972440733,12
d9114c40ed20d49676cd,71,actor_critic_full,0.9,2,0.0,0.6687,0.6680032657109508,0.97075,0.9700448571613167,0.0033548064529895782,0.3305,0.6678999999999999,0.33049553434571016,-0.6664944512917022,0,,0,0.3458406397279071,12
d9298e3c7f95ed4d5e6e,41,actor_critic_full,0.75,4,0.01,0.2531,0.2530996218678228,0.81525,0.8152432666616442,8.170966611942276e-05,0.7469,0.2531,0.7468942610701433,-0.2530914576398002,0,,0,0.1747508993267652,12
d955397bea335ff8b05e,97,actor_critic_full,0.5,2,0.3,1.0,0.9998635863887579,1.0,0.9999318109742251,0.00025407850625924766,0.0,1.0,0.00011987638242065741,-0.9998470976119869,1,32,1,0.9917006776366846,12
d9751193df2617a50938,67,actor_critic_full,0.75,4,0.03,0.0,2.2005959615040386e-08,0.75,0.7499999903988256,3.3863915405163425e-07,1.0,0.0,0.9999999580571646,-3.2205947570646405e-09,0,,0,0.004793926025079933,12
d9b0f4f8e6344995007b,53,actor_critic_full,0.9,3,0.0,0.0,6.92212605501318e-09,0.9,0.8999999944110911,7.536194601698298e-08,1.0,0.0,0.9999999862232114,2.246609547133185e-10,0,,0,0.004448537659909409,12
d9c484ade19a0f3c92a1,71,actor_critic_full,0.99,4,0.01,0.0,1.892337230237978e-08,0.99,0.9899998823819687,7.879856980252953e-07,1.0,0.0,0.9999998236060991,1.3605296587559346e-07,0,,0,0.004026147778743505,12
d9d23062d4dc3762250f,97,actor_critic_full,0.5,3,0.1,1.0,0.9999685104045853,1.0,0.9999726270746636,0.0002184933255193755,0.0,1.0,1.223598682402972e-05,-0.9999494188459207,1,64,1,0.9849262992360515,12
d9ed51d113c88c0991f6,83,reinforce_full,0.9,3,0.01,0.0,7.382241338078366e-06,0.9,0.8999987496990145,1.0639751963026356e-05,1.0,0.0,0.9999902737885719,-4.8820072215581e-06,0,,0,0.0045126166771638455,12
d9f2abbad6ee53e20470,97,actor_critic_full,0.75,4,0.1,0.0,2.7950044273364937e-11,0.75,0.7499999999922171,1.848797087644627e-10,1.0,0.0,0.999999999957327,-9.540532649672616e-12,0,,0,0.00485557201157177,12
da3dff506e6e81a65c2f,101,actor_critic_full,0.75,3,0.0,0.2502,0.25019991518326823,0.8135,0.813498355847306,5.16292266183882e-06,0.7498,0.2502,0.7497975955768725,-0.2501970394413184,0,,0,0.16183924922363244,12
dab7e72f28979dd845cb,67,actor_critic_full,0.75,2,0.03,1.0,0.9999909101696849,1.0,0.999996619835357,2.2786183762946166e-05,0.0,1.0,8.094932206403749e-06,-0.9999899092376338,1,128,1,0.9694949913157528,12
dabffe71f59f341eb28f,11,actor_critic_full,0.9,2,0.3,1.0,0.9999817205725442,1.0,0.9999958409423844,3.2692802051315084e-05,0.0,1.0,1.761455057690886e-05,-0.9999810557728712,1,256,1,0.9340739357157661,12
dad3e28db5ed4bea39c4,37,actor_critic_full,0.9,3,0.0,0.0,1.0803958920952012e-06,0.9,0.8999999201142728,1.183400740956131e-06,1.0,0.0,0.9999987484690867,-8.644400466915553e-07,0,,0,0.004268428839703896,12
dae9183821477d9fbf2a,101,actor_critic_full,0.5,2,0.03,1.0,0.9999904592925294,1.0,0.9999925333919558,7.085857942001894e-05,0.0,1.0,5.558520058046379e-06,-0.9999860116162117,1,32,1,0.9917754737675534,12
db64b47cb21f6d22fd60,97,actor_critic_full,0.5,4,0.0,0.94,0.939981764730635,0.92775,0.9277379383568893,0.0001267398620257154,0.0,0.8788,1.3519069008286777e-05,-0.8787774666434922,1,128,1,0.9198526688271226,12
db902d17543f284093eb,11,actor_critic_full,0.99,3,0.3,0.0,3.0810021439543843e-06,0.99,0.9899983456767545,1.3648103958985303e-05,1.0,0.0,0.9999952386139459,-1.3945287273953516e-06,0,,0,0.004305876867389313,12
dbbdc0580349f624ae22,11,actor_critic_full,0.99,4,0.01,0.0,1.724418227556829e-07,0.99,0.9899998785449757,3.054422222703579e-06,1.0,0.0,0.9999996764403087,-3.527677896215854e-08,0,,0,0.004303795190888644,12
dc5683a21ded73db794b,101,actor_critic_full,0.75,3,0.01,0.0,7.619712258552595e-06,0.75,0.7499980440504473,4.7729430662002414e-05,1.0,0.0,0.9999875309731912,-2.5501606059226356e-06,0,,0,0.005432296029492136,12
dc70d1d1ba46c590a72c,71,actor_critic_full,0.99,2,0.1,0.2485,0.24739781647416148,0.99225,0.9922368655350741,7.473664709323202e-07,0.7515,0.2485,0.7526021601322874,-0.24739779769003584,0,,0,0.20646864216000074,12
dca4767437e6bef9c8a0,41,actor_critic_subspace1024,0.9,3,0.003,0.0,2.3357705841029796e-05,0.9,0.8999828974205054,0.00014083112182561308,1.0,0.0,0.999957173629932,-4.201997868884191e-06,0,,0,0.01715230647156905,12
dd968d626be8379be75e,97,reinforce_full,0.9,3,0.3,0.0,5.3862418136335344e-05,0.9,0.8999767345244544,0.0002488582977093756,1.0,0.0,0.9999216816389355,-2.9151160283671456e-05,0,,0,0.004130203538346184,12
dde28e322a940a6f2915,101,actor_critic_full,0.99,3,0.03,0.0,2.9312646135508095e-06,0.99,0.9899969389589697,4.85714444948826e-05,1.0,0.0,0.999993653827393,3.83375505323664e-07,0,,0,0.004608645038870019,12
de3919fe810e5aade2c5,41,actor_critic_full,0.5,2,0.3,1.0,0.999999315590179,1.0,0.9999985949526722,2.299290099472273e-05,0.0,1.0,-1.7192648970881575e-06,-0.9999968431592414,1,32,1,0.9916402507928874,12
de4d1950756b8c0b771d,83,actor_critic_full,0.75,4,0.003,0.0,1.2824622284660744e-06,0.75,0.7499992902537994,9.512464202998672e-06,1.0,0.0,0.9999974678280531,9.6596415604574e-09,0,,0,0.005010555842241865,12
deec281356c8010c128c,71,actor_critic_full,0.99,3,0.003,0.0,3.133382516037852e-08,0.99,0.9899999852475379,2.854440310784412e-07,1.0,0.0,0.9999999540852085,-1.71468637981228e-08,0,,0,0.004057763343945653,12
df3442a24e4e733002f1,101,actor_critic_subspace1024,0.9,3,0.0,0.0,9.72232678917831e-06,0.9,0.8999928343829602,0.00012725588749162853,1.0,0.0,0.9999810962141784,-8.259659509148428e-07,0,,0,0.017654834447191847,12
dfb92f90f6989d316c56,53,actor_critic_full,0.75,3,0.3,0.2539,0.2538657934790256,0.8035,0.8032683080419318,0.001730954390950501,0.7453,0.2543,0.7447259867980416,-0.2521467757841609,0,,0,0.24338665712634758,12
dfc9ce8626bc5bbb45a6,67,actor_critic_full,0.75,2,0.01,1.0,0.999980655451642,1.0,0.9999928446977776,1.806855834729504e-05,0.0,1.0,1.8104606296471604e-05,-0.9999794080863526,1,128,1,0.969423624545377,12
e077e554fc6e6a53c2fd,71,actor_critic_subspace1024,0.9,3,0.1,0.0,6.513314235855335e-06,0.9,0.8999963242033989,7.969407306518406e-05,1.0,0.0,0.9999887491950141,-1.7673954010179952e-06,0,,0,0.01472703315942077,12
e096b946fdb7a9d91d7f,101,actor_critic_full,0.9,3,0.003,0.0,5.005023783798237e-07,0.9,0.8999999316573162,6.375226462296268e-07,1.0,0.0,0.9999994010088888,-4.0977235154686205e-07,0,,0,0.004799979043812398,12
e0bf365f40806e999374,37,actor_critic_full,0.5,2,0.3,1.0,0.9999991455433148,1.0,0.9999987159774889,1.425653954356676e-05,0.0,1.0,-3.167363419789404e-07,-0.9999978598076013,1,16,1,0.9927272683160137,12
e0d6f07084194fde1439,67,actor_critic_full,0.75,4,0.1,0.2535,0.253449312637784,0.81475,0.8147126193281806,5.206395508139394e-05,0.7465,0.2535,0.7465441438993626,-0.2534424465811441,0,,0,0.20703739971090745,12
e14847950919cc5318da,41,actor_critic_full,0.99,4,0.0,0.0,7.52294807376717e-07,0.99,0.9899992677789187,3.864093741867691e-06,1.0,0.0,0.999998670714734,-2.865496157786573e-08,0,,0,0.004321317367119141,12
e157393deb3823da4fe5,11,actor_critic_full,0.5,4,0.03,0.8744,0.8743684017167296,0.879,0.878947643408517,0.00020744631183333695,0.0,0.7505499999999999,-4.960403867618551e-05,-0.7504360506156629,0,,0,0.8575833863559074,12
e17cb37edd2accb6dc70,71,actor_critic_full,0.75,4,0.1,0.0661,0.06609721551966384,0.76825,0.7682496068700018,7.2755265136947855e-06,0.9339,0.0661,0.9339026363038633,-0.06609707653822829,0,,0,0.04611470466695912,12
e1867bf612f090d2e34c,41,actor_critic_subspace1024,0.9,3,0.0,0.0,5.903407530453669e-06,0.9,0.8999950363172614,5.747058821725659e-05,1.0,0.0,0.9999879984809442,-1.8661557660547906e-07,0,,0,0.017148658247835128,12
e208bdd531252e6bb55f,83,actor_critic_full,0.75,2,0.3,1.0,0.9999983735532926,1.0,0.999998205379115,2.2558762793778442e-05,0.0,1.0,-5.878785261661523e-08,-0.9999965512946507,1,64,1,0.9834959329798749,12
e22986e7903f5cea8a64,67,actor_critic_full,0.5,3,0.1,1.0,0.9999993154705388,1.0,0.9999994972301672,9.791681804927066e-06,0.0,1.0,4.802280895946475e-07,-0.9999991230943633,1,64,1,0.9859634624519954,12
e249d1c7078c706bffab,11,actor_critic_full,0.75,2,0.0,1.0,0.9999895541821959,1.0,0.9999964291557055,3.5041819501202554e-05,0.0,1.0,9.229156535804273e-06,-0.9999883857340321,1,64,1,0.9814975536371818,12
e2b9a8fd6f5b39481ae5,41,actor_critic_full,0.99,2,0.3,0.247,0.24699780684610037,0.99225,0.9922481634934077,2.133276211679913e-05,0.753,0.247,0.7530003651931245,-0.24699601710960645,0,,0,0.1654168088603048,12
e2da637779d23a6d1249,23,actor_critic_full,0.9,2,0.03,1.0,0.9999960919060602,1.0,0.999999279654183,1.0501229553483427e-05,0.0,1.0,3.423110509976912e-06,-0.9999956395981958,1,256,1,0.9369620406267158,12
e2e48a8053d0024e5506,101,actor_critic_full,0.75,3,0.1,0.2464,0.24600663325644428,0.80725,0.807033274382523,0.0001468442496843636,0.7536,0.24640000000000004,0.7539910746201768,-0.2460001592207863,0,,0,0.22828353748854352,12
e33a5524f5abc2ad4288,53,actor_critic_full,0.5,2,0.003,1.0,0.9999915877822383,1.0,0.99999492309258,4.552957761916332e-05,0.0,1.0,7.485559080682713e-06,-0.9999906447399665,1,32,1,0.9917883638569328,12
e35a50878a22e027e3b6,37,actor_critic_full,0.99,2,0.003,0.2503,0.24880006414670056,0.9915,0.9914860147436795,7.293158705579117e-05,0.7497,0.2503,0.7511999039749577,-0.2488000281665847,0,,0,0.20773295933234542,12
e38ba8c90f3313e038ca,83,actor_critic_full,0.75,4,0.03,0.0,1.120106979830959e-06,0.75,0.7499994270585554,1.0848460988199804e-05,1.0,0.0,0.9999977245815415,-1.3304937369627577e-07,0,,0,0.005032583607241452,12
e42ea39f6fe1282e2c53,83,actor_critic_full,0.5,2,0.0,1.0,0.9999969537339526,1.0,0.9999979816076104,1.5309906302718446e-05,0.0,1.0,2.1361288217789264e-06,-0.9999960462616906,1,32,1,0.9919865891689005,12
e45032c8c125447d7fef,11,actor_critic_full,0.5,4,0.1,0.8744,0.8737729600915954,0.879,0.8786967859534739,0.0005123283481225371,0.0,0.7505499999999999,0.0005636176542258906,-0.7498583502186397,0,,0,0.8573538309973932,12
e4f33b47ac5cb261b870,53,actor_critic_full,0.5,4,0.3,1.0,0.9999931666235566,1.0,0.9999938120145601,7.75400985730812e-05,0.0,1.0,9.052935198570977e-07,-0.9999871985891358,1,128,1,0.977384031619303,12
e506472540a6ebcc20c7,83,actor_critic_full,0.75,4,0.1,0.1199,0.11990119552525196,0.78225,0.7822477003309768,1.9543935195542872e-05,0.8801,0.1199,0.8800957873717103,-0.11989818007357407,0,,0,0.10628274498397279,12
e536fab0ccf04b5152e8,97,actor_critic_full,0.99,4,0.01,0.0,4.375828239256093e-08,0.99,0.9899999651511189,7.356426863225352e-07,1.0,0.0,0.9999999063266835,2.1152367008582106e-09,0,,0,0.0039084851690711145,12
e611b64cf19cd5381923,37,actor_critic_full,0.99,3,0.3,0.0,5.7017719507641167e-08,0.99,0.9899999476008615,7.898444209786248e-07,1.0,0.0,0.9999998853509443,-2.579342605250492e-09,0,,0,0.004168265492429407,12
e6146f0ee2edaeec1e32,41,actor_critic_full,0.5,2,0.03,1.0,0.9999986542902054,1.0,0.9999983165372148,1.540905941510573e-05,0.0,1.0,-3.8875099700336203e-07,-0.9999969410406689,1,32,1,0.9916788941282131,12
e61914aee767ca90bd67,41,actor_critic_full,0.9,4,0.003,0.0,2.0232883488975418e-07,0.9,0.8999995662206349,1.4997135622252245e-06,1.0,0.0,0.9999993783751259,9.579576759876017e-08,0,,0,0.004457321477800247,12
e691f29a0aee9a8faad2,41,actor_critic_full,0.5,2,0.003,1.0,0.9999533646643127,1.0,0.9995162919940999,0.00127511378377676,0.0,1.0,-0.000754961083456743,-0.9993174627502527,1,32,1,0.9916865056013514,12
e69b5e405af7bce12cab,53,actor_critic_full,0.5,3,0.003,1.0,0.9999900413854702,1.0,0.9999872804539318,0.0001119803637266159,0.0,1.0,-3.0088071617670797e-06,-0.9999756577609787,1,64,1,0.9851631652265238,12
e72e00237e098e0eec3d,67,actor_critic_full,0.75,4,0.0,0.0,4.908320474657267e-08,0.75,0.7499999735478102,6.085903123675962e-07,1.0,0.0,0.9999999068036184,-7.85288632067683e-09,0,,0,0.004724141120608008,12
e73ff5d5821bc18d8e3d,97,actor_critic_full,0.5,3,0.01,1.0,0.9999969265784097,1.0,0.9999976444553383,2.5766921680769883e-05,0.0,1.0,1.3727038061641106e-06,-0.9999953173477961,1,64,1,0.983925504185992,12
e757d250cf7386bdb076,23,actor_critic_full,0.9,4,0.003,0.0,1.9879079350535334e-07,0.9,0.8999985436765999,2.4833541374391643e-06,1.0,0.0,0.9999967794220527,1.6553986455794748e-06,0,,0,0.004544470389582932,12
e8305c20c7e367dd74e0,53,actor_critic_full,0.9,3,0.3,0.0,1.236158491375051e-09,0.9,0.8999999990024342,1.749142342077903e-08,1.0,0.0,0.9999999974766434,-5.727311799918815e-11,0,,0,0.004698351952194469,12
e8e37b4e68ae4f3ce9c7,53,actor_critic_full,0.99,4,0.03,0.0,2.8747887682197255e-07,0.99,0.9899996963792639,4.644660748454044e-06,1.0,0.0,0.999999419750576,8.167270869136546e-09,0,,0,0.00472919960161624,12
e99ffabe8d16f22043e4,53,actor_critic_full,0.75,2,0.1,1.0,0.9999979444494056,1.0,0.9999993551206561,7.53217273086193e-06,0.0,1.0,1.8935444640892363e-06,-0.999997771980708,1,128,1,0.9715502228567896,12
e9bdb175e59d049931a0,101,actor_critic_full,0.99,3,0.003,0.0,1.8512986971727312e-06,0.99,0.989999605443535,8.252365660155192e-06,1.0,0.0,0.9999975869471304,-1.2550167790983694e-06,0,,0,0.0046177679962941505,12
ea41b085b9daa763a682,53,actor_critic_full,0.9,4,0.0,0.0,1.9137006113625824e-06,0.9,0.8999992574204208,1.2858553418482188e-05,1.0,0.0,0.9999968801698432,-2.972741475670975e-07,0,,0,0.00442337704728315,12
ea85fa26ceed81c3c2e5,101,actor_critic_full,0.5,3,0.01,1.0,0.9999711660884474,1.0,0.9999793553543479,0.00012074600817868486,0.0,1.0,5.951871514320551e-06,-0.9999501853724356,1,64,1,0.9864719024441556,12
ea8aaabbb0ea5a9afde0,53,actor_critic_full,0.99,4,0.01,0.0,1.3340850187685996e-07,0.99,0.9899998486691866,1.849216801019793e-06,1.0,0.0,0.999999701164959,1.827707269079652e-08,0,,0,0.004362555256464087,12
eb07edcffcf0994531bb,67,actor_critic_full,0.9,4,0.0,0.0,2.281580862690906e-06,0.9,0.8999992916815804,8.811523002805188e-06,1.0,0.0,0.9999972194539528,-1.3506338152373736e-06,0,,0,0.004282147048041083,12
eb990fac8a21ad3bb73f,11,actor_critic_full,0.9,2,0.1,0.506,0.5060034682751734,0.9525,0.9525000787903414,5.4277493291010614e-06,0.494,0.506,0.4939964122953439,-0.5060033527969858,0,,0,0.3101063078454102,12
ebdeb9961973ea3907ae,67,actor_critic_full,0.99,4,0.3,0.0,5.780757956850682e-07,0.99,0.9899995605006591,5.793165200884687e-06,1.0,0.0,0.9999989442180366,-7.983123522364751e-08,0,,0,0.004185083425978947,12
ebf0b248237f9f7d4f7b,71,reinforce_full,0.9,3,0.3,0.2511,0.25105823781715214,0.92575,0.9257480916806137,1.6485177184222266e-05,0.7489,0.2511,0.7489405269934934,-0.2510569336388798,0,,0,0.16125872038378186,12
ec12a5b85ae218c1f578,41,reinforce_full,0.9,3,0.1,0.2457,0.24569409207835316,0.92925,0.9292494012584327,4.299545707908692e-06,0.7543,0.2457,0.7543055161247801,-0.24569370346373084,0,,0,0.15818388808566447,12
ec43ae3fbd0c03f8dee2,97,actor_critic_full,0.99,3,0.003,0.0,1.4486611421776387e-07,0.99,0.9899998912436924,2.0507404769887216e-06,1.0,0.0,0.9999997323224836,-1.6234223503109195e-08,0,,0,0.0038558327998302077,12
ec7a0e2dd96aed773fd9,97,actor_critic_full,0.75,2,0.01,1.0,0.9999828647446164,1.0,0.9999760908441138,0.00019081818754784763,0.0,1.0,-7.789668507111746e-06,-0.999956988590541,1,64,1,0.9806979378280568,12
ec80d27b07aaa1083260,41,actor_critic_full,0.9,4,0.01,0.0,7.062673664895133e-07,0.9,0.8999995710766122,1.3269866030896083e-05,1.0,0.0,0.9999987639240775,-1.6866216201102904e-07,0,,0,0.004475649584918884,12
ecc55ee9b612c1aec8eb,23,actor_critic_full,0.75,2,0.01,1.0,0.9999993425597653,1.0,0.9999994322380491,5.3380299505079165e-06,0.0,1.0,1.577371469054678e-07,-0.9999987865907122,1,64,1,0.982885621225205,12
ece47b71540a2979c33f,83,actor_critic_full,0.5,4,0.01,0.8144,0.8143831100632332,0.81125,0.8112421127571685,7.36575384507887e-05,0.0,0.62415,1.338443040978028e-05,-0.6241297818920803,0,,0,0.8016131456002886,12
ecf8ce97329afcdf5d61,83,reinforce_full,0.9,3,0.3,0.0,0.0002784498877858981,0.9,0.8999554099175712,0.0004835700383409858,1.0,0.0,0.9996265704998702,-0.00017864760267990898,0,,0,0.004832103792682783,12
ecfc4b3cbdb6a616ecbd,23,actor_critic_subspace1024,0.9,3,0.0,0.0,1.2316989161711094e-05,0.9,0.8999907143214037,0.0001234935043612495,1.0,0.0,0.9999751878056079,-3.039377350988009e-07,0,,0,0.016092937440457443,12
ed7e0fbc67a6c3b74f5f,23,actor_critic_full,0.99,2,0.0,0.2544,0.25438479104012685,0.99325,0.9932452914636561,2.9678631108254194e-05,0.7456,0.2544,0.7456128386732027,-0.2543824615186585,0,,0,0.09098235751781669,12
eef6489784014fe8d19c,37,actor_critic_full,0.5,4,0.0,0.8749,0.8748994037264579,0.87525,0.8752494185939316,8.32979003462242e-06,0.0,0.7499,8.169301763453861e-08,-0.7498988539638762,0,,0,0.8584118176970621,12
ef36f4933e6e02795a32,67,actor_critic_full,0.75,4,0.3,0.2488,0.24876645900550565,0.813,0.8129862725740047,0.00011885815911227837,0.7512,0.2488,0.7512276957572238,-0.2487617298592066,0,,0,0.23178744416853117,12
ef4c84e91785823854e8,23,actor_critic_full,0.5,3,0.03,1.0,0.9999505854380837,1.0,0.9999331407234964,0.0006837095133960247,0.0,1.0,-3.2580717790298455e-05,-0.9998662517494173,1,64,1,0.9866592466511137,12
ef5b34ea36d8618df8b4,67,actor_critic_full,0.99,3,0.03,0.0,5.008990792472026e-07,0.99,0.9899994765130852,4.6229042709455825e-06,1.0,0.0,0.9999989554776041,-4.6339165120934353e-08,0,,0,0.0041228154806493824,12
ef694d7931b9d808857f,41,reinforce_full,0.9,3,0.3,0.2457,0.2456994430525033,0.92925,0.9292491750069223,1.1946512131544296e-05,0.7543,0.2457,0.7542997371627029,-0.24569862885026117,0,,0,0.06613340137602221,12
efa4131e4737033a6595,11,actor_critic_full,0.5,4,0.01,0.8744,0.87439705518366,0.879,0.8789922335053806,0.00012617990432772785,0.0,0.7505499999999999,-6.512271255630864e-06,-0.7505374917183725,0,,0,0.8578574407211841,12
f062154c476917464d06,11,actor_critic_subspace1024,0.9,3,0.003,0.0,8.004720148858991e-06,0.9,0.8999949177357023,9.358718671137467e-05,1.0,0.0,0.9999856144606946,-1.4712477257886739e-06,0,,0,0.016746116725702215,12
f08511d3ab827df4ec98,67,actor_critic_full,0.75,3,0.1,0.2551,0.25509945324378286,0.81,0.8099996337910779,2.6949555831379257e-06,0.7449,0.2551,0.7449002944048847,-0.255099231270366,0,,0,0.23567124393142594,12
f0bebff6de322e872df8,97,actor_critic_full,0.9,4,0.03,0.0,4.3944679856150784e-07,0.9,0.8999997142462118,2.3736727143841563e-06,1.0,0.0,0.9999990110205732,6.860656231130584e-08,0,,0,0.004049209396674794,12
f1244e59301acd3eac81,23,actor_critic_full,0.9,3,0.0,0.0,3.981038766746202e-06,0.9,0.8999786376783959,0.00048551999498158693,1.0,0.0,0.999955022204515,2.9532146080438684e-05,0,,0,0.004525929281710951,12
f13e912fa848794af8a8,41,actor_critic_full,0.75,2,0.03,1.0,0.9999260266594807,1.0,0.9999175928913279,0.0006603574147447944,0.0,1.0,-2.377974324537957e-06,-0.9998451372825254,1,128,1,0.9779702053631588,12
f184c90da2d797df7221,37,actor_critic_full,0.75,4,0.03,0.0,2.1707450815330146e-05,0.75,0.7499180350462183,0.00033669095137156546,0.9999,7.500000000000001e-05,0.9996604152443282,0.00022169719627869865,0,,0,0.005219780546388422,12
f348649e235f194b1758,71,actor_critic_full,0.5,3,0.0,1.0,0.9999507830222887,1.0,0.9999410317844232,0.00041817061719484627,0.0,1.0,-8.633799343531279e-06,-0.999897329756934,1,64,1,0.9869539112083181,12
f3a307b2173aab9935d3,41,actor_critic_full,0.75,2,0.003,1.0,0.999986089231072,1.0,0.9999868660810461,0.00013745379692409188,0.0,1.0,-2.753475980499576e-07,-0.9999738180736734,1,128,1,0.975365302840931,12
f3bf79b5698bee077a45,23,actor_critic_full,0.75,2,0.0,1.0,0.9999860166073399,1.0,0.9999959870633228,1.499854442954529e-05,0.0,1.0,1.3312111400279381e-05,-0.9999853635857847,1,64,1,0.9829551054730986,12
f4028888b62fa27224ac,101,actor_critic_full,0.9,2,0.03,1.0,0.999985929444884,1.0,0.999998337351114,2.4056835172814317e-05,0.0,1.0,1.3823427887219153e-05,-0.9999856606729558,1,512,1,0.9019443505276421,12
f442a2d59248b00f63ea,37,actor_critic_full,0.9,4,0.03,0.0,2.644783635329139e-07,0.9,0.8999997006520323,5.658360805682605e-06,1.0,0.0,0.9999994042805738,6.950273770792456e-08,0,,0,0.004277861294241636,12
f4900b790c7b55e6d6f5,97,actor_critic_full,0.75,3,0.01,0.2523,0.2522990681956811,0.8095,0.8094984099829963,8.678633093950339e-06,0.7477,0.2523,0.7476995951284072,-0.25229779192241913,0,,0,0.20950471247010227,12
f495fd8df7f4a275f658,23,actor_critic_full,0.9,4,0.0,0.0,7.804644417762999e-08,0.9,0.8999999084064257,1.8931800696009304e-06,1.0,0.0,0.9999998203997793,2.365392762123155e-08,0,,0,0.004547012908886459,12
f4b8c20481c9ae6af741,101,actor_critic_full,0.75,2,0.01,1.0,0.9999989855994587,1.0,0.9999994444827834,5.834687726746779e-06,0.0,1.0,6.155060443898686e-07,-0.9999986165595465,1,64,1,0.9822025362881232,12
f4bbd793d7a348cd6a72,53,actor_critic_full,0.99,3,0.3,0.0,1.0482672008305573e-06,0.99,0.989999377896421,5.1360379984544124e-06,1.0,0.0,0.9999981980797052,-3.4573947659050206e-07,0,,0,0.0042657318744063945,12
f4f61775cf3dc318d200,83,actor_critic_full,0.5,2,0.3,1.0,0.9999998703536971,1.0,0.9999999107095584,9.906212881105603e-07,0.0,1.0,7.64680701842435e-08,-0.9999998196253177,1,32,1,0.9920826992733336,12
f52dda349ee1b6949d18,83,actor_critic_subspace1024,0.9,3,0.3,0.0,9.953642164636109e-06,0.9,0.8999936356209342,9.749207674758509e-05,1.0,0.0,0.9999814374906724,-1.6662327789734862e-06,0,,0,0.01722696671033071,12
f5389fa1631ff533b554,23,actor_critic_full,0.99,4,0.3,0.0,1.7285444713666388e-06,0.99,0.9899983352389651,2.323205626453273e-05,1.0,0.0,0.9999965693889666,3.225403382009056e-08,0,,0,0.00437128794920531,12
f53b617ba1a65e61f690,97,actor_critic_full,0.99,4,0.0,0.0,3.902263639805292e-08,0.99,0.989999969422409,7.265797421496245e-07,1.0,0.0,0.9999999166777644,7.339114762419592e-10,0,,0,0.0039038027170465953,12
f54076c39babb5ee9711,41,actor_critic_full,0.99,4,0.01,0.0,4.2359342406062747e-07,0.99,0.9899979088485216,2.3157567738962825e-06,1.0,0.0,0.9999982747860662,1.0981269145154347e-06,0,,0,0.0044750220997430605,12
f577ae92f1148330fc7b,97,actor_critic_full,0.75,4,0.0,0.0,5.764138595191918e-07,0.75,0.7499997387698802,1.134079138864763e-05,1.0,0.0,0.9999988140444872,-1.7038363693774697e-08,0,,0,0.004499081260989292,12
f5b15e6326eca1c34a20,11,actor_critic_full,0.5,4,0.3,0.9359,0.9357439399568237,0.94225,0.9419964055734663,0.001724893576465547,0.0,0.87335,-0.0003145518085781163,-0.8727754619781731,1,128,1,0.9139831928728359,12
f5b7cb6aa33c1433361e,53,reinforce_full,0.9,3,0.0,0.0,3.3616786115596173e-06,0.9,0.8999969794474567,2.1011597709730268e-05,1.0,0.0,0.9999939548509088,-3.557529675060009e-07,0,,0,0.004448489768935403,12
f5bb24fec5b3fece546f,67,actor_critic_full,0.5,2,0.0,1.0,0.9999997583834607,1.0,0.9999997531564857,3.3949356748053106e-06,0.0,1.0,7.343955514680368e-08,-0.9999995703291391,1,32,1,0.9917962839439974,12
f63592af06d0bc0b9fef,97,actor_critic_full,0.5,4,0.1,1.0,0.9999653446690386,1.0,0.9999775174031074,0.00022594531765207648,0.0,1.0,2.7757128339623128e-05,-0.9999581848563645,1,128,1,0.9767231845193284,12
f6ca85029d1b87fe6b40,37,actor_critic_full,0.99,2,0.1,0.2537,0.25369774270538403,0.99175,0.9917468142522923,3.2749616366345435e-05,0.7463,0.2537,0.7462990630337383,-0.2536945707115398,0,,0,0.22063231547788942,12
f78dce3200b4195edf04,11,actor_critic_full,0.9,4,0.3,0.0,4.248703967186206e-08,0.9,0.899999970745182,5.470034807331103e-07,1.0,0.0,0.9999999177739515,-5.2312142549050705e-09,0,,0,0.004656256454268815,12
f7d2e72d0b66ce291712,37,actor_critic_full,0.9,2,0.1,1.0,0.9999985644332604,1.0,0.9999987266369634,1.4959426152927335e-05,0.0,1.0,3.6671695596662834e-07,-0.9999973153212158,1,1024,1,0.7950720619700813,12
f80de05da0460c9a5c21,53,actor_critic_full,0.99,3,0.0,0.0,2.8628136975876396e-05,0.99,0.9899924831722499,7.63902880862588e-06,1.0,0.0,0.9999638427747217,-2.315072497464083e-05,0,,0,0.004268001541822603,12
f87ea3483af9dac6611c,41,actor_critic_full,0.75,4,0.03,0.0613,0.06131113790533957,0.76575,0.7657364130913098,6.467099592555314e-05,0.9387,0.0613,0.9386712622488338,-0.06129502494181882,0,,0,0.04366607051618842,12
f88027e91d7fb530c0d2,67,actor_critic_full,0.9,4,0.003,0.0,3.085980189154699e-11,0.9,0.8999999999656096,2.8565017018422623e-10,1.0,0.0,0.9999999999367722,6.895405805812239e-13,0,,0,0.004288128044390843,12
f8e6fb03f7c7b316d199,101,actor_critic_subspace1024,0.9,3,0.1,0.0,4.010591992403167e-06,0.9,0.8999967960328177,5.106319804326631e-05,1.0,0.0,0.9999920135441318,-7.282536119521467e-08,0,,0,0.017876426018268693,12
f8f2b3e3851a807eabf1,37,actor_critic_full,0.9,2,0.003,1.0,0.9999977969023678,1.0,0.9999995530580225,6.785820914956275e-06,0.0,1.0,2.0488202795131416e-06,-0.9999976297709998,1,1024,1,0.7940699389183125,12
f9125d1018930ea50bcc,101,actor_critic_full,0.9,4,0.3,0.0,7.924292097221001e-08,0.9,0.8999999443756818,9.80054096544336e-07,1.0,0.0,0.9999998162108763,7.729386688144795e-10,0,,0,0.004926848729540309,12
f91f1efc882195d793ca,23,actor_critic_subspace1024,0.9,3,0.003,0.0,6.723709336291459e-06,0.9,0.8999937714710726,6.309867603704333e-05,1.0,0.0,0.9999855971382505,8.438998534424807e-07,0,,0,0.016110452049762997,12
f9fe9648304281b6e3ef,41,actor_critic_full,0.75,3,0.1,0.2457,0.24569995019425056,0.81225,0.8122497973060657,3.3252808862016536e-06,0.7543,0.2457,0.754299776093609,-0.24569965927522208,0,,0,0.23621013039696084,12
fa0a6eb1ec6fccf050b3,53,actor_critic_subspace1024,0.9,3,0.0,0.0,5.677418464395874e-06,0.9,0.899995613271856,7.064778037602082e-05,1.0,0.0,0.9999889694577185,-1.9205974556587745e-07,0,,0,0.015997807230732113,12
fab134691cf87e637bf2,41,actor_critic_full,0.99,2,0.003,0.0208,0.024154264868336404,0.99,0.9901260557833741,0.0001678479166002944,0.9792,0.0208,0.975786469383138,-0.02409861500937348,0,,0,0.011494821158657256,12
fb14d634a93adbfd6299,11,actor_critic_full,0.99,2,0.1,0.022,0.025511161247427475,0.99,0.9900156145806582,0.003102219197899103,0.978,0.022,0.9744736245589484,-0.025497961032168635,0,,0,0.01108507830508836,12
fb2e85558de5426c631d,37,actor_critic_full,0.5,4,0.01,0.8749,0.8748913093547366,0.87525,0.8752216869054128,0.000211379534448497,0.0,0.7499,-4.309367826105712e-05,-0.7498420844371453,0,,0,0.8583743431831231,12
fbbe2bc51d3cace5d45f,101,actor_critic_full,0.75,3,0.03,0.2469,0.24689999243262406,0.8075,0.8074988765080624,2.2603670004173182e-05,0.7531,0.2469,0.7530978600260211,-0.24689804558052467,0,,0,0.22925888607598305,12
fc4eeac1755f416c4eb7,41,actor_critic_full,0.5,3,0.003,1.0,0.9999938073340477,1.0,0.9999859274926743,0.00011557073594303802,0.0,1.0,-1.2313357943062264e-05,-0.9999731984018917,1,64,1,0.9857139659629429,12
fc711a7349fd21e8e3da,41,reinforce_full,0.9,3,0.03,0.0,1.4982740301201113e-06,0.9,0.899999484831426,1.056896144291386e-05,1.0,0.0,0.9999977850771368,-7.070449003224824e-07,0,,0,0.004497968251843514,12
fcce6fe50785d2d3c086,83,actor_critic_full,0.9,3,0.01,0.0,1.0733148840663366e-07,0.9,0.8999997955246736,9.810112260311143e-07,1.0,0.0,0.9999997344952979,9.585209253143949e-08,0,,0,0.004513378597767452,12
fd0eabfb3801819c8e99,83,actor_critic_full,0.99,2,0.3,0.2499,0.2498770135793892,0.99275,0.9927498824769054,8.204567620850867e-07,0.7501,0.2499,0.7501229370621101,-0.2498769655044687,0,,0,0.20849397983074072,12
fd962c21c020d494b0ec,41,actor_critic_full,0.5,2,0.0,1.0,0.9999969597180552,1.0,0.9999977137263137,2.5393846954102628e-05,0.0,1.0,1.5764209455806255e-06,-0.9999954812711241,1,32,1,0.9917056672181879,12
fdb212920dd874b62506,37,actor_critic_full,0.9,2,0.01,1.0,0.9999998617434056,1.0,0.9999994864831044,8.489180800097529e-06,0.0,1.0,-4.3627337083500526e-07,-0.999999322845976,1,,0,0.6063261779254105,12
fdb340239b81841c1a5d,101,reinforce_full,0.9,3,0.3,0.2469,0.24689326943765583,0.9235,0.9234960776337195,2.7670268536894582e-05,0.7531,0.2469,0.7531045864523918,-0.24689092835004986,0,,0,0.20557952170370947,12
fe564e2931a92f620add,67,actor_critic_full,0.9,2,0.3,1.0,0.9999998748182257,1.0,0.9999992607921617,8.346879440068733e-06,0.0,1.0,-6.501344257329067e-07,-0.9999990171105118,1,,0,0.4328439026577297,12
fe5e5fa7620932458d99,41,actor_critic_full,0.75,2,0.0,1.0,0.9999985130184245,1.0,0.9999994016127121,5.700473593606148e-06,0.0,1.0,1.0872413669278158e-06,-0.9999981199735457,1,128,1,0.9738664907079381,12
fe9b77df67f8a3c5650b,11,actor_critic_full,0.5,4,0.003,0.8744,0.8743035950227955,0.879,0.878880011753515,0.0005869683809578419,0.0,0.7505499999999999,-2.1794571131887753e-05,-0.7503305876906279,0,,0,0.857754794325768,12
feda33be9bd553dde82a,53,actor_critic_full,0.75,4,0.0,0.0662,0.06615447585661985,0.77,0.7699830363141444,8.738914038985968e-05,0.9338,0.0662,0.9338450090554022,-0.06615401830419178,0,,0,0.04631847816900877,12
ff94dca074d36f37f199,83,actor_critic_full,0.99,2,0.003,0.2501,0.2500114360295329,0.99225,0.9922485453588734,1.4448554793489166e-05,0.7499,0.2501,0.7499872448441293,-0.25001009241081185,0,,0,0.2285644550456418,12
fff3ac828172d4146a28,11,reinforce_full,0.9,3,0.003,0.0,8.930136253591637e-07,0.9,0.899999492801152,1.1662808901746757e-05,1.0,0.0,0.9999984734167178,-2.846823855016694e-07,0,,0,0.004425174923401673,12
