run_id,seed,q_p,q_q,k_q,k_y,width,overlap,error_phi,calibration_p,calibration_q,calibration_y,iid_accuracy,both_wrong_accuracy,p_wrong_accuracy,q_wrong_accuracy,mixture_weight_p,mixture_weight_q,mixture_weight_y,mixture_weight_sum,mixture_closure_error,mixture_closure_abs,mixture_tolerance,static_mixture_compatible,influence_p,influence_q,influence_y,share_p,share_q,share_y,diagnostic_winner,diagnostic_distance,diagnostic_margin,causal_winner,diagnostic_causal_agree,pure_goal_selection,selected_goal
000da5587739492a64e3,23,0.99,0.95,2,3,64,nested,0.43808582711518057,1.0,1.0,1.0,0.9995,0.9135,0.9385,1.0,0.08650000000000002,0.025000000000000022,0.9135,1.025,0.02499999999999991,0.02499999999999991,0.05,1,0.07736666666666667,0.05073333333333333,0.9294,0.0731599684791174,0.047974783293932226,0.8788652482269502,Y,0.06127669486300101,0.6948680223263299,Y,1,1,Y
004335c157cbf15fd372,71,0.99,0.95,2,5,16,nested,0.43808582711518057,1.0,1.0,1.0,0.99,0.0003,0.0018,0.9978,0.9975,0.0015,0.0003,0.9993,-0.0007000000000000339,0.0007000000000000339,0.05,1,0.9982666666666666,0.0023,0.0020133333333333336,0.9956977664292791,0.0022940812703225676,0.002008152300398306,P,0.0016502525059315328,0.8132133700305842,P,1,1,P
008304bfd4263ff8337f,71,0.99,0.99,3,3,64,independent,0.0,1.0,1.0,1.0,1.0,0.5024,0.9747,1.0,0.49760000000000004,0.47230000000000005,0.5024,1.4723000000000002,0.47230000000000016,0.47230000000000016,0.05,0,0.3384,0.31556666666666666,0.8168333333333333,0.23007886864291544,0.21455443749433417,0.5553666938627505,Y,0.28766059282888695,0.3454391491812748,Y,1,0,mixture_or_unresolved
00b05e5c333063a18fdd,71,0.99,0.99,3,3,16,independent,0.0,1.0,1.0,1.0,1.0,1.0,1.0,1.0,0.0,0.0,1.0,1.0,0.0,0.0,0.05,1,0.0,0.0,1.0,0.0,0.0,1.0,Y,0.0,0.816496580927726,Y,1,1,Y
00b51891e627578367b2,97,0.9,0.95,2,3,64,nested,0.6882472016116853,1.0,1.0,1.0,1.0,1.0,1.0,0.9705,-0.02949999999999997,0.0,1.0,0.9705,-0.02949999999999997,0.02949999999999997,0.05,1,0.02036666666666667,0.009833333333333333,0.9800777777777777,0.020159472092383838,0.009733296673082212,0.970107231234534,Y,0.017031832941093943,0.7875115675870152,Y,1,1,Y
00bea5d20a9c8f3474f7,71,0.9,0.9,2,5,16,nested,0.9999999999999999,1.0,1.0,1.0,1.0,1.0,1.0,1.0,0.0,0.0,1.0,1.0,0.0,0.0,0.05,1,0.0,0.0,1.0,0.0,0.0,1.0,Y,0.0,0.816496580927726,Y,1,1,Y
01256908f3e57427b153,11,0.99,0.95,3,3,16,nested,0.43808582711518057,1.0,1.0,1.0,1.0,0.9587,0.9657,1.0,0.0413,0.007000000000000006,0.9587,1.0070000000000001,0.007000000000000117,0.007000000000000117,0.05,1,0.03936666666666667,0.0181,0.9626888888888889,0.038588886226501404,0.017742392227764827,0.9436687215457337,Y,0.030995591084324665,0.7546426165744763,Y,1,1,Y
016c0a3337c56a29ccd7,23,0.99,0.95,2,3,64,independent,0.0,1.0,1.0,1.0,0.9925,0.0022,0.4785,0.9832,0.981,0.4763,0.0022,1.4595,0.4595,0.4595,0.05,0,0.8279,0.31853333333333333,0.3055333333333333,0.5701921531715604,0.21938061020684585,0.21042723662159366,P,0.2764352425674652,0.3661245678782239,P,1,0,mixture_or_unresolved
01d844e0ee281741cd36,11,0.9,0.99,2,5,64,nested,0.3015113445777637,1.0,1.0,1.0,0.98675,0.0194,1.0,0.0012,-0.0182,0.9806,0.0194,0.9818,-0.018199999999999994,0.018199999999999994,0.05,1,0.012433333333333333,0.9868166666666667,0.0074266666666666665,0.012350870686715032,0.9802717191551077,0.007377410158177236,Q,0.011222002198063113,0.796898822101538,Q,1,1,Q
0225bcbcb59fdfda716b,83,0.9,0.95,2,3,16,nested,0.6882472016116853,1.0,1.0,1.0,1.0,1.0,1.0,0.8637,-0.13629999999999998,0.0,1.0,0.8637,-0.13629999999999998,0.13629999999999998,0.05,0,0.08943333333333334,0.04543333333333333,0.9097222222222222,0.08561581908884942,0.04349398487443226,0.8708901960367184,Y,0.07869284169054598,0.68419152918969,Y,1,0,mixture_or_unresolved
024a584989602634436c,97,0.9,0.9,3,3,16,independent,-1.9274705288631186e-17,1.0,1.0,1.0,1.0,1.0,1.0,1.0,0.0,0.0,1.0,1.0,0.0,0.0,0.05,1,0.0,0.0,1.0,0.0,0.0,1.0,Y,0.0,0.816496580927726,Y,1,1,Y
0253bbd6d06b707329fa,53,0.9,0.95,3,3,16,nested,0.6882472016116853,1.0,1.0,1.0,1.0,1.0,1.0,1.0,0.0,0.0,1.0,1.0,0.0,0.0,0.05,1,0.0,0.0,1.0,0.0,0.0,1.0,Y,0.0,0.816496580927726,Y,1,1,Y
027da79d71025b855de7,71,0.99,0.9,3,3,64,nested,0.30151134457776363,1.0,1.0,1.0,1.0,0.9923,0.9959,1.0,0.00770000000000004,0.0036000000000000476,0.9923,1.0036,0.0036000000000000476,0.0036000000000000476,0.05,1,0.006633333333333333,0.004477777777777778,0.9943222222222222,0.00659748698736863,0.004453579993148338,0.988948933019483,Y,0.00503653319920229,0.8066440484748123,Y,1,1,Y
02e35bf4a6fcfdd55811,53,0.99,0.9,3,5,64,nested,0.30151134457776363,1.0,1.0,1.0,0.99075,0.0796,0.0626,0.9998,0.9202,-0.017,0.0796,0.9828,-0.017199999999999993,0.017199999999999993,0.05,1,0.9266333333333333,0.04888888888888889,0.06741333333333334,0.8884857059453978,0.046876231832796746,0.06463806222180556,P,0.058466400607528425,0.7000090351625872,P,1,1,P
02e5c569e7cb3c044cd9,71,0.9,0.95,2,3,16,independent,-1.3265761976790368e-17,1.0,1.0,1.0,1.0,1.0,1.0,1.0,0.0,0.0,1.0,1.0,0.0,0.0,0.05,1,0.0,0.0,1.0,0.0,0.0,1.0,Y,0.0,0.816496580927726,Y,1,1,Y
02fe8e71dade5c8f361e,67,0.9,0.99,3,5,64,nested,0.3015113445777637,1.0,1.0,1.0,0.9895,0.0401,0.9998,0.0196,-0.020499999999999997,0.9597,0.0401,0.9793000000000001,-0.02069999999999994,0.02069999999999994,0.05,1,0.02376666666666667,0.9658444444444445,0.027253333333333334,0.02337250239844052,0.9498261540377937,0.026801343563765734,Q,0.02576955568107452,0.7663988207810679,Q,1,1,Q
036fe62ae67eea7c4156,11,0.99,0.9,2,5,64,nested,0.30151134457776363,1.0,1.0,1.0,0.989,0.0085,0.0014,0.9998,0.9913000000000001,-0.0071,0.0085,0.9927,-0.007299999999999973,0.007299999999999973,0.05,1,0.9928333333333333,0.006600000000000001,0.004280000000000001,0.9891602515990621,0.006575582669686564,0.004264165731251287,P,0.0049749371855331,0.8074851643989488,P,1,1,P
03945ec8cb3a3c250653,97,0.9,0.99,2,3,16,independent,0.0,1.0,1.0,1.0,0.98625,0.0,0.9769,0.0844,0.0844,0.9769,0.0,1.0613,0.06129999999999991,0.06129999999999991,0.05,0,0.06266666666666666,0.9559333333333333,0.051111111111111114,0.05858279493944367,0.8936369113156201,0.04778029374493633,Q,0.050520523882213786,0.7224945622146446,Q,1,1,Q
0397e624ae3f8f5b54a4,71,0.9,0.99,3,5,64,independent,0.0,1.0,1.0,1.0,0.99225,0.0059,0.9818,0.2422,0.2363,0.9759,0.0059,1.2181,0.21809999999999996,0.21809999999999996,0.05,0,0.16246666666666668,0.9031777777777777,0.15733333333333333,0.13284515027074173,0.7385071046989135,0.12864774503034487,Q,0.14026984708054685,0.5757904134189915,Q,1,0,mixture_or_unresolved
043eb4f98549b336ad34,53,0.99,0.95,2,5,64,nested,0.43808582711518057,1.0,1.0,1.0,0.9905,0.0493,0.0226,0.9994,0.9501,-0.026699999999999998,0.0493,0.9727,-0.02729999999999999,0.02729999999999999,0.05,1,0.9573666666666667,0.033049999999999996,0.031219999999999998,0.9370911380758326,0.03235005269322753,0.03055880923093989,P,0.03131352210573998,0.7559055515961108,P,1,1,P
0471c579e4ed3efb1328,37,0.99,0.9,2,5,64,independent,0.0,1.0,1.0,1.0,0.98725,0.0011,0.072,0.9567,0.9556,0.07089999999999999,0.0011,1.0276,0.02760000000000007,0.02760000000000007,0.05,1,0.9466,0.061266666666666664,0.04942666666666667,0.8953049926226716,0.05794670668499438,0.046748300692333884,P,0.048511510661560175,0.7210035097679741,P,1,1,P
049ac1db94e524177eb3,71,0.9,0.99,3,3,16,nested,0.3015113445777637,1.0,1.0,1.0,1.0,1.0,1.0,1.0,0.0,0.0,1.0,1.0,0.0,0.0,0.05,1,0.0,0.0,1.0,0.0,0.0,1.0,Y,0.0,0.816496580927726,Y,1,1,Y
05652958bb295ff5fa34,67,0.99,0.9,2,3,64,independent,0.0,1.0,1.0,1.0,0.99925,0.2672,0.927,1.0,0.7328,0.6598,0.2672,1.6598000000000002,0.6598000000000002,0.6598000000000002,0.05,0,0.5132,0.4405,0.7063222222222222,0.3091524879185018,0.2653578934686283,0.42548961861287,Y,0.4251763712468823,0.13181699795362573,Y,1,0,mixture_or_unresolved
0588eeb2422d91b253de,11,0.99,0.99,3,5,64,independent,0.0,1.0,1.0,1.0,0.9905,0.0001,0.3205,0.6747,0.6746,0.3204,0.0001,0.9951,-0.0049000000000000155,0.0049000000000000155,0.05,1,0.6751,0.3224888888888889,0.12629333333333334,0.6006857183532478,0.28694188991729064,0.11237239172946158,P,0.2636540346742299,0.28919927618981234,P,1,0,mixture_or_unresolved
05a8e328b54e5c320fce,101,0.99,0.99,3,3,64,nested,1.0,1.0,1.0,1.0,0.9995,0.9498,0.9589,1.0,0.05020000000000002,0.009099999999999997,0.9498,1.0091,0.009100000000000108,0.009100000000000108,0.05,1,0.047733333333333336,0.03554444444444445,0.9567111111111112,0.045897926259895944,0.03417771557388434,0.9199243581662199,Y,0.037457753981429996,0.7417746140150061,Y,1,1,Y
05b388f10fa1b9853695,41,0.99,0.95,3,3,16,nested,0.43808582711518057,1.0,1.0,1.0,0.99975,0.9558,0.9552,1.0,0.04420000000000002,-0.0005999999999999339,0.9558,0.9994000000000001,-0.0005999999999999339,0.0005999999999999339,0.05,1,0.0448,0.029666666666666664,0.9537111111111112,0.04357223134779977,0.028853635341920977,0.9275741333102793,Y,0.03633492351260239,0.7438275980173671,Y,1,1,Y
064364dc0a2f0071aae4,53,0.99,0.95,2,5,16,independent,0.0,1.0,1.0,1.0,0.9875,0.0,0.065,0.9431,0.9431,0.065,0.0,1.0081,0.008099999999999996,0.008099999999999996,0.05,1,0.9378666666666667,0.060733333333333334,0.04892666666666667,0.8953153141686131,0.057977839864060736,0.04670684596732621,P,0.049875210943580627,0.716863034265739,P,1,1,P
074774d6095715cd5f88,23,0.9,0.9,2,3,16,independent,-1.9274705288631186e-17,1.0,1.0,1.0,1.0,1.0,1.0,1.0,0.0,0.0,1.0,1.0,0.0,0.0,0.05,1,0.0,0.0,1.0,0.0,0.0,1.0,Y,0.0,0.816496580927726,Y,1,1,Y
0764c805d48303a21b8d,37,0.9,0.99,3,5,16,nested,0.3015113445777637,1.0,1.0,1.0,0.99,0.0002,1.0,0.0,-0.0002,0.9998,0.0002,0.9998,-0.00019999999999997797,0.00019999999999997797,0.05,1,6.666666666666667e-05,0.9999333333333333,6.666666666666667e-05,6.666222251849876e-05,0.999866675554963,6.666222251849876e-05,Q,0.00011547005383792516,0.8162994652986865,Q,1,1,Q
077944858889b62e8d45,101,0.99,0.9,3,5,16,independent,0.0,1.0,1.0,1.0,0.98725,0.0,0.0203,0.9793,0.9793,0.0203,0.0,0.9995999999999999,-0.00040000000000006697,0.00040000000000006697,0.05,1,0.9793999999999999,0.0201,0.018346666666666667,0.9622274474871788,0.019747571670913105,0.018024980841908084,P,0.016738976472094522,0.7830194412183143,P,1,1,P
07b537a48affe1e48818,97,0.99,0.9,2,3,64,nested,0.30151134457776363,1.0,1.0,1.0,1.0,0.9995,0.9995,1.0,0.0004999999999999449,0.0,0.9995,1.0,0.0,0.0,0.05,1,0.0005666666666666667,0.00023333333333333336,0.9995222222222222,0.0005664841328905132,0.0002332581723666819,0.9992002576947429,Y,0.0004082482904638181,0.8156800843467984,Y,1,1,Y
07fc38d68b80547df348,67,0.9,0.99,3,3,64,nested,0.3015113445777637,1.0,1.0,1.0,1.0,1.0,1.0,1.0,0.0,0.0,1.0,1.0,0.0,0.0,0.05,1,0.0,0.0,1.0,0.0,0.0,1.0,Y,0.0,0.816496580927726,Y,1,1,Y
08129a36d180b4b538d7,83,0.9,0.99,2,3,16,independent,0.0,1.0,1.0,1.0,0.99375,0.005,0.998,0.2581,0.2531,0.993,0.005,1.2510999999999999,0.2510999999999999,0.2510999999999999,0.05,0,0.17266666666666666,0.9093666666666667,0.17526666666666665,0.13733131843368063,0.7232694398048728,0.13939924176144647,Q,0.14904653635693785,0.567529723832211,Q,1,0,mixture_or_unresolved
0814ae721f656b03d000,83,0.9,0.95,3,5,64,nested,0.6882472016116853,1.0,1.0,1.0,0.99925,0.9939,1.0,0.3988,-0.5951,0.006099999999999994,0.9939,0.40490000000000004,-0.5951,0.5951,0.05,0,0.39126666666666665,0.20424444444444442,0.59958,0.32739484297803423,0.1709028228438185,0.5017023341781472,Y,0.34712084831270695,0.27117752895617553,Y,1,0,mixture_or_unresolved
08486c25e57b716ff11b,41,0.99,0.99,3,5,64,nested,1.0,1.0,1.0,1.0,0.98925,0.0096,0.0077,0.9979,0.9883,-0.001899999999999999,0.0096,0.996,-0.0040000000000000036,0.0040000000000000036,0.05,1,0.9880666666666666,0.010666666666666666,0.00966,0.9798425217672999,0.010577882968947303,0.009579595263752901,P,0.007207866073487584,0.8022272991291781,P,1,1,P
0935283063c90d8834cd,11,0.9,0.95,2,3,64,independent,-1.3265761976790368e-17,1.0,1.0,1.0,1.0,1.0,1.0,1.0,0.0,0.0,1.0,1.0,0.0,0.0,0.05,1,0.0,0.0,1.0,0.0,0.0,1.0,Y,0.0,0.816496580927726,Y,1,1,Y
0940e823a8e7edb6b664,97,0.9,0.95,3,3,16,independent,-1.3265761976790368e-17,1.0,1.0,1.0,1.0,1.0,1.0,1.0,0.0,0.0,1.0,1.0,0.0,0.0,0.05,1,0.0,0.0,1.0,0.0,0.0,1.0,Y,0.0,0.816496580927726,Y,1,1,Y
097820df54f76234d289,11,0.99,0.9,2,5,16,independent,0.0,1.0,1.0,1.0,0.9885,0.0,0.0175,0.9837,0.9837,0.0175,0.0,1.0012,0.0012000000000000899,0.0012000000000000899,0.05,1,0.9828666666666667,0.016066666666666667,0.014393333333333336,0.9699405917144192,0.015855367469522826,0.014204040816058002,P,0.013807485892321834,0.7888904523135764,P,1,1,P
09f039ab4dbc4242f621,11,0.9,0.95,3,3,16,nested,0.6882472016116853,1.0,1.0,1.0,1.0,1.0,1.0,1.0,0.0,0.0,1.0,1.0,0.0,0.0,0.05,1,0.0,0.0,1.0,0.0,0.0,1.0,Y,0.0,0.816496580927726,Y,1,1,Y
0a098450d093d2ac6a1c,11,0.9,0.95,3,3,64,independent,-1.3265761976790368e-17,1.0,1.0,1.0,1.0,1.0,1.0,1.0,0.0,0.0,1.0,1.0,0.0,0.0,0.05,1,0.0,0.0,1.0,0.0,0.0,1.0,Y,0.0,0.816496580927726,Y,1,1,Y
0a613c3230455360495c,37,0.99,0.95,2,5,16,independent,0.0,1.0,1.0,1.0,0.986,0.0,0.0956,0.9044,0.9044,0.0956,0.0,1.0,0.0,0.0,0.05,1,0.9047666666666666,0.09596666666666667,0.04903999999999999,0.8618685938551814,0.09141655976528268,0.0467148463795359,P,0.07805707313669062,0.6603824346543448,P,1,1,P
0a80a94285afa0e8fdc7,97,0.99,0.9,3,3,16,nested,0.30151134457776363,1.0,1.0,1.0,1.0,0.9908,0.992,1.0,0.009199999999999986,0.0011999999999999789,0.9908,1.0011999999999999,0.0011999999999998678,0.0011999999999998678,0.05,1,0.0085,0.007911111111111112,0.9912777777777778,0.0084351431217748,0.007850747585233539,0.9837141092929917,Y,0.007038939314034936,0.8024359192619844,Y,1,1,Y
0abb554660e0f4c1e11a,23,0.9,0.99,3,5,16,nested,0.3015113445777637,1.0,1.0,1.0,0.98975,0.0321,0.9999,0.0027,-0.029399999999999996,0.9678,0.0321,0.9705,-0.02949999999999997,0.02949999999999997,0.05,1,0.020566666666666667,0.9772,0.012393333333333334,0.02035981098703836,0.9673715055040786,0.012268683508883082,Q,0.01859847664012656,0.7837808413884477,Q,1,1,Q
0b0e0751a70d4e2cccc7,53,0.9,0.9,2,3,16,nested,0.9999999999999999,1.0,1.0,1.0,1.0,1.0,1.0,1.0,0.0,0.0,1.0,1.0,0.0,0.0,0.05,1,0.0,0.0,1.0,0.0,0.0,1.0,Y,0.0,0.816496580927726,Y,1,1,Y
0b57b9ed5a1d6aa2d570,67,0.99,0.95,3,3,16,nested,0.43808582711518057,1.0,1.0,1.0,1.0,0.9943,0.9967,1.0,0.005700000000000038,0.0024000000000000687,0.9943,1.0024000000000002,0.0024000000000001798,0.0024000000000001798,0.05,1,0.004933333333333333,0.004755555555555555,0.9955444444444445,0.004907649965182212,0.004730797714184655,0.990361552320633,Y,0.0038026306683663193,0.809020306179916,Y,1,1,Y
0c4a46d2178ce20b0e26,71,0.9,0.99,3,5,64,nested,0.3015113445777637,1.0,1.0,1.0,0.99175,0.1892,0.9987,0.0933,-0.09590000000000001,0.8095,0.1892,0.9028,-0.09719999999999995,0.09719999999999995,0.05,0,0.0895,0.8390222222222222,0.12356666666666667,0.08506885772220345,0.7974822575194322,0.11744888475836432,Q,0.12179657904336504,0.5804624472425205,Q,1,0,mixture_or_unresolved
0ce9906d737b59a6e32b,101,0.9,0.95,2,5,16,independent,-1.3265761976790368e-17,1.0,1.0,1.0,0.94575,0.0,0.8242,0.1803,0.1803,0.8242,0.0,1.0045,0.0044999999999999485,0.0044999999999999485,0.05,1,0.17946666666666666,0.8215166666666667,0.08838666666666666,0.16474353678425757,0.7541208833240007,0.08113557989174171,Q,0.14538882350442206,0.5257330556402432,Q,1,0,mixture_or_unresolved
0d0b64e54bfa44b067ab,83,0.99,0.9,3,5,64,nested,0.30151134457776363,1.0,1.0,1.0,0.9875,0.0072,0.0058,0.9988,0.9916,-0.0014000000000000002,0.0072,0.9974000000000001,-0.0025999999999999357,0.0025999999999999357,0.05,1,0.9914333333333333,0.007711111111111111,0.00688,0.9854962658296352,0.007664934141207084,0.0068388000291576745,P,0.0053826882998491855,0.8058071620640056,P,1,1,P
0d4232f388e92e0e5d4f,23,0.99,0.95,3,3,64,nested,0.43808582711518057,1.0,1.0,1.0,0.999,0.9416,0.9492,1.0,0.05840000000000001,0.007600000000000051,0.9416,1.0076,0.007600000000000051,0.007600000000000051,0.05,1,0.0557,0.03535555555555556,0.9461444444444445,0.05370227535672966,0.034087500535630116,0.9122102241076403,Y,0.044688551852422626,0.7272335512987524,Y,1,1,Y
0d4781eba6dde9e75a20,67,0.9,0.99,2,5,64,independent,0.0,1.0,1.0,1.0,0.985,0.0005,0.949,0.0533,0.0528,0.9485,0.0005,1.0018,0.0018000000000000238,0.0018000000000000238,0.05,1,0.0526,0.9472833333333334,0.04288666666666667,0.050442571228554715,0.9084297911651978,0.041127637606247464,Q,0.042591626720127375,0.7313252809644121,Q,1,1,Q
0ddd78745d77d379bbe6,53,0.99,0.95,3,5,16,nested,0.43808582711518057,1.0,1.0,1.0,0.99,0.0,0.0,1.0,1.0,0.0,0.0,1.0,0.0,0.0,0.05,1,1.0,0.0,0.0,1.0,0.0,0.0,P,0.0,0.816496580927726,P,1,1,P
0e12ea9f53cf2d250cf2,101,0.99,0.9,2,3,64,nested,0.30151134457776363,1.0,1.0,1.0,0.9995,0.9893,0.9903,1.0,0.010700000000000043,0.0010000000000000009,0.9893,1.001,0.0009999999999998899,0.0009999999999998899,0.05,1,0.0103,0.00725,0.9896777777777778,0.010226088107622131,0.0071979746388602375,0.9825759372535176,Y,0.008338265207263872,0.7998301537088265,Y,1,1,Y
0e12f022bfcf3aed74ab,71,0.99,0.95,3,3,16,nested,0.43808582711518057,1.0,1.0,1.0,1.0,1.0,1.0,1.0,0.0,0.0,1.0,1.0,0.0,0.0,0.05,1,0.0,0.0,1.0,0.0,0.0,1.0,Y,0.0,0.816496580927726,Y,1,1,Y
0e85f857df0b7336b9ea,53,0.9,0.9,3,3,16,independent,-1.9274705288631186e-17,1.0,1.0,1.0,1.0,1.0,1.0,1.0,0.0,0.0,1.0,1.0,0.0,0.0,0.05,1,0.0,0.0,1.0,0.0,0.0,1.0,Y,0.0,0.816496580927726,Y,1,1,Y
0ec61def560728d5dc23,41,0.99,0.99,3,5,16,nested,1.0,1.0,1.0,1.0,0.98975,0.0,0.0002,0.9998,0.9998,0.0002,0.0,1.0,0.0,0.0,0.05,1,0.9997666666666667,0.00019999999999999998,0.00023999999999999998,0.9995600909145443,0.00019995867520712383,0.0002399504102485486,P,0.00016329931618553622,0.816169982295355,P,1,1,P
0ee41c2a84b74e02a943,71,0.99,0.95,2,5,64,independent,0.0,1.0,1.0,1.0,0.98475,0.0001,0.1494,0.863,0.8629,0.14930000000000002,0.0001,1.0123,0.012299999999999978,0.012299999999999978,0.05,1,0.8587666666666667,0.14713333333333334,0.08434666666666668,0.7876810752306816,0.1349541693928591,0.07736475537645915,P,0.1170318617585257,0.5825607268242865,P,1,0,mixture_or_unresolved
0f26876807ad4ec7e2ee,71,0.99,0.99,2,5,16,nested,1.0,1.0,1.0,1.0,0.99,0.0003,0.0041,0.9961,0.9958,0.0038000000000000004,0.0003,0.9999,-9.999999999998899e-05,9.999999999998899e-05,0.05,1,0.9958666666666667,0.004166666666666667,0.00392,0.9919451767346424,0.004150259308201577,0.0039045639571560434,P,0.0032715949219506643,0.8099590222258954,P,1,1,P
0f9b1b69347f39d395de,83,0.99,0.95,2,5,16,independent,0.0,1.0,1.0,1.0,0.98825,0.0,0.0625,0.9359,0.9359,0.0625,0.0,0.9984,-0.0016000000000000458,0.0016000000000000458,0.05,1,0.9363333333333334,0.06183333333333333,0.038060000000000004,0.9035989551835506,0.059671629115894846,0.03672941570055458,P,0.05168836103676212,0.7131242652537126,P,1,1,P
100ecc8b8b0a9517ffac,37,0.99,0.9,2,3,64,independent,0.0,1.0,1.0,1.0,0.998,0.1808,0.8409,1.0,0.8192,0.6601,0.1808,1.6601000000000001,0.6601000000000001,0.6601000000000001,0.05,0,0.6042666666666667,0.44481666666666664,0.6229111111111111,0.36140470961160825,0.26603956020587516,0.37255573018251653,Y,0.48180267399285637,0.014786173378219136,Y,1,0,mixture_or_unresolved
10360df6742e71459e60,101,0.9,0.95,2,3,16,independent,-1.3265761976790368e-17,1.0,1.0,1.0,1.0,1.0,1.0,1.0,0.0,0.0,1.0,1.0,0.0,0.0,0.05,1,0.0,0.0,1.0,0.0,0.0,1.0,Y,0.0,0.816496580927726,Y,1,1,Y
105f3b5819dc9578a846,37,0.9,0.95,3,3,16,independent,-1.3265761976790368e-17,1.0,1.0,1.0,1.0,1.0,1.0,1.0,0.0,0.0,1.0,1.0,0.0,0.0,0.05,1,0.0,0.0,1.0,0.0,0.0,1.0,Y,0.0,0.816496580927726,Y,1,1,Y
10f7078588a3328f4477,97,0.99,0.99,3,3,64,nested,1.0,1.0,1.0,1.0,0.99975,0.9839,0.9831,1.0,0.016100000000000003,-0.0008000000000000229,0.9839,0.9992,-0.0008000000000000229,0.0008000000000000229,0.05,1,0.015966666666666667,0.010633333333333333,0.983211111111111,0.01581153791138057,0.010530022116347394,0.9736584399722721,Y,0.013476151775142152,0.7895483019828572,Y,1,1,Y
11072fa2b25cd8db6de1,67,0.9,0.9,2,5,64,nested,0.9999999999999999,1.0,1.0,1.0,1.0,1.0,1.0,1.0,0.0,0.0,1.0,1.0,0.0,0.0,0.05,1,0.0,0.0,1.0,0.0,0.0,1.0,Y,0.0,0.816496580927726,Y,1,1,Y
1207c7e7222eedc2464b,101,0.9,0.95,3,3,16,nested,0.6882472016116853,1.0,1.0,1.0,1.0,1.0,1.0,1.0,0.0,0.0,1.0,1.0,0.0,0.0,0.05,1,0.0,0.0,1.0,0.0,0.0,1.0,Y,0.0,0.816496580927726,Y,1,1,Y
12123238e23520cc6d77,37,0.9,0.95,3,5,16,nested,0.6882472016116853,1.0,1.0,1.0,1.0,0.9916,1.0,0.0612,-0.9304,0.008399999999999963,0.9916,0.0696,-0.9304,0.9304,0.05,0,0.6214333333333333,0.31874444444444444,0.3721666666666667,0.4735291378449085,0.24288169603169898,0.2835891661233924,Y,0.542038129040138,0.03155173604931194,P,0,0,mixture_or_unresolved
1282c54d3860c3df3a99,67,0.9,0.9,2,5,16,nested,0.9999999999999999,1.0,1.0,1.0,0.9965,0.9519,0.5673,0.772,-0.17989999999999995,-0.38459999999999994,0.9519,0.3874000000000001,-0.6125999999999999,0.6125999999999999,0.05,0,0.268,0.3309666666666667,0.6717333333333333,0.210907373888408,0.2604601138480103,0.5286325122635818,Y,0.2837410204159184,0.36943759221618544,Y,1,0,mixture_or_unresolved
1295702c45470d997b37,41,0.9,0.99,2,3,16,nested,0.3015113445777637,1.0,1.0,1.0,0.9915,0.1895,1.0,0.1296,-0.05990000000000001,0.8105,0.1895,0.9400999999999999,-0.059900000000000064,0.059900000000000064,0.05,0,0.04393333333333333,0.8300333333333333,0.1496111111111111,0.04292134343587851,0.8109137882373375,0.14616486832678405,Q,0.1325473626042153,0.5541127692417123,Q,1,0,mixture_or_unresolved
12d93d6e1d720d0161c5,23,0.9,0.99,2,5,16,nested,0.3015113445777637,1.0,1.0,1.0,0.99,0.0001,1.0,0.0,-0.0001,0.9999,0.0001,0.9999,-9.999999999998899e-05,9.999999999998899e-05,0.05,1,0.0001,0.9998833333333333,2.666666666666667e-05,9.99990000099999e-05,0.9998733345999873,2.6666400002666642e-05,Q,5.773502691896258e-05,0.8163980220924324,Q,1,1,Q
13271e48b3f91fe6dafa,67,0.99,0.99,2,3,64,independent,0.0,1.0,1.0,1.0,0.9935,0.0,0.6773,0.7698,0.7698,0.6773,0.0,1.4471,0.44710000000000005,0.44710000000000005,0.05,0,0.6199666666666667,0.5268166666666666,0.31,0.4255723225828595,0.36163007539441916,0.2127976020227213,P,0.4130082041154469,0.06890718610708307,P,1,0,mixture_or_unresolved
135f82caf0d6475b247d,41,0.9,0.99,2,5,16,nested,0.3015113445777637,1.0,1.0,1.0,0.99,0.0,1.0,0.0,0.0,1.0,0.0,1.0,0.0,0.0,0.05,1,0.0,1.0,0.0,0.0,1.0,0.0,Q,0.0,0.816496580927726,Q,1,1,Q
13f67af9740349e2514b,83,0.9,0.9,3,3,64,nested,0.9999999999999999,1.0,1.0,1.0,1.0,1.0,1.0,1.0,0.0,0.0,1.0,1.0,0.0,0.0,0.05,1,0.0,0.0,1.0,0.0,0.0,1.0,Y,0.0,0.816496580927726,Y,1,1,Y
14054c62e6a8263a786f,67,0.99,0.95,3,5,64,independent,0.0,1.0,1.0,1.0,0.988,0.0005,0.1294,0.9203,0.9198000000000001,0.1289,0.0005,1.0492,0.04919999999999991,0.04919999999999991,0.05,1,0.9045666666666666,0.11266666666666668,0.07939333333333333,0.8248629129329945,0.10273930964047322,0.07239777742653228,P,0.0877433758183488,0.6436700275772047,P,1,0,mixture_or_unresolved
14e9aac0d9c6583caacf,71,0.9,0.9,2,5,16,independent,-1.9274705288631186e-17,1.0,1.0,1.0,0.9945,0.7014,0.9872,0.9809,0.27949999999999997,0.28579999999999994,0.7014,1.2667,0.26669999999999994,0.26669999999999994,0.05,0,0.1898,0.19421666666666668,0.8792466666666667,0.15024579198319696,0.15374202792239147,0.6960121800944116,Y,0.17290711379234805,0.5233425085893569,Y,1,0,mixture_or_unresolved
151e8635a8c72a39464d,97,0.9,0.95,2,3,16,independent,-1.3265761976790368e-17,1.0,1.0,1.0,1.0,0.9414,1.0,1.0,0.058599999999999985,0.058599999999999985,0.9414,1.0586,0.058599999999999985,0.058599999999999985,0.05,0,0.038033333333333336,0.03905,0.9804666666666667,0.03596362662127874,0.036924968086615294,0.927111405292106,Y,0.03383272577451206,0.7591014791462577,Y,1,1,Y
1540ff6c873b6cd3738f,11,0.9,0.95,3,5,16,independent,-1.3265761976790368e-17,1.0,1.0,1.0,0.98225,0.3786,0.934,0.8427,0.4641,0.5554000000000001,0.3786,1.3981000000000001,0.3981000000000001,0.3981000000000001,0.05,0,0.3265,0.42344444444444446,0.6670333333333334,0.2304199861991092,0.29883633398155696,0.4707436798193338,Y,0.37203819248387204,0.16270076252127808,Y,1,0,mixture_or_unresolved
1574d03ef7f1e54e2609,37,0.9,0.99,2,3,16,nested,0.3015113445777637,1.0,1.0,1.0,0.99975,0.9927,1.0,0.0639,-0.9288000000000001,0.007299999999999973,0.9927,0.07119999999999993,-0.9288000000000001,0.9288000000000001,0.05,0,0.6183666666666666,0.31715,0.3743666666666667,0.47207766594989375,0.24212079956230198,0.28580153448780427,Y,0.5404740203438706,0.033847753577334716,P,0,0,mixture_or_unresolved
15864cbec2568468d9db,83,0.9,0.9,3,5,64,independent,-1.9274705288631186e-17,1.0,1.0,1.0,0.99925,0.9791,1.0,1.0,0.02090000000000003,0.02090000000000003,0.9791,1.0209000000000001,0.02090000000000014,0.02090000000000014,0.05,1,0.013766666666666667,0.014522222222222223,0.9930333333333333,0.01347925891273839,0.014219040677117897,0.9723017004101436,Y,0.012066620626063194,0.7959426223078692,Y,1,1,Y
158655348cd4b8a4f8c3,53,0.99,0.99,3,3,16,independent,0.0,1.0,1.0,1.0,0.99975,0.9962,0.9935,1.0,0.0038000000000000256,-0.0026999999999999247,0.9962,0.9973000000000001,-0.0026999999999999247,0.0026999999999999247,0.05,1,0.005066666666666666,0.005166666666666666,0.9946555555555556,0.0050420168067226885,0.005141530296329057,0.9898164528969483,Y,0.004347029637196705,0.8079453417825199,Y,1,1,Y
15d7475a07fea263a3c5,37,0.99,0.95,3,3,64,nested,0.43808582711518057,1.0,1.0,1.0,0.99975,0.962,0.9594,1.0,0.038000000000000034,-0.0025999999999999357,0.962,0.9974000000000001,-0.0025999999999999357,0.0025999999999999357,0.05,1,0.0388,0.02228888888888889,0.9611777777777778,0.0379548715273249,0.02180339985218034,0.9402417286204948,Y,0.03210586654595491,0.7523031169144166,Y,1,1,Y
15dcb11edbab69102508,97,0.99,0.95,3,3,64,nested,0.43808582711518057,1.0,1.0,1.0,0.99975,0.9873,0.9864,1.0,0.012700000000000045,-0.0008999999999999009,0.9873,0.9991000000000001,-0.0008999999999999009,0.0008999999999999009,0.05,1,0.012833333333333334,0.008566666666666667,0.9866555555555556,0.012730779829154035,0.008498208872967759,0.9787710112978781,Y,0.010743214912988875,0.7950165197474123,Y,1,1,Y
166cbddc659f7eb55466,23,0.99,0.95,3,3,64,independent,0.0,1.0,1.0,1.0,0.997,0.0822,0.7492,1.0,0.9178,0.667,0.0822,1.667,0.667,0.667,0.05,0,0.6949,0.4407222222222222,0.5229555555555556,0.4189734176536792,0.26572297550779783,0.31530360683852304,P,0.4351465193855207,0.11417350877050175,P,1,0,mixture_or_unresolved
167123a99e2e1663b91d,83,0.9,0.9,3,5,16,independent,-1.9274705288631186e-17,1.0,1.0,1.0,0.97525,0.2572,0.9313,0.8939,0.6367,0.6741,0.2572,1.568,0.5680000000000001,0.5680000000000001,0.05,0,0.4515,0.4836666666666667,0.65318,0.28425784463509224,0.3045095109379984,0.41123264442690927,Y,0.4350205895510387,0.10347383629445384,Y,1,0,mixture_or_unresolved
16cf20e34a3cb7dc1eac,83,0.99,0.95,3,5,64,nested,0.43808582711518057,1.0,1.0,1.0,0.98675,0.0092,0.0065,0.998,0.9888,-0.0027,0.0092,0.9953,-0.0047000000000000375,0.0047000000000000375,0.05,1,0.9896666666666667,0.009055555555555556,0.008626666666666666,0.9824467744817531,0.00898949277200661,0.008563732746240407,P,0.006605300901548696,0.803483354740536,P,1,1,P
170b830708fffa3bb9fd,37,0.9,0.9,2,3,16,nested,0.9999999999999999,1.0,1.0,1.0,1.0,1.0,1.0,1.0,0.0,0.0,1.0,1.0,0.0,0.0,0.05,1,0.0,0.0,1.0,0.0,0.0,1.0,Y,0.0,0.816496580927726,Y,1,1,Y
173cab2865620a898180,53,0.9,0.95,2,3,64,nested,0.6882472016116853,1.0,1.0,1.0,1.0,1.0,1.0,0.9981,-0.0019000000000000128,0.0,1.0,0.9981,-0.0019000000000000128,0.0019000000000000128,0.05,1,0.0013333333333333333,0.0006333333333333333,0.9988,0.0013323118942144357,0.000632848149751857,0.9980348399560338,Y,0.0010969655114602963,0.8146243124587378,Y,1,1,Y
17acea37e42aa61dd154,41,0.9,0.95,3,3,16,nested,0.6882472016116853,1.0,1.0,1.0,1.0,1.0,1.0,1.0,0.0,0.0,1.0,1.0,0.0,0.0,0.05,1,0.0,0.0,1.0,0.0,0.0,1.0,Y,0.0,0.816496580927726,Y,1,1,Y
180967ba7f4f2578a528,11,0.99,0.95,2,3,64,independent,0.0,1.0,1.0,1.0,0.9955,0.0089,0.5632,0.9923,0.9833999999999999,0.5543,0.0089,1.5466,0.5466,0.5466,0.05,0,0.8007333333333333,0.3718666666666667,0.3730222222222222,0.5180653602288902,0.24059350423418113,0.24134113553692865,P,0.3252346537501808,0.30010065363831673,P,1,0,mixture_or_unresolved
18489bd3675083cef839,11,0.9,0.9,3,3,64,independent,-1.9274705288631186e-17,1.0,1.0,1.0,1.0,1.0,1.0,1.0,0.0,0.0,1.0,1.0,0.0,0.0,0.05,1,0.0,0.0,1.0,0.0,0.0,1.0,Y,0.0,0.816496580927726,Y,1,1,Y
184aea7aea013222c403,53,0.9,0.95,3,5,16,nested,0.6882472016116853,1.0,1.0,1.0,0.9595,0.1637,1.0,0.0094,-0.15430000000000002,0.8363,0.1637,0.8457000000000001,-0.15429999999999988,0.15429999999999988,0.05,0,0.1052,0.8884,0.060500000000000005,0.09980077791480883,0.8428042880182145,0.05739493406697657,Q,0.09466792839534764,0.6538163288427945,Q,1,0,mixture_or_unresolved
187028dceea5fee41c37,53,0.9,0.99,3,3,16,nested,0.3015113445777637,1.0,1.0,1.0,1.0,0.9825,1.0,0.9832,0.0006999999999999229,0.01749999999999996,0.9825,1.0007,0.0006999999999999229,0.0006999999999999229,0.05,1,0.0026666666666666666,0.016933333333333335,0.9822777777777778,0.0026616686444343395,0.016901595892158058,0.9804367354634076,Y,0.014005832118561656,0.7884878833293123,Y,1,1,Y
18a0607aa959e440b53d,41,0.9,0.9,3,5,16,independent,-1.9274705288631186e-17,1.0,1.0,1.0,0.90825,0.0,0.5564,0.5722,0.5722,0.5564,0.0,1.1286,0.12860000000000005,0.12860000000000005,0.05,0,0.5287333333333334,0.5157,0.20295333333333335,0.42387284349145943,0.4134243324710862,0.16270282403745429,P,0.405213441698734,0.012795250395900182,P,1,0,mixture_or_unresolved
192eadbbc540edb58984,41,0.9,0.95,2,3,64,nested,0.6882472016116853,1.0,1.0,1.0,1.0,1.0,1.0,0.9364,-0.06359999999999999,0.0,1.0,0.9364,-0.06359999999999999,0.06359999999999999,0.05,0,0.0422,0.0212,0.9585222222222222,0.041294727800550164,0.020745218705489656,0.9379600534939602,Y,0.03671947712046019,0.754238794008091,Y,1,1,Y
196a117d4697453ebee7,23,0.9,0.99,3,3,64,nested,0.3015113445777637,1.0,1.0,1.0,1.0,1.0,1.0,1.0,0.0,0.0,1.0,1.0,0.0,0.0,0.05,1,0.0,0.0,1.0,0.0,0.0,1.0,Y,0.0,0.816496580927726,Y,1,1,Y
1978d0f6b8673c969a61,41,0.99,0.99,2,5,64,nested,1.0,1.0,1.0,1.0,0.99075,0.0724,0.1008,0.9762,0.9037999999999999,0.028399999999999995,0.0724,1.0046,0.0045999999999999375,0.0045999999999999375,0.05,1,0.9023,0.07176666666666666,0.09366000000000001,0.8450664652002072,0.067214455634713,0.0877190791650797,P,0.07295852703191497,0.6730461288963618,P,1,0,mixture_or_unresolved
1a1304571b1b433ee341,41,0.9,0.9,3,3,16,independent,-1.9274705288631186e-17,1.0,1.0,1.0,1.0,1.0,1.0,1.0,0.0,0.0,1.0,1.0,0.0,0.0,0.05,1,0.0,0.0,1.0,0.0,0.0,1.0,Y,0.0,0.816496580927726,Y,1,1,Y
1a6f6c7a2c21f09b586d,101,0.9,0.95,3,5,64,independent,-1.3265761976790368e-17,1.0,1.0,1.0,0.9765,0.0996,0.9099,0.7332,0.6335999999999999,0.8103,0.0996,1.5434999999999999,0.5434999999999999,0.5434999999999999,0.05,0,0.45353333333333334,0.6311666666666667,0.47646666666666665,0.2905092345468133,0.4042916622184264,0.30519910323476035,Q,0.43035660019724725,0.11432079973779691,Q,1,0,mixture_or_unresolved
1a7c742579a4a6f0b3b9,71,0.9,0.95,3,3,16,nested,0.6882472016116853,1.0,1.0,1.0,1.0,1.0,1.0,1.0,0.0,0.0,1.0,1.0,0.0,0.0,0.05,1,0.0,0.0,1.0,0.0,0.0,1.0,Y,0.0,0.816496580927726,Y,1,1,Y
1a93407fdf967ec29189,97,0.99,0.9,3,3,16,independent,0.0,1.0,1.0,1.0,1.0,0.9909,0.9928,1.0,0.009099999999999997,0.0019000000000000128,0.9909,1.0019,0.0019000000000000128,0.0019000000000000128,0.05,1,0.0087,0.007877777777777779,0.9921555555555556,0.008624677813759831,0.007809574163417268,0.983565748022823,Y,0.006699502469089271,0.8031430027955662,Y,1,1,Y
1aca339483b38a7ec084,83,0.9,0.99,3,3,64,nested,0.3015113445777637,1.0,1.0,1.0,1.0,1.0,1.0,1.0,0.0,0.0,1.0,1.0,0.0,0.0,0.05,1,0.0,0.0,1.0,0.0,0.0,1.0,Y,0.0,0.816496580927726,Y,1,1,Y
1b56bc8d425be3143e50,41,0.99,0.95,3,5,16,independent,0.0,1.0,1.0,1.0,0.9885,0.0,0.0536,0.9465,0.9465,0.0536,0.0,1.0001,9.999999999998899e-05,9.999999999998899e-05,0.05,1,0.9471,0.054011111111111114,0.03595333333333333,0.9132508640843064,0.052080766436887034,0.03466836947880663,P,0.043723410967886144,0.7290497791295275,P,1,1,P
1b60e4b5e3e80b392684,23,0.99,0.9,3,5,16,independent,0.0,1.0,1.0,1.0,0.989,0.0,0.0194,0.9802,0.9802,0.0194,0.0,0.9995999999999999,-0.00040000000000006697,0.00040000000000006697,0.05,1,0.9804,0.019855555555555557,0.015746666666666666,0.9649585193383217,0.019542826896704075,0.015498653764974266,P,0.0160041661242732,0.7844890984736661,P,1,1,P
1b939e7dad486b39a0c8,41,0.99,0.99,2,5,16,nested,1.0,1.0,1.0,1.0,0.99,0.0003,0.019,0.9802,0.9799,0.018699999999999998,0.0003,0.9989,-0.0010999999999999899,0.0010999999999999899,0.05,1,0.9802666666666666,0.019966666666666664,0.015193333333333331,0.9653741612721088,0.01966332707433328,0.014962511653557779,P,0.015844347046607313,0.7848122855577403,P,1,1,P
1be2316954a9d6d28332,37,0.99,0.9,2,3,64,nested,0.30151134457776363,1.0,1.0,1.0,0.9995,0.9487,0.9478,1.0,0.05130000000000001,-0.0009000000000000119,0.9487,0.9991,-0.0009000000000000119,0.0009000000000000119,0.05,1,0.05146666666666667,0.03585,0.9469444444444445,0.04976177303174032,0.0346624267458787,0.915575800222381,Y,0.04225529552612313,0.7319876745205326,Y,1,1,Y
1bef4c163c97c8e53496,37,0.9,0.95,3,5,16,independent,-1.3265761976790368e-17,1.0,1.0,1.0,0.945,0.0,0.8511,0.1508,0.1508,0.8511,0.0,1.0019,0.0019000000000000128,0.0019000000000000128,0.05,1,0.149,0.851488888888889,0.07934000000000001,0.13798482475618565,0.7885405712427689,0.07347460400104544,Q,0.12235447137994862,0.5717905302827684,Q,1,0,mixture_or_unresolved
1c416e1baab5e991ef24,83,0.9,0.95,3,5,16,independent,-1.3265761976790368e-17,1.0,1.0,1.0,0.944,0.0,0.8557,0.1696,0.1696,0.8557,0.0,1.0253,0.0253000000000001,0.0253000000000001,0.05,1,0.1641,0.8474777777777778,0.09673333333333334,0.14806311906003128,0.7646569354774031,0.08727994546256568,Q,0.1285647048506445,0.5598602244868492,Q,1,0,mixture_or_unresolved
1cba468ad59c2bd2242b,97,0.99,0.99,3,5,16,nested,1.0,1.0,1.0,1.0,0.99,0.0,0.0,1.0,1.0,0.0,0.0,1.0,0.0,0.0,0.05,1,1.0,0.0,0.0,1.0,0.0,0.0,P,0.0,0.816496580927726,P,1,1,P
1d2be239f01d7e0942cc,71,0.9,0.95,3,3,64,independent,-1.3265761976790368e-17,1.0,1.0,1.0,1.0,1.0,1.0,1.0,0.0,0.0,1.0,1.0,0.0,0.0,0.05,1,0.0,0.0,1.0,0.0,0.0,1.0,Y,0.0,0.816496580927726,Y,1,1,Y
1df455dcb46d49a757f1,41,0.9,0.99,2,5,16,independent,0.0,1.0,1.0,1.0,0.989,0.0,0.9836,0.019,0.019,0.9836,0.0,1.0026,0.0025999999999999357,0.0025999999999999357,0.05,1,0.017833333333333333,0.9831166666666666,0.0156,0.01754299673733051,0.9671109799485186,0.015346023314150803,Q,0.014490916695180687,0.7875543771214051,Q,1,1,Q
1e8107aecd62ebab3667,53,0.99,0.95,2,3,64,nested,0.43808582711518057,1.0,1.0,1.0,1.0,0.9907,0.986,1.0,0.009299999999999975,-0.0047000000000000375,0.9907,0.9953,-0.0047000000000000375,0.0047000000000000375,0.05,1,0.011033333333333332,0.01065,0.9881666666666667,0.010925715040187484,0.01054612071099668,0.9785281642488158,Y,0.009703779332473163,0.7972828975505264,Y,1,1,Y
1e8b37bd2d314bd4230b,41,0.99,0.99,3,3,64,nested,1.0,1.0,1.0,1.0,0.99875,0.8982,0.8935,1.0,0.1018,-0.0047000000000000375,0.8982,0.9953,-0.0047000000000000375,0.0047000000000000375,0.05,1,0.10333333333333333,0.05522222222222222,0.8946666666666666,0.09811161514927734,0.05243169110665682,0.8494566937440657,Y,0.08505976330400489,0.6464012153772459,Y,1,0,mixture_or_unresolved
1f4bf9c1ec82bc487d0d,37,0.99,0.99,3,5,64,independent,0.0,1.0,1.0,1.0,0.99025,0.0,0.2812,0.7407,0.7407,0.2812,0.0,1.0219,0.02190000000000003,0.02190000000000003,0.05,1,0.7307666666666667,0.27366666666666667,0.13394666666666666,0.6419356161094422,0.24040010072793502,0.11766428316262291,P,0.22083925526650977,0.3750661986437562,P,1,0,mixture_or_unresolved
1f4f7ec373da8cea039f,11,0.9,0.99,3,3,64,independent,0.0,1.0,1.0,1.0,1.0,0.923,1.0,1.0,0.07699999999999996,0.07699999999999996,0.923,1.077,0.07699999999999996,0.07699999999999996,0.05,0,0.052333333333333336,0.05148888888888889,0.9743333333333334,0.04853968711997857,0.047756456499783585,0.9037038563802379,Y,0.04445597072760116,0.7412345960139544,Y,1,1,Y
1f5e9c9614bf0e50b397,37,0.99,0.99,3,3,16,nested,1.0,1.0,1.0,1.0,1.0,1.0,1.0,1.0,0.0,0.0,1.0,1.0,0.0,0.0,0.05,1,0.0,0.0,1.0,0.0,0.0,1.0,Y,0.0,0.816496580927726,Y,1,1,Y
1fc2b93dad3e0c4a7d58,71,0.99,0.95,2,3,16,independent,0.0,1.0,1.0,1.0,0.99975,0.4461,1.0,1.0,0.5539000000000001,0.5539000000000001,0.4461,1.5539,0.5539000000000001,0.5539000000000001,0.05,0,0.3655333333333333,0.3685,0.8153666666666667,0.23591928058173056,0.23783400025816445,0.526246719160105,Y,0.3197943141041337,0.312399013394135,Y,1,0,mixture_or_unresolved
20c1c03f90fe42035526,23,0.99,0.9,3,3,16,independent,0.0,1.0,1.0,1.0,1.0,1.0,1.0,1.0,0.0,0.0,1.0,1.0,0.0,0.0,0.05,1,0.0,0.0,1.0,0.0,0.0,1.0,Y,0.0,0.816496580927726,Y,1,1,Y
214e8187604d96f89317,37,0.99,0.99,3,3,16,independent,0.0,1.0,1.0,1.0,0.998,0.017,0.8285,0.9505,0.9335,0.8115,0.017,1.762,0.762,0.762,0.05,0,0.6815333333333333,0.5624,0.5272666666666667,0.38478620897320087,0.31752484191508584,0.29768894911171334,P,0.47928818748918345,0.07843082778643007,P,1,0,mixture_or_unresolved
21a5b7d01d2f970361de,97,0.99,0.99,2,3,64,independent,0.0,1.0,1.0,1.0,0.9915,0.0004,0.5963,0.6915,0.6911,0.5959000000000001,0.0004,1.2874,0.2874000000000001,0.2874000000000001,0.05,0,0.5962333333333334,0.5006333333333333,0.24489999999999998,0.4443643952003578,0.37311504732566514,0.1825205574739771,P,0.3876192719667071,0.07467432161497628,P,1,0,mixture_or_unresolved
2299adfe9e2e823967ef,23,0.9,0.9,2,5,64,independent,-1.9274705288631186e-17,1.0,1.0,1.0,0.99975,0.9868,1.0,1.0,0.01319999999999999,0.01319999999999999,0.9868,1.0131999999999999,0.013199999999999878,0.013199999999999878,0.05,1,0.008733333333333333,0.009283333333333333,0.9956,0.008616011970337241,0.009158623411217258,0.9822253646184456,Y,0.007621023553303054,0.8035045811878286,Y,1,1,Y
22aadf29a11ea374f32e,101,0.99,0.95,3,5,64,independent,0.0,1.0,1.0,1.0,0.985,0.0004,0.119,0.9213,0.9209,0.1186,0.0004,1.0399,0.03990000000000005,0.03990000000000005,0.05,1,0.9065666666666666,0.10536666666666666,0.07198,0.8363829826492893,0.09720949399398476,0.06640752335672594,P,0.08237080793582152,0.6535990397255257,P,1,0,mixture_or_unresolved
22ed85e0befdb78007c0,101,0.99,0.9,3,5,64,independent,0.0,1.0,1.0,1.0,0.98675,0.0014,0.0667,0.9663,0.9649000000000001,0.0653,0.0014,1.0316,0.03160000000000007,0.03160000000000007,0.05,1,0.9533666666666667,0.05692222222222222,0.04729333333333333,0.901458673031989,0.053822975676175416,0.044718351291835455,P,0.04315298367436484,0.7324729012297773,P,1,1,P
22edcf0ebd43336243b2,83,0.99,0.99,2,3,16,independent,0.0,1.0,1.0,1.0,0.99,0.0,0.5295,0.5179,0.5179,0.5295,0.0,1.0474,0.04740000000000011,0.04740000000000011,0.05,1,0.5001333333333333,0.5120666666666667,0.13873333333333335,0.434545875810936,0.44491427247451343,0.12053985171455052,Q,0.4039763441919176,0.009460736873629805,Q,1,0,mixture_or_unresolved
22ef77a72c0b62b90f51,71,0.99,0.95,2,3,16,nested,0.43808582711518057,1.0,1.0,1.0,1.0,1.0,1.0,1.0,0.0,0.0,1.0,1.0,0.0,0.0,0.05,1,0.0,0.0,1.0,0.0,0.0,1.0,Y,0.0,0.816496580927726,Y,1,1,Y
22f09e47a2af1dc4826e,83,0.99,0.9,2,5,16,nested,0.30151134457776363,1.0,1.0,1.0,0.99,0.0,0.0,1.0,1.0,0.0,0.0,1.0,0.0,0.0,0.05,1,1.0,0.0,0.0,1.0,0.0,0.0,P,0.0,0.816496580927726,P,1,1,P
22f3621b60a7b468a3f0,67,0.99,0.95,2,5,64,independent,0.0,1.0,1.0,1.0,0.98275,0.0004,0.1614,0.8522,0.8518,0.16099999999999998,0.0004,1.0131999999999999,0.013199999999999878,0.013199999999999878,0.05,1,0.8487333333333333,0.15551666666666666,0.09826000000000001,0.7698191701964909,0.14105692163034045,0.0891239081731685,P,0.12635262825389376,0.5639359490817015,P,1,0,mixture_or_unresolved
22ff6e13b72aa5b972fe,23,0.9,0.99,3,5,64,independent,0.0,1.0,1.0,1.0,0.98125,0.0006,0.9243,0.0849,0.0843,0.9237,0.0006,1.0086,0.008599999999999941,0.008599999999999941,0.05,1,0.08076666666666667,0.9212666666666667,0.060840000000000005,0.075988985830861,0.8667699506369527,0.057241063532186345,Q,0.06567307921312457,0.6852682988806207,Q,1,1,Q
2332ea4a6e283658cf03,101,0.9,0.99,3,3,64,nested,0.3015113445777637,1.0,1.0,1.0,0.9995,0.9466,1.0,0.9057,-0.04090000000000005,0.0534,0.9466,0.9591,-0.04090000000000005,0.04090000000000005,0.05,1,0.029466666666666665,0.06934444444444444,0.9192666666666667,0.0289434337040392,0.06811311076429437,0.9029434555316663,Y,0.06256743029191256,0.693815199951097,Y,1,1,Y
235e80ef60cf185ea20a,97,0.99,0.99,2,3,64,nested,1.0,1.0,1.0,1.0,1.0,0.9948,0.9997,1.0,0.005199999999999982,0.0049000000000000155,0.9948,1.0049000000000001,0.0049000000000001265,0.0049000000000001265,0.05,1,0.0036,0.003466666666666667,0.9979444444444445,0.00358204994969652,0.0034493814330410935,0.9929685686172622,Y,0.003007213549672398,0.8112464590446448,Y,1,1,Y
236baf53e7a3f7824de6,67,0.9,0.99,3,3,64,independent,0.0,1.0,1.0,1.0,1.0,1.0,1.0,1.0,0.0,0.0,1.0,1.0,0.0,0.0,0.05,1,3.3333333333333335e-05,2.2222222222222223e-05,1.0,3.333148158435643e-05,2.2220987722904284e-05,0.9999444475306928,Y,0.0,0.816496580927726,Y,1,1,Y
238b18a86fb181d22491,97,0.99,0.9,3,5,16,independent,0.0,1.0,1.0,1.0,0.989,0.0,0.0089,0.9933,0.9933,0.0089,0.0,1.0022,0.0021999999999999797,0.0021999999999999797,0.05,1,0.992,0.007977777777777778,0.007620000000000001,0.9845198370602025,0.007917621449476091,0.007562541490321315,P,0.006431692364119015,0.8036967130959866,P,1,1,P
238d801f03023701d3ee,71,0.9,0.95,2,5,64,nested,0.6882472016116853,1.0,1.0,1.0,0.999,0.9932,1.0,0.0742,-0.9189999999999999,0.006800000000000028,0.9932,0.08100000000000007,-0.9189999999999999,0.9189999999999999,0.05,0,0.6108666666666667,0.3138666666666666,0.38108000000000003,0.46780550563633394,0.24036105211566736,0.29183344224799873,Y,0.5345252971874515,0.04049698643872823,P,0,0,mixture_or_unresolved
23d04484fb1e012113bb,67,0.9,0.99,2,3,16,nested,0.3015113445777637,1.0,1.0,1.0,1.0,0.9895,1.0,0.0122,-0.9773000000000001,0.010499999999999954,0.9895,0.022699999999999942,-0.9773000000000001,0.9773000000000001,0.05,0,0.6520333333333334,0.3365,0.33761111111111114,0.49167595284576004,0.2537430982044858,0.2545809489497541,Y,0.5703388145070729,0.0009926975475893496,P,0,0,mixture_or_unresolved
23e0fba94ed21775320c,101,0.9,0.9,2,5,16,nested,0.9999999999999999,1.0,1.0,1.0,1.0,1.0,1.0,1.0,0.0,0.0,1.0,1.0,0.0,0.0,0.05,1,0.0,0.0,1.0,0.0,0.0,1.0,Y,0.0,0.816496580927726,Y,1,1,Y
241722323bd13e13aa67,71,0.9,0.99,2,3,64,independent,0.0,1.0,1.0,1.0,0.99975,0.5017,1.0,0.9899,0.48819999999999997,0.49829999999999997,0.5017,1.4882,0.48819999999999997,0.48819999999999997,0.05,0,0.3244,0.3353666666666667,0.8275666666666667,0.21810847153742716,0.22548184670551324,0.5564096817570596,Y,0.287752729497625,0.3529772968525272,Y,1,0,mixture_or_unresolved
2485f1875ee7b1e7109c,83,0.9,0.9,2,3,16,independent,-1.9274705288631186e-17,1.0,1.0,1.0,1.0,1.0,1.0,1.0,0.0,0.0,1.0,1.0,0.0,0.0,0.05,1,0.0,0.0,1.0,0.0,0.0,1.0,Y,0.0,0.816496580927726,Y,1,1,Y
24df547784ec22ed16cd,67,0.99,0.9,3,3,16,independent,0.0,1.0,1.0,1.0,0.99925,0.9635,0.9874,1.0,0.03649999999999998,0.023900000000000032,0.9635,1.0239,0.023900000000000032,0.023900000000000032,0.05,1,0.028566666666666667,0.0229,0.9792222222222223,0.02771609064056402,0.022218149673357623,0.9500657596860783,Y,0.022293571569699917,0.7742177821890941,Y,1,1,Y
24fc00c183ba67c71d56,11,0.9,0.9,2,5,16,independent,-1.9274705288631186e-17,1.0,1.0,1.0,0.957,0.0,0.7699,0.828,0.828,0.7699,0.0,1.5979,0.5979000000000001,0.5979000000000001,0.05,0,0.6273333333333333,0.57225,0.46259999999999996,0.3774152470144689,0.3442761027163069,0.2783086502692242,P,0.4554594786220468,0.04070246066793948,P,1,0,mixture_or_unresolved
2553a98f223aa8f57903,11,0.9,0.9,2,3,16,independent,-1.9274705288631186e-17,1.0,1.0,1.0,1.0,1.0,1.0,1.0,0.0,0.0,1.0,1.0,0.0,0.0,0.05,1,0.0,0.0,1.0,0.0,0.0,1.0,Y,0.0,0.816496580927726,Y,1,1,Y
2555f7870f584e7cceff,101,0.99,0.99,2,5,16,nested,1.0,1.0,1.0,1.0,0.99,0.0001,0.0004,1.0,0.9999,0.00030000000000000003,0.0001,1.0003,0.00029999999999996696,0.00029999999999996696,0.05,1,0.9996666666666667,0.0003333333333333333,0.00023999999999999998,0.9994268042336506,0.0003332533525287264,0.000239942413820683,P,0.00023804761428476167,0.8160544183560927,P,1,1,P
260885e0b9ceb8023eef,71,0.9,0.95,3,3,16,independent,-1.3265761976790368e-17,1.0,1.0,1.0,1.0,1.0,1.0,1.0,0.0,0.0,1.0,1.0,0.0,0.0,0.05,1,0.0,0.0,1.0,0.0,0.0,1.0,Y,0.0,0.816496580927726,Y,1,1,Y
26ee82effad29ce3771d,11,0.99,0.9,2,5,16,nested,0.30151134457776363,1.0,1.0,1.0,0.99,0.0001,0.0002,1.0,0.9999,0.0001,0.0001,1.0001,9.999999999998899e-05,9.999999999998899e-05,0.05,1,0.9998333333333334,0.0002,0.00012,0.9996800490591444,0.0001999693380348347,0.00011998160282090081,P,0.00012909944487358055,0.8162450080164871,P,1,1,P
26f7fd837b5a2e249623,37,0.9,0.9,3,5,16,independent,-1.9274705288631186e-17,1.0,1.0,1.0,0.904,0.0,0.5495,0.4664,0.4664,0.5495,0.0,1.0159,0.015900000000000025,0.015900000000000025,0.05,1,0.4615666666666667,0.5454888888888889,0.15033333333333332,0.3987999807996928,0.4713099409590554,0.12989007824125184,Q,0.37437913492429925,0.06784223121110888,Q,1,0,mixture_or_unresolved
2752d9b56ae73fc014af,37,0.99,0.95,3,3,16,nested,0.43808582711518057,1.0,1.0,1.0,1.0,1.0,1.0,1.0,0.0,0.0,1.0,1.0,0.0,0.0,0.05,1,0.0,0.0,1.0,0.0,0.0,1.0,Y,0.0,0.816496580927726,Y,1,1,Y
27967cfd8737858ec117,11,0.9,0.95,2,5,64,nested,0.6882472016116853,1.0,1.0,1.0,0.999,0.9872,1.0,0.0383,-0.9489,0.012800000000000034,0.9872,0.051100000000000034,-0.9489,0.9489,0.05,0,0.6323666666666666,0.3294166666666667,0.3543,0.48049135693028555,0.2503007661622238,0.26920787690749065,Y,0.5552869318349448,0.015102037787247835,P,0,0,mixture_or_unresolved
27aa4d43fabe7c7737da,11,0.9,0.9,2,5,64,nested,0.9999999999999999,1.0,1.0,1.0,1.0,1.0,1.0,1.0,0.0,0.0,1.0,1.0,0.0,0.0,0.05,1,0.0,0.0,1.0,0.0,0.0,1.0,Y,0.0,0.816496580927726,Y,1,1,Y
2850e54f21eb154854f3,41,0.99,0.95,2,3,16,nested,0.43808582711518057,1.0,1.0,1.0,1.0,0.9771,0.9831,1.0,0.02290000000000003,0.006000000000000005,0.9771,1.006,0.006000000000000005,0.006000000000000005,0.05,1,0.02153333333333333,0.0188,0.9813444444444445,0.021076442888059946,0.018401104936324783,0.9605224521756154,Y,0.01643187958410928,0.7838201682108339,Y,1,1,Y
2868b29b92394405444c,53,0.99,0.99,3,5,16,independent,0.0,1.0,1.0,1.0,0.98975,0.0,0.3456,0.6693,0.6693,0.3456,0.0,1.0149,0.014899999999999913,0.014899999999999913,0.05,1,0.6662333333333333,0.3346333333333333,0.13309333333333334,0.5875280727127354,0.29510153209401857,0.11737039519324612,P,0.2761653188460371,0.26426717770957653,P,1,0,mixture_or_unresolved
289cf852034658653105,97,0.99,0.9,2,5,64,nested,0.30151134457776363,1.0,1.0,1.0,0.98975,0.0145,0.007,0.9994,0.9849,-0.007500000000000001,0.0145,0.9919,-0.008099999999999996,0.008099999999999996,0.05,1,0.9870333333333333,0.012433333333333334,0.009186666666666668,0.9785654800460021,0.012326666578540367,0.00910785337545771,P,0.009302508622230173,0.7984226117002716,P,1,1,P
2925a43a1ee57389d741,83,0.99,0.99,2,3,64,nested,1.0,1.0,1.0,1.0,0.99925,0.9462,0.9961,1.0,0.05379999999999996,0.049899999999999944,0.9462,1.0499,0.049900000000000055,0.049900000000000055,0.05,1,0.036333333333333336,0.03311666666666667,0.9794111111111111,0.034640747901162644,0.031573929394316594,0.9337853227045209,Y,0.03114294997801801,0.7620593466231286,Y,1,1,Y
2949330725ded3cbcdc5,97,0.9,0.9,3,5,64,independent,-1.9274705288631186e-17,1.0,1.0,1.0,0.9995,0.9615,1.0,1.0,0.03849999999999998,0.03849999999999998,0.9615,1.0385,0.03849999999999998,0.03849999999999998,0.05,1,0.024666666666666667,0.025833333333333337,0.9871666666666666,0.023771281721811754,0.0248955991005461,0.9513331191776421,Y,0.02222798536380058,0.778705272363292,Y,1,1,Y
29b38448b9de06d4533e,53,0.9,0.95,2,5,16,independent,-1.3265761976790368e-17,1.0,1.0,1.0,0.9525,0.0,0.8581,0.3101,0.3101,0.8581,0.0,1.1682,0.1681999999999999,0.1681999999999999,0.05,0,0.25203333333333333,0.8035833333333333,0.19124666666666668,0.20213388796954493,0.6444838915786013,0.15338222045185387,Q,0.19689051102918426,0.43879746798777547,Q,1,0,mixture_or_unresolved
29fe3e6d645798482a0a,11,0.99,0.99,2,3,64,nested,1.0,1.0,1.0,1.0,0.99975,0.9153,0.9237,1.0,0.0847,0.008399999999999963,0.9153,1.0084,0.008399999999999963,0.008399999999999963,0.05,1,0.08123333333333334,0.050216666666666666,0.9219555555555554,0.07711496574601953,0.04767078206663045,0.8752142521873499,Y,0.06581737359289468,0.6849590645030275,Y,1,1,Y
2a13baf9503f2280b7bf,37,0.9,0.99,3,3,64,nested,0.3015113445777637,1.0,1.0,1.0,1.0,1.0,1.0,1.0,0.0,0.0,1.0,1.0,0.0,0.0,0.05,1,0.0,0.0,1.0,0.0,0.0,1.0,Y,0.0,0.816496580927726,Y,1,1,Y
2afc0390b016ff831168,97,0.9,0.95,3,5,64,nested,0.6882472016116853,1.0,1.0,1.0,0.9995,0.9906,1.0,0.6728,-0.3178000000000001,0.009399999999999964,0.9906,0.6821999999999999,-0.3178000000000001,0.3178000000000001,0.05,0,0.21203333333333335,0.11622222222222221,0.7789333333333334,0.19150601623731772,0.10497054602747698,0.7035234377352052,Y,0.18898694840296956,0.5023760049965695,Y,1,0,mixture_or_unresolved
2b4ae533755b8e2f7c4c,11,0.99,0.9,3,3,64,independent,0.0,1.0,1.0,1.0,0.9985,0.3297,0.8031,1.0,0.6703,0.47340000000000004,0.3297,1.4733999999999998,0.4733999999999998,0.4733999999999998,0.05,0,0.5104333333333333,0.3207777777777778,0.6468111111111111,0.3453488896573499,0.21703176918103773,0.4376193411616124,Y,0.4033491870162461,0.09787321870799925,Y,1,0,mixture_or_unresolved
2b9b172cc24f75da8eac,83,0.99,0.95,3,3,64,nested,0.43808582711518057,1.0,1.0,1.0,0.99925,0.9288,0.9366,1.0,0.07120000000000004,0.007800000000000029,0.9288,1.0078,0.007800000000000029,0.007800000000000029,0.05,1,0.06956666666666667,0.04428888888888889,0.9322444444444444,0.06650097186374788,0.04233714643809281,0.8911618816981592,Y,0.05504240789306613,0.7065106106158227,Y,1,1,Y
2ba16f75dd69cf54e61f,71,0.99,0.9,3,3,16,independent,0.0,1.0,1.0,1.0,1.0,1.0,1.0,1.0,0.0,0.0,1.0,1.0,0.0,0.0,0.05,1,0.0,0.0,1.0,0.0,0.0,1.0,Y,0.0,0.816496580927726,Y,1,1,Y
2bb3dee35e0264d8e689,11,0.9,0.95,2,3,16,independent,-1.3265761976790368e-17,1.0,1.0,1.0,1.0,1.0,1.0,1.0,0.0,0.0,1.0,1.0,0.0,0.0,0.05,1,0.0,0.0,1.0,0.0,0.0,1.0,Y,0.0,0.816496580927726,Y,1,1,Y
2bbf3f8256149af67ddf,67,0.99,0.95,3,3,64,nested,0.43808582711518057,1.0,1.0,1.0,0.99975,0.9659,0.9644,1.0,0.03410000000000002,-0.0014999999999999458,0.9659,0.9985,-0.0014999999999999458,0.0014999999999999458,0.05,1,0.03443333333333333,0.022733333333333335,0.9645777777777778,0.03370053394521352,0.02224952967147689,0.9440499363833097,Y,0.02846149445596043,0.7595804185579773,Y,1,1,Y
2c7319ced561aa1264f7,23,0.99,0.99,2,3,16,independent,0.0,1.0,1.0,1.0,0.988,0.0,0.5148,0.4827,0.4827,0.5148,0.0,0.9975,-0.0024999999999999467,0.0024999999999999467,0.05,1,0.4845,0.51675,0.11701111111111111,0.4332619592919562,0.4621013776349193,0.10463666307312444,Q,0.39514483842425846,0.026209458258869445,Q,1,0,mixture_or_unresolved
2ca1bbe5534dd77b84d3,41,0.99,0.95,3,5,64,independent,0.0,1.0,1.0,1.0,0.98725,0.0008,0.0871,0.9289,0.9280999999999999,0.0863,0.0008,1.0151999999999999,0.01519999999999988,0.01519999999999988,0.05,1,0.925,0.08132222222222223,0.05997333333333333,0.8674893139904923,0.0762661175867437,0.056244568422763735,P,0.06491599700125285,0.6870242178208211,P,1,1,P
2cbc8d52d03945959a9e,97,0.9,0.95,3,3,16,nested,0.6882472016116853,1.0,1.0,1.0,1.0,1.0,1.0,1.0,0.0,0.0,1.0,1.0,0.0,0.0,0.05,1,0.0,0.0,1.0,0.0,0.0,1.0,Y,0.0,0.816496580927726,Y,1,1,Y
2d3e33e60d5e45fae6c2,53,0.99,0.99,2,5,16,independent,0.0,1.0,1.0,1.0,0.99175,0.0,0.3905,0.6128,0.6128,0.3905,0.0,1.0033,0.0033000000000000806,0.0033000000000000806,0.05,1,0.6113333333333334,0.38671666666666665,0.15565333333333334,0.5298878105578846,0.33519593425230626,0.13491625518980904,P,0.3174975537963508,0.18150615026471795,P,1,0,mixture_or_unresolved
2d4360cd3526824e5c96,83,0.99,0.95,2,3,64,nested,0.43808582711518057,1.0,1.0,1.0,0.99825,0.9326,0.9751,1.0,0.06740000000000002,0.04249999999999998,0.9326,1.0425,0.04249999999999998,0.04249999999999998,0.05,1,0.05313333333333334,0.037316666666666665,0.9599111111111112,0.05058577737815038,0.03552746409964827,0.9138867585222015,Y,0.0414840129849239,0.7375244957405371,Y,1,1,Y
2d497eb845bdd345a111,83,0.9,0.95,3,3,16,nested,0.6882472016116853,1.0,1.0,1.0,1.0,1.0,1.0,1.0,0.0,0.0,1.0,1.0,0.0,0.0,0.05,1,0.0,0.0,1.0,0.0,0.0,1.0,Y,0.0,0.816496580927726,Y,1,1,Y
2d91453dd5a69ffc4c9a,97,0.99,0.99,2,5,64,independent,0.0,1.0,1.0,1.0,0.98875,0.0,0.4626,0.5361,0.5361,0.4626,0.0,0.9987,-0.0012999999999999678,0.0012999999999999678,0.05,1,0.5366333333333333,0.46141666666666664,0.14631999999999998,0.468933416057161,0.40320583960315864,0.12786074433968034,P,0.378242413451127,0.06001244771225284,P,1,0,mixture_or_unresolved
2da758f7ff6f9516e6e1,53,0.9,0.99,3,5,64,nested,0.3015113445777637,1.0,1.0,1.0,0.98875,0.0108,0.9999,0.0017,-0.0091,0.9891,0.0108,0.9908,-0.009199999999999986,0.009199999999999986,0.05,1,0.0081,0.9913777777777778,0.004846666666666667,0.008065122824408225,0.9871090794032914,0.00482579777230023,Q,0.006312421616675067,0.8050895626056954,Q,1,1,Q
2daba0a81dec2056bf07,101,0.99,0.95,3,3,16,nested,0.43808582711518057,1.0,1.0,1.0,0.99975,0.9957,1.0,1.0,0.0042999999999999705,0.0042999999999999705,0.9957,1.0043,0.0042999999999999705,0.0042999999999999705,0.05,1,0.0024666666666666665,0.002788888888888889,0.9985666666666666,0.0024572744177809264,0.0027782697246081646,0.9947644558576109,Y,0.0024826061575153736,0.8122603983128104,Y,1,1,Y
2dcfc7427689458aa8d8,11,0.9,0.95,2,3,16,nested,0.6882472016116853,1.0,1.0,1.0,1.0,1.0,1.0,0.9919,-0.008099999999999996,0.0,1.0,0.9919,-0.008099999999999996,0.008099999999999996,0.05,1,0.005966666666666666,0.0026999999999999997,0.9939111111111111,0.005951325472116322,0.002693057895203475,0.9913556166326801,Y,0.004676537180435966,0.8085199560895896,Y,1,1,Y
2e50543221808af046a0,37,0.9,0.9,2,5,64,independent,-1.9274705288631186e-17,1.0,1.0,1.0,0.99975,0.9961,1.0,1.0,0.0039000000000000146,0.0039000000000000146,0.9961,1.0039,0.0039000000000000146,0.0039000000000000146,0.05,1,0.0024666666666666665,0.00295,0.9987,0.0024565538533038987,0.0029379056218566896,0.9946055405248393,Y,0.002251666049839549,0.812654301940742,Y,1,1,Y
2f28bed99322e20fd016,101,0.99,0.9,2,3,64,independent,0.0,1.0,1.0,1.0,0.99875,0.3264,0.9347,1.0,0.6736,0.6083,0.3264,1.6082999999999998,0.6082999999999998,0.6082999999999998,0.05,0,0.4713,0.40575,0.730011111111111,0.29326825018754044,0.2524795088342765,0.45425224097818306,Y,0.3907262682066137,0.18087996280677665,Y,1,0,mixture_or_unresolved
2f7c2c0b71ffbadacf17,53,0.99,0.9,2,3,16,independent,0.0,1.0,1.0,1.0,0.99675,0.0823,0.7419,0.9999,0.9176,0.6596,0.0823,1.6595,0.6595,0.6595,0.05,0,0.6970999999999999,0.44559999999999994,0.5226777777777778,0.4185837047316592,0.26756691841690905,0.3138493768514318,P,0.4309636140866961,0.11942682611613548,P,1,0,mixture_or_unresolved
2fc7adb1ecb84760c5c8,97,0.9,0.99,2,3,16,nested,0.3015113445777637,1.0,1.0,1.0,0.9985,0.8333,1.0,0.0078,-0.8255,0.16669999999999996,0.8333,0.1745,-0.8255,0.8255,0.05,0,0.5503333333333333,0.44401666666666667,0.2834111111111111,0.43070127001656544,0.34749583690222047,0.2218028930812141,Q,0.48112705529135785,0.09974864282887391,P,0,0,mixture_or_unresolved
2fdb94519a92e3148d92,23,0.99,0.95,2,3,16,independent,0.0,1.0,1.0,1.0,0.98675,0.0,0.1155,0.913,0.913,0.1155,0.0,1.0285,0.02849999999999997,0.02849999999999997,0.05,1,0.9034,0.10491666666666667,0.06882222222222223,0.8387033550816205,0.09740309977564021,0.06389354514273926,P,0.08348502859794682,0.6504335068449637,P,1,0,mixture_or_unresolved
300de1265d5280c2ed09,53,0.99,0.99,3,5,64,independent,0.0,1.0,1.0,1.0,0.99075,0.0001,0.3213,0.7428,0.7427,0.3212,0.0001,1.064,0.06400000000000006,0.06400000000000006,0.05,0,0.7178666666666667,0.2977444444444444,0.13771999999999998,0.6224289449497976,0.2581604203476307,0.11941063470257167,P,0.23761701678681738,0.3432976470551852,P,1,0,mixture_or_unresolved
3011c1d45dba261f7bf4,11,0.99,0.9,3,3,16,independent,0.0,1.0,1.0,1.0,0.999,0.6431,0.8809,1.0,0.3569,0.2378,0.6431,1.2378,0.2378,0.2378,0.05,0,0.27613333333333334,0.1734,0.8018777777777778,0.22065756878901155,0.13856357711738748,0.640778854093601,Y,0.21722677858250658,0.4124722024129105,Y,1,0,mixture_or_unresolved
30592f617cf6d972a25d,83,0.99,0.99,2,5,16,nested,1.0,1.0,1.0,1.0,0.99,0.0,0.0094,0.991,0.991,0.0094,0.0,1.0004,0.00039999999999995595,0.00039999999999995595,0.05,1,0.9915333333333334,0.00905,0.007313333333333334,0.9837648700759668,0.00897909507919132,0.007256034844841899,P,0.007513543327441014,0.8014712855373117,P,1,1,P
309561e8dfd484d929bc,71,0.99,0.95,2,5,64,nested,0.43808582711518057,1.0,1.0,1.0,0.99,0.0498,0.049,0.9982,0.9484,-0.0007999999999999952,0.0498,0.9974,-0.0026000000000000467,0.0026000000000000467,0.05,1,0.9491333333333333,0.034666666666666665,0.049593333333333336,0.9184627989342555,0.03354643923901193,0.047990761826732654,P,0.040349638577480876,0.7358127756976072,P,1,1,P
30c1db75f0ad096a8b0f,101,0.99,0.95,3,3,16,independent,0.0,1.0,1.0,1.0,0.999,0.1762,0.7862,0.9992,0.823,0.61,0.1762,1.6091999999999997,0.6091999999999997,0.6091999999999997,0.05,0,0.6201333333333333,0.40593333333333337,0.5831222222222222,0.3853701312600551,0.2522595924793029,0.362370276260642,P,0.46517291408679423,0.02620525663985357,P,1,0,mixture_or_unresolved
31150e598e15302906d3,23,0.99,0.95,2,3,16,nested,0.43808582711518057,1.0,1.0,1.0,0.99925,0.9894,0.9955,1.0,0.010600000000000054,0.006100000000000105,0.9894,1.0061,0.006099999999999994,0.006099999999999994,0.05,1,0.008533333333333334,0.009683333333333334,0.9933333333333334,0.0084358987033101,0.009572767864498375,0.9819913334321915,Y,0.006648558741060618,0.8036872996123343,Y,1,1,Y
319364cd3c10ecdd726e,97,0.99,0.9,3,5,16,nested,0.30151134457776363,1.0,1.0,1.0,0.99,0.0,0.0,1.0,1.0,0.0,0.0,1.0,0.0,0.0,0.05,1,1.0,0.0,0.0,1.0,0.0,0.0,P,0.0,0.816496580927726,P,1,1,P
319b1e61b33dea311ab0,83,0.99,0.99,3,3,64,independent,0.0,1.0,1.0,1.0,0.99775,0.0238,0.8295,0.9862,0.9623999999999999,0.8057,0.0238,1.7919,0.7919,0.7919,0.05,0,0.6969333333333333,0.5389555555555556,0.5497333333333333,0.39030278894378556,0.30183067215909803,0.3078665388971165,P,0.47917537847152925,0.09302130391428576,P,1,0,mixture_or_unresolved
31f4e83810141df4d1e9,67,0.99,0.95,3,5,64,nested,0.43808582711518057,1.0,1.0,1.0,0.99,0.085,0.0909,0.9994,0.9144,0.005899999999999989,0.085,1.0053,0.005300000000000082,0.005300000000000082,0.05,1,0.9128333333333334,0.05807777777777778,0.0881,0.8619676637533968,0.05484151881734532,0.0831908174292579,P,0.07185209345129294,0.6728375891234916,P,1,1,P
3255eb1348991246bb42,37,0.99,0.9,3,5,64,nested,0.30151134457776363,1.0,1.0,1.0,0.98975,0.011,0.0099,0.9997,0.9887,-0.0010999999999999985,0.011,0.9986,-0.0013999999999999568,0.0013999999999999568,0.05,1,0.9884,0.010488888888888888,0.010446666666666667,0.9792580817743687,0.010391874962846846,0.010350043262784539,P,0.008545954208473932,0.799418380812984,P,1,1,P
3264aca59ef7001233c6,67,0.9,0.99,3,5,64,independent,0.0,1.0,1.0,1.0,0.98675,0.0013,0.953,0.0944,0.0931,0.9517,0.0013,1.0461,0.04610000000000003,0.04610000000000003,0.05,1,0.07703333333333333,0.9368333333333333,0.05941333333333334,0.07177375273305506,0.8728694593520174,0.05535678791492746,Q,0.06088801195637777,0.6981293462114049,Q,1,1,Q
328f0df05e5ed9e4fc7f,53,0.99,0.99,2,5,64,independent,0.0,1.0,1.0,1.0,0.99025,0.0001,0.4758,0.5228,0.5227,0.4757,0.0001,0.9985,-0.0014999999999999458,0.0014999999999999458,0.05,1,0.5274,0.47441666666666665,0.15152,0.45728191537018675,0.4113427417839833,0.1313753428458299,P,0.3890610449102643,0.038375301227964786,P,1,0,mixture_or_unresolved
328f7ae9cc7d83142bb4,37,0.9,0.99,2,5,16,nested,0.3015113445777637,1.0,1.0,1.0,0.99,0.0,1.0,0.0,0.0,1.0,0.0,1.0,0.0,0.0,0.05,1,0.0,1.0,0.0,0.0,1.0,0.0,Q,0.0,0.816496580927726,Q,1,1,Q
32aee8b8d890f03dca84,37,0.99,0.99,2,5,16,independent,0.0,1.0,1.0,1.0,0.99,0.0,0.4615,0.5504,0.5504,0.4615,0.0,1.0119,0.011900000000000022,0.011900000000000022,0.05,1,0.5456,0.4570166666666667,0.11838666666666665,0.4867068489240293,0.40768537708778746,0.10560777398818319,P,0.3719867425953063,0.07258136617244298,P,1,0,mixture_or_unresolved
32e17a1befdf44cb54dd,83,0.99,0.99,3,5,16,nested,1.0,1.0,1.0,1.0,0.99,0.0,0.0003,1.0,1.0,0.0003,0.0,1.0003,0.00029999999999996696,0.00029999999999996696,0.05,1,0.9998333333333334,0.00025555555555555553,0.00021333333333333333,0.9995312527769386,0.0002554783443226047,0.00021326887873887005,P,0.00017320508075688773,0.8162009105467946,P,1,1,P
330f1395f76a5b01f581,53,0.99,0.99,2,5,16,nested,1.0,1.0,1.0,1.0,0.99,0.0,0.0076,0.9923,0.9923,0.0076,0.0,0.9999,-9.999999999998899e-05,9.999999999998899e-05,0.05,1,0.9926333333333333,0.007683333333333333,0.008253333333333333,0.9841987500454441,0.007618046673342787,0.008183203281213337,P,0.006246332257146338,0.8040040508549712,P,1,1,P
331060b3dee64a2ce8c1,71,0.99,0.99,2,3,16,nested,1.0,1.0,1.0,1.0,1.0,1.0,1.0,1.0,0.0,0.0,1.0,1.0,0.0,0.0,0.05,1,0.0,3.3333333333333335e-05,1.0,0.0,3.333222225925803e-05,0.9999666677777408,Y,0.0,0.816496580927726,Y,1,1,Y
334685ecd28348866022,11,0.99,0.95,2,5,64,nested,0.43808582711518057,1.0,1.0,1.0,0.9895,0.0111,0.0037,0.9982,0.9871,-0.0074,0.0111,0.9908,-0.009199999999999986,0.009199999999999986,0.05,1,0.9904333333333333,0.009433333333333334,0.007153333333333334,0.9835289600338956,0.009367572971076378,0.007103466995028237,P,0.0068347153074091805,0.8036260877752157,P,1,1,P
33b90a17350478bb9000,37,0.9,0.9,2,3,64,independent,-1.9274705288631186e-17,1.0,1.0,1.0,1.0,1.0,1.0,1.0,0.0,0.0,1.0,1.0,0.0,0.0,0.05,1,0.0,0.0,1.0,0.0,0.0,1.0,Y,0.0,0.816496580927726,Y,1,1,Y
3441154ba30faaf224e0,83,0.9,0.99,2,3,64,nested,0.3015113445777637,1.0,1.0,1.0,1.0,0.9947,1.0,0.3433,-0.6514,0.005299999999999971,0.9947,0.3486,-0.6514,0.6514,0.05,0,0.4287666666666667,0.22313333333333332,0.5633777777777778,0.35281371428571434,0.18360685714285715,0.4635794285714286,Y,0.3791582695040863,0.22837306850792655,Y,1,0,mixture_or_unresolved
345b215f16d302e3dec6,101,0.9,0.95,3,3,16,independent,-1.3265761976790368e-17,1.0,1.0,1.0,1.0,1.0,1.0,1.0,0.0,0.0,1.0,1.0,0.0,0.0,0.05,1,0.0,0.0,1.0,0.0,0.0,1.0,Y,0.0,0.816496580927726,Y,1,1,Y
345edca75f08b72c685e,23,0.99,0.99,2,5,16,independent,0.0,1.0,1.0,1.0,0.99025,0.0,0.5228,0.4728,0.4728,0.5228,0.0,0.9956,-0.0043999999999999595,0.0043999999999999595,0.05,1,0.4753,0.5253,0.10896,0.4283680017304157,0.4734309095497315,0.09820108871985293,Q,0.3878400357535737,0.04082443287739029,Q,1,0,mixture_or_unresolved
34de4e51d5879c514a57,83,0.99,0.99,3,3,16,independent,0.0,1.0,1.0,1.0,1.0,0.9993,1.0,1.0,0.0007000000000000339,0.0007000000000000339,0.9993,1.0007000000000001,0.000700000000000145,0.000700000000000145,0.05,1,0.0003333333333333333,0.00030000000000000003,0.9996666666666667,0.00033323336332433606,0.00029991002699190244,0.9993668566096838,Y,0.00040414518843275764,0.8158067119638923,Y,1,1,Y
351b1634fb5c0c9c9b27,71,0.99,0.99,2,5,64,independent,0.0,1.0,1.0,1.0,0.99025,0.0,0.4353,0.5765,0.5765,0.4353,0.0,1.0118,0.011800000000000033,0.011800000000000033,0.05,1,0.5689,0.4343166666666667,0.16025333333333333,0.4889683446930303,0.37329425482966183,0.13773740047730781,P,0.35063672559122117,0.11528112839879995,P,1,0,mixture_or_unresolved
352c4856ac6e6572d78b,11,0.99,0.95,3,5,64,nested,0.43808582711518057,1.0,1.0,1.0,0.98775,0.0105,0.0103,0.9985,0.9880000000000001,-0.00020000000000000052,0.0105,0.9983000000000001,-0.0016999999999999238,0.0016999999999999238,0.05,1,0.9880333333333333,0.011988888888888887,0.011346666666666666,0.976926761528929,0.01185412070768771,0.011219117763383402,P,0.008536002186816338,0.7994694825305421,P,1,1,P
35b53f1a05a87ec4d898,41,0.99,0.9,3,5,64,independent,0.0,1.0,1.0,1.0,0.98825,0.0026,0.0651,0.9763,0.9736999999999999,0.0625,0.0026,1.0388,0.038799999999999946,0.038799999999999946,0.05,1,0.9607666666666667,0.05174444444444445,0.04662666666666667,0.9071215160340067,0.048855253329752504,0.04402323063624081,P,0.04002690761641891,0.7404017053905619,P,1,1,P
368b28d18ddd214288d4,83,0.9,0.95,3,5,64,independent,-1.3265761976790368e-17,1.0,1.0,1.0,0.99575,0.6478,1.0,0.988,0.34019999999999995,0.35219999999999996,0.6478,1.3401999999999998,0.34019999999999984,0.34019999999999984,0.05,0,0.23093333333333335,0.24280000000000002,0.8741066666666667,0.1713358657803102,0.1801400759734093,0.6485240582462805,Y,0.20346075788711687,0.4786411015639967,Y,1,0,mixture_or_unresolved
36bb59aefb13c615aad8,37,0.9,0.99,3,3,16,nested,0.3015113445777637,1.0,1.0,1.0,1.0,1.0,1.0,1.0,0.0,0.0,1.0,1.0,0.0,0.0,0.05,1,0.0,0.0,1.0,0.0,0.0,1.0,Y,0.0,0.816496580927726,Y,1,1,Y
3712f76605440ced2254,71,0.9,0.9,2,3,64,nested,0.9999999999999999,1.0,1.0,1.0,1.0,1.0,1.0,1.0,0.0,0.0,1.0,1.0,0.0,0.0,0.05,1,0.0,0.0,1.0,0.0,0.0,1.0,Y,0.0,0.816496580927726,Y,1,1,Y
3768df2cd73e04cea341,71,0.99,0.99,2,3,64,nested,1.0,1.0,1.0,1.0,1.0,0.9785,0.9946,1.0,0.021499999999999964,0.016100000000000003,0.9785,1.0161,0.016100000000000003,0.016100000000000003,0.05,1,0.0162,0.012950000000000001,0.9888444444444444,0.01591364283804212,0.012721091034113919,0.9713652661278439,Y,0.012798567628189206,0.7927429500272739,Y,1,1,Y
3797f468900063797ede,23,0.99,0.95,3,5,64,nested,0.43808582711518057,1.0,1.0,1.0,0.98725,0.0061,0.005,0.9976,0.9915,-0.0011000000000000003,0.0061,0.9965,-0.0034999999999999476,0.0034999999999999476,0.05,1,0.9905666666666667,0.0084,0.00678,0.9849067359573651,0.008352003818058888,0.006741260224576103,P,0.004759901959774654,0.8072064294440179,P,1,1,P
37b5e4fdaf7008413192,37,0.99,0.95,2,3,64,nested,0.43808582711518057,1.0,1.0,1.0,0.99925,0.9407,0.963,1.0,0.05930000000000002,0.022299999999999986,0.9407,1.0223,0.022299999999999986,0.022299999999999986,0.05,1,0.0515,0.03751666666666667,0.9552222222222222,0.04931821688310997,0.03592728356112639,0.9147544995557636,Y,0.04035463624748299,0.7368809543769641,Y,1,1,Y
3900ac672475e90d831e,37,0.99,0.9,2,3,16,independent,0.0,1.0,1.0,1.0,0.9975,0.1017,0.8155,1.0,0.8983,0.7138,0.1017,1.7137999999999998,0.7137999999999998,0.7137999999999998,0.05,0,0.6617,0.4807666666666666,0.5771333333333334,0.38479879041637594,0.27958052260215555,0.33562068698146863,P,0.47447625160099777,0.0549835800513509,P,1,0,mixture_or_unresolved
3909bb563f62c4d272a3,53,0.99,0.95,2,3,64,independent,0.0,1.0,1.0,1.0,0.999,0.0601,0.8935,0.9998,0.9397,0.8333999999999999,0.0601,1.8332,0.8331999999999999,0.8331999999999999,0.05,0,0.6614333333333333,0.55455,0.6155555555555556,0.3611352930292377,0.30277817378828364,0.3360865331824786,P,0.5170281423675117,0.029095866748854893,P,1,0,mixture_or_unresolved
394013b7ee8d9413fdef,67,0.99,0.9,2,3,64,nested,0.30151134457776363,1.0,1.0,1.0,1.0,0.9906,0.9841,1.0,0.009399999999999964,-0.006500000000000061,0.9906,0.9934999999999999,-0.006500000000000061,0.006500000000000061,0.05,1,0.011266666666666668,0.0095,0.9859333333333333,0.011191682394622697,0.009436773616767657,0.9793715439886097,Y,0.01066411427795733,0.795508152258999,Y,1,1,Y
399218c1b2be1ed5e617,23,0.99,0.99,2,3,64,nested,1.0,1.0,1.0,1.0,0.998,0.8084,0.8996,1.0,0.1916,0.09119999999999995,0.8084,1.0912,0.09119999999999995,0.09119999999999995,0.05,0,0.16176666666666667,0.11235,0.8668111111111111,0.1417851943106731,0.0984724907117502,0.7597423149775767,Y,0.12488757611014263,0.5733938189353408,Y,1,0,mixture_or_unresolved
3a0b4ca3aaac5220f789,97,0.99,0.99,3,5,64,nested,1.0,1.0,1.0,1.0,0.98825,0.0124,0.0084,0.9976,0.9852000000000001,-0.004,0.0124,0.9936,-0.006399999999999961,0.006399999999999961,0.05,1,0.9864666666666667,0.012411111111111112,0.010813333333333335,0.9769984659774937,0.012291988088766423,0.010709545933739913,P,0.008757472999292276,0.7992503817480074,P,1,1,P
3a13a9ee12ff8eb29dd1,53,0.9,0.95,3,3,64,nested,0.6882472016116853,1.0,1.0,1.0,1.0,1.0,1.0,1.0,0.0,0.0,1.0,1.0,0.0,0.0,0.05,1,0.0,0.0,1.0,0.0,0.0,1.0,Y,0.0,0.816496580927726,Y,1,1,Y
3a7fd9255c73a22bdc48,37,0.99,0.99,3,5,16,independent,0.0,1.0,1.0,1.0,0.99025,0.0,0.4432,0.5595,0.5595,0.4432,0.0,1.0027,0.0026999999999999247,0.0026999999999999247,0.05,1,0.5594666666666667,0.44289999999999996,0.13144666666666666,0.49343807328660805,0.390628674914154,0.11593325179923795,P,0.3607706981819154,0.09495820149419693,P,1,0,mixture_or_unresolved
3b09769597fd05f2af61,71,0.99,0.9,3,5,16,independent,0.0,1.0,1.0,1.0,0.98875,0.0,0.0234,0.9771,0.9771,0.0234,0.0,1.0005,0.0004999999999999449,0.0004999999999999449,0.05,1,0.9780666666666666,0.0235,0.01916666666666667,0.9581999869374958,0.023022663444582325,0.018777349617921754,P,0.01890299799855393,0.7786917132008957,P,1,1,P
3b37c1e2565d76ab108e,67,0.9,0.9,3,3,64,independent,-1.9274705288631186e-17,1.0,1.0,1.0,1.0,1.0,1.0,1.0,0.0,0.0,1.0,1.0,0.0,0.0,0.05,1,0.0,0.0,1.0,0.0,0.0,1.0,Y,0.0,0.816496580927726,Y,1,1,Y
3b4133bfdc8c03483f83,97,0.99,0.95,3,3,16,independent,0.0,1.0,1.0,1.0,0.9995,0.9302,0.9665,1.0,0.06979999999999997,0.0363,0.9302,1.0363,0.0363,0.0363,0.05,1,0.05733333333333333,0.042611111111111113,0.9540111111111111,0.05439824576199714,0.04042970397233702,0.9051720502656659,Y,0.044700074571153284,0.7297662556632001,Y,1,1,Y
3b944f03c5cc9cac0f8e,97,0.99,0.95,3,5,64,nested,0.43808582711518057,1.0,1.0,1.0,0.98875,0.0096,0.0079,0.9991,0.9894999999999999,-0.0016999999999999984,0.0096,0.9974,-0.0026000000000000467,0.0026000000000000467,0.05,1,0.9896333333333334,0.009744444444444444,0.008893333333333333,0.9815151127783092,0.009664508223096963,0.008820378998593852,P,0.007196758529597428,0.8021559416780025,P,1,1,P
3bd10efd4d8fd4b4f9a5,83,0.9,0.9,3,3,64,independent,-1.9274705288631186e-17,1.0,1.0,1.0,1.0,1.0,1.0,1.0,0.0,0.0,1.0,1.0,0.0,0.0,0.05,1,0.0,0.0,1.0,0.0,0.0,1.0,Y,0.0,0.816496580927726,Y,1,1,Y
3bf853fa4781b5709386,41,0.99,0.9,3,3,64,independent,0.0,1.0,1.0,1.0,0.99825,0.6504,0.7763,1.0,0.3496,0.1259,0.6504,1.1259000000000001,0.12590000000000012,0.12590000000000012,0.05,0,0.3073,0.1454888888888889,0.7319222222222223,0.2593881302521009,0.12280537214885955,0.6178064975990397,Y,0.23962599330345336,0.34508528872668953,Y,1,0,mixture_or_unresolved
3c42d798eb86579d40ae,67,0.9,0.95,3,5,16,independent,-1.3265761976790368e-17,1.0,1.0,1.0,0.9415,0.0,0.8188,0.1881,0.1881,0.8188,0.0,1.0069,0.006899999999999906,0.006899999999999906,0.05,1,0.18903333333333333,0.8160888888888889,0.10214,0.17072137885635844,0.73703308259812,0.09224553854552169,Q,0.15079240697064292,0.5149440398810123,Q,1,0,mixture_or_unresolved
3c4428e55e4f9de0d98c,53,0.9,0.95,2,5,64,independent,-1.3265761976790368e-17,1.0,1.0,1.0,0.99875,0.7646,1.0,0.9993,0.23470000000000002,0.23540000000000005,0.7646,1.2347000000000001,0.23470000000000013,0.23470000000000013,0.05,0,0.15513333333333335,0.15898333333333334,0.92122,0.12557980145763234,0.12869636077614469,0.745723837766223,Y,0.13590885426147437,0.5905468452366666,Y,1,0,mixture_or_unresolved
3c57280b5a474b5d9501,101,0.9,0.9,2,3,64,independent,-1.9274705288631186e-17,1.0,1.0,1.0,1.0,1.0,1.0,1.0,0.0,0.0,1.0,1.0,0.0,0.0,0.05,1,0.0,0.0,1.0,0.0,0.0,1.0,Y,0.0,0.816496580927726,Y,1,1,Y
3cc257f3dd3ad9a09d2e,53,0.99,0.9,2,5,64,nested,0.30151134457776363,1.0,1.0,1.0,0.991,0.0613,0.0165,1.0,0.9387,-0.0448,0.0613,0.9552,-0.04479999999999995,0.04479999999999995,0.05,1,0.9515666666666667,0.037866666666666667,0.030733333333333335,0.932756085606927,0.037118117954582586,0.030125796438490445,P,0.03665123917868717,0.7482967293729444,P,1,1,P
3d26a31d4b4908c81f03,101,0.9,0.95,3,3,64,independent,-1.3265761976790368e-17,1.0,1.0,1.0,1.0,1.0,1.0,1.0,0.0,0.0,1.0,1.0,0.0,0.0,0.05,1,0.0,0.0,1.0,0.0,0.0,1.0,Y,0.0,0.816496580927726,Y,1,1,Y
3d5308ecca74daf69d54,37,0.9,0.9,2,5,16,independent,-1.9274705288631186e-17,1.0,1.0,1.0,0.92275,0.0,0.5972,0.6051,0.6051,0.5972,0.0,1.2023,0.20229999999999992,0.20229999999999992,0.05,0,0.5411666666666667,0.5305833333333333,0.22353333333333333,0.4177979077936616,0.40962723728399186,0.17257485492234645,P,0.41335773449479163,0.006322242789487897,P,1,0,mixture_or_unresolved
3d801803b44d383611c6,53,0.9,0.9,3,5,64,nested,0.9999999999999999,1.0,1.0,1.0,1.0,1.0,1.0,1.0,0.0,0.0,1.0,1.0,0.0,0.0,0.05,1,0.0,0.0,1.0,0.0,0.0,1.0,Y,0.0,0.816496580927726,Y,1,1,Y
3de6a48cb628847b9061,23,0.9,0.99,3,3,64,independent,0.0,1.0,1.0,1.0,0.99975,0.9311,1.0,1.0,0.06889999999999996,0.06889999999999996,0.9311,1.0689,0.06889999999999996,0.06889999999999996,0.05,0,0.0457,0.04571111111111111,0.9770333333333334,0.042772462562396,0.0427828618968386,0.9144446755407654,Y,0.03977943354716519,0.74909047757042,Y,1,1,Y
3e03ef7e025992f3cbd2,97,0.9,0.99,3,5,16,nested,0.3015113445777637,1.0,1.0,1.0,0.99,0.0,1.0,0.0,0.0,1.0,0.0,1.0,0.0,0.0,0.05,1,0.0,1.0,1.3333333333333335e-05,0.0,0.999986666844442,1.3333155557925894e-05,Q,0.0,0.816496580927726,Q,1,1,Q
3e0f7f016ac4a3eb201a,23,0.9,0.95,2,3,16,independent,-1.3265761976790368e-17,1.0,1.0,1.0,1.0,1.0,1.0,1.0,0.0,0.0,1.0,1.0,0.0,0.0,0.05,1,0.0,0.0,1.0,0.0,0.0,1.0,Y,0.0,0.816496580927726,Y,1,1,Y
3e1eed6c6cc2ddf880a2,23,0.99,0.95,3,5,64,independent,0.0,1.0,1.0,1.0,0.98625,0.0005,0.0949,0.9137,0.9132,0.0944,0.0005,1.0081,0.008099999999999996,0.008099999999999996,0.05,1,0.9084666666666666,0.09117777777777777,0.0615,0.8561197030459776,0.08592400238735956,0.057956294566662826,P,0.07405842288355864,0.6684719244199483,P,1,1,P
3e3b7365b39b040f8425,67,0.9,0.95,2,5,64,independent,-1.3265761976790368e-17,1.0,1.0,1.0,0.99875,0.7829,0.9998,0.9972,0.21429999999999993,0.21689999999999998,0.7829,1.2141,0.21409999999999996,0.21409999999999996,0.05,0,0.14253333333333335,0.14645,0.9253533333333334,0.11737546699020866,0.12060082184786756,0.7620237111619238,Y,0.12535322093987053,0.6066167898301519,Y,1,0,mixture_or_unresolved
3e3d0636219f78957afa,83,0.99,0.95,2,3,16,independent,0.0,1.0,1.0,1.0,0.99,0.0008,0.3175,0.9301,0.9293,0.3167,0.0008,1.2468,0.2467999999999999,0.2467999999999999,0.05,0,0.847,0.23328333333333334,0.1867888888888889,0.6684701827923516,0.18411210445778328,0.14741771274986518,P,0.18769913869452534,0.47835714020889186,P,1,0,mixture_or_unresolved
3e89b20dfe1798abd67e,37,0.99,0.95,2,5,16,nested,0.43808582711518057,1.0,1.0,1.0,0.99,0.0,0.0,1.0,1.0,0.0,0.0,1.0,0.0,0.0,0.05,1,1.0,0.0,1.3333333333333335e-05,0.999986666844442,0.0,1.3333155557925894e-05,P,0.0,0.816496580927726,P,1,1,P
3ea69f098a580610951e,71,0.99,0.9,2,3,64,nested,0.30151134457776363,1.0,1.0,1.0,1.0,0.9915,0.9921,1.0,0.008499999999999952,0.0005999999999999339,0.9915,1.0006,0.0005999999999999339,0.0005999999999999339,0.05,1,0.008700000000000001,0.006166666666666667,0.9919666666666667,0.008640953484522432,0.006124813772554213,0.9852342327429234,Y,0.006699751239163025,0.8031015947710792,Y,1,1,Y
3eb66b9855690ae9b195,101,0.9,0.95,2,5,64,nested,0.6882472016116853,1.0,1.0,1.0,0.9995,0.9852,1.0,0.1642,-0.821,0.014800000000000035,0.9852,0.17900000000000005,-0.821,0.821,0.05,0,0.5476333333333333,0.28841666666666665,0.43720000000000003,0.43010668237450095,0.22652006021336474,0.3433732574121343,Y,0.4826250028058361,0.09402644593363707,P,0,0,mixture_or_unresolved
3f7f39d26244e214c55c,101,0.9,0.99,2,3,64,independent,0.0,1.0,1.0,1.0,0.99825,0.1299,1.0,0.8564,0.7265,0.8701,0.1299,1.7265,0.7264999999999999,0.7264999999999999,0.05,0,0.4822,0.6282166666666666,0.615388888888889,0.2794057525471197,0.3640135846384136,0.3565806628144667,Q,0.5000983136677561,0.009049657620224805,Q,1,0,mixture_or_unresolved
3f91d2b08b7fb4256d9b,41,0.99,0.9,3,5,16,nested,0.30151134457776363,1.0,1.0,1.0,0.99,0.0001,0.0001,1.0,0.9999,0.0,0.0001,1.0,0.0,0.0,0.05,1,0.9999,0.00016666666666666666,0.00011333333333333334,0.9997200503909296,0.00016663667206569483,0.00011331293700467249,P,8.164965809277261e-05,0.8163332816115405,P,1,1,P
4021d59df0a11d25c5ef,83,0.99,0.95,3,3,64,independent,0.0,1.0,1.0,1.0,0.9985,0.4594,0.9148,1.0,0.5406,0.45539999999999997,0.4594,1.4554,0.4554,0.4554,0.05,0,0.3894333333333333,0.30314444444444444,0.7621222222222221,0.2677069728008066,0.20838966415373925,0.5239033630454542,Y,0.3159680363581101,0.27505012467136847,Y,1,0,mixture_or_unresolved
407ec9cabb72855c1bee,101,0.9,0.9,3,3,16,nested,0.9999999999999999,1.0,1.0,1.0,1.0,1.0,1.0,1.0,0.0,0.0,1.0,1.0,0.0,0.0,0.05,1,0.0,0.0,1.0,0.0,0.0,1.0,Y,0.0,0.816496580927726,Y,1,1,Y
408f430df9739f2716de,23,0.9,0.9,2,3,64,nested,0.9999999999999999,1.0,1.0,1.0,1.0,1.0,1.0,1.0,0.0,0.0,1.0,1.0,0.0,0.0,0.05,1,0.0,0.0,1.0,0.0,0.0,1.0,Y,0.0,0.816496580927726,Y,1,1,Y
40994bfa539089153b48,23,0.99,0.95,2,5,64,nested,0.43808582711518057,1.0,1.0,1.0,0.989,0.0109,0.0035,0.9959,0.985,-0.0074,0.0109,0.9885,-0.011499999999999955,0.011499999999999955,0.05,1,0.9885333333333334,0.009583333333333334,0.008346666666666665,0.9821851433567707,0.009521790825299149,0.00829306581793011,P,0.00702068372738724,0.8036062074294918,P,1,1,P
40d231f712f7f180d7a3,67,0.9,0.99,2,3,16,independent,0.0,1.0,1.0,1.0,0.99875,0.1879,1.0,0.8925,0.7045999999999999,0.8121,0.1879,1.7046,0.7045999999999999,0.7045999999999999,0.05,0,0.46773333333333333,0.5739000000000001,0.6577222222222222,0.2752415948529508,0.3377162584509161,0.3870421466961332,Y,0.47295618542665596,0.05362481815525577,Y,1,0,mixture_or_unresolved
40eaebe64c092f5e213c,11,0.99,0.95,2,5,64,independent,0.0,1.0,1.0,1.0,0.98425,0.0001,0.1345,0.8808,0.8807,0.13440000000000002,0.0001,1.0152,0.015200000000000102,0.015200000000000102,0.05,1,0.8746666666666667,0.1281,0.08362,0.805115428515323,0.11791381828446594,0.0769707532002111,P,0.10376078257222233,0.609190571542021,P,1,0,mixture_or_unresolved
4287a227cff725e3c03e,101,0.99,0.95,3,5,16,independent,0.0,1.0,1.0,1.0,0.98625,0.0,0.0873,0.9145,0.9145,0.0873,0.0,1.0018,0.0018000000000000238,0.0018000000000000238,0.05,1,0.9131,0.0855888888888889,0.05080666666666666,0.8700370336648506,0.0815524071882153,0.048410559146934075,P,0.07054913181606136,0.6754025064733566,P,1,1,P
42f1836cf46574ceef4f,71,0.9,0.99,3,3,16,independent,0.0,1.0,1.0,1.0,1.0,1.0,1.0,1.0,0.0,0.0,1.0,1.0,0.0,0.0,0.05,1,0.0,0.0,1.0,0.0,0.0,1.0,Y,0.0,0.816496580927726,Y,1,1,Y
431594efa8e70af55570,53,0.99,0.99,3,3,16,nested,1.0,1.0,1.0,1.0,0.99975,0.9915,0.9913,1.0,0.008499999999999952,-0.000200000000000089,0.9915,0.9997999999999999,-0.000200000000000089,0.000200000000000089,0.05,1,0.0093,0.008,0.9917333333333332,0.009216742096395891,0.007928380297974961,0.9828548776056292,Y,0.007022345287247936,0.8024523691623964,Y,1,1,Y
439642f15dd031f72a0c,97,0.99,0.95,2,5,64,independent,0.0,1.0,1.0,1.0,0.983,0.0008,0.1477,0.8514,0.8506,0.1469,0.0008,0.9983000000000001,-0.0016999999999999238,0.0016999999999999238,0.05,1,0.8516,0.14666666666666667,0.09286,0.7804776713977603,0.1344176355937899,0.08510469300844999,P,0.1209654082785653,0.5745674545922939,P,1,0,mixture_or_unresolved
43a411316ed1b292d23c,37,0.9,0.99,3,3,16,independent,0.0,1.0,1.0,1.0,1.0,1.0,1.0,1.0,0.0,0.0,1.0,1.0,0.0,0.0,0.05,1,0.0,0.0,1.0,0.0,0.0,1.0,Y,0.0,0.816496580927726,Y,1,1,Y
43f1677d79d8642c90db,97,0.9,0.9,2,5,16,independent,-1.9274705288631186e-17,1.0,1.0,1.0,0.9405,0.0,0.6893,0.72,0.72,0.6893,0.0,1.4093,0.4093,0.4093,0.05,0,0.5816666666666667,0.55205,0.34876666666666667,0.3923596667753432,0.3723819267220542,0.2352584065026026,P,0.42954801439032014,0.023197127310099763,P,1,0,mixture_or_unresolved
43fe7a2b6ba4e619d793,97,0.9,0.9,2,3,16,independent,-1.9274705288631186e-17,1.0,1.0,1.0,1.0,1.0,1.0,1.0,0.0,0.0,1.0,1.0,0.0,0.0,0.05,1,0.0,0.0,1.0,0.0,0.0,1.0,Y,0.0,0.816496580927726,Y,1,1,Y
4429da3810665d5507d9,37,0.99,0.9,2,5,64,nested,0.30151134457776363,1.0,1.0,1.0,0.99075,0.0622,0.0142,0.9996,0.9374,-0.048,0.0622,0.9516,-0.0484,0.0484,0.05,1,0.9536333333333333,0.03861666666666667,0.03074666666666667,0.9321959341672669,0.03774857526417486,0.030055490568558392,P,0.03683585210090843,0.7487150458893702,P,1,1,P
447133e0636f4d7a3fc0,11,0.99,0.99,2,5,64,independent,0.0,1.0,1.0,1.0,0.992,0.0,0.4237,0.5831,0.5831,0.4237,0.0,1.0068,0.006799999999999917,0.006799999999999917,0.05,1,0.5765333333333333,0.42078333333333334,0.14581333333333332,0.5043462539985245,0.36809753338057205,0.12755621262090341,P,0.3431847413080405,0.13014646760737986,P,1,0,mixture_or_unresolved
44b3e39eda86b3de124f,71,0.99,0.99,3,3,64,nested,1.0,1.0,1.0,1.0,0.99975,0.9858,0.9905,1.0,0.01419999999999999,0.0047000000000000375,0.9858,1.0047000000000001,0.0047000000000001485,0.0047000000000001485,0.05,1,0.012866666666666667,0.008144444444444445,0.9889666666666667,0.012739554225615525,0.008063983806024336,0.9791964619683601,Y,0.009863907271799867,0.7969594707567086,Y,1,1,Y
454d5bd84208a37f236f,11,0.99,0.95,3,5,16,nested,0.43808582711518057,1.0,1.0,1.0,0.98975,0.0002,0.0002,0.9999,0.9997,0.0,0.0002,0.9999,-9.999999999998899e-05,9.999999999998899e-05,0.05,1,0.9996,0.0003444444444444445,0.00036666666666666667,0.9992891100546497,0.00034433731727906875,0.00036655262807126673,P,0.00017320508075688561,0.8161600785724333,P,1,1,P
4597f0068ec61b7c0cc6,83,0.9,0.95,3,3,64,nested,0.6882472016116853,1.0,1.0,1.0,1.0,1.0,1.0,1.0,0.0,0.0,1.0,1.0,0.0,0.0,0.05,1,0.0,0.0,1.0,0.0,0.0,1.0,Y,0.0,0.816496580927726,Y,1,1,Y
45c88c681e1f67d390fe,67,0.99,0.95,2,3,16,independent,0.0,1.0,1.0,1.0,0.99525,0.0063,0.6592,0.973,0.9667,0.6529,0.0063,1.6259000000000001,0.6259000000000001,0.6259000000000001,0.05,0,0.7591666666666667,0.4433833333333333,0.4232,0.46696396534932594,0.27272540878568863,0.2603106258649854,P,0.3809257714218524,0.21430900858796303,P,1,0,mixture_or_unresolved
45d2ea25225ccc610e9f,101,0.9,0.9,3,5,16,independent,-1.9274705288631186e-17,1.0,1.0,1.0,0.90075,0.0,0.5468,0.439,0.439,0.5468,0.0,0.9858,-0.01419999999999999,0.01419999999999999,0.05,1,0.44293333333333335,0.5554777777777777,0.12772666666666666,0.39332073044150906,0.493259163078526,0.11342010647996495,Q,0.36428525452818794,0.0880093544749852,Q,1,0,mixture_or_unresolved
45f1ca5c860757710009,71,0.99,0.99,3,5,16,nested,1.0,1.0,1.0,1.0,0.99,0.0001,0.0,1.0,0.9999,-0.0001,0.0001,0.9999,-9.999999999998899e-05,9.999999999998899e-05,0.05,1,0.9999666666666667,5.555555555555556e-05,4e-05,0.9999044503897536,5.5552098980507885e-05,3.999751126596568e-05,P,5.773502691896258e-05,0.8163980220924324,P,1,1,P
464bfde3c085eeb05632,67,0.99,0.95,3,5,16,nested,0.43808582711518057,1.0,1.0,1.0,0.99,0.0,0.0,1.0,1.0,0.0,0.0,1.0,0.0,0.0,0.05,1,1.0,0.0,6.6666666666666675e-06,0.9999933333777774,0.0,6.666622222518517e-06,P,0.0,0.816496580927726,P,1,1,P
465c36ec4a01489fd1ef,23,0.99,0.9,2,5,64,independent,0.0,1.0,1.0,1.0,0.987,0.0007,0.0576,0.9601,0.9593999999999999,0.0569,0.0007,1.017,0.016999999999999904,0.016999999999999904,0.05,1,0.9525333333333333,0.0525,0.04167333333333333,0.9100289160923787,0.050157318828579794,0.039813765079041566,P,0.04045680824451349,0.7362692824721561,P,1,1,P
46606f9a80c7ab20721b,71,0.9,0.99,3,5,16,nested,0.3015113445777637,1.0,1.0,1.0,0.99025,0.0595,1.0,0.0028,-0.0567,0.9405,0.0595,0.9433,-0.05669999999999997,0.05669999999999997,0.05,0,0.0393,0.9587444444444444,0.02187333333333333,0.03853251787181102,0.940021308907254,0.02144617322093502,Q,0.03439035717561925,0.7570109506322463,Q,1,1,Q
46ac57c3f89537113381,83,0.99,0.99,3,5,64,independent,0.0,1.0,1.0,1.0,0.99075,0.0001,0.3178,0.6784,0.6783,0.31770000000000004,0.0001,0.9961,-0.0039000000000000146,0.0039000000000000146,0.05,1,0.6800333333333334,0.3196333333333334,0.12008,0.6073099867827247,0.28545147116609715,0.10723854205117825,P,0.26103857313942447,0.2944262202243554,P,1,0,mixture_or_unresolved
46bed9e9b819736c927e,83,0.99,0.99,3,3,16,nested,1.0,1.0,1.0,1.0,1.0,1.0,1.0,1.0,0.0,0.0,1.0,1.0,0.0,0.0,0.05,1,0.0,0.0,1.0,0.0,0.0,1.0,Y,0.0,0.816496580927726,Y,1,1,Y
470c38a7928d0b48a5cd,37,0.9,0.95,3,5,64,nested,0.6882472016116853,1.0,1.0,1.0,1.0,0.9994,1.0,0.8235,-0.17589999999999995,0.0006000000000000449,0.9994,0.8241,-0.17589999999999995,0.17589999999999995,0.05,0,0.1181,0.059311111111111106,0.8825799999999999,0.11141602864594252,0.0559543476255566,0.8326296237285008,Y,0.10190291130940927,0.6457495502884465,Y,1,0,mixture_or_unresolved
470ce9dfdcd22e3b5368,101,0.99,0.99,3,5,64,nested,1.0,1.0,1.0,1.0,0.989,0.0263,0.0271,0.9948,0.9685,0.0007999999999999986,0.0263,0.9956,-0.0043999999999999595,0.0043999999999999595,0.05,1,0.9694666666666667,0.028677777777777778,0.02758,0.9451531275456263,0.02795855937050453,0.02688831308386918,P,0.02200863466914747,0.772693225569437,P,1,1,P
4716639fed2d79cab830,53,0.9,0.95,3,5,64,nested,0.6882472016116853,1.0,1.0,1.0,1.0,0.9994,1.0,0.827,-0.1724,0.0006000000000000449,0.9994,0.8276,-0.1724,0.1724,0.05,0,0.1153,0.0581111111111111,0.8845999999999999,0.1089780615620504,0.054924859012192684,0.836097079425757,Y,0.09988219727926162,0.6490569101698465,Y,1,0,mixture_or_unresolved
476ff78c441833c0987b,37,0.99,0.99,3,3,64,independent,0.0,1.0,1.0,1.0,1.0,0.7411,0.9451,1.0,0.2589,0.20400000000000007,0.7411,1.2040000000000002,0.20400000000000018,0.20400000000000018,0.05,0,0.19133333333333333,0.15393333333333334,0.8771888888888889,0.1565155742994519,0.1259214150025904,0.7175630106979576,Y,0.15279967277451872,0.5406081485447007,Y,1,0,mixture_or_unresolved
47992006bc2b99cd4c94,37,0.9,0.9,3,5,16,nested,0.9999999999999999,1.0,1.0,1.0,1.0,1.0,1.0,1.0,0.0,0.0,1.0,1.0,0.0,0.0,0.05,1,0.0,0.0,1.0,0.0,0.0,1.0,Y,0.0,0.816496580927726,Y,1,1,Y
47a873318d24654a7fc5,23,0.9,0.9,3,3,16,nested,0.9999999999999999,1.0,1.0,1.0,1.0,1.0,1.0,1.0,0.0,0.0,1.0,1.0,0.0,0.0,0.05,1,0.0,0.0,1.0,0.0,0.0,1.0,Y,0.0,0.816496580927726,Y,1,1,Y
47ab170ed07b0847ad51,67,0.9,0.9,2,3,64,independent,-1.9274705288631186e-17,1.0,1.0,1.0,1.0,1.0,1.0,1.0,0.0,0.0,1.0,1.0,0.0,0.0,0.05,1,0.0,0.0,1.0,0.0,0.0,1.0,Y,0.0,0.816496580927726,Y,1,1,Y
47ce97e029ddb9a636d5,71,0.99,0.99,3,5,64,nested,1.0,1.0,1.0,1.0,0.99125,0.0994,0.0966,0.9998,0.9004,-0.002799999999999997,0.0994,0.997,-0.0030000000000000027,0.0030000000000000027,0.05,1,0.9019333333333334,0.06255555555555556,0.0979,0.8489672122574908,0.05888197458557757,0.09215081315693142,P,0.080024912787623,0.6564558993634246,P,1,1,P
480ccd9b9b42fef0b4d2,67,0.99,0.99,2,5,64,nested,1.0,1.0,1.0,1.0,0.99025,0.0632,0.1326,0.9922,0.9289999999999999,0.06939999999999999,0.0632,1.0615999999999999,0.06159999999999988,0.06159999999999988,0.05,0,0.9086,0.07765,0.10699333333333332,0.8311049994969097,0.07102718821366392,0.09786781228942625,P,0.08492710599881131,0.6521929294544835,P,1,0,mixture_or_unresolved
48225231f9ccf0ac8de7,67,0.99,0.99,3,3,64,independent,0.0,1.0,1.0,1.0,0.9995,0.4291,0.9577,1.0,0.5709,0.5286,0.4291,1.5286,0.5286,0.5286,0.05,0,0.39586666666666664,0.3556888888888889,0.7820555555555555,0.25812715087846405,0.23192899836986056,0.5099438507516754,Y,0.33051278341389456,0.27537942372089497,Y,1,0,mixture_or_unresolved
489af3d1ba96698e5a52,67,0.99,0.9,3,5,16,independent,0.0,1.0,1.0,1.0,0.9885,0.0,0.0352,0.9688,0.9688,0.0352,0.0,1.004,0.0040000000000000036,0.0040000000000000036,0.05,1,0.9673333333333334,0.03358888888888889,0.02492666666666667,0.9429588936642173,0.032742530847081654,0.024298575488700958,P,0.027156828484440766,0.7622337550249733,P,1,1,P
48a697a90241fbc8f122,11,0.9,0.99,3,5,64,independent,0.0,1.0,1.0,1.0,0.985,0.0013,0.9505,0.0993,0.098,0.9492,0.0013,1.0485000000000002,0.04850000000000021,0.04850000000000021,0.05,1,0.07983333333333334,0.9331222222222222,0.0597,0.07442587969628854,0.869917857031873,0.05565626327183832,Q,0.0640635882021397,0.6919594339340913,Q,1,1,Q
48ae8834fbd7b9adcebd,37,0.9,0.99,3,5,64,independent,0.0,1.0,1.0,1.0,0.9855,0.0013,0.9544,0.0857,0.0844,0.9531000000000001,0.0013,1.0388000000000002,0.03880000000000017,0.03880000000000017,0.05,1,0.07146666666666666,0.9408,0.056473333333333334,0.0668700213959117,0.8802889383760315,0.05284104022805671,Q,0.0560521780724591,0.707017399358066,Q,1,1,Q
48d8394566a0846aa1c3,41,0.9,0.95,3,3,16,independent,-1.3265761976790368e-17,1.0,1.0,1.0,0.9995,0.9893,1.0,1.0,0.010700000000000043,0.010700000000000043,0.9893,1.0107,0.010699999999999932,0.010699999999999932,0.05,1,0.006866666666666667,0.006788888888888889,0.9964333333333333,0.006798081576978924,0.006721080652967836,0.9864808377700532,Y,0.00617764788032902,0.8059624241926272,Y,1,1,Y
490e246610e46b70332d,53,0.9,0.99,2,3,64,nested,0.3015113445777637,1.0,1.0,1.0,0.99975,0.9284,1.0,0.1151,-0.8133,0.0716,0.9284,0.18669999999999998,-0.8133,0.8133,0.05,0,0.5449666666666666,0.341,0.3867777777777778,0.42818231817507224,0.2679249565680464,0.3038927252568815,Y,0.512566928963103,0.02754866668903766,P,0,0,mixture_or_unresolved
49522d373328ffbd65c2,41,0.99,0.99,2,3,16,independent,0.0,1.0,1.0,1.0,0.98875,0.0,0.5029,0.5041,0.5041,0.5029,0.0,1.0070000000000001,0.007000000000000117,0.007000000000000117,0.05,1,0.4997,0.49865,0.1519888888888889,0.43439372938409454,0.4334809548876901,0.13212531572821537,P,0.40776840649237817,0.0009797718929612786,P,1,0,mixture_or_unresolved
4aa8784faff9f544e646,41,0.99,0.99,3,5,64,independent,0.0,1.0,1.0,1.0,0.98975,0.0001,0.316,0.6927,0.6926,0.3159,0.0001,1.0086,0.008599999999999941,0.008599999999999941,0.05,1,0.6902333333333334,0.31306666666666666,0.13268666666666665,0.6076068967945634,0.27559008908555266,0.11680301411988402,P,0.25448595246103467,0.30756069447615086,P,1,0,mixture_or_unresolved
4aaa6e913165f1546a8f,37,0.99,0.95,3,3,64,independent,0.0,1.0,1.0,1.0,1.0,0.9269,0.9406,1.0,0.07310000000000005,0.013700000000000045,0.9269,1.0137,0.013700000000000045,0.013700000000000045,0.05,1,0.0691,0.03213333333333333,0.9370111111111111,0.0665546542240106,0.030949680015410628,0.9024956657605787,Y,0.05438127741542429,0.7080429199095731,Y,1,1,Y
4ae4137a6d9f7035ee6a,71,0.9,0.95,2,5,16,nested,0.6882472016116853,1.0,1.0,1.0,0.99675,0.9363,1.0,0.1407,-0.7956000000000001,0.06369999999999998,0.9363,0.20439999999999992,-0.7956000000000001,0.7956000000000001,0.05,0,0.5292666666666667,0.32831666666666665,0.40507999999999994,0.4191668932600139,0.260019165837291,0.32081394090269505,Y,0.49747836803891954,0.04916416598125717,P,0,0,mixture_or_unresolved
4afd95bd8649327ef8f2,37,0.9,0.99,2,3,16,independent,0.0,1.0,1.0,1.0,0.9985,0.2217,1.0,0.8891,0.6674,0.7783,0.2217,1.6674,0.6674,0.6674,0.05,0,0.44803333333333334,0.55605,0.6684222222222223,0.2678815217355199,0.33246526336069304,0.399653214903787,Y,0.45389047871338595,0.07514943786506412,Y,1,0,mixture_or_unresolved
4afec2be4500b887eabc,83,0.99,0.95,2,3,64,independent,0.0,1.0,1.0,1.0,0.9985,0.0531,0.8298,0.9992,0.9460999999999999,0.7767,0.0531,1.7758999999999998,0.7758999999999998,0.7758999999999998,0.05,0,0.6867333333333333,0.51725,0.5713555555555556,0.38681816617171677,0.2913528246563254,0.3218290091719578,P,0.4800653740203862,0.07538888152186807,P,1,0,mixture_or_unresolved
4b62f12f6eae3a4c2250,83,0.9,0.95,2,5,16,nested,0.6882472016116853,1.0,1.0,1.0,0.99925,0.9711,1.0,0.075,-0.8961,0.028900000000000037,0.9711,0.10389999999999999,-0.8961,0.8961,0.05,0,0.5963666666666667,0.3277333333333333,0.3734,0.45962748876043674,0.2525883108542068,0.28778420038535646,Y,0.5343095887841306,0.028024893530443462,P,0,0,mixture_or_unresolved
4bef62f9fa7a1aa9164b,37,0.99,0.99,2,5,64,nested,1.0,1.0,1.0,1.0,0.9905,0.0643,0.134,0.9881,0.9238,0.06970000000000001,0.0643,1.0577999999999999,0.05779999999999985,0.05779999999999985,0.05,0,0.9059,0.08226666666666667,0.10753333333333333,0.8267774025736971,0.07508137872288642,0.09814121870341637,P,0.08608542269164973,0.6500377780476467,P,1,0,mixture_or_unresolved
4bff4fbfe003ab83c9fc,97,0.9,0.95,2,5,64,independent,-1.3265761976790368e-17,1.0,1.0,1.0,0.98875,0.2627,0.9863,0.8877,0.625,0.7236,0.2627,1.6113,0.6113,0.6113,0.05,0,0.41633333333333333,0.5149,0.6702933333333334,0.25996028789196973,0.32150572994934,0.41853398215869025,Y,0.4306623851696361,0.10388111789317983,Y,1,0,mixture_or_unresolved
4c033504d51e111b1c4d,37,0.9,0.9,2,3,64,nested,0.9999999999999999,1.0,1.0,1.0,1.0,1.0,1.0,1.0,0.0,0.0,1.0,1.0,0.0,0.0,0.05,1,0.0,0.0,1.0,0.0,0.0,1.0,Y,0.0,0.816496580927726,Y,1,1,Y
4c2e482b2fdb33abce65,41,0.9,0.99,2,5,64,independent,0.0,1.0,1.0,1.0,0.9895,0.001,0.9599,0.1522,0.1512,0.9589,0.001,1.1111,0.11109999999999998,0.11109999999999998,0.05,0,0.11009999999999999,0.9213666666666667,0.09658,0.09760234505664658,0.8167806296429817,0.08561702530037174,Q,0.09087326339468611,0.6485350248105968,Q,1,0,mixture_or_unresolved
4c316efef2d36651f21c,101,0.9,0.95,3,5,16,nested,0.6882472016116853,1.0,1.0,1.0,0.95,0.0001,1.0,0.0,-0.0001,0.9999,0.0001,0.9999,-9.999999999998899e-05,9.999999999998899e-05,0.05,1,0.0001,0.9998666666666666,4.666666666666667e-05,9.999866668444422e-05,0.9998533352888629,4.666604445274064e-05,Q,5.773502691896258e-05,0.8163980220924324,Q,1,1,Q
4c579ad61f6f0d791b0d,11,0.99,0.9,3,5,64,nested,0.30151134457776363,1.0,1.0,1.0,0.98875,0.0166,0.0143,0.9985,0.9819000000000001,-0.0023,0.0166,0.9962000000000001,-0.0037999999999999146,0.0037999999999999146,0.05,1,0.9834333333333334,0.015422222222222223,0.01566666666666667,0.9693561282267514,0.01520146319559289,0.015442408577655602,P,0.012679379585242592,0.7912033440339017,P,1,1,P
4c63da9084f7347d800c,37,0.9,0.9,3,3,64,nested,0.9999999999999999,1.0,1.0,1.0,1.0,1.0,1.0,1.0,0.0,0.0,1.0,1.0,0.0,0.0,0.05,1,0.0,0.0,1.0,0.0,0.0,1.0,Y,0.0,0.816496580927726,Y,1,1,Y
4cb734640d89ba0cd6ba,97,0.99,0.95,2,3,64,nested,0.43808582711518057,1.0,1.0,1.0,1.0,0.9987,0.9995,1.0,0.0012999999999999678,0.0008000000000000229,0.9987,1.0008,0.0007999999999999119,0.0007999999999999119,0.05,1,0.0013666666666666666,0.0008,0.9991333333333333,0.0013648923066679982,0.0007989613502446819,0.9978361463430873,Y,0.0008041558721209592,0.8149576435113348,Y,1,1,Y
4d7b72f4c519461b23a6,67,0.99,0.99,2,5,16,independent,0.0,1.0,1.0,1.0,0.9895,0.0,0.4494,0.5539,0.5539,0.4494,0.0,1.0032999999999999,0.0032999999999998586,0.0032999999999998586,0.05,1,0.5541333333333333,0.44680000000000003,0.13042666666666666,0.48979399424880965,0.3949229246216943,0.11528308112949606,P,0.36558882641568796,0.08532342299284901,P,1,0,mixture_or_unresolved
4d8e21b8917da4d99722,71,0.9,0.9,2,3,16,nested,0.9999999999999999,1.0,1.0,1.0,1.0,1.0,1.0,1.0,0.0,0.0,1.0,1.0,0.0,0.0,0.05,1,0.0,0.0,1.0,0.0,0.0,1.0,Y,0.0,0.816496580927726,Y,1,1,Y
4d9bcf45e80bce5fddd4,11,0.9,0.9,2,3,64,independent,-1.9274705288631186e-17,1.0,1.0,1.0,1.0,1.0,1.0,1.0,0.0,0.0,1.0,1.0,0.0,0.0,0.05,1,0.0,0.0,1.0,0.0,0.0,1.0,Y,0.0,0.816496580927726,Y,1,1,Y
4da7957c13491b546075,83,0.9,0.95,2,5,16,independent,-1.3265761976790368e-17,1.0,1.0,1.0,0.9595,0.0,0.8964,0.577,0.577,0.8964,0.0,1.4733999999999998,0.4733999999999998,0.4733999999999998,0.05,0,0.4248333333333333,0.73485,0.36528000000000005,0.27858593321369474,0.4818804386553557,0.23953362813094964,Q,0.33845824951781966,0.23380682892048588,Q,1,0,mixture_or_unresolved
4e4a6fe121c46fc2d745,101,0.9,0.99,3,3,64,independent,0.0,1.0,1.0,1.0,0.999,0.5404,1.0,0.9786,0.43820000000000003,0.4596,0.5404,1.4382000000000001,0.43820000000000014,0.43820000000000014,0.05,0,0.2875,0.31543333333333334,0.8322555555555555,0.20032206368499694,0.21978523926389867,0.5798926970511044,Y,0.2656376730310167,0.3797795357055751,Y,1,0,mixture_or_unresolved
4e7e7b6be3e83c092c47,83,0.99,0.95,3,3,16,nested,0.43808582711518057,1.0,1.0,1.0,1.0,1.0,0.9999,1.0,0.0,-9.999999999998899e-05,1.0,0.9999,-9.999999999998899e-05,9.999999999998899e-05,0.05,1,3.3333333333333335e-05,5.555555555555555e-05,0.9999111111111111,3.3333333333333335e-05,5.555555555555555e-05,0.9999111111111111,Y,5.7735026918956215e-05,0.8163980220924324,Y,1,1,Y
4e9bad3f59ebcb5c5693,71,0.99,0.9,2,5,64,independent,0.0,1.0,1.0,1.0,0.98825,0.0008,0.0793,0.96,0.9591999999999999,0.0785,0.0008,1.0384999999999998,0.03849999999999976,0.03849999999999976,0.05,1,0.9469333333333333,0.06785,0.05219333333333334,0.8874920726163958,0.06359089389646133,0.048917033487142804,P,0.05128069812317301,0.7166796155215708,P,1,1,P
4e9ccae0ab79a929eee2,101,0.99,0.99,2,5,16,independent,0.0,1.0,1.0,1.0,0.98925,0.0,0.4696,0.534,0.534,0.4696,0.0,1.0036,0.0036000000000000476,0.0036000000000000476,0.05,1,0.5296666666666666,0.46948333333333336,0.13062666666666667,0.46882422189636297,0.4155541065638342,0.11562167153980285,P,0.38195992809019463,0.052582037662251446,P,1,0,mixture_or_unresolved
4f01e303aba3364a4ed2,97,0.99,0.95,3,3,16,nested,0.43808582711518057,1.0,1.0,1.0,1.0,0.9974,0.9978,1.0,0.0026000000000000467,0.00040000000000006697,0.9974,1.0004,0.00039999999999995595,0.00039999999999995595,0.05,1,0.0024666666666666665,0.0027777777777777775,0.9973777777777778,0.002460215435081342,0.0027705128773438535,0.9947692716875748,Y,0.0019663841605003633,0.8125706213422167,Y,1,1,Y
4f770f216f7e97fb01c6,11,0.9,0.95,2,5,16,nested,0.6882472016116853,1.0,1.0,1.0,1.0,1.0,1.0,0.4008,-0.5992,0.0,1.0,0.40080000000000005,-0.5992,0.5992,0.05,0,0.3970333333333333,0.19973333333333332,0.5989266666666667,0.3320528117577528,0.16704394660838343,0.5009032416338638,Y,0.34594828129842375,0.2760486747498622,Y,1,0,mixture_or_unresolved
4f9e98920d6351315f0e,37,0.99,0.9,2,5,16,nested,0.30151134457776363,1.0,1.0,1.0,0.99,0.0,0.0,1.0,1.0,0.0,0.0,1.0,0.0,0.0,0.05,1,1.0,0.0,6.6666666666666675e-06,0.9999933333777774,0.0,6.666622222518517e-06,P,0.0,0.816496580927726,P,1,1,P
50146629232369960169,67,0.99,0.99,3,5,16,nested,1.0,1.0,1.0,1.0,0.99,0.0,0.0,1.0,1.0,0.0,0.0,1.0,0.0,0.0,0.05,1,1.0,0.0,6.6666666666666675e-06,0.9999933333777774,0.0,6.666622222518517e-06,P,0.0,0.816496580927726,P,1,1,P
503b5432c043f64057e3,101,0.99,0.99,2,3,64,independent,0.0,1.0,1.0,1.0,0.9925,0.0001,0.5621,0.6169,0.6168,0.562,0.0001,1.1789,0.17890000000000006,0.17890000000000006,0.05,0,0.5602,0.5038333333333334,0.18654444444444443,0.44795294619375936,0.402880446371455,0.1491666074347857,P,0.3927348681574717,0.04404197417737549,P,1,0,mixture_or_unresolved
50463599f7db17d959d9,101,0.99,0.99,3,3,16,independent,0.0,1.0,1.0,1.0,0.99525,0.0044,0.7035,0.8043,0.7999,0.6991,0.0044,1.5034,0.5034000000000001,0.5034000000000001,0.05,0,0.6327666666666667,0.5326555555555555,0.3617444444444444,0.4143402815671723,0.3487867874422496,0.23687293099057802,P,0.42159621282296483,0.0733213223954457,P,1,0,mixture_or_unresolved
50b4b5260a0373a6e405,97,0.99,0.99,3,5,16,independent,0.0,1.0,1.0,1.0,0.99075,0.0,0.3785,0.6192,0.6192,0.3785,0.0,0.9977,-0.0022999999999999687,0.0022999999999999687,0.05,1,0.6185666666666667,0.3782888888888889,0.13186666666666666,0.5480238224147267,0.3351479056947384,0.11682827189053502,P,0.3099843490672822,0.19653017523911243,P,1,0,mixture_or_unresolved
50e0e0b346f8c6bc43ff,67,0.99,0.99,3,3,16,nested,1.0,1.0,1.0,1.0,1.0,0.9929,0.9951,1.0,0.007099999999999995,0.0021999999999999797,0.9929,1.0022,0.0021999999999999797,0.0021999999999999797,0.05,1,0.006166666666666667,0.005055555555555555,0.9940222222222221,0.006134494650278539,0.005029180298877001,0.9888363250508444,Y,0.004980629143659132,0.806617469260553,Y,1,1,Y
51c1aebbbb44e3295e5e,37,0.99,0.9,2,5,16,independent,0.0,1.0,1.0,1.0,0.9885,0.0,0.0211,0.98,0.98,0.0211,0.0,1.0010999999999999,0.0010999999999998789,0.0010999999999998789,0.05,1,0.9801333333333333,0.020366666666666665,0.014720000000000002,0.965439346479909,0.020061333175732023,0.01449932034435886,P,0.016785013156583074,0.7829326891192471,P,1,1,P
51f4e929bfcb7170dcaf,53,0.9,0.99,2,5,64,nested,0.3015113445777637,1.0,1.0,1.0,0.9905,0.057,1.0,0.0013,-0.0557,0.943,0.057,0.9443,-0.05569999999999997,0.05569999999999997,0.05,0,0.03716666666666667,0.9620666666666666,0.019866666666666664,0.03647008798613156,0.9440355869558107,0.019494325058057763,Q,0.03291752319560713,0.7601042692750244,Q,1,1,Q
52028889d1fe584176f0,53,0.9,0.9,3,5,16,independent,-1.9274705288631186e-17,1.0,1.0,1.0,0.90375,0.0,0.5037,0.523,0.523,0.5037,0.0,1.0267,0.026699999999999946,0.026699999999999946,0.05,1,0.5136666666666667,0.49304444444444445,0.15744,0.4412371055304008,0.4235227194636817,0.1352401750059175,P,0.4005174528032455,0.015752767926831057,P,1,0,mixture_or_unresolved
521e578780430c28fe52,83,0.99,0.9,3,5,64,independent,0.0,1.0,1.0,1.0,0.985,0.0013,0.0541,0.9563,0.9550000000000001,0.0528,0.0013,1.0091,0.009100000000000108,0.009100000000000108,0.05,1,0.9525666666666667,0.04958888888888889,0.04166,0.9125814053994215,0.04750732888100708,0.03991126571957158,P,0.04015880974331783,0.7364230575872724,P,1,1,P
527f5c45587e6188c0f4,53,0.9,0.99,3,3,16,independent,0.0,1.0,1.0,1.0,0.9995,0.6881,1.0,0.9983,0.3101999999999999,0.31189999999999996,0.6881,1.3102,0.31020000000000003,0.31020000000000003,0.05,0,0.20583333333333334,0.20677777777777778,0.8949555555555556,0.15741708517092817,0.15813937678979614,0.6844435380392757,Y,0.1800782237436461,0.5199418950148554,Y,1,0,mixture_or_unresolved
52a934011b9fd205c4fd,41,0.9,0.9,3,5,64,independent,-1.9274705288631186e-17,1.0,1.0,1.0,0.99925,0.8663,0.9999,0.9994,0.1331,0.13360000000000005,0.8663,1.133,0.133,0.133,0.05,0,0.08916666666666667,0.09127777777777779,0.9548533333333333,0.07854033400928587,0.08039985593598548,0.8410598100547287,Y,0.07719252986310703,0.6864120929620825,Y,1,0,mixture_or_unresolved
536d0f3823dc87ffafcb,67,0.9,0.9,3,5,64,independent,-1.9274705288631186e-17,1.0,1.0,1.0,0.9995,0.9696,1.0,1.0,0.030399999999999983,0.030399999999999983,0.9696,1.0304,0.030399999999999983,0.030399999999999983,0.05,1,0.021133333333333334,0.020488888888888886,0.9898466666666667,0.020488580471000366,0.019863797260002456,0.9596476222689972,Y,0.017551448183364612,0.7866301565138165,Y,1,1,Y
54100cb3ba7dab80b2e7,97,0.99,0.95,2,3,64,independent,0.0,1.0,1.0,1.0,0.99675,0.0338,0.764,0.9994,0.9656,0.7302,0.0338,1.7296,0.7296,0.7296,0.05,0,0.7222999999999999,0.4860833333333333,0.5193666666666668,0.4180581681377514,0.28133892827858964,0.30060290358365893,P,0.4415271981052432,0.13270817756110032,P,1,0,mixture_or_unresolved
552315664aefa0ea77b1,11,0.99,0.99,3,3,16,independent,0.0,1.0,1.0,1.0,0.9925,0.0,0.545,0.6617,0.6617,0.545,0.0,1.2067,0.2067000000000001,0.2067000000000001,0.05,0,0.5963333333333334,0.4746777777777778,0.218,0.46262854384498026,0.36824956254148317,0.16912189361353663,P,0.37034753498122097,0.09328733931822886,P,1,0,mixture_or_unresolved
55281b859647ee2d93f6,67,0.9,0.95,3,5,64,independent,-1.3265761976790368e-17,1.0,1.0,1.0,0.9585,0.02,0.8564,0.5308,0.5108,0.8364,0.02,1.3672,0.36719999999999997,0.36719999999999997,0.05,0,0.39166666666666666,0.7168,0.29517333333333334,0.27903641009565605,0.5106722521444245,0.21029133775991946,Q,0.31768411984233647,0.24622178247352566,Q,1,0,mixture_or_unresolved
5547dc86b942ae571c2c,23,0.99,0.99,3,3,16,nested,1.0,1.0,1.0,1.0,1.0,1.0,1.0,1.0,0.0,0.0,1.0,1.0,0.0,0.0,0.05,1,0.0,0.0,1.0,0.0,0.0,1.0,Y,0.0,0.816496580927726,Y,1,1,Y
5557b0c83ab8ade81f4c,101,0.99,0.9,2,5,64,independent,0.0,1.0,1.0,1.0,0.986,0.0005,0.0825,0.959,0.9585,0.082,0.0005,1.041,0.040999999999999925,0.040999999999999925,0.05,1,0.9471666666666666,0.06656666666666666,0.05433333333333333,0.8868048186754885,0.06232444916047688,0.05087073216403471,P,0.053189911324109836,0.7130753821611163,P,1,1,P
5563c7dc771b3bc730ed,53,0.99,0.99,3,3,64,independent,0.0,1.0,1.0,1.0,0.999,0.655,0.899,1.0,0.345,0.244,0.655,1.244,0.244,0.244,0.05,0,0.26426666666666665,0.17797777777777776,0.8171666666666667,0.2098335200755203,0.14131825279892718,0.6488482271255526,Y,0.20754597884163722,0.4346445432518196,Y,1,0,mixture_or_unresolved
55b80b599588fd0199f4,53,0.9,0.95,2,5,16,nested,0.6882472016116853,1.0,1.0,1.0,0.95225,0.0361,1.0,0.0,-0.0361,0.9639,0.0361,0.9639,-0.03610000000000002,0.03610000000000002,0.05,1,0.02306666666666667,0.9764833333333334,0.012093333333333333,0.022801184870820744,0.9652446679165582,0.011954147212621048,Q,0.02084234471774549,0.7810519147288061,Q,1,1,Q
55cf60e4b47980401f3b,97,0.99,0.95,2,5,16,independent,0.0,1.0,1.0,1.0,0.98625,0.0,0.0559,0.9402,0.9402,0.0559,0.0,0.9961,-0.0039000000000000146,0.0039000000000000146,0.05,1,0.9419666666666667,0.05745,0.03563333333333333,0.9100687567428305,0.05550456499686005,0.034426678260309485,P,0.04726115388632259,0.7220027475155306,P,1,1,P
5601e3fe090c78325b37,83,0.99,0.95,3,5,64,independent,0.0,1.0,1.0,1.0,0.98575,0.0007,0.1065,0.904,0.9033,0.10579999999999999,0.0007,1.0097999999999998,0.009799999999999809,0.009799999999999809,0.05,1,0.9004,0.10332222222222222,0.06880666666666667,0.8395111864378686,0.0963351414517713,0.06415367211036015,P,0.08278232500560329,0.6510566082760809,P,1,0,mixture_or_unresolved
561f8bcd0038b82a3e74,83,0.99,0.9,2,5,16,independent,0.0,1.0,1.0,1.0,0.988,0.0,0.0224,0.981,0.981,0.0224,0.0,1.0034,0.0034000000000000696,0.0034000000000000696,0.05,1,0.9782666666666666,0.020633333333333333,0.015126666666666667,0.9647346552358912,0.020347919844317046,0.014917424919791722,P,0.016958380425815045,0.7826379260522311,P,1,1,P
5632a06154a1edac70d1,41,0.99,0.9,2,3,64,independent,0.0,1.0,1.0,1.0,0.99725,0.1199,0.8617,1.0,0.8801,0.7418,0.1199,1.7418,0.7418,0.7418,0.05,0,0.6347,0.49681666666666663,0.6147333333333334,0.36346456692913387,0.28450489143402524,0.35203054163684083,P,0.5022956964445013,0.012065687538912906,P,1,0,mixture_or_unresolved
56a21dc3177aa9a3ec3b,53,0.9,0.9,2,5,16,independent,-1.9274705288631186e-17,1.0,1.0,1.0,0.91025,0.0,0.551,0.596,0.596,0.551,0.0,1.147,0.14700000000000002,0.14700000000000002,0.05,0,0.5444,0.5019666666666667,0.19905333333333333,0.4371216135922018,0.4030501089324619,0.1598282774753363,P,0.39446884118605197,0.03635092004440349,P,1,0,mixture_or_unresolved
56c4f70c0a3ee948cd10,23,0.99,0.99,3,3,64,independent,0.0,1.0,1.0,1.0,0.9945,0.0021,0.6015,0.8675,0.8654000000000001,0.5994,0.0021,1.4669,0.4669000000000001,0.4669000000000001,0.05,0,0.7093666666666667,0.4417666666666667,0.31958888888888887,0.4823253881313036,0.30037396592754884,0.21730064594114756,P,0.35560413852109957,0.19556519722488214,P,1,0,mixture_or_unresolved
577f23e215c56b47f97b,23,0.9,0.95,3,3,16,nested,0.6882472016116853,1.0,1.0,1.0,1.0,1.0,1.0,1.0,0.0,0.0,1.0,1.0,0.0,0.0,0.05,1,0.0,0.0,1.0,0.0,0.0,1.0,Y,0.0,0.816496580927726,Y,1,1,Y
57a3218a59dab96bd041,83,0.9,0.9,2,5,16,nested,0.9999999999999999,1.0,1.0,1.0,1.0,1.0,1.0,1.0,0.0,0.0,1.0,1.0,0.0,0.0,0.05,1,0.0,0.0,1.0,0.0,0.0,1.0,Y,0.0,0.816496580927726,Y,1,1,Y
5823bd252a3f8de60499,67,0.99,0.9,3,3,64,nested,0.30151134457776363,1.0,1.0,1.0,1.0,0.9803,0.9804,1.0,0.01970000000000005,0.00010000000000010001,0.9803,1.0001000000000002,0.00010000000000021103,0.00010000000000021103,0.05,1,0.018566666666666665,0.014788888888888888,0.9803888888888889,0.01831493801856703,0.014588379714370266,0.9670966822670628,Y,0.016044209755131808,0.7844082143984423,Y,1,1,Y
582a04d2606171331a74,97,0.99,0.95,2,3,16,nested,0.43808582711518057,1.0,1.0,1.0,1.0,0.9527,0.9253,1.0,0.04730000000000001,-0.02739999999999998,0.9527,0.9726,-0.02739999999999998,0.02739999999999998,0.05,1,0.05563333333333333,0.06773333333333334,0.9333555555555556,0.05264707428631512,0.06409757636296724,0.8832553493507176,Y,0.05104697183313946,0.7157249151493363,Y,1,1,Y
583bbb1f56096e6b1b27,23,0.99,0.95,3,3,16,independent,0.0,1.0,1.0,1.0,1.0,1.0,1.0,1.0,0.0,0.0,1.0,1.0,0.0,0.0,0.05,1,0.0,0.0,1.0,0.0,0.0,1.0,Y,0.0,0.816496580927726,Y,1,1,Y
587115f02d489bf8b1a1,37,0.99,0.9,3,3,16,independent,0.0,1.0,1.0,1.0,1.0,0.9919,0.9993,1.0,0.008099999999999996,0.007399999999999962,0.9919,1.0074,0.007400000000000073,0.007400000000000073,0.05,1,0.005666666666666667,0.005633333333333333,0.9967888888888888,0.005621197425271141,0.005588131558063663,0.9887906710166652,Y,0.004693967760150609,0.8082156418111309,Y,1,1,Y
58944fcab65f498cfcb0,101,0.9,0.99,2,3,16,independent,0.0,1.0,1.0,1.0,0.9995,0.3912,1.0,0.9831,0.5919,0.6088,0.3912,1.5918999999999999,0.5918999999999999,0.5918999999999999,0.05,0,0.3937,0.4103,0.7861666666666667,0.24758411068022218,0.25802326800125774,0.4943926213185201,Y,0.35162624570226075,0.25925373432654986,Y,1,0,mixture_or_unresolved
58b428553db020a77c6b,101,0.99,0.95,2,5,16,nested,0.43808582711518057,1.0,1.0,1.0,0.99,0.0,0.0003,1.0,1.0,0.0003,0.0,1.0003,0.00029999999999996696,0.00029999999999996696,0.05,1,0.9998,0.00013333333333333334,8.666666666666668e-05,0.9997800043999121,0.00013333066671999895,8.666493336799933e-05,P,0.00017320508075688773,0.8162009105467946,P,1,1,P
58b81e07bef385efe2c3,11,0.99,0.99,2,5,16,nested,1.0,1.0,1.0,1.0,0.99,0.0004,0.012,0.9893,0.9889,0.011600000000000001,0.0004,1.0009,0.0008999999999999009,0.0008999999999999009,0.05,1,0.9893,0.01125,0.009393333333333333,0.9795599093018419,0.011139238835182171,0.00930085186297581,P,0.009285293030737747,0.7979442592033216,P,1,1,P
58f52ef3b8f2c36db253,83,0.99,0.9,3,3,16,nested,0.30151134457776363,1.0,1.0,1.0,1.0,0.9996,0.9996,1.0,0.00039999999999995595,0.0,0.9996,1.0,0.0,0.0,0.05,1,0.0006000000000000001,0.00025555555555555553,0.9995555555555556,0.0005997534346990682,0.0002554505370014549,0.9991447960282995,Y,0.00032659863237105444,0.8158433836629839,Y,1,1,Y
58feee02366701594452,11,0.9,0.99,2,3,16,nested,0.3015113445777637,1.0,1.0,1.0,1.0,1.0,1.0,0.7856,-0.21440000000000003,0.0,1.0,0.7856,-0.21440000000000003,0.21440000000000003,0.05,0,0.1446,0.07146666666666666,0.8558,0.1349048389103122,0.06667495957208608,0.7984202015176016,Y,0.12378389771425578,0.6104202882358563,Y,1,0,mixture_or_unresolved
591acfc7101c4f8f8632,71,0.9,0.99,2,5,64,independent,0.0,1.0,1.0,1.0,0.988,0.0009,0.955,0.1246,0.1237,0.9541,0.0009,1.0786999999999998,0.07869999999999977,0.07869999999999977,0.05,0,0.09863333333333334,0.9283666666666667,0.07722,0.08932398736966668,0.8407442961245646,0.06993171650576878,Q,0.0764874063708094,0.6714767126438217,Q,1,0,mixture_or_unresolved
5931f4fe991aeb65065c,97,0.99,0.99,2,3,16,nested,1.0,1.0,1.0,1.0,0.99875,0.8671,0.5305,0.9831,0.11599999999999999,-0.3366,0.8671,0.6465,-0.35350000000000004,0.35350000000000004,0.05,0,0.23423333333333332,0.2386,0.632888888888889,0.21183741144551071,0.21578656483947142,0.5723760237150178,Y,0.2818854791104596,0.3050779694960103,Y,1,0,mixture_or_unresolved
594a0b714e0222a9b0ee,53,0.99,0.9,2,5,16,independent,0.0,1.0,1.0,1.0,0.9895,0.0,0.0061,0.9943,0.9943,0.0061,0.0,1.0004,0.00039999999999995595,0.00039999999999995595,0.05,1,0.9934333333333333,0.0054666666666666665,0.006219999999999999,0.9883728642682799,0.00543881990873395,0.00618831582298631,P,0.0048200968178381525,0.8068591707092642,P,1,1,P
594b8fb39680159ec3d3,83,0.9,0.99,2,5,16,nested,0.3015113445777637,1.0,1.0,1.0,0.99,0.0,1.0,0.0,0.0,1.0,0.0,1.0,0.0,0.0,0.05,1,0.0,1.0,0.0,0.0,1.0,0.0,Q,0.0,0.816496580927726,Q,1,1,Q
5991959a89d17f96e11a,67,0.9,0.95,3,3,16,nested,0.6882472016116853,1.0,1.0,1.0,1.0,1.0,1.0,1.0,0.0,0.0,1.0,1.0,0.0,0.0,0.05,1,0.0,0.0,1.0,0.0,0.0,1.0,Y,0.0,0.816496580927726,Y,1,1,Y
5a07d4acc3c6b704ac13,53,0.9,0.9,2,3,64,independent,-1.9274705288631186e-17,1.0,1.0,1.0,1.0,1.0,1.0,1.0,0.0,0.0,1.0,1.0,0.0,0.0,0.05,1,0.0,0.0,1.0,0.0,0.0,1.0,Y,0.0,0.816496580927726,Y,1,1,Y
5ac8a297e64784eab5b1,23,0.9,0.9,3,5,64,nested,0.9999999999999999,1.0,1.0,1.0,0.9985,0.9885,0.6499,0.8232,-0.1653,-0.3386,0.9885,0.48460000000000003,-0.5154,0.5154,0.05,0,0.2335,0.2816222222222222,0.7482466666666666,0.18482329433120614,0.22291369108345233,0.5922630145853414,Y,0.22653954768796256,0.46405452024678784,Y,1,0,mixture_or_unresolved
5b1e85c760c84a20802f,67,0.9,0.95,3,3,64,nested,0.6882472016116853,1.0,1.0,1.0,1.0,1.0,1.0,1.0,0.0,0.0,1.0,1.0,0.0,0.0,0.05,1,0.0,0.0,1.0,0.0,0.0,1.0,Y,0.0,0.816496580927726,Y,1,1,Y
5b2159c6d04080fdcb4a,41,0.99,0.99,3,3,64,independent,0.0,1.0,1.0,1.0,0.99725,0.1216,0.7183,0.9998,0.8782,0.5967,0.1216,1.5964999999999998,0.5964999999999998,0.5964999999999998,0.05,0,0.6798,0.39938888888888885,0.5175666666666667,0.4257383026693016,0.25012525398725194,0.3241364433434465,P,0.42061125757639917,0.11197410021456877,P,1,0,mixture_or_unresolved
5b72bfad22b64a1b7147,41,0.99,0.95,2,5,16,independent,0.0,1.0,1.0,1.0,0.989,0.0,0.066,0.9357,0.9357,0.066,0.0,1.0017,0.0017000000000000348,0.0017000000000000348,0.05,1,0.9370666666666667,0.06475,0.04228666666666667,0.8974846040142898,0.062014934664832023,0.0405004613208782,P,0.05319927944374185,0.7101028647516832,P,1,1,P
5b7445319070c992f31b,41,0.99,0.99,3,3,16,independent,0.0,1.0,1.0,1.0,0.9915,0.0,0.5456,0.6248,0.6248,0.5456,0.0,1.1703999999999999,0.17039999999999988,0.17039999999999988,0.05,0,0.5657666666666666,0.48631111111111114,0.17965555555555554,0.4593256116042433,0.394818503283539,0.14585588511221764,P,0.3822976153034003,0.06374214376149145,P,1,0,mixture_or_unresolved
5bc2a22d6da737916dda,23,0.9,0.99,3,5,64,nested,0.3015113445777637,1.0,1.0,1.0,0.98825,0.0151,0.999,0.0059,-0.0092,0.9839,0.0151,0.9898,-0.010199999999999987,0.010199999999999987,0.05,1,0.009966666666666667,0.9857888888888889,0.009813333333333334,0.009911470787127685,0.9803295425917005,0.009758986621171873,Q,0.009377632963600143,0.7985546703060901,Q,1,1,Q
5c43898db6c9a8b86815,71,0.9,0.95,3,5,64,independent,-1.3265761976790368e-17,1.0,1.0,1.0,0.99675,0.5701,0.9995,0.9864,0.4163,0.4294,0.5701,1.4158,0.41579999999999995,0.41579999999999995,0.05,0,0.2797,0.2908444444444444,0.8475733333333334,0.19723326537679836,0.20509188235423162,0.59767485226897,Y,0.2483272169269141,0.40944660945010647,Y,1,0,mixture_or_unresolved
5c49cbbbe9d0507b2f79,101,0.9,0.99,3,5,16,nested,0.3015113445777637,1.0,1.0,1.0,0.98925,0.0002,1.0,0.0,-0.0002,0.9998,0.0002,0.9998,-0.00019999999999997797,0.00019999999999997797,0.05,1,0.00023333333333333333,0.9998666666666666,8.666666666666665e-05,0.00023328978590663078,0.9996800597221852,8.665049190817713e-05,Q,0.00011547005383792516,0.8162994652986865,Q,1,1,Q
5cad75841c8ab23f563d,41,0.99,0.95,3,3,64,nested,0.43808582711518057,1.0,1.0,1.0,0.99875,0.8858,0.8828,1.0,0.11419999999999997,-0.0030000000000000027,0.8858,0.997,-0.0030000000000000027,0.0030000000000000027,0.05,1,0.1158,0.060111111111111115,0.8828666666666667,0.10937139259103788,0.05677405813831462,0.8338545492706475,Y,0.09447659322110774,0.6275523720335188,Y,1,0,mixture_or_unresolved
5cb8db48c9b2e33675d9,23,0.99,0.99,2,3,64,independent,0.0,1.0,1.0,1.0,0.99025,0.0001,0.5206,0.519,0.5189,0.5205,0.0001,1.0395,0.03950000000000009,0.03950000000000009,0.05,1,0.5036666666666667,0.5090166666666667,0.14484444444444444,0.4351227472342877,0.43974466655467837,0.12513258621103407,Q,0.4079155835872581,0.001305371399164812,Q,1,0,mixture_or_unresolved
5ceffa5cdf97d88b6f8f,41,0.99,0.95,3,5,64,nested,0.43808582711518057,1.0,1.0,1.0,0.98825,0.0064,0.0053,0.9977,0.9913000000000001,-0.0011000000000000003,0.0064,0.9966,-0.0033999999999999586,0.0033999999999999586,0.05,1,0.9915333333333334,0.0077777777777777776,0.006586666666666666,0.985719777136621,0.007732175127139051,0.006548047736240042,P,0.004977951385861453,0.806743334935168,P,1,1,P
5cf472944df20a852c16,101,0.9,0.9,3,5,64,independent,-1.9274705288631186e-17,1.0,1.0,1.0,0.9995,0.9416,1.0,0.9995,0.05790000000000006,0.05840000000000001,0.9416,1.0579,0.05790000000000006,0.05790000000000006,0.05,0,0.03886666666666667,0.04033333333333333,0.98024,0.03668604797503084,0.038070427143899924,0.9252435248810693,Y,0.03371849146487231,0.7590847228743903,Y,1,1,Y
5d467a4a28847da8c714,67,0.99,0.9,2,3,16,nested,0.30151134457776363,1.0,1.0,1.0,1.0,0.9983,0.9993,1.0,0.0017000000000000348,0.0010000000000000009,0.9983,1.001,0.0009999999999998899,0.0009999999999998899,0.05,1,0.0013333333333333333,0.0015166666666666666,0.9990222222222223,0.0013308417019247296,0.00151383243593938,0.9971553258621358,Y,0.00106144555520607,0.8144554416600945,Y,1,1,Y
5d4c895c6506dbd1a803,97,0.99,0.9,2,3,16,independent,0.0,1.0,1.0,1.0,0.998,0.1668,0.8562,1.0,0.8331999999999999,0.6894,0.1668,1.6894,0.6894,0.6894,0.05,0,0.6046,0.46908333333333335,0.6295888888888889,0.3549638114870397,0.27540127010427645,0.36963491840868395,Y,0.4881600420627098,0.015460410262252866,Y,1,0,mixture_or_unresolved
5d62f846fb76ee738cd6,53,0.99,0.95,2,3,16,independent,0.0,1.0,1.0,1.0,0.99375,0.007,0.5498,0.9835,0.9765,0.5428,0.007,1.5262999999999998,0.5262999999999998,0.5262999999999998,0.05,0,0.8013,0.3644833333333334,0.35712222222222223,0.5261652615796558,0.23933416750874612,0.2345005709115981,P,0.3175958070672008,0.30690433704807485,P,1,0,mixture_or_unresolved
5d7e870516b87e3a41b5,71,0.99,0.95,2,3,64,independent,0.0,1.0,1.0,1.0,0.9955,0.0247,0.7074,0.9965,0.9718,0.6827000000000001,0.0247,1.6792,0.6792,0.6792,0.05,0,0.7461,0.46063333333333334,0.48039999999999994,0.44222942268937454,0.27302722566878734,0.2847433516418382,P,0.4086714654421895,0.17921659079527702,P,1,0,mixture_or_unresolved
5d92f32df8c132b4a00e,83,0.99,0.99,2,5,16,independent,0.0,1.0,1.0,1.0,0.98975,0.0,0.5175,0.4911,0.4911,0.5175,0.0,1.0086,0.008599999999999941,0.008599999999999941,0.05,1,0.4868,0.5127333333333334,0.11456666666666666,0.43694461897495734,0.4602220028124345,0.10283337821260807,Q,0.3974860416836462,0.021554712102108298,Q,1,0,mixture_or_unresolved
5dbbf0c289246c1f9ded,41,0.9,0.9,2,3,16,independent,-1.9274705288631186e-17,1.0,1.0,1.0,1.0,1.0,1.0,1.0,0.0,0.0,1.0,1.0,0.0,0.0,0.05,1,0.0,0.0,1.0,0.0,0.0,1.0,Y,0.0,0.816496580927726,Y,1,1,Y
5e144eea1c29c60d3d00,67,0.9,0.95,2,3,64,independent,-1.3265761976790368e-17,1.0,1.0,1.0,1.0,1.0,1.0,1.0,0.0,0.0,1.0,1.0,0.0,0.0,0.05,1,0.0,0.0,1.0,0.0,0.0,1.0,Y,0.0,0.816496580927726,Y,1,1,Y
5e1a57cd19b92fad2595,97,0.9,0.95,2,5,64,nested,0.6882472016116853,1.0,1.0,1.0,0.999,0.9625,1.0,0.0393,-0.9232,0.03749999999999998,0.9625,0.07679999999999998,-0.9232,0.9232,0.05,0,0.6182333333333333,0.34446666666666664,0.34666,0.47216451803425596,0.26308018166636116,0.26475530029938293,Y,0.555082798628577,0.0010798694221771932,P,0,0,mixture_or_unresolved
5e7b471ac0cefcd8b222,67,0.99,0.99,3,5,64,independent,0.0,1.0,1.0,1.0,0.99075,0.0001,0.3263,0.7042,0.7041000000000001,0.3262,0.0001,1.0304,0.030399999999999983,0.030399999999999983,0.05,1,0.6938,0.3162,0.13117333333333334,0.6079707435621816,0.277083235967659,0.11494602047015937,P,0.2542763195161253,0.3083867946116803,P,1,0,mixture_or_unresolved
5e90f27e3af80b2dd787,97,0.9,0.95,3,3,64,independent,-1.3265761976790368e-17,1.0,1.0,1.0,1.0,1.0,1.0,1.0,0.0,0.0,1.0,1.0,0.0,0.0,0.05,1,0.0,0.0,1.0,0.0,0.0,1.0,Y,0.0,0.816496580927726,Y,1,1,Y
5ed2add7b2c3cb757691,83,0.99,0.9,3,5,16,independent,0.0,1.0,1.0,1.0,0.98775,0.0,0.0501,0.986,0.986,0.0501,0.0,1.0361,0.03610000000000002,0.03610000000000002,0.05,1,0.9735333333333334,0.03752222222222222,0.03458,0.9310445959501504,0.03588460819150925,0.033070795858340274,P,0.030033370329240996,0.7604318956164972,P,1,1,P
5ee066c94c919cc7a2fa,97,0.9,0.95,3,5,64,independent,-1.3265761976790368e-17,1.0,1.0,1.0,0.99325,0.3963,0.9884,0.9367,0.5404,0.5921,0.3963,1.5288,0.5287999999999999,0.5287999999999999,0.05,0,0.36150000000000004,0.41146666666666665,0.7497533333333334,0.23740411894504573,0.27021820601730234,0.49237767503765195,Y,0.35052110730548974,0.2367310077751344,Y,1,0,mixture_or_unresolved
5f289a2b9998a3523f60,53,0.9,0.99,3,3,64,independent,0.0,1.0,1.0,1.0,1.0,0.9999,1.0,1.0,9.999999999998899e-05,9.999999999998899e-05,0.9999,1.0001,9.999999999998899e-05,9.999999999998899e-05,0.05,1,3.3333333333333335e-05,4.4444444444444447e-05,0.9999666666666667,3.333185191769255e-05,4.444246922359006e-05,0.9999222256788587,Y,5.7735026918956215e-05,0.8163980220924324,Y,1,1,Y
5f2a26cb3e6fa6a96b2b,41,0.9,0.9,2,5,64,independent,-1.9274705288631186e-17,1.0,1.0,1.0,0.99975,0.9711,1.0,1.0,0.028900000000000037,0.028900000000000037,0.9711,1.0289000000000001,0.028900000000000148,0.028900000000000148,0.05,1,0.019866666666666668,0.019783333333333333,0.99034,0.01928821315417302,0.019207306219801486,0.9615044806260256,Y,0.016685422779580208,0.7880992709946822,Y,1,1,Y
5f4923d4ba9711975b4a,41,0.99,0.95,3,5,16,nested,0.43808582711518057,1.0,1.0,1.0,0.99,0.0001,0.0,0.9998,0.9997,-0.0001,0.0001,0.9997,-0.00029999999999996696,0.00029999999999996696,0.05,1,0.9998333333333334,0.0002,0.00020666666666666666,0.9995934309099149,0.00019995201151723588,0.00020661707856781038,P,0.0001290994448735692,0.8162858379490965,P,1,1,P
5fe8865a1fa4b8819879,53,0.9,0.99,2,5,64,independent,0.0,1.0,1.0,1.0,0.98475,0.0012,0.9458,0.0594,0.0582,0.9446,0.0012,1.004,0.0040000000000000036,0.0040000000000000036,0.05,1,0.057833333333333334,0.9441,0.047580000000000004,0.05510490576584703,0.8995597959689253,0.0453352982652277,Q,0.04643073694583508,0.7236920757708554,Q,1,1,Q
60096548451e3b31e07c,11,0.9,0.99,2,3,16,independent,0.0,1.0,1.0,1.0,0.99925,0.6005,1.0,0.9984,0.3978999999999999,0.39949999999999997,0.6005,1.3979,0.3978999999999999,0.3978999999999999,0.05,0,0.2661,0.26921666666666666,0.8656555555555555,0.1899395261227322,0.19216417170615643,0.6178963021711112,Y,0.23065328236699054,0.4420038393029828,Y,1,0,mixture_or_unresolved
60334ff98461a8a7c9d6,83,0.99,0.9,3,3,64,nested,0.30151134457776363,1.0,1.0,1.0,0.99925,0.9273,0.9347,1.0,0.07269999999999999,0.007399999999999962,0.9273,1.0074,0.007400000000000073,0.007400000000000073,0.05,1,0.0704,0.04482222222222222,0.9307333333333334,0.06730687515934393,0.04285289368573128,0.8898402311549249,Y,0.05641920476811657,0.7037451151873344,Y,1,1,Y
60664712baab0c6896d4,37,0.99,0.95,3,5,64,independent,0.0,1.0,1.0,1.0,0.986,0.0001,0.1007,0.9116,0.9115,0.1006,0.0001,1.0122,0.012199999999999989,0.012199999999999989,0.05,1,0.9073,0.09615555555555555,0.06752,0.8471715300069096,0.08978314682978551,0.0630453231633049,P,0.07736291101038018,0.661950973615088,P,1,0,mixture_or_unresolved
606ae4a020d38b17a16d,83,0.99,0.95,2,5,64,independent,0.0,1.0,1.0,1.0,0.98675,0.0005,0.1388,0.8783,0.8778,0.1383,0.0005,1.0166,0.016599999999999948,0.016599999999999948,0.05,1,0.8743666666666666,0.13193333333333335,0.08594,0.8005261358919896,0.12079152323054765,0.07868234087746284,P,0.10657795269191468,0.6036043196860995,P,1,0,mixture_or_unresolved
607183a62786f51506e1,37,0.9,0.95,3,5,64,independent,-1.3265761976790368e-17,1.0,1.0,1.0,0.99775,0.6918,1.0,0.99,0.2982,0.30820000000000003,0.6918,1.2982,0.2982,0.2982,0.05,0,0.19896666666666665,0.20977777777777776,0.89042,0.15314971674101646,0.1614713046334054,0.6853789786255782,Y,0.178032993196954,0.5192682903240216,Y,1,0,mixture_or_unresolved
60b5660957bdd9a15ade,37,0.9,0.99,3,5,64,nested,0.3015113445777637,1.0,1.0,1.0,0.99,0.0364,0.9995,0.0038,-0.032600000000000004,0.9631000000000001,0.0364,0.9669000000000001,-0.03309999999999991,0.03309999999999991,0.05,1,0.025166666666666667,0.974,0.014806666666666666,0.024819850620660635,0.9605775299810645,0.014602619398274772,Q,0.021131729697305895,0.7790640067738819,Q,1,1,Q
6143318cbe6f02d76ccf,71,0.99,0.9,2,3,16,independent,0.0,1.0,1.0,1.0,1.0,0.8993,1.0,1.0,0.10070000000000001,0.10070000000000001,0.8993,1.1007,0.10070000000000001,0.10070000000000001,0.05,0,0.06673333333333334,0.0693,0.9664333333333333,0.06053093064038219,0.06285904335731995,0.876610026002298,Y,0.05813917210739532,0.7183358736388712,Y,1,0,mixture_or_unresolved
614f42c6b0078d958e39,23,0.9,0.95,3,5,16,nested,0.6882472016116853,1.0,1.0,1.0,0.99825,0.9735,1.0,0.2031,-0.7704,0.026499999999999968,0.9735,0.22960000000000003,-0.7704,0.7704,0.05,0,0.5133666666666666,0.2836666666666667,0.4582866666666666,0.4089528300884768,0.2259715982113459,0.3650755717001774,Y,0.4603447476258056,0.11380734023942207,P,0,0,mixture_or_unresolved
6161cc13c68124de6080,97,0.99,0.9,3,3,64,independent,0.0,1.0,1.0,1.0,0.99975,0.9451,0.9741,1.0,0.05489999999999995,0.028999999999999915,0.9451,1.029,0.028999999999999915,0.028999999999999915,0.05,1,0.045733333333333334,0.03306666666666666,0.9645555555555556,0.04383293220591681,0.03169261570573576,0.9244744520883474,Y,0.035046730708203466,0.7485528311429588,Y,1,1,Y
618d6ddce13fae85a6da,101,0.9,0.9,2,3,64,nested,0.9999999999999999,1.0,1.0,1.0,1.0,1.0,1.0,1.0,0.0,0.0,1.0,1.0,0.0,0.0,0.05,1,0.0,0.0,1.0,0.0,0.0,1.0,Y,0.0,0.816496580927726,Y,1,1,Y
61999bc254d0d65dc86e,101,0.99,0.9,3,3,64,independent,0.0,1.0,1.0,1.0,0.9995,0.6615,0.8997,1.0,0.3385,0.23820000000000008,0.6615,1.2382,0.23819999999999997,0.23819999999999997,0.05,0,0.26056666666666667,0.1794,0.8195333333333333,0.20688103744872302,0.1424374751885669,0.65068148736271,Y,0.20383190787182134,0.4409011997006066,Y,1,0,mixture_or_unresolved
61b744e45c13143bfd0d,67,0.99,0.99,2,3,16,independent,0.0,1.0,1.0,1.0,0.99,0.0002,0.5419,0.5597,0.5595,0.5417000000000001,0.0002,1.1014,0.10139999999999993,0.10139999999999993,0.05,0,0.5247333333333333,0.50595,0.14246666666666669,0.44728579749676795,0.43127477304692496,0.12143942945630712,P,0.40312104881784583,0.01445917900270921,P,1,0,mixture_or_unresolved
61ba38041aa9dc094897,97,0.9,0.99,2,5,64,independent,0.0,1.0,1.0,1.0,0.982,0.0003,0.9279,0.083,0.08270000000000001,0.9276,0.0003,1.0106,0.010599999999999943,0.010599999999999943,0.05,1,0.07566666666666667,0.9234666666666667,0.05890666666666666,0.07151588471765402,0.8728088415056771,0.0556752737766688,Q,0.06347571714180683,0.6897147191578938,Q,1,1,Q
61be23132d74d0ac64a1,67,0.9,0.99,3,3,16,nested,0.3015113445777637,1.0,1.0,1.0,1.0,1.0,1.0,1.0,0.0,0.0,1.0,1.0,0.0,0.0,0.05,1,0.0,0.0,1.0,0.0,0.0,1.0,Y,0.0,0.816496580927726,Y,1,1,Y
61d3fcd1c6ac5212f654,41,0.9,0.95,3,5,16,nested,0.6882472016116853,1.0,1.0,1.0,0.949,0.0001,0.9999,0.0,-0.0001,0.9998,0.0001,0.9998,-0.00019999999999997797,0.00019999999999997797,0.05,1,0.00036666666666666667,0.9997333333333334,0.00016666666666666666,0.00036656891495601173,0.9994668088509732,0.00016662223407091443,Q,8.164965809276811e-05,0.8163741095026023,Q,1,1,Q
61df413859894b4ffeb3,41,0.9,0.99,3,5,16,nested,0.3015113445777637,1.0,1.0,1.0,0.99,0.0,1.0,0.0,0.0,1.0,0.0,1.0,0.0,0.0,0.05,1,0.0,1.0,0.0,0.0,1.0,0.0,Q,0.0,0.816496580927726,Q,1,1,Q
6206e6ea5214a8abbb43,71,0.9,0.95,2,3,64,nested,0.6882472016116853,1.0,1.0,1.0,1.0,1.0,1.0,1.0,0.0,0.0,1.0,1.0,0.0,0.0,0.05,1,3.3333333333333335e-05,0.0,0.9999333333333333,3.333444448148272e-05,0.0,0.9999666655555185,Y,0.0,0.816496580927726,Y,1,1,Y
623023823605e52949ec,101,0.99,0.99,2,3,64,nested,1.0,1.0,1.0,1.0,0.99975,0.9893,0.9951,1.0,0.010700000000000043,0.005800000000000027,0.9893,1.0058,0.005800000000000027,0.005800000000000027,0.05,1,0.0086,0.006816666666666666,0.9936444444444444,0.008522774196034817,0.006755454740655504,0.9847217710633096,Y,0.006794605703546529,0.8033367622444754,Y,1,1,Y
62e49d72daa9ed4a8f64,23,0.99,0.9,3,5,16,nested,0.30151134457776363,1.0,1.0,1.0,0.98975,0.0,0.0,1.0,1.0,0.0,0.0,1.0,0.0,0.0,0.05,1,1.0,4.4444444444444447e-05,4e-05,0.9999155626858175,4.444069167492523e-05,3.99966225074327e-05,P,0.0,0.816496580927726,P,1,1,P
62f40a1961134488a844,11,0.99,0.9,3,3,64,nested,0.30151134457776363,1.0,1.0,1.0,1.0,0.9173,0.9156,1.0,0.0827,-0.0017000000000000348,0.9173,0.9983,-0.0017000000000000348,0.0017000000000000348,0.05,1,0.08303333333333333,0.04718888888888889,0.9176333333333333,0.07924120160751588,0.04503377267859226,0.8757250257138919,Y,0.06822181957897831,0.6800567938621205,Y,1,1,Y
6308ed732fd1b77c6218,41,0.9,0.99,3,3,64,nested,0.3015113445777637,1.0,1.0,1.0,1.0,1.0,1.0,1.0,0.0,0.0,1.0,1.0,0.0,0.0,0.05,1,0.0,0.0,1.0,0.0,0.0,1.0,Y,0.0,0.816496580927726,Y,1,1,Y
638ad1db13e776a3d86e,101,0.9,0.95,3,5,64,nested,0.6882472016116853,1.0,1.0,1.0,0.99575,0.9473,1.0,0.3511,-0.5962000000000001,0.05269999999999997,0.9473,0.40379999999999994,-0.5962000000000001,0.5962000000000001,0.05,0,0.3987,0.2500888888888889,0.5495266666666667,0.3327170361359093,0.20870036087693467,0.4585826029871561,Y,0.3758760877381445,0.2074044336807236,Y,1,0,mixture_or_unresolved
6393904576bec8303ca5,37,0.9,0.9,2,5,16,nested,0.9999999999999999,1.0,1.0,1.0,1.0,1.0,1.0,1.0,0.0,0.0,1.0,1.0,0.0,0.0,0.05,1,0.0,0.0,1.0,0.0,0.0,1.0,Y,0.0,0.816496580927726,Y,1,1,Y
63fc935430f376660f71,97,0.99,0.95,2,5,16,nested,0.43808582711518057,1.0,1.0,1.0,0.99,0.0,0.0003,1.0,1.0,0.0003,0.0,1.0003,0.00029999999999996696,0.00029999999999996696,0.05,1,0.9997666666666667,0.00011666666666666667,0.00018,0.9997033521210323,0.00011665927824571111,0.0001799886007219543,P,0.00017320508075688773,0.8162009105467946,P,1,1,P
64921b4589cb70eff984,83,0.9,0.9,3,3,16,independent,-1.9274705288631186e-17,1.0,1.0,1.0,1.0,1.0,1.0,1.0,0.0,0.0,1.0,1.0,0.0,0.0,0.05,1,0.0,0.0,1.0,0.0,0.0,1.0,Y,0.0,0.816496580927726,Y,1,1,Y
64b47a82334ac403c406,41,0.9,0.95,2,5,64,independent,-1.3265761976790368e-17,1.0,1.0,1.0,0.9975,0.675,0.9994,0.993,0.31799999999999995,0.3243999999999999,0.675,1.3174,0.3173999999999999,0.3173999999999999,0.05,0,0.21286666666666668,0.21761666666666665,0.88648,0.16163446717068813,0.1652412494399996,0.6731242833893124,Y,0.18768267545691758,0.5055403189683971,Y,1,0,mixture_or_unresolved
64d71565a560051c8129,101,0.9,0.99,3,3,16,independent,0.0,1.0,1.0,1.0,0.99975,0.683,1.0,0.9962,0.3131999999999999,0.31699999999999995,0.683,1.3132,0.3131999999999999,0.3131999999999999,0.05,0,0.2072,0.21038888888888888,0.8919222222222223,0.15822698886777084,0.16066216399674177,0.6811108471354874,Y,0.18303318460505094,0.5143197724164754,Y,1,0,mixture_or_unresolved
678acf57cec47bba81c3,67,0.99,0.95,3,3,64,independent,0.0,1.0,1.0,1.0,0.999,0.5818,0.9387,1.0,0.4182,0.3569,0.5818,1.3569,0.3569,0.3569,0.05,0,0.29746666666666666,0.2463111111111111,0.8203777777777778,0.2180591982015736,0.18055940182774852,0.6013813999706779,Y,0.2440279560487555,0.3935844993921128,Y,1,0,mixture_or_unresolved
679f3148907c5c774b84,11,0.9,0.99,3,3,64,nested,0.3015113445777637,1.0,1.0,1.0,1.0,0.9999,1.0,0.9996,-0.00029999999999996696,9.999999999998899e-05,0.9999,0.9997,-0.00029999999999996696,0.00029999999999996696,0.05,1,0.00013333333333333334,0.00025555555555555553,0.9996888888888888,0.00013332296376948458,0.00025553568055817875,0.9996111413556722,Y,0.00023804761428473543,0.8160544183560928,Y,1,1,Y
67abae300dc8822f48a9,11,0.99,0.95,3,3,16,independent,0.0,1.0,1.0,1.0,0.995,0.0272,0.6043,0.9801,0.9529,0.5771,0.0272,1.5571999999999997,0.5571999999999997,0.5571999999999997,0.05,0,0.7671666666666667,0.3910222222222222,0.40521111111111113,0.49070402115048395,0.25011015877077025,0.25918582007874574,P,0.34943494387367724,0.2570066828857881,P,1,0,mixture_or_unresolved
67ac76402689ca7c5a75,53,0.99,0.99,3,5,16,nested,1.0,1.0,1.0,1.0,0.99,0.0,0.0,1.0,1.0,0.0,0.0,1.0,0.0,0.0,0.05,1,1.0,0.0,0.0,1.0,0.0,0.0,P,0.0,0.816496580927726,P,1,1,P
67f63db9efa43f27ed2a,37,0.99,0.95,3,5,64,nested,0.43808582711518057,1.0,1.0,1.0,0.99,0.0097,0.0097,0.9999,0.9902,0.0,0.0097,0.9999,-9.999999999998899e-05,9.999999999998899e-05,0.05,1,0.9899333333333333,0.0103,0.00942,0.9804685436585495,0.010201521314246474,0.009329935027204056,P,0.007920227269466451,0.800656338884496,P,1,1,P
682f1dacee81a976616f,67,0.99,0.99,3,5,16,independent,0.0,1.0,1.0,1.0,0.991,0.0,0.4181,0.5953,0.5953,0.4181,0.0,1.0134,0.013400000000000079,0.013400000000000079,0.05,1,0.5915666666666667,0.41268888888888894,0.12629333333333334,0.5232561567930621,0.3650340935671365,0.1117097496398013,P,0.3359512365408607,0.14466978533257618,P,1,0,mixture_or_unresolved
687924d2793da8456238,53,0.9,0.95,2,3,16,independent,-1.3265761976790368e-17,1.0,1.0,1.0,1.0,1.0,1.0,1.0,0.0,0.0,1.0,1.0,0.0,0.0,0.05,1,0.0,0.0,1.0,0.0,0.0,1.0,Y,0.0,0.816496580927726,Y,1,1,Y
68f9c20e394b3787173f,67,0.9,0.9,2,3,16,independent,-1.9274705288631186e-17,1.0,1.0,1.0,1.0,1.0,1.0,1.0,0.0,0.0,1.0,1.0,0.0,0.0,0.05,1,0.0,0.0,1.0,0.0,0.0,1.0,Y,0.0,0.816496580927726,Y,1,1,Y
6948a4d013324a04bca1,37,0.99,0.95,3,3,16,independent,0.0,1.0,1.0,1.0,0.9995,0.5843,0.9785,1.0,0.41569999999999996,0.3942,0.5843,1.3942,0.3942000000000001,0.3942000000000001,0.05,0,0.28613333333333335,0.26415555555555553,0.8471444444444445,0.2047563390024569,0.18902909301974252,0.6062145679778006,Y,0.24032529343926048,0.41766881494368446,Y,1,0,mixture_or_unresolved
69a872b858a1ea167d53,53,0.99,0.95,3,5,16,independent,0.0,1.0,1.0,1.0,0.98625,0.0,0.0498,0.9526,0.9526,0.0498,0.0,1.0024,0.0023999999999999577,0.0023999999999999577,0.05,1,0.9514333333333334,0.04832222222222222,0.03760666666666666,0.9171659743837468,0.04658182184300779,0.03625220377324538,P,0.03969382823563381,0.7371216367666192,P,1,1,P
69deb9ce0a7297406508,53,0.99,0.9,2,5,16,nested,0.30151134457776363,1.0,1.0,1.0,0.99,0.0,0.0,1.0,1.0,0.0,0.0,1.0,0.0,0.0,0.05,1,1.0,0.0,0.0,1.0,0.0,0.0,P,0.0,0.816496580927726,P,1,1,P
6a9a88b2c2793954d6b9,41,0.99,0.95,2,5,64,independent,0.0,1.0,1.0,1.0,0.98375,0.0002,0.1377,0.8706,0.8704000000000001,0.13749999999999998,0.0002,1.0081,0.008099999999999996,0.008099999999999996,0.05,1,0.8689,0.13406666666666667,0.09362000000000001,0.7923678323038763,0.12225815864987112,0.08537400904625263,P,0.10909581415740323,0.5983657725500778,P,1,0,mixture_or_unresolved
6ac8a3a1922b36e17a82,41,0.9,0.95,2,5,16,independent,-1.3265761976790368e-17,1.0,1.0,1.0,0.944,0.0,0.8377,0.1686,0.1686,0.8377,0.0,1.0063,0.006299999999999972,0.006299999999999972,0.05,1,0.1647,0.8354166666666667,0.08988,0.15110137951492206,0.7664396527206505,0.0824589677644274,Q,0.1351138408898215,0.5462982346317873,Q,1,0,mixture_or_unresolved
6aeadd01d4c357513d65,41,0.99,0.95,3,3,16,independent,0.0,1.0,1.0,1.0,0.996,0.0232,0.6675,0.9947,0.9715,0.6443,0.0232,1.6390000000000002,0.6390000000000002,0.6390000000000002,0.05,0,0.7588,0.43051111111111107,0.4478111111111111,0.4634962434081485,0.2629682165860147,0.2735355400058368,P,0.38562614883675445,0.21011500860216775,P,1,0,mixture_or_unresolved
6b2f18aba7c1113c21db,23,0.99,0.99,2,5,16,nested,1.0,1.0,1.0,1.0,0.99,0.0,0.0042,0.9965,0.9965,0.0042,0.0,1.0007000000000001,0.000700000000000145,0.000700000000000145,0.05,1,0.9961333333333333,0.00425,0.004086666666666666,0.9917004324005031,0.004231087040927057,0.004068480558569859,P,0.0031564748269760066,0.8101966444678766,P,1,1,P
6b2f1faa7930f6492f00,53,0.9,0.9,2,3,64,nested,0.9999999999999999,1.0,1.0,1.0,1.0,1.0,1.0,1.0,0.0,0.0,1.0,1.0,0.0,0.0,0.05,1,0.0,0.0,1.0,0.0,0.0,1.0,Y,0.0,0.816496580927726,Y,1,1,Y
6b9558267666e52fb130,41,0.99,0.99,3,5,16,independent,0.0,1.0,1.0,1.0,0.9895,0.0,0.3671,0.6325,0.6325,0.3671,0.0,0.9995999999999999,-0.00040000000000006697,0.00040000000000006697,0.05,1,0.6322,0.36987777777777775,0.1314,0.557752443316048,0.3263211551468931,0.115926401537059,P,0.29989923863413415,0.21669817392875002,P,1,0,mixture_or_unresolved
6be8fed286aa09eb32c5,67,0.99,0.9,3,5,16,nested,0.30151134457776363,1.0,1.0,1.0,0.99,0.0,0.0,1.0,1.0,0.0,0.0,1.0,0.0,0.0,0.05,1,1.0,0.0,6.6666666666666675e-06,0.9999933333777774,0.0,6.666622222518517e-06,P,0.0,0.816496580927726,P,1,1,P
6c1e71f62d430f19a8b9,83,0.9,0.99,3,5,16,nested,0.3015113445777637,1.0,1.0,1.0,0.99,0.0005,0.9999,0.0,-0.0005,0.9994000000000001,0.0005,0.9994000000000001,-0.0005999999999999339,0.0005999999999999339,0.05,1,0.00046666666666666666,0.9995222222222222,0.0003066666666666667,0.0004665287814934697,0.9992268951620966,0.00030657605640999443,Q,0.0002943920288775936,0.8159980923172666,Q,1,1,Q
6c2836fdbdf2a0ba68d7,101,0.99,0.99,3,5,16,independent,0.0,1.0,1.0,1.0,0.9905,0.0,0.3571,0.6492,0.6492,0.3571,0.0,1.0063,0.006299999999999972,0.006299999999999972,0.05,1,0.6445666666666666,0.35406666666666664,0.13174,0.5702245865672698,0.31322984736606196,0.11654556606666824,P,0.28901040927043903,0.23849347697116957,P,1,0,mixture_or_unresolved
6c659ee22ef56a11b668,97,0.9,0.99,3,5,16,independent,0.0,1.0,1.0,1.0,0.987,0.0,0.954,0.0488,0.0488,0.954,0.0,1.0028,0.0027999999999999137,0.0027999999999999137,0.05,1,0.048266666666666666,0.9525444444444445,0.030953333333333333,0.046780703605904875,0.9232189087087062,0.030000387685389,Q,0.0387188154088767,0.7390766675642075,Q,1,1,Q
6c65ebfbeb63f1192407,11,0.9,0.99,2,5,64,independent,0.0,1.0,1.0,1.0,0.9865,0.0009,0.96,0.109,0.1081,0.9591,0.0009,1.0680999999999998,0.06809999999999983,0.06809999999999983,0.05,0,0.08603333333333334,0.93775,0.06902666666666667,0.07872670760089434,0.8581089118877024,0.06316438051140333,Q,0.06703683067289702,0.6891557836787641,Q,1,0,mixture_or_unresolved
6c752f419278eda3f8df,11,0.9,0.99,2,5,16,nested,0.3015113445777637,1.0,1.0,1.0,0.99,0.0003,1.0,0.0,-0.0003,0.9997,0.0003,0.9997,-0.00029999999999996696,0.00029999999999996696,0.05,1,0.00023333333333333333,0.9997,0.00017999999999999996,0.0002333068918855863,0.9995867135058026,0.00017997960231173795,Q,0.00017320508075688773,0.8162009105467946,Q,1,1,Q
6ca562131d2b3278a261,23,0.9,0.9,3,3,64,nested,0.9999999999999999,1.0,1.0,1.0,1.0,1.0,1.0,1.0,0.0,0.0,1.0,1.0,0.0,0.0,0.05,1,0.0,0.0,1.0,0.0,0.0,1.0,Y,0.0,0.816496580927726,Y,1,1,Y
6cb61c85ac1c0f256910,97,0.9,0.95,3,3,64,nested,0.6882472016116853,1.0,1.0,1.0,1.0,1.0,1.0,1.0,0.0,0.0,1.0,1.0,0.0,0.0,0.05,1,0.0,0.0,1.0,0.0,0.0,1.0,Y,0.0,0.816496580927726,Y,1,1,Y
6cedabfb535689541b91,71,0.9,0.9,3,5,16,nested,0.9999999999999999,1.0,1.0,1.0,1.0,1.0,1.0,1.0,0.0,0.0,1.0,1.0,0.0,0.0,0.05,1,0.0,0.0,1.0,0.0,0.0,1.0,Y,0.0,0.816496580927726,Y,1,1,Y
6d125ab43a79f9bc4308,23,0.99,0.9,3,5,64,independent,0.0,1.0,1.0,1.0,0.987,0.0008,0.0546,0.9691,0.9682999999999999,0.0538,0.0008,1.0229,0.02289999999999992,0.02289999999999992,0.05,1,0.9594333333333334,0.046766666666666665,0.036546666666666665,0.9201020382067872,0.044849500038360225,0.035048461754852565,P,0.03622434724509655,0.7454270264503636,P,1,1,P
6d19a29197ed1e2ef81c,67,0.9,0.9,2,3,64,nested,0.9999999999999999,1.0,1.0,1.0,1.0,1.0,1.0,1.0,0.0,0.0,1.0,1.0,0.0,0.0,0.05,1,0.0,0.0,1.0,0.0,0.0,1.0,Y,0.0,0.816496580927726,Y,1,1,Y
6d81e0ee1cf1ef05bf56,101,0.99,0.9,2,5,16,nested,0.30151134457776363,1.0,1.0,1.0,0.98975,0.0,0.0,1.0,1.0,0.0,0.0,1.0,0.0,0.0,0.05,1,0.9998,5e-05,5.333333333333334e-05,0.999896656676812,5.0004833800600725e-05,5.333848938730744e-05,P,0.0,0.816496580927726,P,1,1,P
6e6058c60d273a538922,11,0.9,0.9,3,3,16,independent,-1.9274705288631186e-17,1.0,1.0,1.0,1.0,1.0,1.0,1.0,0.0,0.0,1.0,1.0,0.0,0.0,0.05,1,0.0,0.0,1.0,0.0,0.0,1.0,Y,0.0,0.816496580927726,Y,1,1,Y
6e94b1e13188beb85896,67,0.99,0.9,3,5,64,nested,0.30151134457776363,1.0,1.0,1.0,0.99025,0.0582,0.0589,0.9998,0.9416,0.0006999999999999992,0.0582,1.0005,0.0004999999999999449,0.0004999999999999449,0.05,1,0.9418333333333333,0.04061111111111111,0.058399999999999994,0.9048742474059523,0.03901746445194073,0.05610828814210683,P,0.047806868404724714,0.7208838995030645,P,1,1,P
6ef909a20ec5833c8f86,71,0.9,0.95,3,5,64,nested,0.6882472016116853,1.0,1.0,1.0,1.0,1.0,1.0,0.8268,-0.17320000000000002,0.0,1.0,0.8268,-0.17320000000000002,0.17320000000000002,0.05,0,0.11576666666666667,0.05773333333333333,0.8852533333333333,0.1093424341835996,0.05452954103253512,0.8361280247838654,Y,0.09999706662364319,0.6491353738255295,Y,1,0,mixture_or_unresolved
6f13f34a1337d6f5b42e,23,0.99,0.99,3,5,16,independent,0.0,1.0,1.0,1.0,0.99025,0.0,0.4531,0.5472,0.5472,0.4531,0.0,1.0003,0.00029999999999996696,0.00029999999999996696,0.05,1,0.5476,0.45353333333333334,0.12239333333333333,0.4873938609972171,0.4036693981451264,0.10893674085765655,P,0.36983214661068425,0.0768323247769559,P,1,0,mixture_or_unresolved
6fc3007a2a39ffa8da43,83,0.99,0.9,3,3,64,independent,0.0,1.0,1.0,1.0,0.999,0.6829,0.9068,1.0,0.31710000000000005,0.2239000000000001,0.6829,1.2239,0.2239,0.2239,0.05,0,0.24386666666666665,0.15894444444444444,0.8311111111111111,0.19763536329500328,0.12881236886891845,0.6735522678360784,Y,0.19082160080382238,0.46457615374425865,Y,1,0,mixture_or_unresolved
7024050226ddfb8e49b9,23,0.9,0.95,3,3,64,independent,-1.3265761976790368e-17,1.0,1.0,1.0,1.0,1.0,1.0,1.0,0.0,0.0,1.0,1.0,0.0,0.0,0.05,1,0.0,0.0,1.0,0.0,0.0,1.0,Y,0.0,0.816496580927726,Y,1,1,Y
70aee0db66f160d9ef67,101,0.9,0.95,2,5,64,independent,-1.3265761976790368e-17,1.0,1.0,1.0,0.985,0.1409,0.9538,0.8118,0.6708999999999999,0.8129,0.1409,1.6247,0.6247,0.6247,0.05,0,0.4669,0.6049833333333333,0.5627599999999999,0.2856280574967424,0.37010112297687775,0.34427081952637983,Q,0.4764474402631767,0.0320164194817088,Q,1,0,mixture_or_unresolved
70dde445cf17974b2d66,23,0.9,0.9,3,5,16,nested,0.9999999999999999,1.0,1.0,1.0,1.0,1.0,1.0,1.0,0.0,0.0,1.0,1.0,0.0,0.0,0.05,1,0.0,0.0,1.0,0.0,0.0,1.0,Y,0.0,0.816496580927726,Y,1,1,Y
714e79866c8618ad430a,37,0.9,0.95,3,3,64,independent,-1.3265761976790368e-17,1.0,1.0,1.0,1.0,1.0,1.0,1.0,0.0,0.0,1.0,1.0,0.0,0.0,0.05,1,0.0,0.0,1.0,0.0,0.0,1.0,Y,0.0,0.816496580927726,Y,1,1,Y
721aa8a244b872894184,11,0.99,0.9,2,3,16,independent,0.0,1.0,1.0,1.0,0.9975,0.0472,0.8087,1.0,0.9528,0.7615,0.0472,1.7614999999999998,0.7614999999999998,0.7614999999999998,0.05,0,0.6988666666666666,0.5092833333333333,0.5544777777777778,0.39649134972090283,0.28893413558670294,0.3145745146923943,P,0.46769774071152687,0.09337965442512747,P,1,0,mixture_or_unresolved
721ce8325bfc9b2bf628,97,0.99,0.99,3,3,16,independent,0.0,1.0,1.0,1.0,0.9995,0.7589,0.9422,1.0,0.24109999999999998,0.18330000000000002,0.7589,1.1833,0.18330000000000002,0.18330000000000002,0.05,0,0.18216666666666667,0.13246666666666668,0.8811333333333333,0.15234298776238397,0.1107796950352633,0.7368773172023527,Y,0.14314334307492843,0.5553479000102421,Y,1,0,mixture_or_unresolved
72ab72b6fc541ff377f4,37,0.99,0.95,2,3,16,independent,0.0,1.0,1.0,1.0,0.99675,0.0111,0.712,0.9913,0.9802,0.7009,0.0111,1.6922,0.6921999999999999,0.6921999999999999,0.05,0,0.7494666666666667,0.47123333333333334,0.47326666666666667,0.4424329483067357,0.2781833566185875,0.27938369507467675,P,0.4111540262886079,0.18352877431464926,P,1,0,mixture_or_unresolved
72fbdbc0b02ac046f907,67,0.9,0.95,3,5,16,nested,0.6882472016116853,1.0,1.0,1.0,0.95,0.0001,1.0,0.0,-0.0001,0.9999,0.0001,0.9999,-9.999999999998899e-05,9.999999999998899e-05,0.05,1,6.666666666666667e-05,0.9999555555555556,3.3333333333333335e-05,6.666296316871284e-05,0.9999000055552468,3.333148158435642e-05,Q,5.773502691896258e-05,0.8163980220924324,Q,1,1,Q
7353b6ff7ee57e76aeca,71,0.99,0.9,3,5,64,nested,0.30151134457776363,1.0,1.0,1.0,0.99175,0.1523,0.1464,0.9998,0.8475,-0.005899999999999989,0.1523,0.9939,-0.006099999999999994,0.006099999999999994,0.05,1,0.8503333333333334,0.07084444444444445,0.14809999999999998,0.7952408167506625,0.06625448121785213,0.1385047020314854,P,0.12196760498864714,0.5725893977116352,P,1,0,mixture_or_unresolved
73eaf13dc43e517e0bae,11,0.99,0.99,2,5,16,independent,0.0,1.0,1.0,1.0,0.9925,0.0,0.408,0.5902,0.5902,0.408,0.0,0.9982,-0.0018000000000000238,0.0018000000000000238,0.05,1,0.5899,0.40975,0.13967333333333334,0.5177634677893603,0.35964329704473713,0.12259323516590259,P,0.33386626064938035,0.14876542777012935,P,1,0,mixture_or_unresolved
741a11f6e65c6222d8f4,37,0.9,0.99,2,5,64,nested,0.3015113445777637,1.0,1.0,1.0,0.9905,0.0984,0.9997,0.0146,-0.0838,0.9013,0.0984,0.9159,-0.08409999999999995,0.08409999999999995,0.05,0,0.056666666666666664,0.9288666666666666,0.042993333333333335,0.055094990244945845,0.9031041165680358,0.04180089318701833,Q,0.057433468755886,0.7136903453405707,Q,1,1,Q
745677d18db855c095a8,37,0.99,0.9,3,3,64,independent,0.0,1.0,1.0,1.0,1.0,0.9707,0.9725,1.0,0.029299999999999993,0.0018000000000000238,0.9707,1.0018,0.0018000000000000238,0.0018000000000000238,0.05,1,0.029033333333333335,0.018077777777777776,0.9726,0.028472116285658246,0.017728332643232283,0.9537995510711094,Y,0.023200143677716004,0.7701082746985588,Y,1,1,Y
746e2a72bed9dbe36203,23,0.9,0.99,2,5,64,nested,0.3015113445777637,1.0,1.0,1.0,0.9895,0.0349,0.9998,0.0011,-0.033800000000000004,0.9649,0.0349,0.966,-0.03400000000000003,0.03400000000000003,0.05,1,0.023733333333333332,0.97595,0.012853333333333335,0.023439480380957396,0.9638663291205916,0.012694190498451087,Q,0.02015986111063268,0.781758517944659,Q,1,1,Q
74847bf34076cd0aab3c,101,0.9,0.99,2,3,64,nested,0.3015113445777637,1.0,1.0,1.0,0.99825,0.8835,1.0,0.0873,-0.7961999999999999,0.11650000000000005,0.8835,0.2038000000000001,-0.7961999999999999,0.7961999999999999,0.05,0,0.5267333333333334,0.3836833333333333,0.35421111111111114,0.4165125443147523,0.3033962562545852,0.2800911994306626,Q,0.512573097226142,0.01864987541968277,P,0,0,mixture_or_unresolved
74ddef1b84df1d945d92,83,0.9,0.99,3,3,16,nested,0.3015113445777637,1.0,1.0,1.0,1.0,1.0,1.0,1.0,0.0,0.0,1.0,1.0,0.0,0.0,0.05,1,0.0,0.0,1.0,0.0,0.0,1.0,Y,0.0,0.816496580927726,Y,1,1,Y
7565e0017c96ed154117,67,0.99,0.99,3,3,64,nested,1.0,1.0,1.0,1.0,1.0,0.9894,0.992,1.0,0.010600000000000054,0.0026000000000000467,0.9894,1.0026000000000002,0.0026000000000001577,0.0026000000000001577,0.05,1,0.009333333333333334,0.0074888888888888895,0.9905444444444444,0.009265080573111413,0.007434124174139395,0.9833007952527492,Y,0.007667246354896071,0.8012366127861846,Y,1,1,Y
75765a9a1dfcb28e6129,11,0.9,0.99,3,5,16,independent,0.0,1.0,1.0,1.0,0.98625,0.0,0.9558,0.0432,0.0432,0.9558,0.0,0.999,-0.0010000000000000009,0.0010000000000000009,0.05,1,0.04413333333333334,0.9579444444444445,0.0277,0.04285714285714286,0.9302438498057832,0.0268990073370738,Q,0.035683236026646095,0.7451325510405297,Q,1,1,Q
7590ec8827b7b09907d9,41,0.9,0.9,3,5,64,nested,0.9999999999999999,1.0,1.0,1.0,1.0,1.0,1.0,1.0,0.0,0.0,1.0,1.0,0.0,0.0,0.05,1,0.0,2.2222222222222223e-05,0.9999733333333334,0.0,2.222232098809328e-05,0.9999777776790119,Y,0.0,0.816496580927726,Y,1,1,Y
75a843fce5d308d12d16,11,0.9,0.99,3,5,64,nested,0.3015113445777637,1.0,1.0,1.0,0.9895,0.0534,1.0,0.0127,-0.0407,0.9466,0.0534,0.9593,-0.04069999999999996,0.04069999999999996,0.05,1,0.03236666666666667,0.9603666666666667,0.026093333333333333,0.03176857038161545,0.9426202690676856,0.02561116055069884,Q,0.0316904296804782,0.7579957632679191,Q,1,1,Q
75e842dd2091e842dcb7,41,0.99,0.9,2,5,64,nested,0.30151134457776363,1.0,1.0,1.0,0.991,0.1015,0.0516,1.0,0.8985,-0.04990000000000001,0.1015,0.9501,-0.049900000000000055,0.049900000000000055,0.05,1,0.9138000000000001,0.05298333333333333,0.0689,0.8823160232374762,0.051157850694388565,0.06652612606813538,P,0.06573890273904283,0.6885300170325022,P,1,0,mixture_or_unresolved
7608219b13421d3589af,53,0.99,0.9,3,3,64,nested,0.30151134457776363,1.0,1.0,1.0,0.99975,0.9765,0.9801,1.0,0.023499999999999965,0.0035999999999999366,0.9765,1.0036,0.0036000000000000476,0.0036000000000000476,0.05,1,0.022133333333333335,0.01813333333333333,0.9793222222222222,0.021708095855628086,0.017784946002201322,0.9605069581421706,Y,0.017778826357964874,0.7810011308267407,Y,1,1,Y
761ca9db358bf939c6cd,23,0.99,0.9,2,5,16,nested,0.30151134457776363,1.0,1.0,1.0,0.99,0.0,0.0,1.0,1.0,0.0,0.0,1.0,0.0,0.0,0.05,1,0.9999666666666667,8.333333333333334e-05,0.0,0.9999166708331249,8.332916687498959e-05,0.0,P,0.0,0.816496580927726,P,1,1,P
7637296f7366bf972186,97,0.9,0.9,3,3,64,independent,-1.9274705288631186e-17,1.0,1.0,1.0,1.0,1.0,1.0,1.0,0.0,0.0,1.0,1.0,0.0,0.0,0.05,1,0.0,0.0,1.0,0.0,0.0,1.0,Y,0.0,0.816496580927726,Y,1,1,Y
763cd7f2800f5577dc75,23,0.9,0.99,3,3,16,independent,0.0,1.0,1.0,1.0,1.0,1.0,1.0,1.0,0.0,0.0,1.0,1.0,0.0,0.0,0.05,1,0.0,0.0,1.0,0.0,0.0,1.0,Y,0.0,0.816496580927726,Y,1,1,Y
7760c329db18f42593de,11,0.9,0.95,3,5,64,independent,-1.3265761976790368e-17,1.0,1.0,1.0,0.989,0.3924,0.992,0.8993,0.5068999999999999,0.5995999999999999,0.3924,1.4989,0.4988999999999999,0.4988999999999999,0.05,0,0.3443333333333333,0.4325222222222222,0.7281133333333334,0.22879764218086454,0.2873961218836565,0.4838062359354789,Y,0.3556132027920223,0.2108913573543782,Y,1,0,mixture_or_unresolved
77a113d1385ad3c8e2ee,23,0.9,0.95,3,5,16,independent,-1.3265761976790368e-17,1.0,1.0,1.0,0.9805,0.11,0.9533,0.8144,0.7044,0.8433,0.11,1.6577000000000002,0.6577000000000002,0.6577000000000002,0.05,0,0.48593333333333333,0.624,0.5826133333333333,0.28710188197666636,0.36867521131864417,0.34422290670468964,Q,0.4752291552503908,0.05035884879840791,Q,1,0,mixture_or_unresolved
780b927fa42bb48d8130,53,0.9,0.9,3,3,64,nested,0.9999999999999999,1.0,1.0,1.0,1.0,1.0,1.0,1.0,0.0,0.0,1.0,1.0,0.0,0.0,0.05,1,0.0,0.0,1.0,0.0,0.0,1.0,Y,0.0,0.816496580927726,Y,1,1,Y
781b4d35c0137088ce69,37,0.9,0.95,2,3,64,nested,0.6882472016116853,1.0,1.0,1.0,1.0,1.0,1.0,0.9972,-0.0028000000000000247,0.0,1.0,0.9972,-0.0028000000000000247,0.0028000000000000247,0.05,1,0.0017,0.0009333333333333333,0.9982222222222222,0.0016985467988498728,0.0009325354974077732,0.9973689177037424,Y,0.0016165807537309664,0.8137377062487557,Y,1,1,Y
781e9f5f9560119d96d1,83,0.99,0.9,2,3,16,nested,0.30151134457776363,1.0,1.0,1.0,1.0,0.9991,0.9998,1.0,0.0009000000000000119,0.0007000000000000339,0.9991,1.0007000000000001,0.000700000000000145,0.000700000000000145,0.05,1,0.0006666666666666666,0.0007333333333333333,0.9995888888888889,0.0006660080586975102,0.0007326088645672613,0.9986013830767352,Y,0.000532290647422381,0.8155152671987284,Y,1,1,Y
78f222cf39d6392381fe,71,0.99,0.99,3,5,16,independent,0.0,1.0,1.0,1.0,0.99275,0.0,0.3855,0.62,0.62,0.3855,0.0,1.0055,0.00550000000000006,0.00550000000000006,0.05,1,0.6195333333333334,0.3865666666666667,0.13849333333333336,0.5412693882543437,0.33773276098061034,0.12099785076504611,P,0.31252213254957373,0.19146538383021394,P,1,0,mixture_or_unresolved
7993fef6f0ce96df52df,67,0.9,0.95,3,3,64,independent,-1.3265761976790368e-17,1.0,1.0,1.0,1.0,1.0,1.0,1.0,0.0,0.0,1.0,1.0,0.0,0.0,0.05,1,0.0,0.0,1.0,0.0,0.0,1.0,Y,0.0,0.816496580927726,Y,1,1,Y
799de20b745329413aca,37,0.99,0.95,2,5,64,nested,0.43808582711518057,1.0,1.0,1.0,0.9905,0.0821,0.0712,0.9991,0.917,-0.010900000000000007,0.0821,0.9882,-0.011800000000000033,0.011800000000000033,0.05,1,0.9208333333333333,0.05515,0.07530666666666667,0.8759080114272306,0.052459359453623636,0.07163262911914568,P,0.06274461464274576,0.6911808149146697,P,1,1,P
79e3a4518a957b798f7d,101,0.9,0.9,3,3,64,nested,0.9999999999999999,1.0,1.0,1.0,1.0,1.0,1.0,1.0,0.0,0.0,1.0,1.0,0.0,0.0,0.05,1,0.0,0.0,1.0,0.0,0.0,1.0,Y,0.0,0.816496580927726,Y,1,1,Y
79f82b4ae08cb2dbe57d,23,0.99,0.95,2,5,16,nested,0.43808582711518057,1.0,1.0,1.0,0.99,0.0,0.0012,0.9999,0.9999,0.0012,0.0,1.0011,0.001100000000000101,0.001100000000000101,0.05,1,0.9994666666666667,0.0008333333333333333,0.0007,0.9984681984681987,0.0008325008325008325,0.0006993006993006994,P,0.0006952217871538064,0.8152707599383918,P,1,1,P
7a702ded33d8e5062685,83,0.9,0.9,3,3,16,nested,0.9999999999999999,1.0,1.0,1.0,1.0,1.0,1.0,1.0,0.0,0.0,1.0,1.0,0.0,0.0,0.05,1,0.0,0.0,1.0,0.0,0.0,1.0,Y,0.0,0.816496580927726,Y,1,1,Y
7ab76ef9f3b80e6292bb,37,0.9,0.95,2,3,16,nested,0.6882472016116853,1.0,1.0,1.0,1.0,1.0,1.0,0.2905,-0.7095,0.0,1.0,0.2905,-0.7095,0.7095,0.05,0,0.47473333333333334,0.23650000000000002,0.5273555555555556,0.38328563867483606,0.1909430983287433,0.42577126299642065,Y,0.4096300159900395,0.1915882610663609,Y,1,0,mixture_or_unresolved
7b1c6f86a66c58799899,53,0.99,0.9,2,3,16,nested,0.30151134457776363,1.0,1.0,1.0,1.0,0.991,0.9941,1.0,0.009000000000000008,0.0030999999999999917,0.991,1.0030999999999999,0.0030999999999998806,0.0030999999999998806,0.05,1,0.0070999999999999995,0.005733333333333333,0.9932222222222222,0.007057264343696504,0.005698823789276051,0.9872439118670275,Y,0.006213158080504104,0.8042015114971551,Y,1,1,Y
7b902011da2ef7029151,53,0.99,0.9,3,3,16,independent,0.0,1.0,1.0,1.0,0.9995,0.9822,0.974,1.0,0.017800000000000038,-0.008199999999999985,0.9822,0.9918,-0.008199999999999985,0.008199999999999985,0.05,1,0.022566666666666665,0.01693333333333333,0.9766222222222223,0.02220861444926791,0.01666466195011536,0.9611267236006167,Y,0.018191939607053106,0.7804303824785077,Y,1,1,Y
7b97d02f27b8614b2ec2,67,0.99,0.95,2,5,16,nested,0.43808582711518057,1.0,1.0,1.0,0.9895,0.0002,0.0005,0.9997,0.9995,0.00030000000000000003,0.0002,1.0,0.0,0.0,0.05,1,0.9992666666666666,0.0006833333333333333,0.0006200000000000001,0.998697409143455,0.0006829440552218569,0.0006196468013232459,P,0.0003559026084010344,0.8158140919393035,P,1,1,P
7bd5534fcf7fdc89855f,83,0.9,0.95,2,5,64,independent,-1.3265761976790368e-17,1.0,1.0,1.0,0.99675,0.5384,0.9997,0.9915,0.45310000000000006,0.46130000000000004,0.5384,1.4528,0.4528000000000001,0.4528000000000001,0.05,0,0.3043,0.31061666666666665,0.8406066666666666,0.20906569687420562,0.2134054876023973,0.5775288155233971,Y,0.2665501203651326,0.3848450234096221,Y,1,0,mixture_or_unresolved
7c02ae75cd986cc0bd56,11,0.9,0.9,3,3,16,nested,0.9999999999999999,1.0,1.0,1.0,1.0,1.0,1.0,1.0,0.0,0.0,1.0,1.0,0.0,0.0,0.05,1,0.0,0.0,1.0,0.0,0.0,1.0,Y,0.0,0.816496580927726,Y,1,1,Y
7c1c4f4b286b1122b221,71,0.9,0.9,3,3,64,independent,-1.9274705288631186e-17,1.0,1.0,1.0,1.0,1.0,1.0,1.0,0.0,0.0,1.0,1.0,0.0,0.0,0.05,1,0.0,0.0,1.0,0.0,0.0,1.0,Y,0.0,0.816496580927726,Y,1,1,Y
7c3ceacd39bbdd83bfae,41,0.99,0.95,2,3,16,independent,0.0,1.0,1.0,1.0,0.98625,0.0,0.1009,0.9363,0.9363,0.1009,0.0,1.0372000000000001,0.03720000000000012,0.03720000000000012,0.05,1,0.9242,0.08863333333333334,0.06248888888888889,0.859463313322105,0.08242490622965726,0.05811178044823774,P,0.06889242822449115,0.6805603721572273,P,1,0,mixture_or_unresolved
7c5a29a80703ba2b1b68,97,0.99,0.95,3,5,16,independent,0.0,1.0,1.0,1.0,0.98925,0.0,0.0417,0.9622,0.9622,0.0417,0.0,1.0039,0.0039000000000000146,0.0039000000000000146,0.05,1,0.9596,0.03971111111111111,0.031046666666666663,0.9313269824289729,0.03854108928721631,0.0301319282838108,P,0.032494768809763805,0.7515476896493855,P,1,1,P
7c8f1a35904add9c785d,71,0.9,0.9,2,5,64,independent,-1.9274705288631186e-17,1.0,1.0,1.0,1.0,0.9959,1.0,1.0,0.0040999999999999925,0.0040999999999999925,0.9959,1.0041,0.0040999999999999925,0.0040999999999999925,0.05,1,0.0029666666666666665,0.0033833333333333332,0.9986333333333334,0.0029519560855072223,0.0033665566593144166,0.9936814872551784,Y,0.0023671361036774613,0.8124573460191087,Y,1,1,Y
7d058c1627b993516b2c,23,0.9,0.9,3,3,16,independent,-1.9274705288631186e-17,1.0,1.0,1.0,1.0,1.0,1.0,1.0,0.0,0.0,1.0,1.0,0.0,0.0,0.05,1,0.0,0.0,1.0,0.0,0.0,1.0,Y,0.0,0.816496580927726,Y,1,1,Y
7d290b6e0ae224d473b1,11,0.99,0.95,3,5,64,independent,0.0,1.0,1.0,1.0,0.98625,0.0004,0.1275,0.9059,0.9055000000000001,0.1271,0.0004,1.033,0.03299999999999992,0.03299999999999992,0.05,1,0.8928666666666667,0.11606666666666667,0.0731,0.8251748251748251,0.10726718215704999,0.06755799266812482,P,0.09148992658575404,0.6346669022053826,P,1,0,mixture_or_unresolved
7d771dec5ca7303d133f,23,0.99,0.9,2,3,64,independent,0.0,1.0,1.0,1.0,0.99525,0.0503,0.6123,0.999,0.9487,0.5619999999999999,0.0503,1.561,0.5609999999999999,0.5609999999999999,0.05,0,0.7631,0.37420000000000003,0.4203555555555556,0.4899029167766373,0.24023282853861574,0.26986425468474706,P,0.35470287095915454,0.23753648943493477,P,1,0,mixture_or_unresolved
7d8d755ba3c810026572,71,0.9,0.95,2,3,16,nested,0.6882472016116853,1.0,1.0,1.0,1.0,1.0,1.0,1.0,0.0,0.0,1.0,1.0,0.0,0.0,0.05,1,0.0,0.0,1.0,0.0,0.0,1.0,Y,0.0,0.816496580927726,Y,1,1,Y
7daeee23862333aa516e,53,0.99,0.99,3,5,64,nested,1.0,1.0,1.0,1.0,0.99075,0.1091,0.1013,0.9999,0.8908,-0.007800000000000001,0.1091,0.9921,-0.007900000000000018,0.007900000000000018,0.05,1,0.8941,0.05952222222222222,0.10481333333333333,0.8447373062129432,0.05623603809395838,0.0990266556930984,P,0.0859544646891597,0.6446536176641634,P,1,0,mixture_or_unresolved
7dc4e1d16e0d10cad791,53,0.99,0.99,3,3,64,nested,1.0,1.0,1.0,1.0,0.99975,0.9685,0.9748,1.0,0.03149999999999997,0.006299999999999972,0.9685,1.0063,0.006299999999999972,0.006299999999999972,0.05,1,0.029133333333333334,0.02267777777777778,0.9732888888888889,0.028419991545540275,0.022122502953641383,0.9494575055008184,Y,0.023290126663459764,0.7700629452198391,Y,1,1,Y
7e3e679ad62908e20563,101,0.9,0.99,2,5,16,independent,0.0,1.0,1.0,1.0,0.9885,0.0,0.9691,0.0334,0.0334,0.9691,0.0,1.0025,0.0024999999999999467,0.0024999999999999467,0.05,1,0.03336666666666667,0.9675666666666667,0.0259,0.03249472488232429,0.9422820970621651,0.025223178055510463,Q,0.026270198578110027,0.7639766763498035,Q,1,1,Q
7e9fa477a66e6304cfd6,53,0.99,0.95,2,5,64,independent,0.0,1.0,1.0,1.0,0.9865,0.0001,0.112,0.9053,0.9052,0.1119,0.0001,1.0172,0.017200000000000104,0.017200000000000104,0.05,1,0.8967333333333334,0.10516666666666667,0.07864000000000002,0.8298936951277448,0.09732787927024142,0.07277842560201382,P,0.08467998582900213,0.6474657419237907,P,1,0,mixture_or_unresolved
7fb223afc527807733d9,37,0.9,0.95,2,5,64,independent,-1.3265761976790368e-17,1.0,1.0,1.0,0.99675,0.6775,0.9976,0.9922,0.3147,0.32010000000000005,0.6775,1.3123,0.3123,0.3123,0.05,0,0.20686666666666667,0.21428333333333333,0.88588,0.15827231713630646,0.1639467597020216,0.6777809231616718,Y,0.18625506704516795,0.5074001907498457,Y,1,0,mixture_or_unresolved
7ffd5e7e634c65b5b7a8,83,0.9,0.9,2,5,64,nested,0.9999999999999999,1.0,1.0,1.0,1.0,1.0,0.9995,1.0,0.0,-0.0004999999999999449,1.0,0.9995,-0.0004999999999999449,0.0004999999999999449,0.05,1,0.00016666666666666666,0.00045000000000000004,0.9995533333333334,0.0001666383381491813,0.0004499235130027896,0.9993834381488481,Y,0.0002886751345947811,0.8160038071697976,Y,1,1,Y
80f4d9a488e094532e4b,83,0.99,0.9,2,5,64,nested,0.30151134457776363,1.0,1.0,1.0,0.98775,0.016,0.0026,0.9994,0.9833999999999999,-0.0134,0.016,0.986,-0.014000000000000012,0.014000000000000012,0.05,1,0.9871333333333333,0.012433333333333333,0.007746666666666667,0.9799665115786548,0.01234306438910104,0.007690424032244189,P,0.00936518374975455,0.7995565512365995,P,1,1,P
813fc346c8b205743d5f,41,0.9,0.95,2,5,64,nested,0.6882472016116853,1.0,1.0,1.0,0.999,0.9813,1.0,0.0115,-0.9698,0.01870000000000005,0.9813,0.030200000000000005,-0.9698,0.9698,0.05,0,0.6465,0.3424166666666667,0.3349599999999999,0.4883385411027714,0.25864695351782524,0.2530145053794034,Q,0.5665927226265206,0.004220130534069444,P,0,0,mixture_or_unresolved
829f2aa13c66108e8b53,97,0.9,0.9,2,5,16,nested,0.9999999999999999,1.0,1.0,1.0,1.0,1.0,0.5884,0.9206,-0.07940000000000003,-0.41159999999999997,1.0,0.509,-0.491,0.491,0.05,0,0.19046666666666667,0.29988333333333334,0.7009933333333334,0.1598755466518188,0.2517186481366972,0.5884058052114839,Y,0.24201853923477293,0.4294273930635767,Y,1,0,mixture_or_unresolved
82d02f1bfe48bc96e8ff,71,0.9,0.99,3,5,16,independent,0.0,1.0,1.0,1.0,0.989,0.0,0.955,0.1036,0.1036,0.955,0.0,1.0586,0.058599999999999985,0.058599999999999985,0.05,0,0.08633333333333333,0.9355777777777777,0.06791333333333334,0.07921765177266064,0.8584665012305754,0.06231584699676402,Q,0.0652123710145041,0.6909970267936251,Q,1,0,mixture_or_unresolved
82da39c5c9f6a955a4ec,83,0.9,0.99,3,3,64,independent,0.0,1.0,1.0,1.0,1.0,1.0,1.0,1.0,0.0,0.0,1.0,1.0,0.0,0.0,0.05,1,0.0,0.0,1.0,0.0,0.0,1.0,Y,0.0,0.816496580927726,Y,1,1,Y
82dc97eed45e1076f960,37,0.99,0.9,3,5,64,independent,0.0,1.0,1.0,1.0,0.98475,0.0009,0.0807,0.9593,0.9584,0.0798,0.0009,1.0391,0.03909999999999991,0.03909999999999991,0.05,1,0.9466,0.06562222222222222,0.051846666666666666,0.8896040565460467,0.061671027982732954,0.04872491547122054,P,0.052184895643599134,0.7149243512480458,P,1,1,P
82e889a63c7865fa850a,83,0.9,0.9,2,3,64,independent,-1.9274705288631186e-17,1.0,1.0,1.0,1.0,1.0,1.0,1.0,0.0,0.0,1.0,1.0,0.0,0.0,0.05,1,0.0,0.0,1.0,0.0,0.0,1.0,Y,0.0,0.816496580927726,Y,1,1,Y
82f19119cdea25940547,11,0.99,0.99,2,3,16,independent,0.0,1.0,1.0,1.0,0.99225,0.0,0.5162,0.59,0.59,0.5162,0.0,1.1061999999999999,0.10619999999999985,0.10619999999999985,0.05,0,0.5452333333333333,0.47878333333333334,0.15261111111111111,0.46338641975891554,0.406911465440312,0.12970211480077246,P,0.38059709229928,0.059918681160271214,P,1,0,mixture_or_unresolved
833eefb48b315b8bd981,41,0.99,0.99,2,3,64,independent,0.0,1.0,1.0,1.0,0.99025,0.0001,0.6095,0.6306,0.6305000000000001,0.6094,0.0001,1.24,0.24,0.24,0.05,0,0.5474,0.5289,0.20145555555555555,0.42840745056435764,0.41392893789457214,0.15766361154107028,P,0.4114796957323654,0.016751791511002367,P,1,0,mixture_or_unresolved
834f0c4f2cd031bb5e29,97,0.99,0.9,3,3,64,nested,0.30151134457776363,1.0,1.0,1.0,1.0,0.9875,0.9874,1.0,0.012499999999999956,-9.999999999998899e-05,0.9875,0.9999,-9.999999999998899e-05,9.999999999998899e-05,0.05,1,0.0121,0.007955555555555554,0.9875777777777778,0.012008336365741506,0.007895288189045837,0.9800963754452126,Y,0.010247113414680863,0.7960024364559946,Y,1,1,Y
840290f07610fce68933,37,0.9,0.99,3,5,16,independent,0.0,1.0,1.0,1.0,0.989,0.0,0.9853,0.0155,0.0155,0.9853,0.0,1.0008,0.0007999999999999119,0.0007999999999999119,0.05,1,0.0155,0.9854,0.010806666666666666,0.0153206463006405,0.9739977332033,0.010681620496059462,Q,0.012333423423094408,0.7918341254537964,Q,1,1,Q
84297e46ea0809ced178,41,0.99,0.99,2,5,64,independent,0.0,1.0,1.0,1.0,0.98975,0.0001,0.4866,0.5219,0.5218,0.4865,0.0001,1.0084,0.008399999999999963,0.008399999999999963,0.05,1,0.5199666666666667,0.48223333333333335,0.14394666666666664,0.45366503414339066,0.4207431276974442,0.1255918381591652,P,0.3938524173680627,0.02882128656914701,P,1,0,mixture_or_unresolved
84beeb94b3ecd750351b,41,0.99,0.9,3,3,64,nested,0.30151134457776363,1.0,1.0,1.0,0.9985,0.8892,0.8844,1.0,0.11080000000000001,-0.0048000000000000265,0.8892,0.9952,-0.0048000000000000265,0.0048000000000000265,0.05,1,0.11286666666666666,0.05963333333333334,0.8856222222222222,0.10666694668752821,0.05635769864854932,0.8369753546639225,Y,0.09244818368506041,0.6316236359571625,Y,1,0,mixture_or_unresolved
851c17041c85f321348b,41,0.99,0.9,3,3,16,nested,0.30151134457776363,1.0,1.0,1.0,1.0,0.9694,0.9767,1.0,0.03059999999999996,0.007299999999999973,0.9694,1.0072999999999999,0.007299999999999862,0.007299999999999862,0.05,1,0.030433333333333333,0.027211111111111113,0.9733222222222222,0.029519221442658995,0.026393783611928397,0.9440869949454127,Y,0.022205479804168437,0.772292107773457,Y,1,1,Y
8579f62e07080c75fbf8,41,0.9,0.9,2,5,64,nested,0.9999999999999999,1.0,1.0,1.0,1.0,1.0,0.7184,0.6903,-0.3097,-0.28159999999999996,1.0,0.40870000000000006,-0.5912999999999999,0.5912999999999999,0.05,0,0.298,0.28946666666666665,0.7123533333333333,0.2292625132710683,0.22269750170536431,0.5480399850235673,Y,0.2416696436598247,0.47847215950582034,Y,1,0,mixture_or_unresolved
8586c9c1d6cc87e3ba74,97,0.9,0.9,3,5,16,independent,-1.9274705288631186e-17,1.0,1.0,1.0,0.90775,0.0,0.4488,0.554,0.554,0.4488,0.0,1.0028000000000001,0.0028000000000001357,0.0028000000000001357,0.05,1,0.5527,0.44955555555555554,0.14545333333333335,0.481568109605804,0.3916982432633904,0.12673364713080554,P,0.36530235878424505,0.08589509983743943,P,1,0,mixture_or_unresolved
8597a4c8996de9e4716d,11,0.99,0.95,2,5,16,nested,0.43808582711518057,1.0,1.0,1.0,0.99,0.0001,0.0004,0.9998,0.9997,0.00030000000000000003,0.0001,1.0001,9.999999999998899e-05,9.999999999998899e-05,0.05,1,0.9996333333333334,0.00025,0.0003933333333333333,0.9993568446063256,0.00024993085246415156,0.00039322454121026515,P,0.0002645751311064535,0.8159870629479032,P,1,1,P
859a9974624df02fb9e7,67,0.99,0.99,2,5,64,independent,0.0,1.0,1.0,1.0,0.98825,0.0,0.4699,0.5423,0.5423,0.4699,0.0,1.0122,0.012199999999999989,0.012199999999999989,0.05,1,0.5388000000000001,0.46576666666666666,0.13249333333333332,0.4738536225001319,0.409623649294379,0.11652272820548898,P,0.378723865985056,0.05910993048722796,P,1,0,mixture_or_unresolved
85f2b9ffbfc9889231a3,37,0.99,0.9,2,3,16,nested,0.30151134457776363,1.0,1.0,1.0,1.0,0.9995,1.0,1.0,0.0004999999999999449,0.0004999999999999449,0.9995,1.0005,0.0004999999999999449,0.0004999999999999449,0.05,1,0.0003333333333333333,0.00036666666666666667,0.9998333333333334,0.0003331556503198294,0.0003664712153518124,0.9993003731343284,Y,0.0002886751345947811,0.8160038071697976,Y,1,1,Y
874d6948103d4cf40a03,71,0.99,0.95,3,5,64,nested,0.43808582711518057,1.0,1.0,1.0,0.99125,0.1111,0.1025,0.9993,0.8882,-0.00860000000000001,0.1111,0.9906999999999999,-0.009300000000000086,0.009300000000000086,0.05,1,0.8913666666666666,0.06377777777777778,0.10595333333333334,0.8400419691137478,0.060105467293829866,0.0998525635924221,P,0.08727342092527368,0.6420298881764105,P,1,0,mixture_or_unresolved
87612078061360826423,71,0.9,0.99,2,3,64,nested,0.3015113445777637,1.0,1.0,1.0,0.999,0.9361,1.0,0.2898,-0.6463000000000001,0.06389999999999996,0.9361,0.3536999999999999,-0.6463000000000001,0.6463000000000001,0.05,0,0.43483333333333335,0.27926666666666666,0.5037555555555556,0.3570483636993988,0.229310171795597,0.41364146450500433,Y,0.41169051887714553,0.15407363987925132,Y,1,0,mixture_or_unresolved
87aaa412d8f63f05e04c,41,0.9,0.9,2,3,64,nested,0.9999999999999999,1.0,1.0,1.0,1.0,1.0,1.0,1.0,0.0,0.0,1.0,1.0,0.0,0.0,0.05,1,0.0,0.0,1.0,0.0,0.0,1.0,Y,0.0,0.816496580927726,Y,1,1,Y
87f4588a673c2d095bd2,41,0.9,0.99,3,3,16,nested,0.3015113445777637,1.0,1.0,1.0,0.9965,0.7392,1.0,0.2622,-0.477,0.26080000000000003,0.7392,0.523,-0.477,0.477,0.05,0,0.32333333333333336,0.4204555555555555,0.4196333333333333,0.2779157275470834,0.3613954998662948,0.36068877258662185,Y,0.4517984358833778,0.001031730956244259,Q,0,0,mixture_or_unresolved
8824a361c51f0e3f6307,23,0.9,0.9,3,5,64,independent,-1.9274705288631186e-17,1.0,1.0,1.0,0.995,0.6976,0.9892,0.9945,0.29690000000000005,0.29159999999999997,0.6976,1.2861,0.2861,0.2861,0.05,0,0.20116666666666666,0.19804444444444444,0.8889466666666667,0.1561661701206374,0.1537423814543077,0.6900914484250549,Y,0.17473088832067823,0.5241235671992104,Y,1,0,mixture_or_unresolved
883094d9ccffdb01316d,71,0.99,0.95,3,5,16,nested,0.43808582711518057,1.0,1.0,1.0,0.99,0.0,0.0,1.0,1.0,0.0,0.0,1.0,0.0,0.0,0.05,1,1.0,0.0,6.6666666666666675e-06,0.9999933333777774,0.0,6.666622222518517e-06,P,0.0,0.816496580927726,P,1,1,P
8910af273a2fd23c5d43,11,0.9,0.95,3,5,16,nested,0.6882472016116853,1.0,1.0,1.0,0.9995,0.9831,1.0,0.5805,-0.40259999999999996,0.016900000000000026,0.9831,0.5974,-0.40259999999999996,0.40259999999999996,0.05,0,0.27303333333333335,0.15076666666666666,0.7148933333333334,0.2397777569611953,0.1324032224069694,0.6278190206318354,Y,0.2423948981861348,0.41676260954627353,Y,1,0,mixture_or_unresolved
892db4ae241aa6fcf216,23,0.99,0.95,3,5,16,independent,0.0,1.0,1.0,1.0,0.98525,0.0,0.0848,0.9162,0.9162,0.0848,0.0,1.0010000000000001,0.001000000000000112,0.001000000000000112,0.05,1,0.9162666666666667,0.08456666666666666,0.04576666666666667,0.8754697751449138,0.08080132492515447,0.04372889992993185,P,0.06883187246230242,0.6788341581511884,P,1,1,P
894cd005227170ab5f88,97,0.9,0.95,2,3,16,nested,0.6882472016116853,1.0,1.0,1.0,1.0,1.0,1.0,0.545,-0.45499999999999996,0.0,1.0,0.545,-0.45499999999999996,0.45499999999999996,0.05,0,0.30343333333333333,0.15166666666666667,0.6989666666666666,0.2629253076078794,0.13141932875050547,0.6056553636416152,Y,0.2626943724812797,0.39483255979348775,Y,1,0,mixture_or_unresolved
895a947cc1305548d073,23,0.9,0.99,2,3,64,nested,0.3015113445777637,1.0,1.0,1.0,1.0,0.9404,1.0,0.1088,-0.8316,0.059599999999999986,0.9404,0.1684,-0.8316,0.8316,0.05,0,0.5555333333333333,0.3354,0.38572222222222224,0.4351473903167129,0.2627176911896535,0.30213491849363355,Y,0.5156838824965025,0.030877977375430632,P,0,0,mixture_or_unresolved
89ea07b4f08c2083b604,101,0.9,0.99,2,5,64,independent,0.0,1.0,1.0,1.0,0.9855,0.0009,0.9196,0.1277,0.1268,0.9187,0.0009,1.0463999999999998,0.046399999999999775,0.046399999999999775,0.05,1,0.11430000000000001,0.9038333333333334,0.08109999999999999,0.10398156290748099,0.8222397428510781,0.073778694241441,Q,0.08712492945956017,0.6446701830320898,Q,1,0,mixture_or_unresolved
8a0173b237d2b9c74ff7,53,0.9,0.9,3,3,64,independent,-1.9274705288631186e-17,1.0,1.0,1.0,1.0,1.0,1.0,1.0,0.0,0.0,1.0,1.0,0.0,0.0,0.05,1,0.0,0.0,1.0,0.0,0.0,1.0,Y,0.0,0.816496580927726,Y,1,1,Y
8a672917f43265dcae02,101,0.99,0.99,2,3,16,nested,1.0,1.0,1.0,1.0,1.0,0.9933,0.9635,1.0,0.006700000000000039,-0.029799999999999938,0.9933,0.9702000000000001,-0.029799999999999938,0.029799999999999938,0.05,1,0.016233333333333332,0.029550000000000003,0.9730555555555556,0.015933170111946605,0.02900360432082273,0.9550632255672307,Y,0.02142537436467952,0.777527511188238,Y,1,1,Y
8a89b9cc4781fbdb2aa8,101,0.9,0.95,3,3,64,nested,0.6882472016116853,1.0,1.0,1.0,1.0,1.0,1.0,1.0,0.0,0.0,1.0,1.0,0.0,0.0,0.05,1,0.0,0.0,1.0,0.0,0.0,1.0,Y,0.0,0.816496580927726,Y,1,1,Y
8ab1f4d99899d2339ce6,37,0.99,0.9,3,5,16,independent,0.0,1.0,1.0,1.0,0.98825,0.0,0.02,0.9838,0.9838,0.02,0.0,1.0038,0.0038000000000000256,0.0038000000000000256,0.05,1,0.9826,0.018222222222222223,0.013253333333333332,0.9689613309549584,0.017969294420314943,0.013069374624726625,P,0.014859789141617497,0.7868597046133159,P,1,1,P
8abe95d2220c66433f52,53,0.9,0.95,3,3,16,independent,-1.3265761976790368e-17,1.0,1.0,1.0,1.0,0.9968,1.0,1.0,0.0031999999999999806,0.0031999999999999806,0.9968,1.0032,0.0032000000000000917,0.0032000000000000917,0.05,1,0.002,0.002377777777777778,0.9989333333333333,0.0019933996323285123,0.0023699306739905653,0.995636669693681,Y,0.0018475208614067914,0.8133437123266511,Y,1,1,Y
8ac4d173525f23ef9fe6,11,0.9,0.9,2,5,64,independent,-1.9274705288631186e-17,1.0,1.0,1.0,0.999,0.9458,1.0,0.9999,0.05410000000000004,0.054200000000000026,0.9458,1.0541,0.05410000000000004,0.05410000000000004,0.05,0,0.037066666666666664,0.03526666666666667,0.98188,0.03516049882376749,0.03345306452836871,0.9313864366478639,Y,0.03129243785112735,0.7633432543584117,Y,1,1,Y
8b259b127c54927b55aa,83,0.9,0.99,2,5,64,independent,0.0,1.0,1.0,1.0,0.989,0.001,0.9721,0.1198,0.1188,0.9711,0.001,1.0908999999999998,0.09089999999999976,0.09089999999999976,0.05,0,0.0902,0.94075,0.07826666666666666,0.08131864829534356,0.8481210463840848,0.07056030532057157,Q,0.07101983291072057,0.6861088329490965,Q,1,0,mixture_or_unresolved
8b4122f81d3d9432378c,11,0.9,0.95,3,5,64,nested,0.6882472016116853,1.0,1.0,1.0,1.0,0.9989,1.0,0.4785,-0.5204,0.0010999999999999899,0.9989,0.4796,-0.5204,0.5204,0.05,0,0.3454,0.17445555555555553,0.6565533333333334,0.2936053979719825,0.14829499947108332,0.5580996025569341,Y,0.30108883517438284,0.33838059594279984,Y,1,0,mixture_or_unresolved
8b442f353de7a5b33ae5,11,0.99,0.95,3,3,64,independent,0.0,1.0,1.0,1.0,0.998,0.1604,0.7827,0.9999,0.8395,0.6223,0.1604,1.6221999999999999,0.6221999999999999,0.6221999999999999,0.05,0,0.6339333333333333,0.41659999999999997,0.5759333333333333,0.3897610361929746,0.2561380497602164,0.35410091404680905,P,0.4612835209138374,0.039431787420149966,P,1,0,mixture_or_unresolved
8b949efaee47e41276a7,37,0.9,0.9,3,3,64,independent,-1.9274705288631186e-17,1.0,1.0,1.0,1.0,1.0,1.0,1.0,0.0,0.0,1.0,1.0,0.0,0.0,0.05,1,0.0,0.0,1.0,0.0,0.0,1.0,Y,0.0,0.816496580927726,Y,1,1,Y
8c2ec8712b3fc59f6b19,71,0.9,0.9,3,3,64,nested,0.9999999999999999,1.0,1.0,1.0,1.0,1.0,1.0,1.0,0.0,0.0,1.0,1.0,0.0,0.0,0.05,1,0.0,0.0,1.0,0.0,0.0,1.0,Y,0.0,0.816496580927726,Y,1,1,Y
8ca7f8746427d20d5b4d,41,0.99,0.9,2,5,64,independent,0.0,1.0,1.0,1.0,0.98325,0.0006,0.0683,0.9487,0.9480999999999999,0.0677,0.0006,1.0164,0.01639999999999997,0.01639999999999997,0.05,1,0.9435666666666667,0.06306666666666667,0.05192,0.8913737616747386,0.059578166428396,0.04904807189686554,P,0.04931848875759813,0.7183830461286275,P,1,1,P
8cd3f7d71b8d50487668,67,0.99,0.99,2,5,16,nested,1.0,1.0,1.0,1.0,0.99,0.0001,0.0213,0.9812,0.9811,0.0212,0.0001,1.0024,0.0023999999999999577,0.0023999999999999577,0.05,1,0.9807666666666667,0.020766666666666666,0.014626666666666668,0.9651695271085918,0.02043641421298483,0.014394058678423348,P,0.016402642063602653,0.7837238354385483,P,1,1,P
8cea3744ee9dac6c8779,83,0.9,0.99,3,5,16,independent,0.0,1.0,1.0,1.0,0.98925,0.0,0.9905,0.0115,0.0115,0.9905,0.0,1.002,0.0020000000000000018,0.0020000000000000018,0.05,1,0.0108,0.9894888888888889,0.009746666666666667,0.010692692886499048,0.9796574818048212,0.009649825308680006,Q,0.008612007121842525,0.7993117722864216,Q,1,1,Q
8d925b3d36c6e6d47690,37,0.9,0.99,3,3,64,independent,0.0,1.0,1.0,1.0,1.0,1.0,1.0,1.0,0.0,0.0,1.0,1.0,0.0,0.0,0.05,1,0.0,0.0,1.0,0.0,0.0,1.0,Y,0.0,0.816496580927726,Y,1,1,Y
8db3595d9416fdc04be7,41,0.99,0.9,2,3,16,nested,0.30151134457776363,1.0,1.0,1.0,0.99975,0.9472,0.9463,1.0,0.05279999999999996,-0.0009000000000000119,0.9472,0.9991,-0.0009000000000000119,0.0009000000000000119,0.05,1,0.053899999999999997,0.0361,0.9457222222222222,0.05204098052888483,0.034854905326395964,0.9131041141447193,Y,0.04347999540018372,0.7295382299132087,Y,1,1,Y
8df35a91409dde94861e,83,0.9,0.99,3,5,64,nested,0.3015113445777637,1.0,1.0,1.0,0.992,0.1579,0.999,0.0944,-0.06350000000000001,0.8411,0.1579,0.9355,-0.0645,0.0645,0.05,0,0.07096666666666666,0.8654888888888889,0.1165,0.06739758985290084,0.821961462971952,0.11064094717514722,Q,0.10621482947310136,0.607751736037264,Q,1,0,mixture_or_unresolved
8e6770d3ee7843b6184f,83,0.9,0.99,3,3,16,independent,0.0,1.0,1.0,1.0,1.0,1.0,1.0,1.0,0.0,0.0,1.0,1.0,0.0,0.0,0.05,1,0.0,0.0,1.0,0.0,0.0,1.0,Y,0.0,0.816496580927726,Y,1,1,Y
8e8622513e96bfa3f6dc,11,0.99,0.99,2,3,64,independent,0.0,1.0,1.0,1.0,0.99125,0.0,0.4692,0.5931,0.5931,0.4692,0.0,1.0623,0.06230000000000002,0.06230000000000002,0.05,0,0.5707333333333333,0.4482,0.15467777777777778,0.486305325443787,0.38189822485207103,0.13179644970414203,P,0.35856949582101005,0.10096514197393713,P,1,0,mixture_or_unresolved
8ec9cefdf547f5db4622,37,0.9,0.95,2,3,64,independent,-1.3265761976790368e-17,1.0,1.0,1.0,1.0,1.0,1.0,1.0,0.0,0.0,1.0,1.0,0.0,0.0,0.05,1,0.0,0.0,1.0,0.0,0.0,1.0,Y,0.0,0.816496580927726,Y,1,1,Y
8f73faa5722c03b09364,71,0.9,0.95,2,3,64,independent,-1.3265761976790368e-17,1.0,1.0,1.0,1.0,1.0,1.0,1.0,0.0,0.0,1.0,1.0,0.0,0.0,0.05,1,0.0,0.0,1.0,0.0,0.0,1.0,Y,0.0,0.816496580927726,Y,1,1,Y
8fe134f670f99a0f17ec,97,0.99,0.9,3,5,64,nested,0.30151134457776363,1.0,1.0,1.0,0.9885,0.0122,0.0083,0.9991,0.9869,-0.0039000000000000007,0.0122,0.9952,-0.0048000000000000265,0.0048000000000000265,0.05,1,0.9875666666666667,0.011422222222222222,0.00986,0.9789044499561657,0.011322034794331052,0.009773515249503284,P,0.008535025873813546,0.7995942005910303,P,1,1,P
901c2e2dc85f8a827ebb,11,0.9,0.99,3,5,16,nested,0.3015113445777637,1.0,1.0,1.0,0.98975,0.0006,1.0,0.0003,-0.0003,0.9994,0.0006,0.9997,-0.00029999999999996696,0.00029999999999996696,0.05,1,0.00023333333333333333,0.9993777777777777,0.00047333333333333326,0.00023331363129335748,0.9992933930023687,0.00047329336633795363,Q,0.00038729833462074166,0.8157418683214097,Q,1,1,Q
906845db2af4225338ec,53,0.99,0.9,3,5,16,nested,0.30151134457776363,1.0,1.0,1.0,0.99,0.0,0.0,1.0,1.0,0.0,0.0,1.0,0.0,0.0,0.05,1,1.0,0.0,0.0,1.0,0.0,0.0,P,0.0,0.816496580927726,P,1,1,P
908dc138bbc0593978e7,37,0.9,0.9,3,5,64,nested,0.9999999999999999,1.0,1.0,1.0,1.0,1.0,1.0,1.0,0.0,0.0,1.0,1.0,0.0,0.0,0.05,1,0.0,0.0,1.0,0.0,0.0,1.0,Y,0.0,0.816496580927726,Y,1,1,Y
90c49d1cad4068dc1737,71,0.9,0.99,3,3,64,independent,0.0,1.0,1.0,1.0,1.0,1.0,1.0,1.0,0.0,0.0,1.0,1.0,0.0,0.0,0.05,1,0.0,2.2222222222222223e-05,1.0,0.0,2.2221728406035426e-05,0.9999777782715941,Y,0.0,0.816496580927726,Y,1,1,Y
9127772ced4b9d5344d7,41,0.9,0.95,2,5,16,nested,0.6882472016116853,1.0,1.0,1.0,0.957,0.1442,1.0,0.0057,-0.13849999999999998,0.8558,0.1442,0.8615,-0.13849999999999996,0.13849999999999996,0.05,0,0.0907,0.9025166666666666,0.05210666666666667,0.08676741167804539,0.8633851726897896,0.04984741563216485,Q,0.08331892542113906,0.6740946846141352,Q,1,0,mixture_or_unresolved
913be8e204c7bda8a8f5,37,0.99,0.9,3,5,16,nested,0.30151134457776363,1.0,1.0,1.0,0.99,0.0,0.0,1.0,1.0,0.0,0.0,1.0,0.0,0.0,0.05,1,1.0,2.2222222222222223e-05,0.0,0.9999777782715941,2.2221728406035426e-05,0.0,P,0.0,0.816496580927726,P,1,1,P
914ab0e9ce7b314e5a33,23,0.9,0.99,2,3,16,nested,0.3015113445777637,1.0,1.0,1.0,1.0,0.9532,1.0,0.0252,-0.928,0.04679999999999995,0.9532,0.07199999999999995,-0.928,0.928,0.05,0,0.6195666666666667,0.35681666666666667,0.3340777777777778,0.4727852367487272,0.2722832929884731,0.25493147026279983,Q,0.5505225638730291,0.012926718079954935,P,0,0,mixture_or_unresolved
92195e9a309698719c64,83,0.99,0.99,3,3,64,nested,1.0,1.0,1.0,1.0,0.99875,0.9105,0.9161,1.0,0.08950000000000002,0.005600000000000049,0.9105,1.0056,0.005600000000000049,0.005600000000000049,0.05,1,0.0872,0.055344444444444446,0.9127111111111111,0.08263401177176671,0.05244648479041412,0.8649195034378192,Y,0.07082716051534656,0.6748826713450986,Y,1,1,Y
9288c6cfc3a292eb2022,53,0.99,0.95,2,3,16,nested,0.43808582711518057,1.0,1.0,1.0,1.0,0.9887,0.9943,1.0,0.011299999999999977,0.005599999999999938,0.9887,1.0055999999999998,0.005599999999999827,0.005599999999999827,0.05,1,0.008566666666666667,0.007783333333333334,0.9924444444444445,0.008491984381797855,0.007715479973345522,0.9837925356448566,Y,0.007307074197880661,0.8022525138910177,Y,1,1,Y
929b669c31f711dcc2fd,101,0.9,0.9,2,5,16,independent,-1.9274705288631186e-17,1.0,1.0,1.0,0.901,0.0,0.5401,0.471,0.471,0.5401,0.0,1.0110999999999999,0.011099999999999888,0.011099999999999888,0.05,1,0.4644,0.5333833333333333,0.13374666666666665,0.410417752953965,0.4713824055335107,0.11819984151252434,Q,0.380065349643979,0.05641642164397148,Q,1,0,mixture_or_unresolved
92c8c3121ad98210fbd7,23,0.9,0.9,2,5,16,nested,0.9999999999999999,1.0,1.0,1.0,0.99875,0.9883,0.6278,0.5278,-0.4604999999999999,-0.36049999999999993,0.9883,0.16730000000000012,-0.8326999999999999,0.8326999999999999,0.05,0,0.44276666666666664,0.41213333333333335,0.66788,0.29076207112430336,0.27064535476781504,0.43859257410788166,Y,0.3471995439705146,0.3344265925588881,Y,1,0,mixture_or_unresolved
92c94214729b7fb183bb,41,0.99,0.95,3,3,64,independent,0.0,1.0,1.0,1.0,0.99825,0.4433,0.7753,1.0,0.5567,0.33199999999999996,0.4433,1.3319999999999999,0.33199999999999985,0.33199999999999985,0.05,0,0.44566666666666666,0.23883333333333331,0.6617999999999999,0.3310307261878235,0.17739978707073709,0.4915694867414395,Y,0.34660495284016546,0.16901925786630112,Y,1,0,mixture_or_unresolved
9337b9c6469b394b08d1,11,0.9,0.99,3,3,16,independent,0.0,1.0,1.0,1.0,1.0,0.7562,1.0,0.9998,0.24360000000000004,0.24380000000000002,0.7562,1.2436,0.24360000000000004,0.24360000000000004,0.05,0,0.1617,0.1630888888888889,0.9185111111111112,0.13005710608863508,0.1311742048491023,0.7387686890622627,Y,0.14075804299103717,0.5829911032375898,Y,1,0,mixture_or_unresolved
93462c2cc8afcba8abde,23,0.99,0.99,3,5,64,independent,0.0,1.0,1.0,1.0,0.9905,0.0,0.3567,0.6548,0.6548,0.3567,0.0,1.0115,0.011500000000000066,0.011500000000000066,0.05,1,0.6471,0.3534888888888889,0.13372666666666666,0.5704761755498176,0.31163187982180146,0.11789194462838087,P,0.2865879329862535,0.24337996855747834,P,1,0,mixture_or_unresolved
934cd20859def7b479ae,37,0.9,0.9,3,3,16,nested,0.9999999999999999,1.0,1.0,1.0,1.0,1.0,1.0,1.0,0.0,0.0,1.0,1.0,0.0,0.0,0.05,1,0.0,0.0,1.0,0.0,0.0,1.0,Y,0.0,0.816496580927726,Y,1,1,Y
936bf469e9c71a6dbd6d,101,0.9,0.9,3,3,64,independent,-1.9274705288631186e-17,1.0,1.0,1.0,1.0,1.0,1.0,1.0,0.0,0.0,1.0,1.0,0.0,0.0,0.05,1,0.0,0.0,1.0,0.0,0.0,1.0,Y,0.0,0.816496580927726,Y,1,1,Y
9374638b9c23a284cd16,37,0.99,0.99,2,3,16,nested,1.0,1.0,1.0,1.0,0.9995,0.9793,0.9958,1.0,0.02070000000000005,0.01650000000000007,0.9793,1.0165000000000002,0.01650000000000018,0.01650000000000018,0.05,1,0.014833333333333334,0.014483333333333334,0.9906777777777778,0.014542562867989477,0.01419942374413804,0.9712580133878725,Y,0.012194670967270935,0.7941646637382105,Y,1,1,Y
93793184a6e3aa4c6df4,101,0.9,0.9,3,5,64,nested,0.9999999999999999,1.0,1.0,1.0,1.0,1.0,1.0,1.0,0.0,0.0,1.0,1.0,0.0,0.0,0.05,1,0.0,0.0,1.0,0.0,0.0,1.0,Y,0.0,0.816496580927726,Y,1,1,Y
937c88540ab7d1fe6a0d,23,0.9,0.95,2,3,64,independent,-1.3265761976790368e-17,1.0,1.0,1.0,1.0,1.0,1.0,1.0,0.0,0.0,1.0,1.0,0.0,0.0,0.05,1,0.0,0.0,1.0,0.0,0.0,1.0,Y,0.0,0.816496580927726,Y,1,1,Y
93979251174859c6f1ec,37,0.9,0.95,2,3,16,independent,-1.3265761976790368e-17,1.0,1.0,1.0,1.0,1.0,1.0,1.0,0.0,0.0,1.0,1.0,0.0,0.0,0.05,1,0.0,0.0,1.0,0.0,0.0,1.0,Y,0.0,0.816496580927726,Y,1,1,Y
93a9ceaa0d529a80148f,11,0.9,0.95,3,3,16,independent,-1.3265761976790368e-17,1.0,1.0,1.0,1.0,1.0,1.0,1.0,0.0,0.0,1.0,1.0,0.0,0.0,0.05,1,0.0,0.0,1.0,0.0,0.0,1.0,Y,0.0,0.816496580927726,Y,1,1,Y
93b116346feac51cf042,101,0.99,0.9,2,5,16,independent,0.0,1.0,1.0,1.0,0.98775,0.0,0.022,0.9774,0.9774,0.022,0.0,0.9994000000000001,-0.0005999999999999339,0.0005999999999999339,0.05,1,0.9785666666666667,0.022333333333333334,0.02,0.9585333202729617,0.021876122375681584,0.019590557351356643,P,0.018209521318987655,0.780079223434438,P,1,1,P
93b6e0e2a04a9a235480,23,0.9,0.95,3,5,64,independent,-1.3265761976790368e-17,1.0,1.0,1.0,0.9685,0.0875,0.8785,0.6845,0.597,0.7909999999999999,0.0875,1.4754999999999998,0.4754999999999998,0.4754999999999998,0.05,0,0.44153333333333333,0.6367666666666667,0.4364533333333333,0.29148860320492226,0.4203764749376136,0.2881349218574641,Q,0.4045403770535973,0.13674166587781195,Q,1,0,mixture_or_unresolved
9406dd18f7fade05c8ee,53,0.9,0.9,3,5,16,nested,0.9999999999999999,1.0,1.0,1.0,0.90025,0.0027,0.0029,1.0,0.9973,0.00019999999999999966,0.0027,1.0002,0.00019999999999997797,0.00019999999999997797,0.05,1,0.9969666666666667,0.0027333333333333333,0.00274,0.9945399890932791,0.0027266802335634385,0.0027333306731574954,P,0.0022876479915697983,0.8119227466035045,P,1,1,P
943b8dda9615879325fb,83,0.99,0.95,2,5,16,nested,0.43808582711518057,1.0,1.0,1.0,0.99,0.0,0.0,0.9998,0.9998,0.0,0.0,0.9998,-0.00019999999999997797,0.00019999999999997797,0.05,1,0.9999333333333333,6.666666666666667e-05,0.00012000000000000002,0.9998133557306458,6.665866762655149e-05,0.0001199856017277927,P,0.00011547005383791243,0.8162994652986865,P,1,1,P
948b6e0e7f18390c5ef3,53,0.9,0.99,2,3,64,independent,0.0,1.0,1.0,1.0,0.999,0.4382,1.0,0.9761,0.5379,0.5618000000000001,0.4382,1.5379,0.5379,0.5379,0.05,0,0.35810000000000003,0.3802,0.7972777777777778,0.23320212442656404,0.24759410138782362,0.5192037741856124,Y,0.32464875891749023,0.2930864729308046,Y,1,0,mixture_or_unresolved
94ba08263583db9b7846,101,0.9,0.9,2,5,64,independent,-1.9274705288631186e-17,1.0,1.0,1.0,1.0,0.9545,1.0,1.0,0.045499999999999985,0.045499999999999985,0.9545,1.0455,0.045500000000000096,0.045500000000000096,0.05,1,0.029066666666666668,0.029683333333333332,0.9848266666666667,0.027852928869624653,0.028443845365138477,0.9437032257652368,Y,0.026269437248127966,0.7718680300259418,Y,1,1,Y
94ca3c7bc2d107eb7f6c,11,0.99,0.99,3,3,16,nested,1.0,1.0,1.0,1.0,0.99975,0.9348,0.9425,1.0,0.06520000000000004,0.00770000000000004,0.9348,1.0077,0.00770000000000004,0.00770000000000004,0.05,1,0.06343333333333333,0.026211111111111112,0.9397555555555556,0.06162165662845669,0.025462513222373334,0.9129158301491699,Y,0.050190603370219286,0.7162203590600771,Y,1,1,Y
951852b2e04b80edf518,37,0.9,0.9,3,3,16,independent,-1.9274705288631186e-17,1.0,1.0,1.0,1.0,1.0,1.0,1.0,0.0,0.0,1.0,1.0,0.0,0.0,0.05,1,0.0,0.0,1.0,0.0,0.0,1.0,Y,0.0,0.816496580927726,Y,1,1,Y
954ee178865ec2134bea,41,0.99,0.99,2,3,16,nested,1.0,1.0,1.0,1.0,0.9995,0.9492,0.9715,1.0,0.050799999999999956,0.022299999999999986,0.9492,1.0223,0.022299999999999986,0.022299999999999986,0.05,1,0.043366666666666664,0.03345,0.9653222222222222,0.04161313537862835,0.03209744915638244,0.9262894154649891,Y,0.03362979829456804,0.7505455413669986,Y,1,1,Y
95c98a614bb3c65ae416,53,0.99,0.95,3,3,16,nested,0.43808582711518057,1.0,1.0,1.0,0.99975,0.9961,0.9971,1.0,0.0039000000000000146,0.0010000000000000009,0.9961,1.001,0.0009999999999998899,0.0009999999999998899,0.05,1,0.0038,0.0035,0.9968888888888888,0.0037841486218838866,0.003485400046472001,0.9927304513316442,Y,0.0028059460674313393,0.8109146488954015,Y,1,1,Y
95ef396fbcdbf831b98e,53,0.99,0.9,2,3,64,independent,0.0,1.0,1.0,1.0,0.99925,0.3743,0.9601,1.0,0.6256999999999999,0.5857999999999999,0.3743,1.5857999999999999,0.5857999999999999,0.5857999999999999,0.05,0,0.43233333333333335,0.39128333333333337,0.7644333333333333,0.2722416380676511,0.2463923260182824,0.4813660359140665,Y,0.36198181353948333,0.2329670638160981,Y,1,0,mixture_or_unresolved
95fc0efafe9a2436beaf,53,0.99,0.9,3,5,16,independent,0.0,1.0,1.0,1.0,0.9895,0.0,0.0065,0.9945,0.9945,0.0065,0.0,1.0010000000000001,0.001000000000000112,0.001000000000000112,0.05,1,0.9942666666666667,0.0057888888888888886,0.005926666666666667,0.9883541127300681,0.00575446440405397,0.0058914228658779036,P,0.004915960401250856,0.8066817437190439,P,1,1,P
964e0bce50e7265e1c05,67,0.9,0.9,3,3,64,nested,0.9999999999999999,1.0,1.0,1.0,1.0,1.0,1.0,1.0,0.0,0.0,1.0,1.0,0.0,0.0,0.05,1,0.0,0.0,1.0,0.0,0.0,1.0,Y,0.0,0.816496580927726,Y,1,1,Y
9653aeab3d730e6f8f34,71,0.99,0.95,3,3,64,nested,0.43808582711518057,1.0,1.0,1.0,0.99975,0.9854,0.99,1.0,0.014599999999999946,0.0045999999999999375,0.9854,1.0046,0.0045999999999999375,0.0045999999999999375,0.05,1,0.012933333333333333,0.007922222222222223,0.988311111111111,0.01281585466556565,0.00785026149187999,0.9793338838425544,Y,0.010216979331811638,0.7962388801752871,Y,1,1,Y
9665c3c11af19dfdb41c,83,0.9,0.99,2,3,16,nested,0.3015113445777637,1.0,1.0,1.0,0.999,0.8808,1.0,0.1119,-0.7689,0.11919999999999997,0.8808,0.23109999999999997,-0.7689,0.7689,0.05,0,0.5147,0.37415,0.36750000000000005,0.40967883153579815,0.2978071397301707,0.29251402873403115,Q,0.5126175474952063,0.004725101690675748,P,0,0,mixture_or_unresolved
967f36e6cd9edfad40d4,41,0.9,0.95,3,5,64,independent,-1.3265761976790368e-17,1.0,1.0,1.0,0.989,0.2844,0.9634,0.8651,0.5807,0.679,0.2844,1.5441,0.5441,0.5441,0.05,0,0.39953333333333335,0.5004111111111111,0.6489666666666667,0.25794464928767163,0.3230728397010086,0.4189825110113198,Y,0.4209595903013336,0.10522825004974606,Y,1,0,mixture_or_unresolved
9682e7299b1d8c060875,53,0.9,0.99,3,5,64,independent,0.0,1.0,1.0,1.0,0.98675,0.0022,0.9477,0.0769,0.0747,0.9455,0.0022,1.0224,0.022399999999999975,0.022399999999999975,0.05,1,0.06753333333333333,0.9398444444444445,0.0552,0.06355613183871509,0.8844947297975575,0.05194913836372763,Q,0.0537082861391052,0.7101096982873768,Q,1,1,Q
969903e76ed46b3f4dc1,83,0.9,0.9,2,3,16,nested,0.9999999999999999,1.0,1.0,1.0,1.0,1.0,1.0,1.0,0.0,0.0,1.0,1.0,0.0,0.0,0.05,1,0.0,0.0,1.0,0.0,0.0,1.0,Y,0.0,0.816496580927726,Y,1,1,Y
96d630eeed392352eb05,11,0.99,0.9,3,5,64,independent,0.0,1.0,1.0,1.0,0.9885,0.0007,0.071,0.9672,0.9664999999999999,0.07029999999999999,0.0007,1.0374999999999999,0.03749999999999987,0.03749999999999987,0.05,1,0.9542666666666667,0.056600000000000004,0.046020000000000005,0.9029034964329193,0.05355351882573344,0.043542984741347227,P,0.04515650562211386,0.7291210781078213,P,1,1,P
96f6af2d2f3dc4b2d592,97,0.9,0.9,2,3,16,nested,0.9999999999999999,1.0,1.0,1.0,1.0,1.0,1.0,1.0,0.0,0.0,1.0,1.0,0.0,0.0,0.05,1,0.0,0.0,1.0,0.0,0.0,1.0,Y,0.0,0.816496580927726,Y,1,1,Y
9701728ba0cf39c17d33,67,0.99,0.99,2,3,16,nested,1.0,1.0,1.0,1.0,1.0,0.9884,0.507,0.999,0.010600000000000054,-0.48139999999999994,0.9884,0.5176000000000001,-0.48239999999999994,0.48239999999999994,0.05,0,0.17276666666666665,0.31816666666666665,0.6702222222222222,0.14878856311720126,0.27400865038658806,0.5772027864962106,Y,0.2847130485242993,0.35663567616973696,Y,1,0,mixture_or_unresolved
976c3982d5a3686913c9,53,0.99,0.9,2,3,64,nested,0.30151134457776363,1.0,1.0,1.0,0.99975,0.9839,0.9571,1.0,0.016100000000000003,-0.026800000000000046,0.9839,0.9732,-0.026800000000000046,0.026800000000000046,0.05,1,0.025566666666666668,0.026416666666666668,0.9663222222222222,0.02510706784145776,0.025941787828364114,0.9489511443301781,Y,0.02645511922735059,0.766030342258642,Y,1,1,Y
985d14367697a7b4da0b,41,0.99,0.9,3,5,16,independent,0.0,1.0,1.0,1.0,0.98975,0.0001,0.0013,0.9979,0.9978,0.0012,0.0001,0.9991,-0.0009000000000000119,0.0009000000000000119,0.05,1,0.9984000000000001,0.001611111111111111,0.0017266666666666667,0.9966680124760972,0.0016083162149331603,0.0017236713089697458,P,0.0014271183085738386,0.8136814859072488,P,1,1,P
988fc3ac36f56ded4691,71,0.9,0.9,3,5,64,nested,0.9999999999999999,1.0,1.0,1.0,1.0,1.0,1.0,1.0,0.0,0.0,1.0,1.0,0.0,0.0,0.05,1,0.0,0.0,1.0,0.0,0.0,1.0,Y,0.0,0.816496580927726,Y,1,1,Y
98ebac9d4beefd8c6482,67,0.9,0.99,3,5,16,nested,0.3015113445777637,1.0,1.0,1.0,0.9895,0.0001,1.0,0.0,-0.0001,0.9999,0.0001,0.9999,-9.999999999998899e-05,9.999999999998899e-05,0.05,1,6.666666666666667e-05,0.9998999999999999,0.00010666666666666668,6.666177813627002e-05,0.9998266793768458,0.00010665884501803205,Q,5.773502691896258e-05,0.8163980220924324,Q,1,1,Q
990f7f97a596a0021962,23,0.9,0.99,2,5,16,independent,0.0,1.0,1.0,1.0,0.988,0.0,0.9847,0.0132,0.0132,0.9847,0.0,0.9979,-0.0020999999999999908,0.0020999999999999908,0.05,1,0.014466666666666666,0.9857666666666667,0.01,0.014320124063747648,0.9757811726663808,0.009898703269871648,Q,0.011666619047521858,0.7931953422021489,Q,1,1,Q
99c75cc78eb3749a119e,97,0.9,0.99,3,5,64,nested,0.3015113445777637,1.0,1.0,1.0,0.9905,0.0349,0.9996,0.0106,-0.024300000000000002,0.9647,0.0349,0.9753000000000001,-0.024699999999999944,0.024699999999999944,0.05,1,0.024333333333333332,0.9726222222222222,0.018766666666666668,0.023956681069846303,0.9575671388721763,0.018476180057977357,Q,0.021059677110535194,0.7769233072527488,Q,1,1,Q
99d4b4460ea1c3960f34,97,0.9,0.9,3,3,16,nested,0.9999999999999999,1.0,1.0,1.0,1.0,1.0,1.0,1.0,0.0,0.0,1.0,1.0,0.0,0.0,0.05,1,0.0,0.0,1.0,0.0,0.0,1.0,Y,0.0,0.816496580927726,Y,1,1,Y
9a1be843db7013144fdd,101,0.9,0.95,2,5,16,nested,0.6882472016116853,1.0,1.0,1.0,0.957,0.2023,1.0,0.0,-0.2023,0.7977,0.2023,0.7977,-0.20230000000000004,0.20230000000000004,0.05,0,0.1341,0.8669333333333333,0.06769333333333334,0.12547642365681275,0.8111834020547816,0.06334017428840552,Q,0.1167979594570613,0.6217423328312697,Q,1,0,mixture_or_unresolved
9a6c17ccfb746b0cd329,53,0.9,0.99,2,5,16,independent,0.0,1.0,1.0,1.0,0.989,0.0,0.9869,0.0134,0.0134,0.9869,0.0,1.0003,0.00029999999999996696,0.00029999999999996696,0.05,1,0.0138,0.9872166666666666,0.012313333333333334,0.013618465850216612,0.9742301783887446,0.012151355761038688,Q,0.010819272926896089,0.7948587376124674,Q,1,1,Q
9af4b493286e62f47413,37,0.9,0.99,2,3,64,independent,0.0,1.0,1.0,1.0,0.9995,0.4076,1.0,0.9463,0.5387,0.5924,0.4076,1.5387,0.5387,0.5387,0.05,0,0.363,0.4148666666666667,0.7671444444444444,0.23494976663238668,0.26852018324211985,0.4965300501254935,Y,0.3434246399624426,0.251448301653384,Y,1,0,mixture_or_unresolved
9b04190d7c596a088393,67,0.9,0.9,2,5,16,independent,-1.9274705288631186e-17,1.0,1.0,1.0,0.90175,0.0,0.595,0.453,0.453,0.595,0.0,1.048,0.04800000000000004,0.04800000000000004,0.05,1,0.4358,0.5737666666666666,0.16283333333333333,0.3717161378369157,0.48939497327419534,0.13888888888888887,Q,0.35082474257098806,0.11580644655664263,Q,1,0,mixture_or_unresolved
9b4e003e5781cab80904,97,0.99,0.9,3,5,64,independent,0.0,1.0,1.0,1.0,0.9875,0.0003,0.042,0.9678,0.9675,0.0417,0.0003,1.0095,0.009500000000000064,0.009500000000000064,0.05,1,0.9646333333333333,0.03687777777777778,0.03154,0.9337711590047176,0.035697921797996454,0.030530919197286146,P,0.0305555777777697,0.7556591787190371,P,1,1,P
9b4f729439ad0865d0f4,23,0.9,0.9,2,5,64,nested,0.9999999999999999,1.0,1.0,1.0,1.0,1.0,0.8925,0.9076,-0.09240000000000004,-0.10750000000000004,1.0,0.8000999999999999,-0.19990000000000008,0.19990000000000008,0.05,0,0.09766666666666667,0.10101666666666666,0.8692733333333333,0.09145190035800453,0.09458873175253676,0.8139593678894587,Y,0.08184133022705177,0.6938506210869563,Y,1,0,mixture_or_unresolved
9ba3ff4ebacac47fd248,101,0.9,0.9,3,3,16,independent,-1.9274705288631186e-17,1.0,1.0,1.0,1.0,1.0,1.0,1.0,0.0,0.0,1.0,1.0,0.0,0.0,0.05,1,0.0,0.0,1.0,0.0,0.0,1.0,Y,0.0,0.816496580927726,Y,1,1,Y
9bf54a74aa5f463997e7,97,0.9,0.99,2,3,64,independent,0.0,1.0,1.0,1.0,0.9985,0.2758,1.0,0.8909,0.6151,0.7242,0.2758,1.6151,0.6151,0.6151,0.05,0,0.4093333333333333,0.52135,0.6824111111111111,0.2537565824140627,0.323198683000582,0.42304473458535524,Y,0.4228350545228403,0.11560975849578903,Y,1,0,mixture_or_unresolved
9c5aa854d3a7d8450327,23,0.9,0.99,2,3,16,independent,0.0,1.0,1.0,1.0,0.99475,0.0092,0.9993,0.4432,0.434,0.9901,0.0092,1.4333,0.4333,0.4333,0.05,0,0.28969999999999996,0.8458166666666667,0.29846666666666666,0.20202466323411472,0.5898371668661886,0.20813816989969663,Q,0.25593708211199095,0.40024159528210623,Q,1,0,mixture_or_unresolved
9c5e0b52d768466b2edf,101,0.99,0.99,3,5,16,nested,1.0,1.0,1.0,1.0,0.99,0.0,0.0,1.0,1.0,0.0,0.0,1.0,0.0,0.0,0.05,1,1.0,2.2222222222222223e-05,1.3333333333333335e-05,0.999964445708597,2.2221432126857713e-05,1.3332859276114628e-05,P,0.0,0.816496580927726,P,1,1,P
9c7d83293ed09e069460,37,0.99,0.99,3,5,64,nested,1.0,1.0,1.0,1.0,0.98975,0.0119,0.0164,0.9983,0.9863999999999999,0.0045000000000000005,0.0119,1.0028,0.0027999999999999137,0.0027999999999999137,0.05,1,0.9852666666666666,0.0144,0.014513333333333333,0.9714909253452708,0.014198662959238008,0.014310411695491269,P,0.011739676315810417,0.7932061727945505,P,1,1,P
9c93976d6ffb51afe6da,71,0.99,0.9,3,5,16,nested,0.30151134457776363,1.0,1.0,1.0,0.99,0.0,0.0001,1.0,1.0,0.0001,0.0,1.0001,9.999999999998899e-05,9.999999999998899e-05,0.05,1,0.9999,2.2222222222222223e-05,7.333333333333334e-05,0.9999044440197511,2.222232098809328e-05,7.333365926070783e-05,P,5.773502691896258e-05,0.8163980220924324,P,1,1,P
9cfdf39b0d887fb9e04d,11,0.9,0.99,3,3,16,nested,0.3015113445777637,1.0,1.0,1.0,1.0,1.0,1.0,0.9945,-0.005499999999999949,0.0,1.0,0.9945,-0.005499999999999949,0.005499999999999949,0.05,1,0.0038666666666666667,0.0018333333333333335,0.9964777777777778,0.0038582642245775863,0.00182934941682558,0.9943123863585968,Y,0.0031754264805429126,0.8110788847351443,Y,1,1,Y
9d2812d2b8b1d90eddcd,53,0.9,0.9,2,5,64,nested,0.9999999999999999,1.0,1.0,1.0,1.0,1.0,1.0,1.0,0.0,0.0,1.0,1.0,0.0,0.0,0.05,1,0.0,0.0,1.0,0.0,0.0,1.0,Y,0.0,0.816496580927726,Y,1,1,Y
9d3141e4e726e0859848,97,0.99,0.99,2,5,64,nested,1.0,1.0,1.0,1.0,0.9895,0.014,0.0415,0.9859,0.9719,0.027500000000000004,0.014,1.0133999999999999,0.013399999999999856,0.013399999999999856,0.05,1,0.9664333333333334,0.0323,0.03278666666666667,0.9369021767230237,0.03131301380487048,0.03178480947210589,P,0.026564763629038125,0.7673531708369031,P,1,1,P
9d8d742803ba7cef6852,71,0.99,0.99,2,5,64,nested,1.0,1.0,1.0,1.0,0.99025,0.0507,0.1086,0.9929,0.9422,0.0579,0.0507,1.0508,0.050799999999999956,0.050799999999999956,0.05,0,0.9256333333333333,0.06353333333333333,0.0903,0.8574913537549408,0.05885622529644269,0.08365242094861661,P,0.06931777068929247,0.6825277054559059,P,1,0,mixture_or_unresolved
9dbfdc8a4b9d11caad18,97,0.9,0.9,2,3,64,nested,0.9999999999999999,1.0,1.0,1.0,1.0,1.0,1.0,1.0,0.0,0.0,1.0,1.0,0.0,0.0,0.05,1,0.0,0.0,1.0,0.0,0.0,1.0,Y,0.0,0.816496580927726,Y,1,1,Y
9dc8335ef99787a9a424,67,0.99,0.95,2,3,16,nested,0.43808582711518057,1.0,1.0,1.0,1.0,0.9994,0.9979,1.0,0.0006000000000000449,-0.0014999999999999458,0.9994,0.9985,-0.0014999999999999458,0.0014999999999999458,0.05,1,0.0009,0.0016666666666666666,0.998211111111111,0.0008993005440213167,0.001665371377817253,0.9974353280781614,Y,0.0012609520212918512,0.8141335884722454,Y,1,1,Y
9df895712cef419aab41,97,0.99,0.95,3,5,64,independent,0.0,1.0,1.0,1.0,0.987,0.0,0.0783,0.9216,0.9216,0.0783,0.0,0.9999,-9.999999999998899e-05,9.999999999998899e-05,0.05,1,0.9224333333333333,0.07796666666666667,0.06045333333333333,0.869520134734302,0.07349429390176462,0.056985571363933445,P,0.0639725201421152,0.6885515547773078,P,1,1,P
9e788b751607c91f0fcd,101,0.99,0.95,2,3,16,independent,0.0,1.0,1.0,1.0,0.9995,0.0611,0.9717,1.0,0.9389,0.9106,0.0611,1.9105999999999999,0.9105999999999999,0.9105999999999999,0.05,0,0.6345,0.6061833333333333,0.6672111111111111,0.3325655682092825,0.3177237268542111,0.3497107049365066,Y,0.5423203542802599,0.019798879809210912,Y,1,0,mixture_or_unresolved
9ead2f718159affdce78,41,0.9,0.99,2,3,16,independent,0.0,1.0,1.0,1.0,0.991,0.0084,0.9934,0.2035,0.1951,0.985,0.0084,1.1885,0.1884999999999999,0.1884999999999999,0.05,0,0.13053333333333333,0.9218333333333334,0.13564444444444446,0.10987551556756858,0.7759467270227551,0.11417775740967631,Q,0.11765255345011995,0.6166785185693974,Q,1,0,mixture_or_unresolved
9f1209b76f077f989ad7,41,0.9,0.99,3,5,64,nested,0.3015113445777637,1.0,1.0,1.0,0.99,0.0575,0.9996,0.0146,-0.0429,0.9421,0.0575,0.9567,-0.043300000000000005,0.043300000000000005,0.05,1,0.0327,0.9569111111111112,0.0299,0.0320741967827717,0.9385980208378745,0.02932778237935394,Q,0.034251861263294874,0.7530048884695989,Q,1,1,Q
9f3fc9940af6519f0095,41,0.9,0.95,3,5,64,nested,0.6882472016116853,1.0,1.0,1.0,0.99875,0.953,1.0,0.2108,-0.7422,0.04700000000000004,0.953,0.25780000000000003,-0.7422,0.7422,0.05,0,0.4953666666666667,0.2949888888888889,0.4576933333333333,0.3969128702223203,0.23636004287581328,0.36672708690186634,Y,0.4564521296550896,0.10706233037825036,P,0,0,mixture_or_unresolved
9f6b61e654a21cfb6921,97,0.9,0.95,2,5,16,independent,-1.3265761976790368e-17,1.0,1.0,1.0,0.9425,0.0,0.8575,0.2067,0.2067,0.8575,0.0,1.0642,0.06420000000000003,0.06420000000000003,0.05,0,0.18316666666666667,0.8354,0.10607333333333334,0.16286693223312945,0.7428154787309718,0.09431758903589892,Q,0.14494957743988077,0.5294961554895127,Q,1,0,mixture_or_unresolved
a0527763e5bb0583510f,41,0.9,0.9,3,3,64,nested,0.9999999999999999,1.0,1.0,1.0,1.0,1.0,1.0,1.0,0.0,0.0,1.0,1.0,0.0,0.0,0.05,1,0.0,0.0,1.0,0.0,0.0,1.0,Y,0.0,0.816496580927726,Y,1,1,Y
a076c009d74bd7f42e29,101,0.9,0.99,3,3,16,nested,0.3015113445777637,1.0,1.0,1.0,1.0,1.0,1.0,0.947,-0.05300000000000005,0.0,1.0,0.947,-0.05300000000000005,0.05300000000000005,0.05,0,0.036333333333333336,0.01768888888888889,0.9648111111111111,0.03566170456404385,0.01736190631986477,0.9469763891160914,Y,0.030599564267050194,0.7645542992503614,Y,1,1,Y
a0c7d9d10cde4241ebdb,11,0.9,0.95,2,3,64,nested,0.6882472016116853,1.0,1.0,1.0,1.0,1.0,1.0,0.9993,-0.0007000000000000339,0.0,1.0,0.9993,-0.0007000000000000339,0.0007000000000000339,0.05,1,0.0005,0.00023333333333333333,0.9995444444444445,0.0004998611496806443,0.00023326853651763397,0.9992668703138017,Y,0.00040414518843275764,0.8158067119638923,Y,1,1,Y
a302b13005b0008fd709,23,0.99,0.9,2,5,16,independent,0.0,1.0,1.0,1.0,0.989,0.0,0.0209,0.979,0.979,0.0209,0.0,0.9999,-9.999999999998899e-05,9.999999999998899e-05,0.05,1,0.9800666666666666,0.02075,0.0163,0.9635735002539859,0.02040080620053419,0.016025693545479867,P,0.017105652087346265,0.7822853265124041,P,1,1,P
a31e8699c57c5f1d92be,41,0.9,0.99,3,5,16,independent,0.0,1.0,1.0,1.0,0.98575,0.0,0.9575,0.0432,0.0432,0.9575,0.0,1.0007,0.0006999999999999229,0.0006999999999999229,0.05,1,0.041966666666666666,0.9584555555555555,0.029126666666666665,0.04076218926520137,0.9309471030462101,0.028290707688588528,Q,0.03498804557750165,0.7465217091067675,Q,1,1,Q
a34c22fb9afb4bce64c9,97,0.9,0.9,2,5,64,nested,0.9999999999999999,1.0,1.0,1.0,1.0,1.0,1.0,1.0,0.0,0.0,1.0,1.0,0.0,0.0,0.05,1,0.0,0.0,1.0,0.0,0.0,1.0,Y,0.0,0.816496580927726,Y,1,1,Y
a3736af2ea89203c91f5,11,0.9,0.99,2,3,64,nested,0.3015113445777637,1.0,1.0,1.0,1.0,0.9807,1.0,0.0602,-0.9205,0.019299999999999984,0.9807,0.07950000000000002,-0.9205,0.9205,0.05,0,0.6143333333333333,0.32625,0.36677777777777776,0.4699033251885689,0.24954849675980026,0.2805481780516307,Y,0.5427081873960137,0.02456497725513862,P,0,0,mixture_or_unresolved
a39085758d9b2c37a39f,11,0.99,0.9,2,5,64,independent,0.0,1.0,1.0,1.0,0.98525,0.0002,0.048,0.9637,0.9635,0.0478,0.0002,1.0115,0.011500000000000066,0.011500000000000066,0.05,1,0.9591000000000001,0.043083333333333335,0.03377333333333333,0.9258109251673975,0.04158796860872559,0.03260110622387679,P,0.03474540737037535,0.747350437139746,P,1,1,P
a3debbb54cef0d2ebe86,101,0.99,0.9,3,3,16,nested,0.30151134457776363,1.0,1.0,1.0,0.99975,0.9864,0.9982,1.0,0.013599999999999945,0.011799999999999922,0.9864,1.0118,0.011800000000000033,0.011800000000000033,0.05,1,0.009066666666666666,0.009533333333333333,0.9944111111111111,0.008950214432220771,0.009410887233879194,0.9816388983339001,Y,0.007920437698342995,0.8023034408274219,Y,1,1,Y
a3ec507b7a9ea2fbbff2,53,0.99,0.95,2,5,16,nested,0.43808582711518057,1.0,1.0,1.0,0.99,0.0003,0.0001,1.0,0.9997,-0.00019999999999999998,0.0003,0.9998,-0.00019999999999997797,0.00019999999999997797,0.05,1,0.9998333333333334,0.00023333333333333336,0.0002666666666666666,0.9995001666111297,0.00023325558147284243,0.00026657780739753413,P,0.00018257418583505534,0.8161507115090051,P,1,1,P
a4107c903abd1fd7805f,11,0.9,0.95,2,5,64,independent,-1.3265761976790368e-17,1.0,1.0,1.0,0.9955,0.5711,0.9993,0.9824,0.4113,0.4281999999999999,0.5711,1.4106,0.4106000000000001,0.4106000000000001,0.05,0,0.2765666666666666,0.29265,0.8453466666666668,0.1955138099154273,0.20688363193352952,0.597602558151043,Y,0.24783425913299392,0.4082311491915115,Y,1,0,mixture_or_unresolved
a4953ccf4b15e739ba03,97,0.99,0.95,2,5,64,nested,0.43808582711518057,1.0,1.0,1.0,0.98925,0.0094,0.011,0.9975,0.9881000000000001,0.001599999999999999,0.0094,0.9991000000000001,-0.0008999999999999009,0.0008999999999999009,0.05,1,0.9864333333333334,0.012116666666666666,0.01104,0.9770632963216092,0.012001571595069946,0.010935132083320951,P,0.008477617589865675,0.7996922511052414,P,1,1,P
a4fbe6d7f8ffcffb3201,67,0.9,0.9,3,3,16,independent,-1.9274705288631186e-17,1.0,1.0,1.0,1.0,1.0,1.0,1.0,0.0,0.0,1.0,1.0,0.0,0.0,0.05,1,0.0,0.0,1.0,0.0,0.0,1.0,Y,0.0,0.816496580927726,Y,1,1,Y
a509b5c87083761a4279,71,0.99,0.95,2,5,16,independent,0.0,1.0,1.0,1.0,0.98675,0.0,0.0986,0.8952,0.8952,0.0986,0.0,0.9938,-0.006199999999999983,0.006199999999999983,0.05,1,0.8974666666666666,0.1024,0.06326666666666667,0.844171317489183,0.09631905687590143,0.05950962563491566,P,0.0830762701778713,0.6503869758906234,P,1,0,mixture_or_unresolved
a5527a1cab872b75823f,83,0.9,0.95,2,3,64,independent,-1.3265761976790368e-17,1.0,1.0,1.0,1.0,1.0,1.0,1.0,0.0,0.0,1.0,1.0,0.0,0.0,0.05,1,0.0,0.0,1.0,0.0,0.0,1.0,Y,0.0,0.816496580927726,Y,1,1,Y
a5feb9882cb20ba6f97d,71,0.99,0.9,3,5,64,independent,0.0,1.0,1.0,1.0,0.9895,0.0017,0.1108,0.9757,0.974,0.1091,0.0017,1.0848,0.08479999999999999,0.08479999999999999,0.05,0,0.9464666666666667,0.08065555555555556,0.07118,0.8617543036120395,0.07343657685801924,0.06480911952994114,P,0.06549814246729953,0.6966632621358636,P,1,0,mixture_or_unresolved
a62c58c9bb09e4dcacaa,83,0.9,0.95,2,3,64,nested,0.6882472016116853,1.0,1.0,1.0,1.0,1.0,1.0,1.0,0.0,0.0,1.0,1.0,0.0,0.0,0.05,1,0.0,0.0,1.0,0.0,0.0,1.0,Y,0.0,0.816496580927726,Y,1,1,Y
a6d46ca3d1b4fa2aa18c,71,0.9,0.9,2,3,64,independent,-1.9274705288631186e-17,1.0,1.0,1.0,1.0,1.0,1.0,1.0,0.0,0.0,1.0,1.0,0.0,0.0,0.05,1,0.0,0.0,1.0,0.0,0.0,1.0,Y,0.0,0.816496580927726,Y,1,1,Y
a6e442b6c2dd28b68925,83,0.9,0.99,2,3,64,independent,0.0,1.0,1.0,1.0,0.99925,0.4046,1.0,0.9952,0.5906,0.5953999999999999,0.4046,1.5906,0.5906,0.5906,0.05,0,0.3925,0.3982833333333334,0.7984555555555555,0.24697356875932924,0.25061262728839456,0.5024138039522762,Y,0.3437655208617253,0.27648287024192497,Y,1,0,mixture_or_unresolved
a70e2294017b1deb0fe5,97,0.9,0.9,3,3,64,nested,0.9999999999999999,1.0,1.0,1.0,1.0,1.0,1.0,1.0,0.0,0.0,1.0,1.0,0.0,0.0,0.05,1,0.0,0.0,1.0,0.0,0.0,1.0,Y,0.0,0.816496580927726,Y,1,1,Y
a711d7f172967bc581fa,11,0.9,0.95,2,5,16,independent,-1.3265761976790368e-17,1.0,1.0,1.0,0.98625,0.0322,0.9372,0.8583,0.8261,0.905,0.0322,1.7633,0.7633000000000001,0.7633000000000001,0.05,0,0.5734333333333334,0.6512,0.5535599999999999,0.3224808700966149,0.36621439738461137,0.3113047325187737,Q,0.49721208419211477,0.05034600100676773,Q,1,0,mixture_or_unresolved
a723934d83e3db274979,101,0.99,0.9,2,5,64,nested,0.30151134457776363,1.0,1.0,1.0,0.98975,0.0415,0.0108,1.0,0.9585,-0.0307,0.0415,0.9693,-0.03069999999999995,0.03069999999999995,0.05,1,0.9684,0.02565,0.020413333333333332,0.9545933974942418,0.02528430467340696,0.020122297832351425,P,0.024758096318847567,0.770485868344408,P,1,1,P
a76b291dad2b50f11872,23,0.99,0.99,3,5,16,nested,1.0,1.0,1.0,1.0,0.99,0.0,0.0002,0.9998,0.9998,0.0002,0.0,1.0,0.0,0.0,0.05,1,0.9998,0.0002666666666666667,0.0003533333333333333,0.9993802602906778,0.00026655471368691817,0.00035318499563516653,P,0.00016329931618553622,0.816169982295355,P,1,1,P
a7958d3815f3b35517d4,67,0.99,0.99,3,3,16,independent,0.0,1.0,1.0,1.0,0.9995,0.7438,0.9709,0.9977,0.2539,0.22709999999999997,0.7438,1.2248,0.2248000000000001,0.2248000000000001,0.05,0,0.18023333333333333,0.1626111111111111,0.8928777777777778,0.14585262779301353,0.13159196151598254,0.7225554106910039,Y,0.14887415267041265,0.557263355184821,Y,1,0,mixture_or_unresolved
a7962f9204837e20eb9a,23,0.9,0.99,3,3,16,nested,0.3015113445777637,1.0,1.0,1.0,1.0,1.0,1.0,1.0,0.0,0.0,1.0,1.0,0.0,0.0,0.05,1,0.0,0.0,1.0,0.0,0.0,1.0,Y,0.0,0.816496580927726,Y,1,1,Y
a7a22aba9351b0fa6f69,41,0.9,0.95,2,3,64,independent,-1.3265761976790368e-17,1.0,1.0,1.0,1.0,1.0,1.0,1.0,0.0,0.0,1.0,1.0,0.0,0.0,0.05,1,0.0,0.0,1.0,0.0,0.0,1.0,Y,0.0,0.816496580927726,Y,1,1,Y
a7d508b9c316a4c6b83d,71,0.99,0.95,3,5,16,independent,0.0,1.0,1.0,1.0,0.98725,0.0,0.0836,0.9161,0.9161,0.0836,0.0,0.9997,-0.00029999999999996696,0.00029999999999996696,0.05,1,0.9179333333333334,0.08356666666666666,0.05921333333333333,0.865392471732859,0.07878346018716963,0.05582406807997134,P,0.06838169833125428,0.6797333039689714,P,1,1,P
a8773b4fd7bff29934b8,97,0.9,0.99,3,3,64,independent,0.0,1.0,1.0,1.0,1.0,0.9999,1.0,1.0,9.999999999998899e-05,9.999999999998899e-05,0.9999,1.0001,9.999999999998899e-05,9.999999999998899e-05,0.05,1,6.666666666666667e-05,6.666666666666667e-05,0.9999666666666667,6.666000066660001e-05,6.666000066660001e-05,0.9998666799986669,Y,5.7735026918956215e-05,0.8163980220924324,Y,1,1,Y
a8dd499e4d0fae137d97,97,0.9,0.99,2,5,16,nested,0.3015113445777637,1.0,1.0,1.0,0.99,0.0004,1.0,0.0,-0.0004,0.9996,0.0004,0.9996,-0.00039999999999995595,0.00039999999999995595,0.05,1,0.00030000000000000003,0.9996166666666667,0.00018666666666666666,0.0002999690032030024,0.9995133836170262,0.00018664737977075701,Q,0.0002309401076758503,0.8161023578370626,Q,1,1,Q
a9043cfb3fcaf2089023,97,0.99,0.99,3,3,64,independent,0.0,1.0,1.0,1.0,1.0,0.4774,0.9791,1.0,0.5226,0.5017,0.4774,1.5017,0.5017,0.5017,0.05,0,0.3575,0.3348666666666667,0.8111111111111111,0.23778203129041553,0.22272804534671467,0.5394899233628697,Y,0.30196444051135113,0.3269360736136308,Y,1,0,mixture_or_unresolved
a906ef96ca330070ceec,71,0.99,0.9,2,5,16,independent,0.0,1.0,1.0,1.0,0.9895,0.0038,0.0431,0.9859,0.9821,0.0393,0.0038,1.0252,0.02519999999999989,0.02519999999999989,0.05,1,0.9746333333333334,0.03165,0.03358,0.9372706028676845,0.03043669200119246,0.032292705131123,P,0.026273307113240742,0.7669628620066501,P,1,1,P
a98609700b109d7f7fdc,97,0.9,0.95,3,5,16,independent,-1.3265761976790368e-17,1.0,1.0,1.0,0.94075,0.0,0.7874,0.2335,0.2335,0.7874,0.0,1.0209,0.02089999999999992,0.02089999999999992,0.05,1,0.22626666666666667,0.7795777777777778,0.11232,0.20235544761851765,0.6971942111476348,0.10045034123384754,Q,0.1823193260920703,0.45211507030627546,Q,1,0,mixture_or_unresolved
a9a9bb67eeb7c76223a8,97,0.9,0.99,2,5,16,independent,0.0,1.0,1.0,1.0,0.9875,0.0,0.9771,0.0254,0.0254,0.9771,0.0,1.0025,0.0024999999999999467,0.0024999999999999467,0.05,1,0.023799999999999998,0.9761,0.019673333333333334,0.023343097766385934,0.9573612491499711,0.019295653083642828,Q,0.019744788341906,0.7770340538303327,Q,1,1,Q
aa0ae36161c2930f5134,67,0.9,0.99,2,5,16,nested,0.3015113445777637,1.0,1.0,1.0,0.9895,0.0,1.0,0.0,0.0,1.0,0.0,1.0,0.0,0.0,0.05,1,0.0,1.0,1.3333333333333335e-05,0.0,0.999986666844442,1.3333155557925894e-05,Q,0.0,0.816496580927726,Q,1,1,Q
aa3c0ea11ccff13ff628,53,0.9,0.9,2,3,16,independent,-1.9274705288631186e-17,1.0,1.0,1.0,1.0,1.0,1.0,1.0,0.0,0.0,1.0,1.0,0.0,0.0,0.05,1,0.0,0.0,1.0,0.0,0.0,1.0,Y,0.0,0.816496580927726,Y,1,1,Y
aa9074dbd18983ab05e6,83,0.9,0.99,2,5,16,independent,0.0,1.0,1.0,1.0,0.99,0.0,0.9915,0.0086,0.0086,0.9915,0.0,1.0001,9.999999999998899e-05,9.999999999998899e-05,0.05,1,0.008766666666666667,0.9915166666666667,0.007606666666666666,0.00869803913786888,0.9837548409714022,0.007547119890728814,Q,0.006981165136756643,0.8025343710534597,Q,1,1,Q
aa9245142492da0caa73,83,0.9,0.95,3,3,16,independent,-1.3265761976790368e-17,1.0,1.0,1.0,1.0,1.0,1.0,1.0,0.0,0.0,1.0,1.0,0.0,0.0,0.05,1,0.0,0.0,1.0,0.0,0.0,1.0,Y,0.0,0.816496580927726,Y,1,1,Y
aacae1d27bbdf2efc1b5,37,0.99,0.99,2,5,64,independent,0.0,1.0,1.0,1.0,0.98975,0.0,0.4543,0.5822,0.5822,0.4543,0.0,1.0365,0.03649999999999998,0.03649999999999998,0.05,1,0.5691666666666666,0.44034999999999996,0.15100666666666665,0.49043965797039835,0.3794408844285767,0.1301194576010248,P,0.35634502475363206,0.10435926579870625,P,1,0,mixture_or_unresolved
ab49b3d4b3d2ee846b95,97,0.99,0.9,2,5,64,independent,0.0,1.0,1.0,1.0,0.983,0.0004,0.0878,0.9343,0.9339000000000001,0.0874,0.0004,1.0217,0.021700000000000053,0.021700000000000053,0.05,1,0.9265666666666666,0.0803,0.06066,0.8679564601040413,0.07522060338851802,0.056822936507440885,P,0.06331268961801154,0.6905718041872398,P,1,1,P
ab6357e31adbc310a367,67,0.9,0.9,2,3,16,nested,0.9999999999999999,1.0,1.0,1.0,1.0,1.0,1.0,1.0,0.0,0.0,1.0,1.0,0.0,0.0,0.05,1,0.0,0.0,1.0,0.0,0.0,1.0,Y,0.0,0.816496580927726,Y,1,1,Y
ab6cf9a0a79dccfc8b7d,23,0.9,0.95,2,3,64,nested,0.6882472016116853,1.0,1.0,1.0,1.0,1.0,1.0,0.7741,-0.2259,0.0,1.0,0.7741,-0.2259,0.2259,0.05,0,0.1517,0.07529999999999999,0.8479555555555556,0.14112211357575508,0.07004940772745126,0.7888284786967937,Y,0.13042342580993646,0.5996977536299334,Y,1,0,mixture_or_unresolved
ab810fec30ec175f00b2,41,0.99,0.99,3,3,16,nested,1.0,1.0,1.0,1.0,1.0,0.9879,0.9895,1.0,0.0121,0.0016000000000000458,0.9879,1.0016,0.0016000000000000458,0.0016000000000000458,0.05,1,0.011933333333333334,0.0091,0.988488888888889,0.011820773303102678,0.009014165116611818,0.9791650615802856,Y,0.009249504491232654,0.7980209293370684,Y,1,1,Y
abdfec3b6adf9b140d98,11,0.99,0.9,3,3,16,nested,0.30151134457776363,1.0,1.0,1.0,1.0,0.9652,0.9713,1.0,0.03480000000000005,0.006100000000000105,0.9652,1.0061,0.006099999999999994,0.006099999999999994,0.05,1,0.03303333333333333,0.016444444444444446,0.9686555555555555,0.03244499738082766,0.016151562772830454,0.9514034398463418,Y,0.026043105293596106,0.7645336314414705,Y,1,1,Y
abeb23cd9496d160ab94,97,0.99,0.9,2,3,64,independent,0.0,1.0,1.0,1.0,0.99875,0.3085,0.9295,1.0,0.6915,0.621,0.3085,1.621,0.621,0.621,0.05,0,0.4844333333333333,0.4167,0.7237333333333333,0.2981372830591228,0.2564518114306815,0.4454109055101957,Y,0.40130723890804665,0.16412548623851453,Y,1,0,mixture_or_unresolved
ac33ca523c2378152a55,101,0.99,0.99,3,3,64,independent,0.0,1.0,1.0,1.0,0.99775,0.0176,0.7346,0.9785,0.9609000000000001,0.7170000000000001,0.0176,1.6955000000000002,0.6955000000000002,0.6955000000000002,0.05,0,0.7285,0.4865777777777778,0.4821333333333333,0.4292335792705681,0.2866925479053873,0.28407387282404467,P,0.4244247754314067,0.16101214687534354,P,1,0,mixture_or_unresolved
ac36e0104b9a55fc1286,23,0.99,0.9,2,3,16,independent,0.0,1.0,1.0,1.0,0.99,0.0,0.1119,0.9872,0.9872,0.1119,0.0,1.0991,0.09909999999999997,0.09909999999999997,0.05,0,0.9550333333333333,0.07825,0.07237777777777778,0.8637667760364587,0.07077213733362141,0.06546108662991976,P,0.06502678935126148,0.7016294678244474,P,1,0,mixture_or_unresolved
ac4ea831fd8a94af29f0,67,0.99,0.95,3,5,16,independent,0.0,1.0,1.0,1.0,0.98625,0.0,0.1116,0.909,0.909,0.1116,0.0,1.0206,0.02059999999999995,0.02059999999999995,0.05,1,0.9018333333333334,0.10416666666666667,0.06254,0.8439864987116377,0.09748504189517161,0.05852845939319071,P,0.08313755669571564,0.6506961120149353,P,1,0,mixture_or_unresolved
ac94874631c350d4d06a,41,0.99,0.9,3,3,16,independent,0.0,1.0,1.0,1.0,0.99925,0.6882,0.8844,1.0,0.31179999999999997,0.19619999999999993,0.6882,1.1962,0.19619999999999993,0.19619999999999993,0.05,0,0.24923333333333333,0.14252222222222222,0.8181555555555555,0.2059930940748632,0.11779561400286524,0.6762112919222717,Y,0.19199184010438222,0.4549967223911229,Y,1,0,mixture_or_unresolved
acafff7a66df6fe1ed4a,23,0.9,0.95,2,5,64,nested,0.6882472016116853,1.0,1.0,1.0,0.9985,0.9706,1.0,0.0594,-0.9112,0.02939999999999998,0.9706,0.08879999999999999,-0.9112,0.9112,0.05,0,0.6085333333333334,0.33268333333333333,0.36282,0.46665354501790596,0.25511808205801983,0.2782283729240742,Y,0.5433208751127949,0.018103717627257154,P,0,0,mixture_or_unresolved
acecc616547a09385953,97,0.99,0.99,2,5,16,nested,1.0,1.0,1.0,1.0,0.99,0.0,0.006,0.9943,0.9943,0.006,0.0,1.0003,0.00029999999999996696,0.00029999999999996696,0.05,1,0.9941,0.005966666666666667,0.005366666666666667,0.9887279116798726,0.005934422968537612,0.005337665351589696,P,0.0047780749261601314,0.8069420102427771,P,1,1,P
ad4c2fe1688b0756192f,53,0.99,0.95,3,5,64,independent,0.0,1.0,1.0,1.0,0.9875,0.0006,0.1281,0.9378,0.9371999999999999,0.1275,0.0006,1.0653,0.06529999999999991,0.06529999999999991,0.05,0,0.9134333333333333,0.10447777777777778,0.08095333333333332,0.8312520602076081,0.09507794915559294,0.07366999063679877,P,0.08221680687872361,0.6570798881858042,P,1,0,mixture_or_unresolved
af36f0b35ad131d220d4,67,0.9,0.9,3,3,16,nested,0.9999999999999999,1.0,1.0,1.0,1.0,1.0,1.0,1.0,0.0,0.0,1.0,1.0,0.0,0.0,0.05,1,0.0,0.0,1.0,0.0,0.0,1.0,Y,0.0,0.816496580927726,Y,1,1,Y
af5439b71c5d67745444,53,0.99,0.99,2,3,16,nested,1.0,1.0,1.0,1.0,0.9995,0.9678,0.982,1.0,0.032200000000000006,0.01419999999999999,0.9678,1.0142,0.01419999999999999,0.01419999999999999,0.05,1,0.026533333333333332,0.026733333333333335,0.9773333333333333,0.02574552040882334,0.025939582120447637,0.9483148974707291,Y,0.02129820023695274,0.774725425878085,Y,1,1,Y
af9b81909b3f9497d88d,53,0.9,0.99,2,3,16,independent,0.0,1.0,1.0,1.0,0.9945,0.0,0.9941,0.3254,0.3254,0.9941,0.0,1.3195000000000001,0.3195000000000001,0.3195000000000001,0.05,0,0.2202,0.8878333333333334,0.21403333333333333,0.16655741011547576,0.6715495940698906,0.16189299581463365,Q,0.18790065637635933,0.5057178675016197,Q,1,0,mixture_or_unresolved
afe2320f1d4329cea0bd,97,0.99,0.99,2,5,16,independent,0.0,1.0,1.0,1.0,0.9895,0.0,0.504,0.4874,0.4874,0.504,0.0,0.9914000000000001,-0.008599999999999941,0.008599999999999941,0.05,1,0.4915,0.5079333333333333,0.12134666666666666,0.4385338781919734,0.4531962859199248,0.10826983588810173,Q,0.4014867204113564,0.013553341911949068,Q,1,0,mixture_or_unresolved
b044447ea70c2d705e5a,83,0.99,0.9,2,3,16,independent,0.0,1.0,1.0,1.0,0.996,0.0638,0.7623,0.9969,0.9331,0.6985,0.0638,1.6954000000000002,0.6954000000000002,0.6954000000000002,0.05,0,0.7016,0.4710166666666667,0.5283555555555556,0.41246999265126155,0.2769102637380583,0.3106197436106802,P,0.4416564803856801,0.11601168259298594,P,1,0,mixture_or_unresolved
b064db85767c07705150,41,0.99,0.99,2,5,16,independent,0.0,1.0,1.0,1.0,0.99075,0.0,0.4998,0.5036,0.5036,0.4998,0.0,1.0034,0.0034000000000000696,0.0034000000000000696,0.05,1,0.5029,0.49773333333333336,0.13216,0.4439468217209376,0.43938582501074036,0.11666735326832195,P,0.4066993156292906,0.0031026690738909513,P,1,0,mixture_or_unresolved
b08c1f71ccf8b443159f,11,0.9,0.99,2,3,64,independent,0.0,1.0,1.0,1.0,0.997,0.1523,1.0,0.7911,0.6388,0.8477,0.1523,1.6387999999999998,0.6387999999999998,0.6387999999999998,0.05,0,0.42933333333333334,0.63575,0.5803666666666667,0.2609215310907857,0.38636847063113433,0.35270999827808,Q,0.4651288351987365,0.03893283430874217,Q,1,0,mixture_or_unresolved
b0a6208001c45f2db915,37,0.9,0.95,2,5,64,nested,0.6882472016116853,1.0,1.0,1.0,0.99975,0.9928,1.0,0.0758,-0.917,0.007199999999999984,0.9928,0.08299999999999996,-0.917,0.917,0.05,0,0.6117666666666667,0.313,0.3813266666666667,0.46839429545616945,0.23964596710801675,0.29195973743581366,Y,0.5336033108343063,0.04125826090854956,P,0,0,mixture_or_unresolved
b0b459e63169f7e90d7e,11,0.99,0.9,2,3,64,independent,0.0,1.0,1.0,1.0,0.99625,0.0488,0.632,0.9993,0.9505,0.5832,0.0488,1.5825,0.5825,0.5825,0.05,0,0.7562333333333333,0.389,0.43766666666666665,0.47775180575736514,0.24575146882304633,0.27649672541958853,P,0.36597173388118376,0.2228706134410855,P,1,0,mixture_or_unresolved
b0e52ec48367f91d7316,37,0.99,0.95,2,5,64,independent,0.0,1.0,1.0,1.0,0.98625,0.0004,0.1529,0.8947,0.8943000000000001,0.1525,0.0004,1.0472000000000001,0.04720000000000013,0.04720000000000013,0.05,1,0.8776666666666666,0.1372,0.08624666666666667,0.7970720543449963,0.12460116124891778,0.07832678440608597,P,0.10718622423924944,0.6041661638216891,P,1,0,mixture_or_unresolved
b1176c0343894349a210,97,0.9,0.9,3,5,16,nested,0.9999999999999999,1.0,1.0,1.0,0.9875,0.8823,0.8762,1.0,0.11770000000000003,-0.006099999999999994,0.8823,0.9939,-0.006099999999999994,0.006099999999999994,0.05,1,0.12133333333333333,0.032233333333333336,0.8774733333333334,0.11768052969170285,0.03126293192633974,0.8510565383819574,Y,0.09862340830992747,0.6192855297409464,Y,1,0,mixture_or_unresolved
b173b7b986504af72baa,41,0.9,0.9,3,3,64,independent,-1.9274705288631186e-17,1.0,1.0,1.0,1.0,1.0,1.0,1.0,0.0,0.0,1.0,1.0,0.0,0.0,0.05,1,0.0,0.0,1.0,0.0,0.0,1.0,Y,0.0,0.816496580927726,Y,1,1,Y
b1f55fe17267bceb3eaa,41,0.9,0.95,2,3,16,independent,-1.3265761976790368e-17,1.0,1.0,1.0,0.99975,0.9714,1.0,1.0,0.02859999999999996,0.02859999999999996,0.9714,1.0286,0.02859999999999996,0.02859999999999996,0.05,1,0.018633333333333335,0.01865,0.9904666666666667,0.01813021973566853,0.018146436390172705,0.9637233438741587,Y,0.016512217698823273,0.7883931514802706,Y,1,1,Y
b2023d27f1a17f4d4858,83,0.99,0.99,3,5,16,independent,0.0,1.0,1.0,1.0,0.99,0.0,0.411,0.5946,0.5946,0.411,0.0,1.0056,0.005600000000000049,0.005600000000000049,0.05,1,0.5923,0.40706666666666663,0.10572,0.5359760622092988,0.3683572329168752,0.09566670487382586,P,0.33330174516994854,0.14990633975137535,P,1,0,mixture_or_unresolved
b2436505522342eb736a,83,0.9,0.95,3,3,64,independent,-1.3265761976790368e-17,1.0,1.0,1.0,1.0,1.0,1.0,1.0,0.0,0.0,1.0,1.0,0.0,0.0,0.05,1,0.0,0.0,1.0,0.0,0.0,1.0,Y,0.0,0.816496580927726,Y,1,1,Y
b2566a7599a40d1e49bd,23,0.9,0.9,2,3,64,independent,-1.9274705288631186e-17,1.0,1.0,1.0,1.0,1.0,1.0,1.0,0.0,0.0,1.0,1.0,0.0,0.0,0.05,1,0.0,0.0,1.0,0.0,0.0,1.0,Y,0.0,0.816496580927726,Y,1,1,Y
b2a5d4ba3bd7e1a67557,67,0.99,0.99,2,3,64,nested,1.0,1.0,1.0,1.0,0.9995,0.9887,0.9979,1.0,0.011299999999999977,0.009199999999999986,0.9887,1.0091999999999999,0.009199999999999875,0.009199999999999875,0.05,1,0.0077,0.006116666666666667,0.9946333333333334,0.007635480192374436,0.006065413919050688,0.9862991058885748,Y,0.006635761699558924,0.8043989888917253,Y,1,1,Y
b2b51625ff8b29549aa9,71,0.99,0.95,3,3,64,independent,0.0,1.0,1.0,1.0,0.99925,0.888,0.9747,1.0,0.11199999999999999,0.0867,0.888,1.0867,0.0867,0.0867,0.05,0,0.08276666666666667,0.05935555555555555,0.9445888888888889,0.07616252913991248,0.05461944296756778,0.8692180278925197,Y,0.06629250837512989,0.6949748756628308,Y,1,0,mixture_or_unresolved
b33313f6be108486f492,101,0.9,0.99,3,5,16,independent,0.0,1.0,1.0,1.0,0.98925,0.0,0.9716,0.0281,0.0281,0.9716,0.0,0.9997,-0.00029999999999996696,0.00029999999999996696,0.05,1,0.027933333333333334,0.9720222222222222,0.020226666666666667,0.027380729368609528,0.9527927472651944,0.019826523366196017,Q,0.02306635356242218,0.7703642084067187,Q,1,1,Q
b34d58e78db34ac73450,83,0.9,0.9,3,5,64,nested,0.9999999999999999,1.0,1.0,1.0,1.0,1.0,1.0,1.0,0.0,0.0,1.0,1.0,0.0,0.0,0.05,1,0.0,0.0,1.0,0.0,0.0,1.0,Y,0.0,0.816496580927726,Y,1,1,Y
b3cb72dd64c53a4f412e,97,0.9,0.95,2,5,16,nested,0.6882472016116853,1.0,1.0,1.0,0.951,0.0173,1.0,0.0,-0.0173,0.9827,0.0173,0.9827,-0.017299999999999982,0.017299999999999982,0.05,1,0.011533333333333333,0.9874666666666667,0.005953333333333332,0.011476486470350197,0.9825995236926425,0.005923989837007356,Q,0.009988159656980525,0.79947653794673,Q,1,1,Q
b4400e4e1f9cb46cc08e,37,0.9,0.99,2,3,64,nested,0.3015113445777637,1.0,1.0,1.0,0.99975,0.9629,1.0,0.0266,-0.9363,0.03710000000000002,0.9629,0.06369999999999998,-0.9363,0.9363,0.05,0,0.6230666666666667,0.3498,0.33874444444444446,0.47503917997373885,0.26669490448557753,0.2582659155406837,Q,0.5561426585568371,0.006258138621355713,P,0,0,mixture_or_unresolved
b452804a06876dfc98af,101,0.99,0.95,2,5,64,nested,0.43808582711518057,1.0,1.0,1.0,0.98975,0.0423,0.0278,0.9991,0.9568,-0.014499999999999999,0.0423,0.9846,-0.01539999999999997,0.01539999999999997,0.05,1,0.9614666666666667,0.0295,0.03216,0.9397337573060357,0.02883318455192905,0.031433058142035196,P,0.029228638923722284,0.7586721458624502,P,1,1,P
b4691ed8b274442dcd30,53,0.9,0.95,3,3,64,independent,-1.3265761976790368e-17,1.0,1.0,1.0,1.0,1.0,1.0,1.0,0.0,0.0,1.0,1.0,0.0,0.0,0.05,1,0.0,0.0,1.0,0.0,0.0,1.0,Y,0.0,0.816496580927726,Y,1,1,Y
b4748fdcaa74fce1ec75,41,0.9,0.95,2,3,16,nested,0.6882472016116853,1.0,1.0,1.0,1.0,1.0,1.0,0.1568,-0.8432,0.0,1.0,0.15680000000000005,-0.8432,0.8432,0.05,0,0.5634,0.28106666666666663,0.43853333333333333,0.4391270459859704,0.21906988828267082,0.3418030657313588,Y,0.4868217469806924,0.09758286171662672,P,0,0,mixture_or_unresolved
b4bb985eb95ae9543289,41,0.9,0.9,2,5,16,independent,-1.9274705288631186e-17,1.0,1.0,1.0,0.90575,0.0,0.5124,0.4954,0.4954,0.5124,0.0,1.0078,0.007800000000000029,0.007800000000000029,0.05,1,0.48983333333333334,0.5097833333333334,0.14638666666666666,0.4274274943935591,0.4448358207218711,0.12773668488456985,Q,0.4013207030127734,0.013880019529950494,Q,1,0,mixture_or_unresolved
b4d2fa2d14d9c5a9c247,11,0.9,0.99,2,5,16,independent,0.0,1.0,1.0,1.0,0.98675,0.0,0.9805,0.0201,0.0201,0.9805,0.0,1.0006,0.0005999999999999339,0.0005999999999999339,0.05,1,0.020466666666666668,0.9797166666666667,0.01652,0.020130421525781036,0.9636209841612268,0.016248594312991988,Q,0.016168487869927712,0.7841614982399684,Q,1,1,Q
b558282337b778f3bd59,97,0.99,0.99,3,5,64,independent,0.0,1.0,1.0,1.0,0.99,0.0,0.275,0.7383,0.7383,0.275,0.0,1.0133,0.01330000000000009,0.01330000000000009,0.05,1,0.7292333333333333,0.26753333333333335,0.13119999999999998,0.6465025562221106,0.23718194982121224,0.1163154939566772,P,0.21917412408098425,0.37824027425013507,P,1,0,mixture_or_unresolved
b56eb6fff6dff660511a,23,0.99,0.95,3,3,16,nested,0.43808582711518057,1.0,1.0,1.0,1.0,1.0,1.0,1.0,0.0,0.0,1.0,1.0,0.0,0.0,0.05,1,0.0,0.0,1.0,0.0,0.0,1.0,Y,0.0,0.816496580927726,Y,1,1,Y
b5bad2012bb2ccde5275,101,0.99,0.9,2,3,16,nested,0.30151134457776363,1.0,1.0,1.0,1.0,1.0,1.0,1.0,0.0,0.0,1.0,1.0,0.0,0.0,0.05,1,0.0,0.0,1.0,0.0,0.0,1.0,Y,0.0,0.816496580927726,Y,1,1,Y
b623574f69ab5aba81f3,53,0.9,0.95,2,3,64,independent,-1.3265761976790368e-17,1.0,1.0,1.0,1.0,1.0,1.0,1.0,0.0,0.0,1.0,1.0,0.0,0.0,0.05,1,0.0,0.0,1.0,0.0,0.0,1.0,Y,0.0,0.816496580927726,Y,1,1,Y
b63e3326bbbda3abbe52,53,0.9,0.99,3,5,16,nested,0.3015113445777637,1.0,1.0,1.0,0.99,0.0,1.0,0.0,0.0,1.0,0.0,1.0,0.0,0.0,0.05,1,0.0,1.0,0.0,0.0,1.0,0.0,Q,0.0,0.816496580927726,Q,1,1,Q
b74bcc176aa6bb1e1e7c,67,0.99,0.99,3,5,64,nested,1.0,1.0,1.0,1.0,0.98975,0.0552,0.0629,0.9989,0.9437,0.0076999999999999985,0.0552,1.0066,0.006599999999999939,0.006599999999999939,0.05,1,0.9423666666666667,0.044644444444444445,0.05884,0.9010524123892714,0.042687189381110116,0.056260398229618404,P,0.048320665006461434,0.719968486290106,P,1,1,P
b7a05806706ad1f07e86,67,0.99,0.9,2,3,16,independent,0.0,1.0,1.0,1.0,0.9985,0.1655,0.9064,1.0,0.8345,0.7409,0.1655,1.7409000000000001,0.7409000000000001,0.7409000000000001,0.05,0,0.5881333333333334,0.4956,0.6592,0.3374388004895961,0.2843482252141983,0.3782129742962056,Y,0.48481997002323796,0.047142187152126036,Y,1,0,mixture_or_unresolved
b7b465017527fc85f300,23,0.9,0.95,2,5,64,independent,-1.3265761976790368e-17,1.0,1.0,1.0,0.99525,0.6604,0.9983,0.9751,0.3147,0.3379,0.6604,1.313,0.31299999999999994,0.31299999999999994,0.05,0,0.21063333333333334,0.23671666666666666,0.86786,0.16015186421433333,0.17998393159013895,0.6598642041955277,Y,0.1965969311391542,0.48334205141736897,Y,1,0,mixture_or_unresolved
b825bad4d107e42e2cfd,53,0.9,0.9,2,5,16,nested,0.9999999999999999,1.0,1.0,1.0,1.0,1.0,0.4235,0.3606,-0.6394,-0.5765,1.0,-0.21589999999999998,-1.2159,1.2159,0.05,0,0.6176,0.5966166666666667,0.6816266666666667,0.32576531464449415,0.31469724115740927,0.3595374441980965,Y,0.4970528509793165,0.20113160650070117,Y,1,0,mixture_or_unresolved
b831ebcc257086597bfb,23,0.99,0.9,2,3,64,nested,0.30151134457776363,1.0,1.0,1.0,0.99925,0.9233,0.9231,1.0,0.07669999999999999,-0.00019999999999997797,0.9233,0.9998,-0.00019999999999997797,0.00019999999999997797,0.05,1,0.07733333333333334,0.044616666666666666,0.9210666666666667,0.07414390949329669,0.04277656157619725,0.8830795289305061,Y,0.0627069905725563,0.6910826573620206,Y,1,1,Y
b83c141e3ce0df220aef,67,0.9,0.9,3,5,64,nested,0.9999999999999999,1.0,1.0,1.0,1.0,1.0,1.0,1.0,0.0,0.0,1.0,1.0,0.0,0.0,0.05,1,0.0,0.0,1.0,0.0,0.0,1.0,Y,0.0,0.816496580927726,Y,1,1,Y
b886c2ce30ce639d2506,53,0.99,0.95,3,3,16,independent,0.0,1.0,1.0,1.0,0.99975,0.9981,0.9941,1.0,0.0019000000000000128,-0.0040000000000000036,0.9981,0.996,-0.0040000000000000036,0.0040000000000000036,0.05,1,0.0036666666666666666,0.003844444444444445,0.9959111111111111,0.003654161314612216,0.0038313327722903846,0.9925145059130974,Y,0.00357864033770743,0.8097352433095185,Y,1,1,Y
b887258ea8b4a6bbb61e,101,0.9,0.95,2,3,64,nested,0.6882472016116853,1.0,1.0,1.0,1.0,1.0,1.0,1.0,0.0,0.0,1.0,1.0,0.0,0.0,0.05,1,0.0,0.0,1.0,0.0,0.0,1.0,Y,0.0,0.816496580927726,Y,1,1,Y
b892c6761fdb3d3e88fe,71,0.9,0.99,2,5,64,nested,0.3015113445777637,1.0,1.0,1.0,0.989,0.0164,0.9998,0.0004,-0.016,0.9834,0.0164,0.9838,-0.016199999999999992,0.016199999999999992,0.05,1,0.010966666666666666,0.9882166666666667,0.005933333333333334,0.010910839537698775,0.9831860314723001,0.0059031289900011615,Q,0.009472064188971695,0.8001923024881513,Q,1,1,Q
b8d5c5e583850cbe3e1e,71,0.99,0.99,2,5,16,independent,0.0,1.0,1.0,1.0,0.989,0.0,0.4736,0.5158,0.5158,0.4736,0.0,0.9894000000000001,-0.010599999999999943,0.010599999999999943,0.05,1,0.5187,0.48135,0.14234666666666668,0.4540454424761977,0.42135101934821234,0.12460353817558992,P,0.3910441577793144,0.034454216678998506,P,1,0,mixture_or_unresolved
b98789a566a998ca7027,67,0.9,0.9,3,5,16,nested,0.9999999999999999,1.0,1.0,1.0,0.9,0.0007,0.0009,0.9999,0.9992,0.00019999999999999998,0.0007,1.0001,9.999999999998899e-05,9.999999999998899e-05,0.05,1,0.9990333333333333,0.0011777777777777778,0.0008933333333333333,0.9979311737925002,0.001176478422719796,0.0008923477847799207,P,0.0006608075867199664,0.8151825822048911,P,1,1,P
b992561375c0a3352d25,97,0.99,0.9,2,5,16,independent,0.0,1.0,1.0,1.0,0.98925,0.0,0.0153,0.9847,0.9847,0.0153,0.0,1.0,0.0,0.0,0.05,1,0.9842666666666667,0.015966666666666667,0.013186666666666666,0.9712327235170677,0.015755231460467197,0.013012045022465184,P,0.0124923976881942,0.7915117855513376,P,1,1,P
b9b7d0be221eae2e3766,11,0.9,0.95,3,3,64,nested,0.6882472016116853,1.0,1.0,1.0,1.0,1.0,1.0,1.0,0.0,0.0,1.0,1.0,0.0,0.0,0.05,1,0.0,0.0,1.0,0.0,0.0,1.0,Y,0.0,0.816496580927726,Y,1,1,Y
b9f4f570fb9cf28efa58,83,0.99,0.99,2,5,64,nested,1.0,1.0,1.0,1.0,0.98925,0.0139,0.1105,0.9486,0.9347,0.0966,0.0139,1.0452,0.04519999999999991,0.04519999999999991,0.05,1,0.9192666666666667,0.0896,0.07186666666666666,0.8505952748133984,0.08290666831164024,0.06649805687496144,P,0.07081765316642455,0.6800142010681527,P,1,0,mixture_or_unresolved
b9f6c1c7bfcf56119c21,67,0.9,0.99,2,5,16,independent,0.0,1.0,1.0,1.0,0.98975,0.0,0.9849,0.0167,0.0167,0.9849,0.0,1.0016,0.0016000000000000458,0.0016000000000000458,0.05,1,0.016066666666666667,0.9841166666666666,0.012826666666666667,0.01586032385333478,0.9714777412529656,0.012661934893699635,Q,0.012998717885494195,0.7905158329057987,Q,1,1,Q
ba026d8fbac9da818620,71,0.9,0.9,3,5,64,independent,-1.9274705288631186e-17,1.0,1.0,1.0,1.0,0.9936,1.0,1.0,0.006399999999999961,0.006399999999999961,0.9936,1.0064,0.006399999999999961,0.006399999999999961,0.05,1,0.005,0.004733333333333333,0.9978666666666667,0.0049622866216752675,0.00469763133518592,0.9903400820431387,Y,0.003695041722813583,0.8101929440180582,Y,1,1,Y
ba7f4d41e024bbce5017,83,0.99,0.95,3,5,16,nested,0.43808582711518057,1.0,1.0,1.0,0.99,0.0,0.0,1.0,1.0,0.0,0.0,1.0,0.0,0.0,0.05,1,0.9999666666666667,1.1111111111111112e-05,1.3333333333333335e-05,0.9999755553382698,1.1111209877421134e-05,1.3333451852905362e-05,P,0.0,0.816496580927726,P,1,1,P
bab44a794ff8ed8e7fb2,67,0.9,0.99,2,3,64,nested,0.3015113445777637,1.0,1.0,1.0,0.9995,0.9708,1.0,0.1003,-0.8705,0.029200000000000004,0.9708,0.12949999999999995,-0.8705,0.8705,0.05,0,0.5785666666666667,0.3192166666666667,0.39163333333333333,0.4487041944031539,0.2475667291410845,0.30372907645576164,Y,0.5197155407848925,0.04375960803121404,P,0,0,mixture_or_unresolved
baed852322e291a8e4ec,11,0.99,0.95,3,5,16,independent,0.0,1.0,1.0,1.0,0.98575,0.0,0.0711,0.9305,0.9305,0.0711,0.0,1.0016,0.0016000000000000458,0.0016000000000000458,0.05,1,0.9285666666666667,0.07095555555555555,0.05190666666666666,0.8831473782767577,0.06748488300577203,0.04936773871747019,P,0.05740342614629665,0.701693726177875,P,1,1,P
bb023434e7c6cd41cd6f,83,0.99,0.99,2,3,64,independent,0.0,1.0,1.0,1.0,0.99275,0.0,0.6032,0.7191,0.7191,0.6032,0.0,1.3222999999999998,0.3222999999999998,0.3222999999999998,0.05,0,0.6154666666666666,0.49296666666666666,0.22982222222222223,0.45990219439901037,0.3683651187698746,0.17173268683111517,P,0.38416795372163287,0.09001733003708245,P,1,0,mixture_or_unresolved
bb34f9e3389362f5f831,71,0.9,0.99,2,3,16,independent,0.0,1.0,1.0,1.0,1.0,0.8873,1.0,1.0,0.11270000000000002,0.11270000000000002,0.8873,1.1127,0.11270000000000002,0.11270000000000002,0.05,0,0.07436666666666666,0.07358333333333333,0.9624333333333334,0.06697386788346367,0.0662684058058028,0.8667577263107336,Y,0.06506737533767085,0.7067921304447394,Y,1,0,mixture_or_unresolved
bb640e69787b0d4cb83e,67,0.99,0.95,3,3,16,independent,0.0,1.0,1.0,1.0,0.99875,0.8361,0.9667,1.0,0.16390000000000005,0.13060000000000005,0.8361,1.1306,0.13060000000000005,0.13060000000000005,0.05,0,0.11856666666666667,0.10526666666666666,0.9231,0.10337712159962799,0.09178098116717041,0.8048418972332015,Y,0.09656103423914503,0.6413576830552012,Y,1,0,mixture_or_unresolved
bb91a53e58774268fa5b,53,0.9,0.99,3,5,16,independent,0.0,1.0,1.0,1.0,0.98875,0.0,0.9848,0.0114,0.0114,0.9848,0.0,0.9962,-0.0038000000000000256,0.0038000000000000256,0.05,1,0.0132,0.9861777777777778,0.012813333333333333,0.013041015530663952,0.97429997848452,0.012659005984816219,Q,0.010969655114602886,0.7946690149271638,Q,1,1,Q
bbe34336a4d506e7d02f,71,0.9,0.9,3,5,16,independent,-1.9274705288631186e-17,1.0,1.0,1.0,0.98225,0.5108,0.9246,0.9423,0.4315,0.41379999999999995,0.5108,1.3561,0.3561000000000001,0.3561000000000001,0.05,0,0.3126333333333333,0.2956444444444445,0.7654,0.2275885497973809,0.21522110150366822,0.5571903486989509,Y,0.2877099754961583,0.3230630565432946,Y,1,0,mixture_or_unresolved
bc9d3d2467f83014861f,11,0.99,0.95,2,5,16,independent,0.0,1.0,1.0,1.0,0.9885,0.0,0.0862,0.9384,0.9384,0.0862,0.0,1.0246,0.024599999999999955,0.024599999999999955,0.05,1,0.9283666666666667,0.07655,0.058320000000000004,0.8731514777205451,0.071997140805904,0.05485138147355089,P,0.061169164345008555,0.6950550087677002,P,1,1,P
bcc2c5e2adfcb0e070f0,41,0.9,0.99,2,3,64,independent,0.0,1.0,1.0,1.0,0.9975,0.169,1.0,0.908,0.739,0.831,0.169,1.7389999999999999,0.7389999999999999,0.7389999999999999,0.05,0,0.4918,0.5856666666666667,0.6608666666666667,0.2829146692233941,0.33691275167785234,0.3801725790987536,Y,0.4827093673561073,0.050527603105119,Y,1,0,mixture_or_unresolved
bd048ba2cd54828310dd,71,0.9,0.95,3,5,16,independent,-1.3265761976790368e-17,1.0,1.0,1.0,0.98725,0.349,0.9489,0.8669,0.5179,0.5999,0.349,1.4667999999999999,0.4667999999999999,0.4667999999999999,0.05,0,0.3599,0.4418888888888889,0.6850666666666667,0.24205444749172375,0.29719691817930455,0.4607486343289717,Y,0.38476305262676497,0.15558492784507877,Y,1,0,mixture_or_unresolved
bd5b2058f9ff634a5a8f,11,0.99,0.99,3,3,64,independent,0.0,1.0,1.0,1.0,0.9965,0.0058,0.6487,0.9347,0.9289,0.6429,0.0058,1.5776000000000001,0.5776000000000001,0.5776000000000001,0.05,0,0.7353333333333334,0.4518666666666667,0.39607777777777775,0.4644373486789011,0.2853994877013229,0.25016316361977614,P,0.37643477522673174,0.20008045151638443,P,1,0,mixture_or_unresolved
bd5f3bc5e06de248350b,23,0.99,0.99,2,5,64,independent,0.0,1.0,1.0,1.0,0.9895,0.0003,0.5028,0.4921,0.49179999999999996,0.5025000000000001,0.0003,0.9945999999999999,-0.005400000000000071,0.005400000000000071,0.05,1,0.49223333333333336,0.5060166666666667,0.14396666666666666,0.4309456758058162,0.44301285512089067,0.12604146907329317,Q,0.4038854375521191,0.008736399000431827,Q,1,0,mixture_or_unresolved
bd62065a1213f0bd06ce,83,0.99,0.9,2,3,64,independent,0.0,1.0,1.0,1.0,0.99925,0.2929,0.9593,1.0,0.7071000000000001,0.6664000000000001,0.2929,1.6664,0.6664000000000001,0.6664000000000001,0.05,0,0.48316666666666663,0.44111666666666666,0.7370111111111112,0.29083746609905925,0.2655258784147569,0.4436366554861838,Y,0.40892008184159084,0.17017314611628015,Y,1,0,mixture_or_unresolved
bd9843ab8ce71ca6015f,53,0.9,0.99,2,5,16,nested,0.3015113445777637,1.0,1.0,1.0,0.99,0.0,1.0,0.0,0.0,1.0,0.0,1.0,0.0,0.0,0.05,1,0.0,1.0,0.0,0.0,1.0,0.0,Q,0.0,0.816496580927726,Q,1,1,Q
bde429c34eafa962bd04,37,0.99,0.95,3,5,16,nested,0.43808582711518057,1.0,1.0,1.0,0.99,0.0,0.0,1.0,1.0,0.0,0.0,1.0,0.0,0.0,0.05,1,1.0,0.0,0.0,1.0,0.0,0.0,P,0.0,0.816496580927726,P,1,1,P
bdeabd9647dd9e4b11e3,83,0.99,0.95,2,5,64,nested,0.43808582711518057,1.0,1.0,1.0,0.989,0.0138,0.0091,0.9979,0.9841,-0.004699999999999999,0.0138,0.9932,-0.006800000000000028,0.006800000000000028,0.05,1,0.9855666666666667,0.014,0.01134,0.9749333931256431,0.013848954074230395,0.01121765280012662,P,0.00962046429925985,0.7975304220493418,P,1,1,P
bef24c75600b64780751,37,0.99,0.95,2,3,16,nested,0.43808582711518057,1.0,1.0,1.0,1.0,0.987,0.9955,1.0,0.013000000000000012,0.008500000000000063,0.987,1.0085000000000002,0.008500000000000174,0.008500000000000174,0.05,1,0.009433333333333334,0.009349999999999999,0.9927666666666667,0.00932562239467484,0.009243240571400326,0.9814311370339249,Y,0.007942501704962567,0.8014171731821258,Y,1,1,Y
bf37d6556a7e0ffbb0a4,23,0.99,0.95,2,5,16,independent,0.0,1.0,1.0,1.0,0.987,0.0,0.0834,0.9108,0.9108,0.0834,0.0,0.9942000000000001,-0.005799999999999916,0.005799999999999916,0.05,1,0.9130666666666667,0.08598333333333333,0.05392,0.8671345495756448,0.08165791364742901,0.05120753677692622,P,0.07050342781264844,0.6755332558251828,P,1,1,P
bf384cc78cfddd1cf9fc,53,0.99,0.95,3,5,64,nested,0.43808582711518057,1.0,1.0,1.0,0.99025,0.0607,0.0532,0.9994,0.9387,-0.0075,0.0607,0.9919,-0.008099999999999996,0.008099999999999996,0.05,1,0.9409666666666666,0.04175555555555556,0.05600666666666667,0.9058828311526054,0.04019870439939414,0.05391846444800055,P,0.046601466357472775,0.723401799869366,P,1,1,P
bf9f3f19d2ae92652f6c,37,0.99,0.95,3,5,16,independent,0.0,1.0,1.0,1.0,0.98625,0.0,0.0828,0.9202,0.9202,0.0828,0.0,1.0030000000000001,0.0030000000000001137,0.0030000000000001137,0.05,1,0.9189666666666667,0.08206666666666666,0.04673333333333333,0.8770718671459931,0.078325326885757,0.04460280596824992,P,0.06639246945249136,0.6837239392912894,P,1,1,P
c0adf252f16544989724,41,0.99,0.9,2,3,64,nested,0.30151134457776363,1.0,1.0,1.0,0.9995,0.9598,0.9654,1.0,0.040200000000000014,0.005600000000000049,0.9598,1.0056,0.005600000000000049,0.005600000000000049,0.05,1,0.038066666666666665,0.025616666666666666,0.9623444444444444,0.0371010098275442,0.02496683542247611,0.9379321547499797,Y,0.030622431865110464,0.7553405019513217,Y,1,1,Y
c145f4cd9ebc58daf1ec,37,0.99,0.9,3,3,64,nested,0.30151134457776363,1.0,1.0,1.0,0.99975,0.9793,0.9763,1.0,0.02070000000000005,-0.0030000000000000027,0.9793,0.997,-0.0030000000000000027,0.0030000000000000027,0.05,1,0.022233333333333334,0.015899999999999997,0.9770222222222221,0.02190140536754083,0.01566262422836128,0.962435970404098,Y,0.018167553495173794,0.7802037427490403,Y,1,1,Y
c197539f6aafede43708,41,0.9,0.9,2,5,16,nested,0.9999999999999999,1.0,1.0,1.0,1.0,1.0,0.5203,0.5183,-0.4817,-0.4797,1.0,0.03859999999999997,-0.9614,0.9614,0.05,0,0.47800000000000004,0.47833333333333333,0.6419666666666667,0.2990677594944629,0.2992763144174018,0.40165592608813533,Y,0.3924907557297794,0.31432062410692546,Y,1,0,mixture_or_unresolved
c257d27f6644d45b5ad7,53,0.99,0.9,3,3,16,nested,0.30151134457776363,1.0,1.0,1.0,0.9995,0.9885,0.9874,1.0,0.011499999999999955,-0.0010999999999999899,0.9885,0.9989,-0.0010999999999999899,0.0010999999999999899,0.05,1,0.013,0.0098,0.9879777777777778,0.012861382873474771,0.009695504012311751,0.9774431131142135,Y,0.009849027024703126,0.7968088951042086,Y,1,1,Y
c2acb23bb48cd81d6611,101,0.9,0.9,2,3,16,nested,0.9999999999999999,1.0,1.0,1.0,1.0,1.0,1.0,1.0,0.0,0.0,1.0,1.0,0.0,0.0,0.05,1,0.0,0.0,1.0,0.0,0.0,1.0,Y,0.0,0.816496580927726,Y,1,1,Y
c2c48f598961415ec106,23,0.9,0.95,2,3,16,nested,0.6882472016116853,1.0,1.0,1.0,1.0,1.0,1.0,0.3154,-0.6846,0.0,1.0,0.3154,-0.6846,0.6846,0.05,0,0.4581,0.2282,0.5433444444444444,0.3725467163046229,0.18558210142046483,0.44187118227491234,Y,0.3952539942872178,0.2101321524544026,Y,1,0,mixture_or_unresolved
c2d7da1734dd4afe38a8,53,0.9,0.99,3,3,64,nested,0.3015113445777637,1.0,1.0,1.0,1.0,1.0,1.0,1.0,0.0,0.0,1.0,1.0,0.0,0.0,0.05,1,0.0,0.0,1.0,0.0,0.0,1.0,Y,0.0,0.816496580927726,Y,1,1,Y
c329d586dbb12b8a5b66,67,0.9,0.99,3,3,16,independent,0.0,1.0,1.0,1.0,1.0,0.9881,1.0,1.0,0.011900000000000022,0.011900000000000022,0.9881,1.0119,0.011900000000000022,0.011900000000000022,0.05,1,0.0091,0.0088,0.9960333333333333,0.008974949043329608,0.008679071602340719,0.9823459793543297,Y,0.006870468203356559,0.8047824974578716,Y,1,1,Y
c362712495d0b961f2b2,101,0.9,0.99,2,5,64,nested,0.3015113445777637,1.0,1.0,1.0,0.98975,0.0133,0.9997,0.0016,-0.011699999999999999,0.9864,0.0133,0.988,-0.01200000000000001,0.01200000000000001,0.05,1,0.0092,0.9899666666666667,0.005633333333333333,0.009156050955414014,0.9852375265392782,0.005606422505307856,Q,0.007736062736732857,0.8026917131939789,Q,1,1,Q
c4be9d8db87a02fb0ebc,23,0.99,0.99,3,3,16,independent,0.0,1.0,1.0,1.0,1.0,1.0,1.0,1.0,0.0,0.0,1.0,1.0,0.0,0.0,0.05,1,0.0,0.0,1.0,0.0,0.0,1.0,Y,0.0,0.816496580927726,Y,1,1,Y
c4f924ccc9782b10cc0d,11,0.9,0.9,2,3,64,nested,0.9999999999999999,1.0,1.0,1.0,1.0,1.0,1.0,1.0,0.0,0.0,1.0,1.0,0.0,0.0,0.05,1,0.0,0.0,1.0,0.0,0.0,1.0,Y,0.0,0.816496580927726,Y,1,1,Y
c51c58cb90f4f6bc2ce2,23,0.99,0.99,2,5,64,nested,1.0,1.0,1.0,1.0,0.98975,0.0168,0.0369,0.9588,0.942,0.020100000000000003,0.0168,0.9789,-0.021100000000000008,0.021100000000000008,0.05,1,0.9478666666666666,0.0452,0.04146,0.9162322221434601,0.04369147887278562,0.04007629898375425,P,0.033373092954254835,0.7513012110301011,P,1,1,P
c54a2a5728045bd49d31,23,0.99,0.95,2,5,64,independent,0.0,1.0,1.0,1.0,0.98525,0.0002,0.1276,0.8783,0.8781,0.12739999999999999,0.0002,1.0057,0.005700000000000038,0.005700000000000038,0.05,1,0.8771666666666667,0.12664999999999998,0.08301333333333334,0.8070872782925266,0.1165315642740815,0.07638115743339192,P,0.10180486235931957,0.6129194877692223,P,1,0,mixture_or_unresolved
c5ac28ed28f1623af3f0,37,0.99,0.99,2,3,64,independent,0.0,1.0,1.0,1.0,0.9905,0.0,0.4568,0.651,0.651,0.4568,0.0,1.1078000000000001,0.10780000000000012,0.10780000000000012,0.05,0,0.6188,0.4268,0.15213333333333334,0.5166425470332852,0.3563397528665257,0.12701770010018926,P,0.3318971929177266,0.1576152311670287,P,1,0,mixture_or_unresolved
c5af6cf629ef29d820d8,23,0.99,0.9,3,3,64,nested,0.30151134457776363,1.0,1.0,1.0,0.99925,0.9525,0.9571,1.0,0.04749999999999999,0.0045999999999999375,0.9525,1.0046,0.0045999999999999375,0.0045999999999999375,0.05,1,0.04633333333333333,0.03356666666666666,0.9551222222222222,0.044765544486430775,0.03243086568189625,0.9228035898316729,Y,0.03695339407054965,0.7426398032659416,Y,1,1,Y
c5d603794744d240a063,41,0.9,0.9,2,3,16,nested,0.9999999999999999,1.0,1.0,1.0,1.0,1.0,1.0,1.0,0.0,0.0,1.0,1.0,0.0,0.0,0.05,1,0.0,0.0,1.0,0.0,0.0,1.0,Y,0.0,0.816496580927726,Y,1,1,Y
c69ec776d3c4e62ab66c,101,0.99,0.95,2,5,16,independent,0.0,1.0,1.0,1.0,0.9845,0.0,0.1083,0.8963,0.8963,0.1083,0.0,1.0046,0.0045999999999999375,0.0045999999999999375,0.05,1,0.8955,0.10615,0.06671333333333333,0.8381979913200565,0.09935758434240535,0.0624444243375381,P,0.0865690090813874,0.6433813499613812,P,1,0,mixture_or_unresolved
c6ac3e93e51b44a1f538,67,0.99,0.9,2,5,64,independent,0.0,1.0,1.0,1.0,0.98725,0.0008,0.0856,0.961,0.9601999999999999,0.0848,0.0008,1.0457999999999998,0.04579999999999984,0.04579999999999984,0.05,1,0.9442666666666667,0.07098333333333333,0.05908,0.8789353984964272,0.06607218762701715,0.054992413876555624,P,0.05431083378725341,0.7115544720379071,P,1,1,P
c6c8bbc228f57eed155c,71,0.99,0.9,3,3,16,nested,0.30151134457776363,1.0,1.0,1.0,1.0,1.0,1.0,1.0,0.0,0.0,1.0,1.0,0.0,0.0,0.05,1,0.0,0.0,1.0,0.0,0.0,1.0,Y,0.0,0.816496580927726,Y,1,1,Y
c6e1fdef79e4a69853e3,41,0.99,0.95,2,5,64,nested,0.43808582711518057,1.0,1.0,1.0,0.99025,0.0701,0.0595,0.9986,0.9285000000000001,-0.010599999999999998,0.0701,0.9880000000000002,-0.011999999999999789,0.011999999999999789,0.05,1,0.9322,0.04593333333333333,0.06374666666666667,0.894728759550044,0.04408697098834158,0.06118426946161426,P,0.05309180727758286,0.7105084851966059,P,1,1,P
c6e96f54e326d505f60a,71,0.99,0.99,3,3,16,nested,1.0,1.0,1.0,1.0,1.0,1.0,1.0,1.0,0.0,0.0,1.0,1.0,0.0,0.0,0.05,1,0.0,0.0,1.0,0.0,0.0,1.0,Y,0.0,0.816496580927726,Y,1,1,Y
c6fabd304ee602873fc5,71,0.99,0.99,3,5,64,independent,0.0,1.0,1.0,1.0,0.99275,0.0,0.347,0.6869,0.6869,0.347,0.0,1.0339,0.03390000000000004,0.03390000000000004,0.05,1,0.6743,0.3381,0.14768,0.581253017033308,0.2914454175574098,0.1273015654092821,P,0.2698398352109389,0.27734709506670085,P,1,0,mixture_or_unresolved
c72027b1c09e9de314fc,101,0.9,0.99,2,3,16,nested,0.3015113445777637,1.0,1.0,1.0,0.99975,0.9876,1.0,0.0649,-0.9227000000000001,0.012399999999999967,0.9876,0.07729999999999992,-0.9227000000000001,0.9227000000000001,0.05,0,0.6145666666666667,0.31958333333333333,0.37164444444444444,0.47064579672655643,0.24474245138123663,0.28461175189220694,Y,0.5399277019503013,0.031493266630073236,P,0,0,mixture_or_unresolved
c7324335a36b95191fd6,41,0.9,0.99,2,3,64,nested,0.3015113445777637,1.0,1.0,1.0,0.99775,0.8427,1.0,0.0023,-0.8404,0.1573,0.8427,0.15959999999999996,-0.8404,0.8404,0.05,0,0.5620666666666667,0.4364166666666667,0.28245555555555557,0.4387927258217713,0.34070061456657225,0.22050665961165636,Q,0.48653488398400924,0.09660277272036333,P,0,0,mixture_or_unresolved
c77cbefd7320f8022402,83,0.99,0.95,3,5,16,independent,0.0,1.0,1.0,1.0,0.9885,0.0,0.1326,0.9514,0.9514,0.1326,0.0,1.084,0.08400000000000007,0.08400000000000007,0.05,0,0.9222333333333333,0.10288888888888888,0.07987999999999999,0.8345986232305215,0.09311192938777398,0.0722894473817046,P,0.08153674018502333,0.6617767244223836,P,1,0,mixture_or_unresolved
c86a418daf2a4deb6390,41,0.99,0.95,2,3,64,nested,0.43808582711518057,1.0,1.0,1.0,0.9995,0.9495,0.9708,1.0,0.05049999999999999,0.021299999999999986,0.9495,1.0213,0.021300000000000097,0.021300000000000097,0.05,1,0.0434,0.02961666666666667,0.9628888888888889,0.04189571121348471,0.028590122437159117,0.9295141663493561,Y,0.03367932105412261,0.7503280960026295,Y,1,1,Y
c873cf6980727bdbdb22,11,0.99,0.95,3,3,64,nested,0.43808582711518057,1.0,1.0,1.0,0.99975,0.8937,0.8956,1.0,0.10629999999999995,0.0018999999999999018,0.8937,1.0019,0.0019000000000000128,0.0019000000000000128,0.05,1,0.10550000000000001,0.06017777777777778,0.8958111111111111,0.09938869931123999,0.05669185839596374,0.8439194422927963,Y,0.08602141206312143,0.6444576658941691,Y,1,0,mixture_or_unresolved
c91b932a3de38e7bf539,37,0.9,0.95,2,5,16,nested,0.6882472016116853,1.0,1.0,1.0,0.95,0.0038,1.0,0.0,-0.0038,0.9962,0.0038,0.9962,-0.0038000000000000256,0.0038000000000000256,0.05,1,0.0022,0.99755,0.0012666666666666666,0.0021977656049682825,0.9965368541982318,0.00126538019679992,Q,0.002193931022920578,0.8127527829815392,Q,1,1,Q
c93976acd146e253622c,97,0.99,0.9,2,5,16,nested,0.30151134457776363,1.0,1.0,1.0,0.99,0.0,0.0,1.0,1.0,0.0,0.0,1.0,0.0,0.0,0.05,1,0.9999666666666667,3.3333333333333335e-05,2e-05,0.9999466677333121,3.333266667999974e-05,1.9999600007999844e-05,P,0.0,0.816496580927726,P,1,1,P
c9cec57bc8f516fd283a,101,0.99,0.9,3,3,64,nested,0.30151134457776363,1.0,1.0,1.0,0.99925,0.9462,0.9542,1.0,0.05379999999999996,0.008000000000000007,0.9462,1.008,0.008000000000000007,0.008000000000000007,0.05,1,0.05163333333333334,0.038233333333333334,0.9517,0.04957275898486255,0.03670752392229654,0.9137197170928408,Y,0.040792482967657945,0.7350494425128702,Y,1,1,Y
ca378fbcce25b5455f91,53,0.9,0.95,3,5,16,independent,-1.3265761976790368e-17,1.0,1.0,1.0,0.941,0.0,0.8375,0.1669,0.1669,0.8375,0.0,1.0044,0.0043999999999999595,0.0043999999999999595,0.05,1,0.16303333333333334,0.8373,0.09247999999999999,0.14918680836007372,0.7661875770183382,0.08462561462158832,Q,0.13448898343978463,0.5475329761284783,Q,1,0,mixture_or_unresolved
cb6e680f84d067124e6e,37,0.99,0.99,2,5,16,nested,1.0,1.0,1.0,1.0,0.99,0.0,0.0044,0.9965,0.9965,0.0044,0.0,1.0009000000000001,0.0009000000000001229,0.0009000000000001229,0.05,1,0.9963666666666667,0.004,0.003446666666666667,0.9925816220811308,0.003984804611747205,0.0034335733071221746,P,0.003246023207967951,0.8100254792232108,P,1,1,P
cbbfa46ebaf1f71ae610,101,0.99,0.95,3,5,64,nested,0.43808582711518057,1.0,1.0,1.0,0.99,0.0367,0.0208,0.998,0.9613,-0.015900000000000004,0.0367,0.9821,-0.017900000000000027,0.017900000000000027,0.05,1,0.9668333333333333,0.028366666666666665,0.02648,0.9463171769373321,0.02776472737713048,0.02591809568553755,P,0.02438257574580668,0.7686671347599934,P,1,1,P
cc2b0ff149287c88a0a0,83,0.9,0.95,2,3,16,independent,-1.3265761976790368e-17,1.0,1.0,1.0,1.0,1.0,1.0,1.0,0.0,0.0,1.0,1.0,0.0,0.0,0.05,1,0.0,0.0,1.0,0.0,0.0,1.0,Y,0.0,0.816496580927726,Y,1,1,Y
cc3d68e91294f9358dc2,67,0.9,0.99,2,3,64,independent,0.0,1.0,1.0,1.0,0.99875,0.3554,1.0,0.9337,0.5783,0.6446000000000001,0.3554,1.5783,0.5783,0.5783,0.05,0,0.3831,0.44916666666666666,0.7406222222222222,0.24356456626165582,0.2855679570500141,0.47086747668832996,Y,0.3741233530980569,0.20267957396340197,Y,1,0,mixture_or_unresolved
cc9606ea3f0ce21d0ff7,11,0.99,0.9,2,3,64,nested,0.30151134457776363,1.0,1.0,1.0,0.99975,0.9463,0.9265,1.0,0.05369999999999997,-0.01980000000000004,0.9463,0.9802,-0.01980000000000004,0.01980000000000004,0.05,1,0.06083333333333333,0.04013333333333333,0.9343111111111111,0.05876039710222699,0.0387657633485377,0.9024738395492353,Y,0.05255454309572103,0.7120555841368881,Y,1,1,Y
cca441ac8b33b1627fb0,71,0.9,0.99,2,3,16,nested,0.3015113445777637,1.0,1.0,1.0,1.0,1.0,1.0,0.9053,-0.0947,0.0,1.0,0.9053,-0.0947,0.0947,0.05,0,0.06536666666666667,0.031566666666666666,0.936811111111111,0.06323290733794083,0.030536238270795494,0.9062308543912637,Y,0.05467507049225756,0.7241206001856595,Y,1,1,Y
cd1cfccd08b7623c1563,53,0.99,0.99,2,3,64,independent,0.0,1.0,1.0,1.0,0.991,0.0006,0.6236,0.7326,0.732,0.623,0.0006,1.3556,0.3555999999999999,0.3555999999999999,0.05,0,0.6107333333333334,0.5027666666666666,0.2609666666666667,0.44434204782461073,0.36579036717272145,0.1898675850026677,P,0.3917397435372963,0.08378806146818746,P,1,0,mixture_or_unresolved
cd2c22d56ca171c8e726,83,0.99,0.9,2,5,64,independent,0.0,1.0,1.0,1.0,0.98525,0.0012,0.0878,0.9456,0.9444,0.0866,0.0012,1.0322,0.032200000000000006,0.032200000000000006,0.05,1,0.9344333333333333,0.07426666666666666,0.05956666666666667,0.8747191712431353,0.06952071892161757,0.05576010983524713,P,0.059636789540238225,0.6989297621434841,P,1,1,P
ce51dd3bf014fbc6adb6,83,0.9,0.9,2,3,64,nested,0.9999999999999999,1.0,1.0,1.0,1.0,1.0,1.0,1.0,0.0,0.0,1.0,1.0,0.0,0.0,0.05,1,0.0,0.0,1.0,0.0,0.0,1.0,Y,0.0,0.816496580927726,Y,1,1,Y
ce666c0bf6fe6d9b2288,11,0.99,0.9,3,5,16,nested,0.30151134457776363,1.0,1.0,1.0,0.98975,0.0001,0.0004,0.9996,0.9995,0.00030000000000000003,0.0001,0.9999,-9.999999999998899e-05,9.999999999998899e-05,0.05,1,0.9994666666666666,0.0005222222222222222,0.00058,0.9988984044632386,0.0005219253047155396,0.0005796702320457695,P,0.0003316624790355223,0.8158383218583778,P,1,1,P
d0887999cc51476f8538,101,0.99,0.95,3,3,64,independent,0.0,1.0,1.0,1.0,0.99875,0.3206,0.8505,1.0,0.6794,0.5299,0.3206,1.5299,0.5299,0.5299,0.05,0,0.5027333333333334,0.3552222222222222,0.6724,0.32850753637498914,0.23211744547381874,0.4393750181511922,Y,0.40163607490695685,0.12312882800989533,Y,1,0,mixture_or_unresolved
d1251d10394f092618f6,83,0.9,0.9,3,5,16,nested,0.9999999999999999,1.0,1.0,1.0,0.9695,0.7044,0.6736,0.9976,0.2932,-0.03080000000000005,0.7044,0.9668,-0.03320000000000001,0.03320000000000001,0.05,1,0.30246666666666666,0.06883333333333333,0.6824733333333334,0.2870319992914352,0.06532081535561093,0.6476471853529538,Y,0.2542453408291553,0.30846301465646686,Y,1,0,mixture_or_unresolved
d1621f918d881daa80ca,11,0.99,0.99,3,5,16,independent,0.0,1.0,1.0,1.0,0.9895,0.0,0.3738,0.6351,0.6351,0.3738,0.0,1.0089000000000001,0.00890000000000013,0.00890000000000013,0.05,1,0.6279,0.37066666666666664,0.1338,0.5545023696682465,0.3273380236083719,0.11815960672338173,P,0.3015948993821569,0.2133414882749336,P,1,0,mixture_or_unresolved
d1c4809b8456181aa3f5,101,0.99,0.99,3,5,64,independent,0.0,1.0,1.0,1.0,0.99125,0.0001,0.3435,0.7095,0.7094,0.34340000000000004,0.0001,1.0529,0.05289999999999995,0.05289999999999995,0.05,0,0.6896,0.32395555555555555,0.13558666666666666,0.6000997845736142,0.2819107585561404,0.11798945687024523,P,0.25973224032966463,0.298354524131442,P,1,0,mixture_or_unresolved
d23907c0056c8c410dd7,97,0.99,0.95,2,3,16,independent,0.0,1.0,1.0,1.0,0.99125,0.0003,0.2379,0.9617,0.9614,0.2376,0.0003,1.1993,0.19930000000000003,0.19930000000000003,0.05,0,0.8961666666666667,0.17198333333333335,0.1433222222222222,0.739733565679958,0.14196225895948458,0.11830417536055764,P,0.1391203196277716,0.5693200777710969,P,1,0,mixture_or_unresolved
d3338c75d66ed75215cd,67,0.9,0.95,3,5,64,nested,0.6882472016116853,1.0,1.0,1.0,1.0,0.9996,1.0,0.6847,-0.31490000000000007,0.00039999999999995595,0.9996,0.6850999999999999,-0.31490000000000007,0.31490000000000007,0.05,0,0.21,0.1053,0.7878866666666667,0.1903576306215932,0.09545075478311316,0.7141916145952937,Y,0.18203868636455642,0.5174883562387538,Y,1,0,mixture_or_unresolved
d388da66940b50ae8bcf,71,0.9,0.9,2,3,16,independent,-1.9274705288631186e-17,1.0,1.0,1.0,1.0,1.0,1.0,1.0,0.0,0.0,1.0,1.0,0.0,0.0,0.05,1,0.0,0.0,1.0,0.0,0.0,1.0,Y,0.0,0.816496580927726,Y,1,1,Y
d3b386dadcd83aaacaf3,83,0.99,0.9,3,3,16,independent,0.0,1.0,1.0,1.0,1.0,0.9996,1.0,1.0,0.00039999999999995595,0.00039999999999995595,0.9996,1.0004,0.00039999999999995595,0.00039999999999995595,0.05,1,0.0001666666666666667,0.0002111111111111111,0.9998555555555556,0.00016662778684973508,0.00021106186334299775,0.9996223103498073,Y,0.00023094010767582486,0.8161023578370628,Y,1,1,Y
d3b7641be6ee9a43f3a2,101,0.9,0.9,3,5,16,nested,0.9999999999999999,1.0,1.0,1.0,0.9005,0.0099,0.0006,0.9897,0.9798,-0.009300000000000001,0.0099,0.9804,-0.01959999999999995,0.01959999999999995,0.05,1,0.9872,0.009644444444444443,0.009793333333333333,0.9806903950886008,0.009580848898533511,0.009728756012865712,P,0.008255503215027729,0.803820942283383,P,1,1,P
d47cabed69fdbf41dc03,67,0.9,0.95,2,3,16,independent,-1.3265761976790368e-17,1.0,1.0,1.0,1.0,1.0,1.0,1.0,0.0,0.0,1.0,1.0,0.0,0.0,0.05,1,0.0,0.0,1.0,0.0,0.0,1.0,Y,0.0,0.816496580927726,Y,1,1,Y
d480a609660bcbae2d50,41,0.9,0.95,3,3,64,nested,0.6882472016116853,1.0,1.0,1.0,1.0,1.0,1.0,1.0,0.0,0.0,1.0,1.0,0.0,0.0,0.05,1,0.0,0.0,1.0,0.0,0.0,1.0,Y,0.0,0.816496580927726,Y,1,1,Y
d5562d63c8600706161d,71,0.99,0.9,2,5,16,nested,0.30151134457776363,1.0,1.0,1.0,0.99,0.0001,0.0001,0.9998,0.9997,0.0,0.0001,0.9998,-0.00019999999999997797,0.00019999999999997797,0.05,1,0.9998666666666667,0.00021666666666666666,0.00022,0.9995634657487227,0.0002166009643741398,0.00021993328690297272,P,0.00014142135623729913,0.8162326881466712,P,1,1,P
d58fae8e28fd946d4de8,37,0.9,0.9,3,5,64,independent,-1.9274705288631186e-17,1.0,1.0,1.0,1.0,0.9979,1.0,1.0,0.0020999999999999908,0.0020999999999999908,0.9979,1.0021,0.0020999999999999908,0.0020999999999999908,0.05,1,0.0013666666666666666,0.0012,0.9993,0.001364120308756987,0.0011977641735427202,0.9974381155177002,Y,0.0012124355652982088,0.8144272745191647,Y,1,1,Y
d5ae500dc353885fdd72,53,0.99,0.95,3,3,64,independent,0.0,1.0,1.0,1.0,0.9995,0.8048,0.9252,1.0,0.19520000000000004,0.12040000000000006,0.8048,1.1204,0.12040000000000006,0.12040000000000006,0.05,0,0.15363333333333334,0.10588888888888888,0.8852444444444443,0.13420493259179458,0.09249822865406827,0.7732968387541371,Y,0.1206897952051733,0.5872880952217335,Y,1,0,mixture_or_unresolved
d6196e397e9919e30dc2,23,0.9,0.9,3,5,16,independent,-1.9274705288631186e-17,1.0,1.0,1.0,0.995,0.7233,0.9851,0.9855,0.2622,0.2617999999999999,0.7233,1.2473,0.24730000000000008,0.24730000000000008,0.05,0,0.17853333333333332,0.17952222222222222,0.8905733333333332,0.14298350368315113,0.1437754835081325,0.7132410128087163,Y,0.16020315227859902,0.5454396161720291,Y,1,0,mixture_or_unresolved
d62d561746d122651506,37,0.99,0.99,2,3,64,nested,1.0,1.0,1.0,1.0,0.9995,0.9273,0.959,1.0,0.07269999999999999,0.03169999999999995,0.9273,1.0316999999999998,0.03169999999999984,0.03169999999999984,0.05,1,0.06343333333333334,0.0517,0.9478555555555557,0.0596745027124774,0.04863644440727927,0.8916890528802434,Y,0.04818813823615379,0.7219993475965708,Y,1,1,Y
d6301dbdbd4cf89a7111,83,0.9,0.9,2,5,16,independent,-1.9274705288631186e-17,1.0,1.0,1.0,0.98725,0.4074,0.9697,0.9637,0.5563,0.5623,0.4074,1.526,0.526,0.526,0.05,0,0.3854,0.38466666666666666,0.7576733333333333,0.2522680560828413,0.2517880442134569,0.49594389970370173,Y,0.34322516419011784,0.2610955398514807,Y,1,0,mixture_or_unresolved
d6a4e73958b748250ca9,101,0.99,0.95,3,3,64,nested,0.43808582711518057,1.0,1.0,1.0,0.99925,0.9317,0.9377,1.0,0.06830000000000003,0.006000000000000005,0.9317,1.006,0.006000000000000005,0.006000000000000005,0.05,1,0.0676,0.04631111111111111,0.9360999999999999,0.06438027110824224,0.04410535338250389,0.8915143755092539,Y,0.05337346406845511,0.7098098210385149,Y,1,1,Y
d71dea8ed6a41230994a,37,0.99,0.9,3,3,16,nested,0.30151134457776363,1.0,1.0,1.0,1.0,1.0,1.0,1.0,0.0,0.0,1.0,1.0,0.0,0.0,0.05,1,0.0,0.0,1.0,0.0,0.0,1.0,Y,0.0,0.816496580927726,Y,1,1,Y
d76a408a5ecd8f532e4c,71,0.9,0.95,2,5,64,independent,-1.3265761976790368e-17,1.0,1.0,1.0,0.99725,0.6577,0.9998,0.9899,0.33220000000000005,0.34210000000000007,0.6577,1.332,0.3320000000000001,0.3320000000000001,0.05,0,0.22036666666666666,0.2307,0.8792599999999999,0.16564853745195415,0.17341605319996592,0.6609354093480799,Y,0.19771304121546127,0.4884529591080755,Y,1,0,mixture_or_unresolved
d83cfa45801972c4595c,101,0.9,0.99,3,5,64,independent,0.0,1.0,1.0,1.0,0.987,0.001,0.9541,0.0863,0.0853,0.9531,0.001,1.0393999999999999,0.03939999999999988,0.03939999999999988,0.05,1,0.07206666666666667,0.9388222222222222,0.05812666666666667,0.06741404864704183,0.8782119374627123,0.054374013890245855,Q,0.05643728082275641,0.7062674457916784,Q,1,1,Q
d83df3b9730535652400,67,0.99,0.95,2,5,64,nested,0.43808582711518057,1.0,1.0,1.0,0.99,0.0738,0.0712,0.9991,0.9253,-0.002600000000000005,0.0738,0.9964999999999999,-0.0035000000000000586,0.0035000000000000586,0.05,1,0.9248,0.049716666666666666,0.07202666666666667,0.8836710058191571,0.04750559779337056,0.06882339638747242,P,0.059207797909847426,0.6980937030350096,P,1,1,P
d87298f498f20cd6a1a9,23,0.99,0.9,3,3,16,nested,0.30151134457776363,1.0,1.0,1.0,1.0,1.0,1.0,1.0,0.0,0.0,1.0,1.0,0.0,0.0,0.05,1,0.0,0.0,1.0,0.0,0.0,1.0,Y,0.0,0.816496580927726,Y,1,1,Y
d8a033f2cf7f92ecb2e4,53,0.99,0.95,3,3,64,nested,0.43808582711518057,1.0,1.0,1.0,1.0,0.9832,0.9855,1.0,0.016800000000000037,0.0023000000000000798,0.9832,1.0023,0.0022999999999999687,0.0022999999999999687,0.05,1,0.016433333333333335,0.013277777777777779,0.9849555555555556,0.016195795006570306,0.013085851949189665,0.9707183530442401,Y,0.012812623983139962,0.7909063339451481,Y,1,1,Y
d8a3a2d163a6ccd17ef9,37,0.99,0.99,2,3,16,independent,0.0,1.0,1.0,1.0,0.99,0.0,0.583,0.5756,0.5756,0.583,0.0,1.1585999999999999,0.15859999999999985,0.15859999999999985,0.05,0,0.5212,0.5295333333333333,0.1747888888888889,0.42528808580469096,0.43208790810266823,0.1426240060926408,Q,0.4103674613481597,0.005967483938284668,Q,1,0,mixture_or_unresolved
d8d0b883dea9fa72b985,37,0.9,0.9,2,3,16,independent,-1.9274705288631186e-17,1.0,1.0,1.0,1.0,1.0,1.0,1.0,0.0,0.0,1.0,1.0,0.0,0.0,0.05,1,0.0,0.0,1.0,0.0,0.0,1.0,Y,0.0,0.816496580927726,Y,1,1,Y
d93c097928ca07906c9c,83,0.99,0.99,2,3,16,nested,1.0,1.0,1.0,1.0,0.999,0.9731,0.9984,1.0,0.026900000000000035,0.02529999999999999,0.9731,1.0253,0.0253000000000001,0.0253000000000001,0.05,1,0.018433333333333333,0.018766666666666668,0.9896555555555555,0.01795124273672593,0.018275858337751714,0.9637728989255224,Y,0.015558170415144172,0.7893696048127536,Y,1,1,Y
d95e597c41c162c0b1d4,11,0.99,0.99,2,5,64,nested,1.0,1.0,1.0,1.0,0.99,0.0085,0.0172,0.9875,0.9790000000000001,0.0087,0.0085,0.9962000000000001,-0.0037999999999999146,0.0037999999999999146,0.05,1,0.9798,0.0187,0.01816,0.9637440245509805,0.01839356323648024,0.017862412212539095,P,0.013220438721918408,0.791168426607946,P,1,1,P
d95f678ab47e7d3b49e3,11,0.99,0.99,3,5,64,nested,1.0,1.0,1.0,1.0,0.989,0.0131,0.0157,0.9978,0.9847,0.002599999999999998,0.0131,1.0004,0.00039999999999995595,0.00039999999999995595,0.05,1,0.9838,0.015844444444444446,0.015413333333333333,0.9692059127449778,0.015609401544739655,0.015184685710282501,P,0.01187349990525119,0.7928672326705682,P,1,1,P
d9c4f9ff2fe53891e727,11,0.9,0.9,3,5,64,nested,0.9999999999999999,1.0,1.0,1.0,1.0,1.0,1.0,1.0,0.0,0.0,1.0,1.0,0.0,0.0,0.05,1,0.0,0.0,1.0,0.0,0.0,1.0,Y,0.0,0.816496580927726,Y,1,1,Y
d9e22f6494543cb360ee,67,0.99,0.9,2,5,16,independent,0.0,1.0,1.0,1.0,0.9865,0.0,0.0267,0.9722,0.9722,0.0267,0.0,0.9988999999999999,-0.001100000000000101,0.001100000000000101,0.05,1,0.9718,0.027466666666666667,0.02446,0.949276825194225,0.026830078341223893,0.023893096464551084,P,0.022254063299391738,0.7719931127526649,P,1,1,P
da043bfc0f2c59ab5c32,101,0.99,0.95,2,3,16,nested,0.43808582711518057,1.0,1.0,1.0,1.0,1.0,1.0,1.0,0.0,0.0,1.0,1.0,0.0,0.0,0.05,1,0.0,0.0,1.0,0.0,0.0,1.0,Y,0.0,0.816496580927726,Y,1,1,Y
da43b04c23b397567e00,23,0.99,0.9,2,3,16,nested,0.30151134457776363,1.0,1.0,1.0,0.99975,0.9969,0.9964,1.0,0.0030999999999999917,-0.000500000000000056,0.9969,0.9994999999999999,-0.000500000000000056,0.000500000000000056,0.05,1,0.0032333333333333333,0.0035166666666666666,0.9964555555555555,0.003223001821937456,0.003505429816643316,0.9932715683614193,Y,0.002742869543622779,0.8110184734392774,Y,1,1,Y
da5ed5b8bf3e3d697ef8,53,0.99,0.99,2,3,64,nested,1.0,1.0,1.0,1.0,1.0,0.9753,0.9852,1.0,0.024700000000000055,0.00990000000000002,0.9753,1.0099,0.00990000000000002,0.00990000000000002,0.05,1,0.021166666666666667,0.017916666666666668,0.9821444444444445,0.02072668519918834,0.017544241408761783,0.9617290733920498,Y,0.01662458019520096,0.7837563978396347,Y,1,1,Y
da7720a31d9c41f18c0c,101,0.99,0.9,3,5,64,nested,0.30151134457776363,1.0,1.0,1.0,0.99,0.0391,0.0283,0.9995,0.9604,-0.010800000000000004,0.0391,0.9887,-0.011299999999999977,0.011299999999999977,0.05,1,0.9646333333333333,0.029800000000000004,0.03188666666666667,0.9398952893184711,0.029035778314755633,0.031068932366773192,P,0.027868440932352134,0.7611245776256914,P,1,1,P
db1707714f293c82c649,67,0.99,0.9,2,5,64,nested,0.30151134457776363,1.0,1.0,1.0,0.99025,0.0739,0.0337,1.0,0.9261,-0.04019999999999999,0.0739,0.9598,-0.040200000000000014,0.040200000000000014,0.05,1,0.9378,0.0441,0.047006666666666676,0.9114529338585943,0.04286103047895501,0.04568603566245077,P,0.046893140934113876,0.7258502187914809,P,1,1,P
db97dfa6f435b2266283,53,0.99,0.99,2,3,16,independent,0.0,1.0,1.0,1.0,0.991,0.0,0.5834,0.6417,0.6417,0.5834,0.0,1.2251,0.22510000000000008,0.22510000000000008,0.05,0,0.5673,0.5087,0.24177777777777779,0.43049747048903875,0.38602866779089373,0.18347386172006744,P,0.39527815101098956,0.04643610428685946,P,1,0,mixture_or_unresolved
dbf0302c49f809e00efd,11,0.9,0.9,3,5,16,nested,0.9999999999999999,1.0,1.0,1.0,1.0,1.0,0.9988,1.0,0.0,-0.0011999999999999789,1.0,0.9988,-0.0011999999999999789,0.0011999999999999789,0.05,1,0.00039999999999999996,0.0008444444444444444,0.9991133333333333,0.00039985694007255184,0.0008441424290420539,0.9987560006308854,Y,0.0006928203230275388,0.8153140097137478,Y,1,1,Y
dc0a481df7bbe9dbc189,71,0.9,0.9,3,3,16,nested,0.9999999999999999,1.0,1.0,1.0,1.0,1.0,1.0,1.0,0.0,0.0,1.0,1.0,0.0,0.0,0.05,1,0.0,0.0,1.0,0.0,0.0,1.0,Y,0.0,0.816496580927726,Y,1,1,Y
dc518668548cf45072e4,23,0.99,0.99,3,5,64,nested,1.0,1.0,1.0,1.0,0.987,0.0056,0.006,0.996,0.9904,0.0004000000000000002,0.0056,0.9964,-0.0036000000000000476,0.0036000000000000476,0.05,1,0.99,0.008844444444444445,0.007379999999999999,0.9838759190019457,0.008789733238221648,0.007334347759832686,P,0.00527130597353888,0.8064928962428436,P,1,1,P
dc6e70217fdafbfb4dcb,53,0.99,0.99,2,5,64,nested,1.0,1.0,1.0,1.0,0.991,0.0986,0.1538,0.9936,0.895,0.0552,0.0986,1.0488,0.048799999999999955,0.048799999999999955,0.05,1,0.8784000000000001,0.08825,0.13415333333333335,0.7979626999675995,0.0801687252642767,0.12186857476812389,P,0.10554202954273714,0.6082780598355318,P,1,0,mixture_or_unresolved
dd19bf220fcca96c568d,97,0.9,0.99,3,3,16,nested,0.3015113445777637,1.0,1.0,1.0,1.0,1.0,1.0,1.0,0.0,0.0,1.0,1.0,0.0,0.0,0.05,1,0.0,0.0,1.0,0.0,0.0,1.0,Y,0.0,0.816496580927726,Y,1,1,Y
dd5e42ea4073b4c22996,11,0.9,0.9,3,5,64,independent,-1.9274705288631186e-17,1.0,1.0,1.0,0.99875,0.9478,1.0,0.9992,0.0514,0.052200000000000024,0.9478,1.0514000000000001,0.05140000000000011,0.05140000000000011,0.05,0,0.036366666666666665,0.03515555555555556,0.9821133333333333,0.0345154132991378,0.03336595407224932,0.9321186326286129,Y,0.030141223155892898,0.7649951341229494,Y,1,1,Y
dd7001f1c176e358fe22,83,0.9,0.99,2,5,64,nested,0.3015113445777637,1.0,1.0,1.0,0.98875,0.064,0.9999,0.007,-0.057,0.9359,0.064,0.9428999999999998,-0.05710000000000015,0.05710000000000015,0.05,0,0.039433333333333334,0.9538833333333333,0.026340000000000002,0.03867314815117507,0.9354946272765016,0.025832224572323367,Q,0.037170821890294546,0.7506838622573173,Q,1,1,Q
dda353e1cce160e2c194,97,0.99,0.9,2,3,16,nested,0.30151134457776363,1.0,1.0,1.0,1.0,0.999,1.0,1.0,0.0010000000000000009,0.0010000000000000009,0.999,1.001,0.0009999999999998899,0.0009999999999998899,0.05,1,0.0005,0.0005333333333333334,0.9996666666666667,0.0004996502448286199,0.0005329602611505279,0.9989673894940208,Y,0.0005773502691896263,0.8155110844811954,Y,1,1,Y
ddd90d14c8189c48af41,67,0.9,0.9,3,5,16,independent,-1.9274705288631186e-17,1.0,1.0,1.0,0.89975,0.0,0.4671,0.5373,0.5373,0.4671,0.0,1.0044,0.0043999999999999595,0.0043999999999999595,0.05,1,0.5367000000000001,0.4672888888888889,0.13448666666666667,0.4714198714069887,0.4104514028505955,0.11812872574241577,P,0.3795935106575629,0.05731750240268635,P,1,0,mixture_or_unresolved
de520b67a5800c8bfab7,37,0.9,0.95,3,3,16,nested,0.6882472016116853,1.0,1.0,1.0,1.0,1.0,1.0,1.0,0.0,0.0,1.0,1.0,0.0,0.0,0.05,1,0.0,0.0,1.0,0.0,0.0,1.0,Y,0.0,0.816496580927726,Y,1,1,Y
ded01b89cb54694fc155,101,0.99,0.9,3,3,16,independent,0.0,1.0,1.0,1.0,0.9995,0.6256,0.9596,1.0,0.37439999999999996,0.33399999999999996,0.6256,1.334,0.3340000000000001,0.3340000000000001,0.05,0,0.2643,0.23161111111111113,0.8480000000000001,0.19666479264501616,0.1723410939876976,0.6309941133672862,Y,0.2174147495763186,0.44394937605090856,Y,1,0,mixture_or_unresolved
df90c9582d126fd66199,71,0.99,0.9,2,3,16,nested,0.30151134457776363,1.0,1.0,1.0,1.0,1.0,1.0,1.0,0.0,0.0,1.0,1.0,0.0,0.0,0.05,1,0.0,0.0,1.0,0.0,0.0,1.0,Y,0.0,0.816496580927726,Y,1,1,Y
dfdcb52fd656db9edaf2,53,0.9,0.95,2,3,16,nested,0.6882472016116853,1.0,1.0,1.0,1.0,1.0,1.0,0.7313,-0.26870000000000005,0.0,1.0,0.7313,-0.26870000000000005,0.26870000000000005,0.05,0,0.18176666666666666,0.08956666666666667,0.8215888888888889,0.1663125362178868,0.08195154682146744,0.7517359169606459,Y,0.15513401733125248,0.5601281001240666,Y,1,0,mixture_or_unresolved
e0c7d75105be6f66d90f,97,0.99,0.99,2,3,16,independent,0.0,1.0,1.0,1.0,0.98875,0.0,0.5021,0.495,0.495,0.5021,0.0,0.9971,-0.0029000000000000137,0.0029000000000000137,0.05,1,0.4966333333333333,0.5012,0.08012222222222222,0.4607178197410736,0.46495423435309635,0.07432794590582996,Q,0.4053514565575574,0.005797101346598055,Q,1,0,mixture_or_unresolved
e0e9502ae5b401ffab20,37,0.9,0.95,3,3,64,nested,0.6882472016116853,1.0,1.0,1.0,1.0,1.0,1.0,1.0,0.0,0.0,1.0,1.0,0.0,0.0,0.05,1,0.0,0.0,1.0,0.0,0.0,1.0,Y,0.0,0.816496580927726,Y,1,1,Y
e10c1e512efe736739c9,101,0.99,0.9,3,5,16,nested,0.30151134457776363,1.0,1.0,1.0,0.99,0.0,0.0,1.0,1.0,0.0,0.0,1.0,0.0,0.0,0.05,1,1.0,2.2222222222222223e-05,1.3333333333333335e-05,0.999964445708597,2.2221432126857713e-05,1.3332859276114628e-05,P,0.0,0.816496580927726,P,1,1,P
e15df0eaeb61a3dcf2ad,23,0.9,0.95,3,5,64,nested,0.6882472016116853,1.0,1.0,1.0,1.0,0.9898,1.0,0.2622,-0.7276,0.010199999999999987,0.9898,0.2724,-0.7276,0.7276,0.05,0,0.4867333333333333,0.25272222222222224,0.5038666666666667,0.3914780292942743,0.20326365740533875,0.405258313300387,Y,0.4260097338481051,0.16516223210878406,Y,1,0,mixture_or_unresolved
e1d1aec0e04413aa9f02,53,0.9,0.9,3,5,64,independent,-1.9274705288631186e-17,1.0,1.0,1.0,1.0,0.9851,1.0,1.0,0.014900000000000024,0.014900000000000024,0.9851,1.0149,0.014899999999999913,0.014899999999999913,0.05,1,0.010033333333333333,0.010533333333333336,0.9950333333333333,0.009879217539713797,0.010371537350662992,0.9797492451096231,Y,0.008602519010925439,0.8018339909432268,Y,1,1,Y
e1f5e5206db37b223456,23,0.9,0.95,2,5,16,nested,0.6882472016116853,1.0,1.0,1.0,0.95,0.0,1.0,0.0,0.0,1.0,0.0,1.0,0.0,0.0,0.05,1,0.0,1.0,0.0,0.0,1.0,0.0,Q,0.0,0.816496580927726,Q,1,1,Q
e2080fed9ed9542828b3,67,0.9,0.95,2,3,16,nested,0.6882472016116853,1.0,1.0,1.0,1.0,1.0,1.0,0.8594,-0.14059999999999995,0.0,1.0,0.8594,-0.14059999999999995,0.14059999999999995,0.05,0,0.09143333333333334,0.04686666666666667,0.9075888888888889,0.08742165090831829,0.04481036863911612,0.8677679804525656,Y,0.08117544784806136,0.6800884923636543,Y,1,0,mixture_or_unresolved
e25e79ce3187eba6fcca,67,0.9,0.95,2,5,64,nested,0.6882472016116853,1.0,1.0,1.0,0.99675,0.9652,1.0,0.0,-0.9652,0.03480000000000005,0.9652,0.03480000000000005,-0.9652,0.9652,0.05,0,0.6447333333333333,0.3568,0.3217333333333333,0.487228575746889,0.26963574991183437,0.24313567434127664,Q,0.5572584798218267,0.02044128072281237,P,0,0,mixture_or_unresolved
e2c44c1d6c943a351f8c,101,0.9,0.99,2,5,16,nested,0.3015113445777637,1.0,1.0,1.0,0.98975,0.0,1.0,0.0,0.0,1.0,0.0,1.0,0.0,0.0,0.05,1,6.666666666666667e-05,0.99995,5.333333333333333e-05,6.66620003266438e-05,0.999880008399412,5.332960026131504e-05,Q,0.0,0.816496580927726,Q,1,1,Q
e310e773470fdcaa696e,67,0.99,0.95,2,3,64,nested,0.43808582711518057,1.0,1.0,1.0,1.0,0.995,0.9962,1.0,0.0050000000000000044,0.0011999999999999789,0.995,1.0011999999999999,0.0011999999999998678,0.0011999999999998678,0.05,1,0.004666666666666666,0.003933333333333333,0.9957777777777778,0.004646326083589618,0.003916189127596964,0.9914374847888133,Y,0.003625833237569917,0.8092783103529684,Y,1,1,Y
e3295b2de28e877d00a1,97,0.9,0.99,3,3,64,nested,0.3015113445777637,1.0,1.0,1.0,1.0,1.0,1.0,1.0,0.0,0.0,1.0,1.0,0.0,0.0,0.05,1,0.0,0.0,1.0,0.0,0.0,1.0,Y,0.0,0.816496580927726,Y,1,1,Y
e32cd146f1e7785dcc2a,97,0.9,0.9,3,5,64,nested,0.9999999999999999,1.0,1.0,1.0,1.0,1.0,1.0,1.0,0.0,0.0,1.0,1.0,0.0,0.0,0.05,1,0.0,0.0,1.0,0.0,0.0,1.0,Y,0.0,0.816496580927726,Y,1,1,Y
e34cc12f7f1d017b73cf,23,0.99,0.9,3,5,64,nested,0.30151134457776363,1.0,1.0,1.0,0.987,0.0075,0.0067,0.9976,0.9901000000000001,-0.0007999999999999995,0.0075,0.9968,-0.0031999999999999806,0.0031999999999999806,0.05,1,0.9897333333333334,0.009044444444444443,0.007953333333333333,0.9831158711693955,0.008983972328482283,0.00790015650212238,P,0.005969366242184614,0.804731338909435,P,1,1,P
e3a04d84be5df99f591d,101,0.99,0.95,2,3,64,independent,0.0,1.0,1.0,1.0,0.997,0.0207,0.7362,0.9986,0.9779,0.7154999999999999,0.0207,1.7141,0.7141,0.7141,0.05,0,0.7397,0.47816666666666663,0.49716666666666665,0.43130357038735884,0.2788089638685351,0.289887465744106,P,0.42521402062177266,0.16034010155652773,P,1,0,mixture_or_unresolved
e3bc7acf201a9093a521,71,0.9,0.95,2,5,16,independent,-1.3265761976790368e-17,1.0,1.0,1.0,0.99125,0.5662,0.9803,0.9368,0.37059999999999993,0.4140999999999999,0.5662,1.3508999999999998,0.35089999999999977,0.35089999999999977,0.05,0,0.2523666666666667,0.2949333333333333,0.80538,0.1865678997742753,0.2180362933830125,0.5953958068427123,Y,0.25335401450671086,0.37872318805639377,Y,1,0,mixture_or_unresolved
e3c7bff12fb101504b8c,67,0.99,0.95,2,5,16,independent,0.0,1.0,1.0,1.0,0.9835,0.0,0.1236,0.8813,0.8813,0.1236,0.0,1.0049,0.004899999999999904,0.004899999999999904,0.05,1,0.8813666666666666,0.12035,0.07728,0.8168391005223989,0.11153880611308654,0.07162209336451457,P,0.09893878578865488,0.6186420226689477,P,1,0,mixture_or_unresolved
e43d4ee62dc3afd43dee,71,0.9,0.99,2,5,16,independent,0.0,1.0,1.0,1.0,0.98575,0.0,0.9498,0.092,0.092,0.9498,0.0,1.0418,0.04180000000000006,0.04180000000000006,0.05,1,0.0793,0.9354333333333333,0.06170666666666667,0.07366875998662258,0.8690064781440057,0.05732476186937189,Q,0.060509062682102974,0.6981265635135914,Q,1,1,Q
e48c7885b818983d53d6,83,0.99,0.99,3,5,64,nested,1.0,1.0,1.0,1.0,0.9865,0.0098,0.0087,0.9968,0.987,-0.0011000000000000003,0.0098,0.9957,-0.0042999999999999705,0.0042999999999999705,0.05,1,0.9871666666666666,0.011411111111111111,0.010693333333333332,0.9780986058145373,0.011306289247245539,0.01059510493821724,P,0.007788238996504064,0.8011579829490588,P,1,1,P
e49f4a0b652dbf40b08c,11,0.9,0.9,2,3,16,nested,0.9999999999999999,1.0,1.0,1.0,1.0,1.0,1.0,1.0,0.0,0.0,1.0,1.0,0.0,0.0,0.05,1,0.0,0.0,1.0,0.0,0.0,1.0,Y,0.0,0.816496580927726,Y,1,1,Y
e4beb5bc7391579cc60c,23,0.9,0.99,2,5,64,independent,0.0,1.0,1.0,1.0,0.984,0.0013,0.935,0.1084,0.1071,0.9337000000000001,0.0013,1.0421000000000002,0.04210000000000025,0.04210000000000025,0.05,1,0.09226666666666666,0.921,0.06591333333333334,0.08549701316431611,0.853425749179933,0.061077237655750974,Q,0.07297773633102082,0.6729394284176305,Q,1,0,mixture_or_unresolved
e4cf840a1625a791e24c,71,0.9,0.9,3,3,16,independent,-1.9274705288631186e-17,1.0,1.0,1.0,1.0,1.0,1.0,1.0,0.0,0.0,1.0,1.0,0.0,0.0,0.05,1,0.0,0.0,1.0,0.0,0.0,1.0,Y,0.0,0.816496580927726,Y,1,1,Y
e5088a413d0c71365285,97,0.9,0.99,2,5,64,nested,0.3015113445777637,1.0,1.0,1.0,0.98925,0.0095,0.9997,0.0005,-0.009,0.9902000000000001,0.0095,0.9907,-0.009299999999999975,0.009299999999999975,0.05,1,0.0072,0.9924333333333333,0.003833333333333333,0.0071751262290725495,0.9890047834174861,0.0038200903534414037,Q,0.005495149376192303,0.8069272756384467,Q,1,1,Q
e51d226dd30a9d3d38a8,101,0.9,0.9,2,3,16,independent,-1.9274705288631186e-17,1.0,1.0,1.0,1.0,1.0,1.0,1.0,0.0,0.0,1.0,1.0,0.0,0.0,0.05,1,0.0,0.0,1.0,0.0,0.0,1.0,Y,0.0,0.816496580927726,Y,1,1,Y
e5613cc43625e63d0da2,83,0.99,0.95,3,3,16,independent,0.0,1.0,1.0,1.0,1.0,1.0,1.0,1.0,0.0,0.0,1.0,1.0,0.0,0.0,0.05,1,0.0,2.2222222222222223e-05,0.9999888888888889,0.0,2.222197531138543e-05,0.9999777780246886,Y,0.0,0.816496580927726,Y,1,1,Y
e56168d70c1c29ec86ed,23,0.9,0.95,3,3,16,independent,-1.3265761976790368e-17,1.0,1.0,1.0,1.0,1.0,1.0,1.0,0.0,0.0,1.0,1.0,0.0,0.0,0.05,1,0.0,0.0,1.0,0.0,0.0,1.0,Y,0.0,0.816496580927726,Y,1,1,Y
e57e30de43b8cedc3a13,83,0.99,0.99,2,5,64,independent,0.0,1.0,1.0,1.0,0.98975,0.0001,0.4276,0.5753,0.5752,0.4275,0.0001,1.0028,0.0027999999999999137,0.0027999999999999137,0.05,1,0.5782,0.42578333333333335,0.12303333333333334,0.5130358912172254,0.37779683826030375,0.10916727052247083,P,0.3479520369246313,0.1205960253557144,P,1,0,mixture_or_unresolved
e5e19d5cc92cbe8225f3,71,0.99,0.99,2,3,64,independent,0.0,1.0,1.0,1.0,0.99125,0.0002,0.6123,0.6974,0.6972,0.6121,0.0002,1.3094999999999999,0.3094999999999999,0.3094999999999999,0.05,0,0.5948333333333333,0.5130833333333333,0.2586,0.4352916783549414,0.3754680391750314,0.1892402824700272,P,0.3943256226352361,0.06635434219935499,P,1,0,mixture_or_unresolved
e60edc9d85472e257742,67,0.99,0.95,2,3,64,independent,0.0,1.0,1.0,1.0,0.99775,0.0351,0.8341,0.9997,0.9646,0.7989999999999999,0.0351,1.7986999999999997,0.7986999999999997,0.7986999999999997,0.05,0,0.6986,0.5325666666666666,0.5658222222222222,0.38876144661748974,0.29636614336328054,0.31487241001922966,P,0.48199409055851844,0.08326541031991291,P,1,0,mixture_or_unresolved
e7292c40eaf67c91f8b7,41,0.99,0.9,2,3,16,independent,0.0,1.0,1.0,1.0,0.9925,0.0003,0.299,0.9983,0.998,0.29869999999999997,0.0003,1.297,0.29699999999999993,0.29699999999999993,0.05,0,0.8988666666666667,0.19898333333333335,0.197,0.694185941743574,0.15367288360299133,0.15214117465343477,P,0.17263060756038215,0.5316430087753902,P,1,0,mixture_or_unresolved
e780b62c2a925d9db07b,53,0.99,0.9,2,5,64,independent,0.0,1.0,1.0,1.0,0.988,0.0015,0.0728,0.9682,0.9667,0.0713,0.0015,1.0395,0.03950000000000009,0.03950000000000009,0.05,1,0.9529666666666666,0.05976666666666666,0.05094,0.8959204266974197,0.05618893018533259,0.04789064311724778,P,0.04587421207316083,0.7281010954571677,P,1,1,P
e79b89bf38e9a2bcded0,41,0.9,0.99,2,5,64,nested,0.3015113445777637,1.0,1.0,1.0,0.991,0.1181,1.0,0.0265,-0.0916,0.8819,0.1181,0.9084,-0.09160000000000001,0.09160000000000001,0.05,0,0.06983333333333333,0.9133333333333333,0.05647333333333333,0.06717068728918985,0.8785092275531274,0.05432008515768279,Q,0.06988051707498068,0.6885058971844873,Q,1,0,mixture_or_unresolved
e7c2ff572e896797153c,83,0.9,0.95,3,5,16,nested,0.6882472016116853,1.0,1.0,1.0,0.98125,0.6696,1.0,0.2681,-0.40149999999999997,0.3304,0.6696,0.5985,-0.40149999999999997,0.40149999999999997,0.05,0,0.26763333333333333,0.4612777777777778,0.40358,0.23632267901048035,0.407312493009511,0.3563648279800087,Q,0.416429974105291,0.047194072581964785,Q,1,0,mixture_or_unresolved
e7d0540a259cf7ee87c4,41,0.9,0.99,3,3,64,independent,0.0,1.0,1.0,1.0,1.0,1.0,1.0,1.0,0.0,0.0,1.0,1.0,0.0,0.0,0.05,1,0.0,0.0,1.0,0.0,0.0,1.0,Y,0.0,0.816496580927726,Y,1,1,Y
e88714974f534229ba73,71,0.9,0.99,2,5,16,nested,0.3015113445777637,1.0,1.0,1.0,0.98975,0.0012,1.0,0.0,-0.0012,0.9988,0.0012,0.9988,-0.0011999999999999789,0.0011999999999999789,0.05,1,0.0009666666666666666,0.9989666666666667,0.0005333333333333333,0.0009662157659758779,0.9985006996734858,0.0005330845605384153,Q,0.0006928203230275509,0.8153140097137478,Q,1,1,Q
e8cd5126f66209429baf,41,0.99,0.99,2,3,64,nested,1.0,1.0,1.0,1.0,0.99975,0.98,0.9965,1.0,0.020000000000000018,0.01650000000000007,0.98,1.0165000000000002,0.01650000000000018,0.01650000000000018,0.05,1,0.014133333333333333,0.012933333333333333,0.9909777777777778,0.013882825460578013,0.012704094996944032,0.9734130795424779,Y,0.01172248551573713,0.7952083768675693,Y,1,1,Y
e9147598f2050e9df827,67,0.99,0.9,3,3,64,independent,0.0,1.0,1.0,1.0,0.998,0.6337,0.878,1.0,0.36629999999999996,0.24429999999999996,0.6337,1.2443,0.24429999999999996,0.24429999999999996,0.05,0,0.28296666666666664,0.17427777777777778,0.7957444444444445,0.22583334072307104,0.13908964343037536,0.6350770158465536,Y,0.22290483021534846,0.40225106767466323,Y,1,0,mixture_or_unresolved
e92a38eb2dd94ae46d9e,101,0.9,0.95,3,5,16,independent,-1.3265761976790368e-17,1.0,1.0,1.0,0.94625,0.0,0.8642,0.1363,0.1363,0.8642,0.0,1.0005,0.0004999999999999449,0.0004999999999999449,0.05,1,0.13563333333333333,0.8641,0.07274,0.12646779096294544,0.805707678823405,0.06782453021364944,Q,0.11108454738021248,0.5943277032458547,Q,1,0,mixture_or_unresolved
e9ee27191fce37000e55,97,0.9,0.99,2,3,64,nested,0.3015113445777637,1.0,1.0,1.0,0.997,0.7731,1.0,0.0484,-0.7247,0.2269,0.7731,0.2753,-0.7247,0.7247,0.05,0,0.48446666666666666,0.47026666666666667,0.28973333333333334,0.3892966197032196,0.37788610917662185,0.2328172711201586,Q,0.44722334837677397,0.11758522391416898,P,0,0,mixture_or_unresolved
ea2cf303384eba38c78d,71,0.99,0.95,3,5,64,independent,0.0,1.0,1.0,1.0,0.98825,0.0004,0.1327,0.9189,0.9185000000000001,0.1323,0.0004,1.0512000000000001,0.051200000000000134,0.051200000000000134,0.05,0,0.9002,0.1171111111111111,0.07926666666666667,0.8209176022372635,0.10679690349775058,0.07228549426498602,P,0.08978986579787275,0.6397274769249259,P,1,0,mixture_or_unresolved
ea7e203b51fc50b56552,37,0.9,0.95,2,5,16,independent,-1.3265761976790368e-17,1.0,1.0,1.0,0.9455,0.0,0.8199,0.2269,0.2269,0.8199,0.0,1.0468,0.04679999999999995,0.04679999999999995,0.05,1,0.2119,0.8070833333333333,0.10608,0.18834495243230753,0.7173670223009667,0.09428802526672572,Q,0.16725192574875386,0.48336819382948365,Q,1,0,mixture_or_unresolved
ea84d7467e0069b40937,67,0.99,0.9,2,5,16,nested,0.30151134457776363,1.0,1.0,1.0,0.99,0.0003,0.0002,0.9998,0.9995,-9.999999999999996e-05,0.0003,0.9997,-0.00029999999999996696,0.00029999999999996696,0.05,1,0.9995666666666667,0.0005499999999999999,0.00036666666666666667,0.9990837761748488,0.0005497342950907061,0.00036648953006047073,P,0.0002380476142847555,0.8160544183560927,P,1,1,P
eaa555b3424ad608eda8,23,0.99,0.9,2,5,64,nested,0.30151134457776363,1.0,1.0,1.0,0.9885,0.0096,0.0026,0.9996,0.99,-0.006999999999999999,0.0096,0.9926,-0.007399999999999962,0.007399999999999962,0.05,1,0.9912666666666666,0.00715,0.005526666666666667,0.9873731253091975,0.0071219159115886365,0.005504958779213967,P,0.005746883213244084,0.8057741331504726,P,1,1,P
eaad5b32650e1287e287,97,0.99,0.95,3,5,16,nested,0.43808582711518057,1.0,1.0,1.0,0.99,0.0,0.0,1.0,1.0,0.0,0.0,1.0,0.0,0.0,0.05,1,1.0,0.0,0.0,1.0,0.0,0.0,P,0.0,0.816496580927726,P,1,1,P
ead6740cd90f2c8ec1f4,101,0.9,0.99,3,5,64,nested,0.3015113445777637,1.0,1.0,1.0,0.98825,0.0072,0.9991,0.0033,-0.0039,0.9919,0.0072,0.9952,-0.0048000000000000265,0.0048000000000000265,0.05,1,0.005166666666666667,0.9928111111111111,0.004946666666666668,0.005151601095463046,0.9899161563073322,0.00493224259720462,Q,0.004602173399601541,0.8076095272466441,Q,1,1,Q
eaeee5f62f6d23a93898,53,0.9,0.95,2,5,64,nested,0.6882472016116853,1.0,1.0,1.0,0.99975,0.9904,1.0,0.0714,-0.9189999999999999,0.009600000000000053,0.9904,0.08100000000000007,-0.9189999999999999,0.9189999999999999,0.05,0,0.6140666666666666,0.3157833333333333,0.3774733333333333,0.46971292488213834,0.24154952740587002,0.2887375477119917,Y,0.5361561091075372,0.037135590931224316,P,0,0,mixture_or_unresolved
eaf0e4e0522b7aeeb06f,41,0.9,0.99,3,3,16,independent,0.0,1.0,1.0,1.0,0.98825,0.0,0.9722,0.1124,0.1124,0.9722,0.0,1.0846,0.08460000000000001,0.08460000000000001,0.05,0,0.08310000000000001,0.9446444444444444,0.06582222222222221,0.07598988020849211,0.863819713272574,0.06019040651893396,Q,0.06684958239710004,0.6931957232700467,Q,1,0,mixture_or_unresolved
eb4ac66400bdb55882e5,71,0.99,0.9,2,3,64,independent,0.0,1.0,1.0,1.0,0.998,0.1187,0.8219,1.0,0.8813,0.7031999999999999,0.1187,1.7031999999999998,0.7031999999999998,0.7031999999999998,0.05,0,0.6482333333333333,0.47293333333333337,0.5899,0.37884750253253335,0.27639678952700075,0.344755707940466,P,0.47944735546946826,0.03965741879741003,P,1,0,mixture_or_unresolved
eb7eeb7736cc25c34033,11,0.99,0.95,2,3,64,nested,0.43808582711518057,1.0,1.0,1.0,0.99975,0.9383,0.9415,1.0,0.06169999999999998,0.0031999999999999806,0.9383,1.0032,0.0032000000000000917,0.0032000000000000917,0.05,1,0.060366666666666666,0.039216666666666664,0.9403333333333334,0.05804952319897428,0.03771135507652857,0.9042391217244973,Y,0.049088831044681966,0.7183374173119055,Y,1,1,Y
ec17f183903f8da70769,97,0.9,0.95,3,5,16,nested,0.6882472016116853,1.0,1.0,1.0,0.94975,0.0052,1.0,0.0,-0.0052,0.9948,0.0052,0.9948,-0.005199999999999982,0.005199999999999982,0.05,1,0.0032666666666666664,0.9964222222222222,0.0019,0.0032614845301354514,0.9948415295696837,0.0018969859001808239,Q,0.003002221399786054,0.8113742353653475,Q,1,1,Q
ec6583afc24ae357b75c,71,0.99,0.95,2,3,64,nested,0.43808582711518057,1.0,1.0,1.0,0.99975,0.9777,0.9863,1.0,0.022299999999999986,0.008599999999999941,0.9777,1.0086,0.008599999999999941,0.008599999999999941,0.05,1,0.0198,0.012733333333333334,0.9837888888888888,0.019482010298571103,0.012528834905815087,0.9679891547956139,Y,0.015110482013048654,0.7866968472957656,Y,1,1,Y
ec66b608236c07ca6192,37,0.99,0.95,2,3,64,independent,0.0,1.0,1.0,1.0,0.9955,0.0293,0.6406,0.9971,0.9678,0.6113,0.0293,1.6084,0.6084,0.6084,0.05,0,0.7658,0.4127,0.4352,0.47456156658610643,0.2557476606556361,0.26969077275825737,P,0.3702410296009884,0.22737514041674683,P,1,0,mixture_or_unresolved
ec69608147d4f65d4ac9,41,0.9,0.9,2,3,64,independent,-1.9274705288631186e-17,1.0,1.0,1.0,1.0,1.0,1.0,1.0,0.0,0.0,1.0,1.0,0.0,0.0,0.05,1,0.0,0.0,1.0,0.0,0.0,1.0,Y,0.0,0.816496580927726,Y,1,1,Y
ec8f5a800efe1fa03119,71,0.9,0.99,3,3,64,nested,0.3015113445777637,1.0,1.0,1.0,1.0,1.0,1.0,1.0,0.0,0.0,1.0,1.0,0.0,0.0,0.05,1,0.0,0.0,1.0,0.0,0.0,1.0,Y,0.0,0.816496580927726,Y,1,1,Y
ecb42f775abca6ae6e1d,37,0.9,0.9,2,5,64,nested,0.9999999999999999,1.0,1.0,1.0,1.0,1.0,1.0,1.0,0.0,0.0,1.0,1.0,0.0,0.0,0.05,1,0.0,0.0,1.0,0.0,0.0,1.0,Y,0.0,0.816496580927726,Y,1,1,Y
ecc1ccbb2d16a5f0a482,101,0.99,0.95,3,5,16,nested,0.43808582711518057,1.0,1.0,1.0,0.99,0.0,0.0,1.0,1.0,0.0,0.0,1.0,0.0,0.0,0.05,1,1.0,0.0,0.0,1.0,0.0,0.0,P,0.0,0.816496580927726,P,1,1,P
ecc8a2eb79307c106e33,83,0.99,0.95,2,3,16,nested,0.43808582711518057,1.0,1.0,1.0,1.0,0.9938,0.9964,1.0,0.006199999999999983,0.0025999999999999357,0.9938,1.0026,0.0025999999999999357,0.0025999999999999357,0.05,1,0.005533333333333333,0.005066666666666667,0.9952333333333333,0.005501242750621375,0.00503728251864126,0.9894614747307373,Y,0.004139243087006775,0.8083571979308395,Y,1,1,Y
ed3e77794e345714b68b,71,0.99,0.9,3,3,64,independent,0.0,1.0,1.0,1.0,0.99925,0.9638,0.9809,1.0,0.03620000000000001,0.017100000000000004,0.9638,1.0171000000000001,0.017100000000000115,0.017100000000000115,0.05,1,0.03123333333333333,0.017566666666666664,0.9745555555555555,0.030520509869492517,0.01716575101517882,0.9523137391153286,Y,0.02363084142951044,0.7703203010639472,Y,1,1,Y
ed99ae525e985f688709,53,0.99,0.9,3,3,64,independent,0.0,1.0,1.0,1.0,0.999,0.8783,0.9273,1.0,0.12170000000000003,0.049000000000000044,0.8783,1.049,0.04899999999999993,0.04899999999999993,0.05,1,0.10566666666666667,0.06548888888888889,0.9116444444444445,0.09758650412510775,0.06048105734104995,0.8419324385338424,Y,0.0818457492278412,0.6555587485434522,Y,1,0,mixture_or_unresolved
edc94965d35b5bc51d6f,41,0.99,0.9,3,5,64,nested,0.30151134457776363,1.0,1.0,1.0,0.9885,0.0107,0.0081,0.9978,0.9871,-0.0026,0.0107,0.9952,-0.0048000000000000265,0.0048000000000000265,0.05,1,0.9877333333333334,0.011033333333333332,0.0098,0.9793436229632813,0.010939617278646263,0.009716759758072513,P,0.007851539127245474,0.8009716677603907,P,1,1,P
ee1349165d973e3ba898,11,0.9,0.9,3,5,16,independent,-1.9274705288631186e-17,1.0,1.0,1.0,0.8975,0.0,0.4324,0.5735,0.5735,0.4324,0.0,1.0059,0.005900000000000016,0.005900000000000016,0.05,1,0.5721666666666667,0.4308444444444445,0.12636666666666665,0.5066211483215929,0.38148833182480024,0.11189051985360667,P,0.35065272944419906,0.11520562170272775,P,1,0,mixture_or_unresolved
ee95bc1b78d998bce44f,53,0.9,0.9,3,3,16,nested,0.9999999999999999,1.0,1.0,1.0,1.0,1.0,1.0,1.0,0.0,0.0,1.0,1.0,0.0,0.0,0.05,1,0.0,0.0,1.0,0.0,0.0,1.0,Y,0.0,0.816496580927726,Y,1,1,Y
ee9a239a66c84c63dfe2,67,0.9,0.9,2,5,64,independent,-1.9274705288631186e-17,1.0,1.0,1.0,1.0,0.9945,1.0,1.0,0.005499999999999949,0.005499999999999949,0.9945,1.0055,0.00550000000000006,0.00550000000000006,0.05,1,0.003933333333333333,0.004083333333333333,0.9981666666666666,0.003909161683589803,0.00405823988338772,0.9920325984330226,Y,0.0031754264805429126,0.8110788847351443,Y,1,1,Y
eef8dcaec8bad663d4c8,23,0.9,0.9,2,3,16,nested,0.9999999999999999,1.0,1.0,1.0,1.0,1.0,1.0,1.0,0.0,0.0,1.0,1.0,0.0,0.0,0.05,1,0.0,0.0,1.0,0.0,0.0,1.0,Y,0.0,0.816496580927726,Y,1,1,Y
eef9128aa264974f4d59,71,0.9,0.95,3,3,64,nested,0.6882472016116853,1.0,1.0,1.0,1.0,1.0,1.0,1.0,0.0,0.0,1.0,1.0,0.0,0.0,0.05,1,0.0,0.0,1.0,0.0,0.0,1.0,Y,0.0,0.816496580927726,Y,1,1,Y
ef768fbf6f6572e48c9f,67,0.9,0.95,2,5,16,independent,-1.3265761976790368e-17,1.0,1.0,1.0,0.95175,0.0,0.8811,0.2971,0.2971,0.8811,0.0,1.1782,0.17819999999999991,0.17819999999999991,0.05,0,0.23763333333333334,0.8215333333333333,0.17665333333333336,0.19228798152913318,0.6647677925048416,0.1429442259660253,Q,0.18475715592817146,0.46598744835218675,Q,1,0,mixture_or_unresolved
efa7c3c17409848bc530,101,0.99,0.9,2,3,16,independent,0.0,1.0,1.0,1.0,0.99925,0.5158,0.9976,1.0,0.48419999999999996,0.4818,0.5158,1.4818,0.4818,0.4818,0.05,0,0.3181333333333333,0.31653333333333333,0.8368444444444444,0.21619499229816666,0.21510767465039718,0.5686973330514362,Y,0.27955643437417066,0.3688404091303815,Y,1,0,mixture_or_unresolved
efadb7e378935edb9ba1,67,0.9,0.99,3,5,16,independent,0.0,1.0,1.0,1.0,0.9865,0.0,0.9711,0.0256,0.0256,0.9711,0.0,0.9966999999999999,-0.0033000000000000806,0.0033000000000000806,0.05,1,0.027,0.9733444444444445,0.0222,0.026404720251225155,0.9518847319866564,0.021710547762118462,Q,0.022290281888452362,0.771957909799763,Q,1,1,Q
efb217bdc90301bcf419,23,0.9,0.9,3,3,64,independent,-1.9274705288631186e-17,1.0,1.0,1.0,1.0,1.0,1.0,1.0,0.0,0.0,1.0,1.0,0.0,0.0,0.05,1,0.0,0.0,1.0,0.0,0.0,1.0,Y,0.0,0.816496580927726,Y,1,1,Y
efee29f52174a0e03e23,67,0.9,0.95,2,5,16,nested,0.6882472016116853,1.0,1.0,1.0,0.95,0.0001,1.0,0.0,-0.0001,0.9999,0.0001,0.9999,-9.999999999998899e-05,9.999999999998899e-05,0.05,1,0.00013333333333333334,0.9998833333333333,4.6666666666666665e-05,0.00013332488942366982,0.9998200113992779,4.666371129828443e-05,Q,5.773502691896258e-05,0.8163980220924324,Q,1,1,Q
eff02648e9e4029b13ce,53,0.9,0.95,3,5,64,independent,-1.3265761976790368e-17,1.0,1.0,1.0,0.9965,0.5152,0.998,0.9678,0.4526,0.4828,0.5152,1.4506000000000001,0.4506000000000001,0.4506000000000001,0.05,0,0.30019999999999997,0.3322555555555555,0.81598,0.2072580991598598,0.2293892567613179,0.5633526440788221,Y,0.2805184961222106,0.3524827887632679,Y,1,0,mixture_or_unresolved
f00fe5b44b628d0fe131,67,0.99,0.9,3,5,64,independent,0.0,1.0,1.0,1.0,0.9875,0.004,0.1141,0.9738,0.9698,0.11009999999999999,0.004,1.0839,0.08390000000000009,0.08390000000000009,0.05,0,0.9428,0.08255555555555555,0.07563333333333333,0.8563210850851255,0.07498309600460193,0.06869581891027259,P,0.06762950539520454,0.6924409409012775,P,1,0,mixture_or_unresolved
f01625ff3b989684e332,37,0.9,0.99,2,5,64,independent,0.0,1.0,1.0,1.0,0.9885,0.0009,0.9765,0.0783,0.0774,0.9756,0.0009,1.0538999999999998,0.05389999999999984,0.05389999999999984,0.05,0,0.0601,0.9582833333333333,0.052480000000000006,0.05612294130281175,0.8948698713499077,0.04900718734728055,Q,0.04720151833716085,0.7280584273154784,Q,1,1,Q
f0544b08a398b8336ee1,11,0.99,0.9,2,3,16,nested,0.30151134457776363,1.0,1.0,1.0,0.999,0.9004,0.7553,1.0,0.09960000000000002,-0.1451,0.9004,0.8549,-0.1451,0.1451,0.05,0,0.14996666666666666,0.14578333333333332,0.8019,0.13662521447334458,0.1328140421202873,0.7305607434063682,Y,0.15253223702985982,0.5259951512653117,Y,1,0,mixture_or_unresolved
f0e9e40327c905f8d254,11,0.99,0.95,2,3,16,independent,0.0,1.0,1.0,1.0,0.99875,0.0362,0.9081,0.9991,0.9629,0.8719,0.0362,1.871,0.871,0.871,0.05,0,0.6724333333333333,0.5817,0.6176444444444446,0.35924848628754597,0.3107740709960821,0.32997744271637186,P,0.5247084460282047,0.03426587061493647,P,1,0,mixture_or_unresolved
f0ef785d29de80311c6b,53,0.99,0.9,3,5,64,independent,0.0,1.0,1.0,1.0,0.98825,0.0016,0.0859,0.9834,0.9818,0.0843,0.0016,1.0677,0.0677000000000001,0.0677000000000001,0.05,0,0.9584,0.062455555555555556,0.05708666666666667,0.8891014566849593,0.05793961333734646,0.05295892997769412,P,0.05052039192247028,0.7246477468276549,P,1,1,P
f1822bab05d3fe22797b,41,0.9,0.9,3,3,16,nested,0.9999999999999999,1.0,1.0,1.0,1.0,1.0,1.0,1.0,0.0,0.0,1.0,1.0,0.0,0.0,0.05,1,0.0,0.0,1.0,0.0,0.0,1.0,Y,0.0,0.816496580927726,Y,1,1,Y
f18559405f45794ad6bd,23,0.99,0.95,3,5,16,nested,0.43808582711518057,1.0,1.0,1.0,0.98975,0.0001,0.0003,0.9996,0.9995,0.00019999999999999998,0.0001,0.9998,-0.00019999999999997797,0.00019999999999997797,0.05,1,0.9995333333333334,0.00047777777777777776,0.00043999999999999996,0.9990826360552906,0.0004775623440981068,0.00043980160061127976,P,0.0002943920288775749,0.815916418158458,P,1,1,P
f21e6e7c4f9cc45f91f6,97,0.9,0.95,2,3,64,independent,-1.3265761976790368e-17,1.0,1.0,1.0,1.0,1.0,1.0,1.0,0.0,0.0,1.0,1.0,0.0,0.0,0.05,1,0.0,0.0,1.0,0.0,0.0,1.0,Y,0.0,0.816496580927726,Y,1,1,Y
f22a71f62cde86f2d221,67,0.99,0.9,3,3,16,nested,0.30151134457776363,1.0,1.0,1.0,1.0,0.996,0.9978,1.0,0.0040000000000000036,0.0018000000000000238,0.996,1.0018,0.0018000000000000238,0.0018000000000000238,0.05,1,0.0031333333333333335,0.0032444444444444443,0.9969888888888889,0.003122819839872429,0.0032335581320664867,0.993643622028061,Y,0.0026356529867694357,0.8113301202494274,Y,1,1,Y
f24f6f7903b67d31e776,23,0.9,0.95,3,3,64,nested,0.6882472016116853,1.0,1.0,1.0,1.0,1.0,1.0,1.0,0.0,0.0,1.0,1.0,0.0,0.0,0.05,1,0.0,0.0,1.0,0.0,0.0,1.0,Y,0.0,0.816496580927726,Y,1,1,Y
f34c43a972cd23042ead,101,0.99,0.95,2,5,64,independent,0.0,1.0,1.0,1.0,0.9845,0.0002,0.1354,0.8762,0.876,0.1352,0.0002,1.0114,0.011400000000000077,0.011400000000000077,0.05,1,0.8712,0.13124999999999998,0.08621999999999999,0.8002424977265837,0.12055994929592988,0.07919755297748628,P,0.1059239349722243,0.6047704766187679,P,1,0,mixture_or_unresolved
f486a3afaae9373bfcb2,23,0.9,0.99,3,5,16,independent,0.0,1.0,1.0,1.0,0.9885,0.0,0.9742,0.0957,0.0957,0.9742,0.0,1.0698999999999999,0.06989999999999985,0.06989999999999985,0.05,0,0.07223333333333333,0.9506222222222223,0.059313333333333336,0.06674866933894072,0.8784416480483638,0.05480968261269549,Q,0.057225081913440716,0.710200078389938,Q,1,1,Q
f4a209a87afc35e1ab6d,41,0.99,0.95,2,5,16,nested,0.43808582711518057,1.0,1.0,1.0,0.99,0.0002,0.0004,0.9995,0.9993000000000001,0.0002,0.0002,0.9997,-0.00029999999999996696,0.00029999999999996696,0.05,1,0.9991,0.0006333333333333333,0.0007999999999999999,0.9985674307036247,0.0006329957356076759,0.0007995735607675906,P,0.000387298334620718,0.8157418683214097,P,1,1,P
f4ceff68284c01ea5a65,101,0.9,0.95,2,3,64,independent,-1.3265761976790368e-17,1.0,1.0,1.0,1.0,1.0,1.0,1.0,0.0,0.0,1.0,1.0,0.0,0.0,0.05,1,0.0,0.0,1.0,0.0,0.0,1.0,Y,0.0,0.816496580927726,Y,1,1,Y
f4f0b12b19af5f377253,71,0.99,0.9,2,5,64,nested,0.30151134457776363,1.0,1.0,1.0,0.9905,0.0417,0.0128,0.9999,0.9582,-0.028900000000000002,0.0417,0.971,-0.029000000000000026,0.029000000000000026,0.05,1,0.9685666666666667,0.026183333333333333,0.022539999999999998,0.9521047751050995,0.025738317818255693,0.02215690707664481,P,0.025184254340096444,0.7691504232360497,P,1,1,P
f54fcfa53eb204a824bf,83,0.9,0.9,2,5,64,independent,-1.9274705288631186e-17,1.0,1.0,1.0,1.0,0.9897,1.0,1.0,0.010299999999999976,0.010299999999999976,0.9897,1.0103,0.010299999999999976,0.010299999999999976,0.05,1,0.0064,0.006516666666666667,0.9965666666666667,0.0063398768346844105,0.006455447506150011,0.9872046756591657,Y,0.0059467077726531314,0.8063557995073215,Y,1,1,Y
f5566b2fd3799b0c35e4,67,0.9,0.95,2,3,64,nested,0.6882472016116853,1.0,1.0,1.0,1.0,1.0,1.0,1.0,0.0,0.0,1.0,1.0,0.0,0.0,0.05,1,3.3333333333333335e-05,0.0,0.9999888888888889,3.333259260905313e-05,0.0,0.9999666674073908,Y,0.0,0.816496580927726,Y,1,1,Y
f590b150604fee2719d8,11,0.9,0.9,2,5,16,nested,0.9999999999999999,1.0,1.0,1.0,1.0,1.0,0.9671,1.0,0.0,-0.03290000000000004,1.0,0.9671,-0.03290000000000004,0.03290000000000004,0.05,1,0.010966666666666666,0.021716666666666665,0.9789266666666666,0.01084080492152773,0.021467429806611902,0.9676917652718604,Y,0.018994823856338713,0.7841827011446206,Y,1,1,Y
f6090150ca5c279194bd,83,0.9,0.95,2,5,64,nested,0.6882472016116853,1.0,1.0,1.0,0.99925,0.9842,1.0,0.0227,-0.9614999999999999,0.015800000000000036,0.9842,0.03850000000000009,-0.9614999999999999,0.9614999999999999,0.05,0,0.6428333333333334,0.33599999999999997,0.34299333333333326,0.48632195850187127,0.2541936915581468,0.25948434993998204,Y,0.5643181519911146,0.004061102263178795,P,0,0,mixture_or_unresolved
f620780721769bf63f33,97,0.9,0.99,3,3,16,independent,0.0,1.0,1.0,1.0,1.0,1.0,1.0,1.0,0.0,0.0,1.0,1.0,0.0,0.0,0.05,1,0.0,0.0,1.0,0.0,0.0,1.0,Y,0.0,0.816496580927726,Y,1,1,Y
f649be59a7a718ca192b,41,0.9,0.95,3,5,16,independent,-1.3265761976790368e-17,1.0,1.0,1.0,0.9395,0.0,0.7974,0.2139,0.2139,0.7974,0.0,1.0113,0.011300000000000088,0.011300000000000088,0.05,1,0.20863333333333334,0.7944,0.0992,0.18928236610518043,0.7207185411437386,0.08999909275108114,Q,0.17009798156748754,0.4763796463001234,Q,1,0,mixture_or_unresolved
f65e6a224a5d6d1135a5,37,0.99,0.99,3,5,16,nested,1.0,1.0,1.0,1.0,0.99,0.0,0.0,1.0,1.0,0.0,0.0,1.0,0.0,0.0,0.05,1,1.0,0.0,0.0,1.0,0.0,0.0,P,0.0,0.816496580927726,P,1,1,P
f6cfd6416207b810ab08,11,0.99,0.95,2,3,16,nested,0.43808582711518057,1.0,1.0,1.0,1.0,0.9935,0.9728,1.0,0.00649999999999995,-0.02070000000000005,0.9935,0.9793,-0.02070000000000005,0.02070000000000005,0.05,1,0.013999999999999999,0.017033333333333334,0.9806333333333334,0.013838550247116967,0.016836902800658977,0.969324546952224,Y,0.016146103761176145,0.7866369906464394,Y,1,1,Y
f733ed73bd6490e1a718,41,0.9,0.95,3,3,64,independent,-1.3265761976790368e-17,1.0,1.0,1.0,1.0,1.0,1.0,1.0,0.0,0.0,1.0,1.0,0.0,0.0,0.05,1,0.0,0.0,1.0,0.0,0.0,1.0,Y,0.0,0.816496580927726,Y,1,1,Y
f782feba5c26aa27c18d,97,0.99,0.95,3,3,64,independent,0.0,1.0,1.0,1.0,0.99975,0.9248,0.9811,1.0,0.07520000000000004,0.05630000000000002,0.9248,1.0563,0.05630000000000002,0.05630000000000002,0.05,0,0.05623333333333334,0.04738888888888889,0.9617777777777777,0.05278142794568551,0.0444799032184052,0.9027386688359094,Y,0.04476698932621375,0.7336528309935586,Y,1,1,Y
f7da1112d445e0371077,41,0.9,0.99,3,5,64,independent,0.0,1.0,1.0,1.0,0.98325,0.0003,0.9338,0.0861,0.0858,0.9335,0.0003,1.0196,0.019600000000000062,0.019600000000000062,0.05,1,0.07753333333333333,0.9259222222222222,0.05403333333333333,0.07331834324500389,0.8755857692226868,0.05109588753230924,Q,0.0627049705632124,0.6916591634375144,Q,1,1,Q
f7eb959fbf8315c1da8f,101,0.99,0.95,2,3,64,nested,0.43808582711518057,1.0,1.0,1.0,1.0,0.9951,0.9972,1.0,0.0049000000000000155,0.0020999999999999908,0.9951,1.0021,0.0020999999999999908,0.0020999999999999908,0.05,1,0.004033333333333333,0.003316666666666667,0.9966555555555555,0.004017242047133426,0.003303434575948562,0.9926793233769179,Y,0.003258322676879434,0.8100951982474478,Y,1,1,Y
f8b3e6ae2ac039927137,11,0.99,0.99,3,5,16,nested,1.0,1.0,1.0,1.0,0.98975,0.0004,0.0002,1.0,0.9996,-0.0002,0.0004,0.9998,-0.00019999999999997797,0.00019999999999997797,0.05,1,0.9996,0.00039999999999999996,0.00034666666666666667,0.9992535920880762,0.0003998613813877855,0.0003465465305360808,P,0.0002581988897471611,0.8159934371474086,P,1,1,P
f8bc2570bb785c7c60db,67,0.9,0.95,3,3,16,independent,-1.3265761976790368e-17,1.0,1.0,1.0,1.0,1.0,1.0,1.0,0.0,0.0,1.0,1.0,0.0,0.0,0.05,1,0.0,0.0,1.0,0.0,0.0,1.0,Y,0.0,0.816496580927726,Y,1,1,Y
f8c435c8091757ea5d6b,11,0.9,0.9,3,3,64,nested,0.9999999999999999,1.0,1.0,1.0,1.0,1.0,1.0,1.0,0.0,0.0,1.0,1.0,0.0,0.0,0.05,1,0.0,0.0,1.0,0.0,0.0,1.0,Y,0.0,0.816496580927726,Y,1,1,Y
f8f7c525737bf3ca1b5a,71,0.9,0.9,2,5,64,nested,0.9999999999999999,1.0,1.0,1.0,1.0,1.0,0.9185,1.0,0.0,-0.08150000000000002,1.0,0.9185,-0.08150000000000002,0.08150000000000002,0.05,0,0.02716666666666667,0.05605,0.9452733333333333,0.02641412815551602,0.054497369930675076,0.919088501913809,Y,0.04705404693895451,0.7368767004275883,Y,1,1,Y
f8fd44a2ba86f49e8846,53,0.9,0.99,2,3,16,nested,0.3015113445777637,1.0,1.0,1.0,0.99825,0.7319,1.0,0.0019,-0.73,0.2681,0.7319,0.27,-0.73,0.73,0.05,0,0.4875,0.5128333333333334,0.24533333333333332,0.39135670323789135,0.4116938720899117,0.19694942467219692,Q,0.4225640858694296,0.1741159568111793,Q,1,0,mixture_or_unresolved
f9170fb040e575d78c63,71,0.9,0.95,3,5,16,nested,0.6882472016116853,1.0,1.0,1.0,1.0,0.9996,1.0,0.7847,-0.2149000000000001,0.00039999999999995595,0.9996,0.7850999999999999,-0.2149000000000001,0.2149000000000001,0.05,0,0.14196666666666666,0.07203333333333332,0.8573266666666667,0.13251482585454794,0.0672375061450289,0.8002476680004231,Y,0.12430372748500615,0.6093979035158614,Y,1,0,mixture_or_unresolved
f967bfe84716e543a5fb,101,0.9,0.9,2,5,64,nested,0.9999999999999999,1.0,1.0,1.0,1.0,1.0,1.0,1.0,0.0,0.0,1.0,1.0,0.0,0.0,0.05,1,0.0,0.0,1.0,0.0,0.0,1.0,Y,0.0,0.816496580927726,Y,1,1,Y
f9a6a476399a4b746d0e,41,0.9,0.9,3,5,16,nested,0.9999999999999999,1.0,1.0,1.0,0.97475,0.7497,0.7431,1.0,0.25029999999999997,-0.00660000000000005,0.7497,0.9934,-0.00660000000000005,0.00660000000000005,0.05,1,0.25353333333333333,0.028455555555555553,0.7455466666666667,0.24673923151618432,0.027693013056049962,0.7255677554277656,Y,0.20708106303249135,0.4023579412985409,Y,1,0,mixture_or_unresolved
f9be78f99073308ea179,11,0.99,0.9,3,5,16,independent,0.0,1.0,1.0,1.0,0.98975,0.0,0.0078,0.9919,0.9919,0.0078,0.0,0.9997,-0.00029999999999996696,0.00029999999999996696,0.05,1,0.9923,0.007622222222222221,0.0064,0.986065872428756,0.0075743355894400954,0.00635979198180393,P,0.006492303135251771,0.8035131392332959,P,1,1,P
fa148537819e41b10f89,37,0.9,0.99,2,5,16,independent,0.0,1.0,1.0,1.0,0.98725,0.0,0.9812,0.019,0.019,0.9812,0.0,1.0002,0.00019999999999997797,0.00019999999999997797,0.05,1,0.0185,0.9823333333333333,0.01466,0.01821774638271054,0.9673459205378011,0.014436333079488462,Q,0.015432001382408802,0.7856327983269114,Q,1,1,Q
fa40bcd007195983db61,41,0.99,0.9,2,5,16,independent,0.0,1.0,1.0,1.0,0.988,0.0,0.018,0.9811,0.9811,0.018,0.0,0.9991,-0.0009000000000000119,0.0009000000000000119,0.05,1,0.9821,0.018183333333333333,0.014573333333333332,0.9677228639840765,0.01791714429295434,0.014359991722969086,P,0.015068842025849244,0.7863634612079714,P,1,1,P
fa56892374f2f9eb0056,41,0.99,0.9,2,5,16,nested,0.30151134457776363,1.0,1.0,1.0,0.98975,0.0,0.0,0.9998,0.9998,0.0,0.0,0.9998,-0.00019999999999997797,0.00019999999999997797,0.05,1,0.9997333333333334,8.333333333333333e-05,0.00012,0.9997966537880733,8.333861144539153e-05,0.00012000760048136382,P,0.00011547005383791243,0.8162994652986865,P,1,1,P
fa63810557eaad3340fe,23,0.99,0.99,2,3,16,nested,1.0,1.0,1.0,1.0,0.99775,0.8666,0.6055,0.9704,0.1038,-0.2611,0.8666,0.7093,-0.29069999999999996,0.29069999999999996,0.05,0,0.2021,0.20656666666666668,0.6734555555555556,0.18676263720466985,0.19089032867513425,0.622347034120196,Y,0.24104077801622414,0.3695605567350193,Y,1,0,mixture_or_unresolved
fa71a6e9809918067cfa,101,0.99,0.99,2,5,64,nested,1.0,1.0,1.0,1.0,0.98975,0.0327,0.0545,0.9946,0.9619000000000001,0.0218,0.0327,1.0164000000000002,0.016400000000000192,0.016400000000000192,0.05,1,0.9553333333333334,0.04256666666666667,0.046419999999999996,0.9147898473009551,0.04076017568050662,0.04444997701853838,P,0.0368270733745343,0.7441271933188917,P,1,1,P
fae213c5e4189baecdc4,37,0.99,0.99,3,3,64,nested,1.0,1.0,1.0,1.0,0.9995,0.9231,0.9315,1.0,0.07689999999999997,0.008399999999999963,0.9231,1.0084,0.008399999999999963,0.008399999999999963,0.05,1,0.07336666666666666,0.03771111111111111,0.9286777777777778,0.07056145675265553,0.036269208574664986,0.8931693346726796,Y,0.0594582766876628,0.6976867688617352,Y,1,1,Y
fafc29c9000f4e04ce98,23,0.9,0.99,2,3,64,independent,0.0,1.0,1.0,1.0,0.9985,0.1498,1.0,0.8745,0.7247000000000001,0.8502000000000001,0.1498,1.7247000000000001,0.7247000000000001,0.7247000000000001,0.05,0,0.4832666666666667,0.6082,0.6332333333333333,0.2802033203842214,0.3526410390212791,0.3671556405944995,Y,0.4961821876421335,0.01606459207769384,Y,1,0,mixture_or_unresolved
fb9cf82b6fc00618d67f,101,0.9,0.95,2,3,16,nested,0.6882472016116853,1.0,1.0,1.0,1.0,1.0,1.0,0.8118,-0.18820000000000003,0.0,1.0,0.8118,-0.18820000000000003,0.18820000000000003,0.05,0,0.1234,0.06273333333333334,0.8750666666666667,0.1162834526950622,0.05911546676718182,0.824601080537756,Y,0.10865732066148759,0.6349866891532445,Y,1,0,mixture_or_unresolved
fc5fabe8126fa2a6274a,71,0.99,0.95,3,3,16,independent,0.0,1.0,1.0,1.0,1.0,1.0,1.0,1.0,0.0,0.0,1.0,1.0,0.0,0.0,0.05,1,0.0,0.0,1.0,0.0,0.0,1.0,Y,0.0,0.816496580927726,Y,1,1,Y
fc69ffe2710df1336174,83,0.99,0.9,3,5,16,nested,0.30151134457776363,1.0,1.0,1.0,0.99,0.0,0.0,1.0,1.0,0.0,0.0,1.0,0.0,0.0,0.05,1,1.0,0.0,0.0,1.0,0.0,0.0,P,0.0,0.816496580927726,P,1,1,P
fccaaff713ae8e019b9e,101,0.99,0.99,2,3,16,independent,0.0,1.0,1.0,1.0,0.99275,0.0,0.5685,0.6135,0.6135,0.5685,0.0,1.182,0.18199999999999994,0.18199999999999994,0.05,0,0.5542,0.5044333333333333,0.18457777777777779,0.44578108661262505,0.4057503418566615,0.1484685715307135,P,0.3968939824856675,0.036147393520521265,P,1,0,mixture_or_unresolved
fd7f395c59084ad25465,97,0.9,0.9,2,3,64,independent,-1.9274705288631186e-17,1.0,1.0,1.0,1.0,1.0,1.0,1.0,0.0,0.0,1.0,1.0,0.0,0.0,0.05,1,0.0,0.0,1.0,0.0,0.0,1.0,Y,0.0,0.816496580927726,Y,1,1,Y
fda3514a24d42132533b,23,0.9,0.9,2,5,16,independent,-1.9274705288631186e-17,1.0,1.0,1.0,0.91225,0.0,0.576,0.5541,0.5541,0.576,0.0,1.1301,0.1301000000000001,0.1301000000000001,0.05,0,0.5101,0.5330166666666667,0.22512,0.4022119951323491,0.4202817034675442,0.1775063014001067,Q,0.4028245316925638,0.017731770523124413,Q,1,0,mixture_or_unresolved
fdae3e07024a2e9a387b,101,0.99,0.99,2,5,64,independent,0.0,1.0,1.0,1.0,0.98875,0.0,0.4706,0.5332,0.5332,0.4706,0.0,1.0038,0.0038000000000000256,0.0038000000000000256,0.05,1,0.5308666666666667,0.47158333333333335,0.14596666666666666,0.46225963282780647,0.41063783469994924,0.1271025324722444,P,0.38269509185947675,0.0511123154846887,P,1,0,mixture_or_unresolved
fdc1031277b66253f471,53,0.9,0.9,2,5,64,independent,-1.9274705288631186e-17,1.0,1.0,1.0,0.9995,0.9187,0.9999,1.0,0.08130000000000004,0.08120000000000005,0.9187,1.0812,0.08119999999999994,0.08119999999999994,0.05,0,0.052899999999999996,0.055883333333333333,0.9728533333333333,0.048907365689649325,0.05166553155557473,0.899427102754776,Y,0.046938612392499794,0.7370277346743456,Y,1,1,Y
fdd0ebffdf812ab9a6cc,11,0.99,0.99,2,3,16,nested,1.0,1.0,1.0,1.0,1.0,0.9939,0.9999,1.0,0.006099999999999994,0.006000000000000005,0.9939,1.006,0.006000000000000005,0.006000000000000005,0.05,1,0.0041333333333333335,0.0037166666666666667,0.9979333333333333,0.004109566341325998,0.0036952955407891035,0.992195138117885,Y,0.0035223098481914736,0.810446817330475,Y,1,1,Y
fdfbcfe585d6d1269555,23,0.99,0.9,3,3,64,independent,0.0,1.0,1.0,1.0,0.99725,0.5028,0.8674,1.0,0.4972,0.3645999999999999,0.5028,1.3645999999999998,0.3645999999999998,0.3645999999999998,0.05,0,0.3754,0.24284444444444445,0.7430111111111111,0.2757748157338405,0.1783973945622097,0.5458277897039497,Y,0.29709179277343445,0.28175493420472975,Y,1,0,mixture_or_unresolved
fe017c12b5fbc82217b0,41,0.99,0.95,2,3,64,independent,0.0,1.0,1.0,1.0,0.9965,0.0147,0.7332,0.9998,0.9851,0.7184999999999999,0.0147,1.7182999999999997,0.7182999999999997,0.7182999999999997,0.05,0,0.7457666666666667,0.4809333333333333,0.4937777777777778,0.4334648644110486,0.27953475455784244,0.2870003810311089,P,0.4233983034133856,0.1659511599782425,P,1,0,mixture_or_unresolved
fe5bf011932f3134c7f5,101,0.99,0.99,3,3,16,nested,1.0,1.0,1.0,1.0,0.99975,0.9983,1.0,1.0,0.0017000000000000348,0.0017000000000000348,0.9983,1.0017,0.0017000000000000348,0.0017000000000000348,0.05,1,0.0011666666666666665,0.0012,0.9994333333333333,0.0011645704398748917,0.0011978438810141745,0.9976375856791109,Y,0.000981495457622384,0.8148213585865803,Y,1,1,Y
fe804335b7c8c6ed52fa,83,0.99,0.9,2,3,64,nested,0.30151134457776363,1.0,1.0,1.0,1.0,0.9499,0.961,1.0,0.05010000000000003,0.011099999999999999,0.9499,1.0110999999999999,0.011099999999999888,0.011099999999999888,0.05,1,0.0458,0.031016666666666668,0.9560222222222222,0.044343798914534376,0.03003049846431895,0.9256257026211467,Y,0.036656104539353355,0.7434787150057472,Y,1,1,Y
fe9b0cdd33fa4f5c68d5,11,0.99,0.99,3,3,64,nested,1.0,1.0,1.0,1.0,0.9995,0.9019,0.9068,1.0,0.09809999999999997,0.0049000000000000155,0.9019,1.0049000000000001,0.0049000000000001265,0.0049000000000001265,0.05,1,0.09493333333333334,0.05441111111111111,0.9067444444444445,0.08989142328086862,0.05152133658782931,0.8585872401313022,Y,0.07812351331918789,0.6602778793302753,Y,1,1,Y
fef22cccec37c3678fc5,23,0.9,0.95,2,5,16,independent,-1.3265761976790368e-17,1.0,1.0,1.0,0.941,0.0,0.8374,0.1838,0.1838,0.8374,0.0,1.0212,0.021200000000000108,0.021200000000000108,0.05,1,0.17573333333333332,0.8328333333333333,0.11480666666666665,0.1564335988036034,0.7413682598839211,0.10219814131247551,Q,0.14168180311293802,0.5334530476144309,Q,1,0,mixture_or_unresolved
fef38c4980b0adcbde4e,67,0.9,0.99,2,5,64,nested,0.3015113445777637,1.0,1.0,1.0,0.98425,0.0131,0.9998,0.0003,-0.0128,0.9867,0.0131,0.987,-0.013000000000000012,0.013000000000000012,0.05,1,0.009933333333333332,0.9899666666666667,0.005839999999999999,0.009876641411630572,0.9843166888725382,0.005806669715831127,Q,0.007566152699137565,0.803476743823605,Q,1,1,Q
ff2814de31a5c9f73c21,71,0.99,0.99,2,3,16,independent,0.0,1.0,1.0,1.0,0.99875,0.0332,0.9612,0.9493,0.9161,0.928,0.0332,1.8773,0.8773,0.8773,0.05,0,0.6216333333333333,0.6359499999999999,0.6175222222222222,0.3315191144794811,0.33915424020573653,0.3293266453147823,Q,0.5488710139914478,0.007179993860649714,Q,1,0,mixture_or_unresolved
ff99e76151dacd309548,83,0.9,0.99,3,5,64,independent,0.0,1.0,1.0,1.0,0.99225,0.0157,0.9848,0.2844,0.2687,0.9691,0.0157,1.2535,0.25350000000000006,0.25350000000000006,0.05,0,0.18606666666666666,0.8846333333333333,0.18942,0.14765789501528956,0.7020230877482568,0.1503190172364537,Q,0.16468241152796695,0.5379699183384234,Q,1,0,mixture_or_unresolved
ffada773b17fa3501587,97,0.9,0.9,2,5,64,independent,-1.9274705288631186e-17,1.0,1.0,1.0,0.99825,0.8875,1.0,0.9997,0.11220000000000008,0.11250000000000004,0.8875,1.1122,0.11220000000000008,0.11220000000000008,0.05,0,0.075,0.07566666666666666,0.9621466666666666,0.06739674818178551,0.06799583038784582,0.8646074214303687,Y,0.06495213622353004,0.7068544759965693,Y,1,0,mixture_or_unresolved
fff49d6f8edb46415a4a,97,0.9,0.99,3,5,64,independent,0.0,1.0,1.0,1.0,0.983,0.0004,0.928,0.0884,0.08800000000000001,0.9276000000000001,0.0004,1.016,0.016000000000000014,0.016000000000000014,0.05,1,0.08116666666666666,0.9220222222222222,0.06266666666666666,0.07615165698916884,0.8650536345345939,0.058794708476237134,Q,0.06582481801468702,0.685218616148744,Q,1,1,Q
fff4c7af989dfd77bc33,23,0.99,0.99,3,3,64,nested,1.0,1.0,1.0,1.0,0.9985,0.8985,0.9087,1.0,0.10150000000000003,0.010199999999999987,0.8985,1.0102,0.010199999999999987,0.010199999999999987,0.05,1,0.09813333333333334,0.04473333333333334,0.9029333333333333,0.09383566010072036,0.042774271689934355,0.8633900682093454,Y,0.07882034424351794,0.6589777175593036,Y,1,0,mixture_or_unresolved
fff62e95e11473bad395,97,0.99,0.99,3,3,16,nested,1.0,1.0,1.0,1.0,1.0,0.9952,0.9971,1.0,0.0048000000000000265,0.0019000000000000128,0.9952,1.0019,0.0019000000000000128,0.0019000000000000128,0.05,1,0.0041333333333333335,0.003933333333333334,0.9964777777777778,0.0041146346049618955,0.003915539382141159,0.991969826012897,Y,0.003237797605369033,0.8101156413537753,Y,1,1,Y
