mode,k,total,trainable,decoder,behavior,crossed
head_only,2,18689,129,1.0,0.1241,True
head_only,2,1601,33,1.0,0.1256,True
head_only,2,545,33,1.0,0.1484,True
full,5,2177,2177,1.0,1.0,True
head_only,5,1601,33,0.45975,0.0054,False
full,5,1089,1089,1.0,1.0,True
full,3,18689,18689,1.0,1.0,True
full,3,13569,13569,1.0,1.0,True
full,1,1089,1089,1.0,1.0,True
head_only,3,545,33,1.0,0.0,True
full,4,1089,1089,1.0,1.0,True
head_only,4,3713,33,0.62325,0.3683,False
full,3,1089,1089,1.0,1.0,True
head_only,4,545,33,0.50325,0.0,False
full,4,51713,51713,1.0,1.0,True
full,3,545,545,1.0,1.0,True
head_only,3,1089,65,0.63975,0.0,False
head_only,4,137,9,0.538,0.128,False
subspace,5,51713,1,0.501,0.4251,False
head_only,3,137,9,0.63725,0.1543,False
head_only,2,209,9,0.49075,0.3042,False
full,3,545,545,1.0,1.0,True
head_only,1,137,9,1.0,0.9294,True
head_only,4,2177,129,1.0,0.0,True
full,5,1089,1089,1.0,1.0,True
full,2,353,353,1.0,1.0,True
full,4,353,353,1.0,0.6243,True
head_only,5,273,17,0.4975,0.1506,False
head_only,2,209,9,0.7555,0.3684,False
full,1,3713,3713,1.0,1.0,True
head_only,2,18689,129,1.0,0.1438,True
head_only,4,3713,33,0.50275,0.0,False
head_only,2,1089,17,0.75425,0.3666,False
head_only,1,5249,65,1.0,0.9967,True
full,4,545,545,1.0,1.0,True
full,1,51713,51713,1.0,1.0,True
head_only,4,13569,65,0.55975,0.0003,False
full,4,18689,18689,1.0,1.0,True
head_only,1,3713,33,1.0,0.9988,True
head_only,3,1601,33,0.63725,0.0004,False
head_only,4,545,17,0.766,0.1323,False
head_only,1,1089,17,1.0,0.6926,True
full,3,545,545,1.0,1.0,True
full,3,51713,51713,1.0,1.0,True
head_only,5,5249,65,0.49325,0.0,False
full,2,5249,5249,1.0,1.0,True
full,2,545,545,1.0,1.0,True
head_only,3,2177,129,1.0,0.0,True
head_only,4,273,17,0.558,0.0881,False
full,3,545,545,1.0,1.0,True
full,4,353,353,1.0,1.0,True
full,5,3713,3713,1.0,1.0,True
subspace,2,51713,16,1.0,0.125,True
full,2,1601,1601,1.0,1.0,True
full,3,273,273,1.0,1.0,True
full,1,353,353,1.0,1.0,True
full,1,5249,5249,1.0,1.0,True
full,5,5249,5249,1.0,1.0,True
head_only,1,1089,17,1.0,0.9977,True
full,4,2177,2177,1.0,1.0,True
full,3,5249,5249,1.0,1.0,True
head_only,2,545,17,1.0,0.191,True
full,5,353,353,1.0,1.0,True
head_only,4,2177,129,0.6915,0.0,False
head_only,5,13569,65,0.4995,0.0,False
head_only,2,209,9,1.0,0.1168,True
head_only,3,13569,65,1.0,0.002,True
head_only,3,545,33,0.62775,0.0022,False
full,2,18689,18689,1.0,1.0,True
head_only,4,137,9,0.80825,0.2715,False
head_only,5,137,9,0.59125,0.2078,False
full,1,353,353,1.0,1.0,True
full,3,137,137,1.0,1.0,True
full,2,51713,51713,1.0,1.0,True
head_only,2,1089,17,1.0,0.0087,True
full,3,13569,13569,1.0,1.0,True
full,1,209,209,1.0,1.0,True
full,2,209,209,1.0,1.0,True
head_only,1,545,33,1.0,0.9752,True
full,4,137,137,1.0,1.0,True
head_only,3,13569,65,0.759,0.0,False
full,1,5249,5249,1.0,1.0,True
head_only,5,1089,17,0.594,0.1542,False
full,5,1089,1089,1.0,1.0,True
full,5,3713,3713,1.0,0.9991,True
full,1,18689,18689,1.0,1.0,True
full,1,545,545,1.0,1.0,True
head_only,5,18689,129,1.0,0.0,True
head_only,2,273,17,1.0,0.0034,True
head_only,2,1601,33,1.0,0.0,True
head_only,1,209,9,1.0,0.56,True
head_only,1,273,17,1.0,0.9062,True
head_only,1,2177,129,1.0,1.0,True
subspace,1,51713,16,1.0,0.6623,True
head_only,1,1089,65,1.0,0.9997,True
head_only,5,273,17,0.492,0.0704,False
full,3,353,353,1.0,1.0,True
full,2,545,545,1.0,1.0,True
head_only,4,1601,33,0.5535,0.0,False
head_only,4,18689,129,1.0,0.0,True
head_only,1,51713,129,1.0,1.0,True
full,3,273,273,1.0,1.0,True
head_only,1,5249,65,1.0,0.9465,True
full,5,137,137,1.0,0.9378,True
head_only,4,1089,65,1.0,0.0,True
head_only,1,209,9,1.0,0.6244,True
head_only,2,1089,65,1.0,0.0,True
full,3,209,209,1.0,1.0,True
head_only,3,545,17,1.0,0.0978,True
head_only,4,545,17,0.49575,0.1621,False
head_only,5,273,17,0.5605,0.1157,False
head_only,4,273,17,0.49,0.032,False
head_only,5,545,33,0.53,0.0019,False
full,1,137,137,1.0,1.0,True
full,3,1601,1601,1.0,1.0,True
full,5,1601,1601,1.0,1.0,True
full,2,1089,1089,1.0,0.2502,True
full,2,353,353,1.0,1.0,True
head_only,2,137,9,1.0,0.2613,True
full,3,545,545,1.0,1.0,True
head_only,4,1089,17,0.5,0.3723,False
head_only,3,1601,33,1.0,0.0,True
head_only,4,1089,65,0.55325,0.0,False
head_only,3,209,9,0.6175,0.2594,False
head_only,4,353,9,0.4345,0.1462,False
full,5,1601,1601,1.0,1.0,True
head_only,5,209,9,0.65425,0.3232,False
full,3,1089,1089,1.0,1.0,True
head_only,3,13569,65,0.87575,0.2316,False
head_only,1,1089,65,1.0,0.9966,True
head_only,5,545,17,0.61875,0.1506,False
head_only,5,18689,129,0.4975,0.0,False
head_only,1,1089,65,1.0,1.0,True
head_only,3,353,9,0.5,0.4721,False
head_only,1,1089,17,1.0,0.9329,True
head_only,2,545,17,1.0,0.3261,True
subspace,4,51713,64,1.0,0.0002,True
full,3,353,353,1.0,1.0,True
full,2,545,545,1.0,1.0,True
head_only,1,273,17,1.0,0.7533,True
full,3,1601,1601,1.0,1.0,True
full,1,137,137,1.0,1.0,True
head_only,2,1089,17,1.0,0.2306,True
full,5,13569,13569,1.0,1.0,True
full,2,209,209,1.0,1.0,True
head_only,2,5249,65,1.0,0.1683,True
full,5,1089,1089,1.0,1.0,True
head_only,1,13569,65,1.0,0.9987,True
head_only,3,137,9,1.0,0.2475,True
full,1,273,273,1.0,1.0,True
subspace,5,51713,1024,1.0,0.4312,True
full,1,545,545,1.0,1.0,True
head_only,4,545,17,0.433,0.038,False
head_only,2,5249,65,1.0,0.0,True
head_only,1,3713,33,1.0,0.8797,True
head_only,4,1089,17,0.43975,0.1339,False
subspace,4,51713,1,0.5,0.5041,False
full,4,2177,2177,1.0,1.0,True
full,4,137,137,1.0,1.0,True
full,3,5249,5249,1.0,1.0,True
full,2,2177,2177,1.0,1.0,True
full,1,1089,1089,1.0,1.0,True
head_only,3,1089,65,1.0,0.0001,True
full,3,353,353,1.0,1.0,True
subspace,3,51713,1024,1.0,1.0,True
head_only,5,1089,17,0.49,0.3218,False
full,5,137,137,1.0,0.0,True
full,1,1089,1089,1.0,1.0,True
head_only,4,209,9,0.5,0.1848,False
full,3,353,353,1.0,1.0,True
full,5,209,209,1.0,0.0001,True
head_only,2,3713,33,0.50375,0.0242,False
full,5,5249,5249,1.0,1.0,True
full,4,18689,18689,1.0,1.0,True
head_only,1,5249,65,1.0,1.0,True
head_only,5,545,17,0.535,0.0404,False
head_only,1,273,17,1.0,0.5355,True
full,2,545,545,1.0,1.0,True
head_only,2,51713,129,1.0,0.0823,True
full,3,1601,1601,1.0,1.0,True
full,4,209,209,1.0,1.0,True
full,4,13569,13569,1.0,1.0,True
head_only,1,353,9,1.0,0.6566,True
head_only,4,545,17,0.5715,0.0013,False
subspace,2,51713,1024,1.0,1.0,True
full,1,51713,51713,1.0,1.0,True
head_only,5,51713,129,0.463,0.0,False
head_only,1,137,9,1.0,0.292,True
full,2,3713,3713,1.0,1.0,True
head_only,1,545,33,1.0,0.9972,True
head_only,3,545,33,1.0,0.0,True
head_only,5,2177,129,0.589,0.0,False
head_only,3,545,33,1.0,0.0075,True
full,3,3713,3713,1.0,1.0,True
head_only,1,209,9,1.0,0.5299,True
full,4,209,209,1.0,1.0,True
full,2,51713,51713,1.0,1.0,True
head_only,4,137,9,0.48825,0.2457,False
full,2,13569,13569,1.0,1.0,True
full,4,3713,3713,1.0,1.0,True
full,4,273,273,1.0,1.0,True
head_only,2,353,9,0.50625,0.3429,False
head_only,5,18689,129,0.4945,0.0,False
full,1,1089,1089,1.0,1.0,True
head_only,1,51713,129,1.0,0.6279,True
head_only,1,273,17,1.0,0.7061,True
head_only,2,1089,65,1.0,0.2502,True
full,3,2177,2177,1.0,1.0,True
full,5,2177,2177,1.0,1.0,True
full,3,1089,1089,1.0,1.0,True
full,4,1089,1089,1.0,1.0,True
head_only,2,5249,65,1.0,0.0,True
full,1,353,353,1.0,1.0,True
subspace,4,51713,64,1.0,0.0,True
full,3,137,137,1.0,1.0,True
full,3,13569,13569,1.0,1.0,True
head_only,3,137,9,0.37125,0.241,False
full,5,2177,2177,1.0,1.0,True
full,4,1601,1601,1.0,1.0,True
head_only,2,1089,17,0.5,0.3494,False
full,4,209,209,1.0,1.0,True
full,2,545,545,1.0,1.0,True
full,1,13569,13569,1.0,1.0,True
full,3,137,137,1.0,1.0,True
full,2,545,545,1.0,1.0,True
head_only,3,545,17,1.0,0.2518,True
head_only,3,3713,33,1.0,0.0381,True
head_only,4,1601,33,0.512,0.0344,False
full,1,18689,18689,1.0,1.0,True
full,2,51713,51713,1.0,1.0,True
head_only,3,13569,65,0.7365,0.237,False
head_only,1,545,33,1.0,0.901,True
head_only,4,545,17,0.49775,0.0002,False
head_only,5,2177,129,0.52275,0.0,False
full,4,1601,1601,1.0,1.0,True
full,4,1089,1089,1.0,1.0,True
head_only,1,1601,33,1.0,0.6736,True
full,5,1601,1601,1.0,1.0,True
head_only,5,18689,129,0.56125,0.0,False
head_only,2,5249,65,1.0,0.0,True
full,1,1089,1089,1.0,1.0,True
head_only,5,51713,129,0.5235,0.0,False
full,3,51713,51713,1.0,1.0,True
full,2,137,137,1.0,1.0,True
head_only,4,1089,65,1.0,0.0,True
subspace,5,51713,16,0.52125,0.1426,False
full,5,1601,1601,1.0,1.0,True
head_only,1,1089,17,1.0,0.6152,True
head_only,4,51713,129,0.6325,0.0,False
head_only,4,273,17,0.44575,0.0788,False
head_only,3,353,9,0.735,0.336,False
head_only,3,545,17,0.63375,0.0625,False
full,5,51713,51713,1.0,1.0,True
full,3,1601,1601,1.0,1.0,True
head_only,3,545,33,1.0,0.0038,True
full,1,545,545,1.0,1.0,True
full,2,3713,3713,1.0,1.0,True
head_only,5,5249,65,0.598,0.0,False
full,2,137,137,1.0,1.0,True
full,4,1089,1089,1.0,1.0,True
head_only,3,209,9,0.49125,0.2104,False
head_only,5,545,33,0.594,0.0,False
head_only,5,209,9,0.3985,0.2758,False
full,5,545,545,1.0,1.0,True
head_only,5,3713,33,0.66075,0.2981,False
head_only,5,2177,129,0.59225,0.0,False
full,5,51713,51713,1.0,1.0,True
full,2,13569,13569,1.0,1.0,True
subspace,1,51713,16,1.0,0.5439,True
head_only,1,209,9,1.0,0.5565,True
head_only,2,2177,129,1.0,0.0023,True
full,4,2177,2177,1.0,1.0,True
head_only,5,3713,33,0.47,0.0131,False
full,3,137,137,1.0,1.0,True
full,5,353,353,1.0,1.0,True
head_only,1,1089,65,1.0,1.0,True
head_only,4,273,17,0.5035,0.0009,False
full,2,273,273,1.0,1.0,True
full,1,137,137,1.0,1.0,True
head_only,4,545,33,0.512,0.0,False
head_only,2,1089,17,1.0,0.0674,True
full,5,18689,18689,1.0,1.0,True
full,4,353,353,1.0,1.0,True
full,5,18689,18689,1.0,1.0,True
full,3,1089,1089,1.0,1.0,True
head_only,2,1089,17,0.74625,0.078,False
head_only,3,1089,17,0.751,0.3522,False
head_only,5,13569,65,0.53325,0.0,False
head_only,3,273,17,1.0,0.1269,True
full,1,1601,1601,1.0,1.0,True
head_only,2,51713,129,1.0,0.159,True
head_only,1,1089,17,1.0,0.4487,True
head_only,3,353,9,0.747,0.1845,False
head_only,1,1089,65,1.0,1.0,True
full,4,273,273,1.0,1.0,True
head_only,3,273,17,1.0,0.0615,True
head_only,3,209,9,0.37225,0.2813,False
head_only,2,1089,65,1.0,0.5065,True
full,5,137,137,1.0,0.0,True
full,3,13569,13569,1.0,1.0,True
head_only,3,545,33,1.0,0.0,True
head_only,5,137,9,0.53525,0.2325,False
head_only,2,353,9,1.0,0.2218,True
full,5,1601,1601,1.0,1.0,True
full,1,545,545,1.0,1.0,True
full,4,5249,5249,1.0,1.0,True
full,1,273,273,1.0,1.0,True
full,1,1089,1089,1.0,1.0,True
full,4,353,353,1.0,1.0,True
full,2,5249,5249,1.0,1.0,True
full,3,18689,18689,1.0,1.0,True
head_only,5,1601,33,0.59575,0.0,False
head_only,2,18689,129,1.0,0.1989,True
full,4,18689,18689,1.0,1.0,True
full,2,1089,1089,1.0,1.0,True
full,3,18689,18689,1.0,1.0,True
head_only,2,1089,17,1.0,0.1954,True
full,3,51713,51713,1.0,1.0,True
full,5,2177,2177,1.0,1.0,True
head_only,5,545,33,0.466,0.0,False
head_only,1,1601,33,1.0,1.0,True
head_only,4,2177,129,0.62275,0.0,False
head_only,2,137,9,0.5045,0.0454,False
full,5,273,273,1.0,1.0,True
full,5,1089,1089,1.0,1.0,True
head_only,4,1089,17,0.693,0.1461,False
full,3,1601,1601,1.0,1.0,True
head_only,2,3713,33,1.0,0.0,True
full,5,137,137,0.97025,0.0,True
full,4,1089,1089,1.0,1.0,True
full,2,3713,3713,1.0,1.0,True
head_only,5,2177,129,0.58575,0.0,False
full,5,1089,1089,1.0,1.0,True
full,1,353,353,1.0,1.0,True
head_only,3,209,9,0.628,0.06,False
full,4,545,545,1.0,1.0,True
full,1,5249,5249,1.0,1.0,True
head_only,5,545,17,0.59925,0.0515,False
full,5,5249,5249,1.0,1.0,True
head_only,2,3713,33,1.0,0.18,True
full,1,137,137,1.0,1.0,True
full,4,353,353,1.0,1.0,True
full,1,18689,18689,1.0,1.0,True
head_only,2,1089,65,1.0,0.0,True
head_only,3,5249,65,0.8795,0.0007,False
head_only,3,209,9,0.7445,0.2445,False
full,2,273,273,1.0,1.0,True
full,3,545,545,1.0,1.0,True
full,3,3713,3713,1.0,1.0,True
full,1,51713,51713,1.0,1.0,True
full,4,545,545,1.0,1.0,True
head_only,1,353,9,1.0,0.4264,True
head_only,1,13569,65,1.0,0.9999,True
full,1,273,273,1.0,1.0,True
head_only,5,5249,65,0.49425,0.0014,False
head_only,5,3713,33,0.58475,0.1307,False
head_only,2,5249,65,1.0,0.109,True
head_only,5,1601,33,0.80975,0.1019,False
head_only,4,545,33,0.504,0.0033,False
full,4,5249,5249,1.0,1.0,True
head_only,2,51713,129,1.0,0.0304,True
full,2,1089,1089,1.0,1.0,True
head_only,5,5249,65,0.56175,0.0,False
full,2,1601,1601,1.0,1.0,True
full,1,273,273,1.0,1.0,True
full,3,545,545,1.0,1.0,True
full,4,51713,51713,1.0,1.0,True
full,5,137,137,1.0,1.0,True
full,3,137,137,1.0,1.0,True
full,1,13569,13569,1.0,1.0,True
head_only,4,209,9,0.676,0.2982,False
full,2,1601,1601,1.0,1.0,True
head_only,2,3713,33,0.7495,0.348,False
head_only,1,5249,65,1.0,1.0,True
full,1,545,545,1.0,1.0,True
full,1,273,273,1.0,1.0,True
full,3,18689,18689,1.0,1.0,True
head_only,4,1601,33,0.9345,0.0739,False
full,2,1089,1089,1.0,1.0,True
full,5,273,273,1.0,0.9998,True
full,5,18689,18689,1.0,1.0,True
head_only,3,1089,65,1.0,0.0,True
full,3,1089,1089,1.0,1.0,True
head_only,2,2177,129,1.0,0.746,True
full,2,51713,51713,1.0,1.0,True
head_only,1,545,17,1.0,0.8677,True
head_only,5,1089,17,0.55475,0.0572,False
head_only,1,137,9,1.0,0.4529,True
head_only,5,51713,129,0.5005,0.0168,False
head_only,5,209,9,0.499,0.3351,False
full,1,5249,5249,1.0,1.0,True
head_only,2,209,9,0.5045,0.1881,False
full,3,209,209,1.0,1.0,True
full,1,209,209,1.0,1.0,True
subspace,1,51713,16,1.0,0.4306,True
full,5,353,353,1.0,1.0,True
head_only,3,5249,65,1.0,0.0018,True
full,5,2177,2177,1.0,1.0,True
full,2,545,545,1.0,1.0,True
full,1,18689,18689,1.0,1.0,True
full,1,137,137,1.0,1.0,True
head_only,3,3713,33,1.0,0.0301,True
head_only,1,545,33,1.0,0.9954,True
full,4,137,137,1.0,1.0,True
full,1,5249,5249,1.0,1.0,True
subspace,4,51713,4,0.559,0.2996,False
full,5,273,273,1.0,1.0,True
full,1,18689,18689,1.0,1.0,True
head_only,5,2177,129,0.467,0.0,False
full,2,1601,1601,1.0,1.0,True
full,3,353,353,1.0,1.0,True
full,4,3713,3713,1.0,1.0,True
full,3,5249,5249,1.0,1.0,True
head_only,2,545,17,1.0,0.0029,True
full,2,353,353,1.0,1.0,True
head_only,3,51713,129,1.0,0.0871,True
head_only,5,545,33,0.85025,0.0029,False
full,5,3713,3713,1.0,1.0,True
head_only,2,137,9,1.0,0.1148,True
head_only,1,1601,33,1.0,0.9996,True
head_only,1,13569,65,1.0,0.991,True
head_only,2,3713,33,1.0,0.0,True
full,4,1089,1089,1.0,1.0,True
head_only,1,137,9,1.0,0.7135,True
head_only,2,18689,129,1.0,0.4475,True
full,1,209,209,1.0,1.0,True
full,4,18689,18689,1.0,1.0,True
full,5,5249,5249,1.0,1.0,True
head_only,1,273,17,1.0,0.7742,True
head_only,3,18689,129,1.0,0.0,True
full,4,545,545,1.0,1.0,True
full,3,51713,51713,1.0,1.0,True
full,4,545,545,1.0,1.0,True
head_only,5,209,9,0.41525,0.2541,False
full,3,1089,1089,1.0,1.0,True
full,4,273,273,1.0,1.0,True
full,5,1089,1089,1.0,1.0,True
head_only,4,1601,33,0.496,0.019,False
full,1,353,353,1.0,1.0,True
head_only,5,1601,33,0.88125,0.1213,False
full,1,18689,18689,1.0,1.0,True
head_only,1,2177,129,1.0,1.0,True
full,4,51713,51713,1.0,1.0,True
full,1,1089,1089,1.0,1.0,True
full,3,18689,18689,1.0,1.0,True
full,5,3713,3713,1.0,1.0,True
head_only,3,545,17,0.6325,0.0003,False
full,2,1089,1089,1.0,1.0,True
head_only,4,545,33,1.0,0.0037,True
full,5,545,545,1.0,1.0,True
head_only,4,5249,65,0.5675,0.0,False
full,4,51713,51713,1.0,1.0,True
subspace,4,51713,4,0.5615,0.3662,False
head_only,5,1089,17,0.5365,0.0781,False
full,5,1601,1601,1.0,1.0,True
full,3,5249,5249,1.0,1.0,True
head_only,3,13569,65,0.884,0.1786,False
full,2,273,273,1.0,1.0,True
full,2,273,273,1.0,1.0,True
head_only,5,51713,129,0.66075,0.0,False
full,4,2177,2177,1.0,1.0,True
head_only,1,545,17,1.0,0.7018,True
head_only,4,5249,65,0.42375,0.0,False
head_only,5,273,17,0.53,0.0962,False
full,1,3713,3713,1.0,1.0,True
head_only,2,209,9,1.0,0.2617,True
head_only,3,18689,129,1.0,0.0019,True
full,1,353,353,1.0,1.0,True
head_only,2,1089,17,1.0,0.0017,True
full,1,209,209,1.0,1.0,True
head_only,4,1089,65,0.579,0.0,False
head_only,4,1089,17,0.695,0.3876,False
head_only,1,137,9,1.0,0.717,True
subspace,5,51713,64,0.74825,0.0,False
subspace,3,51713,4,0.61925,0.3159,False
head_only,3,209,9,0.748,0.3228,False
head_only,4,51713,129,0.501,0.0172,False
head_only,4,273,17,0.371,0.0281,False
head_only,4,545,17,0.5035,0.0935,False
full,1,137,137,1.0,1.0,True
full,4,13569,13569,1.0,1.0,True
head_only,1,51713,129,1.0,1.0,True
full,1,137,137,1.0,1.0,True
head_only,1,2177,129,1.0,1.0,True
subspace,3,51713,1,0.5,0.4706,False
full,1,3713,3713,1.0,1.0,True
full,5,51713,51713,1.0,1.0,True
head_only,3,2177,129,1.0,0.0,True
head_only,2,209,9,0.7485,0.1695,False
head_only,5,273,17,0.5355,0.0004,False
head_only,5,5249,65,0.562,0.0,False
head_only,1,1089,17,1.0,0.8278,True
subspace,4,51713,4,0.4955,0.3835,False
full,4,18689,18689,1.0,1.0,True
full,5,353,353,1.0,0.7481,True
head_only,5,273,17,0.53325,0.0017,False
head_only,2,545,33,1.0,0.0,True
full,5,51713,51713,1.0,1.0,True
full,1,545,545,1.0,1.0,True
full,4,545,545,1.0,1.0,True
full,2,1089,1089,1.0,1.0,True
head_only,2,2177,129,1.0,0.6417,True
full,1,2177,2177,1.0,1.0,True
full,4,1089,1089,1.0,1.0,True
full,1,545,545,1.0,1.0,True
head_only,2,353,9,0.74475,0.2641,False
full,2,13569,13569,1.0,1.0,True
full,1,2177,2177,1.0,1.0,True
full,4,353,353,1.0,1.0,True
head_only,2,137,9,1.0,0.2348,True
head_only,5,1601,33,0.75575,0.0091,False
head_only,3,209,9,0.61575,0.231,False
full,5,51713,51713,1.0,1.0,True
head_only,2,273,17,1.0,0.1079,True
full,1,1089,1089,1.0,1.0,True
head_only,2,1601,33,1.0,0.2949,True
full,3,2177,2177,1.0,1.0,True
full,2,5249,5249,1.0,1.0,True
full,1,209,209,1.0,1.0,True
head_only,1,18689,129,1.0,1.0,True
head_only,4,1601,33,0.4875,0.0,False
full,1,273,273,1.0,1.0,True
head_only,2,1089,17,1.0,0.077,True
full,2,18689,18689,1.0,1.0,True
full,2,209,209,1.0,1.0,True
head_only,4,209,9,0.5035,0.2641,False
head_only,4,13569,65,0.6665,0.2525,False
head_only,2,1601,33,1.0,0.0933,True
head_only,1,51713,129,1.0,0.6433,True
head_only,1,545,33,1.0,1.0,True
head_only,2,545,33,1.0,0.0754,True
full,5,545,545,1.0,1.0,True
full,2,1089,1089,1.0,1.0,True
head_only,5,18689,129,0.467,0.0,False
full,1,545,545,1.0,1.0,True
full,2,1089,1089,1.0,1.0,True
full,2,209,209,1.0,1.0,True
head_only,2,545,17,1.0,0.0121,True
head_only,3,13569,65,0.86675,0.1106,False
full,4,273,273,1.0,1.0,True
full,2,2177,2177,1.0,1.0,True
full,3,273,273,1.0,1.0,True
full,2,545,545,1.0,1.0,True
full,2,51713,51713,1.0,1.0,True
subspace,4,51713,256,1.0,0.0,True
head_only,2,209,9,1.0,0.2064,True
head_only,4,1089,65,0.5075,0.0,False
head_only,5,273,17,0.53175,0.0827,False
full,4,137,137,1.0,1.0,True
head_only,1,18689,129,1.0,1.0,True
head_only,5,1089,65,0.5685,0.0,False
head_only,2,3713,33,0.7625,0.0113,False
full,5,545,545,1.0,1.0,True
full,3,18689,18689,1.0,1.0,True
full,4,13569,13569,1.0,1.0,True
head_only,5,51713,129,0.44175,0.0,False
full,3,5249,5249,1.0,1.0,True
head_only,3,3713,33,0.75075,0.2472,False
full,2,1601,1601,1.0,1.0,True
full,4,5249,5249,1.0,1.0,True
head_only,3,18689,129,1.0,0.0036,True
full,3,1089,1089,1.0,1.0,True
full,3,51713,51713,1.0,1.0,True
full,5,51713,51713,1.0,1.0,True
head_only,5,1089,65,0.5605,0.0,False
head_only,4,1601,33,0.56675,0.0311,False
full,4,1089,1089,1.0,1.0,True
head_only,4,353,9,0.69225,0.2396,False
head_only,4,3713,33,0.49575,0.0031,False
full,1,13569,13569,1.0,1.0,True
full,3,1601,1601,1.0,1.0,True
full,1,13569,13569,1.0,1.0,True
head_only,2,13569,65,1.0,0.0602,True
head_only,3,2177,129,1.0,0.0,True
head_only,3,209,9,0.50275,0.1841,False
full,5,545,545,1.0,1.0,True
head_only,5,2177,129,0.429,0.0,False
head_only,3,209,9,0.5055,0.1248,False
head_only,2,3713,33,1.0,0.0,True
full,1,3713,3713,1.0,1.0,True
head_only,4,13569,65,1.0,0.0,True
full,4,2177,2177,1.0,1.0,True
full,4,273,273,1.0,1.0,True
head_only,1,2177,129,1.0,1.0,True
full,2,1089,1089,1.0,1.0,True
full,2,51713,51713,1.0,1.0,True
head_only,5,1089,65,0.562,0.0,False
full,2,1089,1089,1.0,1.0,True
full,4,209,209,1.0,1.0,True
full,2,209,209,1.0,1.0,True
full,4,2177,2177,1.0,1.0,True
head_only,4,545,17,0.57275,0.1494,False
head_only,1,3713,33,1.0,1.0,True
full,2,18689,18689,1.0,1.0,True
full,2,51713,51713,1.0,1.0,True
head_only,1,137,9,1.0,0.9294,True
full,5,51713,51713,1.0,1.0,True
head_only,1,13569,65,1.0,0.6049,True
head_only,5,18689,129,0.59475,0.0,False
full,4,5249,5249,1.0,1.0,True
full,2,3713,3713,1.0,1.0,True
full,3,137,137,1.0,1.0,True
full,2,353,353,1.0,1.0,True
head_only,4,18689,129,0.634,0.0,False
full,1,1089,1089,1.0,1.0,True
full,1,1089,1089,1.0,1.0,True
full,3,1089,1089,1.0,1.0,True
head_only,5,13569,65,0.494,0.0,False
full,5,1089,1089,1.0,1.0,True
full,3,13569,13569,1.0,1.0,True
full,1,545,545,1.0,1.0,True
head_only,4,1601,33,0.50275,0.0,False
head_only,4,273,17,0.45175,0.0013,False
head_only,1,51713,129,1.0,0.7287,True
head_only,3,137,9,0.62675,0.0895,False
full,4,353,353,1.0,1.0,True
head_only,2,1089,17,0.74825,0.2887,False
full,4,13569,13569,1.0,1.0,True
head_only,4,1089,65,1.0,0.0001,True
full,5,353,353,1.0,1.0,True
head_only,4,3713,33,0.43775,0.0073,False
full,1,1089,1089,1.0,1.0,True
head_only,4,18689,129,0.6205,0.0,False
head_only,5,13569,65,0.5615,0.0,False
full,3,1089,1089,1.0,1.0,True
full,2,1601,1601,1.0,1.0,True
head_only,3,1601,33,0.7535,0.0342,False
full,5,1089,1089,1.0,1.0,True
full,4,13569,13569,1.0,1.0,True
head_only,5,353,9,0.49825,0.3753,False
head_only,3,545,17,0.50325,0.0766,False
head_only,3,51713,129,1.0,0.0,True
head_only,1,137,9,1.0,0.8729,True
full,4,209,209,1.0,1.0,True
head_only,2,353,9,1.0,0.272,True
full,3,353,353,1.0,1.0,True
subspace,3,51713,1,0.61775,0.5251,False
head_only,1,1089,17,1.0,0.496,True
full,5,1601,1601,1.0,1.0,True
full,3,18689,18689,1.0,1.0,True
head_only,4,51713,129,0.50775,0.0,False
full,5,273,273,1.0,0.9922,True
full,3,545,545,1.0,1.0,True
head_only,4,18689,129,0.69075,0.0,False
head_only,1,5249,65,1.0,0.8349,True
head_only,1,273,17,1.0,0.6615,True
head_only,5,2177,129,1.0,0.0,True
full,3,137,137,1.0,1.0,True
head_only,2,545,17,1.0,0.0103,True
head_only,3,1089,17,0.5,0.3548,False
full,1,545,545,1.0,1.0,True
full,3,1601,1601,1.0,1.0,True
full,4,2177,2177,1.0,1.0,True
full,1,273,273,1.0,1.0,True
head_only,2,13569,65,1.0,0.0,True
head_only,2,209,9,0.5045,0.1168,False
head_only,1,1089,17,1.0,0.7352,True
head_only,1,2177,129,1.0,1.0,True
full,4,209,209,1.0,1.0,True
full,2,209,209,1.0,1.0,True
head_only,1,5249,65,1.0,1.0,True
head_only,5,137,9,0.46625,0.1733,False
full,1,1089,1089,1.0,1.0,True
full,1,3713,3713,1.0,1.0,True
subspace,3,51713,16,0.62425,0.1301,False
full,4,209,209,1.0,1.0,True
head_only,4,3713,33,0.4935,0.0479,False
head_only,4,1089,65,1.0,0.0,True
head_only,5,51713,129,0.5605,0.0,False
full,3,13569,13569,1.0,1.0,True
head_only,3,1601,33,1.0,0.0,True
full,1,1089,1089,1.0,1.0,True
head_only,1,137,9,1.0,0.7293,True
head_only,1,209,9,1.0,0.6528,True
head_only,2,209,9,0.50025,0.2166,False
head_only,1,545,17,1.0,0.6042,True
subspace,2,51713,256,1.0,0.9874,True
head_only,1,18689,129,1.0,1.0,True
full,4,3713,3713,1.0,1.0,True
full,4,5249,5249,1.0,1.0,True
head_only,1,5249,65,1.0,0.9972,True
head_only,5,2177,129,1.0,0.0,True
full,3,5249,5249,1.0,1.0,True
head_only,2,545,33,1.0,0.0387,True
full,5,545,545,1.0,0.9434,True
head_only,5,3713,33,0.49775,0.007,False
head_only,4,209,9,0.62425,0.2563,False
head_only,1,5249,65,1.0,1.0,True
full,4,3713,3713,1.0,1.0,True
subspace,2,51713,1,0.5,0.4849,False
full,4,3713,3713,1.0,1.0,True
head_only,4,3713,33,0.511,0.0002,False
head_only,5,5249,65,0.62875,0.0,False
head_only,4,5249,65,0.552,0.0,False
full,5,1601,1601,1.0,1.0,True
full,4,3713,3713,1.0,1.0,True
head_only,1,353,9,1.0,0.5217,True
full,4,1601,1601,1.0,1.0,True
head_only,3,1601,33,0.76525,0.0125,False
head_only,4,1089,17,0.5615,0.3108,False
full,4,1089,1089,1.0,1.0,True
full,1,13569,13569,1.0,1.0,True
full,2,5249,5249,1.0,1.0,True
full,1,5249,5249,1.0,1.0,True
full,4,13569,13569,1.0,1.0,True
head_only,2,273,17,1.0,0.0832,True
full,2,2177,2177,1.0,1.0,True
head_only,5,545,17,0.537,0.015,False
head_only,1,273,17,1.0,0.7365,True
head_only,3,18689,129,1.0,0.0,True
head_only,5,51713,129,0.55025,0.0,False
head_only,4,5249,65,1.0,0.0323,True
head_only,4,3713,33,0.50975,0.2631,False
full,3,3713,3713,1.0,1.0,True
full,5,209,209,1.0,1.0,True
full,3,273,273,1.0,1.0,True
head_only,3,353,9,0.364,0.214,False
full,5,209,209,1.0,0.9369,True
head_only,2,18689,129,1.0,0.4924,True
head_only,1,137,9,1.0,0.6301,True
head_only,3,51713,129,1.0,0.0,True
full,3,51713,51713,1.0,1.0,True
full,3,545,545,1.0,1.0,True
full,2,51713,51713,1.0,1.0,True
full,2,209,209,1.0,1.0,True
head_only,4,3713,33,0.6835,0.0323,False
full,4,209,209,1.0,1.0,True
head_only,3,545,17,0.61575,0.0182,False
head_only,4,51713,129,1.0,0.0,True
full,5,545,545,1.0,1.0,True
full,5,2177,2177,1.0,1.0,True
full,1,2177,2177,1.0,1.0,True
full,3,137,137,1.0,1.0,True
full,2,51713,51713,1.0,1.0,True
head_only,5,51713,129,0.49275,0.0173,False
subspace,1,51713,1,0.5,0.3892,False
head_only,1,5249,65,1.0,0.9747,True
full,3,18689,18689,1.0,1.0,True
full,4,273,273,1.0,1.0,True
head_only,3,353,9,0.511,0.1909,False
full,3,51713,51713,1.0,1.0,True
full,3,5249,5249,1.0,1.0,True
full,3,13569,13569,1.0,1.0,True
head_only,3,137,9,0.619,0.214,False
head_only,4,2177,129,0.633,0.0,False
full,1,353,353,1.0,1.0,True
full,1,545,545,1.0,1.0,True
head_only,2,1089,17,0.51225,0.4304,False
full,2,273,273,1.0,1.0,True
head_only,3,13569,65,1.0,0.0001,True
full,2,13569,13569,1.0,1.0,True
full,3,545,545,1.0,1.0,True
head_only,2,137,9,1.0,0.2746,True
full,2,209,209,1.0,1.0,True
full,3,545,545,1.0,1.0,True
full,5,1089,1089,1.0,1.0,True
full,4,1089,1089,1.0,1.0,True
full,5,353,353,1.0,1.0,True
full,5,137,137,1.0,0.0,True
full,5,5249,5249,1.0,1.0,True
head_only,5,209,9,0.5065,0.1082,False
head_only,5,18689,129,0.6635,0.0,False
head_only,1,209,9,1.0,0.4723,True
head_only,3,273,17,0.499,0.0781,False
full,4,545,545,1.0,1.0,True
head_only,5,209,9,0.66125,0.2192,False
head_only,3,13569,65,1.0,0.0004,True
head_only,2,13569,65,0.7495,0.0586,False
full,1,1089,1089,1.0,1.0,True
head_only,2,545,33,1.0,0.0,True
full,5,545,545,1.0,1.0,True
full,5,2177,2177,1.0,1.0,True
head_only,5,5249,65,0.8665,0.0006,False
head_only,2,1601,33,1.0,0.1043,True
full,1,545,545,1.0,1.0,True
full,4,2177,2177,1.0,1.0,True
subspace,2,51713,16,1.0,0.1773,True
head_only,4,1089,17,0.687,0.0956,False
subspace,5,51713,4,0.4685,0.2617,False
full,3,1089,1089,1.0,1.0,True
head_only,2,1089,65,1.0,0.2891,True
head_only,2,2177,129,1.0,0.787,True
head_only,5,273,17,0.52425,0.0366,False
head_only,1,1089,65,1.0,1.0,True
full,4,5249,5249,1.0,1.0,True
head_only,5,1089,17,0.5955,0.1185,False
head_only,3,1601,33,0.87025,0.146,False
full,1,3713,3713,1.0,1.0,True
head_only,1,18689,129,1.0,1.0,True
full,3,209,209,1.0,1.0,True
full,1,2177,2177,1.0,1.0,True
subspace,2,51713,1,0.5,0.5054,False
head_only,1,1089,17,1.0,0.6448,True
head_only,1,545,33,1.0,0.9613,True
head_only,3,51713,129,0.629,0.0328,False
full,5,51713,51713,1.0,1.0,True
full,2,1089,1089,1.0,1.0,True
head_only,2,13569,65,1.0,0.0,True
head_only,4,3713,33,0.55375,0.0074,False
head_only,4,545,17,0.68825,0.0632,False
head_only,3,545,33,0.74975,0.0023,False
head_only,2,273,17,1.0,0.2155,True
head_only,4,545,33,1.0,0.0179,True
full,4,1089,1089,1.0,1.0,True
head_only,1,1601,33,1.0,0.649,True
head_only,1,273,17,1.0,0.7365,True
head_only,4,2177,129,0.69175,0.0,False
head_only,4,545,17,0.49725,0.0095,False
head_only,4,51713,129,0.50825,0.0,False
head_only,4,2177,129,0.752,0.0,False
full,3,18689,18689,1.0,1.0,True
head_only,1,1601,33,1.0,0.7464,True
full,4,2177,2177,1.0,1.0,True
full,2,13569,13569,1.0,1.0,True
full,3,1089,1089,1.0,1.0,True
full,2,5249,5249,1.0,1.0,True
full,4,2177,2177,1.0,1.0,True
full,2,5249,5249,1.0,1.0,True
head_only,4,51713,129,0.61025,0.0,False
head_only,5,273,17,0.59125,0.0703,False
full,1,1089,1089,1.0,1.0,True
full,5,209,209,1.0,1.0,True
head_only,3,1601,33,1.0,0.1116,True
full,2,137,137,1.0,1.0,True
full,3,13569,13569,1.0,1.0,True
head_only,2,3713,33,1.0,0.4471,True
full,4,545,545,1.0,1.0,True
head_only,4,3713,33,0.50075,0.0098,False
head_only,5,273,17,0.492,0.0704,False
head_only,5,3713,33,0.588,0.0,False
full,4,3713,3713,1.0,1.0,True
full,5,1089,1089,1.0,1.0,True
head_only,1,51713,129,1.0,1.0,True
full,2,3713,3713,1.0,1.0,True
head_only,3,5249,65,1.0,0.0,True
head_only,1,3713,33,1.0,0.8309,True
head_only,5,3713,33,0.56975,0.2984,False
head_only,4,51713,129,0.50275,0.0054,False
full,3,209,209,1.0,1.0,True
full,2,209,209,1.0,1.0,True
full,2,1601,1601,1.0,1.0,True
head_only,1,353,9,1.0,0.5708,True
full,2,545,545,1.0,1.0,True
head_only,2,209,9,0.75075,0.317,False
subspace,2,51713,1024,1.0,1.0,True
head_only,1,273,17,1.0,0.8585,True
head_only,4,1089,65,0.50375,0.0,False
head_only,5,2177,129,0.467,0.0,False
subspace,3,51713,4,0.497,0.342,False
head_only,1,18689,129,1.0,1.0,True
head_only,1,2177,129,1.0,1.0,True
full,5,353,353,1.0,0.6225,True
full,3,545,545,1.0,1.0,True
head_only,1,18689,129,1.0,0.9959,True
head_only,5,2177,129,1.0,0.0,True
head_only,5,2177,129,0.559,0.0,False
head_only,3,1089,65,0.619,0.0,False
full,1,209,209,1.0,1.0,True
full,5,2177,2177,1.0,1.0,True
full,2,273,273,1.0,1.0,True
full,5,13569,13569,1.0,1.0,True
full,1,13569,13569,1.0,1.0,True
head_only,1,1089,17,1.0,0.8762,True
full,4,2177,2177,1.0,1.0,True
full,1,545,545,1.0,1.0,True
head_only,3,137,9,0.7475,0.1009,False
full,1,3713,3713,1.0,1.0,True
full,4,18689,18689,1.0,1.0,True
head_only,2,353,9,0.489,0.3927,False
full,4,137,137,1.0,1.0,True
head_only,2,137,9,1.0,0.152,True
full,1,273,273,1.0,1.0,True
full,1,273,273,1.0,1.0,True
head_only,4,51713,129,0.697,0.0,False
head_only,3,353,9,0.61825,0.3795,False
full,5,5249,5249,1.0,1.0,True
head_only,5,353,9,0.5315,0.4283,False
full,4,545,545,1.0,1.0,True
full,5,273,273,1.0,0.8222,True
head_only,3,545,17,0.75075,0.0875,False
head_only,3,18689,129,1.0,0.0,True
head_only,2,13569,65,1.0,0.0,True
full,4,2177,2177,1.0,1.0,True
full,2,1601,1601,1.0,1.0,True
head_only,1,18689,129,1.0,1.0,True
head_only,1,13569,65,1.0,0.8079,True
full,2,545,545,1.0,1.0,True
head_only,2,273,17,1.0,0.0016,True
full,1,13569,13569,1.0,1.0,True
head_only,1,1601,33,1.0,0.8622,True
full,5,51713,51713,1.0,1.0,True
head_only,2,137,9,0.49275,0.164,False
head_only,1,353,9,1.0,0.3819,True
head_only,1,13569,65,1.0,1.0,True
head_only,5,545,17,0.66575,0.1273,False
full,5,353,353,1.0,1.0,True
full,5,545,545,1.0,1.0,True
full,2,2177,2177,1.0,1.0,True
head_only,3,5249,65,1.0,0.0,True
full,3,137,137,1.0,1.0,True
head_only,1,1089,17,1.0,0.4128,True
head_only,4,273,17,0.68825,0.0889,False
full,1,1089,1089,1.0,1.0,True
full,3,51713,51713,1.0,1.0,True
full,3,3713,3713,1.0,1.0,True
head_only,4,353,9,0.62525,0.2103,False
full,4,1089,1089,1.0,1.0,True
head_only,2,137,9,1.0,0.1625,True
head_only,2,1089,17,1.0,0.2887,True
head_only,3,5249,65,1.0,0.0365,True
full,2,13569,13569,1.0,1.0,True
head_only,2,209,9,0.49075,0.2167,False
full,1,5249,5249,1.0,1.0,True
full,1,273,273,1.0,1.0,True
head_only,4,13569,65,0.501,0.0,False
head_only,5,1089,17,0.524,0.0933,False
head_only,4,51713,129,0.47775,0.0053,False
head_only,4,18689,129,0.63375,0.0,False
head_only,3,209,9,0.5015,0.3312,False
full,4,18689,18689,1.0,1.0,True
head_only,1,1601,33,1.0,0.9119,True
full,1,545,545,1.0,1.0,True
head_only,2,2177,129,1.0,0.8643,True
full,5,137,137,1.0,1.0,True
full,4,545,545,1.0,1.0,True
full,2,209,209,1.0,1.0,True
subspace,1,51713,256,1.0,1.0,True
full,5,137,137,1.0,0.9378,True
full,5,13569,13569,1.0,1.0,True
head_only,3,1089,65,1.0,0.0004,True
head_only,2,3713,33,1.0,0.0557,True
full,5,353,353,1.0,1.0,True
full,1,1089,1089,1.0,1.0,True
head_only,5,545,17,0.685,0.2842,False
head_only,2,545,17,1.0,0.1466,True
head_only,2,209,9,1.0,0.5294,True
full,5,1601,1601,1.0,1.0,True
full,4,273,273,1.0,1.0,True
full,3,51713,51713,1.0,1.0,True
full,3,13569,13569,1.0,1.0,True
head_only,2,545,33,1.0,0.0,True
head_only,4,273,17,0.5625,0.0006,False
full,1,3713,3713,1.0,1.0,True
head_only,3,5249,65,1.0,0.0569,True
head_only,2,545,33,1.0,0.1043,True
head_only,4,1601,33,1.0,0.0035,True
head_only,3,3713,33,0.631,0.0103,False
full,4,1601,1601,1.0,1.0,True
head_only,1,51713,129,1.0,0.8678,True
full,1,545,545,1.0,1.0,True
head_only,1,5249,65,1.0,0.9989,True
full,3,13569,13569,1.0,1.0,True
head_only,1,3713,33,1.0,0.8049,True
full,3,5249,5249,1.0,1.0,True
head_only,5,545,17,0.42925,0.1143,False
head_only,3,1089,65,1.0,0.0,True
head_only,5,2177,129,1.0,0.0,True
head_only,4,18689,129,0.62175,0.0,False
head_only,4,1089,17,0.50025,0.1766,False
subspace,3,51713,16,0.87275,0.1303,False
full,2,137,137,1.0,1.0,True
full,5,1089,1089,1.0,1.0,True
head_only,3,353,9,0.63475,0.3053,False
head_only,5,2177,129,1.0,0.0,True
full,1,209,209,1.0,1.0,True
full,1,353,353,1.0,1.0,True
full,3,5249,5249,1.0,1.0,True
full,1,51713,51713,1.0,1.0,True
full,3,5249,5249,1.0,1.0,True
full,1,51713,51713,1.0,1.0,True
head_only,3,18689,129,1.0,0.0016,True
full,1,2177,2177,1.0,1.0,True
head_only,4,18689,129,0.67975,0.0,False
head_only,5,1089,65,1.0,0.0,True
full,5,209,209,1.0,0.0,True
head_only,3,1601,33,0.50275,0.0068,False
head_only,2,51713,129,1.0,0.3476,True
head_only,4,5249,65,1.0,0.0074,True
head_only,4,51713,129,0.5605,0.0031,False
head_only,3,273,17,0.87375,0.0028,False
full,1,5249,5249,1.0,1.0,True
full,5,137,137,0.96675,0.0,True
full,1,1601,1601,1.0,1.0,True
full,3,137,137,1.0,1.0,True
head_only,2,1601,33,1.0,0.0641,True
full,3,545,545,1.0,1.0,True
head_only,2,209,9,1.0,0.165,True
subspace,4,51713,16,0.4955,0.0638,False
full,4,5249,5249,1.0,1.0,True
full,4,273,273,1.0,1.0,True
full,2,545,545,1.0,1.0,True
full,3,13569,13569,1.0,1.0,True
head_only,1,545,17,1.0,0.9986,True
full,4,3713,3713,1.0,1.0,True
full,4,51713,51713,1.0,1.0,True
full,3,545,545,1.0,1.0,True
head_only,5,353,9,0.475,0.1219,False
full,2,18689,18689,1.0,1.0,True
head_only,5,1089,17,0.5,0.3612,False
head_only,2,2177,129,1.0,0.8662,True
head_only,2,137,9,1.0,0.156,True
head_only,4,209,9,0.4995,0.2664,False
head_only,2,545,33,1.0,0.0,True
full,4,545,545,1.0,1.0,True
full,4,353,353,1.0,1.0,True
full,5,2177,2177,1.0,1.0,True
full,4,2177,2177,1.0,1.0,True
head_only,3,5249,65,1.0,0.0206,True
head_only,1,1601,33,1.0,0.9653,True
full,1,51713,51713,1.0,1.0,True
head_only,2,51713,129,1.0,0.1222,True
full,1,545,545,1.0,1.0,True
full,1,5249,5249,1.0,1.0,True
head_only,4,18689,129,0.68875,0.0,False
head_only,3,51713,129,0.5,0.0156,False
subspace,3,51713,16,0.7515,0.1,False
full,3,1089,1089,1.0,1.0,True
full,5,137,137,1.0,0.0,True
head_only,1,353,9,1.0,0.7089,True
head_only,1,545,17,1.0,0.886,True
head_only,2,1089,65,1.0,0.0,True
head_only,1,273,17,1.0,0.6615,True
head_only,1,13569,65,1.0,0.5846,True
full,5,3713,3713,1.0,1.0,True
full,2,2177,2177,1.0,1.0,True
head_only,3,3713,33,0.38025,0.3278,False
head_only,5,209,9,0.4645,0.0992,False
head_only,2,13569,65,1.0,0.0,True
head_only,1,137,9,1.0,0.7022,True
head_only,2,273,17,1.0,0.1281,True
full,1,137,137,1.0,1.0,True
head_only,3,1601,33,1.0,0.1064,True
full,3,5249,5249,1.0,1.0,True
head_only,2,1089,65,1.0,0.0,True
head_only,5,1601,33,0.59825,0.0,False
head_only,2,51713,129,1.0,0.2882,True
full,5,1601,1601,1.0,1.0,True
head_only,2,137,9,1.0,0.182,True
full,1,545,545,1.0,1.0,True
head_only,4,3713,33,0.6195,0.3557,False
full,3,137,137,1.0,1.0,True
full,3,5249,5249,1.0,1.0,True
head_only,3,2177,129,0.74975,0.0,False
full,4,273,273,1.0,1.0,True
head_only,1,2177,129,1.0,1.0,True
full,3,545,545,1.0,1.0,True
head_only,2,51713,129,1.0,0.3913,True
full,5,18689,18689,1.0,1.0,True
full,2,353,353,1.0,1.0,True
head_only,5,545,17,0.434,0.1823,False
head_only,3,1601,33,1.0,0.0119,True
full,4,18689,18689,1.0,1.0,True
full,2,353,353,1.0,1.0,True
full,3,3713,3713,1.0,1.0,True
full,2,1089,1089,1.0,1.0,True
head_only,1,51713,129,1.0,0.9999,True
full,3,13569,13569,1.0,1.0,True
full,3,137,137,1.0,1.0,True
full,4,51713,51713,1.0,1.0,True
head_only,5,18689,129,1.0,0.0008,True
head_only,2,353,9,0.50625,0.38,False
head_only,5,545,17,0.47025,0.0003,False
full,4,1089,1089,1.0,1.0,True
head_only,3,353,9,0.62825,0.1416,False
full,4,545,545,1.0,1.0,True
head_only,2,5249,65,1.0,0.2065,True
full,3,5249,5249,1.0,1.0,True
head_only,5,1089,65,0.562,0.0,False
full,2,137,137,1.0,1.0,True
full,3,1089,1089,1.0,1.0,True
head_only,3,1089,17,0.37475,0.2522,False
full,2,3713,3713,1.0,1.0,True
head_only,3,353,9,0.484,0.1498,False
full,4,1089,1089,1.0,1.0,True
head_only,2,5249,65,1.0,0.0,True
full,4,353,353,1.0,1.0,True
full,4,545,545,1.0,1.0,True
full,3,1089,1089,1.0,1.0,True
head_only,2,545,33,1.0,0.0,True
head_only,5,1601,33,0.757,0.0985,False
full,2,18689,18689,1.0,1.0,True
full,3,1089,1089,1.0,1.0,True
full,1,273,273,1.0,1.0,True
full,4,3713,3713,1.0,1.0,True
head_only,3,1089,65,1.0,0.0,True
head_only,4,545,33,0.9355,0.0186,False
full,1,1601,1601,1.0,1.0,True
head_only,2,1089,65,1.0,0.3607,True
head_only,4,209,9,0.3825,0.225,False
full,5,137,137,1.0,1.0,True
full,4,545,545,1.0,1.0,True
full,4,13569,13569,1.0,1.0,True
head_only,5,273,17,0.6225,0.0556,False
full,2,18689,18689,1.0,1.0,True
full,5,353,353,1.0,1.0,True
head_only,1,2177,129,1.0,1.0,True
full,1,5249,5249,1.0,1.0,True
full,4,1089,1089,1.0,1.0,True
full,2,13569,13569,1.0,1.0,True
full,2,1601,1601,1.0,1.0,True
head_only,4,3713,33,0.67675,0.0203,False
head_only,4,51713,129,0.81575,0.1134,False
head_only,4,1089,17,0.557,0.0058,False
full,3,5249,5249,1.0,1.0,True
full,5,273,273,1.0,0.6284,True
full,1,137,137,1.0,1.0,True
full,2,3713,3713,1.0,1.0,True
subspace,2,51713,1,0.5,0.501,False
full,2,353,353,1.0,1.0,True
head_only,3,51713,129,1.0,0.0,True
full,2,1089,1089,1.0,1.0,True
full,3,51713,51713,1.0,1.0,True
full,3,5249,5249,1.0,1.0,True
head_only,3,13569,65,0.86625,0.0,False
subspace,1,51713,256,1.0,1.0,True
full,4,5249,5249,1.0,1.0,True
full,3,137,137,1.0,1.0,True
head_only,3,545,17,1.0,0.1335,True
head_only,2,1601,33,1.0,0.0,True
full,5,137,137,1.0,0.0,True
head_only,5,545,17,0.55425,0.0988,False
full,1,13569,13569,1.0,1.0,True
full,5,137,137,1.0,0.7185,True
head_only,3,1089,17,0.61325,0.0287,False
full,1,545,545,1.0,1.0,True
full,3,1089,1089,1.0,0.2484,True
full,5,51713,51713,1.0,1.0,True
full,4,51713,51713,1.0,1.0,True
full,5,13569,13569,1.0,1.0,True
full,1,273,273,1.0,1.0,True
full,5,137,137,1.0,0.0,True
head_only,4,545,33,1.0,0.0179,True
full,5,5249,5249,1.0,1.0,True
full,3,273,273,1.0,1.0,True
full,2,209,209,1.0,1.0,True
full,5,1089,1089,1.0,1.0,True
head_only,1,1601,33,1.0,0.9412,True
full,2,545,545,1.0,1.0,True
head_only,2,545,17,1.0,0.1895,True
full,5,545,545,1.0,1.0,True
head_only,3,1089,17,0.5,0.3639,False
head_only,5,51713,129,0.59625,0.0,False
full,3,209,209,1.0,1.0,True
full,3,137,137,1.0,1.0,True
head_only,4,545,17,0.70125,0.2121,False
full,4,273,273,1.0,1.0,True
head_only,1,1601,33,1.0,0.526,True
head_only,3,3713,33,1.0,0.0372,True
head_only,2,18689,129,1.0,0.0,True
full,5,51713,51713,1.0,1.0,True
full,2,3713,3713,1.0,1.0,True
subspace,2,51713,256,1.0,0.9892,True
full,2,5249,5249,1.0,1.0,True
head_only,3,545,33,1.0,0.0,True
head_only,5,51713,129,1.0,0.0,True
full,2,209,209,1.0,1.0,True
full,1,18689,18689,1.0,1.0,True
full,2,209,209,1.0,1.0,True
head_only,4,18689,129,0.6175,0.0,False
full,3,209,209,1.0,1.0,True
head_only,5,1089,65,0.5265,0.0,False
head_only,4,545,33,0.62575,0.0,False
full,3,353,353,1.0,0.2503,True
head_only,1,2177,129,1.0,1.0,True
full,2,18689,18689,1.0,1.0,True
head_only,1,5249,65,1.0,0.7972,True
head_only,4,3713,33,0.68375,0.3279,False
head_only,2,3713,33,0.7495,0.0538,False
full,3,273,273,1.0,1.0,True
head_only,4,545,17,0.744,0.1104,False
full,1,1089,1089,1.0,1.0,True
full,4,273,273,1.0,1.0,True
full,2,353,353,1.0,1.0,True
head_only,5,2177,129,0.534,0.0,False
full,1,51713,51713,1.0,1.0,True
full,2,273,273,1.0,1.0,True
head_only,4,51713,129,1.0,0.0,True
full,1,1601,1601,1.0,1.0,True
head_only,1,1089,17,1.0,0.416,True
full,2,18689,18689,1.0,1.0,True
head_only,5,545,17,0.6265,0.1271,False
full,1,18689,18689,1.0,1.0,True
head_only,1,209,9,1.0,0.8875,True
head_only,3,1089,17,0.49675,0.1351,False
full,5,137,137,1.0,0.4727,True
head_only,1,353,9,1.0,0.848,True
head_only,1,545,33,1.0,1.0,True
head_only,4,5249,65,0.5545,0.0008,False
full,3,2177,2177,1.0,1.0,True
head_only,5,1089,65,0.5395,0.0,False
head_only,2,545,17,0.7495,0.0007,False
full,3,13569,13569,1.0,1.0,True
full,2,137,137,1.0,1.0,True
head_only,4,545,17,0.50275,0.1393,False
head_only,1,1601,33,1.0,0.9959,True
head_only,2,545,33,1.0,0.0821,True
full,5,3713,3713,1.0,1.0,True
full,2,13569,13569,1.0,1.0,True
full,3,5249,5249,1.0,1.0,True
head_only,2,5249,65,1.0,0.0,True
full,4,2177,2177,1.0,1.0,True
head_only,5,353,9,0.50375,0.2036,False
head_only,4,18689,129,0.51325,0.0,False
head_only,2,1601,33,1.0,0.0558,True
full,2,545,545,1.0,1.0,True
full,2,5249,5249,1.0,1.0,True
full,1,18689,18689,1.0,1.0,True
full,1,545,545,1.0,1.0,True
head_only,3,1089,17,0.5,0.3593,False
full,5,3713,3713,1.0,1.0,True
head_only,1,5249,65,1.0,1.0,True
head_only,5,545,33,0.53625,0.0,False
full,4,137,137,1.0,0.013,True
head_only,4,5249,65,1.0,0.0112,True
full,3,209,209,1.0,1.0,True
head_only,1,2177,129,1.0,1.0,True
subspace,2,51713,256,1.0,0.9917,True
full,2,3713,3713,1.0,1.0,True
full,2,5249,5249,1.0,1.0,True
head_only,4,353,9,0.5605,0.3932,False
subspace,4,51713,1,0.4395,0.4646,False
head_only,3,209,9,0.25025,0.1291,False
full,3,51713,51713,1.0,1.0,True
head_only,2,137,9,1.0,0.3297,True
head_only,5,18689,129,1.0,0.0006,True
head_only,3,545,33,1.0,0.0182,True
head_only,1,353,9,1.0,0.6174,True
full,1,1089,1089,1.0,1.0,True
full,2,209,209,1.0,1.0,True
full,4,1089,1089,1.0,1.0,True
head_only,5,137,9,0.49325,0.178,False
subspace,3,51713,1,0.5,0.497,False
full,2,5249,5249,1.0,1.0,True
full,2,2177,2177,1.0,1.0,True
head_only,5,2177,129,1.0,0.0,True
full,5,209,209,1.0,1.0,True
full,4,51713,51713,1.0,1.0,True
head_only,5,3713,33,0.72675,0.0099,False
full,3,2177,2177,1.0,1.0,True
full,1,5249,5249,1.0,1.0,True
full,2,1601,1601,1.0,1.0,True
full,1,545,545,1.0,1.0,True
full,3,545,545,1.0,1.0,True
full,1,1089,1089,1.0,1.0,True
head_only,5,18689,129,0.55625,0.0,False
head_only,4,51713,129,0.6455,0.0,False
full,1,137,137,1.0,1.0,True
head_only,5,2177,129,1.0,0.0,True
full,1,51713,51713,1.0,1.0,True
head_only,3,545,33,1.0,0.0182,True
full,3,1089,1089,1.0,1.0,True
head_only,2,1601,33,1.0,0.0,True
full,2,545,545,1.0,1.0,True
full,4,545,545,1.0,1.0,True
full,2,209,209,1.0,1.0,True
head_only,4,3713,33,0.5,0.2067,False
full,5,3713,3713,1.0,1.0,True
subspace,5,51713,4,0.4905,0.4347,False
full,4,545,545,1.0,1.0,True
head_only,2,18689,129,1.0,0.4843,True
full,5,353,353,1.0,1.0,True
full,4,1089,1089,1.0,1.0,True
head_only,3,2177,129,1.0,0.0,True
full,2,2177,2177,1.0,1.0,True
full,1,1089,1089,1.0,1.0,True
head_only,4,137,9,0.5035,0.1613,False
head_only,5,353,9,0.4985,0.3989,False
subspace,3,51713,4,0.5,0.3285,False
full,4,137,137,1.0,0.3358,True
full,5,1089,1089,1.0,1.0,True
full,5,18689,18689,1.0,1.0,True
head_only,1,273,17,1.0,0.6875,True
head_only,3,137,9,0.62175,0.1621,False
subspace,2,51713,64,1.0,0.1854,True
full,5,5249,5249,1.0,1.0,True
head_only,5,3713,33,0.53025,0.3647,False
head_only,1,3713,33,1.0,0.8546,True
head_only,1,273,17,1.0,0.7533,True
full,5,1089,1089,1.0,1.0,True
head_only,3,137,9,0.63275,0.1445,False
full,1,18689,18689,1.0,1.0,True
head_only,2,1089,17,1.0,0.1435,True
full,3,18689,18689,1.0,1.0,True
head_only,3,3713,33,0.619,0.0033,False
head_only,4,5249,65,1.0,0.0002,True
head_only,3,353,9,0.6255,0.4449,False
full,5,545,545,1.0,1.0,True
head_only,1,1601,33,1.0,1.0,True
head_only,4,353,9,0.47775,0.1497,False
head_only,5,1089,17,0.63375,0.1383,False
head_only,3,273,17,1.0,0.0615,True
full,3,51713,51713,1.0,1.0,True
head_only,5,3713,33,0.50175,0.0002,False
head_only,1,3713,33,1.0,0.9711,True
head_only,4,545,17,0.44225,0.0004,False
full,4,3713,3713,1.0,1.0,True
head_only,4,51713,129,0.577,0.0,False
head_only,5,1089,65,1.0,0.0,True
head_only,3,2177,129,1.0,0.0,True
full,4,3713,3713,1.0,1.0,True
head_only,1,353,9,1.0,0.7456,True
full,1,13569,13569,1.0,1.0,True
full,5,1089,1089,1.0,1.0,True
full,5,3713,3713,1.0,1.0,True
full,3,273,273,1.0,1.0,True
head_only,3,545,17,0.757,0.0005,False
head_only,1,1089,17,1.0,0.6393,True
full,4,1089,1089,1.0,1.0,True
head_only,4,353,9,0.62075,0.1599,False
full,4,273,273,1.0,1.0,True
head_only,5,1089,65,0.94375,0.0,False
head_only,2,51713,129,1.0,0.2061,True
full,4,13569,13569,1.0,1.0,True
full,1,545,545,1.0,1.0,True
full,5,1601,1601,1.0,1.0,True
head_only,4,273,17,0.566,0.0018,False
full,5,2177,2177,1.0,1.0,True
full,2,51713,51713,1.0,1.0,True
head_only,3,1601,33,1.0,0.0,True
head_only,4,545,17,0.4345,0.1069,False
full,3,1601,1601,1.0,1.0,True
head_only,3,18689,129,1.0,0.0,True
full,2,1601,1601,1.0,1.0,True
head_only,4,137,9,0.62,0.1735,False
full,1,545,545,1.0,1.0,True
full,4,3713,3713,1.0,1.0,True
full,1,545,545,1.0,1.0,True
head_only,5,2177,129,1.0,0.0,True
full,4,1089,1089,1.0,1.0,True
full,3,1089,1089,1.0,1.0,True
full,3,1089,1089,1.0,1.0,True
head_only,1,2177,129,1.0,1.0,True
head_only,2,18689,129,1.0,0.3269,True
full,5,3713,3713,1.0,1.0,True
full,3,1601,1601,1.0,1.0,True
full,5,1089,1089,1.0,1.0,True
full,1,2177,2177,1.0,1.0,True
head_only,1,1089,17,1.0,0.605,True
head_only,4,5249,65,0.4845,0.0,False
full,4,18689,18689,1.0,1.0,True
full,4,3713,3713,1.0,1.0,True
full,2,3713,3713,1.0,1.0,True
full,1,545,545,1.0,1.0,True
full,1,137,137,1.0,1.0,True
full,5,209,209,1.0,1.0,True
full,3,137,137,1.0,1.0,True
head_only,1,5249,65,1.0,1.0,True
head_only,3,545,17,0.3735,0.0418,False
head_only,3,273,17,0.757,0.0,False
head_only,3,545,33,0.507,0.0011,False
full,4,545,545,1.0,1.0,True
full,4,3713,3713,1.0,1.0,True
full,2,209,209,1.0,1.0,True
full,1,353,353,1.0,1.0,True
full,4,209,209,1.0,1.0,True
head_only,5,209,9,0.64625,0.2278,False
full,2,2177,2177,1.0,1.0,True
head_only,1,1601,33,1.0,0.5376,True
head_only,4,545,17,0.6925,0.2324,False
head_only,3,18689,129,1.0,0.0,True
head_only,3,137,9,0.757,0.1748,False
full,1,51713,51713,1.0,1.0,True
head_only,2,545,33,1.0,0.076,True
head_only,2,2177,129,1.0,0.7378,True
head_only,5,3713,33,0.5145,0.3104,False
full,5,353,353,1.0,1.0,True
full,2,353,353,1.0,1.0,True
full,2,2177,2177,1.0,1.0,True
full,1,1089,1089,1.0,1.0,True
full,4,209,209,1.0,1.0,True
full,2,545,545,1.0,1.0,True
full,2,1089,1089,1.0,1.0,True
head_only,1,545,17,1.0,0.6727,True
full,2,51713,51713,1.0,1.0,True
full,2,18689,18689,1.0,1.0,True
full,5,545,545,1.0,1.0,True
full,4,1089,1089,1.0,1.0,True
full,1,1601,1601,1.0,1.0,True
head_only,5,1089,65,1.0,0.0,True
full,3,2177,2177,1.0,1.0,True
full,3,545,545,1.0,1.0,True
head_only,5,209,9,0.46175,0.2084,False
subspace,2,51713,16,1.0,0.1074,True
head_only,3,3713,33,0.4985,0.0015,False
full,1,18689,18689,1.0,1.0,True
full,4,13569,13569,1.0,1.0,True
full,3,3713,3713,1.0,1.0,True
full,5,137,137,0.971,0.5119,True
head_only,2,5249,65,1.0,0.0264,True
full,5,2177,2177,1.0,1.0,True
full,4,51713,51713,1.0,1.0,True
head_only,5,5249,65,0.613,0.0,False
head_only,2,2177,129,1.0,0.6316,True
subspace,4,51713,1,0.49725,0.4745,False
head_only,3,1089,17,0.49625,0.1273,False
head_only,5,353,9,0.4135,0.3785,False
head_only,2,545,17,0.753,0.076,False
full,4,5249,5249,1.0,1.0,True
head_only,2,1601,33,1.0,0.0,True
full,5,545,545,1.0,1.0,True
head_only,4,3713,33,0.4875,0.0036,False
head_only,3,5249,65,0.755,0.0,False
full,2,1601,1601,1.0,1.0,True
subspace,4,51713,256,1.0,0.0,True
full,5,545,545,1.0,1.0,True
full,3,209,209,1.0,1.0,True
head_only,3,51713,129,1.0,0.0,True
head_only,1,353,9,1.0,0.5433,True
full,3,2177,2177,1.0,1.0,True
full,5,209,209,1.0,1.0,True
full,2,137,137,1.0,1.0,True
full,4,3713,3713,1.0,1.0,True
full,2,353,353,1.0,1.0,True
head_only,1,545,33,1.0,0.901,True
full,4,1089,1089,1.0,1.0,True
head_only,4,273,17,0.558,0.0881,False
head_only,2,5249,65,1.0,0.0581,True
full,4,353,353,1.0,1.0,True
subspace,5,51713,256,1.0,0.0,True
head_only,1,273,17,1.0,0.925,True
head_only,4,273,17,0.49,0.032,False
head_only,1,353,9,1.0,0.2336,True
full,3,18689,18689,1.0,1.0,True
head_only,1,3713,33,1.0,0.9406,True
full,5,1089,1089,1.0,1.0,True
head_only,2,2177,129,1.0,0.0016,True
full,2,5249,5249,1.0,1.0,True
head_only,4,353,9,0.5,0.3961,False
head_only,3,545,17,0.87475,0.1096,False
full,1,273,273,1.0,1.0,True
full,4,545,545,1.0,1.0,True
full,4,51713,51713,1.0,1.0,True
full,5,13569,13569,1.0,1.0,True
head_only,4,18689,129,0.75075,0.0,False
head_only,5,353,9,0.477,0.1408,False
head_only,1,1601,33,1.0,0.9454,True
full,5,13569,13569,1.0,1.0,True
full,1,51713,51713,1.0,1.0,True
full,1,18689,18689,1.0,1.0,True
full,5,1089,1089,1.0,1.0,True
full,3,5249,5249,1.0,1.0,True
full,4,209,209,1.0,1.0,True
full,2,2177,2177,1.0,1.0,True
full,5,3713,3713,1.0,1.0,True
full,1,13569,13569,1.0,1.0,True
head_only,4,273,17,0.49675,0.0709,False
full,4,209,209,1.0,1.0,True
full,2,137,137,1.0,1.0,True
head_only,2,1089,17,0.50975,0.142,False
head_only,2,51713,129,1.0,0.0,True
head_only,1,545,33,1.0,1.0,True
full,5,353,353,1.0,0.0618,True
head_only,2,5249,65,1.0,0.2154,True
head_only,2,13569,65,1.0,0.0573,True
full,3,353,353,1.0,0.2526,True
full,4,3713,3713,1.0,1.0,True
head_only,2,18689,129,1.0,0.0151,True
full,5,273,273,1.0,0.8222,True
head_only,1,137,9,1.0,0.8234,True
head_only,4,2177,129,0.63275,0.0,False
full,4,18689,18689,1.0,1.0,True
full,2,1089,1089,1.0,1.0,True
head_only,2,1089,17,1.0,0.2336,True
full,5,1089,1089,1.0,1.0,True
full,4,2177,2177,1.0,1.0,True
head_only,4,1089,17,0.42775,0.0575,False
full,3,545,545,1.0,1.0,True
full,1,18689,18689,1.0,1.0,True
head_only,5,545,17,0.53175,0.0882,False
full,1,545,545,1.0,1.0,True
full,5,18689,18689,1.0,1.0,True
full,1,13569,13569,1.0,1.0,True
head_only,1,3713,33,1.0,0.9257,True
head_only,2,5249,65,1.0,0.0888,True
full,2,137,137,1.0,1.0,True
head_only,3,273,17,0.88,0.0,False
full,2,18689,18689,1.0,1.0,True
head_only,2,3713,33,1.0,0.0488,True
full,5,1089,1089,1.0,1.0,True
head_only,1,545,33,1.0,0.9782,True
head_only,3,1089,65,1.0,0.0,True
head_only,2,3713,33,0.74825,0.015,False
full,3,137,137,1.0,1.0,True
full,3,51713,51713,1.0,1.0,True
head_only,5,51713,129,0.469,0.018,False
head_only,2,3713,33,0.7375,0.2305,False
full,3,353,353,1.0,1.0,True
full,5,13569,13569,1.0,1.0,True
head_only,2,13569,65,1.0,0.0,True
head_only,5,13569,65,0.64025,0.1358,False
head_only,2,5249,65,1.0,0.0,True
subspace,2,51713,1024,1.0,1.0,True
full,5,18689,18689,1.0,1.0,True
full,3,13569,13569,1.0,1.0,True
head_only,4,1601,33,0.9365,0.0426,False
head_only,1,545,33,1.0,1.0,True
head_only,3,3713,33,1.0,0.0353,True
head_only,1,1089,17,1.0,0.496,True
head_only,4,137,9,0.48825,0.2457,False
head_only,3,1089,17,0.757,0.0051,False
head_only,5,5249,65,0.557,0.0,False
head_only,4,13569,65,0.61175,0.0,False
head_only,3,2177,129,1.0,0.0,True
head_only,3,209,9,0.5145,0.1842,False
head_only,4,5249,65,0.68475,0.0,False
head_only,1,18689,129,1.0,0.9902,True
full,2,137,137,1.0,1.0,True
full,4,209,209,1.0,1.0,True
full,4,18689,18689,1.0,1.0,True
full,3,1601,1601,1.0,1.0,True
full,1,51713,51713,1.0,1.0,True
full,1,545,545,1.0,1.0,True
head_only,1,273,17,1.0,0.8753,True
head_only,3,18689,129,1.0,0.0,True
full,5,353,353,1.0,1.0,True
head_only,1,13569,65,1.0,0.9074,True
full,3,1089,1089,1.0,1.0,True
full,2,1089,1089,1.0,1.0,True
full,2,51713,51713,1.0,1.0,True
full,3,353,353,1.0,0.5,True
head_only,4,13569,65,0.56425,0.1247,False
full,5,1089,1089,1.0,1.0,True
head_only,2,545,33,1.0,0.0999,True
head_only,5,545,33,0.425,0.0046,False
full,5,545,545,1.0,1.0,True
head_only,5,209,9,0.556,0.2724,False
full,3,209,209,1.0,1.0,True
full,1,2177,2177,1.0,1.0,True
full,4,1089,1089,1.0,1.0,True
full,4,51713,51713,1.0,1.0,True
head_only,5,3713,33,0.54075,0.0,False
full,4,2177,2177,1.0,1.0,True
full,5,1089,1089,1.0,1.0,True
full,5,137,137,1.0,0.0,True
head_only,3,2177,129,0.63175,0.0,False
head_only,1,1089,17,1.0,0.2761,True
full,2,3713,3713,1.0,1.0,True
head_only,4,2177,129,0.63375,0.0,False
head_only,3,273,17,0.5045,0.0862,False
head_only,5,2177,129,0.429,0.0,False
full,4,545,545,1.0,1.0,True
full,1,545,545,1.0,1.0,True
head_only,4,353,9,0.5035,0.2,False
subspace,1,51713,1024,1.0,1.0,True
full,1,3713,3713,1.0,1.0,True
head_only,5,3713,33,0.521,0.0127,False
full,2,545,545,1.0,1.0,True
head_only,4,2177,129,1.0,0.0,True
full,5,545,545,1.0,1.0,True
full,3,18689,18689,1.0,1.0,True
head_only,4,1089,65,0.61675,0.0,False
full,1,3713,3713,1.0,1.0,True
full,3,3713,3713,1.0,1.0,True
full,3,1601,1601,1.0,1.0,True
head_only,2,545,17,1.0,0.2605,True
head_only,4,273,17,0.36225,0.0021,False
head_only,1,137,9,1.0,0.6357,True
head_only,3,1089,65,1.0,0.0,True
head_only,1,1089,17,1.0,0.3494,True
head_only,2,545,17,1.0,0.1133,True
head_only,5,3713,33,0.49625,0.1168,False
full,4,13569,13569,1.0,1.0,True
full,2,545,545,1.0,1.0,True
head_only,1,2177,129,1.0,1.0,True
full,2,1089,1089,1.0,1.0,True
full,1,1601,1601,1.0,1.0,True
full,3,137,137,1.0,1.0,True
full,1,3713,3713,1.0,1.0,True
head_only,2,545,33,1.0,0.1229,True
head_only,2,1601,33,1.0,0.0,True
full,1,18689,18689,1.0,1.0,True
head_only,4,545,33,0.44325,0.004,False
full,1,1601,1601,1.0,1.0,True
full,1,209,209,1.0,1.0,True
full,5,18689,18689,1.0,1.0,True
head_only,3,1089,17,1.0,0.1422,True
full,5,51713,51713,1.0,1.0,True
head_only,1,137,9,1.0,0.4529,True
head_only,5,1089,17,0.4315,0.0882,False
full,2,545,545,1.0,1.0,True
head_only,3,18689,129,1.0,0.0,True
full,2,1601,1601,1.0,1.0,True
full,2,3713,3713,1.0,1.0,True
full,1,1601,1601,1.0,1.0,True
full,2,209,209,1.0,1.0,True
full,1,209,209,1.0,1.0,True
head_only,4,137,9,0.6745,0.2243,False
full,4,18689,18689,1.0,1.0,True
full,4,1089,1089,1.0,1.0,True
full,4,13569,13569,1.0,1.0,True
head_only,1,545,17,1.0,0.6681,True
full,1,209,209,1.0,1.0,True
full,2,18689,18689,1.0,1.0,True
full,2,5249,5249,1.0,1.0,True
full,3,5249,5249,1.0,1.0,True
full,1,13569,13569,1.0,1.0,True
full,3,1089,1089,1.0,1.0,True
full,3,209,209,1.0,1.0,True
head_only,2,1089,17,0.7495,0.1842,False
full,4,3713,3713,1.0,1.0,True
head_only,1,209,9,1.0,0.6856,True
full,2,3713,3713,1.0,1.0,True
head_only,5,1601,33,0.5565,0.0,False
head_only,1,273,17,1.0,0.9731,True
full,3,209,209,1.0,1.0,True
head_only,1,1089,17,1.0,0.8683,True
full,2,1601,1601,1.0,1.0,True
full,5,1601,1601,1.0,1.0,True
head_only,4,5249,65,1.0,0.0133,True
head_only,5,1089,65,0.49325,0.0,False
head_only,2,273,17,1.0,0.2025,True
head_only,3,353,9,0.627,0.383,False
head_only,3,51713,129,1.0,0.0,True
full,4,1089,1089,1.0,1.0,True
full,5,13569,13569,1.0,1.0,True
full,5,545,545,1.0,1.0,True
full,3,18689,18689,1.0,1.0,True
head_only,4,5249,65,0.6145,0.0,False
full,4,545,545,1.0,1.0,True
head_only,2,1089,65,1.0,0.2217,True
head_only,4,1601,33,0.4945,0.0099,False
head_only,4,353,9,0.4975,0.3045,False
full,5,1089,1089,1.0,1.0,True
head_only,3,137,9,0.48475,0.0856,False
head_only,2,18689,129,1.0,0.7621,True
full,3,2177,2177,1.0,1.0,True
full,3,353,353,1.0,1.0,True
head_only,2,51713,129,1.0,0.0,True
full,1,1089,1089,1.0,1.0,True
full,1,137,137,1.0,1.0,True
head_only,3,13569,65,0.87475,0.142,False
head_only,3,2177,129,1.0,0.0,True
head_only,4,545,33,0.549,0.0023,False
full,5,273,273,1.0,1.0,True
head_only,5,13569,65,0.562,0.0,False
head_only,1,13569,65,1.0,1.0,True
head_only,3,1089,65,0.74975,0.0,False
head_only,3,137,9,0.63275,0.1445,False
head_only,5,5249,65,0.49875,0.0,False
full,2,5249,5249,1.0,1.0,True
full,2,545,545,1.0,1.0,True
head_only,3,13569,65,1.0,0.0,True
head_only,1,1089,17,1.0,0.8626,True
full,4,51713,51713,1.0,1.0,True
head_only,3,1089,65,1.0,0.0,True
full,5,209,209,1.0,0.9962,True
head_only,1,1089,17,1.0,0.6503,True
head_only,1,5249,65,1.0,0.9999,True
full,1,545,545,1.0,1.0,True
full,3,353,353,1.0,1.0,True
full,5,3713,3713,1.0,1.0,True
full,1,209,209,1.0,1.0,True
full,4,1601,1601,1.0,1.0,True
full,1,2177,2177,1.0,1.0,True
head_only,2,3713,33,0.75425,0.3641,False
full,2,209,209,1.0,1.0,True
full,2,51713,51713,1.0,1.0,True
head_only,2,545,33,1.0,0.2049,True
head_only,5,137,9,0.6225,0.2119,False
head_only,3,209,9,0.63025,0.3587,False
head_only,1,545,33,1.0,0.9979,True
full,1,1089,1089,1.0,1.0,True
head_only,5,2177,129,0.50175,0.0,False
head_only,1,545,17,1.0,0.577,True
full,3,3713,3713,1.0,1.0,True
full,2,1089,1089,1.0,1.0,True
head_only,3,137,9,0.76525,0.2335,False
head_only,2,13569,65,0.75025,0.1024,False
full,1,13569,13569,1.0,1.0,True
head_only,2,137,9,1.0,0.2264,True
full,3,273,273,1.0,1.0,True
head_only,1,1089,65,1.0,1.0,True
full,1,1089,1089,1.0,1.0,True
full,5,51713,51713,1.0,1.0,True
head_only,4,2177,129,0.5045,0.0,False
full,1,1601,1601,1.0,1.0,True
full,3,51713,51713,1.0,1.0,True
head_only,3,1601,33,1.0,0.0752,True
full,5,273,273,1.0,1.0,True
head_only,4,3713,33,0.5615,0.0,False
head_only,5,545,17,0.7205,0.2225,False
full,4,137,137,1.0,0.0833,True
head_only,1,545,33,1.0,0.937,True
head_only,4,51713,129,0.93275,0.0904,False
head_only,5,137,9,0.4955,0.0886,False
full,1,2177,2177,1.0,1.0,True
full,4,353,353,1.0,1.0,True
full,3,1089,1089,1.0,1.0,True
head_only,4,18689,129,0.55625,0.0,False
head_only,1,545,17,1.0,0.9772,True
full,5,209,209,1.0,0.9679,True
subspace,2,51713,16,1.0,0.2655,True
head_only,2,209,9,1.0,0.2095,True
full,1,209,209,1.0,1.0,True
head_only,4,1089,17,0.4995,0.3574,False
head_only,1,545,33,1.0,1.0,True
full,2,353,353,1.0,1.0,True
head_only,2,18689,129,1.0,0.3572,True
head_only,5,5249,65,0.473,0.0,False
head_only,3,209,9,0.7475,0.1034,False
full,3,13569,13569,1.0,1.0,True
full,2,353,353,1.0,1.0,True
head_only,1,1089,17,1.0,0.4096,True
full,4,13569,13569,1.0,1.0,True
head_only,1,1089,17,1.0,0.7844,True
full,3,545,545,1.0,1.0,True
head_only,3,5249,65,1.0,0.0531,True
head_only,5,3713,33,0.49475,0.2057,False
full,2,353,353,1.0,1.0,True
full,5,2177,2177,1.0,1.0,True
full,3,2177,2177,1.0,1.0,True
full,5,545,545,1.0,1.0,True
full,3,1089,1089,1.0,1.0,True
full,3,545,545,1.0,1.0,True
head_only,2,273,17,1.0,0.0003,True
full,5,1089,1089,1.0,1.0,True
head_only,2,2177,129,1.0,0.6772,True
head_only,5,1089,65,0.572,0.0,False
head_only,2,1089,65,1.0,0.3067,True
head_only,1,1089,65,1.0,0.9996,True
head_only,3,1601,33,0.4955,0.0138,False
head_only,1,1089,17,1.0,0.6676,True
full,1,1601,1601,1.0,1.0,True
subspace,2,51713,4,0.5,0.3773,False
full,2,1089,1089,1.0,1.0,True
head_only,2,5249,65,1.0,0.1475,True
head_only,3,3713,33,0.749,0.0127,False
head_only,2,2177,129,1.0,0.8518,True
full,3,3713,3713,1.0,1.0,True
full,1,2177,2177,1.0,1.0,True
head_only,5,545,33,0.78125,0.0116,False
head_only,2,1601,33,1.0,0.0,True
head_only,1,3713,33,1.0,0.7355,True
full,1,2177,2177,1.0,1.0,True
full,1,3713,3713,1.0,1.0,True
full,1,545,545,1.0,1.0,True
full,4,51713,51713,1.0,1.0,True
full,3,13569,13569,1.0,1.0,True
head_only,4,353,9,0.4795,0.2307,False
full,5,353,353,1.0,1.0,True
full,4,13569,13569,1.0,1.0,True
subspace,4,51713,1024,1.0,0.9967,True
head_only,5,545,33,0.47025,0.0011,False
full,1,273,273,1.0,1.0,True
full,2,5249,5249,1.0,1.0,True
full,1,3713,3713,1.0,1.0,True
full,4,51713,51713,1.0,1.0,True
full,5,273,273,1.0,0.9975,True
full,4,209,209,1.0,1.0,True
full,1,137,137,1.0,1.0,True
head_only,1,13569,65,1.0,0.7048,True
full,4,2177,2177,1.0,1.0,True
head_only,3,1089,17,0.50375,0.0725,False
head_only,1,1089,17,1.0,0.4919,True
full,4,209,209,1.0,1.0,True
full,2,18689,18689,1.0,1.0,True
head_only,3,51713,129,1.0,0.0,True
full,1,545,545,1.0,1.0,True
full,3,5249,5249,1.0,1.0,True
full,3,13569,13569,1.0,1.0,True
head_only,1,353,9,1.0,0.4729,True
full,3,18689,18689,1.0,1.0,True
head_only,2,353,9,0.489,0.3344,False
full,3,209,209,1.0,1.0,True
head_only,2,353,9,0.48725,0.1896,False
full,5,18689,18689,1.0,1.0,True
head_only,3,137,9,0.757,0.1748,False
full,4,5249,5249,1.0,1.0,True
full,2,137,137,1.0,1.0,True
full,5,13569,13569,1.0,1.0,True
full,4,545,545,1.0,1.0,True
head_only,4,1601,33,0.5595,0.0012,False
full,4,273,273,1.0,1.0,True
head_only,4,273,17,0.73675,0.1006,False
full,4,209,209,1.0,1.0,True
full,2,1089,1089,1.0,1.0,True
head_only,3,5249,65,1.0,0.0008,True
head_only,5,137,9,0.495,0.1168,False
head_only,4,5249,65,1.0,0.0275,True
full,1,1601,1601,1.0,1.0,True
head_only,3,1601,33,1.0,0.1491,True
head_only,3,137,9,0.756,0.2173,False
head_only,3,1601,33,1.0,0.0,True
head_only,2,273,17,1.0,0.0501,True
full,5,1089,1089,1.0,1.0,True
head_only,1,1089,17,1.0,0.6492,True
head_only,3,353,9,0.39325,0.2033,False
full,3,353,353,1.0,1.0,True
head_only,1,1089,17,1.0,0.4375,True
head_only,3,273,17,1.0,0.1445,True
head_only,2,18689,129,1.0,0.0,True
head_only,2,3713,33,1.0,0.2982,True
full,4,209,209,1.0,1.0,True
full,2,18689,18689,1.0,1.0,True
head_only,1,209,9,1.0,0.6358,True
head_only,2,13569,65,1.0,0.1689,True
full,5,1089,1089,1.0,1.0,True
subspace,5,51713,4,0.498,0.3496,False
head_only,2,545,17,1.0,0.0973,True
head_only,3,545,17,0.51125,0.0873,False
head_only,4,209,9,0.433,0.2119,False
head_only,1,3713,33,1.0,0.6409,True
head_only,4,137,9,0.50625,0.1627,False
full,1,137,137,1.0,1.0,True
full,4,5249,5249,1.0,1.0,True
head_only,5,273,17,0.461,0.0026,False
head_only,4,2177,129,0.6295,0.0,False
head_only,5,1089,65,0.963,0.0001,True
full,5,2177,2177,1.0,1.0,True
full,4,545,545,1.0,1.0,True
head_only,3,353,9,0.61775,0.2694,False
full,1,1089,1089,1.0,1.0,True
full,5,209,209,1.0,0.9585,True
head_only,5,273,17,0.5605,0.1157,False
head_only,2,2177,129,1.0,0.7541,True
full,3,353,353,1.0,1.0,True
full,5,1089,1089,1.0,0.6226,True
subspace,4,51713,16,0.87475,0.1274,False
full,2,1089,1089,1.0,1.0,True
head_only,4,2177,129,1.0,0.0,True
full,5,13569,13569,1.0,1.0,True
head_only,5,137,9,0.4085,0.1814,False
head_only,4,137,9,0.4435,0.0766,False
full,3,137,137,1.0,1.0,True
head_only,2,13569,65,1.0,0.0517,True
full,5,3713,3713,1.0,1.0,True
full,5,51713,51713,1.0,1.0,True
full,2,1089,1089,1.0,1.0,True
full,4,137,137,1.0,1.0,True
subspace,2,51713,1,0.49625,0.4123,False
head_only,3,2177,129,1.0,0.0,True
full,1,545,545,1.0,1.0,True
full,4,51713,51713,1.0,1.0,True
full,2,545,545,1.0,1.0,True
head_only,3,5249,65,1.0,0.0386,True
head_only,4,353,9,0.43525,0.199,False
full,2,273,273,1.0,1.0,True
head_only,3,1089,65,1.0,0.0006,True
full,5,5249,5249,1.0,1.0,True
full,2,18689,18689,1.0,1.0,True
head_only,4,1089,17,0.47775,0.1309,False
head_only,4,545,17,0.692,0.1083,False
full,2,1089,1089,1.0,1.0,True
head_only,2,1089,17,1.0,0.0038,True
full,4,545,545,1.0,1.0,True
full,4,18689,18689,1.0,1.0,True
head_only,5,1601,33,0.8725,0.0099,False
head_only,3,5249,65,1.0,0.0,True
head_only,4,1089,17,0.4395,0.0036,False
head_only,4,353,9,0.552,0.4531,False
head_only,5,1601,33,0.4895,0.0,False
head_only,4,1601,33,0.94025,0.0099,False
full,2,1089,1089,1.0,1.0,True
full,1,1089,1089,1.0,1.0,True
full,2,2177,2177,1.0,1.0,True
full,2,1089,1089,1.0,1.0,True
head_only,1,209,9,1.0,0.7122,True
head_only,3,353,9,0.5,0.4368,False
head_only,5,545,17,0.461,0.0132,False
full,2,353,353,1.0,1.0,True
full,4,545,545,1.0,1.0,True
full,1,1601,1601,1.0,1.0,True
full,2,13569,13569,1.0,1.0,True
head_only,1,3713,33,1.0,0.9987,True
head_only,3,353,9,0.237,0.1945,False
full,2,137,137,1.0,1.0,True
full,3,545,545,1.0,1.0,True
full,4,545,545,1.0,1.0,True
head_only,1,545,33,1.0,0.8902,True
head_only,3,137,9,0.50275,0.1248,False
full,2,3713,3713,1.0,1.0,True
head_only,1,1601,33,1.0,0.9141,True
full,3,5249,5249,1.0,1.0,True
head_only,5,1089,65,0.55625,0.0,False
head_only,3,13569,65,0.75225,0.1342,False
full,5,137,137,0.97025,0.0,True
head_only,4,1089,65,0.56725,0.0,False
head_only,1,137,9,1.0,0.4667,True
head_only,3,2177,129,1.0,0.0,True
full,1,1089,1089,1.0,1.0,True
head_only,2,1601,33,1.0,0.0191,True
head_only,2,18689,129,1.0,0.5488,True
full,1,273,273,1.0,1.0,True
full,4,13569,13569,1.0,1.0,True
head_only,4,545,33,0.9355,0.0186,False
head_only,5,18689,129,0.47025,0.0,False
subspace,1,51713,256,1.0,1.0,True
full,5,353,353,1.0,0.7515,True
full,4,545,545,1.0,1.0,True
full,4,51713,51713,1.0,1.0,True
head_only,1,5249,65,1.0,0.996,True
head_only,2,51713,129,0.75525,0.0306,False
head_only,4,545,33,0.6305,0.0,False
head_only,4,1089,17,0.554,0.0025,False
head_only,5,2177,129,1.0,0.0,True
full,1,18689,18689,1.0,1.0,True
head_only,1,1089,65,1.0,0.9986,True
full,3,209,209,1.0,1.0,True
head_only,3,209,9,0.494,0.2588,False
head_only,1,545,17,1.0,0.6941,True
full,5,209,209,1.0,0.8669,True
head_only,4,209,9,0.7455,0.219,False
head_only,2,273,17,1.0,0.1511,True
full,1,353,353,1.0,1.0,True
full,2,273,273,1.0,1.0,True
head_only,2,13569,65,1.0,0.1617,True
head_only,3,273,17,0.24725,0.0319,False
full,1,209,209,1.0,1.0,True
full,4,51713,51713,1.0,1.0,True
full,1,3713,3713,1.0,1.0,True
head_only,4,5249,65,0.61775,0.0007,False
head_only,3,13569,65,0.6325,0.0,False
head_only,5,137,9,0.4085,0.1814,False
head_only,5,1089,65,0.53925,0.0,False
head_only,3,1601,33,1.0,0.0529,True
head_only,3,1089,17,0.87375,0.0055,False
head_only,1,353,9,1.0,0.4689,True
full,1,3713,3713,1.0,1.0,True
full,4,5249,5249,1.0,1.0,True
head_only,5,353,9,0.5,0.3317,False
head_only,2,18689,129,1.0,0.0,True
head_only,1,1089,17,1.0,0.5099,True
head_only,2,545,17,1.0,0.0263,True
full,1,137,137,1.0,1.0,True
subspace,1,51713,16,1.0,0.6038,True
head_only,3,2177,129,0.87325,0.0,False
full,4,545,545,1.0,1.0,True
head_only,4,2177,129,1.0,0.0,True
full,5,2177,2177,1.0,1.0,True
full,4,5249,5249,1.0,1.0,True
head_only,1,1089,65,1.0,1.0,True
head_only,3,545,33,0.619,0.0024,False
head_only,5,545,33,0.505,0.0004,False
full,2,209,209,1.0,1.0,True
full,1,51713,51713,1.0,1.0,True
full,5,1089,1089,1.0,1.0,True
head_only,5,545,33,0.48675,0.0,False
full,2,209,209,1.0,1.0,True
full,5,209,209,1.0,1.0,True
head_only,3,1601,33,0.49,0.0,False
head_only,5,5249,65,0.8705,0.0237,False
head_only,5,18689,129,0.52575,0.0,False
head_only,5,1089,65,0.963,0.0001,True
full,1,353,353,1.0,1.0,True
full,2,273,273,1.0,1.0,True
full,2,1089,1089,1.0,1.0,True
head_only,2,5249,65,1.0,0.0,True
head_only,3,137,9,0.49925,0.2862,False
head_only,3,1089,17,0.5,0.0859,False
head_only,1,2177,129,1.0,1.0,True
head_only,3,51713,129,1.0,0.1305,True
head_only,3,13569,65,1.0,0.0002,True
full,2,1089,1089,1.0,1.0,True
full,3,2177,2177,1.0,1.0,True
head_only,1,1089,65,1.0,1.0,True
head_only,2,13569,65,1.0,0.0,True
head_only,3,1089,65,0.6345,0.0,False
head_only,5,545,33,0.53,0.0019,False
head_only,3,2177,129,1.0,0.0,True
full,2,1089,1089,1.0,1.0,True
full,2,3713,3713,1.0,1.0,True
full,4,1089,1089,1.0,1.0,True
head_only,4,2177,129,1.0,0.0,True
full,5,2177,2177,1.0,1.0,True
full,5,353,353,0.9715,1.0,True
full,3,3713,3713,1.0,1.0,True
full,2,1089,1089,1.0,1.0,True
full,3,545,545,1.0,1.0,True
full,2,353,353,1.0,1.0,True
head_only,3,1601,33,0.87025,0.0,False
full,3,1601,1601,1.0,1.0,True
head_only,2,209,9,1.0,0.1668,True
full,1,1601,1601,1.0,1.0,True
head_only,4,5249,65,0.69375,0.0,False
head_only,4,137,9,0.6775,0.301,False
head_only,5,18689,129,1.0,0.0,True
full,1,273,273,1.0,1.0,True
full,1,51713,51713,1.0,1.0,True
full,5,273,273,1.0,1.0,True
full,1,5249,5249,1.0,1.0,True
head_only,2,5249,65,1.0,0.0,True
head_only,4,273,17,0.5625,0.0006,False
full,4,273,273,1.0,1.0,True
full,5,2177,2177,1.0,1.0,True
head_only,4,273,17,0.496,0.0007,False
full,1,2177,2177,1.0,1.0,True
head_only,4,353,9,0.44375,0.1588,False
full,3,137,137,1.0,1.0,True
head_only,1,2177,129,1.0,1.0,True
head_only,4,2177,129,0.63275,0.0,False
head_only,2,137,9,1.0,0.2931,True
subspace,5,51713,64,0.715,0.0001,False
full,3,51713,51713,1.0,1.0,True
full,4,51713,51713,1.0,1.0,True
head_only,3,3713,33,0.87375,0.0,False
full,1,18689,18689,1.0,1.0,True
head_only,4,3713,33,0.6435,0.1362,False
head_only,3,3713,33,0.87025,0.0,False
head_only,1,545,17,1.0,0.8555,True
head_only,4,545,33,0.87,0.0045,False
full,2,18689,18689,1.0,1.0,True
head_only,5,353,9,0.49825,0.3114,False
full,4,13569,13569,1.0,1.0,True
head_only,4,209,9,0.47775,0.2352,False
head_only,1,1601,33,1.0,0.8292,True
head_only,4,273,17,0.766,0.1297,False
head_only,4,1601,33,0.559,0.0,False
head_only,2,1089,65,1.0,0.0,True
full,3,5249,5249,1.0,1.0,True
head_only,1,18689,129,1.0,1.0,True
full,4,273,273,1.0,1.0,True
head_only,4,1089,65,1.0,0.0,True
full,2,273,273,1.0,1.0,True
head_only,3,13569,65,0.8715,0.2282,False
full,3,545,545,1.0,1.0,True
full,2,1089,1089,1.0,1.0,True
head_only,2,1089,17,0.50375,0.3084,False
head_only,5,18689,129,0.593,0.0,False
subspace,4,51713,64,1.0,0.0,True
head_only,3,1601,33,1.0,0.0,True
full,4,545,545,1.0,1.0,True
full,4,2177,2177,1.0,1.0,True
head_only,4,1089,65,0.49975,0.0,False
head_only,4,137,9,0.50625,0.1627,False
full,2,273,273,1.0,1.0,True
head_only,5,5249,65,0.77875,0.0287,False
full,3,209,209,1.0,1.0,True
subspace,1,51713,64,1.0,0.9705,True
full,4,545,545,1.0,1.0,True
head_only,5,18689,129,0.562,0.0,False
head_only,2,353,9,0.739,0.4934,False
head_only,2,51713,129,1.0,0.2862,True
full,3,2177,2177,1.0,1.0,True
head_only,5,545,33,0.857,0.0028,False
full,5,3713,3713,1.0,0.9997,True
full,5,545,545,1.0,1.0,True
head_only,4,545,33,0.549,0.0023,False
head_only,4,209,9,0.431,0.1633,False
full,1,209,209,1.0,1.0,True
head_only,2,545,17,1.0,0.0141,True
head_only,4,353,9,0.50175,0.4848,False
head_only,4,545,17,0.5035,0.0006,False
full,1,545,545,1.0,1.0,True
head_only,4,13569,65,0.642,0.0,False
head_only,5,5249,65,0.5025,0.0,False
head_only,1,51713,129,1.0,0.9995,True
head_only,3,1089,17,0.5,0.3781,False
full,4,545,545,1.0,1.0,True
full,5,5249,5249,1.0,1.0,True
full,4,545,545,1.0,1.0,True
full,1,353,353,1.0,1.0,True
full,5,18689,18689,1.0,1.0,True
full,1,1601,1601,1.0,1.0,True
full,1,545,545,1.0,1.0,True
head_only,4,1089,17,0.54625,0.272,False
full,5,545,545,1.0,0.8013,True
full,5,137,137,1.0,0.0,True
head_only,4,13569,65,0.4915,0.0,False
head_only,4,209,9,0.746,0.3374,False
subspace,2,51713,1024,1.0,1.0,True
full,5,353,353,1.0,1.0,True
head_only,1,353,9,1.0,0.6293,True
head_only,5,5249,65,0.45825,0.0,False
full,3,273,273,1.0,1.0,True
head_only,4,18689,129,0.7055,0.0,False
head_only,5,273,17,0.57775,0.0013,False
head_only,1,51713,129,1.0,1.0,True
head_only,1,209,9,1.0,0.7882,True
subspace,2,51713,256,1.0,0.9953,True
full,5,5249,5249,1.0,1.0,True
head_only,4,3713,33,0.5015,0.0512,False
head_only,2,1089,65,1.0,0.2285,True
full,2,5249,5249,1.0,1.0,True
subspace,4,51713,256,1.0,0.0,True
head_only,1,273,17,1.0,0.9189,True
head_only,2,353,9,0.499,0.321,False
full,4,1089,1089,1.0,1.0,True
full,3,3713,3713,1.0,1.0,True
full,5,545,545,1.0,1.0,True
head_only,3,5249,65,1.0,0.0002,True
full,5,209,209,1.0,0.0,True
head_only,5,209,9,0.49325,0.1765,False
head_only,5,545,33,0.75875,0.0127,False
head_only,5,137,9,0.6225,0.2379,False
head_only,3,13569,65,0.74925,0.1093,False
head_only,5,2177,129,0.5345,0.0,False
full,5,3713,3713,1.0,1.0,True
full,4,1089,1089,1.0,1.0,True
head_only,3,2177,129,1.0,0.0,True
full,3,2177,2177,1.0,1.0,True
full,4,137,137,1.0,1.0,True
full,3,353,353,1.0,1.0,True
head_only,2,137,9,1.0,0.2004,True
full,2,51713,51713,1.0,1.0,True
full,4,1089,1089,1.0,1.0,True
head_only,4,5249,65,0.56575,0.0,False
head_only,2,1601,33,1.0,0.0265,True
head_only,1,137,9,1.0,0.4667,True
full,3,1089,1089,1.0,1.0,True
head_only,3,3713,33,1.0,0.0286,True
head_only,1,3713,33,1.0,1.0,True
full,5,3713,3713,1.0,1.0,True
head_only,4,545,17,0.4525,0.1617,False
full,4,273,273,1.0,1.0,True
head_only,4,51713,129,1.0,0.0966,True
head_only,5,2177,129,0.54575,0.0,False
head_only,5,545,17,0.47025,0.1568,False
head_only,2,1601,33,1.0,0.0818,True
full,4,2177,2177,1.0,1.0,True
full,2,1089,1089,1.0,1.0,True
full,3,51713,51713,1.0,1.0,True
head_only,3,18689,129,1.0,0.0,True
full,2,209,209,1.0,1.0,True
full,4,51713,51713,1.0,1.0,True
full,4,209,209,1.0,1.0,True
head_only,2,209,9,0.745,0.2992,False
full,2,209,209,1.0,1.0,True
head_only,3,545,33,1.0,0.0214,True
head_only,2,209,9,0.75,0.2129,False
head_only,3,273,17,0.74,0.0153,False
head_only,1,545,33,1.0,1.0,True
full,2,273,273,1.0,1.0,True
full,1,353,353,1.0,1.0,True
head_only,2,51713,129,1.0,0.2016,True
full,1,1601,1601,1.0,1.0,True
full,2,51713,51713,1.0,1.0,True
subspace,2,51713,64,1.0,0.1395,True
full,4,13569,13569,1.0,1.0,True
full,2,273,273,1.0,1.0,True
head_only,5,18689,129,0.5195,0.0,False
head_only,1,51713,129,1.0,1.0,True
head_only,3,51713,129,1.0,0.0,True
head_only,1,13569,65,1.0,0.486,True
head_only,3,353,9,0.7485,0.2743,False
full,4,209,209,1.0,1.0,True
head_only,1,1089,65,1.0,1.0,True
head_only,5,137,9,0.4955,0.0886,False
head_only,1,5249,65,1.0,0.9565,True
full,4,137,137,1.0,1.0,True
head_only,1,353,9,1.0,0.5648,True
full,5,545,545,1.0,1.0,True
head_only,2,1601,33,1.0,0.1566,True
head_only,2,545,33,1.0,0.0881,True
full,2,5249,5249,1.0,1.0,True
full,1,545,545,1.0,1.0,True
head_only,1,3713,33,1.0,0.7752,True
head_only,4,3713,33,0.47775,0.0,False
head_only,2,3713,33,1.0,0.0,True
full,5,1089,1089,1.0,1.0,True
subspace,5,51713,64,0.7825,0.0001,False
full,5,273,273,1.0,0.0,True
full,5,51713,51713,1.0,1.0,True
full,4,2177,2177,1.0,1.0,True
head_only,1,273,17,1.0,0.9998,True
head_only,4,137,9,0.62525,0.1439,False
full,3,545,545,1.0,1.0,True
head_only,3,545,17,0.61925,0.21,False
head_only,1,137,9,1.0,0.6301,True
head_only,4,545,33,0.5705,0.0,False
head_only,2,13569,65,1.0,0.0551,True
head_only,2,273,17,1.0,0.1511,True
head_only,1,1089,17,1.0,0.8162,True
head_only,2,209,9,0.5045,0.052,False
full,3,18689,18689,1.0,1.0,True
head_only,3,137,9,0.62625,0.1848,False
full,5,1089,1089,1.0,1.0,True
full,1,353,353,1.0,1.0,True
head_only,3,353,9,0.38075,0.3202,False
full,3,1089,1089,1.0,1.0,True
full,3,1089,1089,1.0,1.0,True
full,3,13569,13569,1.0,1.0,True
head_only,1,18689,129,1.0,1.0,True
full,5,545,545,1.0,1.0,True
full,3,18689,18689,1.0,1.0,True
full,1,545,545,1.0,1.0,True
full,4,273,273,1.0,1.0,True
full,2,137,137,1.0,1.0,True
full,5,51713,51713,1.0,1.0,True
head_only,4,1601,33,0.616,0.0,False
subspace,5,51713,1024,1.0,0.4268,True
full,1,3713,3713,1.0,1.0,True
full,3,5249,5249,1.0,1.0,True
full,5,18689,18689,1.0,1.0,True
full,1,1601,1601,1.0,1.0,True
head_only,5,1601,33,0.47025,0.0011,False
full,2,353,353,1.0,1.0,True
head_only,5,545,17,0.474,0.0375,False
head_only,1,51713,129,1.0,1.0,True
head_only,5,209,9,0.4925,0.1894,False
head_only,4,209,9,0.5705,0.2279,False
full,4,1089,1089,1.0,1.0,True
full,3,137,137,1.0,1.0,True
head_only,2,13569,65,0.75,0.1869,False
head_only,5,137,9,0.5355,0.1001,False
head_only,5,137,9,0.4995,0.1374,False
head_only,3,5249,65,1.0,0.0,True
full,3,137,137,1.0,1.0,True
full,3,273,273,1.0,1.0,True
head_only,4,18689,129,1.0,0.0001,True
full,2,1089,1089,1.0,1.0,True
head_only,2,209,9,1.0,0.1874,True
full,5,1601,1601,1.0,1.0,True
head_only,2,545,17,1.0,0.061,True
head_only,3,51713,129,1.0,0.0,True
head_only,5,18689,129,1.0,0.0,True
subspace,4,51713,16,0.739,0.1364,False
head_only,5,1089,65,0.97,0.0,True
full,4,18689,18689,1.0,1.0,True
head_only,2,5249,65,1.0,0.3799,True
head_only,1,137,9,1.0,0.6612,True
head_only,1,13569,65,1.0,1.0,True
head_only,1,209,9,1.0,0.5818,True
subspace,1,51713,1,0.5,0.5162,False
head_only,5,1089,65,0.53925,0.0,False
head_only,4,137,9,0.80825,0.2715,False
full,4,137,137,1.0,1.0,True
full,1,273,273,1.0,1.0,True
head_only,2,545,33,1.0,0.056,True
head_only,4,18689,129,1.0,0.0014,True
full,5,209,209,1.0,1.0,True
full,4,51713,51713,1.0,1.0,True
full,1,137,137,1.0,1.0,True
full,2,353,353,1.0,1.0,True
head_only,2,209,9,0.739,0.3602,False
full,5,137,137,1.0,0.0,True
full,2,18689,18689,1.0,1.0,True
head_only,2,1089,17,1.0,0.0711,True
head_only,3,137,9,0.61875,0.2604,False
full,5,2177,2177,1.0,1.0,True
head_only,3,273,17,0.24725,0.0319,False
head_only,5,1089,65,0.93225,0.0001,False
head_only,1,353,9,1.0,0.4991,True
full,5,545,545,1.0,1.0,True
head_only,1,545,17,1.0,0.7315,True
head_only,1,545,33,1.0,1.0,True
head_only,1,3713,33,1.0,0.5823,True
full,3,3713,3713,1.0,1.0,True
head_only,2,18689,129,1.0,0.0,True
full,5,1089,1089,1.0,1.0,True
head_only,2,545,33,1.0,0.0,True
full,4,545,545,1.0,1.0,True
head_only,4,18689,129,0.4455,0.0,False
full,5,1601,1601,1.0,1.0,True
full,1,273,273,1.0,1.0,True
full,4,3713,3713,1.0,1.0,True
full,5,545,545,1.0,1.0,True
full,3,545,545,1.0,1.0,True
head_only,3,2177,129,1.0,0.0,True
full,5,273,273,1.0,0.9623,True
head_only,1,353,9,1.0,0.6413,True
head_only,1,353,9,1.0,0.6153,True
full,1,3713,3713,1.0,1.0,True
full,2,1601,1601,1.0,1.0,True
full,3,1089,1089,1.0,1.0,True
full,3,2177,2177,1.0,1.0,True
full,1,2177,2177,1.0,1.0,True
head_only,2,3713,33,1.0,0.2562,True
full,1,3713,3713,1.0,1.0,True
head_only,1,13569,65,1.0,0.5168,True
full,4,13569,13569,1.0,1.0,True
head_only,3,545,33,1.0,0.0163,True
subspace,3,51713,16,0.62625,0.0795,False
head_only,1,273,17,1.0,0.8585,True
head_only,2,2177,129,1.0,0.0016,True
full,2,353,353,1.0,1.0,True
full,3,545,545,1.0,1.0,True
full,1,353,353,1.0,1.0,True
full,3,545,545,1.0,1.0,True
full,3,3713,3713,1.0,1.0,True
full,4,209,209,1.0,1.0,True
head_only,5,545,17,0.63425,0.2399,False
head_only,3,137,9,0.87975,0.2663,False
full,1,545,545,1.0,1.0,True
head_only,3,1089,17,0.871,0.1453,False
subspace,2,51713,64,1.0,0.1968,True
full,4,1089,1089,1.0,1.0,True
full,2,273,273,1.0,1.0,True
head_only,1,1089,65,1.0,1.0,True
head_only,2,1089,17,0.25075,0.3954,False
head_only,1,5249,65,1.0,1.0,True
head_only,3,51713,129,0.38375,0.0226,False
full,1,3713,3713,1.0,1.0,True
head_only,5,3713,33,0.55975,0.3145,False
full,2,137,137,1.0,1.0,True
head_only,4,1089,17,0.74875,0.1402,False
head_only,1,5249,65,1.0,0.9995,True
head_only,2,353,9,0.24325,0.1904,False
head_only,5,2177,129,0.5925,0.0,False
head_only,4,51713,129,0.63275,0.0,False
head_only,1,1601,33,1.0,0.9903,True
full,1,18689,18689,1.0,1.0,True
head_only,5,51713,129,0.52775,0.0,False
head_only,4,2177,129,0.5045,0.0,False
full,3,1089,1089,1.0,1.0,True
head_only,5,1601,33,0.49925,0.0,False
head_only,3,273,17,0.63375,0.0599,False
full,4,545,545,1.0,1.0,True
full,4,137,137,1.0,0.0804,True
head_only,5,2177,129,1.0,0.0,True
full,3,1089,1089,1.0,1.0,True
head_only,1,18689,129,1.0,1.0,True
full,3,1089,1089,1.0,1.0,True
head_only,5,51713,129,0.567,0.0,False
head_only,1,13569,65,1.0,1.0,True
full,1,545,545,1.0,1.0,True
head_only,3,51713,129,1.0,0.1015,True
head_only,3,1089,17,0.5,0.1759,False
full,3,137,137,1.0,1.0,True
full,2,353,353,1.0,1.0,True
head_only,4,137,9,0.68725,0.1753,False
full,5,51713,51713,1.0,1.0,True
head_only,4,3713,33,0.62625,0.2602,False
head_only,1,2177,129,1.0,1.0,True
head_only,5,51713,129,0.77775,0.0939,False
head_only,2,18689,129,1.0,0.0,True
head_only,3,3713,33,1.0,0.0,True
head_only,1,1089,17,1.0,0.5255,True
full,4,1089,1089,1.0,1.0,True
head_only,2,13569,65,1.0,0.3222,True
full,4,5249,5249,1.0,1.0,True
subspace,2,51713,64,1.0,0.0923,True
full,1,13569,13569,1.0,1.0,True
full,5,1601,1601,1.0,1.0,True
head_only,4,137,9,0.501,0.1819,False
full,1,137,137,1.0,1.0,True
full,2,13569,13569,1.0,1.0,True
head_only,4,3713,33,0.49325,0.263,False
subspace,4,51713,1024,1.0,0.9925,True
head_only,3,51713,129,0.878,0.0,False
head_only,4,545,33,0.48425,0.0,False
head_only,2,137,9,0.7495,0.2084,False
head_only,1,209,9,1.0,0.5738,True
full,4,51713,51713,1.0,1.0,True
head_only,5,5249,65,0.9025,0.0066,False
full,1,51713,51713,1.0,1.0,True
head_only,3,1089,65,0.74975,0.0,False
full,3,18689,18689,1.0,1.0,True
head_only,2,51713,129,1.0,0.2892,True
head_only,1,2177,129,1.0,1.0,True
full,2,1089,1089,1.0,1.0,True
head_only,2,545,17,1.0,0.1087,True
head_only,2,273,17,1.0,0.1502,True
head_only,4,545,33,0.88325,0.0128,False
full,4,545,545,1.0,1.0,True
full,4,353,353,0.939,1.0,False
head_only,3,18689,129,1.0,0.0,True
head_only,1,18689,129,1.0,0.9983,True
full,3,3713,3713,1.0,1.0,True
head_only,5,13569,65,0.68725,0.2153,False
head_only,2,1089,65,1.0,0.3156,True
head_only,3,1089,17,0.88075,0.004,False
head_only,1,13569,65,1.0,1.0,True
head_only,4,1089,17,0.4465,0.0442,False
head_only,3,137,9,0.61575,0.2261,False
head_only,1,353,9,1.0,0.5124,True
head_only,4,1601,33,0.431,0.0125,False
head_only,5,2177,129,1.0,0.0,True
full,4,5249,5249,1.0,1.0,True
head_only,5,353,9,0.48175,0.2726,False
full,1,5249,5249,1.0,1.0,True
full,3,1089,1089,1.0,1.0,True
head_only,5,51713,129,1.0,0.0,True
head_only,5,13569,65,0.57375,0.0,False
full,1,545,545,1.0,1.0,True
full,4,353,353,1.0,0.4453,True
full,4,5249,5249,1.0,1.0,True
full,1,1601,1601,1.0,1.0,True
head_only,5,1089,17,0.5315,0.0938,False
head_only,5,545,33,0.50325,0.0,False
head_only,1,5249,65,1.0,0.949,True
head_only,3,353,9,0.62825,0.385,False
head_only,2,51713,129,1.0,0.0,True
full,1,13569,13569,1.0,1.0,True
full,5,13569,13569,1.0,1.0,True
head_only,5,209,9,0.5665,0.4063,False
full,3,545,545,1.0,1.0,True
full,4,545,545,1.0,1.0,True
head_only,5,5249,65,0.5275,0.0,False
full,5,2177,2177,1.0,1.0,True
full,4,545,545,1.0,1.0,True
full,2,137,137,1.0,1.0,True
head_only,5,1601,33,0.52875,0.0,False
head_only,4,1089,65,0.569,0.0,False
head_only,4,1089,65,0.5575,0.0,False
full,5,545,545,1.0,1.0,True
head_only,4,137,9,0.5735,0.0924,False
head_only,3,3713,33,0.8795,0.0132,False
full,5,5249,5249,1.0,1.0,True
full,3,545,545,1.0,1.0,True
head_only,3,545,17,0.75025,0.0085,False
head_only,4,18689,129,0.62275,0.0,False
full,5,545,545,1.0,1.0,True
subspace,1,51713,1024,1.0,1.0,True
full,3,2177,2177,1.0,1.0,True
head_only,3,2177,129,1.0,0.0,True
head_only,1,545,33,1.0,0.9586,True
head_only,1,209,9,1.0,0.8167,True
full,1,545,545,1.0,1.0,True
full,2,2177,2177,1.0,1.0,True
head_only,1,2177,129,1.0,1.0,True
head_only,5,545,33,0.528,0.0,False
subspace,5,51713,1024,1.0,0.0004,True
subspace,2,51713,64,1.0,0.0261,True
head_only,4,1089,65,0.5575,0.0,False
full,2,18689,18689,1.0,1.0,True
full,3,1089,1089,1.0,1.0,True
full,1,545,545,1.0,1.0,True
head_only,2,51713,129,1.0,0.0,True
head_only,4,1089,17,0.67325,0.2293,False
head_only,1,5249,65,1.0,0.9995,True
head_only,4,2177,129,1.0,0.0,True
head_only,5,1601,33,0.578,0.0,False
head_only,2,1601,33,1.0,0.0,True
head_only,5,353,9,0.5075,0.3,False
full,2,13569,13569,1.0,1.0,True
head_only,3,353,9,0.51025,0.3003,False
head_only,4,353,9,0.4435,0.3001,False
full,4,1089,1089,1.0,1.0,True
full,2,3713,3713,1.0,1.0,True
head_only,1,353,9,1.0,0.477,True
full,5,353,353,1.0,1.0,True
head_only,1,2177,129,1.0,1.0,True
head_only,1,137,9,1.0,0.5527,True
head_only,3,137,9,0.63675,0.1666,False
full,3,545,545,1.0,1.0,True
head_only,5,51713,129,0.527,0.0,False
full,5,18689,18689,1.0,1.0,True
head_only,3,2177,129,1.0,0.0,True
full,4,18689,18689,1.0,1.0,True
full,5,5249,5249,1.0,1.0,True
full,2,1089,1089,1.0,1.0,True
head_only,1,353,9,0.5,0.4805,False
full,2,13569,13569,1.0,1.0,True
head_only,2,1089,65,1.0,0.2251,True
full,2,2177,2177,1.0,1.0,True
full,2,5249,5249,1.0,1.0,True
subspace,5,51713,1024,1.0,0.0,True
full,3,137,137,1.0,1.0,True
full,4,273,273,1.0,1.0,True
head_only,4,545,17,0.69275,0.2471,False
full,2,545,545,1.0,1.0,True
head_only,2,545,17,1.0,0.2427,True
head_only,1,209,9,1.0,0.5376,True
head_only,3,353,9,0.502,0.1982,False
head_only,5,545,33,0.429,0.0023,False
full,1,2177,2177,1.0,1.0,True
head_only,1,273,17,1.0,0.8707,True
full,3,18689,18689,1.0,1.0,True
head_only,5,5249,65,1.0,0.0001,True
full,3,353,353,1.0,1.0,True
head_only,3,545,17,0.87275,0.1173,False
full,3,209,209,1.0,1.0,True
full,5,545,545,1.0,1.0,True
head_only,4,1601,33,0.49675,0.0037,False
full,1,5249,5249,1.0,1.0,True
head_only,3,1089,65,1.0,0.0,True
full,3,18689,18689,1.0,1.0,True
head_only,3,545,17,0.62175,0.0164,False
head_only,3,3713,33,0.63725,0.0001,False
full,1,13569,13569,1.0,1.0,True
head_only,1,18689,129,1.0,1.0,True
full,4,137,137,1.0,1.0,True
head_only,5,273,17,0.51375,0.1018,False
full,4,51713,51713,1.0,1.0,True
head_only,3,1089,17,0.756,0.3946,False
full,1,1601,1601,1.0,1.0,True
head_only,3,1089,17,0.749,0.1889,False
full,1,1089,1089,1.0,1.0,True
head_only,1,5249,65,1.0,1.0,True
full,2,1601,1601,1.0,1.0,True
head_only,5,1089,65,0.5395,0.0,False
full,2,18689,18689,1.0,1.0,True
full,5,545,545,1.0,1.0,True
head_only,3,51713,129,0.511,0.0127,False
full,4,1601,1601,1.0,1.0,True
head_only,1,1601,33,1.0,0.8611,True
full,5,18689,18689,1.0,1.0,True
head_only,3,1601,33,1.0,0.0194,True
head_only,1,18689,129,1.0,0.9942,True
full,1,18689,18689,1.0,1.0,True
full,5,273,273,1.0,0.0,True
head_only,1,209,9,1.0,0.5935,True
full,4,353,353,1.0,1.0,True
full,1,2177,2177,1.0,1.0,True
full,1,3713,3713,1.0,1.0,True
head_only,5,209,9,0.5045,0.2174,False
full,3,1089,1089,1.0,1.0,True
subspace,3,51713,1,0.5,0.5042,False
head_only,2,18689,129,1.0,0.0005,True
head_only,3,2177,129,1.0,0.0,True
head_only,2,545,17,1.0,0.0005,True
head_only,3,273,17,0.878,0.0024,False
head_only,5,1089,17,0.5,0.3549,False
full,3,1089,1089,1.0,1.0,True
full,4,3713,3713,1.0,1.0,True
full,3,2177,2177,1.0,1.0,True
head_only,4,545,17,0.7515,0.0988,False
head_only,2,1601,33,1.0,0.0,True
full,5,18689,18689,1.0,1.0,True
full,3,209,209,1.0,1.0,True
subspace,1,51713,64,1.0,0.9864,True
head_only,2,209,9,0.755,0.397,False
full,4,1089,1089,1.0,1.0,True
head_only,5,18689,129,1.0,0.0,True
head_only,1,209,9,1.0,0.6814,True
full,2,273,273,1.0,1.0,True
full,5,545,545,1.0,1.0,True
full,2,1089,1089,1.0,1.0,True
head_only,2,13569,65,1.0,0.0,True
full,2,13569,13569,1.0,1.0,True
head_only,5,545,17,0.53,0.0989,False
head_only,5,2177,129,0.5645,0.0,False
full,2,1601,1601,1.0,1.0,True
head_only,3,3713,33,1.0,0.0123,True
full,3,18689,18689,1.0,1.0,True
full,2,273,273,1.0,1.0,True
head_only,4,137,9,0.4225,0.1878,False
head_only,1,18689,129,1.0,1.0,True
full,3,545,545,1.0,1.0,True
full,3,273,273,1.0,1.0,True
full,2,2177,2177,1.0,1.0,True
full,1,137,137,1.0,1.0,True
full,1,545,545,1.0,1.0,True
full,2,1601,1601,1.0,1.0,True
head_only,3,5249,65,0.88,0.0,False
head_only,5,13569,65,0.90525,0.001,False
subspace,2,51713,4,0.5,0.494,False
full,3,1601,1601,1.0,1.0,True
full,2,18689,18689,1.0,1.0,True
head_only,1,51713,129,1.0,1.0,True
full,5,545,545,1.0,1.0,True
head_only,1,13569,65,1.0,0.7576,True
full,1,3713,3713,1.0,1.0,True
head_only,4,545,17,0.5555,0.0901,False
full,5,545,545,1.0,1.0,True
full,4,1089,1089,1.0,1.0,True
full,4,18689,18689,1.0,1.0,True
head_only,4,209,9,0.49675,0.0588,False
head_only,3,137,9,0.88,0.3055,False
full,5,3713,3713,1.0,1.0,True
full,5,1089,1089,1.0,1.0,True
full,1,545,545,1.0,1.0,True
head_only,4,273,17,0.562,0.0662,False
full,5,545,545,1.0,1.0,True
head_only,3,545,33,1.0,0.0,True
full,4,2177,2177,1.0,1.0,True
head_only,3,2177,129,1.0,0.0,True
head_only,3,3713,33,0.5,0.2582,False
subspace,4,51713,1024,1.0,0.9636,True
head_only,1,545,17,1.0,0.6985,True
head_only,5,13569,65,0.4935,0.0,False
full,2,2177,2177,1.0,1.0,True
head_only,4,1089,17,0.55875,0.0832,False
head_only,3,273,17,1.0,0.0007,True
subspace,5,51713,1,0.4065,0.5289,False
head_only,1,18689,129,1.0,1.0,True
full,3,545,545,1.0,1.0,True
full,5,545,545,1.0,1.0,True
full,2,2177,2177,1.0,1.0,True
full,2,1089,1089,1.0,1.0,True
full,2,1089,1089,1.0,1.0,True
head_only,3,51713,129,0.50075,0.0161,False
head_only,2,5249,65,1.0,0.1834,True
head_only,2,209,9,1.0,0.2698,True
head_only,3,13569,65,1.0,0.0012,True
full,5,51713,51713,1.0,1.0,True
full,3,273,273,1.0,1.0,True
head_only,2,137,9,1.0,0.2746,True
head_only,2,1089,65,1.0,0.205,True
full,3,353,353,1.0,1.0,True
head_only,3,273,17,0.5,0.0745,False
head_only,4,545,17,0.47775,0.0083,False
head_only,4,137,9,0.69875,0.2481,False
head_only,4,353,9,0.47925,0.1854,False
full,1,1089,1089,1.0,1.0,True
head_only,1,209,9,1.0,0.2497,True
full,3,2177,2177,1.0,1.0,True
full,4,137,137,1.0,1.0,True
full,5,545,545,1.0,1.0,True
full,3,3713,3713,1.0,1.0,True
head_only,4,545,33,1.0,0.0037,True
head_only,1,1089,65,1.0,1.0,True
head_only,3,545,33,0.4985,0.0018,False
full,2,13569,13569,1.0,1.0,True
full,5,2177,2177,1.0,1.0,True
head_only,3,1089,17,0.5,0.3173,False
head_only,1,545,33,1.0,1.0,True
full,5,1089,1089,1.0,1.0,True
subspace,4,51713,16,0.55875,0.1296,False
full,2,3713,3713,1.0,1.0,True
full,2,5249,5249,1.0,1.0,True
head_only,5,209,9,0.46075,0.3013,False
full,4,545,545,1.0,1.0,True
full,3,545,545,1.0,1.0,True
full,3,1089,1089,1.0,1.0,True
full,3,18689,18689,1.0,1.0,True
head_only,2,545,17,1.0,0.2472,True
full,4,1089,1089,1.0,1.0,True
head_only,2,3713,33,1.0,0.0142,True
head_only,1,273,17,1.0,0.9514,True
full,4,1089,1089,1.0,0.7369,True
head_only,3,51713,129,1.0,0.0,True
head_only,2,137,9,1.0,0.304,True
head_only,1,13569,65,1.0,0.9975,True
full,1,273,273,1.0,1.0,True
head_only,5,545,33,0.62375,0.0,False
full,1,51713,51713,1.0,1.0,True
full,4,2177,2177,1.0,1.0,True
full,5,51713,51713,1.0,1.0,True
full,5,51713,51713,1.0,1.0,True
head_only,3,2177,129,1.0,0.0,True
head_only,2,1089,17,1.0,0.2047,True
head_only,4,1089,65,1.0,0.0002,True
head_only,3,5249,65,1.0,0.0009,True
head_only,3,273,17,0.88075,0.0,False
full,2,18689,18689,1.0,1.0,True
full,1,137,137,1.0,1.0,True
head_only,4,1089,17,0.5,0.2525,False
full,2,1601,1601,1.0,1.0,True
subspace,5,51713,16,0.57475,0.1591,False
head_only,1,353,9,1.0,0.4743,True
head_only,4,1089,17,0.62275,0.0724,False
full,5,353,353,1.0,1.0,True
full,2,18689,18689,1.0,1.0,True
head_only,2,273,17,1.0,0.1187,True
head_only,2,353,9,0.24825,0.2411,False
full,4,13569,13569,1.0,1.0,True
head_only,2,273,17,1.0,0.1187,True
head_only,1,18689,129,1.0,1.0,True
head_only,5,545,33,0.6015,0.0002,False
full,1,273,273,1.0,1.0,True
head_only,5,1089,65,0.59275,0.0,False
full,4,3713,3713,1.0,1.0,True
head_only,4,545,33,0.88325,0.0128,False
full,3,353,353,1.0,1.0,True
head_only,3,13569,65,1.0,0.1895,True
full,3,1601,1601,1.0,1.0,True
head_only,3,137,9,0.6215,0.16,False
head_only,5,13569,65,0.501,0.0,False
full,2,273,273,1.0,1.0,True
full,5,1601,1601,1.0,1.0,True
subspace,3,51713,4,0.5,0.4461,False
full,3,3713,3713,1.0,1.0,True
full,2,51713,51713,1.0,1.0,True
head_only,2,273,17,1.0,0.0684,True
head_only,2,3713,33,1.0,0.0852,True
full,4,51713,51713,1.0,1.0,True
full,5,209,209,1.0,1.0,True
head_only,4,3713,33,0.607,0.312,False
full,1,273,273,1.0,1.0,True
head_only,3,3713,33,1.0,0.0002,True
full,3,1089,1089,1.0,1.0,True
full,3,1601,1601,1.0,1.0,True
full,1,273,273,1.0,1.0,True
full,4,545,545,1.0,1.0,True
head_only,2,2177,129,1.0,0.0012,True
head_only,4,209,9,0.42525,0.1224,False
head_only,4,209,9,0.68975,0.2691,False
head_only,3,1601,33,1.0,0.0035,True
head_only,3,353,9,0.6245,0.1537,False
full,3,18689,18689,1.0,1.0,True
full,2,545,545,1.0,1.0,True
head_only,2,353,9,0.5015,0.1802,False
full,1,3713,3713,1.0,1.0,True
head_only,4,1089,17,0.4965,0.1792,False
full,1,1601,1601,1.0,1.0,True
full,5,13569,13569,1.0,1.0,True
head_only,3,209,9,0.63175,0.3185,False
full,3,1089,1089,1.0,1.0,True
head_only,1,545,33,1.0,0.987,True
full,5,209,209,1.0,1.0,True
head_only,2,2177,129,1.0,0.8537,True
full,3,1601,1601,1.0,1.0,True
head_only,4,13569,65,0.743,0.1358,False
subspace,2,51713,16,1.0,0.1844,True
head_only,5,1089,65,0.5605,0.0,False
full,5,353,353,1.0,0.0663,True
head_only,1,2177,129,1.0,1.0,True
full,5,5249,5249,1.0,1.0,True
head_only,1,1089,17,1.0,0.5264,True
head_only,1,5249,65,1.0,0.9074,True
full,4,137,137,1.0,1.0,True
head_only,3,209,9,0.64425,0.3086,False
head_only,1,1089,65,1.0,1.0,True
full,1,545,545,1.0,1.0,True
head_only,2,13569,65,1.0,0.0,True
head_only,1,2177,129,1.0,1.0,True
head_only,3,137,9,0.87675,0.0541,False
head_only,5,13569,65,0.5925,0.195,False
full,3,137,137,1.0,1.0,True
head_only,3,545,33,0.3765,0.0074,False
full,5,3713,3713,1.0,1.0,True
head_only,5,353,9,0.6325,0.43,False
full,3,18689,18689,1.0,1.0,True
head_only,5,137,9,0.5,0.16,False
head_only,1,353,9,1.0,0.6253,True
full,2,5249,5249,1.0,1.0,True
head_only,5,273,17,0.5355,0.0004,False
subspace,5,51713,4,0.5,0.3257,False
head_only,4,545,33,0.49575,0.0017,False
full,4,545,545,1.0,1.0,True
head_only,4,1089,17,0.62025,0.1957,False
head_only,1,18689,129,1.0,1.0,True
subspace,5,51713,16,0.5545,0.1276,False
full,3,51713,51713,1.0,1.0,True
full,2,5249,5249,1.0,1.0,True
full,5,13569,13569,1.0,1.0,True
head_only,2,1601,33,1.0,0.0,True
head_only,1,545,17,1.0,0.632,True
head_only,5,545,17,0.5625,0.0015,False
full,2,545,545,1.0,1.0,True
head_only,2,13569,65,0.48725,0.1303,False
full,2,2177,2177,1.0,1.0,True
full,3,51713,51713,1.0,1.0,True
head_only,5,1089,65,0.93225,0.0001,False
head_only,5,209,9,0.45975,0.2451,False
head_only,3,1601,33,1.0,0.0,True
full,4,273,273,1.0,1.0,True
full,5,273,273,1.0,0.026,True
full,3,1089,1089,1.0,1.0,True
head_only,5,2177,129,0.534,0.0,False
head_only,4,5249,65,0.49775,0.0,False
head_only,2,51713,129,1.0,0.0409,True
head_only,3,545,33,0.5015,0.0048,False
head_only,3,1089,65,1.0,0.0004,True
head_only,2,5249,65,1.0,0.2517,True
head_only,3,353,9,0.74975,0.2454,False
full,3,3713,3713,1.0,1.0,True
head_only,4,1601,33,0.4935,0.0,False
head_only,4,51713,129,1.0,0.0,True
head_only,3,209,9,0.6265,0.1822,False
full,5,5249,5249,1.0,1.0,True
full,3,1089,1089,1.0,1.0,True
full,2,51713,51713,1.0,1.0,True
head_only,2,137,9,0.50425,0.1045,False
head_only,1,3713,33,1.0,0.5204,True
full,1,137,137,1.0,1.0,True
full,2,353,353,1.0,1.0,True
full,3,1089,1089,1.0,1.0,True
head_only,2,273,17,1.0,0.0003,True
full,3,1601,1601,1.0,1.0,True
full,5,545,545,1.0,1.0,True
head_only,5,5249,65,0.571,0.0,False
full,3,545,545,1.0,1.0,True
full,2,1089,1089,1.0,1.0,True
head_only,3,1089,65,1.0,0.0002,True
full,5,273,273,1.0,1.0,True
full,1,18689,18689,1.0,1.0,True
head_only,3,137,9,0.755,0.1864,False
head_only,3,353,9,0.3755,0.2208,False
full,1,51713,51713,1.0,0.9999,True
full,1,51713,51713,1.0,1.0,True
head_only,3,273,17,0.88,0.0,False
full,3,3713,3713,1.0,1.0,True
head_only,4,209,9,0.6045,0.2294,False
head_only,1,5249,65,1.0,1.0,True
head_only,2,13569,65,1.0,0.0875,True
head_only,1,5249,65,1.0,0.9935,True
head_only,2,137,9,0.50425,0.1045,False
head_only,1,5249,65,1.0,0.9998,True
full,3,209,209,1.0,1.0,True
full,3,353,353,1.0,1.0,True
head_only,4,3713,33,0.559,0.0,False
full,5,1089,1089,1.0,1.0,True
full,4,545,545,1.0,1.0,True
full,5,13569,13569,1.0,1.0,True
head_only,1,209,9,1.0,0.5522,True
full,4,1601,1601,1.0,1.0,True
full,4,273,273,1.0,1.0,True
full,3,209,209,1.0,1.0,True
head_only,1,18689,129,1.0,1.0,True
head_only,2,545,17,1.0,0.0002,True
full,4,273,273,1.0,1.0,True
full,3,1601,1601,1.0,1.0,True
full,4,3713,3713,1.0,1.0,True
full,4,1089,1089,1.0,1.0,True
head_only,1,545,17,1.0,0.8321,True
head_only,1,545,33,1.0,0.9972,True
head_only,4,545,33,0.485,0.0008,False
full,3,5249,5249,1.0,1.0,True
head_only,4,13569,65,0.5,0.1709,False
head_only,4,545,33,1.0,0.0009,True
full,2,18689,18689,1.0,1.0,True
full,2,3713,3713,1.0,1.0,True
head_only,4,1089,65,0.6775,0.0,False
head_only,1,273,17,1.0,0.5777,True
full,1,137,137,1.0,1.0,True
full,2,137,137,1.0,1.0,True
full,5,353,353,1.0,1.0,True
full,5,137,137,1.0,0.0,True
full,5,3713,3713,1.0,1.0,True
head_only,2,5249,65,1.0,0.1694,True
full,3,353,353,1.0,1.0,True
head_only,2,51713,129,1.0,0.0102,True
full,5,545,545,1.0,1.0,True
full,3,3713,3713,1.0,1.0,True
head_only,5,137,9,0.569,0.1918,False
full,2,353,353,1.0,1.0,True
full,4,18689,18689,1.0,1.0,True
full,2,13569,13569,1.0,1.0,True
head_only,4,3713,33,0.6885,0.0,False
head_only,2,3713,33,1.0,0.0817,True
full,1,273,273,1.0,1.0,True
full,5,13569,13569,1.0,1.0,True
head_only,3,209,9,0.87125,0.3922,False
head_only,1,13569,65,1.0,0.5611,True
full,2,2177,2177,1.0,1.0,True
head_only,2,18689,129,1.0,0.2497,True
head_only,1,209,9,1.0,0.5355,True
head_only,3,3713,33,0.76,0.3741,False
head_only,4,51713,129,0.618,0.0,False
full,3,1601,1601,1.0,1.0,True
full,2,209,209,1.0,1.0,True
head_only,4,5249,65,0.634,0.0,False
head_only,1,209,9,1.0,0.6154,True
full,1,1601,1601,1.0,1.0,True
full,4,1089,1089,1.0,1.0,True
full,1,3713,3713,1.0,1.0,True
full,2,5249,5249,1.0,1.0,True
head_only,2,545,33,1.0,0.0,True
full,5,1089,1089,1.0,1.0,True
head_only,1,13569,65,1.0,0.9707,True
head_only,5,5249,65,0.5265,0.0,False
full,3,273,273,1.0,1.0,True
full,5,353,353,1.0,1.0,True
full,1,5249,5249,1.0,1.0,True
full,5,51713,51713,1.0,1.0,True
full,1,273,273,1.0,1.0,True
full,1,545,545,1.0,1.0,True
full,4,5249,5249,1.0,1.0,True
full,5,1089,1089,1.0,1.0,True
full,4,209,209,1.0,1.0,True
head_only,5,545,33,0.71375,0.0011,False
full,4,1601,1601,1.0,1.0,True
full,3,545,545,1.0,1.0,True
head_only,1,51713,129,1.0,1.0,True
full,5,51713,51713,1.0,1.0,True
full,4,545,545,1.0,1.0,True
full,5,545,545,1.0,1.0,True
head_only,4,5249,65,1.0,0.0001,True
head_only,4,1601,33,0.68775,0.0,False
head_only,1,3713,33,1.0,0.8707,True
full,1,13569,13569,1.0,1.0,True
full,1,353,353,1.0,1.0,True
head_only,3,353,9,0.5,0.2002,False
head_only,2,209,9,1.0,0.1907,True
head_only,1,1089,17,1.0,0.8916,True
head_only,4,209,9,0.55025,0.2713,False
head_only,4,2177,129,0.62275,0.0,False
full,5,1089,1089,1.0,1.0,True
subspace,3,51713,256,1.0,0.0089,True
full,1,273,273,1.0,1.0,True
full,3,5249,5249,1.0,1.0,True
head_only,5,137,9,0.54825,0.2268,False
full,2,3713,3713,1.0,1.0,True
full,4,273,273,1.0,1.0,True
head_only,1,5249,65,1.0,1.0,True
subspace,2,51713,1024,1.0,1.0,True
full,5,209,209,1.0,1.0,True
head_only,5,2177,129,1.0,0.0,True
head_only,4,13569,65,0.7395,0.0,False
head_only,2,545,17,1.0,0.1457,True
head_only,4,13569,65,0.629,0.0,False
head_only,3,3713,33,0.5095,0.02,False
head_only,3,1601,33,0.62775,0.0024,False
full,5,273,273,1.0,1.0,True
full,4,2177,2177,1.0,1.0,True
head_only,2,51713,129,1.0,0.3321,True
head_only,5,2177,129,0.55375,0.0,False
full,5,3713,3713,1.0,1.0,True
head_only,5,2177,129,0.54575,0.0,False
head_only,4,13569,65,0.50425,0.0,False
head_only,1,1089,17,1.0,0.504,True
full,1,1601,1601,1.0,1.0,True
head_only,2,2177,129,1.0,0.7173,True
full,1,1601,1601,1.0,1.0,True
head_only,2,3713,33,1.0,0.0391,True
full,4,5249,5249,1.0,1.0,True
full,2,51713,51713,1.0,1.0,True
full,5,3713,3713,1.0,1.0,True
head_only,4,545,17,0.5605,0.0857,False
head_only,3,545,33,1.0,0.0,True
head_only,1,545,17,1.0,0.9795,True
head_only,1,18689,129,1.0,1.0,True
full,1,545,545,1.0,1.0,True
subspace,1,51713,64,1.0,0.9845,True
head_only,5,137,9,0.60125,0.1622,False
full,4,18689,18689,1.0,1.0,True
head_only,4,1601,33,0.50675,0.0,False
full,4,545,545,1.0,1.0,True
full,4,209,209,1.0,1.0,True
head_only,1,18689,129,1.0,1.0,True
full,1,18689,18689,1.0,1.0,True
full,2,353,353,1.0,1.0,True
full,4,51713,51713,1.0,1.0,True
head_only,5,13569,65,0.53475,0.0,False
head_only,5,5249,65,0.47025,0.0025,False
head_only,5,353,9,0.5355,0.1432,False
head_only,4,137,9,0.43425,0.2418,False
full,1,13569,13569,1.0,1.0,True
full,5,353,353,1.0,1.0,True
head_only,3,1601,33,1.0,0.0091,True
head_only,2,545,33,1.0,0.2613,True
full,2,13569,13569,1.0,1.0,True
head_only,5,273,17,0.52575,0.0717,False
head_only,1,18689,129,1.0,1.0,True
head_only,1,51713,129,1.0,1.0,True
head_only,1,2177,129,1.0,1.0,True
head_only,5,353,9,0.5,0.4611,False
full,2,3713,3713,1.0,1.0,True
head_only,3,273,17,1.0,0.102,True
head_only,3,1089,17,0.62775,0.1279,False
head_only,2,1089,65,1.0,0.3156,True
head_only,3,51713,129,0.62625,0.0,False
full,2,13569,13569,1.0,1.0,True
full,3,13569,13569,1.0,1.0,True
head_only,2,273,17,1.0,0.0016,True
head_only,1,1601,33,1.0,0.9616,True
full,5,51713,51713,1.0,1.0,True
head_only,2,5249,65,1.0,0.0943,True
head_only,2,545,17,1.0,0.0084,True
full,3,353,353,1.0,1.0,True
subspace,3,51713,1024,1.0,0.9999,True
head_only,4,353,9,0.4485,0.2124,False
full,3,137,137,1.0,1.0,True
head_only,5,1089,17,0.49725,0.0026,False
head_only,4,273,17,0.7615,0.1246,False
head_only,2,273,17,1.0,0.1642,True
head_only,1,1089,65,1.0,1.0,True
head_only,3,18689,129,1.0,0.0044,True
head_only,1,353,9,1.0,0.554,True
full,2,1601,1601,1.0,1.0,True
head_only,5,1089,65,0.5685,0.0,False
full,4,545,545,1.0,1.0,True
head_only,2,51713,129,1.0,0.0,True
head_only,1,1089,65,1.0,1.0,True
head_only,3,137,9,1.0,0.2475,True
full,2,51713,51713,1.0,1.0,True
head_only,1,545,17,1.0,0.7807,True
full,2,51713,51713,1.0,1.0,True
head_only,3,545,17,0.74625,0.038,False
head_only,3,13569,65,0.502,0.0976,False
head_only,4,545,17,0.73825,0.1284,False
full,4,18689,18689,1.0,1.0,True
head_only,2,1089,17,1.0,0.2191,True
full,4,1601,1601,1.0,1.0,True
full,1,545,545,1.0,1.0,True
full,4,545,545,1.0,1.0,True
head_only,5,545,33,0.8255,0.0163,False
head_only,1,137,9,1.0,0.6783,True
head_only,5,545,33,0.466,0.0,False
full,3,2177,2177,1.0,1.0,True
head_only,4,3713,33,0.4995,0.0109,False
head_only,5,5249,65,0.85125,0.0312,False
head_only,5,18689,129,1.0,0.0,True
head_only,4,545,33,0.48525,0.0,False
head_only,3,545,17,0.75175,0.0876,False
head_only,3,2177,129,0.8755,0.0,False
head_only,5,1601,33,0.5305,0.0,False
full,5,5249,5249,1.0,1.0,True
full,1,1089,1089,1.0,1.0,True
head_only,2,3713,33,1.0,0.0,True
full,4,18689,18689,1.0,1.0,True
head_only,5,273,17,0.5025,0.0607,False
full,5,137,137,0.971,0.5119,True
full,5,5249,5249,1.0,1.0,True
full,1,353,353,1.0,1.0,True
head_only,4,2177,129,0.42125,0.0,False
full,1,545,545,1.0,1.0,True
head_only,5,545,17,0.566,0.0703,False
full,2,273,273,1.0,1.0,True
full,3,273,273,1.0,1.0,True
full,2,18689,18689,1.0,1.0,True
head_only,3,13569,65,1.0,0.0011,True
full,4,1601,1601,1.0,1.0,True
full,3,545,545,1.0,1.0,True
full,1,1601,1601,1.0,1.0,True
head_only,4,18689,129,1.0,0.0019,True
full,2,1089,1089,1.0,1.0,True
full,5,209,209,1.0,0.0,True
head_only,3,209,9,0.756,0.2331,False
head_only,5,5249,65,0.497,0.0,False
head_only,3,545,17,0.63675,0.1329,False
full,2,273,273,1.0,1.0,True
head_only,2,2177,129,1.0,0.61,True
head_only,5,1089,65,1.0,0.0,True
full,2,137,137,1.0,1.0,True
full,2,51713,51713,1.0,1.0,True
head_only,2,3713,33,1.0,0.2775,True
head_only,2,545,17,1.0,0.329,True
head_only,5,545,17,0.4655,0.0922,False
subspace,3,51713,256,1.0,0.0001,True
head_only,4,353,9,0.5,0.4628,False
head_only,1,545,33,1.0,0.9821,True
head_only,2,545,17,1.0,0.1611,True
head_only,3,13569,65,1.0,0.0,True
head_only,2,273,17,1.0,0.0566,True
full,1,353,353,1.0,1.0,True
head_only,5,209,9,0.475,0.1194,False
full,4,273,273,1.0,1.0,True
head_only,5,209,9,0.43425,0.2375,False
head_only,1,18689,129,1.0,1.0,True
head_only,3,545,33,1.0,0.0214,True
full,2,13569,13569,1.0,1.0,True
full,3,13569,13569,1.0,1.0,True
full,2,1601,1601,1.0,1.0,True
full,3,13569,13569,1.0,1.0,True
head_only,1,273,17,1.0,0.925,True
full,2,353,353,1.0,1.0,True
head_only,4,353,9,0.567,0.1858,False
head_only,3,209,9,0.24775,0.2155,False
head_only,5,545,33,0.62725,0.0,False
full,2,18689,18689,1.0,1.0,True
full,5,545,545,1.0,1.0,True
head_only,5,1601,33,0.503,0.0381,False
subspace,4,51713,64,1.0,0.0,True
full,5,2177,2177,1.0,1.0,True
head_only,4,2177,129,1.0,0.0,True
full,3,273,273,1.0,1.0,True
full,2,1089,1089,1.0,1.0,True
head_only,2,1089,17,1.0,0.0062,True
full,4,18689,18689,1.0,1.0,True
full,5,545,545,1.0,1.0,True
full,2,273,273,1.0,1.0,True
full,2,2177,2177,1.0,1.0,True
full,4,1601,1601,1.0,1.0,True
subspace,1,51713,64,1.0,0.9918,True
full,5,3713,3713,1.0,1.0,True
full,3,273,273,1.0,1.0,True
full,2,5249,5249,1.0,1.0,True
head_only,5,13569,65,0.561,0.0991,False
head_only,4,3713,33,0.558,0.2931,False
head_only,5,2177,129,1.0,0.0,True
full,2,545,545,1.0,1.0,True
full,2,273,273,1.0,1.0,True
subspace,3,51713,1024,1.0,0.9999,True
full,2,1601,1601,1.0,1.0,True
full,5,353,353,1.0,1.0,True
full,1,5249,5249,1.0,1.0,True
full,4,1601,1601,1.0,1.0,True
head_only,4,545,17,0.761,0.1582,False
head_only,2,273,17,1.0,0.1655,True
full,5,1601,1601,1.0,1.0,True
full,1,1089,1089,1.0,1.0,True
head_only,5,137,9,0.46575,0.1581,False
head_only,1,353,9,1.0,0.2676,True
full,3,545,545,1.0,1.0,True
subspace,1,51713,1,1.0,0.8145,True
head_only,4,545,33,0.55025,0.0,False
full,3,1601,1601,1.0,1.0,True
head_only,3,5249,65,0.49,0.0,False
head_only,1,137,9,1.0,0.4514,True
head_only,1,18689,129,1.0,1.0,True
head_only,5,545,33,0.573,0.0,False
head_only,5,545,33,0.78125,0.0116,False
head_only,1,137,9,1.0,0.5527,True
full,4,1601,1601,1.0,1.0,True
full,4,353,353,1.0,0.5618,True
head_only,4,273,17,0.5605,0.0001,False
full,5,5249,5249,1.0,1.0,True
head_only,3,137,9,0.62625,0.1848,False
head_only,3,1089,17,0.75025,0.0458,False
full,2,209,209,1.0,1.0,True
head_only,2,137,9,1.0,0.182,True
head_only,4,353,9,0.688,0.1917,False
head_only,4,137,9,0.43875,0.1021,False
head_only,5,51713,129,0.53475,0.0,False
head_only,5,1089,17,0.5225,0.2009,False
full,2,545,545,1.0,1.0,True
full,2,1089,1089,1.0,1.0,True
full,5,18689,18689,1.0,1.0,True
full,1,353,353,1.0,1.0,True
head_only,5,13569,65,0.6245,0.241,False
head_only,1,273,17,1.0,0.5777,True
head_only,5,2177,129,0.56125,0.0,False
full,2,1089,1089,1.0,1.0,True
head_only,1,273,17,1.0,0.8707,True
head_only,1,1601,33,1.0,0.999,True
head_only,5,545,17,0.43,0.0719,False
head_only,3,273,17,0.74625,0.0022,False
head_only,3,545,17,0.88,0.0229,False
full,1,1601,1601,1.0,1.0,True
head_only,2,137,9,1.0,0.2393,True
head_only,1,545,17,1.0,0.8534,True
head_only,5,273,17,0.60225,0.0138,False
full,4,545,545,1.0,1.0,True
head_only,3,3713,33,0.509,0.3173,False
head_only,4,3713,33,0.816,0.0297,False
subspace,1,51713,256,1.0,1.0,True
head_only,2,5249,65,1.0,0.1203,True
head_only,2,2177,129,1.0,0.6602,True
full,5,353,353,1.0,1.0,True
full,5,273,273,1.0,1.0,True
head_only,1,3713,33,1.0,0.485,True
head_only,2,209,9,1.0,0.0926,True
subspace,1,51713,256,1.0,1.0,True
full,2,545,545,1.0,1.0,True
full,4,5249,5249,1.0,1.0,True
full,5,273,273,1.0,1.0,True
full,5,273,273,1.0,1.0,True
full,4,1089,1089,1.0,1.0,True
full,1,1089,1089,1.0,1.0,True
full,5,273,273,1.0,1.0,True
full,2,1089,1089,1.0,1.0,True
full,5,545,545,1.0,1.0,True
head_only,5,545,33,0.74625,0.0109,False
full,1,18689,18689,1.0,1.0,True
full,1,3713,3713,1.0,1.0,True
head_only,3,545,17,0.749,0.2357,False
full,1,1601,1601,1.0,1.0,True
head_only,1,545,17,1.0,0.9932,True
full,4,5249,5249,1.0,1.0,True
head_only,3,51713,129,1.0,0.0,True
head_only,4,3713,33,0.55875,0.0,False
head_only,3,5249,65,1.0,0.0,True
head_only,1,1089,65,1.0,1.0,True
full,4,353,353,1.0,0.1325,True
full,3,1601,1601,1.0,1.0,True
head_only,4,209,9,0.5545,0.2816,False
head_only,4,51713,129,0.69425,0.0,False
head_only,3,545,17,0.5015,0.0826,False
full,4,18689,18689,1.0,1.0,True
head_only,2,273,17,1.0,0.1502,True
full,2,273,273,1.0,1.0,True
full,1,2177,2177,1.0,1.0,True
head_only,3,51713,129,1.0,0.0,True
head_only,3,137,9,0.88,0.3055,False
head_only,1,545,33,1.0,0.9554,True
head_only,4,545,17,0.50425,0.0386,False
head_only,4,5249,65,0.63675,0.0,False
full,5,2177,2177,1.0,1.0,True
full,4,1601,1601,1.0,1.0,True
full,5,18689,18689,1.0,1.0,True
full,4,1089,1089,1.0,1.0,True
full,1,18689,18689,1.0,1.0,True
full,3,273,273,1.0,1.0,True
full,3,1601,1601,1.0,1.0,True
full,5,353,353,1.0,1.0,True
full,1,137,137,1.0,1.0,True
head_only,3,13569,65,1.0,0.0,True
head_only,4,137,9,0.4435,0.0766,False
full,4,209,209,1.0,1.0,True
head_only,3,18689,129,1.0,0.0,True
head_only,4,1089,17,0.4345,0.0016,False
subspace,1,51713,1,0.5,0.4945,False
head_only,2,273,17,1.0,0.0258,True
full,5,5249,5249,1.0,1.0,True
head_only,1,1089,65,1.0,1.0,True
full,4,137,137,1.0,1.0,True
full,4,209,209,1.0,1.0,True
full,1,5249,5249,1.0,1.0,True
full,4,18689,18689,1.0,1.0,True
full,4,13569,13569,1.0,1.0,True
full,1,545,545,1.0,1.0,True
full,2,273,273,1.0,1.0,True
full,4,209,209,1.0,1.0,True
head_only,2,137,9,1.0,0.2931,True
full,2,353,353,1.0,1.0,True
full,2,1601,1601,1.0,1.0,True
head_only,2,1089,17,0.51275,0.3503,False
head_only,3,137,9,0.75925,0.2089,False
full,5,353,353,1.0,1.0,True
head_only,1,3713,33,1.0,0.4984,True
full,4,273,273,1.0,1.0,True
full,3,545,545,1.0,1.0,True
full,5,5249,5249,1.0,1.0,True
full,5,13569,13569,1.0,1.0,True
full,4,51713,51713,1.0,1.0,True
full,1,1089,1089,1.0,1.0,True
full,2,1089,1089,1.0,1.0,True
head_only,2,13569,65,1.0,0.0,True
head_only,2,273,17,1.0,0.0006,True
full,4,209,209,1.0,1.0,True
head_only,5,3713,33,0.5,0.2278,False
head_only,1,51713,129,1.0,1.0,True
head_only,5,18689,129,1.0,0.0,True
head_only,2,5249,65,1.0,0.0659,True
full,4,209,209,1.0,1.0,True
head_only,5,18689,129,0.5325,0.0,False
head_only,5,13569,65,0.531,0.0,False
head_only,1,353,9,1.0,0.5573,True
full,4,51713,51713,1.0,1.0,True
head_only,5,1089,65,0.53,0.0,False
head_only,3,137,9,0.619,0.214,False
head_only,5,353,9,0.5,0.3481,False
head_only,5,1601,33,0.65275,0.041,False
full,2,353,353,1.0,1.0,True
full,4,5249,5249,1.0,1.0,True
full,2,545,545,1.0,1.0,True
full,1,2177,2177,1.0,1.0,True
full,2,5249,5249,1.0,1.0,True
head_only,5,353,9,0.5,0.4014,False
full,2,209,209,1.0,1.0,True
full,1,1089,1089,1.0,1.0,True
head_only,2,3713,33,0.74825,0.2118,False
full,1,3713,3713,1.0,1.0,True
full,3,209,209,1.0,1.0,True
full,4,545,545,1.0,1.0,True
full,4,1089,1089,1.0,1.0,True
full,1,353,353,1.0,1.0,True
full,4,3713,3713,1.0,1.0,True
full,4,2177,2177,1.0,1.0,True
full,3,137,137,1.0,1.0,True
head_only,2,3713,33,1.0,0.0073,True
full,1,2177,2177,1.0,1.0,True
head_only,1,273,17,1.0,0.8651,True
full,3,1089,1089,1.0,1.0,True
head_only,4,545,33,0.485,0.0008,False
full,1,209,209,1.0,1.0,True
full,1,13569,13569,1.0,1.0,True
full,3,2177,2177,1.0,1.0,True
full,5,18689,18689,1.0,1.0,True
head_only,3,353,9,0.496,0.3102,False
full,5,273,273,1.0,0.0,True
head_only,5,13569,65,0.54825,0.0,False
head_only,4,1089,17,0.55225,0.1867,False
head_only,4,2177,129,0.6295,0.0,False
full,3,2177,2177,1.0,1.0,True
head_only,2,545,33,1.0,0.0768,True
full,1,209,209,1.0,1.0,True
full,3,1089,1089,1.0,1.0,True
full,1,18689,18689,1.0,1.0,True
head_only,3,209,9,0.38575,0.188,False
full,4,18689,18689,1.0,1.0,True
head_only,1,545,17,1.0,0.7502,True
full,4,545,545,1.0,1.0,True
full,2,545,545,1.0,1.0,True
full,1,18689,18689,1.0,1.0,True
full,3,137,137,1.0,1.0,True
head_only,4,273,17,0.68125,0.182,False
head_only,4,353,9,0.5,0.3359,False
full,3,353,353,1.0,1.0,True
head_only,5,545,17,0.58875,0.1313,False
head_only,3,1089,65,1.0,0.0,True
full,3,3713,3713,1.0,1.0,True
head_only,5,1601,33,0.5655,0.0,False
full,2,18689,18689,1.0,1.0,True
head_only,5,273,17,0.6155,0.1141,False
full,4,18689,18689,1.0,1.0,True
head_only,3,209,9,0.484,0.2636,False
head_only,2,353,9,1.0,0.138,True
subspace,1,51713,1,0.5,0.493,False
head_only,4,545,17,0.75625,0.0704,False
full,2,137,137,1.0,1.0,True
head_only,1,209,9,1.0,0.4323,True
full,2,3713,3713,1.0,1.0,True
full,3,2177,2177,1.0,1.0,True
head_only,1,1089,17,1.0,0.7619,True
head_only,5,18689,129,1.0,0.0003,True
head_only,2,545,33,1.0,0.0,True
full,3,209,209,1.0,1.0,True
full,4,545,545,1.0,1.0,True
full,3,1089,1089,1.0,1.0,True
full,2,3713,3713,1.0,1.0,True
full,4,209,209,1.0,1.0,True
head_only,3,5249,65,1.0,0.0,True
head_only,5,137,9,0.5,0.16,False
head_only,4,1601,33,0.74825,0.0166,False
full,2,545,545,1.0,1.0,True
subspace,5,51713,16,0.55125,0.1207,False
full,5,1601,1601,1.0,1.0,True
head_only,5,1601,33,0.75275,0.1353,False
head_only,2,51713,129,1.0,0.0189,True
head_only,5,1089,17,0.5,0.2594,False
full,1,1601,1601,1.0,1.0,True
head_only,4,1089,17,0.51475,0.0048,False
head_only,3,18689,129,1.0,0.0,True
full,5,1089,1089,1.0,1.0,True
head_only,3,545,33,1.0,0.0026,True
head_only,4,137,9,0.6745,0.2243,False
head_only,3,1089,65,1.0,0.0,True
full,4,1089,1089,1.0,1.0,True
head_only,2,545,17,1.0,0.2549,True
head_only,5,3713,33,0.69225,0.0074,False
head_only,2,2177,129,1.0,0.6316,True
full,5,273,273,1.0,1.0,True
head_only,1,2177,129,1.0,1.0,True
head_only,3,2177,129,1.0,0.0,True
head_only,1,5249,65,1.0,0.9939,True
full,4,2177,2177,1.0,1.0,True
full,4,353,353,1.0,1.0,True
head_only,5,18689,129,0.693,0.0,False
head_only,4,51713,129,0.4945,0.0325,False
full,2,545,545,1.0,1.0,True
full,3,13569,13569,1.0,1.0,True
full,4,545,545,1.0,1.0,True
full,5,1089,1089,1.0,1.0,True
head_only,3,209,9,0.63725,0.1732,False
full,2,209,209,1.0,1.0,True
full,1,137,137,1.0,1.0,True
head_only,3,13569,65,1.0,0.0,True
full,1,545,545,1.0,1.0,True
full,1,545,545,1.0,1.0,True
head_only,3,273,17,0.6295,0.147,False
full,4,209,209,1.0,1.0,True
head_only,3,1089,17,0.5015,0.0938,False
full,3,3713,3713,1.0,1.0,True
head_only,2,545,17,1.0,0.1341,True
full,5,5249,5249,1.0,1.0,True
head_only,2,545,33,1.0,0.1484,True
full,1,18689,18689,1.0,1.0,True
full,4,273,273,1.0,1.0,True
head_only,2,51713,129,1.0,0.0347,True
full,2,51713,51713,1.0,1.0,True
head_only,5,273,17,0.50175,0.0313,False
full,2,545,545,1.0,1.0,True
full,5,51713,51713,1.0,1.0,True
head_only,1,51713,129,1.0,0.5101,True
head_only,5,137,9,0.49225,0.2572,False
head_only,1,5249,65,1.0,0.9997,True
full,5,1089,1089,1.0,1.0,True
head_only,1,1089,65,1.0,1.0,True
head_only,3,3713,33,0.76225,0.3208,False
subspace,2,51713,16,1.0,0.0953,True
head_only,5,1601,33,0.7215,0.0168,False
full,4,137,137,1.0,0.154,True
full,3,137,137,1.0,1.0,True
full,5,3713,3713,1.0,1.0,True
full,3,13569,13569,1.0,1.0,True
full,4,5249,5249,1.0,1.0,True
head_only,2,545,17,1.0,0.0043,True
full,1,209,209,1.0,1.0,True
full,1,13569,13569,1.0,1.0,True
full,5,1089,1089,1.0,1.0,True
full,4,13569,13569,1.0,1.0,True
full,1,18689,18689,1.0,1.0,True
head_only,2,545,33,1.0,0.056,True
full,3,273,273,1.0,1.0,True
full,4,3713,3713,1.0,1.0,True
head_only,1,1601,33,1.0,0.8003,True
full,1,1089,1089,1.0,1.0,True
full,2,137,137,1.0,1.0,True
head_only,4,13569,65,1.0,0.0003,True
full,5,1089,1089,1.0,1.0,True
head_only,3,5249,65,1.0,0.0,True
head_only,5,51713,129,1.0,0.0,True
full,2,273,273,1.0,1.0,True
head_only,3,137,9,0.37125,0.241,False
full,1,1601,1601,1.0,1.0,True
full,1,545,545,1.0,1.0,True
head_only,2,18689,129,1.0,0.0,True
full,1,51713,51713,1.0,1.0,True
full,1,273,273,1.0,1.0,True
head_only,2,2177,129,1.0,0.0016,True
full,2,5249,5249,1.0,1.0,True
full,2,545,545,1.0,1.0,True
head_only,3,13569,65,0.75375,0.0,False
full,1,353,353,1.0,1.0,True
head_only,5,1089,17,0.495,0.0411,False
full,5,545,545,1.0,1.0,True
head_only,5,209,9,0.53225,0.3036,False
full,5,273,273,1.0,0.9977,True
subspace,4,51713,64,1.0,0.0003,True
head_only,1,18689,129,1.0,1.0,True
head_only,2,2177,129,1.0,0.0006,True
full,1,2177,2177,1.0,1.0,True
full,4,353,353,1.0,1.0,True
full,2,1089,1089,1.0,1.0,True
full,5,209,209,1.0,1.0,True
full,3,545,545,1.0,1.0,True
head_only,4,273,17,0.57125,0.0,False
head_only,3,1089,65,0.49,0.0,False
full,5,1601,1601,1.0,1.0,True
subspace,4,51713,1,0.559,0.529,False
head_only,1,353,9,1.0,0.7214,True
head_only,4,3713,33,0.49475,0.0171,False
head_only,5,1089,17,0.43725,0.0027,False
head_only,4,1089,65,0.42825,0.0,False
head_only,3,353,9,0.38575,0.2291,False
head_only,5,13569,65,0.55875,0.0,False
head_only,4,13569,65,0.75275,0.226,False
full,5,1601,1601,1.0,1.0,True
head_only,3,1089,17,0.7615,0.297,False
full,1,273,273,1.0,1.0,True
subspace,5,51713,1,0.392,0.4687,False
full,3,5249,5249,1.0,1.0,True
full,5,1089,1089,1.0,1.0,True
full,3,137,137,1.0,1.0,True
full,5,545,545,1.0,1.0,True
full,5,1601,1601,1.0,1.0,True
head_only,4,1089,65,0.67425,0.0,False
full,1,5249,5249,1.0,1.0,True
head_only,3,137,9,0.5,0.0814,False
subspace,3,51713,1024,1.0,1.0,True
full,1,545,545,1.0,1.0,True
full,1,1601,1601,1.0,1.0,True
head_only,5,1089,65,0.5265,0.0,False
full,4,545,545,1.0,1.0,True
head_only,1,18689,129,1.0,0.998,True
head_only,1,209,9,1.0,0.4026,True
head_only,4,5249,65,1.0,0.0,True
head_only,2,209,9,1.0,0.2565,True
full,2,545,545,1.0,1.0,True
full,2,1089,1089,1.0,1.0,True
head_only,5,1089,17,0.524,0.2127,False
full,2,545,545,1.0,1.0,True
full,5,51713,51713,1.0,1.0,True
full,1,545,545,1.0,1.0,True
head_only,3,545,33,0.507,0.0011,False
head_only,2,209,9,0.75525,0.1069,False
head_only,3,18689,129,0.63975,0.0,False
head_only,5,353,9,0.50275,0.2903,False
full,5,18689,18689,1.0,1.0,True
head_only,2,209,9,1.0,0.2393,True
full,4,353,353,1.0,1.0,True
full,5,13569,13569,1.0,1.0,True
head_only,4,545,17,0.692,0.0452,False
head_only,3,51713,129,0.62725,0.006,False
full,3,545,545,1.0,1.0,True
full,5,545,545,1.0,1.0,True
head_only,3,1089,17,0.744,0.1578,False
full,3,5249,5249,1.0,1.0,True
full,4,1089,1089,1.0,1.0,True
full,1,209,209,1.0,1.0,True
full,5,3713,3713,1.0,1.0,True
full,2,545,545,1.0,1.0,True
full,4,353,353,1.0,1.0,True
full,5,3713,3713,1.0,1.0,True
head_only,1,5249,65,1.0,0.9373,True
head_only,2,137,9,1.0,0.0772,True
full,5,137,137,0.93825,0.0034,False
head_only,4,18689,129,1.0,0.0004,True
full,3,545,545,1.0,1.0,True
head_only,5,353,9,0.42975,0.1877,False
head_only,1,3713,33,1.0,0.9281,True
full,5,1601,1601,1.0,1.0,True
full,3,13569,13569,1.0,1.0,True
full,3,137,137,1.0,1.0,True
full,1,1601,1601,1.0,1.0,True
full,5,5249,5249,1.0,1.0,True
full,1,209,209,1.0,1.0,True
full,5,1089,1089,1.0,1.0,True
full,3,18689,18689,1.0,1.0,True
head_only,1,545,17,1.0,0.6528,True
full,2,273,273,1.0,1.0,True
head_only,2,1089,17,1.0,0.1581,True
full,2,209,209,1.0,1.0,True
full,4,209,209,1.0,1.0,True
head_only,2,13569,65,1.0,0.1088,True
head_only,4,1089,17,0.49825,0.4326,False
full,5,545,545,1.0,1.0,True
head_only,5,545,17,0.6085,0.2057,False
head_only,4,1089,65,1.0,0.0,True
full,3,18689,18689,1.0,1.0,True
head_only,2,18689,129,1.0,0.1569,True
full,4,353,353,1.0,1.0,True
subspace,1,51713,1024,1.0,1.0,True
subspace,3,51713,256,1.0,0.0013,True
full,2,1089,1089,1.0,1.0,True
head_only,4,545,17,0.81175,0.1115,False
full,2,1601,1601,1.0,1.0,True
head_only,3,1089,17,0.36425,0.0198,False
full,3,273,273,1.0,1.0,True
full,5,1089,1089,1.0,1.0,True
head_only,4,209,9,0.37575,0.1113,False
head_only,3,545,33,1.0,0.0163,True
full,1,209,209,1.0,1.0,True
head_only,2,273,17,1.0,0.2025,True
head_only,2,353,9,1.0,0.3341,True
full,2,2177,2177,1.0,1.0,True
full,4,2177,2177,1.0,1.0,True
full,2,3713,3713,1.0,1.0,True
full,5,273,273,1.0,1.0,True
subspace,1,51713,1,0.5,0.5719,False
full,2,5249,5249,1.0,1.0,True
full,1,5249,5249,1.0,1.0,True
head_only,4,1089,65,0.5575,0.0,False
full,3,3713,3713,1.0,1.0,True
head_only,3,545,33,1.0,0.0,True
full,4,3713,3713,1.0,1.0,True
full,3,1089,1089,1.0,1.0,True
full,1,3713,3713,1.0,1.0,True
head_only,4,273,17,0.566,0.0018,False
full,4,51713,51713,1.0,1.0,True
full,5,545,545,1.0,1.0,True
full,5,13569,13569,1.0,1.0,True
head_only,1,3713,33,1.0,0.948,True
full,5,353,353,1.0,1.0,True
full,1,545,545,1.0,1.0,True
full,1,2177,2177,1.0,1.0,True
head_only,2,2177,129,1.0,0.6667,True
full,2,51713,51713,1.0,1.0,True
head_only,1,18689,129,1.0,1.0,True
head_only,1,18689,129,1.0,1.0,True
head_only,1,137,9,1.0,0.6783,True
head_only,4,545,33,1.0,0.009,True
full,5,1089,1089,1.0,0.6212,True
full,4,5249,5249,1.0,1.0,True
full,1,13569,13569,1.0,1.0,True
head_only,5,5249,65,0.5295,0.0,False
full,1,5249,5249,1.0,1.0,True
full,5,51713,51713,1.0,1.0,True
full,5,13569,13569,1.0,1.0,True
full,1,5249,5249,1.0,1.0,True
full,5,1601,1601,1.0,1.0,True
full,2,545,545,1.0,1.0,True
full,5,3713,3713,1.0,1.0,True
head_only,4,18689,129,1.0,0.0002,True
head_only,1,1601,33,1.0,0.9478,True
head_only,3,353,9,0.4955,0.2567,False
full,3,3713,3713,1.0,1.0,True
head_only,1,545,17,1.0,0.8257,True
full,2,1601,1601,1.0,1.0,True
head_only,4,545,33,0.56325,0.0031,False
full,3,51713,51713,1.0,1.0,True
full,2,3713,3713,1.0,1.0,True
head_only,1,137,9,1.0,0.7135,True
head_only,2,3713,33,1.0,0.0289,True
full,1,273,273,1.0,1.0,True
head_only,4,18689,129,1.0,0.0,True
head_only,1,1089,65,1.0,1.0,True
head_only,4,51713,129,0.505,0.0,False
head_only,4,1601,33,0.939,0.0152,False
full,4,273,273,1.0,1.0,True
full,5,209,209,1.0,1.0,True
head_only,3,545,17,0.871,0.113,False
full,5,18689,18689,1.0,1.0,True
head_only,1,1601,33,1.0,0.9683,True
subspace,5,51713,1024,1.0,0.0656,True
head_only,1,5249,65,1.0,0.9108,True
head_only,4,1089,17,0.62825,0.1541,False
head_only,4,209,9,0.562,0.2824,False
full,5,353,353,1.0,1.0,True
full,4,137,137,1.0,0.0,True
full,2,1089,1089,1.0,1.0,True
full,3,13569,13569,1.0,1.0,True
full,3,137,137,1.0,1.0,True
full,4,2177,2177,1.0,1.0,True
full,1,2177,2177,1.0,1.0,True
full,3,13569,13569,1.0,1.0,True
full,3,5249,5249,1.0,1.0,True
head_only,3,1089,17,0.87325,0.0574,False
full,5,51713,51713,1.0,1.0,True
head_only,2,1089,65,1.0,0.2416,True
full,5,137,137,1.0,0.7185,True
full,3,1089,1089,1.0,1.0,True
full,2,1601,1601,1.0,1.0,True
head_only,2,273,17,1.0,0.0024,True
full,4,353,353,1.0,1.0,True
full,5,2177,2177,1.0,1.0,True
head_only,5,353,9,0.4265,0.3004,False
head_only,2,5249,65,1.0,0.0611,True
head_only,4,18689,129,0.63125,0.0,False
full,1,51713,51713,1.0,1.0,True
full,5,1089,1089,1.0,1.0,True
full,2,3713,3713,1.0,1.0,True
full,2,545,545,1.0,1.0,True
full,3,209,209,1.0,1.0,True
head_only,2,545,33,1.0,0.1097,True
head_only,2,51713,129,1.0,0.002,True
full,1,18689,18689,1.0,1.0,True
full,5,2177,2177,1.0,1.0,True
head_only,3,137,9,0.39325,0.1762,False
head_only,4,5249,65,0.56975,0.0,False
head_only,2,18689,129,1.0,0.5938,True
full,3,353,353,0.86625,1.0,False
head_only,3,545,17,0.87375,0.0022,False
head_only,1,545,17,1.0,0.5463,True
head_only,1,51713,129,1.0,1.0,True
head_only,1,2177,129,1.0,1.0,True
full,3,18689,18689,1.0,1.0,True
subspace,4,51713,16,0.63625,0.1257,False
head_only,2,51713,129,1.0,0.0,True
full,3,18689,18689,1.0,1.0,True
head_only,3,2177,129,1.0,0.0,True
subspace,1,51713,4,1.0,0.2987,True
head_only,2,137,9,1.0,0.156,True
head_only,1,2177,129,1.0,1.0,True
head_only,4,1601,33,0.43775,0.0391,False
full,2,353,353,1.0,1.0,True
head_only,1,1601,33,1.0,0.7624,True
head_only,3,18689,129,1.0,0.0,True
head_only,5,3713,33,0.59975,0.0005,False
full,5,2177,2177,1.0,1.0,True
head_only,3,137,9,0.75925,0.2089,False
subspace,3,51713,4,0.61825,0.3772,False
head_only,4,137,9,0.6225,0.2137,False
full,5,209,209,1.0,0.8134,True
head_only,3,545,33,1.0,0.0,True
head_only,2,5249,65,1.0,0.0881,True
full,2,545,545,1.0,1.0,True
full,2,137,137,1.0,1.0,True
head_only,3,18689,129,0.87375,0.0,False
full,2,545,545,1.0,1.0,True
full,3,1601,1601,1.0,1.0,True
full,4,545,545,1.0,1.0,True
head_only,5,545,33,0.429,0.0023,False
head_only,5,1089,65,0.498,0.0,False
full,4,209,209,1.0,1.0,True
full,5,545,545,1.0,0.9699,True
head_only,1,209,9,1.0,0.7064,True
full,5,3713,3713,1.0,1.0,True
head_only,5,1601,33,0.503,0.0028,False
full,3,3713,3713,1.0,1.0,True
head_only,1,51713,129,1.0,1.0,True
full,1,18689,18689,1.0,1.0,True
head_only,5,545,33,0.71375,0.0011,False
full,3,545,545,1.0,1.0,True
full,1,3713,3713,1.0,1.0,True
head_only,4,209,9,0.49775,0.1427,False
head_only,3,545,33,1.0,0.0018,True
full,5,18689,18689,1.0,1.0,True
full,2,13569,13569,1.0,1.0,True
head_only,5,13569,65,0.62275,0.2243,False
full,3,5249,5249,1.0,1.0,True
full,2,18689,18689,1.0,1.0,True
head_only,4,13569,65,0.6965,0.2128,False
head_only,5,2177,129,0.589,0.0,False
head_only,3,545,17,0.496,0.0006,False
subspace,3,51713,64,1.0,0.0001,True
head_only,4,1601,33,0.8675,0.1261,False
full,2,18689,18689,1.0,1.0,True
full,1,1089,1089,1.0,1.0,True
full,1,209,209,1.0,1.0,True
full,1,1601,1601,1.0,1.0,True
full,1,2177,2177,1.0,1.0,True
head_only,3,273,17,1.0,0.1445,True
head_only,2,1601,33,1.0,0.0,True
full,4,273,273,1.0,1.0,True
full,2,2177,2177,1.0,1.0,True
subspace,2,51713,1024,1.0,1.0,True
head_only,2,13569,65,0.75425,0.1228,False
head_only,2,18689,129,1.0,0.0,True
full,4,137,137,1.0,1.0,True
subspace,3,51713,1,0.5,0.4929,False
full,3,1601,1601,1.0,1.0,True
full,1,273,273,1.0,1.0,True
head_only,1,1089,65,1.0,0.9999,True
head_only,4,5249,65,1.0,0.0002,True
full,3,1601,1601,1.0,1.0,True
head_only,2,1601,33,1.0,0.1336,True
full,4,51713,51713,1.0,1.0,True
full,2,545,545,1.0,1.0,True
full,4,273,273,1.0,1.0,True
head_only,1,137,9,1.0,0.6717,True
full,4,209,209,1.0,1.0,True
full,5,51713,51713,1.0,1.0,True
head_only,2,137,9,1.0,0.2699,True
full,2,2177,2177,1.0,1.0,True
head_only,2,1089,17,1.0,0.3015,True
full,2,137,137,1.0,1.0,True
head_only,3,1089,65,1.0,0.0,True
full,5,1601,1601,1.0,1.0,True
head_only,3,5249,65,1.0,0.0,True
full,5,5249,5249,1.0,1.0,True
full,4,545,545,1.0,1.0,True
full,1,545,545,1.0,1.0,True
head_only,2,5249,65,1.0,0.151,True
head_only,1,1089,65,1.0,0.9998,True
full,5,1089,1089,1.0,1.0,True
full,3,5249,5249,1.0,1.0,True
head_only,5,1089,65,0.572,0.0,False
subspace,5,51713,256,1.0,0.0,True
head_only,4,1089,65,1.0,0.0002,True
full,3,137,137,1.0,1.0,True
head_only,2,353,9,1.0,0.1788,True
head_only,3,209,9,0.63775,0.198,False
head_only,1,2177,129,1.0,1.0,True
full,3,545,545,1.0,1.0,True
head_only,5,545,17,0.52925,0.0076,False
full,3,137,137,1.0,1.0,True
head_only,1,2177,129,1.0,1.0,True
head_only,5,18689,129,0.5025,0.0,False
head_only,5,545,33,0.6005,0.0,False
full,1,1089,1089,1.0,1.0,True
head_only,4,2177,129,0.74275,0.0,False
head_only,4,51713,129,0.62,0.0,False
full,2,353,353,1.0,1.0,True
head_only,1,1601,33,1.0,0.9893,True
full,1,273,273,1.0,1.0,True
full,1,5249,5249,1.0,1.0,True
full,3,273,273,1.0,1.0,True
full,3,137,137,1.0,1.0,True
head_only,3,51713,129,1.0,0.0,True
head_only,4,51713,129,0.9325,0.0822,False
full,1,13569,13569,1.0,1.0,True
full,5,3713,3713,1.0,1.0,True
full,2,5249,5249,1.0,1.0,True
head_only,5,545,33,0.594,0.0,False
head_only,1,5249,65,1.0,0.8909,True
head_only,2,1089,17,0.75375,0.4753,False
head_only,1,1089,65,1.0,1.0,True
full,4,18689,18689,1.0,1.0,True
head_only,4,1089,17,0.4345,0.2687,False
full,4,51713,51713,1.0,1.0,True
head_only,3,2177,129,1.0,0.0,True
head_only,4,13569,65,1.0,0.0021,True
full,2,2177,2177,1.0,1.0,True
full,1,3713,3713,1.0,1.0,True
full,3,13569,13569,1.0,1.0,True
head_only,5,1601,33,0.598,0.0,False
full,1,545,545,1.0,1.0,True
head_only,1,2177,129,1.0,1.0,True
full,4,545,545,1.0,1.0,True
full,1,2177,2177,1.0,1.0,True
full,3,1089,1089,1.0,1.0,True
full,4,353,353,1.0,1.0,True
head_only,1,2177,129,1.0,1.0,True
head_only,5,545,17,0.53375,0.0681,False
head_only,2,13569,65,1.0,0.0495,True
head_only,5,1601,33,0.7645,0.0051,False
full,2,3713,3713,1.0,1.0,True
full,2,1601,1601,1.0,1.0,True
full,4,1089,1089,1.0,1.0,True
head_only,5,1089,17,0.468,0.0048,False
head_only,3,1601,33,1.0,0.0,True
head_only,2,3713,33,0.75425,0.0388,False
full,5,2177,2177,1.0,1.0,True
head_only,2,5249,65,1.0,0.0,True
head_only,1,545,17,1.0,0.9115,True
full,3,3713,3713,1.0,1.0,True
head_only,5,18689,129,0.5685,0.0,False
full,4,51713,51713,1.0,1.0,True
head_only,2,209,9,1.0,0.2099,True
head_only,4,18689,129,0.75575,0.0,False
head_only,5,1089,17,0.53125,0.4467,False
full,4,137,137,1.0,0.86,True
head_only,2,273,17,1.0,0.0832,True
full,2,13569,13569,1.0,1.0,True
head_only,4,5249,65,0.49325,0.0,False
full,5,273,273,1.0,1.0,True
full,3,13569,13569,1.0,1.0,True
head_only,4,3713,33,0.49425,0.0032,False
head_only,5,1601,33,0.48975,0.0028,False
head_only,3,1089,65,1.0,0.0,True
full,5,209,209,1.0,1.0,True
head_only,3,5249,65,1.0,0.0,True
head_only,4,1601,33,1.0,0.1205,True
full,3,18689,18689,1.0,1.0,True
head_only,5,1089,17,0.5,0.1718,False
head_only,2,18689,129,1.0,0.0001,True
full,5,137,137,0.93525,0.0559,False
full,4,1089,1089,1.0,1.0,True
head_only,2,353,9,1.0,0.2113,True
full,1,209,209,1.0,1.0,True
full,3,137,137,1.0,1.0,True
full,3,5249,5249,1.0,1.0,True
full,3,18689,18689,1.0,1.0,True
head_only,2,545,33,1.0,0.0387,True
full,4,18689,18689,1.0,1.0,True
head_only,4,5249,65,0.43875,0.0005,False
full,2,137,137,1.0,1.0,True
full,3,1601,1601,1.0,1.0,True
head_only,5,18689,129,1.0,0.0016,True
head_only,4,353,9,0.50225,0.3274,False
head_only,4,13569,65,1.0,0.0001,True
head_only,3,1601,33,1.0,0.1281,True
head_only,2,2177,129,1.0,0.7882,True
full,3,353,353,1.0,1.0,True
head_only,1,137,9,1.0,0.7293,True
full,2,2177,2177,1.0,1.0,True
full,3,1601,1601,1.0,1.0,True
full,4,545,545,1.0,1.0,True
full,1,5249,5249,1.0,1.0,True
head_only,1,3713,33,1.0,0.3677,True
head_only,5,209,9,0.533,0.1023,False
head_only,5,545,17,0.63375,0.2412,False
head_only,3,1089,65,0.63225,0.0,False
head_only,5,1089,65,1.0,0.0,True
head_only,5,18689,129,1.0,0.0,True
head_only,3,3713,33,0.74625,0.0491,False
head_only,1,1089,65,1.0,1.0,True
head_only,3,353,9,0.50225,0.2546,False
head_only,5,353,9,0.558,0.1997,False
full,1,137,137,1.0,1.0,True
full,2,18689,18689,1.0,1.0,True
head_only,5,545,33,0.47025,0.0011,False
head_only,5,51713,129,0.7535,0.0949,False
full,2,3713,3713,1.0,1.0,True
full,1,273,273,1.0,1.0,True
full,3,353,353,1.0,1.0,True
head_only,3,1089,65,0.6345,0.0,False
head_only,2,545,33,1.0,0.1039,True
head_only,2,51713,129,1.0,0.1774,True
head_only,1,1089,17,1.0,0.7038,True
full,2,545,545,1.0,1.0,True
full,2,3713,3713,1.0,1.0,True
head_only,4,18689,129,1.0,0.0002,True
head_only,3,51713,129,1.0,0.0,True
full,1,13569,13569,1.0,1.0,True
full,5,13569,13569,1.0,1.0,True
head_only,2,3713,33,1.0,0.0171,True
full,3,18689,18689,1.0,1.0,True
head_only,4,2177,129,1.0,0.0,True
head_only,5,1089,17,0.502,0.0168,False
head_only,4,13569,65,0.4775,0.0,False
full,2,1089,1089,1.0,1.0,True
head_only,2,5249,65,1.0,0.0,True
head_only,1,137,9,1.0,0.6612,True
head_only,1,1601,33,1.0,0.9182,True
head_only,2,545,17,1.0,0.0846,True
head_only,4,353,9,0.60975,0.3102,False
head_only,1,13569,65,1.0,0.5287,True
head_only,1,5249,65,1.0,1.0,True
full,1,1601,1601,1.0,1.0,True
head_only,5,1089,17,0.5035,0.1543,False
head_only,1,545,17,1.0,0.5357,True
head_only,3,353,9,0.5,0.3572,False
full,4,1089,1089,1.0,1.0,True
head_only,2,1089,65,1.0,0.0001,True
full,2,5249,5249,1.0,1.0,True
full,3,209,209,1.0,1.0,True
full,3,209,209,1.0,1.0,True
full,3,1089,1089,1.0,1.0,True
full,4,545,545,1.0,1.0,True
head_only,4,137,9,0.50125,0.1829,False
head_only,2,353,9,0.5015,0.3829,False
full,4,13569,13569,1.0,1.0,True
head_only,1,2177,129,1.0,1.0,True
head_only,4,1601,33,0.80275,0.1433,False
full,3,1089,1089,1.0,1.0,True
head_only,1,2177,129,1.0,1.0,True
full,3,2177,2177,1.0,1.0,True
head_only,5,5249,65,0.90425,0.0,False
full,1,13569,13569,1.0,1.0,True
full,3,209,209,1.0,1.0,True
full,1,18689,18689,1.0,1.0,True
full,5,353,353,1.0,1.0,True
head_only,4,1089,65,0.6915,0.0,False
head_only,3,5249,65,1.0,0.0391,True
head_only,1,5249,65,1.0,1.0,True
head_only,4,545,33,1.0,0.0168,True
full,2,5249,5249,1.0,1.0,True
subspace,3,51713,4,0.6255,0.3073,False
full,2,1089,1089,1.0,1.0,True
head_only,2,1601,33,1.0,0.0892,True
full,2,2177,2177,1.0,1.0,True
full,5,2177,2177,1.0,1.0,True
head_only,2,3713,33,0.74625,0.3247,False
head_only,4,137,9,0.6775,0.301,False
head_only,2,273,17,1.0,0.1655,True
full,3,1089,1089,1.0,1.0,True
full,2,51713,51713,1.0,1.0,True
head_only,5,353,9,0.5,0.3425,False
full,4,2177,2177,1.0,1.0,True
head_only,5,1089,65,0.5315,0.0,False
full,2,1601,1601,1.0,1.0,True
head_only,1,353,9,1.0,0.9084,True
full,4,545,545,1.0,1.0,True
full,4,545,545,1.0,1.0,True
head_only,2,273,17,1.0,0.1687,True
head_only,3,18689,129,1.0,0.0,True
full,4,1089,1089,1.0,1.0,True
head_only,3,1601,33,1.0,0.0,True
full,4,353,353,1.0,0.2494,True
full,4,353,353,1.0,1.0,True
head_only,1,2177,129,1.0,1.0,True
full,4,3713,3713,1.0,1.0,True
full,5,1089,1089,1.0,1.0,True
full,1,1089,1089,1.0,1.0,True
head_only,5,2177,129,0.69125,0.0,False
head_only,3,209,9,0.754,0.2957,False
head_only,4,273,17,0.4295,0.0454,False
full,2,137,137,1.0,1.0,True
head_only,2,3713,33,0.75525,0.3391,False
head_only,4,273,17,0.5035,0.0009,False
head_only,4,209,9,0.538,0.1324,False
head_only,2,5249,65,1.0,0.1834,True
full,4,1601,1601,1.0,1.0,True
head_only,4,18689,129,0.49,0.0,False
head_only,5,5249,65,0.57,0.0,False
head_only,4,273,17,0.7995,0.1256,False
full,5,3713,3713,1.0,1.0,True
head_only,5,1089,17,0.49275,0.0425,False
head_only,5,209,9,0.45975,0.1129,False
head_only,2,18689,129,1.0,0.5665,True
head_only,3,13569,65,1.0,0.0,True
head_only,1,3713,33,1.0,0.8422,True
head_only,5,353,9,0.53025,0.234,False
head_only,4,2177,129,1.0,0.0,True
full,4,1601,1601,1.0,1.0,True
full,1,209,209,1.0,1.0,True
full,1,5249,5249,1.0,1.0,True
full,1,1089,1089,1.0,1.0,True
head_only,3,5249,65,1.0,0.0003,True
full,5,1089,1089,1.0,1.0,True
head_only,2,545,33,1.0,0.0351,True
head_only,5,51713,129,0.501,0.0,False
head_only,1,273,17,1.0,0.7742,True
head_only,4,545,17,0.8165,0.1349,False
head_only,5,137,9,0.4995,0.1374,False
full,4,545,545,1.0,1.0,True
head_only,5,137,9,0.44775,0.1727,False
full,4,1089,1089,1.0,1.0,True
full,1,3713,3713,1.0,1.0,True
head_only,1,137,9,1.0,0.6409,True
head_only,1,353,9,1.0,0.6984,True
full,4,209,209,1.0,1.0,True
full,3,13569,13569,1.0,1.0,True
full,2,545,545,1.0,1.0,True
full,1,1089,1089,1.0,1.0,True
head_only,4,273,17,0.7995,0.1256,False
head_only,2,209,9,0.49375,0.1785,False
full,4,5249,5249,1.0,1.0,True
full,4,3713,3713,1.0,1.0,True
full,4,3713,3713,1.0,1.0,True
subspace,3,51713,16,1.0,0.1582,True
full,3,137,137,1.0,1.0,True
head_only,1,1601,33,1.0,0.9227,True
full,5,13569,13569,1.0,1.0,True
full,5,18689,18689,1.0,1.0,True
head_only,1,137,9,1.0,0.6435,True
full,2,5249,5249,1.0,1.0,True
full,3,545,545,1.0,1.0,True
head_only,3,353,9,0.5015,0.241,False
full,1,209,209,1.0,1.0,True
full,4,545,545,1.0,1.0,True
head_only,5,1089,65,1.0,0.0005,True
head_only,3,1089,17,0.7525,0.1363,False
full,4,353,353,1.0,1.0,True
full,5,13569,13569,1.0,1.0,True
head_only,3,18689,129,0.74975,0.0,False
head_only,3,273,17,1.0,0.0007,True
full,4,209,209,1.0,1.0,True
head_only,3,1601,33,1.0,0.0181,True
head_only,5,51713,129,1.0,0.0,True
head_only,2,13569,65,1.0,0.2647,True
full,2,209,209,1.0,1.0,True
full,3,18689,18689,1.0,1.0,True
head_only,2,51713,129,1.0,0.4107,True
full,2,353,353,1.0,1.0,True
subspace,5,51713,4,0.50825,0.3766,False
full,1,1089,1089,1.0,1.0,True
full,3,209,209,1.0,1.0,True
head_only,5,137,9,0.53325,0.0774,False
head_only,5,137,9,0.475,0.0504,False
head_only,5,545,17,0.611,0.0378,False
full,5,353,353,0.97225,1.0,True
head_only,1,353,9,1.0,0.5124,True
full,1,2177,2177,1.0,1.0,True
full,2,209,209,1.0,1.0,True
head_only,3,545,17,0.746,0.0001,False
full,5,2177,2177,1.0,1.0,True
head_only,1,209,9,1.0,0.5308,True
subspace,2,51713,64,1.0,0.109,True
full,4,1089,1089,1.0,1.0,True
full,2,209,209,1.0,1.0,True
subspace,3,51713,1024,1.0,0.9998,True
head_only,1,1601,33,1.0,0.9754,True
head_only,1,3713,33,1.0,0.3419,True
head_only,3,1089,17,0.7475,0.1955,False
full,4,273,273,1.0,1.0,True
head_only,1,1089,65,1.0,1.0,True
full,3,209,209,1.0,1.0,True
full,1,5249,5249,1.0,1.0,True
head_only,5,1089,65,1.0,0.0,True
full,4,13569,13569,1.0,1.0,True
head_only,2,209,9,1.0,0.1763,True
full,4,1089,1089,1.0,1.0,True
full,1,209,209,1.0,1.0,True
head_only,3,209,9,0.754,0.2047,False
head_only,5,273,17,0.57775,0.0013,False
head_only,5,13569,65,0.687,0.1109,False
head_only,5,2177,129,0.429,0.0,False
full,2,545,545,1.0,1.0,True
head_only,1,1601,33,1.0,0.9406,True
full,3,2177,2177,1.0,1.0,True
head_only,1,51713,129,1.0,1.0,True
head_only,2,273,17,1.0,0.0258,True
full,3,545,545,1.0,1.0,True
full,4,545,545,1.0,1.0,True
full,3,209,209,1.0,1.0,True
head_only,5,545,17,0.5285,0.0008,False
head_only,1,137,9,1.0,0.3684,True
head_only,3,209,9,0.867,0.3111,False
full,4,137,137,1.0,1.0,True
head_only,5,51713,129,0.68475,0.098,False
full,3,545,545,1.0,1.0,True
head_only,3,2177,129,1.0,0.0,True
full,5,13569,13569,1.0,1.0,True
head_only,2,1601,33,1.0,0.1024,True
full,4,353,353,1.0,1.0,True
head_only,5,13569,65,0.3645,0.1019,False
subspace,5,51713,1,0.5,0.4947,False
head_only,2,3713,33,1.0,0.026,True
head_only,5,18689,129,0.49475,0.0,False
head_only,5,545,33,0.6015,0.0002,False
head_only,4,3713,33,0.47775,0.0067,False
full,3,353,353,1.0,1.0,True
full,1,51713,51713,1.0,1.0,True
head_only,2,545,33,1.0,0.0,True
full,5,1089,1089,1.0,1.0,True
head_only,5,545,17,0.5005,0.0004,False
full,4,545,545,1.0,1.0,True
head_only,5,2177,129,0.59225,0.0,False
full,3,137,137,1.0,1.0,True
full,3,545,545,1.0,1.0,True
full,1,3713,3713,1.0,1.0,True
full,1,1089,1089,1.0,1.0,True
full,3,2177,2177,1.0,1.0,True
full,4,273,273,1.0,1.0,True
full,4,1089,1089,1.0,1.0,True
full,5,545,545,1.0,1.0,True
full,4,209,209,1.0,1.0,True
full,2,2177,2177,1.0,1.0,True
head_only,1,18689,129,1.0,1.0,True
head_only,3,1089,65,1.0,0.0,True
full,1,137,137,1.0,1.0,True
head_only,5,545,33,0.4675,0.0021,False
head_only,3,1601,33,1.0,0.0065,True
head_only,5,51713,129,0.524,0.0,False
subspace,1,51713,4,1.0,0.4063,True
full,1,3713,3713,1.0,1.0,True
head_only,2,1089,65,1.0,0.0,True
full,3,1089,1089,1.0,1.0,True
head_only,5,51713,129,0.438,0.0098,False
full,1,209,209,1.0,1.0,True
full,2,209,209,1.0,1.0,True
full,3,273,273,1.0,1.0,True
head_only,4,51713,129,0.4905,0.0,False
full,4,209,209,1.0,1.0,True
full,1,545,545,1.0,1.0,True
full,3,273,273,1.0,1.0,True
head_only,3,545,33,0.5015,0.0048,False
head_only,2,209,9,1.0,0.2922,True
head_only,1,51713,129,1.0,1.0,True
head_only,5,1089,65,0.56,0.0,False
full,4,5249,5249,1.0,1.0,True
head_only,1,5249,65,1.0,1.0,True
head_only,3,51713,129,1.0,0.0962,True
full,1,3713,3713,1.0,1.0,True
full,5,545,545,1.0,1.0,True
head_only,4,2177,129,0.7,0.0,False
full,5,1089,1089,1.0,1.0,True
head_only,5,209,9,0.5435,0.2658,False
full,1,1089,1089,1.0,1.0,True
full,5,1089,1089,1.0,1.0,True
full,1,273,273,1.0,1.0,True
head_only,4,5249,65,0.63325,0.0,False
head_only,3,51713,129,1.0,0.0,True
full,5,353,353,1.0,0.0648,True
head_only,3,51713,129,1.0,0.0269,True
head_only,5,209,9,0.50625,0.2369,False
full,3,209,209,1.0,1.0,True
full,3,545,545,1.0,1.0,True
head_only,4,353,9,0.63525,0.1948,False
full,1,1089,1089,1.0,1.0,True
full,3,1089,1089,1.0,1.0,True
head_only,1,2177,129,1.0,1.0,True
full,4,137,137,1.0,1.0,True
full,2,353,353,1.0,1.0,True
full,4,1089,1089,1.0,1.0,True
full,3,2177,2177,1.0,1.0,True
head_only,1,1089,17,1.0,0.4224,True
full,1,5249,5249,1.0,1.0,True
head_only,2,545,17,0.7495,0.0164,False
full,4,273,273,1.0,1.0,True
head_only,5,2177,129,0.559,0.0,False
head_only,2,1601,33,1.0,0.0815,True
full,2,353,353,1.0,1.0,True
subspace,4,51713,1,0.6225,0.4217,False
full,5,209,209,1.0,1.0,True
full,2,51713,51713,1.0,1.0,True
head_only,4,13569,65,0.49375,0.0,False
full,4,545,545,1.0,1.0,True
full,4,545,545,1.0,1.0,True
head_only,3,13569,65,0.5015,0.0,False
full,1,18689,18689,1.0,1.0,True
full,1,13569,13569,1.0,1.0,True
head_only,4,353,9,0.501,0.1893,False
full,2,545,545,1.0,1.0,True
full,4,5249,5249,1.0,1.0,True
head_only,4,5249,65,0.49,0.0,False
head_only,3,5249,65,0.74925,0.0,False
full,4,5249,5249,1.0,1.0,True
full,2,3713,3713,1.0,1.0,True
head_only,5,137,9,0.495,0.1168,False
head_only,5,13569,65,0.9655,0.0056,True
full,1,51713,51713,1.0,1.0,True
head_only,2,353,9,0.50425,0.1638,False
full,5,51713,51713,1.0,1.0,True
head_only,2,209,9,0.75025,0.1129,False
full,1,5249,5249,1.0,1.0,True
full,2,2177,2177,1.0,1.0,True
head_only,1,1601,33,1.0,0.9901,True
full,2,1089,1089,1.0,1.0,True
full,5,545,545,1.0,1.0,True
full,3,273,273,1.0,1.0,True
head_only,2,137,9,1.0,0.1753,True
head_only,3,1089,17,0.735,0.3462,False
full,2,1089,1089,1.0,1.0,True
head_only,3,3713,33,1.0,0.0108,True
head_only,1,1089,17,1.0,0.482,True
head_only,5,137,9,0.46625,0.1733,False
head_only,5,273,17,0.50175,0.0313,False
full,3,18689,18689,1.0,1.0,True
full,2,18689,18689,1.0,1.0,True
head_only,1,5249,65,1.0,1.0,True
full,3,13569,13569,1.0,1.0,True
full,3,545,545,1.0,1.0,True
head_only,3,51713,129,1.0,0.0,True
head_only,5,273,17,0.5025,0.0607,False
full,2,273,273,1.0,1.0,True
head_only,4,18689,129,1.0,0.0016,True
head_only,1,209,9,1.0,0.3714,True
head_only,5,13569,65,0.49875,0.1783,False
full,5,545,545,1.0,1.0,True
subspace,3,51713,1,0.50375,0.5049,False
head_only,1,2177,129,1.0,1.0,True
head_only,3,545,17,0.6235,0.167,False
head_only,2,51713,129,1.0,0.0251,True
full,2,13569,13569,1.0,1.0,True
full,4,1089,1089,1.0,1.0,True
head_only,1,2177,129,1.0,1.0,True
full,2,13569,13569,1.0,1.0,True
head_only,4,545,17,0.49975,0.0701,False
subspace,3,51713,4,0.62825,0.253,False
full,2,137,137,1.0,1.0,True
subspace,3,51713,1024,1.0,1.0,True
head_only,5,137,9,0.535,0.0963,False
full,2,5249,5249,1.0,1.0,True
head_only,2,353,9,1.0,0.3857,True
subspace,3,51713,4,0.61775,0.4535,False
full,4,1601,1601,1.0,1.0,True
head_only,3,137,9,0.87975,0.2663,False
full,1,1601,1601,1.0,1.0,True
full,3,1089,1089,1.0,1.0,True
full,4,545,545,1.0,1.0,True
head_only,4,18689,129,0.4985,0.0,False
head_only,2,545,17,1.0,0.0669,True
head_only,3,3713,33,0.62275,0.2929,False
head_only,3,1089,65,1.0,0.0,True
full,1,13569,13569,1.0,1.0,True
head_only,2,13569,65,1.0,0.1331,True
full,5,18689,18689,1.0,1.0,True
head_only,2,353,9,0.5015,0.328,False
head_only,4,545,17,0.4255,0.113,False
full,1,1089,1089,1.0,1.0,True
head_only,5,13569,65,0.64775,0.0,False
head_only,5,5249,65,0.58375,0.0,False
head_only,4,13569,65,0.8065,0.1818,False
head_only,2,1601,33,1.0,0.0394,True
head_only,1,545,17,1.0,0.7566,True
head_only,5,137,9,0.54825,0.2268,False
head_only,3,13569,65,0.62225,0.0,False
head_only,1,3713,33,1.0,0.9769,True
full,4,137,137,1.0,1.0,True
head_only,1,545,17,1.0,0.5543,True
head_only,3,545,17,0.619,0.0464,False
head_only,2,18689,129,1.0,0.0,True
full,4,545,545,1.0,1.0,True
head_only,5,545,17,0.6225,0.2732,False
full,5,3713,3713,1.0,1.0,True
head_only,1,5249,65,1.0,1.0,True
head_only,1,51713,129,1.0,1.0,True
full,3,273,273,1.0,1.0,True
head_only,3,353,9,0.5,0.3304,False
subspace,2,51713,256,1.0,0.9866,True
head_only,2,2177,129,1.0,0.0006,True
full,5,209,209,1.0,0.9051,True
full,5,3713,3713,1.0,1.0,True
full,4,5249,5249,1.0,1.0,True
head_only,5,545,33,0.53625,0.0,False
head_only,3,1601,33,0.62075,0.0049,False
full,3,1089,1089,1.0,1.0,True
full,2,51713,51713,1.0,1.0,True
full,1,2177,2177,1.0,1.0,True
head_only,4,13569,65,0.74525,0.1368,False
head_only,2,51713,129,1.0,0.0079,True
full,4,18689,18689,1.0,1.0,True
full,3,1601,1601,1.0,1.0,True
full,1,13569,13569,1.0,1.0,True
head_only,3,273,17,0.88075,0.0,False
head_only,2,273,17,1.0,0.0002,True
head_only,5,1089,65,0.582,0.0,False
head_only,2,353,9,0.51275,0.2112,False
full,4,3713,3713,1.0,1.0,True
subspace,1,51713,16,1.0,0.6768,True
full,4,137,137,1.0,1.0,True
full,5,5249,5249,1.0,1.0,True
head_only,1,1089,17,1.0,0.6197,True
head_only,5,13569,65,0.462,0.0,False
full,1,1089,1089,1.0,1.0,True
head_only,4,1089,65,0.6735,0.0,False
head_only,2,13569,65,1.0,0.0606,True
full,2,545,545,1.0,1.0,True
full,4,3713,3713,1.0,1.0,True
full,1,545,545,1.0,1.0,True
head_only,2,137,9,1.0,0.0947,True
head_only,4,1089,17,0.6395,0.2939,False
head_only,4,1601,33,0.81475,0.1008,False
head_only,1,137,9,1.0,0.6596,True
head_only,5,1089,65,0.55625,0.0,False
full,5,209,209,0.9415,1.0,False
full,3,51713,51713,1.0,1.0,True
head_only,4,3713,33,0.49,0.0,False
head_only,5,5249,65,0.5935,0.0,False
head_only,4,273,17,0.44175,0.0147,False
head_only,5,545,17,0.494,0.0805,False
head_only,4,209,9,0.4225,0.1894,False
full,4,545,545,1.0,1.0,True
head_only,3,51713,129,0.87325,0.0,False
full,3,3713,3713,1.0,1.0,True
head_only,1,13569,65,1.0,0.9969,True
head_only,1,3713,33,1.0,0.9881,True
head_only,2,13569,65,1.0,0.0569,True
head_only,4,3713,33,0.48875,0.0004,False
head_only,3,1089,17,0.61325,0.4009,False
head_only,3,137,9,0.6215,0.16,False
full,1,2177,2177,1.0,1.0,True
full,1,2177,2177,1.0,1.0,True
head_only,2,209,9,1.0,0.3293,True
head_only,2,545,33,1.0,0.0,True
full,2,13569,13569,1.0,1.0,True
head_only,3,545,33,0.61425,0.0,False
full,2,18689,18689,1.0,1.0,True
full,2,3713,3713,1.0,1.0,True
head_only,4,1089,65,0.5685,0.0,False
head_only,1,5249,65,1.0,1.0,True
head_only,1,137,9,1.0,0.5833,True
head_only,2,5249,65,1.0,0.1422,True
full,2,1089,1089,1.0,1.0,True
head_only,1,51713,129,1.0,1.0,True
full,4,51713,51713,1.0,1.0,True
head_only,2,209,9,0.50125,0.3284,False
full,5,5249,5249,1.0,1.0,True
head_only,4,5249,65,0.62525,0.0,False
head_only,1,5249,65,1.0,1.0,True
full,3,13569,13569,1.0,1.0,True
full,3,13569,13569,1.0,1.0,True
full,3,1089,1089,1.0,1.0,True
full,2,13569,13569,1.0,1.0,True
full,4,137,137,1.0,0.0,True
full,1,1601,1601,1.0,1.0,True
full,5,18689,18689,1.0,1.0,True
full,1,273,273,1.0,1.0,True
head_only,5,51713,129,0.46475,0.0,False
full,3,353,353,1.0,1.0,True
head_only,4,137,9,0.43425,0.2418,False
subspace,4,51713,256,1.0,0.0,True
full,4,13569,13569,1.0,1.0,True
full,5,209,209,1.0,0.0,True
head_only,3,51713,129,1.0,0.0,True
head_only,1,3713,33,1.0,0.8957,True
full,4,1601,1601,1.0,1.0,True
head_only,1,5249,65,1.0,1.0,True
head_only,3,137,9,0.62175,0.1621,False
full,1,2177,2177,1.0,1.0,True
full,1,209,209,1.0,1.0,True
full,3,1601,1601,1.0,1.0,True
head_only,5,1089,17,0.71425,0.1864,False
full,2,353,353,1.0,0.5,True
full,3,5249,5249,1.0,1.0,True
full,1,1089,1089,1.0,1.0,True
full,3,353,353,1.0,0.2451,True
full,2,1089,1089,1.0,1.0,True
subspace,1,51713,16,1.0,0.6496,True
head_only,4,353,9,0.6355,0.3701,False
full,2,2177,2177,1.0,1.0,True
head_only,2,3713,33,1.0,0.144,True
full,2,51713,51713,1.0,1.0,True
full,4,545,545,1.0,1.0,True
head_only,5,545,17,0.6045,0.2523,False
full,4,3713,3713,1.0,1.0,True
head_only,1,51713,129,1.0,1.0,True
head_only,2,545,33,1.0,0.1229,True
subspace,4,51713,4,0.5,0.3233,False
full,2,1089,1089,1.0,1.0,True
head_only,4,137,9,0.43875,0.1021,False
head_only,4,2177,129,0.80975,0.0,False
full,3,273,273,1.0,1.0,True
full,4,545,545,1.0,1.0,True
head_only,2,353,9,1.0,0.2578,True
head_only,5,1089,65,0.91375,0.0,False
head_only,2,3713,33,1.0,0.0205,True
head_only,2,1089,65,1.0,0.2285,True
head_only,5,545,33,0.85025,0.0029,False
head_only,1,209,9,1.0,0.8692,True
head_only,5,273,17,0.60175,0.002,False
head_only,1,545,17,1.0,0.6738,True
subspace,2,51713,1024,1.0,1.0,True
head_only,2,1089,17,0.753,0.1992,False
full,3,353,353,1.0,1.0,True
full,4,2177,2177,1.0,1.0,True
full,4,545,545,1.0,1.0,True
full,1,209,209,1.0,1.0,True
subspace,5,51713,16,0.65525,0.1852,False
subspace,3,51713,64,1.0,0.0011,True
head_only,5,3713,33,0.496,0.2637,False
head_only,1,5249,65,1.0,0.9557,True
full,2,545,545,1.0,1.0,True
head_only,4,51713,129,0.5605,0.0052,False
head_only,5,353,9,0.46775,0.2125,False
full,1,18689,18689,1.0,1.0,True
head_only,1,273,17,1.0,0.813,True
head_only,1,51713,129,1.0,1.0,True
full,2,545,545,1.0,1.0,True
head_only,5,1601,33,0.59875,0.1375,False
full,4,51713,51713,1.0,1.0,True
head_only,1,3713,33,1.0,0.208,True
full,1,3713,3713,1.0,1.0,True
full,1,545,545,1.0,1.0,True
full,5,273,273,1.0,1.0,True
full,1,1601,1601,1.0,1.0,True
full,5,545,545,1.0,1.0,True
head_only,5,353,9,0.555,0.334,False
full,1,353,353,1.0,1.0,True
full,4,1089,1089,1.0,1.0,True
head_only,4,5249,65,0.55825,0.0,False
full,3,1089,1089,1.0,1.0,True
full,1,545,545,1.0,1.0,True
full,2,5249,5249,1.0,1.0,True
full,1,2177,2177,1.0,1.0,True
head_only,1,51713,129,1.0,1.0,True
head_only,4,545,33,0.49625,0.0,False
head_only,1,13569,65,1.0,0.9933,True
full,5,18689,18689,1.0,1.0,True
head_only,5,273,17,0.58675,0.0343,False
head_only,1,273,17,1.0,0.8354,True
full,4,545,545,1.0,1.0,True
full,2,51713,51713,1.0,1.0,True
head_only,1,137,9,1.0,0.7206,True
head_only,5,3713,33,0.45975,0.0151,False
full,3,51713,51713,1.0,1.0,True
full,1,13569,13569,1.0,1.0,True
full,2,13569,13569,1.0,1.0,True
full,5,2177,2177,1.0,1.0,True
full,1,137,137,1.0,1.0,True
full,1,18689,18689,1.0,1.0,True
head_only,4,18689,129,0.62875,0.0,False
full,3,2177,2177,1.0,1.0,True
full,3,1089,1089,1.0,1.0,True
head_only,2,1601,33,1.0,0.0,True
head_only,4,1089,17,0.6215,0.0708,False
full,3,209,209,1.0,1.0,True
head_only,4,545,17,0.5745,0.0009,False
head_only,2,13569,65,0.499,0.1805,False
head_only,2,51713,129,1.0,0.3081,True
head_only,1,545,33,1.0,1.0,True
full,3,545,545,1.0,1.0,True
head_only,3,51713,129,1.0,0.0,True
head_only,5,353,9,0.56025,0.4531,False
head_only,1,2177,129,1.0,1.0,True
full,5,1089,1089,1.0,1.0,True
head_only,4,545,33,0.49625,0.0,False
head_only,3,1601,33,1.0,0.0,True
full,2,5249,5249,1.0,1.0,True
head_only,5,5249,65,0.967,0.0001,True
head_only,4,13569,65,0.4455,0.0,False
head_only,3,13569,65,1.0,0.0,True
full,5,1601,1601,1.0,1.0,True
full,4,273,273,1.0,1.0,True
head_only,4,51713,129,0.561,0.0,False
full,5,2177,2177,1.0,1.0,True
head_only,5,18689,129,0.528,0.0,False
full,1,5249,5249,1.0,1.0,True
full,3,1601,1601,1.0,1.0,True
full,1,1089,1089,1.0,1.0,True
full,4,2177,2177,1.0,1.0,True
full,2,13569,13569,1.0,1.0,True
head_only,4,5249,65,1.0,0.0004,True
full,2,1601,1601,1.0,1.0,True
subspace,2,51713,16,1.0,0.1435,True
full,5,137,137,1.0,0.4727,True
full,1,1089,1089,1.0,1.0,True
full,2,18689,18689,1.0,1.0,True
head_only,5,51713,129,0.8175,0.0963,False
full,4,13569,13569,1.0,1.0,True
full,2,273,273,1.0,1.0,True
subspace,2,51713,1,0.48775,0.5441,False
full,1,209,209,1.0,1.0,True
full,1,2177,2177,1.0,1.0,True
full,2,545,545,1.0,1.0,True
head_only,5,209,9,0.493,0.2146,False
head_only,5,5249,65,0.566,0.0,False
subspace,3,51713,1024,1.0,0.9995,True
head_only,3,3713,33,1.0,0.0189,True
head_only,5,2177,129,0.5345,0.0,False
head_only,5,13569,65,0.9675,0.0002,True
head_only,3,137,9,0.63675,0.1666,False
full,3,209,209,1.0,1.0,True
full,4,137,137,1.0,1.0,True
full,3,273,273,1.0,1.0,True
head_only,1,209,9,1.0,0.8164,True
head_only,3,545,17,0.878,0.0131,False
head_only,3,1601,33,1.0,0.0333,True
head_only,5,545,17,0.49475,0.0108,False
head_only,1,545,17,1.0,0.8461,True
full,1,353,353,1.0,1.0,True
head_only,1,1601,33,1.0,0.5475,True
head_only,2,51713,129,1.0,0.129,True
head_only,1,273,17,1.0,0.827,True
full,2,545,545,1.0,1.0,True
head_only,5,353,9,0.54325,0.3738,False
head_only,2,2177,129,1.0,0.6667,True
head_only,1,1089,17,1.0,0.8474,True
head_only,5,18689,129,0.471,0.0,False
head_only,2,353,9,0.51075,0.1706,False
full,4,545,545,1.0,1.0,True
head_only,5,137,9,0.4585,0.237,False
full,4,3713,3713,1.0,1.0,True
head_only,4,2177,129,0.61025,0.0,False
head_only,1,1601,33,1.0,0.9993,True
full,4,209,209,1.0,1.0,True
full,2,137,137,1.0,1.0,True
full,5,273,273,1.0,0.0,True
full,3,545,545,1.0,1.0,True
full,5,13569,13569,1.0,1.0,True
head_only,1,545,33,1.0,1.0,True
head_only,5,51713,129,0.758,0.0521,False
full,3,545,545,1.0,1.0,True
full,1,1089,1089,1.0,1.0,True
full,1,545,545,1.0,1.0,True
head_only,4,273,17,0.7615,0.1246,False
full,3,1601,1601,1.0,1.0,True
head_only,4,3713,33,0.94125,0.0291,False
full,5,51713,51713,1.0,1.0,True
full,3,3713,3713,1.0,1.0,True
head_only,5,273,17,0.714,0.1864,False
full,5,1089,1089,1.0,1.0,True
full,3,2177,2177,1.0,1.0,True
head_only,4,18689,129,1.0,0.0,True
full,3,3713,3713,1.0,1.0,True
full,5,545,545,1.0,1.0,True
head_only,3,13569,65,0.87225,0.0,False
full,4,18689,18689,1.0,1.0,True
head_only,4,209,9,0.5035,0.2302,False
head_only,4,1089,65,0.6915,0.0,False
head_only,2,353,9,0.5,0.3104,False
full,4,51713,51713,1.0,1.0,True
head_only,2,1601,33,1.0,0.0684,True
head_only,5,273,17,0.44175,0.0421,False
full,2,209,209,1.0,1.0,True
full,1,353,353,1.0,1.0,True
full,4,5249,5249,1.0,1.0,True
full,1,209,209,1.0,1.0,True
full,3,1089,1089,1.0,1.0,True
full,3,51713,51713,1.0,1.0,True
full,5,1089,1089,1.0,1.0,True
head_only,5,5249,65,1.0,0.0168,True
head_only,5,1089,65,0.56,0.0,False
full,3,209,209,1.0,1.0,True
full,1,273,273,1.0,1.0,True
head_only,2,1089,65,1.0,0.1263,True
head_only,1,3713,33,1.0,0.9989,True
head_only,5,1089,17,0.5575,0.3929,False
full,5,3713,3713,1.0,1.0,True
head_only,3,2177,129,1.0,0.0,True
head_only,3,209,9,0.62575,0.1055,False
full,1,18689,18689,1.0,1.0,True
full,4,13569,13569,1.0,1.0,True
head_only,5,2177,129,0.55375,0.0,False
full,1,5249,5249,1.0,1.0,True
full,1,51713,51713,1.0,1.0,True
full,4,1089,1089,1.0,1.0,True
subspace,1,51713,4,0.5,0.5835,False
head_only,1,209,9,1.0,0.7934,True
head_only,1,51713,129,1.0,1.0,True
head_only,4,3713,33,0.81975,0.0397,False
full,2,545,545,1.0,1.0,True
full,1,545,545,1.0,1.0,True
full,1,3713,3713,1.0,1.0,True
full,1,2177,2177,1.0,1.0,True
full,1,1089,1089,1.0,1.0,True
full,5,5249,5249,1.0,1.0,True
full,3,1601,1601,1.0,1.0,True
head_only,3,353,9,0.5,0.3899,False
head_only,2,545,33,1.0,0.0881,True
head_only,4,1089,65,1.0,0.0005,True
full,1,137,137,1.0,1.0,True
head_only,5,545,17,0.436,0.1652,False
full,4,1601,1601,1.0,1.0,True
full,2,3713,3713,1.0,1.0,True
full,5,2177,2177,1.0,1.0,True
full,4,209,209,1.0,1.0,True
head_only,4,545,33,0.50325,0.0,False
head_only,5,51713,129,0.524,0.005,False
head_only,4,1601,33,0.55175,0.0033,False
head_only,2,209,9,0.744,0.2812,False
head_only,3,137,9,0.7485,0.2412,False
head_only,1,1089,65,1.0,0.9998,True
full,1,137,137,1.0,1.0,True
subspace,5,51713,1024,1.0,0.0558,True
full,2,209,209,1.0,1.0,True
full,2,13569,13569,1.0,1.0,True
full,4,3713,3713,1.0,1.0,True
head_only,4,545,33,0.4285,0.0,False
head_only,1,209,9,1.0,0.5954,True
full,5,1089,1089,1.0,1.0,True
full,1,1601,1601,1.0,1.0,True
head_only,4,545,17,0.4885,0.006,False
head_only,1,545,33,1.0,1.0,True
head_only,1,13569,65,1.0,0.9938,True
head_only,5,2177,129,1.0,0.0,True
head_only,1,5249,65,1.0,0.7822,True
full,3,545,545,1.0,1.0,True
full,3,353,353,1.0,1.0,True
full,4,209,209,1.0,1.0,True
full,5,13569,13569,1.0,1.0,True
full,4,2177,2177,1.0,1.0,True
full,3,2177,2177,1.0,1.0,True
head_only,4,1601,33,0.93675,0.0173,False
head_only,1,137,9,1.0,0.5898,True
head_only,1,1601,33,1.0,0.9942,True
head_only,1,545,33,1.0,1.0,True
head_only,5,545,17,0.49325,0.2093,False
full,4,1601,1601,1.0,1.0,True
head_only,2,3713,33,1.0,0.0212,True
head_only,5,51713,129,0.46625,0.0,False
full,5,18689,18689,1.0,1.0,True
head_only,4,1601,33,0.54075,0.0042,False
full,3,1089,1089,1.0,1.0,True
full,5,1601,1601,1.0,1.0,True
full,1,137,137,1.0,1.0,True
full,5,353,353,1.0,1.0,True
full,2,13569,13569,1.0,1.0,True
full,1,1089,1089,1.0,1.0,True
head_only,5,137,9,0.60125,0.1622,False
full,4,273,273,1.0,1.0,True
head_only,5,1601,33,0.509,0.0362,False
full,3,51713,51713,1.0,1.0,True
head_only,3,1089,65,1.0,0.0,True
full,2,3713,3713,1.0,1.0,True
head_only,3,1089,17,0.49725,0.2652,False
head_only,1,1601,33,1.0,0.9912,True
head_only,4,1601,33,0.44825,0.0001,False
head_only,5,13569,65,0.87275,0.0001,False
head_only,3,545,17,0.50075,0.118,False
subspace,4,51713,256,1.0,0.0,True
head_only,4,545,17,0.80675,0.2759,False
full,4,209,209,1.0,1.0,True
head_only,3,137,9,1.0,0.1812,True
head_only,1,3713,33,1.0,0.5322,True
full,3,5249,5249,1.0,1.0,True
head_only,5,353,9,0.524,0.2066,False
head_only,4,545,33,0.44325,0.004,False
head_only,3,137,9,0.61575,0.2261,False
full,3,1601,1601,1.0,1.0,True
head_only,3,209,9,0.5,0.1915,False
head_only,3,5249,65,1.0,0.0,True
full,4,1089,1089,1.0,1.0,True
full,3,545,545,1.0,1.0,True
full,3,2177,2177,1.0,1.0,True
full,5,1601,1601,1.0,1.0,True
head_only,4,209,9,0.5125,0.3439,False
full,4,5249,5249,1.0,1.0,True
full,1,137,137,1.0,1.0,True
full,4,137,137,1.0,1.0,True
full,4,273,273,1.0,1.0,True
full,1,1089,1089,1.0,1.0,True
full,2,2177,2177,1.0,1.0,True
subspace,5,51713,64,0.74575,0.0004,False
head_only,3,2177,129,0.63975,0.0,False
full,4,51713,51713,1.0,1.0,True
head_only,4,1089,17,0.5585,0.0954,False
head_only,3,13569,65,0.37125,0.1773,False
head_only,4,13569,65,0.43575,0.0003,False
head_only,3,2177,129,0.75225,0.0,False
head_only,1,137,9,1.0,0.799,True
head_only,2,545,33,1.0,0.0351,True
full,4,209,209,1.0,1.0,True
full,5,18689,18689,1.0,1.0,True
full,1,51713,51713,1.0,1.0,True
head_only,4,545,33,1.0,0.0168,True
full,5,5249,5249,1.0,1.0,True
head_only,3,1089,65,1.0,0.0,True
head_only,4,209,9,0.632,0.128,False
head_only,1,137,9,1.0,0.6717,True
full,3,5249,5249,1.0,1.0,True
head_only,5,51713,129,0.53675,0.0,False
head_only,1,3713,33,1.0,0.6754,True
head_only,1,545,33,1.0,0.9821,True
head_only,2,273,17,1.0,0.0684,True
head_only,2,273,17,1.0,0.1069,True
head_only,2,18689,129,1.0,0.0006,True
full,4,545,545,1.0,1.0,True
head_only,1,3713,33,1.0,0.8755,True
head_only,5,5249,65,0.60175,0.0,False
full,4,3713,3713,1.0,1.0,True
head_only,2,1089,65,1.0,0.3663,True
full,2,137,137,1.0,1.0,True
full,3,353,353,1.0,1.0,True
full,1,545,545,1.0,1.0,True
full,3,273,273,1.0,1.0,True
full,3,209,209,1.0,1.0,True
full,3,1089,1089,1.0,1.0,True
head_only,3,18689,129,1.0,0.0,True
full,4,2177,2177,1.0,1.0,True
full,5,5249,5249,1.0,1.0,True
full,1,545,545,1.0,1.0,True
full,1,5249,5249,1.0,1.0,True
head_only,3,18689,129,1.0,0.0,True
full,2,1089,1089,1.0,1.0,True
full,4,18689,18689,1.0,1.0,True
head_only,3,3713,33,0.74975,0.0063,False
head_only,1,18689,129,1.0,1.0,True
head_only,3,13569,65,0.37025,0.0,False
full,3,545,545,1.0,1.0,True
head_only,4,353,9,0.5,0.3473,False
head_only,4,209,9,0.62725,0.1909,False
full,2,1601,1601,1.0,1.0,True
head_only,2,18689,129,1.0,0.6591,True
full,5,5249,5249,1.0,1.0,True
head_only,1,545,17,1.0,0.7964,True
head_only,1,545,17,1.0,0.5634,True
head_only,5,3713,33,0.52525,0.0032,False
full,1,545,545,1.0,1.0,True
full,4,1089,1089,1.0,1.0,True
subspace,5,51713,1024,1.0,0.0008,True
head_only,2,3713,33,0.745,0.0151,False
head_only,5,13569,65,0.4365,0.0,False
full,3,545,545,1.0,1.0,True
full,4,51713,51713,1.0,1.0,True
full,3,545,545,1.0,1.0,True
head_only,3,51713,129,0.74975,0.0,False
full,3,13569,13569,1.0,1.0,True
head_only,1,209,9,1.0,0.4577,True
head_only,2,1089,17,0.7555,0.2912,False
full,4,13569,13569,1.0,1.0,True
full,5,545,545,1.0,1.0,True
full,3,3713,3713,1.0,1.0,True
full,5,18689,18689,1.0,1.0,True
full,2,353,353,1.0,1.0,True
full,1,353,353,1.0,1.0,True
head_only,2,1089,17,1.0,0.1163,True
full,5,1601,1601,1.0,1.0,True
head_only,5,1089,65,0.49325,0.0,False
subspace,1,51713,4,0.5,0.5015,False
head_only,2,5249,65,1.0,0.1293,True
head_only,1,3713,33,1.0,0.9872,True
head_only,5,545,17,0.5265,0.082,False
subspace,5,51713,16,0.65425,0.1503,False
full,5,1601,1601,1.0,1.0,True
head_only,1,1089,65,1.0,1.0,True
full,1,13569,13569,1.0,1.0,True
full,1,353,353,1.0,1.0,True
full,2,137,137,1.0,1.0,True
full,4,137,137,1.0,1.0,True
full,5,2177,2177,1.0,1.0,True
head_only,2,137,9,1.0,0.1148,True
subspace,4,51713,1024,1.0,0.9978,True
head_only,2,1089,65,1.0,0.5159,True
full,5,353,353,1.0,1.0,True
full,2,1601,1601,1.0,1.0,True
head_only,3,1601,33,0.63025,0.0017,False
head_only,2,3713,33,1.0,0.0135,True
head_only,4,273,17,0.49575,0.1444,False
subspace,3,51713,64,1.0,0.0015,True
full,1,2177,2177,1.0,1.0,True
head_only,5,3713,33,0.524,0.0099,False
full,5,13569,13569,1.0,1.0,True
head_only,4,545,17,0.562,0.0677,False
full,2,137,137,1.0,1.0,True
head_only,4,1089,17,0.50075,0.3873,False
head_only,5,353,9,0.52375,0.39,False
head_only,1,13569,65,1.0,1.0,True
head_only,2,2177,129,1.0,0.7662,True
full,1,51713,51713,1.0,1.0,True
head_only,3,545,33,0.5155,0.0,False
head_only,3,273,17,1.0,0.0863,True
full,5,137,137,1.0,0.8569,True
head_only,3,51713,129,1.0,0.0,True
head_only,5,18689,129,0.51875,0.0,False
full,3,545,545,1.0,1.0,True
head_only,3,273,17,0.87375,0.0028,False
full,5,1089,1089,1.0,1.0,True
head_only,4,13569,65,0.68375,0.1608,False
full,2,273,273,1.0,1.0,True
full,4,545,545,1.0,1.0,True
head_only,3,545,17,0.37475,0.076,False
head_only,1,137,9,1.0,0.6596,True
head_only,3,1089,65,1.0,0.0002,True
full,5,5249,5249,1.0,1.0,True
head_only,2,2177,129,1.0,0.8537,True
head_only,3,137,9,0.7485,0.2412,False
head_only,5,273,17,0.6225,0.0556,False
head_only,4,2177,129,0.75575,0.0,False
full,2,545,545,1.0,1.0,True
head_only,5,545,17,0.45825,0.0736,False
head_only,1,209,9,1.0,0.5979,True
head_only,4,545,33,0.44825,0.0002,False
full,1,51713,51713,1.0,1.0,True
full,3,1089,1089,1.0,1.0,True
head_only,3,2177,129,1.0,0.0,True
head_only,3,1089,17,0.87275,0.0954,False
full,5,1089,1089,1.0,1.0,True
full,3,5249,5249,1.0,1.0,True
head_only,2,137,9,1.0,0.2026,True
head_only,5,3713,33,0.733,0.0248,False
full,5,5249,5249,1.0,1.0,True
full,4,5249,5249,1.0,1.0,True
full,4,1601,1601,1.0,1.0,True
head_only,1,2177,129,1.0,1.0,True
full,4,51713,51713,1.0,1.0,True
head_only,3,1089,17,0.5,0.3564,False
head_only,2,545,33,1.0,0.1097,True
full,4,18689,18689,1.0,1.0,True
head_only,2,545,17,1.0,0.2219,True
full,2,1601,1601,1.0,1.0,True
full,5,51713,51713,1.0,1.0,True
full,4,5249,5249,1.0,1.0,True
full,5,51713,51713,1.0,1.0,True
full,4,1089,1089,1.0,1.0,True
full,3,209,209,1.0,1.0,True
head_only,1,545,33,1.0,1.0,True
full,1,1089,1089,1.0,1.0,True
head_only,4,545,33,0.54775,0.0,False
full,1,353,353,1.0,1.0,True
head_only,4,2177,129,1.0,0.0,True
head_only,1,545,17,1.0,0.7788,True
head_only,5,1601,33,0.62575,0.0031,False
full,1,5249,5249,1.0,1.0,True
full,1,2177,2177,1.0,1.0,True
full,5,137,137,0.907,0.6368,False
full,1,545,545,1.0,1.0,True
full,5,1089,1089,1.0,1.0,True
full,1,545,545,1.0,1.0,True
head_only,2,5249,65,1.0,0.1736,True
head_only,1,2177,129,1.0,1.0,True
head_only,1,18689,129,1.0,1.0,True
full,5,209,209,1.0,1.0,True
head_only,4,3713,33,0.67875,0.2518,False
subspace,1,51713,1,0.5,0.41,False
full,3,353,353,1.0,1.0,True
head_only,5,353,9,0.5,0.3824,False
head_only,2,137,9,1.0,0.2655,True
full,2,137,137,1.0,1.0,True
head_only,4,273,17,0.821,0.1518,False
full,2,209,209,1.0,1.0,True
full,5,18689,18689,1.0,1.0,True
full,5,353,353,1.0,1.0,True
full,5,18689,18689,1.0,1.0,True
head_only,1,51713,129,1.0,0.5724,True
head_only,1,3713,33,1.0,0.7834,True
head_only,3,1601,33,1.0,0.0209,True
head_only,2,3713,33,1.0,0.0427,True
full,1,137,137,1.0,1.0,True
head_only,4,273,17,0.55575,0.055,False
full,5,13569,13569,1.0,1.0,True
head_only,3,545,33,0.5155,0.0,False
full,3,2177,2177,1.0,1.0,True
head_only,2,353,9,0.5015,0.2031,False
head_only,3,13569,65,1.0,0.0,True
full,5,1601,1601,1.0,1.0,True
full,3,353,353,1.0,1.0,True
head_only,4,18689,129,0.7535,0.0,False
head_only,4,273,17,0.4295,0.0454,False
head_only,4,13569,65,0.43325,0.0,False
head_only,2,353,9,0.75425,0.1941,False
head_only,4,2177,129,1.0,0.0,True
full,5,1601,1601,1.0,1.0,True
full,5,1601,1601,1.0,1.0,True
subspace,5,51713,256,1.0,0.0,True
head_only,5,5249,65,0.8835,0.0506,False
full,4,3713,3713,1.0,1.0,True
full,1,1089,1089,1.0,1.0,True
full,1,137,137,1.0,1.0,True
head_only,1,353,9,1.0,0.4363,True
full,2,5249,5249,1.0,1.0,True
full,2,3713,3713,1.0,1.0,True
head_only,5,5249,65,0.5865,0.0014,False
full,5,1601,1601,1.0,1.0,True
full,2,18689,18689,1.0,1.0,True
full,1,1089,1089,1.0,1.0,True
full,3,353,353,1.0,1.0,True
head_only,4,2177,129,1.0,0.0,True
full,2,1601,1601,1.0,1.0,True
head_only,2,2177,129,1.0,0.6772,True
full,1,13569,13569,1.0,1.0,True
head_only,5,273,17,0.5595,0.0894,False
head_only,4,13569,65,0.50225,0.0,False
full,4,1089,1089,1.0,1.0,True
head_only,2,137,9,1.0,0.1854,True
full,3,2177,2177,1.0,1.0,True
head_only,4,18689,129,0.486,0.0,False
head_only,2,1089,65,1.0,0.2502,True
full,5,51713,51713,1.0,1.0,True
full,3,5249,5249,1.0,1.0,True
head_only,5,545,33,0.528,0.0,False
head_only,2,13569,65,1.0,0.2109,True
full,2,545,545,1.0,1.0,True
full,5,2177,2177,1.0,1.0,True
full,2,13569,13569,1.0,1.0,True
full,4,209,209,1.0,1.0,True
head_only,4,1089,17,0.744,0.1275,False
full,4,1089,1089,1.0,1.0,True
full,3,3713,3713,1.0,1.0,True
subspace,1,51713,256,1.0,1.0,True
full,5,273,273,1.0,0.9258,True
full,4,1089,1089,1.0,1.0,True
head_only,4,209,9,0.567,0.2458,False
head_only,5,3713,33,0.497,0.0078,False
full,1,2177,2177,1.0,1.0,True
full,2,545,545,1.0,1.0,True
full,5,2177,2177,1.0,1.0,True
full,2,545,545,1.0,1.0,True
head_only,2,353,9,1.0,0.2889,True
full,3,3713,3713,1.0,1.0,True
head_only,4,3713,33,0.56975,0.0403,False
head_only,4,1601,33,0.86525,0.0078,False
head_only,1,2177,129,1.0,1.0,True
head_only,4,18689,129,1.0,0.0004,True
full,4,545,545,1.0,1.0,True
head_only,4,545,17,0.5555,0.2086,False
full,5,209,209,1.0,0.3685,True
full,1,353,353,1.0,1.0,True
head_only,4,137,9,0.62,0.1735,False
head_only,3,5249,65,1.0,0.0,True
head_only,4,13569,65,0.4275,0.1777,False
head_only,5,5249,65,0.9105,0.0464,False
head_only,2,353,9,1.0,0.2112,True
head_only,1,353,9,1.0,0.6736,True
head_only,2,1089,65,1.0,0.0,True
full,5,51713,51713,1.0,1.0,True
head_only,5,353,9,0.53075,0.3889,False
head_only,2,137,9,1.0,0.2699,True
full,3,353,353,1.0,1.0,True
full,1,137,137,1.0,1.0,True
full,5,1089,1089,1.0,1.0,True
head_only,3,353,9,0.62025,0.3496,False
head_only,5,1601,33,0.4885,0.0317,False
full,4,545,545,1.0,1.0,True
head_only,4,1089,65,1.0,0.0,True
subspace,1,51713,16,1.0,0.5794,True
full,4,1089,1089,1.0,1.0,True
full,4,13569,13569,1.0,1.0,True
head_only,3,5249,65,1.0,0.0,True
head_only,3,545,17,0.87475,0.1925,False
full,1,51713,51713,1.0,1.0,True
head_only,1,18689,129,1.0,1.0,True
head_only,4,545,17,0.555,0.1882,False
full,3,1601,1601,1.0,1.0,True
full,5,545,545,1.0,1.0,True
head_only,1,1089,17,1.0,0.6568,True
full,2,5249,5249,1.0,1.0,True
full,4,1089,1089,1.0,1.0,True
full,1,1089,1089,1.0,1.0,True
full,1,1089,1089,1.0,1.0,True
subspace,2,51713,256,1.0,0.9906,True
head_only,2,5249,65,1.0,0.0208,True
full,5,1601,1601,1.0,1.0,True
head_only,5,1089,17,0.53575,0.0806,False
full,5,1089,1089,1.0,1.0,True
head_only,4,353,9,0.557,0.3702,False
head_only,2,2177,129,1.0,0.0178,True
full,3,51713,51713,1.0,1.0,True
full,4,13569,13569,1.0,1.0,True
head_only,1,353,9,1.0,0.8361,True
head_only,1,1089,17,1.0,0.4018,True
full,4,1089,1089,1.0,1.0,True
head_only,5,273,17,0.62325,0.1192,False
full,1,545,545,1.0,1.0,True
full,3,545,545,1.0,1.0,True
full,3,545,545,1.0,1.0,True
subspace,2,51713,1,0.5,0.2744,False
head_only,5,1601,33,0.5595,0.033,False
full,2,51713,51713,1.0,1.0,True
full,2,353,353,1.0,1.0,True
full,1,1089,1089,1.0,1.0,True
head_only,4,209,9,0.57075,0.178,False
head_only,2,1089,65,1.0,0.0001,True
full,4,2177,2177,1.0,1.0,True
head_only,5,353,9,0.6235,0.3114,False
head_only,1,1089,65,1.0,1.0,True
head_only,3,13569,65,0.63725,0.0,False
head_only,1,5249,65,1.0,0.8994,True
full,1,13569,13569,1.0,1.0,True
head_only,4,1601,33,0.4795,0.0,False
head_only,4,353,9,0.6145,0.3721,False
full,2,13569,13569,1.0,1.0,True
head_only,1,1089,17,1.0,0.9179,True
head_only,2,2177,129,1.0,0.0016,True
full,1,209,209,1.0,1.0,True
subspace,4,51713,16,0.627,0.068,False
full,5,13569,13569,1.0,1.0,True
head_only,3,18689,129,1.0,0.0,True
head_only,4,353,9,0.5,0.4269,False
full,4,545,545,1.0,1.0,True
head_only,1,273,17,1.0,0.529,True
full,1,137,137,1.0,1.0,True
head_only,5,545,33,0.48675,0.0,False
full,5,3713,3713,1.0,1.0,True
full,1,3713,3713,1.0,1.0,True
subspace,5,51713,64,0.67775,0.0,False
subspace,4,51713,1024,1.0,0.9922,True
head_only,4,137,9,0.42525,0.0528,False
full,5,51713,51713,1.0,1.0,True
full,2,1089,1089,1.0,1.0,True
head_only,3,209,9,0.62,0.1331,False
full,3,2177,2177,1.0,1.0,True
full,1,353,353,1.0,1.0,True
head_only,3,273,17,0.74,0.0153,False
head_only,1,5249,65,1.0,1.0,True
full,4,137,137,1.0,0.154,True
head_only,5,545,33,0.4675,0.0021,False
full,5,209,209,1.0,1.0,True
head_only,5,51713,129,0.97225,0.0,True
head_only,5,545,17,0.471,0.0476,False
head_only,3,2177,129,0.63975,0.0,False
full,3,545,545,1.0,1.0,True
head_only,3,51713,129,1.0,0.0547,True
full,4,13569,13569,1.0,1.0,True
head_only,3,353,9,0.7545,0.1805,False
head_only,5,51713,129,0.711,0.0241,False
head_only,1,13569,65,1.0,0.9946,True
full,4,1601,1601,1.0,1.0,True
head_only,2,18689,129,1.0,0.5524,True
head_only,4,13569,65,0.62225,0.1824,False
head_only,4,3713,33,0.5,0.3293,False
head_only,5,2177,129,1.0,0.0,True
head_only,4,1089,65,0.579,0.0,False
head_only,1,51713,129,1.0,0.8725,True
head_only,2,2177,129,1.0,0.0044,True
head_only,3,209,9,0.48475,0.2311,False
full,4,2177,2177,1.0,1.0,True
full,3,5249,5249,1.0,1.0,True
head_only,3,1089,17,0.75675,0.0042,False
full,4,1089,1089,1.0,1.0,True
full,5,13569,13569,1.0,1.0,True
head_only,5,18689,129,0.53,0.0,False
full,5,273,273,1.0,1.0,True
full,1,3713,3713,1.0,1.0,True
full,1,3713,3713,1.0,1.0,True
full,2,273,273,1.0,1.0,True
full,4,51713,51713,1.0,1.0,True
head_only,4,2177,129,0.7,0.0,False
head_only,5,545,33,0.87575,0.0076,False
head_only,2,353,9,0.7495,0.2865,False
head_only,2,1601,33,1.0,0.068,True
full,1,1089,1089,1.0,1.0,True
full,5,545,545,1.0,1.0,True
head_only,5,1089,17,0.50625,0.1695,False
full,3,3713,3713,1.0,1.0,True
full,5,545,545,1.0,0.9719,True
head_only,4,1089,65,0.50375,0.0,False
full,5,545,545,1.0,1.0,True
head_only,2,137,9,1.0,0.2613,True
full,2,5249,5249,1.0,1.0,True
head_only,4,2177,129,1.0,0.0,True
full,2,1089,1089,1.0,1.0,True
head_only,5,3713,33,0.71225,0.0321,False
subspace,5,51713,256,1.0,0.0,True
head_only,1,209,9,1.0,0.6848,True
full,3,13569,13569,1.0,1.0,True
full,4,353,353,1.0,1.0,True
full,3,1089,1089,1.0,1.0,True
full,5,2177,2177,1.0,1.0,True
head_only,2,1601,33,1.0,0.0287,True
full,5,273,273,1.0,1.0,True
head_only,1,1601,33,1.0,1.0,True
head_only,4,2177,129,0.697,0.0,False
full,2,3713,3713,1.0,1.0,True
subspace,3,51713,256,1.0,0.0,True
full,5,5249,5249,1.0,1.0,True
head_only,2,209,9,0.74575,0.2342,False
full,3,209,209,1.0,1.0,True
full,1,2177,2177,1.0,1.0,True
head_only,4,5249,65,0.50825,0.0001,False
head_only,5,18689,129,0.53125,0.0,False
full,1,3713,3713,1.0,1.0,True
head_only,4,1089,17,0.679,0.3471,False
head_only,2,273,17,1.0,0.1687,True
head_only,4,13569,65,0.554,0.0,False
full,4,13569,13569,1.0,1.0,True
head_only,5,18689,129,1.0,0.0003,True
head_only,3,18689,129,1.0,0.0004,True
head_only,5,273,17,0.52575,0.0717,False
head_only,4,1089,17,0.5,0.2552,False
subspace,4,51713,1,0.5,0.4941,False
head_only,5,1601,33,0.52375,0.0,False
head_only,5,273,17,0.75275,0.1216,False
full,2,3713,3713,1.0,1.0,True
head_only,5,1089,17,0.6525,0.2336,False
full,2,209,209,1.0,1.0,True
full,3,209,209,1.0,1.0,True
head_only,1,545,33,1.0,0.9554,True
head_only,5,2177,129,0.429,0.0,False
head_only,4,5249,65,0.55875,0.0012,False
head_only,2,353,9,1.0,0.1593,True
full,4,137,137,1.0,0.4965,True
full,4,5249,5249,1.0,1.0,True
head_only,2,13569,65,1.0,0.2876,True
subspace,1,51713,16,1.0,0.6319,True
full,2,137,137,1.0,1.0,True
head_only,5,545,33,0.62375,0.0,False
full,5,51713,51713,1.0,1.0,True
full,4,353,353,1.0,1.0,True
full,1,1089,1089,1.0,1.0,True
subspace,3,51713,4,0.62825,0.3915,False
full,2,209,209,1.0,1.0,True
head_only,3,13569,65,0.5,0.1628,False
head_only,3,1089,65,0.8755,0.0,False
head_only,1,1089,65,1.0,1.0,True
head_only,1,1089,65,1.0,0.9996,True
head_only,5,18689,129,1.0,0.0,True
full,2,2177,2177,1.0,1.0,True
full,2,1601,1601,1.0,1.0,True
full,2,2177,2177,1.0,1.0,True
head_only,4,5249,65,1.0,0.0,True
full,5,273,273,1.0,0.0,True
full,1,5249,5249,1.0,1.0,True
full,2,273,273,1.0,1.0,True
head_only,3,545,17,0.86375,0.2815,False
full,5,13569,13569,1.0,1.0,True
head_only,2,5249,65,1.0,0.0,True
full,5,5249,5249,1.0,1.0,True
full,4,1089,1089,1.0,1.0,True
full,3,5249,5249,1.0,1.0,True
head_only,4,51713,129,1.0,0.0,True
full,5,3713,3713,1.0,1.0,True
full,3,5249,5249,1.0,1.0,True
head_only,2,5249,65,1.0,0.0,True
head_only,3,545,17,0.8795,0.072,False
head_only,1,137,9,1.0,0.6648,True
head_only,1,1601,33,1.0,1.0,True
full,1,353,353,1.0,1.0,True
full,5,51713,51713,1.0,1.0,True
full,1,273,273,1.0,1.0,True
head_only,1,1089,17,1.0,0.5503,True
head_only,5,209,9,0.5645,0.1362,False
head_only,2,3713,33,1.0,0.0,True
head_only,1,273,17,1.0,0.9189,True
head_only,4,1089,17,0.506,0.1946,False
full,5,1089,1089,1.0,1.0,True
full,3,1089,1089,1.0,1.0,True
full,4,137,137,1.0,1.0,True
head_only,4,1089,65,0.49975,0.0,False
head_only,5,2177,129,1.0,0.0,True
head_only,5,5249,65,0.46925,0.0,False
full,4,18689,18689,1.0,1.0,True
head_only,3,1089,65,0.50275,0.0,False
full,4,1089,1089,1.0,1.0,True
full,4,5249,5249,1.0,1.0,True
full,5,1601,1601,1.0,1.0,True
head_only,1,2177,129,1.0,1.0,True
head_only,4,18689,129,0.61025,0.0,False
full,1,51713,51713,1.0,1.0,True
full,1,545,545,1.0,1.0,True
full,3,545,545,1.0,1.0,True
full,1,353,353,1.0,1.0,True
full,1,353,353,1.0,1.0,True
full,4,137,137,1.0,1.0,True
full,3,209,209,1.0,1.0,True
head_only,5,2177,129,0.5645,0.0,False
head_only,4,273,17,0.5605,0.0001,False
head_only,5,137,9,0.56175,0.2796,False
head_only,1,545,33,1.0,0.9687,True
full,3,209,209,1.0,1.0,True
head_only,5,3713,33,0.52775,0.1623,False
head_only,5,2177,129,1.0,0.0,True
head_only,3,137,9,0.62675,0.0895,False
full,5,13569,13569,1.0,1.0,True
head_only,2,545,17,1.0,0.295,True
full,1,209,209,1.0,1.0,True
full,2,18689,18689,1.0,1.0,True
head_only,2,353,9,0.50375,0.3479,False
full,5,2177,2177,1.0,1.0,True
full,3,137,137,1.0,1.0,True
head_only,5,273,17,0.5315,0.0005,False
head_only,2,1089,65,1.0,0.0,True
head_only,2,51713,129,1.0,0.3169,True
head_only,5,13569,65,0.46325,0.1655,False
head_only,3,18689,129,1.0,0.0,True
full,2,13569,13569,1.0,1.0,True
head_only,2,3713,33,1.0,0.0,True
head_only,4,137,9,0.419,0.1654,False
head_only,2,51713,129,1.0,0.2566,True
head_only,3,51713,129,1.0,0.0996,True
full,5,51713,51713,1.0,1.0,True
full,2,51713,51713,1.0,1.0,True
full,1,18689,18689,1.0,1.0,True
head_only,1,2177,129,1.0,1.0,True
full,4,545,545,1.0,1.0,True
head_only,5,1089,65,0.5275,0.0,False
full,4,545,545,1.0,1.0,True
head_only,4,1089,65,0.67425,0.0,False
head_only,5,18689,129,0.53,0.0,False
full,2,545,545,1.0,1.0,True
head_only,4,353,9,0.5035,0.2587,False
head_only,3,18689,129,1.0,0.0008,True
head_only,2,273,17,1.0,0.2382,True
head_only,2,51713,129,1.0,0.0,True
full,5,1089,1089,1.0,1.0,True
full,3,273,273,1.0,1.0,True
head_only,4,3713,33,0.42425,0.1138,False
full,2,545,545,1.0,1.0,True
full,5,3713,3713,1.0,1.0,True
head_only,1,1089,65,1.0,1.0,True
full,2,51713,51713,1.0,1.0,True
full,4,137,137,1.0,0.013,True
head_only,2,273,17,1.0,0.0034,True
full,1,3713,3713,1.0,1.0,True
full,1,13569,13569,1.0,1.0,True
full,4,273,273,1.0,1.0,True
full,1,209,209,1.0,1.0,True
full,3,18689,18689,1.0,1.0,True
full,2,353,353,1.0,1.0,True
head_only,3,545,17,0.611,0.1778,False
head_only,4,1601,33,0.94125,0.0031,False
head_only,3,545,33,1.0,0.0,True
full,1,2177,2177,1.0,1.0,True
subspace,1,51713,4,1.0,0.5333,True
full,5,353,353,1.0,0.2577,True
head_only,4,51713,129,0.554,0.0,False
full,5,209,209,1.0,0.902,True
head_only,2,545,33,1.0,0.0,True
head_only,4,18689,129,0.43,0.0,False
head_only,1,18689,129,1.0,1.0,True
full,3,13569,13569,1.0,1.0,True
full,2,545,545,1.0,1.0,True
head_only,4,2177,129,0.633,0.0,False
head_only,4,209,9,0.501,0.1824,False
head_only,5,2177,129,0.56125,0.0,False
full,2,545,545,1.0,1.0,True
full,2,3713,3713,1.0,1.0,True
full,5,273,273,1.0,1.0,True
head_only,2,18689,129,1.0,0.0004,True
full,5,13569,13569,1.0,1.0,True
full,5,545,545,1.0,1.0,True
head_only,3,51713,129,1.0,0.0,True
full,2,137,137,1.0,1.0,True
head_only,3,18689,129,1.0,0.0,True
head_only,3,1089,65,1.0,0.0,True
full,3,51713,51713,1.0,1.0,True
full,2,209,209,1.0,1.0,True
full,3,545,545,1.0,1.0,True
full,1,545,545,1.0,1.0,True
head_only,2,3713,33,1.0,0.3173,True
full,4,3713,3713,1.0,1.0,True
full,5,1089,1089,1.0,1.0,True
head_only,1,545,33,1.0,0.949,True
full,3,545,545,1.0,1.0,True
head_only,4,1089,17,0.56675,0.0212,False
full,5,273,273,1.0,0.0,True
head_only,5,353,9,0.5275,0.1994,False
head_only,3,13569,65,1.0,0.0,True
full,1,1601,1601,1.0,1.0,True
full,3,3713,3713,1.0,1.0,True
full,3,51713,51713,1.0,1.0,True
full,5,5249,5249,1.0,1.0,True
full,3,353,353,1.0,1.0,True
full,3,3713,3713,1.0,1.0,True
head_only,2,545,17,1.0,0.1958,True
full,2,1089,1089,1.0,1.0,True
full,2,18689,18689,1.0,1.0,True
head_only,2,18689,129,1.0,0.0984,True
full,3,1089,1089,1.0,1.0,True
head_only,3,137,9,0.50275,0.1248,False
full,2,273,273,1.0,1.0,True
full,5,209,209,1.0,0.0,True
head_only,4,353,9,0.62075,0.2496,False
full,3,273,273,1.0,1.0,True
head_only,3,273,17,0.629,0.0847,False
head_only,2,1089,65,1.0,0.0014,True
full,4,1089,1089,1.0,1.0,True
full,2,545,545,1.0,1.0,True
full,1,545,545,1.0,1.0,True
full,5,2177,2177,1.0,1.0,True
head_only,4,5249,65,0.56125,0.0,False
head_only,5,353,9,0.5,0.4628,False
subspace,4,51713,1,0.43575,0.7586,False
head_only,2,545,17,1.0,0.1152,True
head_only,4,1089,17,0.37825,0.3163,False
full,4,137,137,1.0,0.0804,True
full,1,1601,1601,1.0,1.0,True
subspace,3,51713,64,1.0,0.0013,True
full,1,1089,1089,1.0,1.0,True
head_only,4,13569,65,0.55425,0.0,False
head_only,4,273,17,0.54525,0.0013,False
full,3,137,137,1.0,1.0,True
full,5,2177,2177,1.0,1.0,True
head_only,5,353,9,0.5,0.3959,False
head_only,2,1089,17,0.75,0.2709,False
head_only,3,1601,33,1.0,0.0,True
full,3,51713,51713,1.0,1.0,True
full,4,353,353,1.0,1.0,True
head_only,3,1089,65,0.49,0.0,False
head_only,3,5249,65,0.757,0.0,False
full,1,209,209,1.0,1.0,True
full,5,545,545,1.0,1.0,True
head_only,2,1089,17,0.7495,0.0264,False
full,2,137,137,1.0,1.0,True
full,1,209,209,1.0,1.0,True
head_only,4,51713,129,0.8105,0.077,False
full,2,51713,51713,1.0,1.0,True
full,3,13569,13569,1.0,1.0,True
head_only,1,5249,65,1.0,1.0,True
head_only,3,18689,129,1.0,0.0,True
full,3,545,545,1.0,1.0,True
full,1,2177,2177,1.0,1.0,True
full,2,51713,51713,1.0,1.0,True
full,4,13569,13569,1.0,1.0,True
full,5,3713,3713,1.0,1.0,True
head_only,1,18689,129,1.0,1.0,True
head_only,2,137,9,1.0,0.1732,True
full,4,2177,2177,1.0,1.0,True
subspace,1,51713,64,1.0,0.976,True
head_only,5,209,9,0.5,0.1661,False
head_only,1,51713,129,1.0,1.0,True
head_only,3,1089,65,1.0,0.0,True
head_only,5,273,17,0.4975,0.1506,False
head_only,5,353,9,0.49325,0.3148,False
head_only,3,353,9,0.5045,0.3834,False
head_only,3,13569,65,0.88,0.0,False
head_only,1,3713,33,1.0,0.8828,True
head_only,3,273,17,1.0,0.1903,True
head_only,1,1601,33,1.0,0.9342,True
head_only,3,3713,33,0.6215,0.1107,False
head_only,1,51713,129,1.0,0.6029,True
head_only,4,5249,65,0.552,0.0,False
full,1,13569,13569,1.0,1.0,True
head_only,3,545,17,0.87325,0.0422,False
head_only,5,3713,33,0.5305,0.362,False
full,4,545,545,1.0,1.0,True
full,5,545,545,1.0,1.0,True
full,1,3713,3713,1.0,1.0,True
head_only,2,5249,65,1.0,0.0,True
full,2,2177,2177,1.0,1.0,True
full,4,353,353,1.0,1.0,True
head_only,4,545,17,0.4975,0.0003,False
head_only,1,2177,129,1.0,1.0,True
full,2,545,545,1.0,1.0,True
full,5,545,545,1.0,1.0,True
full,1,209,209,1.0,1.0,True
full,2,353,353,1.0,1.0,True
full,4,545,545,1.0,1.0,True
full,1,209,209,1.0,1.0,True
full,1,137,137,1.0,1.0,True
head_only,3,353,9,0.64425,0.2016,False
full,2,545,545,1.0,1.0,True
full,5,209,209,1.0,1.0,True
head_only,4,137,9,0.419,0.1654,False
full,1,1089,1089,1.0,1.0,True
full,1,2177,2177,1.0,1.0,True
head_only,2,545,17,1.0,0.1009,True
full,2,51713,51713,1.0,1.0,True
head_only,1,18689,129,1.0,1.0,True
subspace,4,51713,1024,1.0,0.9971,True
full,3,3713,3713,1.0,1.0,True
full,4,5249,5249,1.0,1.0,True
head_only,3,3713,33,0.7615,0.009,False
full,5,137,137,1.0,0.0,True
full,5,51713,51713,1.0,1.0,True
full,5,1089,1089,1.0,1.0,True
full,1,2177,2177,1.0,1.0,True
head_only,4,545,33,0.512,0.0,False
head_only,5,273,17,0.5595,0.0894,False
full,5,273,273,1.0,1.0,True
full,2,545,545,1.0,1.0,True
full,4,18689,18689,1.0,1.0,True
head_only,3,1601,33,1.0,0.0189,True
head_only,4,1601,33,0.49575,0.0019,False
head_only,5,5249,65,0.53575,0.0,False
full,5,273,273,1.0,1.0,True
full,5,1089,1089,1.0,1.0,True
head_only,2,545,17,1.0,0.152,True
full,1,1089,1089,1.0,1.0,True
full,2,5249,5249,1.0,1.0,True
full,5,13569,13569,1.0,1.0,True
head_only,1,137,9,1.0,0.3684,True
full,4,13569,13569,1.0,1.0,True
head_only,2,13569,65,1.0,0.1162,True
full,4,51713,51713,1.0,1.0,True
full,2,545,545,1.0,1.0,True
head_only,5,13569,65,0.5025,0.0,False
head_only,2,1089,65,1.0,0.3214,True
subspace,1,51713,1024,1.0,1.0,True
head_only,5,137,9,0.438,0.1866,False
head_only,2,18689,129,1.0,0.5204,True
head_only,2,209,9,1.0,0.2519,True
head_only,2,545,33,1.0,0.1361,True
head_only,1,273,17,1.0,0.7061,True
head_only,1,18689,129,1.0,0.9988,True
head_only,4,2177,129,1.0,0.0,True
head_only,5,209,9,0.4955,0.1015,False
full,2,51713,51713,1.0,1.0,True
full,3,1089,1089,1.0,1.0,True
full,4,353,353,1.0,1.0,True
head_only,4,137,9,0.74875,0.27,False
head_only,3,545,33,1.0,0.0,True
head_only,3,2177,129,0.8755,0.0,False
full,3,137,137,1.0,1.0,True
head_only,2,273,17,1.0,0.1069,True
head_only,2,18689,129,1.0,0.6063,True
head_only,3,353,9,0.50625,0.309,False
full,5,545,545,1.0,1.0,True
full,4,353,353,1.0,1.0,True
head_only,1,209,9,1.0,0.9388,True
head_only,5,5249,65,0.601,0.0,False
head_only,4,545,33,0.5705,0.0,False
full,5,545,545,1.0,1.0,True
head_only,3,137,9,0.63725,0.1543,False
head_only,3,1601,33,1.0,0.0272,True
head_only,5,545,17,0.66075,0.2114,False
full,5,18689,18689,1.0,1.0,True
subspace,3,51713,64,1.0,0.0,True
head_only,2,137,9,1.0,0.1732,True
full,5,51713,51713,1.0,1.0,True
full,5,545,545,1.0,1.0,True
full,1,353,353,1.0,1.0,True
head_only,1,5249,65,1.0,0.9822,True
head_only,2,545,33,1.0,0.0471,True
full,4,18689,18689,1.0,1.0,True
full,5,137,137,1.0,0.0,True
head_only,1,1089,65,1.0,0.9994,True
full,1,1089,1089,1.0,1.0,True
head_only,5,1089,17,0.50725,0.1292,False
full,5,18689,18689,1.0,1.0,True
full,1,1089,1089,1.0,1.0,True
head_only,3,2177,129,1.0,0.0,True
full,5,13569,13569,1.0,1.0,True
full,4,1089,1089,1.0,1.0,True
full,3,18689,18689,1.0,1.0,True
full,3,1089,1089,1.0,1.0,True
head_only,3,1089,65,1.0,0.0004,True
head_only,2,209,9,1.0,0.2518,True
full,3,3713,3713,1.0,1.0,True
head_only,5,209,9,0.475,0.0577,False
head_only,3,545,33,1.0,0.0124,True
head_only,2,13569,65,1.0,0.0873,True
full,4,3713,3713,1.0,1.0,True
head_only,1,13569,65,1.0,0.4083,True
head_only,3,273,17,0.74925,0.0432,False
head_only,2,2177,129,1.0,0.602,True
head_only,3,353,9,0.5,0.408,False
head_only,4,353,9,0.62375,0.3823,False
head_only,4,1601,33,0.7975,0.1431,False
head_only,2,13569,65,1.0,0.0634,True
head_only,4,353,9,0.619,0.2431,False
head_only,5,5249,65,0.905,0.0122,False
subspace,3,51713,16,0.74675,0.156,False
head_only,5,3713,33,0.651,0.319,False
head_only,3,1601,33,1.0,0.0,True
head_only,3,18689,129,1.0,0.0,True
head_only,2,3713,33,1.0,0.0453,True
full,1,137,137,1.0,1.0,True
head_only,5,1089,17,0.5,0.2669,False
full,3,51713,51713,1.0,1.0,True
head_only,1,273,17,1.0,0.9996,True
head_only,1,273,17,1.0,0.8753,True
full,3,1601,1601,1.0,1.0,True
head_only,5,545,33,0.505,0.0004,False
head_only,1,545,17,1.0,0.6046,True
head_only,5,5249,65,0.9685,0.0005,True
full,4,13569,13569,1.0,1.0,True
head_only,3,1089,17,0.6235,0.4374,False
head_only,3,2177,129,1.0,0.0,True
head_only,2,545,33,1.0,0.0282,True
head_only,4,209,9,0.50625,0.2904,False
head_only,5,1601,33,0.79475,0.0261,False
full,1,1601,1601,1.0,1.0,True
head_only,3,18689,129,0.878,0.0,False
full,3,1089,1089,1.0,1.0,True
head_only,2,545,17,0.744,0.1368,False
full,3,545,545,1.0,1.0,True
full,2,1089,1089,1.0,1.0,True
full,2,13569,13569,1.0,1.0,True
head_only,1,137,9,1.0,0.3504,True
full,1,3713,3713,1.0,1.0,True
head_only,3,1601,33,1.0,0.0,True
head_only,3,2177,129,0.75225,0.0,False
head_only,2,13569,65,1.0,0.0749,True
full,1,5249,5249,1.0,1.0,True
full,5,137,137,1.0,0.0,True
head_only,4,209,9,0.6915,0.2662,False
head_only,3,5249,65,1.0,0.0102,True
full,2,18689,18689,1.0,1.0,True
head_only,1,209,9,1.0,0.7084,True
head_only,4,209,9,0.56625,0.2834,False
head_only,4,5249,65,0.49,0.0,False
full,3,209,209,1.0,1.0,True
head_only,2,51713,129,1.0,0.0072,True
full,1,18689,18689,1.0,1.0,True
full,4,1089,1089,1.0,1.0,True
full,5,1089,1089,1.0,1.0,True
head_only,4,273,17,0.36225,0.0021,False
head_only,1,353,9,1.0,0.6094,True
full,2,1089,1089,1.0,1.0,True
full,2,1089,1089,1.0,1.0,True
full,3,1089,1089,1.0,1.0,True
head_only,2,5249,65,1.0,0.1459,True
head_only,4,18689,129,0.54675,0.0,False
head_only,3,273,17,0.878,0.0024,False
full,2,1601,1601,1.0,1.0,True
head_only,4,2177,129,0.6915,0.0,False
full,5,18689,18689,1.0,1.0,True
head_only,2,1089,17,0.7495,0.0036,False
full,4,5249,5249,1.0,1.0,True
full,3,2177,2177,1.0,1.0,True
head_only,4,3713,33,0.43175,0.1585,False
full,5,5249,5249,1.0,1.0,True
full,2,3713,3713,1.0,1.0,True
head_only,3,18689,129,1.0,0.0,True
full,4,13569,13569,1.0,1.0,True
subspace,3,51713,1,0.5,0.2832,False
full,1,2177,2177,1.0,1.0,True
head_only,1,209,9,1.0,0.5344,True
full,3,353,353,1.0,1.0,True
full,3,353,353,1.0,1.0,True
head_only,4,273,17,0.68825,0.0889,False
head_only,5,3713,33,0.489,0.0072,False
full,1,51713,51713,1.0,1.0,True
head_only,2,18689,129,1.0,0.1077,True
head_only,5,5249,65,0.52575,0.0,False
head_only,1,273,17,1.0,0.6457,True
head_only,4,209,9,0.62075,0.1698,False
subspace,1,51713,64,1.0,0.9847,True
full,3,545,545,1.0,1.0,True
head_only,3,1089,65,1.0,0.0005,True
head_only,5,13569,65,0.49875,0.0,False
head_only,3,545,33,0.63025,0.0015,False
full,2,545,545,1.0,1.0,True
head_only,3,13569,65,1.0,0.001,True
head_only,2,545,17,1.0,0.0203,True
head_only,2,545,33,1.0,0.1361,True
full,3,209,209,1.0,1.0,True
full,2,137,137,1.0,1.0,True
head_only,5,545,17,0.49025,0.0012,False
full,4,545,545,1.0,1.0,True
head_only,5,18689,129,0.60825,0.0,False
head_only,3,1089,17,0.61575,0.182,False
head_only,3,273,17,0.63725,0.0812,False
full,4,545,545,1.0,1.0,True
subspace,4,51713,64,1.0,0.0002,True
head_only,2,5249,65,1.0,0.0548,True
head_only,2,1089,17,1.0,0.1299,True
full,5,5249,5249,1.0,1.0,True
head_only,5,5249,65,0.4975,0.0,False
full,1,18689,18689,1.0,1.0,True
full,4,137,137,1.0,0.0,True
full,3,13569,13569,1.0,1.0,True
head_only,1,1089,17,1.0,0.4954,True
head_only,4,209,9,0.42775,0.2168,False
head_only,1,51713,129,1.0,0.5123,True
head_only,4,51713,129,0.56325,0.0219,False
full,1,273,273,1.0,1.0,True
head_only,5,137,9,0.5355,0.1001,False
full,5,545,545,1.0,1.0,True
head_only,4,3713,33,0.50275,0.0076,False
head_only,3,3713,33,0.7515,0.2642,False
full,3,51713,51713,1.0,1.0,True
head_only,5,51713,129,0.81125,0.0773,False
head_only,1,545,17,1.0,0.5906,True
full,2,13569,13569,1.0,1.0,True
head_only,5,273,17,0.44175,0.0421,False
head_only,1,18689,129,1.0,1.0,True
head_only,5,3713,33,0.72625,0.0168,False
full,5,137,137,0.93825,0.0034,False
full,5,1601,1601,1.0,1.0,True
head_only,3,545,33,1.0,0.0,True
head_only,1,3713,33,1.0,0.6764,True
head_only,3,545,33,1.0,0.0026,True
head_only,4,137,9,0.62925,0.2192,False
head_only,2,1601,33,1.0,0.0391,True
head_only,1,353,9,1.0,0.6693,True
full,1,1089,1089,1.0,1.0,True
full,4,13569,13569,1.0,1.0,True
head_only,4,137,9,0.55775,0.1905,False
full,4,3713,3713,1.0,1.0,True
head_only,4,3713,33,0.798,0.0033,False
full,2,137,137,1.0,1.0,True
head_only,4,51713,129,0.48075,0.0,False
full,1,545,545,1.0,1.0,True
head_only,5,2177,129,0.56,0.0,False
head_only,1,3713,33,1.0,0.8229,True
subspace,2,51713,4,1.0,0.3031,True
full,2,51713,51713,1.0,1.0,True
full,5,1089,1089,1.0,1.0,True
head_only,4,51713,129,0.62525,0.0,False
full,5,3713,3713,1.0,1.0,True
full,1,1089,1089,1.0,1.0,True
head_only,1,51713,129,1.0,0.6329,True
full,2,51713,51713,1.0,1.0,True
subspace,4,51713,64,1.0,0.0,True
head_only,5,13569,65,0.598,0.0,False
full,3,18689,18689,1.0,1.0,True
head_only,3,353,9,0.75225,0.4794,False
full,4,273,273,1.0,1.0,True
full,1,1601,1601,1.0,1.0,True
full,5,5249,5249,1.0,1.0,True
head_only,1,5249,65,1.0,0.993,True
head_only,5,137,9,0.598,0.2955,False
head_only,3,1601,33,0.62875,0.0101,False
full,4,13569,13569,1.0,1.0,True
head_only,1,13569,65,1.0,1.0,True
subspace,2,51713,256,1.0,0.9898,True
head_only,5,353,9,0.473,0.2573,False
full,5,2177,2177,1.0,1.0,True
head_only,3,545,33,1.0,0.0,True
head_only,5,209,9,0.544,0.1821,False
full,5,209,209,1.0,1.0,True
head_only,4,545,17,0.498,0.0775,False
head_only,2,1601,33,1.0,0.0487,True
full,5,13569,13569,1.0,1.0,True
head_only,5,18689,129,0.464,0.0,False
head_only,2,1089,17,0.756,0.1399,False
full,5,5249,5249,1.0,1.0,True
full,3,3713,3713,1.0,1.0,True
head_only,3,209,9,0.76525,0.2233,False
full,2,3713,3713,1.0,1.0,True
full,1,137,137,1.0,1.0,True
full,5,18689,18689,1.0,1.0,True
full,5,273,273,1.0,1.0,True
head_only,2,1601,33,1.0,0.0266,True
subspace,2,51713,1024,1.0,1.0,True
head_only,2,353,9,0.755,0.4751,False
head_only,4,13569,65,1.0,0.0009,True
full,2,5249,5249,1.0,1.0,True
head_only,5,1601,33,0.46375,0.0326,False
full,2,51713,51713,1.0,1.0,True
head_only,3,1601,33,0.50275,0.0403,False
head_only,5,1089,65,0.56625,0.0,False
full,2,1089,1089,1.0,1.0,True
full,3,1601,1601,1.0,1.0,True
full,2,545,545,1.0,1.0,True
head_only,3,209,9,1.0,0.3794,True
full,2,209,209,1.0,1.0,True
full,3,2177,2177,1.0,1.0,True
full,3,2177,2177,1.0,1.0,True
full,5,137,137,0.96925,0.0,True
head_only,3,273,17,0.7425,0.0005,False
full,1,545,545,1.0,1.0,True
full,1,209,209,1.0,1.0,True
full,4,1089,1089,1.0,1.0,True
full,4,13569,13569,1.0,1.0,True
head_only,1,545,33,1.0,1.0,True
full,2,1089,1089,1.0,1.0,True
head_only,1,13569,65,1.0,0.7448,True
full,2,1601,1601,1.0,1.0,True
head_only,2,1601,33,1.0,0.0,True
full,2,1089,1089,1.0,1.0,True
head_only,4,545,17,0.56725,0.1776,False
head_only,2,209,9,1.0,0.1303,True
head_only,5,1601,33,0.52625,0.0,False
head_only,4,13569,65,1.0,0.0044,True
head_only,5,137,9,0.5595,0.2727,False
full,3,3713,3713,1.0,1.0,True
full,1,353,353,1.0,1.0,True
head_only,5,13569,65,0.5105,0.0934,False
head_only,2,1089,17,1.0,0.1646,True
full,1,1601,1601,1.0,1.0,True
full,2,1089,1089,1.0,1.0,True
full,5,209,209,1.0,1.0,True
full,5,545,545,1.0,1.0,True
head_only,3,51713,129,1.0,0.0,True
head_only,3,13569,65,1.0,0.0,True
full,2,137,137,1.0,1.0,True
full,3,353,353,1.0,1.0,True
head_only,3,545,33,0.63025,0.0015,False
full,5,545,545,1.0,1.0,True
head_only,2,1601,33,1.0,0.0597,True
subspace,3,51713,1,0.3715,0.4205,False
full,1,51713,51713,1.0,1.0,True
head_only,5,1089,65,0.4955,0.0,False
head_only,4,273,17,0.5665,0.0947,False
full,4,18689,18689,1.0,1.0,True
full,1,209,209,1.0,1.0,True
head_only,3,1601,33,1.0,0.003,True
full,1,1089,1089,1.0,1.0,True
full,4,18689,18689,1.0,1.0,True
head_only,3,545,17,1.0,0.0782,True
full,3,51713,51713,1.0,1.0,True
full,4,137,137,1.0,0.7044,True
full,3,51713,51713,1.0,1.0,True
head_only,5,1601,33,0.564,0.0,False
full,1,209,209,1.0,1.0,True
head_only,4,18689,129,1.0,0.0,True
full,5,545,545,1.0,1.0,True
head_only,2,1089,65,1.0,0.3214,True
full,3,545,545,1.0,1.0,True
head_only,3,13569,65,1.0,0.0059,True
head_only,1,353,9,1.0,0.7118,True
full,1,545,545,1.0,1.0,True
full,1,13569,13569,1.0,1.0,True
full,4,18689,18689,1.0,1.0,True
head_only,2,1089,17,0.744,0.2785,False
full,2,2177,2177,1.0,1.0,True
full,5,137,137,1.0,0.0,True
head_only,1,13569,65,1.0,0.7224,True
full,2,137,137,1.0,1.0,True
full,4,5249,5249,1.0,1.0,True
full,1,5249,5249,1.0,1.0,True
head_only,4,545,17,0.6315,0.0114,False
head_only,4,545,17,0.741,0.2046,False
head_only,1,137,9,1.0,0.292,True
full,2,18689,18689,1.0,1.0,True
full,5,1089,1089,1.0,1.0,True
head_only,2,13569,65,1.0,0.0,True
head_only,2,3713,33,0.755,0.2419,False
full,4,2177,2177,1.0,1.0,True
full,1,13569,13569,1.0,1.0,True
full,1,273,273,1.0,1.0,True
full,2,18689,18689,1.0,1.0,True
full,2,353,353,1.0,1.0,True
head_only,5,273,17,0.59125,0.0,False
full,3,1601,1601,1.0,1.0,True
full,2,51713,51713,1.0,1.0,True
full,4,13569,13569,1.0,1.0,True
head_only,3,5249,65,1.0,0.0,True
full,4,1089,1089,1.0,1.0,True
full,1,545,545,1.0,1.0,True
full,4,353,353,1.0,1.0,True
head_only,3,1089,17,0.237,0.2853,False
head_only,5,13569,65,0.87775,0.001,False
full,2,353,353,1.0,1.0,True
full,3,545,545,1.0,1.0,True
head_only,4,273,17,0.821,0.1518,False
full,1,51713,51713,1.0,1.0,True
full,2,1089,1089,1.0,1.0,True
head_only,5,353,9,0.4725,0.231,False
head_only,5,1089,17,0.46375,0.1241,False
head_only,4,209,9,0.6885,0.1743,False
full,4,2177,2177,1.0,1.0,True
head_only,1,51713,129,1.0,1.0,True
full,1,13569,13569,1.0,1.0,True
head_only,5,51713,129,0.52925,0.0,False
head_only,5,273,17,0.6155,0.1141,False
head_only,2,545,33,1.0,0.0,True
full,3,273,273,1.0,1.0,True
head_only,1,273,17,1.0,0.827,True
head_only,5,1601,33,0.4325,0.0106,False
full,5,3713,3713,1.0,1.0,True
head_only,5,13569,65,0.55475,0.0,False
full,1,5249,5249,1.0,1.0,True
full,5,545,545,1.0,1.0,True
full,1,5249,5249,1.0,1.0,True
full,5,545,545,1.0,1.0,True
head_only,1,1089,65,1.0,0.9966,True
full,5,2177,2177,1.0,1.0,True
full,4,2177,2177,1.0,1.0,True
head_only,4,1089,17,0.7055,0.1567,False
head_only,1,545,17,1.0,0.617,True
full,2,3713,3713,1.0,1.0,True
full,5,5249,5249,1.0,1.0,True
head_only,5,137,9,0.53325,0.0774,False
full,4,1601,1601,1.0,1.0,True
subspace,5,51713,64,0.77025,0.0,False
full,1,13569,13569,1.0,1.0,True
full,5,353,353,1.0,0.3744,True
full,5,1601,1601,1.0,1.0,True
head_only,5,18689,129,1.0,0.0,True
head_only,1,18689,129,1.0,0.9871,True
full,5,545,545,1.0,1.0,True
head_only,1,353,9,1.0,0.4847,True
full,3,51713,51713,1.0,1.0,True
full,1,1089,1089,1.0,1.0,True
head_only,3,1089,65,0.628,0.0,False
head_only,4,353,9,0.5,0.3868,False
full,3,545,545,1.0,1.0,True
head_only,4,353,9,0.4335,0.123,False
full,5,545,545,1.0,1.0,True
subspace,5,51713,4,0.4335,0.4592,False
full,4,1601,1601,1.0,1.0,True
full,2,2177,2177,1.0,1.0,True
head_only,3,273,17,0.7425,0.0005,False
full,5,13569,13569,1.0,1.0,True
full,5,5249,5249,1.0,1.0,True
head_only,2,13569,65,1.0,0.0512,True
subspace,1,51713,1024,1.0,1.0,True
head_only,4,545,33,0.44825,0.0002,False
full,2,209,209,1.0,1.0,True
full,3,545,545,1.0,1.0,True
head_only,2,545,33,1.0,0.0,True
full,4,1601,1601,1.0,1.0,True
full,4,1089,1089,1.0,1.0,True
full,1,353,353,1.0,1.0,True
full,4,2177,2177,1.0,1.0,True
full,1,18689,18689,1.0,1.0,True
head_only,5,137,9,0.598,0.2955,False
head_only,2,137,9,1.0,0.2264,True
head_only,1,3713,33,1.0,0.811,True
full,3,3713,3713,1.0,1.0,True
head_only,5,51713,129,0.96725,0.0,True
head_only,2,1601,33,1.0,0.0446,True
head_only,1,51713,129,1.0,1.0,True
head_only,4,209,9,0.6235,0.1917,False
subspace,2,51713,256,1.0,0.982,True
full,2,18689,18689,1.0,1.0,True
head_only,3,545,33,0.619,0.0024,False
full,4,545,545,1.0,1.0,True
full,1,1601,1601,1.0,1.0,True
full,3,545,545,1.0,1.0,True
head_only,1,545,17,1.0,0.748,True
head_only,2,18689,129,1.0,0.5798,True
full,1,545,545,1.0,1.0,True
head_only,1,13569,65,1.0,0.9986,True
full,2,545,545,1.0,1.0,True
full,2,1089,1089,1.0,1.0,True
head_only,4,13569,65,0.4375,0.0,False
head_only,5,5249,65,0.60025,0.0,False
head_only,5,273,17,0.461,0.0026,False
head_only,4,353,9,0.4355,0.3487,False
head_only,2,545,33,1.0,0.0,True
head_only,4,2177,129,1.0,0.0,True
head_only,2,1089,65,1.0,0.2447,True
head_only,4,137,9,0.68725,0.1753,False
full,3,1089,1089,1.0,1.0,True
head_only,3,18689,129,1.0,0.0,True
head_only,3,273,17,0.6295,0.147,False
head_only,2,545,17,1.0,0.0467,True
head_only,4,1089,65,0.5075,0.0,False
full,1,137,137,1.0,1.0,True
full,4,2177,2177,1.0,1.0,True
full,5,1089,1089,1.0,1.0,True
full,5,1089,1089,1.0,1.0,True
full,2,545,545,1.0,1.0,True
full,1,273,273,1.0,1.0,True
head_only,2,51713,129,1.0,0.0,True
head_only,3,18689,129,1.0,0.0,True
head_only,2,1089,17,1.0,0.064,True
full,1,209,209,1.0,1.0,True
head_only,2,5249,65,1.0,0.1344,True
full,3,51713,51713,1.0,1.0,True
full,2,5249,5249,1.0,1.0,True
full,1,13569,13569,1.0,1.0,True
head_only,1,13569,65,1.0,0.9841,True
head_only,2,18689,129,1.0,0.0009,True
full,3,1601,1601,1.0,1.0,True
full,3,353,353,1.0,0.2434,True
full,2,18689,18689,1.0,1.0,True
full,2,1089,1089,1.0,1.0,True
full,3,2177,2177,1.0,1.0,True
head_only,4,545,17,0.557,0.0561,False
full,4,137,137,1.0,1.0,True
head_only,2,1601,33,1.0,0.0,True
full,4,1089,1089,1.0,1.0,True
head_only,5,5249,65,0.61225,0.0,False
full,1,353,353,1.0,1.0,True
full,5,3713,3713,1.0,1.0,True
head_only,4,3713,33,0.754,0.0081,False
full,3,13569,13569,1.0,1.0,True
head_only,4,13569,65,0.42375,0.0,False
full,2,51713,51713,1.0,1.0,True
head_only,4,3713,33,0.5595,0.0069,False
head_only,5,1601,33,0.4965,0.0008,False
head_only,5,1089,65,0.53,0.0,False
full,4,1601,1601,1.0,1.0,True
full,1,273,273,1.0,1.0,True
head_only,1,1089,65,1.0,0.9996,True
full,1,1601,1601,1.0,1.0,True
full,1,545,545,1.0,1.0,True
full,4,5249,5249,1.0,1.0,True
head_only,3,2177,129,1.0,0.0,True
full,1,273,273,1.0,1.0,True
head_only,4,3713,33,0.638,0.2577,False
head_only,2,1601,33,1.0,0.0189,True
head_only,3,1089,17,0.884,0.1575,False
full,1,545,545,1.0,1.0,True
full,4,545,545,1.0,1.0,True
head_only,3,273,17,0.755,0.0363,False
head_only,4,273,17,0.49575,0.1444,False
full,4,3713,3713,1.0,1.0,True
subspace,5,51713,256,1.0,0.0,True
full,1,137,137,1.0,1.0,True
head_only,2,273,17,1.0,0.0002,True
full,1,1089,1089,1.0,1.0,True
head_only,5,18689,129,0.57075,0.0,False
full,3,2177,2177,1.0,1.0,True
full,1,353,353,1.0,1.0,True
subspace,5,51713,4,0.52225,0.2999,False
full,2,5249,5249,1.0,1.0,True
head_only,3,1601,33,1.0,0.0,True
head_only,4,545,33,0.55025,0.0,False
head_only,3,137,9,1.0,0.1812,True
full,1,353,353,1.0,1.0,True
full,2,3713,3713,1.0,1.0,True
full,3,18689,18689,1.0,1.0,True
head_only,4,51713,129,0.61625,0.0,False
head_only,1,209,9,1.0,0.6065,True
head_only,4,209,9,0.6865,0.1979,False
full,4,51713,51713,1.0,1.0,True
full,2,137,137,1.0,1.0,True
full,3,1089,1089,1.0,1.0,True
full,3,1601,1601,1.0,1.0,True
full,1,13569,13569,1.0,1.0,True
head_only,2,2177,129,1.0,0.002,True
full,4,137,137,1.0,0.3358,True
head_only,5,353,9,0.45025,0.2377,False
full,5,353,353,1.0,1.0,True
full,3,1089,1089,1.0,1.0,True
head_only,3,1601,33,0.49875,0.0423,False
full,4,545,545,1.0,1.0,True
head_only,5,545,33,0.573,0.0,False
head_only,2,1089,17,1.0,0.1946,True
head_only,5,5249,65,0.881,0.0,False
full,3,209,209,1.0,1.0,True
head_only,2,2177,129,1.0,0.787,True
full,2,5249,5249,1.0,1.0,True
full,4,1089,1089,1.0,1.0,True
head_only,2,545,17,1.0,0.0013,True
head_only,4,51713,129,1.0,0.0,True
full,4,1089,1089,1.0,1.0,True
full,2,1089,1089,1.0,1.0,True
head_only,1,18689,129,1.0,0.9864,True
head_only,4,13569,65,1.0,0.0014,True
full,1,18689,18689,1.0,1.0,True
head_only,3,5249,65,0.6325,0.0,False
full,5,18689,18689,1.0,1.0,True
head_only,4,51713,129,1.0,0.0,True
full,4,51713,51713,1.0,1.0,True
head_only,3,545,33,1.0,0.0,True
subspace,4,51713,4,0.4925,0.4615,False
head_only,1,13569,65,1.0,0.9988,True
head_only,1,137,9,1.0,0.717,True
full,1,273,273,1.0,1.0,True
head_only,3,3713,33,0.5,0.2056,False
full,1,5249,5249,1.0,1.0,True
full,5,1089,1089,1.0,1.0,True
full,4,137,137,1.0,1.0,True
head_only,1,1089,17,1.0,0.5417,True
full,1,137,137,1.0,1.0,True
full,2,51713,51713,1.0,1.0,True
head_only,1,1089,17,1.0,0.8165,True
head_only,2,1089,65,1.0,0.2966,True
head_only,3,18689,129,1.0,0.0051,True
head_only,1,18689,129,1.0,0.9904,True
head_only,1,1089,65,1.0,1.0,True
full,1,137,137,1.0,1.0,True
full,3,51713,51713,1.0,1.0,True
head_only,3,209,9,0.3655,0.2859,False
head_only,5,273,17,0.56025,0.0013,False
head_only,1,2177,129,1.0,1.0,True
head_only,1,545,17,1.0,0.5784,True
full,5,1089,1089,1.0,1.0,True
head_only,3,3713,33,0.62625,0.3287,False
full,3,1089,1089,1.0,1.0,True
full,2,13569,13569,1.0,1.0,True
head_only,1,1601,33,1.0,1.0,True
head_only,1,353,9,1.0,0.6844,True
head_only,3,3713,33,0.62775,0.008,False
head_only,4,1089,17,0.49575,0.2883,False
head_only,1,137,9,1.0,0.6357,True
head_only,3,137,9,0.76525,0.2335,False
head_only,2,545,33,1.0,0.0282,True
full,2,1089,1089,1.0,1.0,True
head_only,1,18689,129,1.0,1.0,True
head_only,1,137,9,1.0,0.5898,True
head_only,2,2177,129,1.0,0.8662,True
head_only,2,209,9,0.75,0.1904,False
head_only,1,51713,129,1.0,0.6616,True
head_only,3,3713,33,0.75175,0.1362,False
full,3,209,209,1.0,1.0,True
head_only,3,5249,65,1.0,0.0,True
full,1,3713,3713,1.0,1.0,True
head_only,5,1601,33,0.54775,0.0,False
head_only,3,2177,129,0.75325,0.0,False
full,5,209,209,1.0,0.0056,True
full,5,3713,3713,1.0,1.0,True
full,2,3713,3713,1.0,1.0,True
head_only,2,545,17,1.0,0.0913,True
head_only,4,13569,65,0.62575,0.0,False
full,1,353,353,1.0,1.0,True
full,3,209,209,1.0,1.0,True
full,5,1089,1089,1.0,1.0,True
full,1,51713,51713,1.0,1.0,True
full,3,1089,1089,1.0,1.0,True
head_only,5,1601,33,0.72675,0.0148,False
full,1,353,353,1.0,1.0,True
full,5,51713,51713,1.0,1.0,True
head_only,5,545,17,0.5645,0.0733,False
full,2,3713,3713,1.0,1.0,True
subspace,5,51713,1,0.569,0.5166,False
head_only,1,545,17,1.0,0.529,True
head_only,3,273,17,0.7585,0.0009,False
full,2,273,273,1.0,1.0,True
full,5,5249,5249,1.0,1.0,True
head_only,4,353,9,0.50025,0.2006,False
full,2,2177,2177,1.0,1.0,True
full,2,1089,1089,1.0,1.0,True
full,5,209,209,1.0,0.2067,True
full,4,273,273,1.0,1.0,True
full,4,209,209,1.0,1.0,True
full,2,5249,5249,1.0,1.0,True
head_only,1,13569,65,1.0,0.6116,True
full,2,545,545,1.0,1.0,True
head_only,1,51713,129,1.0,0.8764,True
full,5,545,545,1.0,1.0,True
head_only,5,353,9,0.46725,0.1909,False
head_only,4,3713,33,0.5125,0.0092,False
full,2,1089,1089,1.0,1.0,True
full,2,3713,3713,1.0,1.0,True
head_only,1,209,9,1.0,0.5587,True
full,4,13569,13569,1.0,1.0,True
full,2,137,137,1.0,1.0,True
head_only,4,1089,65,1.0,0.0,True
full,4,1089,1089,1.0,1.0,True
full,1,3713,3713,1.0,1.0,True
head_only,2,13569,65,1.0,0.0,True
head_only,3,545,33,1.0,0.0,True
head_only,3,18689,129,1.0,0.0,True
head_only,2,3713,33,1.0,0.3827,True
head_only,1,209,9,1.0,0.6572,True
head_only,5,18689,129,0.531,0.0,False
head_only,2,545,17,1.0,0.098,True
full,3,137,137,1.0,1.0,True
head_only,5,5249,65,0.598,0.0,False
head_only,3,1601,33,0.74975,0.0028,False
full,3,209,209,1.0,1.0,True
head_only,3,353,9,0.878,0.2315,False
full,3,353,353,1.0,0.2455,True
head_only,5,1089,17,0.49875,0.3573,False
head_only,4,137,9,0.5735,0.0924,False
head_only,3,2177,129,1.0,0.0,True
head_only,4,137,9,0.4225,0.1878,False
full,2,3713,3713,1.0,1.0,True
head_only,1,1089,17,1.0,0.4527,True
head_only,3,1089,17,0.63675,0.0457,False
full,2,2177,2177,1.0,1.0,True
full,2,209,209,1.0,1.0,True
full,1,18689,18689,1.0,1.0,True
full,4,3713,3713,1.0,1.0,True
full,1,1089,1089,1.0,1.0,True
head_only,3,13569,65,1.0,0.0,True
head_only,4,545,17,0.508,0.1,False
full,1,545,545,1.0,1.0,True
full,2,5249,5249,1.0,1.0,True
head_only,2,5249,65,1.0,0.1145,True
full,3,1089,1089,1.0,1.0,True
full,5,5249,5249,1.0,1.0,True
head_only,5,5249,65,0.934,0.0,False
head_only,3,209,9,0.627,0.2152,False
full,1,273,273,1.0,1.0,True
head_only,2,5249,65,1.0,0.0,True
head_only,1,1089,65,1.0,0.9991,True
full,1,353,353,1.0,1.0,True
head_only,5,51713,129,0.53,0.0,False
head_only,5,273,17,0.5315,0.0005,False
head_only,2,3713,33,1.0,0.0,True
full,3,1089,1089,1.0,1.0,True
full,2,1089,1089,1.0,1.0,True
full,1,545,545,1.0,1.0,True
full,4,545,545,1.0,1.0,True
full,2,5249,5249,1.0,1.0,True
full,5,13569,13569,1.0,1.0,True
full,1,18689,18689,1.0,1.0,True
head_only,3,209,9,0.6245,0.1767,False
head_only,5,545,33,0.87575,0.0076,False
head_only,2,273,17,1.0,0.1281,True
full,2,137,137,1.0,1.0,True
head_only,1,545,17,1.0,0.9949,True
head_only,4,137,9,0.48825,0.2809,False
full,3,273,273,1.0,1.0,True
full,3,2177,2177,1.0,1.0,True
head_only,3,3713,33,1.0,0.0096,True
head_only,5,209,9,0.473,0.2745,False
full,5,137,137,0.96875,0.0,True
full,2,353,353,1.0,1.0,True
head_only,4,1089,17,0.44175,0.0817,False
head_only,4,5249,65,0.56775,0.0,False
head_only,4,5249,65,0.44175,0.0,False
head_only,1,18689,129,1.0,1.0,True
head_only,3,3713,33,0.628,0.3482,False
head_only,4,18689,129,0.63625,0.0,False
head_only,1,273,17,1.0,0.813,True
full,5,209,209,1.0,1.0,True
head_only,2,1601,33,1.0,0.0687,True
head_only,4,3713,33,0.82175,0.2758,False
head_only,4,545,17,0.48625,0.0122,False
head_only,5,545,33,0.653,0.0,False
head_only,2,353,9,0.5,0.345,False
full,5,13569,13569,1.0,1.0,True
head_only,1,3713,33,1.0,0.511,True
full,4,137,137,1.0,0.0833,True
head_only,3,545,17,0.49475,0.0083,False
head_only,5,545,33,0.84525,0.0076,False
head_only,4,5249,65,0.56625,0.0,False
head_only,5,137,9,0.47475,0.2434,False
head_only,1,51713,129,1.0,0.5465,True
head_only,4,1089,17,0.438,0.3526,False
full,4,353,353,1.0,1.0,True
full,4,1089,1089,1.0,1.0,True
head_only,2,137,9,0.489,0.2573,False
full,5,18689,18689,1.0,1.0,True
full,2,353,353,1.0,1.0,True
head_only,2,353,9,0.5045,0.1247,False
full,5,1089,1089,1.0,1.0,True
full,4,2177,2177,1.0,1.0,True
full,2,2177,2177,1.0,1.0,True
head_only,5,209,9,0.54025,0.1951,False
head_only,2,3713,33,0.5015,0.1351,False
full,1,51713,51713,1.0,1.0,True
full,3,545,545,1.0,1.0,True
subspace,4,51713,4,0.50225,0.4335,False
head_only,1,1601,33,1.0,0.9999,True
head_only,4,137,9,0.69875,0.2481,False
head_only,5,1089,65,0.59275,0.0,False
full,4,545,545,1.0,1.0,True
full,3,545,545,1.0,1.0,True
full,2,51713,51713,1.0,1.0,True
subspace,4,51713,16,0.6215,0.1859,False
head_only,3,5249,65,1.0,0.0,True
head_only,1,13569,65,1.0,0.6829,True
head_only,4,2177,129,0.60875,0.0,False
full,2,2177,2177,1.0,1.0,True
head_only,5,51713,129,0.556,0.005,False
head_only,4,13569,65,0.43075,0.0,False
full,4,1089,1089,1.0,1.0,True
full,5,209,209,1.0,1.0,True
full,2,353,353,1.0,1.0,True
full,4,1601,1601,1.0,1.0,True
full,1,137,137,1.0,1.0,True
head_only,1,209,9,1.0,0.5945,True
full,1,1089,1089,1.0,1.0,True
full,3,545,545,1.0,1.0,True
full,5,273,273,1.0,0.9998,True
head_only,5,545,33,0.782,0.0208,False
head_only,5,3713,33,0.52775,0.0,False
full,3,51713,51713,1.0,1.0,True
full,1,1601,1601,1.0,1.0,True
head_only,3,353,9,0.378,0.1646,False
full,1,209,209,1.0,1.0,True
head_only,5,51713,129,1.0,0.0,True
subspace,4,51713,1024,1.0,0.9944,True
full,5,545,545,1.0,1.0,True
head_only,1,13569,65,1.0,0.9842,True
head_only,4,18689,129,0.74325,0.0,False
head_only,5,3713,33,0.658,0.0315,False
full,5,3713,3713,1.0,1.0,True
head_only,5,545,17,0.465,0.1463,False
head_only,1,1601,33,1.0,0.9485,True
head_only,2,51713,129,0.75,0.0274,False
full,5,51713,51713,1.0,1.0,True
head_only,3,5249,65,1.0,0.0,True
head_only,1,137,9,1.0,0.5504,True
head_only,3,18689,129,0.8795,0.0,False
full,4,353,353,1.0,1.0,True
full,4,1601,1601,1.0,1.0,True
head_only,2,51713,129,1.0,0.0,True
full,3,137,137,1.0,1.0,True
head_only,3,353,9,0.5065,0.233,False
head_only,2,18689,129,1.0,0.6268,True
full,5,2177,2177,1.0,1.0,True
full,4,1089,1089,1.0,1.0,True
head_only,4,273,17,0.7625,0.0512,False
head_only,2,545,17,1.0,0.2251,True
head_only,5,1089,17,0.5,0.2524,False
head_only,1,2177,129,1.0,1.0,True
head_only,1,3713,33,1.0,0.9855,True
full,5,3713,3713,1.0,1.0,True
full,1,5249,5249,1.0,1.0,True
full,5,209,209,1.0,1.0,True
full,3,1089,1089,1.0,1.0,True
full,3,209,209,1.0,1.0,True
full,1,1089,1089,1.0,1.0,True
head_only,5,137,9,0.569,0.1918,False
head_only,3,1089,17,0.37925,0.317,False
head_only,5,13569,65,0.9065,0.0006,False
head_only,3,51713,129,1.0,0.0,True
full,2,13569,13569,1.0,1.0,True
full,5,51713,51713,1.0,1.0,True
full,4,13569,13569,1.0,1.0,True
full,4,2177,2177,1.0,1.0,True
head_only,4,13569,65,0.556,0.0005,False
head_only,1,1601,33,1.0,0.8947,True
head_only,5,3713,33,0.69025,0.0234,False
full,1,13569,13569,1.0,1.0,True
full,3,1601,1601,1.0,1.0,True
head_only,5,353,9,0.52575,0.2004,False
full,5,51713,51713,1.0,1.0,True
full,3,1089,1089,1.0,1.0,True
full,3,1601,1601,1.0,1.0,True
full,1,545,545,1.0,1.0,True
head_only,4,137,9,0.48825,0.2809,False
head_only,3,1089,65,1.0,0.0001,True
head_only,3,18689,129,1.0,0.0033,True
full,4,3713,3713,1.0,1.0,True
head_only,1,353,9,1.0,0.4444,True
full,5,5249,5249,1.0,1.0,True
head_only,2,273,17,1.0,0.0002,True
head_only,4,18689,129,0.696,0.0,False
head_only,1,545,33,1.0,1.0,True
head_only,4,1089,65,0.61675,0.0,False
subspace,5,51713,16,0.5015,0.1351,False
head_only,1,18689,129,1.0,1.0,True
full,1,209,209,1.0,1.0,True
head_only,1,545,33,1.0,1.0,True
head_only,2,18689,129,1.0,0.2202,True
full,2,2177,2177,1.0,1.0,True
head_only,2,18689,129,1.0,0.6245,True
head_only,2,545,33,1.0,0.0,True
full,4,273,273,1.0,1.0,True
full,2,3713,3713,1.0,1.0,True
full,2,353,353,1.0,1.0,True
full,3,1089,1089,1.0,1.0,True
full,2,1601,1601,1.0,1.0,True
head_only,2,545,17,1.0,0.0443,True
head_only,3,13569,65,1.0,0.0,True
head_only,3,18689,129,1.0,0.0,True
full,2,1089,1089,1.0,1.0,True
head_only,1,13569,65,1.0,0.9936,True
head_only,4,209,9,0.37325,0.1093,False
head_only,3,1089,17,0.51125,0.1186,False
head_only,5,51713,129,1.0,0.0,True
full,3,3713,3713,1.0,1.0,True
head_only,1,13569,65,1.0,0.9945,True
full,2,5249,5249,1.0,1.0,True
head_only,4,137,9,0.6295,0.1643,False
head_only,1,545,33,1.0,0.9687,True
head_only,3,2177,129,1.0,0.0,True
subspace,4,51713,16,0.55175,0.1016,False
head_only,4,1601,33,0.5705,0.0034,False
full,4,1089,1089,1.0,1.0,True
head_only,2,18689,129,1.0,0.5349,True
full,2,3713,3713,1.0,1.0,True
head_only,1,5249,65,1.0,0.9943,True
full,4,18689,18689,1.0,1.0,True
head_only,3,209,9,0.6305,0.239,False
full,4,13569,13569,1.0,1.0,True
full,3,18689,18689,1.0,1.0,True
full,3,137,137,1.0,1.0,True
head_only,1,545,33,1.0,0.9686,True
full,1,1089,1089,1.0,1.0,True
full,4,1601,1601,1.0,1.0,True
full,1,13569,13569,1.0,1.0,True
full,3,2177,2177,1.0,1.0,True
head_only,1,1601,33,1.0,0.8677,True
full,2,3713,3713,1.0,1.0,True
head_only,3,1089,65,1.0,0.0,True
head_only,1,545,17,1.0,0.4262,True
head_only,4,209,9,0.561,0.3377,False
head_only,2,1601,33,1.0,0.1622,True
full,1,137,137,1.0,1.0,True
head_only,5,13569,65,0.43625,0.1231,False
full,1,51713,51713,1.0,1.0,True
full,4,137,137,1.0,1.0,True
full,3,273,273,1.0,1.0,True
full,5,5249,5249,1.0,1.0,True
head_only,3,1089,17,0.6135,0.1967,False
head_only,4,2177,129,0.60875,0.0,False
full,3,137,137,1.0,1.0,True
full,3,13569,13569,1.0,1.0,True
head_only,1,1089,65,1.0,1.0,True
full,4,353,353,1.0,1.0,True
head_only,4,18689,129,0.63275,0.0,False
head_only,3,353,9,0.5,0.4585,False
full,4,137,137,1.0,1.0,True
head_only,5,1089,17,0.59575,0.3797,False
head_only,1,545,33,1.0,0.9386,True
full,5,51713,51713,1.0,1.0,True
head_only,2,545,17,1.0,0.0504,True
full,4,137,137,1.0,1.0,True
head_only,2,3713,33,1.0,0.0355,True
head_only,3,51713,129,1.0,0.0,True
head_only,5,3713,33,0.5015,0.0198,False
full,1,51713,51713,1.0,0.9999,True
head_only,4,1601,33,0.5005,0.0,False
full,3,1089,1089,1.0,1.0,True
head_only,5,545,17,0.4595,0.0071,False
full,3,18689,18689,1.0,1.0,True
full,5,137,137,0.93525,0.0559,False
head_only,1,1601,33,1.0,0.7689,True
head_only,4,13569,65,0.50275,0.0,False
full,3,353,353,1.0,1.0,True
full,2,51713,51713,1.0,1.0,True
full,3,3713,3713,1.0,1.0,True
head_only,4,5249,65,1.0,0.0302,True
full,1,5249,5249,1.0,1.0,True
head_only,4,3713,33,0.5,0.3156,False
head_only,1,13569,65,1.0,0.9996,True
head_only,1,1089,17,1.0,0.7208,True
full,1,545,545,1.0,1.0,True
full,2,5249,5249,1.0,1.0,True
head_only,1,137,9,1.0,0.4514,True
head_only,2,5249,65,1.0,0.1585,True
head_only,2,51713,129,1.0,0.0,True
full,1,18689,18689,1.0,1.0,True
subspace,1,51713,256,1.0,1.0,True
full,2,545,545,1.0,1.0,True
full,3,51713,51713,1.0,1.0,True
head_only,5,51713,129,1.0,0.0,True
full,3,2177,2177,1.0,1.0,True
head_only,3,51713,129,0.8755,0.0,False
head_only,5,545,17,0.5645,0.0053,False
head_only,2,137,9,1.0,0.0825,True
head_only,2,1089,65,1.0,0.3434,True
head_only,4,209,9,0.62075,0.0965,False
full,1,1089,1089,1.0,1.0,True
head_only,3,3713,33,1.0,0.0,True
head_only,5,5249,65,0.4895,0.0002,False
head_only,5,1089,17,0.6035,0.2919,False
full,4,209,209,1.0,0.8797,True
head_only,4,1089,17,0.5,0.3511,False
full,2,137,137,1.0,1.0,True
full,5,1089,1089,1.0,1.0,True
full,1,13569,13569,1.0,1.0,True
full,3,353,353,1.0,1.0,True
head_only,2,51713,129,1.0,0.1428,True
head_only,4,273,17,0.68125,0.182,False
full,3,353,353,1.0,1.0,True
head_only,2,1089,17,1.0,0.2664,True
head_only,5,209,9,0.587,0.2017,False
full,3,1089,1089,1.0,1.0,True
full,1,2177,2177,1.0,1.0,True
full,4,137,137,1.0,1.0,True
full,2,18689,18689,1.0,1.0,True
full,5,545,545,1.0,1.0,True
head_only,3,18689,129,1.0,0.0,True
full,5,137,137,1.0,0.0,True
head_only,3,1089,17,0.74075,0.1026,False
subspace,4,51713,256,1.0,0.0,True
full,3,209,209,1.0,1.0,True
head_only,1,273,17,1.0,0.6457,True
full,1,13569,13569,1.0,1.0,True
subspace,1,51713,256,1.0,1.0,True
full,2,18689,18689,1.0,1.0,True
head_only,1,51713,129,1.0,1.0,True
head_only,5,273,17,0.53325,0.0017,False
head_only,2,2177,129,1.0,0.7521,True
full,2,137,137,1.0,1.0,True
head_only,5,18689,129,0.503,0.0,False
full,3,3713,3713,1.0,1.0,True
full,2,137,137,1.0,1.0,True
full,2,13569,13569,1.0,1.0,True
head_only,4,13569,65,0.81925,0.1068,False
full,1,2177,2177,1.0,1.0,True
head_only,4,209,9,0.6825,0.3978,False
head_only,4,273,17,0.371,0.0281,False
full,4,1601,1601,1.0,1.0,True
full,1,5249,5249,1.0,1.0,True
full,1,1089,1089,1.0,1.0,True
head_only,4,5249,65,0.55325,0.0004,False
head_only,2,273,17,1.0,0.0501,True
head_only,5,209,9,0.43775,0.2063,False
head_only,1,1089,65,1.0,1.0,True
head_only,5,3713,33,0.52975,0.0,False
full,4,13569,13569,1.0,1.0,True
head_only,2,51713,129,1.0,0.0,True
full,2,273,273,1.0,1.0,True
full,3,1089,1089,1.0,1.0,True
full,2,13569,13569,1.0,1.0,True
full,3,18689,18689,1.0,1.0,True
head_only,1,209,9,1.0,0.6606,True
full,4,5249,5249,1.0,1.0,True
head_only,1,1601,33,1.0,0.5471,True
full,5,3713,3713,1.0,1.0,True
head_only,1,13569,65,1.0,0.6869,True
full,4,1089,1089,1.0,1.0,True
head_only,4,5249,65,0.6775,0.0,False
full,2,51713,51713,1.0,1.0,True
full,1,3713,3713,1.0,1.0,True
head_only,1,3713,33,1.0,0.922,True
head_only,5,209,9,0.432,0.261,False
full,4,3713,3713,1.0,1.0,True
full,4,3713,3713,1.0,1.0,True
head_only,2,353,9,0.5,0.4501,False
full,4,137,137,1.0,1.0,True
full,5,13569,13569,1.0,1.0,True
head_only,3,18689,129,1.0,0.0,True
full,2,545,545,1.0,1.0,True
head_only,1,273,17,1.0,0.9904,True
full,4,1089,1089,1.0,1.0,True
head_only,3,13569,65,0.384,0.1055,False
full,1,1089,1089,1.0,1.0,True
head_only,3,2177,129,0.74975,0.0,False
full,5,1089,1089,1.0,1.0,True
full,5,273,273,1.0,0.492,True
full,4,273,273,1.0,1.0,True
full,4,1089,1089,1.0,1.0,True
head_only,3,51713,129,0.62875,0.0,False
head_only,5,137,9,0.438,0.1866,False
full,2,18689,18689,1.0,1.0,True
full,4,545,545,1.0,1.0,True
full,2,545,545,1.0,1.0,True
head_only,3,1089,65,0.619,0.0,False
head_only,4,1601,33,0.4995,0.0,False
full,5,3713,3713,1.0,1.0,True
head_only,2,18689,129,1.0,0.7338,True
head_only,2,2177,129,1.0,0.0055,True
head_only,5,137,9,0.53525,0.2325,False
subspace,2,51713,4,1.0,0.4065,True
head_only,4,545,33,1.0,0.0113,True
head_only,4,2177,129,0.7535,0.0,False
full,1,3713,3713,1.0,1.0,True
full,1,1089,1089,1.0,1.0,True
head_only,3,3713,33,0.62625,0.0078,False
full,4,1089,1089,1.0,1.0,True
full,5,51713,51713,1.0,1.0,True
full,2,2177,2177,1.0,1.0,True
head_only,3,545,33,1.0,0.0,True
subspace,1,51713,1024,1.0,1.0,True
full,5,1089,1089,1.0,1.0,True
full,1,209,209,1.0,1.0,True
head_only,2,545,33,1.0,0.0,True
full,1,209,209,1.0,1.0,True
head_only,2,2177,129,1.0,0.7541,True
full,4,1601,1601,1.0,1.0,True
head_only,2,3713,33,1.0,0.0412,True
head_only,2,1601,33,1.0,0.0401,True
full,3,13569,13569,1.0,1.0,True
full,3,545,545,1.0,1.0,True
head_only,2,51713,129,1.0,0.1031,True
full,3,5249,5249,1.0,1.0,True
head_only,1,3713,33,1.0,0.642,True
head_only,3,13569,65,0.87025,0.0,False
head_only,3,353,9,0.5,0.3427,False
full,2,2177,2177,1.0,1.0,True
head_only,4,353,9,0.503,0.1743,False
head_only,4,353,9,0.501,0.2512,False
head_only,5,51713,129,0.561,0.0047,False
head_only,5,1089,17,0.59475,0.0682,False
head_only,4,545,17,0.44575,0.0775,False
head_only,1,3713,33,1.0,0.6939,True
full,5,1601,1601,1.0,1.0,True
head_only,4,1089,17,0.501,0.1355,False
head_only,5,5249,65,0.935,0.0003,False
head_only,3,545,33,1.0,0.0172,True
full,4,13569,13569,1.0,1.0,True
full,3,13569,13569,1.0,1.0,True
full,3,2177,2177,1.0,1.0,True
head_only,2,3713,33,1.0,0.0002,True
full,4,1601,1601,1.0,1.0,True
subspace,2,51713,4,0.5,0.3722,False
full,4,209,209,1.0,1.0,True
head_only,3,51713,129,0.88125,0.0,False
full,4,545,545,1.0,1.0,True
head_only,1,209,9,1.0,0.5958,True
full,4,1601,1601,1.0,1.0,True
full,5,1089,1089,1.0,1.0,True
head_only,4,51713,129,0.93075,0.0508,False
full,4,273,273,1.0,1.0,True
full,5,3713,3713,1.0,1.0,True
full,2,545,545,1.0,1.0,True
full,3,51713,51713,1.0,1.0,True
full,1,1089,1089,1.0,1.0,True
head_only,4,137,9,0.501,0.1819,False
head_only,5,273,17,0.49775,0.0001,False
full,2,3713,3713,1.0,1.0,True
head_only,2,5249,65,1.0,0.0,True
full,2,137,137,1.0,1.0,True
head_only,4,545,33,1.0,0.0009,True
head_only,4,353,9,0.74625,0.2774,False
full,1,18689,18689,1.0,1.0,True
full,4,18689,18689,1.0,1.0,True
full,3,1089,1089,1.0,1.0,True
head_only,3,18689,129,1.0,0.0,True
full,2,545,545,1.0,1.0,True
head_only,4,545,17,0.44175,0.0158,False
full,1,18689,18689,1.0,1.0,True
head_only,1,273,17,1.0,0.8377,True
full,3,137,137,1.0,1.0,True
full,5,545,545,1.0,1.0,True
full,5,1089,1089,1.0,1.0,True
full,4,353,353,1.0,1.0,True
head_only,5,137,9,0.49325,0.178,False
full,2,545,545,1.0,1.0,True
full,1,209,209,1.0,1.0,True
full,1,51713,51713,1.0,1.0,True
head_only,5,1601,33,0.55475,0.0,False
head_only,2,3713,33,1.0,0.3168,True
head_only,5,1089,17,0.60325,0.1523,False
head_only,4,209,9,0.44075,0.1802,False
full,2,1601,1601,1.0,1.0,True
head_only,4,1089,17,0.4405,0.1278,False
full,5,5249,5249,1.0,1.0,True
full,2,13569,13569,1.0,1.0,True
full,1,5249,5249,1.0,1.0,True
head_only,2,5249,65,1.0,0.0006,True
full,3,13569,13569,1.0,1.0,True
head_only,1,3713,33,1.0,1.0,True
full,3,273,273,1.0,1.0,True
head_only,5,209,9,0.55375,0.2854,False
head_only,2,2177,129,1.0,0.7029,True
head_only,3,545,17,0.88175,0.2478,False
head_only,2,51713,129,1.0,0.0496,True
head_only,3,1089,17,0.62525,0.201,False
full,3,273,273,1.0,1.0,True
head_only,1,2177,129,1.0,1.0,True
head_only,1,545,33,1.0,0.9853,True
full,3,545,545,1.0,1.0,True
full,2,13569,13569,1.0,1.0,True
full,3,273,273,1.0,1.0,True
full,5,1089,1089,1.0,1.0,True
full,4,5249,5249,1.0,1.0,True
full,5,137,137,1.0,1.0,True
full,3,545,545,1.0,1.0,True
full,5,3713,3713,1.0,1.0,True
head_only,5,1601,33,0.654,0.0957,False
full,4,1089,1089,1.0,1.0,True
head_only,2,273,17,1.0,0.2155,True
full,5,1601,1601,1.0,1.0,True
full,5,1601,1601,1.0,1.0,True
head_only,2,545,33,1.0,0.0539,True
full,2,209,209,1.0,1.0,True
full,1,3713,3713,1.0,1.0,True
head_only,4,5249,65,0.5685,0.0,False
head_only,2,353,9,0.7555,0.4321,False
head_only,2,1089,17,0.75,0.3903,False
head_only,5,1089,17,0.49425,0.1218,False
head_only,1,545,33,1.0,1.0,True
head_only,1,51713,129,1.0,1.0,True
head_only,5,51713,129,0.60275,0.0,False
head_only,5,1089,65,0.5335,0.0,False
full,4,5249,5249,1.0,1.0,True
full,4,273,273,1.0,1.0,True
full,4,13569,13569,1.0,1.0,True
full,1,1601,1601,1.0,1.0,True
full,2,13569,13569,1.0,1.0,True
head_only,4,5249,65,0.56325,0.0,False
head_only,5,18689,129,0.531,0.0,False
subspace,4,51713,256,1.0,0.0,True
head_only,2,209,9,0.50425,0.1121,False
full,4,2177,2177,1.0,1.0,True
full,4,1089,1089,1.0,1.0,True
subspace,5,51713,1,0.4635,0.4634,False
head_only,4,1601,33,0.4875,0.0,False
full,1,209,209,1.0,1.0,True
head_only,3,353,9,0.62775,0.4318,False
head_only,2,13569,65,1.0,0.078,True
full,1,273,273,1.0,1.0,True
full,2,2177,2177,1.0,1.0,True
full,1,1601,1601,1.0,1.0,True
full,3,2177,2177,1.0,1.0,True
full,1,51713,51713,1.0,1.0,True
head_only,4,2177,129,0.634,0.0,False
full,1,137,137,1.0,1.0,True
full,3,5249,5249,1.0,1.0,True
full,2,2177,2177,1.0,1.0,True
full,5,1601,1601,1.0,1.0,True
full,3,51713,51713,1.0,1.0,True
subspace,5,51713,4,0.50025,0.368,False
head_only,3,3713,33,0.5065,0.2651,False
full,3,545,545,1.0,1.0,True
head_only,1,1089,65,1.0,1.0,True
full,2,545,545,1.0,1.0,True
full,4,545,545,1.0,1.0,True
full,3,5249,5249,1.0,1.0,True
head_only,2,2177,129,1.0,0.0012,True
head_only,4,2177,129,0.634,0.0,False
full,1,545,545,1.0,1.0,True
head_only,4,13569,65,0.43475,0.0947,False
full,4,18689,18689,1.0,1.0,True
head_only,1,5249,65,1.0,1.0,True
full,2,209,209,1.0,1.0,True
head_only,3,3713,33,0.49925,0.0044,False
subspace,3,51713,256,1.0,0.003,True
full,1,3713,3713,1.0,1.0,True
full,5,353,353,1.0,0.0,True
full,3,3713,3713,1.0,1.0,True
head_only,2,1089,65,1.0,0.3067,True
head_only,1,137,9,1.0,0.6409,True
full,1,13569,13569,1.0,1.0,True
full,5,3713,3713,1.0,1.0,True
full,4,3713,3713,1.0,1.0,True
head_only,1,1089,65,1.0,1.0,True
head_only,5,273,17,0.46575,0.1439,False
head_only,3,18689,129,0.87325,0.0,False
subspace,4,51713,64,1.0,0.0005,True
head_only,2,5249,65,1.0,0.0,True
full,5,353,353,1.0,1.0,True
full,3,1089,1089,1.0,1.0,True
full,5,2177,2177,1.0,1.0,True
full,5,1601,1601,1.0,1.0,True
full,1,51713,51713,1.0,1.0,True
head_only,2,13569,65,1.0,0.0,True
head_only,3,1601,33,0.62725,0.0243,False
head_only,2,1601,33,1.0,0.0847,True
head_only,2,1089,65,1.0,0.0,True
head_only,2,1089,65,1.0,0.5159,True
head_only,4,209,9,0.565,0.2344,False
head_only,4,353,9,0.48475,0.3956,False
head_only,3,1089,65,0.628,0.0,False
full,2,209,209,1.0,1.0,True
full,1,1089,1089,1.0,1.0,True
full,3,137,137,1.0,1.0,True
full,3,273,273,1.0,1.0,True
head_only,2,1601,33,1.0,0.0426,True
full,5,1601,1601,1.0,1.0,True
full,5,209,209,1.0,0.9408,True
full,2,2177,2177,1.0,1.0,True
head_only,3,5249,65,1.0,0.0,True
subspace,4,51713,64,1.0,0.0009,True
head_only,5,545,33,0.531,0.0029,False
full,4,545,545,1.0,1.0,True
head_only,5,1089,17,0.538,0.0044,False
full,1,1601,1601,1.0,1.0,True
full,5,18689,18689,1.0,1.0,True
full,5,1089,1089,1.0,1.0,True
head_only,4,51713,129,0.6175,0.0,False
head_only,5,137,9,0.6285,0.1614,False
full,1,1089,1089,1.0,1.0,True
head_only,2,209,9,1.0,0.2272,True
full,3,209,209,1.0,1.0,True
head_only,3,13569,65,0.5,0.0893,False
full,5,3713,3713,1.0,1.0,True
head_only,3,51713,129,1.0,0.0976,True
full,1,545,545,1.0,1.0,True
head_only,1,13569,65,1.0,0.4513,True
head_only,3,18689,129,1.0,0.0,True
full,1,1089,1089,1.0,1.0,True
head_only,5,1601,33,0.497,0.0041,False
head_only,4,545,33,0.87,0.0045,False
head_only,1,5249,65,1.0,1.0,True
head_only,1,2177,129,1.0,1.0,True
full,1,2177,2177,1.0,1.0,True
full,5,18689,18689,1.0,1.0,True
full,2,545,545,1.0,1.0,True
head_only,2,209,9,0.50625,0.2601,False
full,2,3713,3713,1.0,1.0,True
head_only,3,545,17,0.8765,0.2406,False
head_only,4,209,9,0.57075,0.1678,False
full,1,545,545,1.0,1.0,True
head_only,4,545,33,0.56325,0.0031,False
full,3,3713,3713,1.0,1.0,True
head_only,4,353,9,0.4985,0.4256,False
head_only,5,209,9,0.589,0.3546,False
full,4,1089,1089,1.0,1.0,True
full,4,545,545,1.0,1.0,True
head_only,3,137,9,0.61875,0.2604,False
head_only,2,1089,65,1.0,0.1365,True
head_only,4,137,9,0.5035,0.1613,False
full,1,545,545,1.0,1.0,True
full,5,51713,51713,1.0,1.0,True
head_only,3,3713,33,0.61575,0.0534,False
full,4,1089,1089,1.0,1.0,True
full,1,51713,51713,1.0,1.0,True
head_only,3,1601,33,1.0,0.0,True
full,1,137,137,1.0,1.0,True
full,4,353,353,1.0,1.0,True
head_only,1,137,9,1.0,0.7022,True
full,1,5249,5249,1.0,1.0,True
full,5,209,209,1.0,1.0,True
head_only,5,545,17,0.6475,0.1161,False
full,5,1089,1089,1.0,1.0,True
head_only,4,1089,17,0.50875,0.2057,False
head_only,4,1601,33,0.63575,0.0,False
full,4,1601,1601,1.0,1.0,True
head_only,5,353,9,0.5065,0.3459,False
full,5,545,545,1.0,0.9758,True
full,4,545,545,1.0,1.0,True
full,1,137,137,1.0,1.0,True
head_only,1,13569,65,1.0,0.9941,True
full,2,545,545,1.0,1.0,True
head_only,1,3713,33,1.0,0.9897,True
head_only,2,5249,65,1.0,0.1862,True
head_only,4,3713,33,0.49,0.001,False
head_only,1,353,9,1.0,0.6522,True
head_only,3,209,9,0.491,0.1081,False
full,5,545,545,1.0,1.0,True
full,4,209,209,1.0,1.0,True
head_only,2,1089,17,1.0,0.1544,True
head_only,2,18689,129,1.0,0.0,True
full,5,1601,1601,1.0,1.0,True
full,3,137,137,1.0,1.0,True
subspace,5,51713,1,0.4355,0.7481,False
head_only,2,545,17,1.0,0.1093,True
head_only,5,545,17,0.50025,0.0144,False
full,5,51713,51713,1.0,1.0,True
head_only,3,209,9,0.51025,0.2164,False
full,4,1089,1089,1.0,1.0,True
head_only,2,18689,129,1.0,0.2704,True
full,4,545,545,1.0,1.0,True
full,1,2177,2177,1.0,1.0,True
full,1,209,209,1.0,1.0,True
subspace,3,51713,16,0.62525,0.0775,False
full,1,353,353,1.0,1.0,True
full,2,51713,51713,1.0,1.0,True
head_only,4,137,9,0.74875,0.27,False
head_only,3,13569,65,1.0,0.0021,True
head_only,5,1089,65,0.664,0.0,False
full,5,545,545,1.0,1.0,True
full,2,1089,1089,1.0,1.0,True
full,2,353,353,1.0,1.0,True
full,4,545,545,1.0,1.0,True
head_only,5,2177,129,0.52275,0.0,False
full,2,545,545,1.0,1.0,True
head_only,3,137,9,0.7475,0.1009,False
full,1,3713,3713,1.0,1.0,True
full,5,353,353,1.0,1.0,True
head_only,5,545,33,0.75875,0.0127,False
full,4,545,545,1.0,1.0,True
head_only,1,353,9,1.0,0.743,True
full,2,13569,13569,1.0,1.0,True
head_only,4,209,9,0.55825,0.2935,False
full,5,1601,1601,1.0,1.0,True
head_only,5,51713,129,0.74325,0.077,False
head_only,3,353,9,0.5,0.1632,False
full,5,1601,1601,1.0,1.0,True
full,1,1089,1089,1.0,1.0,True
head_only,5,13569,65,0.5215,0.0,False
full,5,1601,1601,1.0,1.0,True
head_only,5,51713,129,0.59975,0.0,False
full,5,1089,1089,1.0,1.0,True
full,3,1089,1089,1.0,1.0,True
full,1,1089,1089,1.0,1.0,True
full,5,13569,13569,1.0,1.0,True
full,5,3713,3713,1.0,1.0,True
head_only,4,1601,33,0.50075,0.0,False
subspace,1,51713,4,1.0,0.5822,True
full,1,1089,1089,1.0,1.0,True
head_only,3,3713,33,0.7455,0.2898,False
head_only,1,2177,129,1.0,1.0,True
head_only,1,3713,33,1.0,0.6028,True
head_only,1,2177,129,1.0,1.0,True
full,5,545,545,1.0,1.0,True
head_only,3,13569,65,0.5,0.1655,False
head_only,2,51713,129,1.0,0.0,True
full,4,1601,1601,1.0,1.0,True
head_only,3,13569,65,1.0,0.0,True
full,4,1089,1089,1.0,1.0,True
head_only,1,1089,17,1.0,0.6665,True
full,1,18689,18689,1.0,1.0,True
full,1,1089,1089,1.0,1.0,True
full,1,51713,51713,1.0,1.0,True
full,3,273,273,1.0,1.0,True
full,3,1601,1601,1.0,1.0,True
full,1,545,545,1.0,1.0,True
full,5,18689,18689,1.0,1.0,True
head_only,1,353,9,1.0,0.6772,True
full,5,353,353,1.0,1.0,True
full,4,1089,1089,1.0,1.0,True
head_only,4,545,17,0.4955,0.1256,False
head_only,5,137,9,0.49225,0.2572,False
head_only,5,209,9,0.5305,0.224,False
full,3,2177,2177,1.0,1.0,True
head_only,1,137,9,1.0,0.8729,True
full,4,5249,5249,1.0,1.0,True
head_only,3,18689,129,1.0,0.0,True
full,3,5249,5249,1.0,1.0,True
head_only,1,545,17,1.0,0.4999,True
full,5,1089,1089,1.0,1.0,True
head_only,4,545,33,1.0,0.0026,True
full,2,137,137,1.0,1.0,True
head_only,3,209,9,0.62075,0.3034,False
full,3,209,209,1.0,0.7505,True
head_only,1,5249,65,1.0,1.0,True
subspace,4,51713,1024,1.0,0.993,True
head_only,5,5249,65,0.527,0.0,False
full,3,51713,51713,1.0,1.0,True
subspace,4,51713,1,0.5,0.2841,False
full,2,2177,2177,1.0,1.0,True
full,4,137,137,1.0,0.0,True
full,5,51713,51713,1.0,1.0,True
full,2,18689,18689,1.0,1.0,True
full,3,13569,13569,1.0,1.0,True
full,1,18689,18689,1.0,1.0,True
head_only,3,2177,129,1.0,0.0,True
head_only,1,18689,129,1.0,1.0,True
full,4,353,353,1.0,1.0,True
head_only,2,51713,129,1.0,0.0,True
full,1,51713,51713,1.0,1.0,True
full,1,273,273,1.0,1.0,True
full,5,18689,18689,1.0,1.0,True
full,2,1601,1601,1.0,1.0,True
head_only,2,353,9,0.75375,0.4486,False
head_only,5,1601,33,0.5895,0.0034,False
full,5,18689,18689,1.0,1.0,True
subspace,2,51713,64,1.0,0.0734,True
head_only,1,209,9,1.0,0.6931,True
head_only,3,2177,129,1.0,0.0,True
full,2,209,209,1.0,1.0,True
head_only,5,3713,33,0.4675,0.0375,False
head_only,2,1601,33,1.0,0.0965,True
head_only,4,209,9,0.37175,0.2501,False
full,3,353,353,1.0,1.0,True
full,3,1089,1089,1.0,1.0,True
head_only,2,545,17,0.7515,0.0079,False
full,3,209,209,1.0,1.0,True
head_only,5,209,9,0.55525,0.3005,False
head_only,1,353,9,1.0,0.6844,True
head_only,1,545,17,1.0,0.5358,True
full,5,18689,18689,1.0,1.0,True
full,2,545,545,1.0,1.0,True
full,3,137,137,1.0,1.0,True
full,4,13569,13569,1.0,1.0,True
head_only,5,3713,33,0.55725,0.2574,False
head_only,4,1601,33,0.871,0.1023,False
full,3,545,545,1.0,1.0,True
head_only,3,5249,65,1.0,0.0007,True
full,2,545,545,1.0,1.0,True
full,4,353,353,1.0,1.0,True
full,5,51713,51713,1.0,1.0,True
full,5,353,353,1.0,1.0,True
full,3,273,273,1.0,1.0,True
full,2,1089,1089,1.0,1.0,True
head_only,5,1601,33,0.43575,0.011,False
head_only,3,13569,65,0.757,0.0,False
head_only,3,18689,129,1.0,0.0,True
head_only,2,3713,33,1.0,0.062,True
full,4,1089,1089,1.0,0.4392,True
full,3,209,209,1.0,1.0,True
full,3,2177,2177,1.0,1.0,True
full,1,1089,1089,1.0,1.0,True
full,2,137,137,1.0,1.0,True
head_only,3,273,17,0.63725,0.0812,False
head_only,2,1089,65,1.0,0.0,True
head_only,2,51713,129,1.0,0.165,True
head_only,4,51713,129,0.36775,0.0209,False
head_only,4,137,9,0.55525,0.0852,False
full,2,545,545,1.0,1.0,True
head_only,3,273,17,0.757,0.0,False
head_only,3,545,33,0.4985,0.0018,False
head_only,1,137,9,1.0,0.7206,True
full,1,1089,1089,1.0,1.0,True
head_only,3,3713,33,1.0,0.0,True
head_only,4,1601,33,0.4305,0.0012,False
full,5,545,545,1.0,1.0,True
full,3,1089,1089,1.0,1.0,True
full,5,1089,1089,1.0,1.0,True
full,3,13569,13569,1.0,1.0,True
head_only,3,353,9,0.50925,0.12,False
full,5,545,545,1.0,1.0,True
head_only,4,353,9,0.371,0.284,False
full,4,2177,2177,1.0,1.0,True
full,1,137,137,1.0,1.0,True
head_only,5,18689,129,0.50975,0.0,False
full,3,137,137,1.0,1.0,True
full,1,545,545,1.0,1.0,True
head_only,5,51713,129,0.8775,0.0464,False
head_only,2,2177,129,1.0,0.002,True
head_only,2,1601,33,1.0,0.2576,True
full,4,5249,5249,1.0,1.0,True
head_only,4,13569,65,0.4935,0.0915,False
full,2,1089,1089,1.0,1.0,True
full,3,137,137,1.0,1.0,True
head_only,4,545,17,0.569,0.0127,False
full,5,273,273,1.0,0.9922,True
full,2,1601,1601,1.0,1.0,True
full,5,13569,13569,1.0,1.0,True
head_only,1,545,33,1.0,0.8994,True
head_only,1,545,33,1.0,0.9386,True
full,3,545,545,1.0,1.0,True
full,3,209,209,1.0,1.0,True
head_only,2,353,9,1.0,0.2425,True
full,4,273,273,1.0,1.0,True
head_only,2,1089,17,0.489,0.3159,False
full,5,545,545,1.0,1.0,True
head_only,4,137,9,0.55525,0.0852,False
head_only,4,137,9,0.42775,0.212,False
full,5,209,209,1.0,0.9373,True
full,1,545,545,1.0,1.0,True
head_only,5,1089,17,0.50125,0.1991,False
full,1,545,545,1.0,1.0,True
head_only,1,545,17,1.0,0.7273,True
full,5,545,545,1.0,1.0,True
head_only,1,18689,129,1.0,1.0,True
head_only,4,2177,129,0.752,0.0,False
full,2,353,353,1.0,1.0,True
full,4,545,545,1.0,1.0,True
head_only,2,1089,65,1.0,0.2099,True
head_only,3,51713,129,1.0,0.0,True
full,5,5249,5249,1.0,1.0,True
head_only,2,2177,129,1.0,0.0023,True
head_only,2,2177,129,1.0,0.0178,True
full,4,2177,2177,1.0,1.0,True
full,3,1601,1601,1.0,1.0,True
head_only,3,209,9,0.63,0.2108,False
full,2,3713,3713,1.0,1.0,True
full,4,51713,51713,1.0,1.0,True
full,5,545,545,1.0,1.0,True
head_only,1,209,9,1.0,0.8603,True
full,4,1601,1601,1.0,1.0,True
full,5,13569,13569,1.0,1.0,True
head_only,2,1601,33,1.0,0.0428,True
subspace,2,51713,1,0.5,0.4922,False
full,5,137,137,0.902,0.0,False
full,3,545,545,1.0,1.0,True
head_only,5,209,9,0.49575,0.2164,False
head_only,4,1089,65,0.62525,0.0,False
full,3,1089,1089,1.0,1.0,True
head_only,4,209,9,0.4825,0.2586,False
full,1,5249,5249,1.0,1.0,True
head_only,4,353,9,0.5515,0.2468,False
head_only,5,3713,33,0.5,0.047,False
head_only,1,545,33,1.0,0.9806,True
full,5,545,545,1.0,1.0,True
head_only,4,545,33,0.504,0.0033,False
head_only,2,209,9,0.74475,0.3061,False
full,2,545,545,1.0,1.0,True
full,1,18689,18689,1.0,1.0,True
full,2,1601,1601,1.0,1.0,True
full,3,209,209,1.0,1.0,True
full,1,2177,2177,1.0,1.0,True
full,3,545,545,1.0,1.0,True
full,1,18689,18689,1.0,1.0,True
head_only,2,353,9,0.75175,0.3254,False
subspace,3,51713,16,0.88175,0.1917,False
full,5,137,137,0.96675,0.0,True
full,3,2177,2177,1.0,1.0,True
full,4,1089,1089,1.0,1.0,True
head_only,3,545,33,1.0,0.0,True
full,4,353,353,1.0,1.0,True
head_only,1,1089,17,1.0,0.683,True
full,2,18689,18689,1.0,1.0,True
head_only,5,353,9,0.632,0.2287,False
head_only,1,13569,65,1.0,0.989,True
full,1,18689,18689,1.0,1.0,True
head_only,2,1089,17,1.0,0.1246,True
head_only,5,1089,17,0.5065,0.1614,False
full,1,13569,13569,1.0,1.0,True
head_only,1,1601,33,1.0,0.846,True
head_only,1,3713,33,1.0,0.3287,True
full,3,1089,1089,1.0,1.0,True
full,4,137,137,1.0,1.0,True
full,2,353,353,1.0,1.0,True
full,3,353,353,1.0,1.0,True
full,4,51713,51713,1.0,1.0,True
head_only,1,51713,129,1.0,1.0,True
full,1,545,545,1.0,1.0,True
full,1,137,137,1.0,1.0,True
head_only,1,545,17,1.0,0.6101,True
full,2,545,545,1.0,1.0,True
full,3,1089,1089,1.0,1.0,True
head_only,4,51713,129,0.5575,0.0,False
full,2,1601,1601,1.0,1.0,True
full,4,137,137,1.0,1.0,True
head_only,1,545,17,1.0,0.8062,True
head_only,3,545,33,1.0,0.0,True
full,5,209,209,1.0,1.0,True
head_only,4,18689,129,1.0,0.0,True
full,1,18689,18689,1.0,1.0,True
head_only,1,1089,17,1.0,0.7929,True
head_only,4,137,9,0.538,0.128,False
head_only,5,1089,17,0.4675,0.0565,False
full,5,1089,1089,1.0,1.0,True
full,1,545,545,1.0,1.0,True
full,4,5249,5249,1.0,1.0,True
head_only,5,13569,65,0.5265,0.0,False
head_only,4,3713,33,0.74825,0.0249,False
full,2,273,273,1.0,1.0,True
head_only,1,5249,65,1.0,1.0,True
head_only,5,2177,129,1.0,0.0,True
full,1,353,353,1.0,1.0,True
head_only,1,353,9,1.0,0.668,True
head_only,3,5249,65,1.0,0.0,True
full,2,545,545,1.0,1.0,True
full,4,1089,1089,1.0,1.0,True
full,5,353,353,0.964,1.0,True
full,3,2177,2177,1.0,1.0,True
full,1,1601,1601,1.0,1.0,True
head_only,5,209,9,0.43425,0.1712,False
full,1,18689,18689,1.0,1.0,True
head_only,4,3713,33,0.73575,0.0182,False
full,3,13569,13569,1.0,1.0,True
head_only,3,545,17,1.0,0.202,True
full,2,13569,13569,1.0,1.0,True
full,4,209,209,1.0,1.0,True
head_only,3,137,9,0.87675,0.0541,False
full,2,273,273,1.0,1.0,True
head_only,5,1601,33,0.78525,0.1437,False
full,3,1089,1089,1.0,1.0,True
full,5,1089,1089,1.0,1.0,True
head_only,1,137,9,1.0,0.799,True
subspace,1,51713,16,1.0,0.4799,True
head_only,5,51713,129,0.5295,0.0,False
full,4,18689,18689,1.0,1.0,True
head_only,5,3713,33,0.55525,0.0,False
head_only,4,18689,129,1.0,0.0,True
head_only,2,353,9,1.0,0.1708,True
full,4,1601,1601,1.0,1.0,True
full,1,273,273,1.0,1.0,True
subspace,4,51713,16,0.62,0.1648,False
subspace,3,51713,64,1.0,0.0037,True
head_only,2,18689,129,1.0,0.2278,True
head_only,3,18689,129,0.8755,0.0,False
full,2,51713,51713,1.0,1.0,True
head_only,1,273,17,1.0,0.9934,True
head_only,5,1089,65,0.5315,0.0,False
head_only,1,1089,17,1.0,0.2415,True
full,4,209,209,1.0,0.74,True
full,4,1601,1601,1.0,1.0,True
head_only,3,5249,65,0.8795,0.0,False
full,2,353,353,1.0,1.0,True
full,1,2177,2177,1.0,1.0,True
full,5,273,273,1.0,1.0,True
head_only,4,1601,33,0.439,0.033,False
full,4,1601,1601,1.0,1.0,True
head_only,5,51713,129,0.5265,0.0,False
full,4,1601,1601,1.0,1.0,True
full,5,137,137,1.0,0.0,True
full,4,18689,18689,1.0,1.0,True
full,3,18689,18689,1.0,1.0,True
head_only,5,545,33,0.62575,0.0028,False
head_only,5,545,33,0.50325,0.0,False
head_only,5,1089,17,0.5,0.3452,False
full,5,3713,3713,1.0,1.0,True
head_only,5,18689,129,0.56775,0.0,False
head_only,3,1601,33,0.62575,0.0007,False
full,5,1089,1089,1.0,1.0,True
full,5,273,273,1.0,1.0,True
full,5,1601,1601,1.0,1.0,True
head_only,2,273,17,1.0,0.0001,True
full,2,273,273,1.0,1.0,True
full,4,353,353,1.0,1.0,True
head_only,2,13569,65,1.0,0.1977,True
head_only,5,137,9,0.6285,0.1614,False
head_only,3,545,33,0.3765,0.0074,False
head_only,4,1089,17,0.69675,0.1167,False
full,3,545,545,1.0,1.0,True
full,5,1089,1089,1.0,0.0663,True
subspace,3,51713,4,0.7475,0.3034,False
full,2,209,209,1.0,1.0,True
full,1,137,137,1.0,1.0,True
head_only,4,18689,129,0.50825,0.0,False
full,1,13569,13569,1.0,1.0,True
head_only,2,13569,65,1.0,0.0921,True
head_only,5,18689,129,0.52925,0.0,False
full,1,2177,2177,1.0,1.0,True
full,1,209,209,1.0,1.0,True
head_only,3,1089,65,0.75325,0.0,False
subspace,4,51713,64,1.0,0.0002,True
full,3,2177,2177,1.0,1.0,True
head_only,3,273,17,0.499,0.0781,False
head_only,4,5249,65,0.57,0.0,False
full,5,273,273,1.0,0.9623,True
head_only,1,137,9,1.0,0.8059,True
full,5,209,209,1.0,0.9698,True
full,5,13569,13569,1.0,1.0,True
head_only,5,1089,65,0.91375,0.0,False
subspace,4,51713,4,0.56625,0.3315,False
head_only,3,273,17,0.63375,0.0599,False
head_only,2,353,9,0.49975,0.1625,False
full,1,353,353,1.0,1.0,True
full,5,209,209,1.0,0.9346,True
full,3,13569,13569,1.0,1.0,True
head_only,5,545,17,0.63,0.0937,False
full,3,13569,13569,1.0,1.0,True
head_only,3,18689,129,1.0,0.0,True
full,3,51713,51713,1.0,1.0,True
full,4,209,209,1.0,1.0,True
subspace,3,51713,1,0.624,0.7536,False
full,3,545,545,1.0,1.0,True
head_only,4,13569,65,0.56425,0.1045,False
head_only,3,1089,17,0.62925,0.004,False
full,1,545,545,1.0,1.0,True
full,3,1089,1089,1.0,1.0,True
head_only,2,353,9,0.5045,0.3925,False
head_only,5,545,33,0.62725,0.0,False
head_only,2,51713,129,1.0,0.0,True
head_only,5,2177,129,1.0,0.0,True
subspace,1,51713,4,0.5,0.4762,False
head_only,4,273,17,0.55575,0.055,False
subspace,5,51713,64,0.7855,0.0002,False
full,1,545,545,1.0,1.0,True
head_only,5,273,17,0.53175,0.0827,False
head_only,4,273,17,0.49675,0.0709,False
full,4,2177,2177,1.0,1.0,True
head_only,1,51713,129,1.0,1.0,True
head_only,1,137,9,1.0,0.5945,True
head_only,3,5249,65,1.0,0.0,True
head_only,3,209,9,0.37775,0.1633,False
full,1,209,209,1.0,1.0,True
full,1,51713,51713,1.0,1.0,True
full,4,3713,3713,1.0,1.0,True
head_only,3,5249,65,0.61675,0.0,False
full,2,353,353,1.0,1.0,True
head_only,4,13569,65,0.55575,0.0,False
full,4,353,353,1.0,1.0,True
head_only,2,2177,129,1.0,0.746,True
full,3,5249,5249,1.0,1.0,True
full,2,137,137,1.0,1.0,True
head_only,5,545,17,0.48025,0.0715,False
full,2,2177,2177,1.0,1.0,True
full,5,1601,1601,1.0,1.0,True
full,2,353,353,1.0,1.0,True
head_only,5,1601,33,0.71125,0.0148,False
head_only,1,5249,65,1.0,1.0,True
head_only,5,3713,33,0.39925,0.0033,False
head_only,3,3713,33,0.6215,0.0083,False
head_only,5,209,9,0.4975,0.1055,False
full,1,209,209,1.0,1.0,True
full,5,51713,51713,1.0,1.0,True
head_only,2,5249,65,1.0,0.0303,True
head_only,1,353,9,1.0,0.5929,True
full,5,545,545,1.0,1.0,True
full,1,137,137,1.0,1.0,True
head_only,2,137,9,1.0,0.1861,True
full,5,137,137,0.97225,0.6511,True
full,2,1089,1089,1.0,1.0,True
full,2,3713,3713,1.0,1.0,True
head_only,5,545,33,0.653,0.0,False
full,5,273,273,1.0,0.4319,True
head_only,1,1089,65,1.0,0.9996,True
full,2,137,137,1.0,1.0,True
head_only,2,353,9,0.75025,0.3851,False
head_only,4,137,9,0.6225,0.2137,False
head_only,2,273,17,1.0,0.0001,True
full,1,18689,18689,1.0,1.0,True
head_only,2,545,17,1.0,0.1812,True
subspace,5,51713,256,1.0,0.0,True
full,1,137,137,1.0,1.0,True
head_only,3,209,9,0.7555,0.2721,False
head_only,3,545,17,0.87025,0.1406,False
head_only,3,2177,129,1.0,0.0001,True
full,1,209,209,1.0,1.0,True
head_only,5,273,17,0.60175,0.002,False
head_only,5,1089,17,0.48875,0.1279,False
full,1,1089,1089,1.0,1.0,True
full,2,18689,18689,1.0,1.0,True
subspace,3,51713,256,1.0,0.0053,True
full,4,13569,13569,1.0,1.0,True
full,4,545,545,1.0,1.0,True
head_only,5,1089,17,0.49625,0.2887,False
head_only,3,545,33,1.0,0.0,True
head_only,4,273,17,0.7625,0.0512,False
head_only,2,1089,65,1.0,0.2416,True
full,2,137,137,1.0,1.0,True
full,2,1601,1601,1.0,1.0,True
full,4,3713,3713,1.0,1.0,True
full,1,545,545,1.0,1.0,True
head_only,3,545,17,0.74125,0.2086,False
head_only,5,545,17,0.6655,0.1882,False
full,5,18689,18689,1.0,1.0,True
head_only,1,51713,129,1.0,0.7268,True
head_only,2,545,33,1.0,0.1039,True
head_only,2,545,33,1.0,0.0,True
head_only,5,1601,33,0.6015,0.0,False
subspace,5,51713,16,0.59,0.0706,False
full,3,273,273,1.0,1.0,True
head_only,1,1089,65,1.0,0.9999,True
head_only,2,1089,65,1.0,0.2099,True
head_only,2,209,9,1.0,0.1555,True
head_only,4,1089,65,1.0,0.0001,True
head_only,1,18689,129,1.0,0.9955,True
full,5,13569,13569,1.0,1.0,True
head_only,5,209,9,0.55975,0.2391,False
full,5,273,273,1.0,0.0,True
head_only,5,3713,33,0.52325,0.0042,False
full,5,545,545,1.0,1.0,True
head_only,4,1601,33,0.55075,0.0,False
head_only,5,1089,65,0.5335,0.0,False
head_only,4,1601,33,0.56425,0.0273,False
full,1,137,137,1.0,1.0,True
head_only,1,51713,129,1.0,1.0,True
full,2,13569,13569,1.0,1.0,True
full,3,1601,1601,1.0,1.0,True
full,2,353,353,1.0,1.0,True
full,2,545,545,1.0,1.0,True
head_only,5,3713,33,0.56775,0.255,False
head_only,4,3713,33,0.5,0.2289,False
full,5,545,545,1.0,1.0,True
full,1,1089,1089,1.0,1.0,True
full,3,545,545,1.0,1.0,True
head_only,2,5249,65,1.0,0.3859,True
full,4,2177,2177,1.0,1.0,True
full,3,353,353,1.0,1.0,True
head_only,3,1601,33,0.76225,0.0384,False
head_only,3,273,17,0.5045,0.0862,False
full,4,1601,1601,1.0,1.0,True
full,2,1089,1089,1.0,1.0,True
full,2,273,273,1.0,1.0,True
full,4,13569,13569,1.0,1.0,True
head_only,5,2177,129,0.598,0.0,False
full,1,18689,18689,1.0,1.0,True
full,4,545,545,1.0,1.0,True
full,4,2177,2177,1.0,1.0,True
head_only,4,18689,129,0.61025,0.0,False
full,3,18689,18689,1.0,1.0,True
head_only,3,51713,129,1.0,0.0,True
head_only,5,1089,65,0.97,0.0,True
head_only,5,1089,65,0.56625,0.0,False
full,3,1089,1089,1.0,1.0,True
full,2,5249,5249,1.0,1.0,True
head_only,4,545,17,0.44825,0.0797,False
head_only,4,1089,65,0.569,0.0,False
full,1,2177,2177,1.0,1.0,True
full,3,545,545,1.0,1.0,True
full,1,5249,5249,1.0,1.0,True
head_only,2,18689,129,1.0,0.0,True
full,2,1089,1089,1.0,1.0,True
head_only,4,51713,129,0.365,0.0,False
head_only,3,51713,129,1.0,0.0,True
head_only,2,5249,65,1.0,0.2135,True
head_only,2,137,9,0.49275,0.164,False
head_only,2,545,17,1.0,0.1063,True
full,3,3713,3713,1.0,1.0,True
head_only,5,1089,65,0.4955,0.0,False
full,5,3713,3713,1.0,1.0,True
head_only,1,545,33,1.0,0.9613,True
full,3,18689,18689,1.0,1.0,True
head_only,3,137,9,0.62375,0.1747,False
full,3,13569,13569,1.0,1.0,True
full,3,545,545,1.0,1.0,True
full,2,545,545,1.0,1.0,True
full,1,13569,13569,1.0,1.0,True
full,3,5249,5249,1.0,1.0,True
head_only,4,209,9,0.7545,0.3813,False
full,5,545,545,1.0,1.0,True
full,4,51713,51713,1.0,1.0,True
head_only,4,209,9,0.624,0.3049,False
full,2,5249,5249,1.0,1.0,True
head_only,5,2177,129,0.5925,0.0,False
head_only,3,2177,129,1.0,0.0,True
full,2,18689,18689,1.0,1.0,True
head_only,5,273,17,0.53,0.0962,False
head_only,2,1089,17,1.0,0.3489,True
full,2,13569,13569,1.0,1.0,True
head_only,1,5249,65,1.0,1.0,True
head_only,2,18689,129,1.0,0.2618,True
full,5,273,273,1.0,0.0,True
head_only,2,5249,65,1.0,0.0,True
full,3,273,273,1.0,1.0,True
head_only,2,353,9,1.0,0.1863,True
full,2,1089,1089,1.0,1.0,True
full,3,1089,1089,1.0,1.0,True
full,2,18689,18689,1.0,1.0,True
head_only,2,51713,129,1.0,0.2751,True
head_only,2,273,17,1.0,0.0987,True
head_only,1,51713,129,1.0,0.7918,True
head_only,4,13569,65,1.0,0.0,True
head_only,1,3713,33,1.0,0.9997,True
head_only,5,18689,129,1.0,0.0,True
head_only,4,209,9,0.50425,0.2168,False
head_only,1,273,17,1.0,0.9514,True
head_only,3,137,9,0.49925,0.2862,False
full,5,2177,2177,1.0,1.0,True
head_only,1,2177,129,1.0,1.0,True
head_only,3,209,9,0.50525,0.2203,False
full,5,1089,1089,1.0,1.0,True
head_only,1,13569,65,1.0,0.9825,True
full,4,545,545,1.0,1.0,True
full,4,1089,1089,1.0,1.0,True
head_only,3,3713,33,0.62275,0.2654,False
subspace,5,51713,64,0.6515,0.0,False
full,5,5249,5249,1.0,1.0,True
full,4,13569,13569,1.0,1.0,True
full,2,13569,13569,1.0,1.0,True
head_only,1,13569,65,1.0,0.9995,True
head_only,1,353,9,1.0,0.3003,True
full,1,545,545,1.0,1.0,True
head_only,4,1089,65,1.0,0.0,True
head_only,5,3713,33,0.56125,0.2848,False
head_only,1,3713,33,1.0,0.9298,True
head_only,1,3713,33,1.0,0.7402,True
full,3,3713,3713,1.0,1.0,True
full,1,273,273,1.0,1.0,True
full,1,51713,51713,1.0,1.0,True
full,3,3713,3713,1.0,1.0,True
head_only,1,137,9,1.0,0.5945,True
head_only,2,137,9,1.0,0.1625,True
full,1,273,273,1.0,1.0,True
head_only,4,5249,65,1.0,0.0,True
head_only,4,1089,65,0.63875,0.0,False
head_only,1,13569,65,1.0,1.0,True
head_only,4,137,9,0.50125,0.1829,False
full,3,273,273,1.0,1.0,True
head_only,2,137,9,1.0,0.2393,True
head_only,4,5249,65,0.43325,0.002,False
head_only,2,545,17,1.0,0.1287,True
full,1,1089,1089,1.0,1.0,True
full,4,273,273,1.0,1.0,True
head_only,2,353,9,0.50425,0.1479,False
full,2,1089,1089,1.0,1.0,True
full,2,13569,13569,1.0,1.0,True
head_only,2,1089,65,1.0,0.5065,True
head_only,1,1089,65,1.0,1.0,True
head_only,5,1089,65,0.498,0.0,False
subspace,2,51713,16,1.0,0.1734,True
full,1,51713,51713,1.0,1.0,True
head_only,4,1601,33,0.4975,0.0,False
full,5,545,545,1.0,1.0,True
full,2,1089,1089,1.0,1.0,True
full,2,18689,18689,1.0,1.0,True
head_only,3,2177,129,1.0,0.0,True
full,5,18689,18689,1.0,1.0,True
head_only,4,13569,65,0.68075,0.2253,False
head_only,3,353,9,0.50225,0.3921,False
full,3,545,545,1.0,1.0,True
head_only,2,3713,33,0.503,0.0072,False
full,4,545,545,1.0,1.0,True
head_only,5,353,9,0.56525,0.3097,False
full,4,545,545,1.0,1.0,True
head_only,1,353,9,1.0,0.5329,True
head_only,5,2177,129,0.50175,0.0,False
head_only,4,1089,65,1.0,0.0,True
head_only,3,18689,129,1.0,0.0,True
head_only,2,1089,65,1.0,0.0,True
full,4,353,353,1.0,1.0,True
head_only,3,209,9,0.50125,0.1443,False
full,3,18689,18689,1.0,1.0,True
full,1,353,353,1.0,1.0,True
head_only,4,545,33,0.6305,0.0,False
head_only,1,545,33,1.0,0.9586,True
full,4,545,545,1.0,1.0,True
full,2,13569,13569,1.0,1.0,True
full,1,273,273,1.0,1.0,True
full,3,51713,51713,1.0,1.0,True
full,5,273,273,1.0,0.4319,True
full,3,1601,1601,1.0,1.0,True
head_only,4,1089,17,0.43,0.0539,False
head_only,2,3713,33,0.75525,0.3059,False
head_only,5,18689,129,1.0,0.0,True
full,2,1601,1601,1.0,1.0,True
full,1,273,273,1.0,1.0,True
head_only,2,353,9,1.0,0.2995,True
head_only,4,545,17,0.44175,0.0755,False
full,1,3713,3713,1.0,1.0,True
head_only,3,18689,129,1.0,0.0,True
head_only,5,209,9,0.5525,0.3839,False
full,3,209,209,1.0,1.0,True
full,1,1089,1089,1.0,1.0,True
head_only,5,1089,65,0.664,0.0,False
full,2,51713,51713,1.0,1.0,True
full,5,273,273,1.0,0.026,True
head_only,1,209,9,1.0,0.5384,True
full,2,18689,18689,1.0,1.0,True
head_only,2,51713,129,1.0,0.2481,True
head_only,4,5249,65,1.0,0.0008,True
head_only,1,273,17,1.0,0.9998,True
head_only,3,18689,129,1.0,0.0051,True
subspace,3,51713,64,1.0,0.0025,True
head_only,5,1089,17,0.56875,0.0067,False
head_only,3,353,9,0.49725,0.1743,False
full,4,209,209,1.0,0.9416,True
head_only,4,13569,65,0.5595,0.0974,False
head_only,2,51713,129,1.0,0.2977,True
subspace,5,51713,16,0.552,0.1096,False
full,3,545,545,1.0,1.0,True
full,5,3713,3713,1.0,1.0,True
full,5,18689,18689,1.0,1.0,True
head_only,1,545,17,1.0,0.9042,True
full,1,545,545,1.0,1.0,True
head_only,4,353,9,0.5,0.3442,False
full,2,13569,13569,1.0,1.0,True
head_only,2,1601,33,1.0,0.17,True
head_only,1,209,9,1.0,0.2931,True
full,4,1601,1601,1.0,1.0,True
head_only,1,545,17,1.0,0.5725,True
full,5,13569,13569,1.0,1.0,True
full,5,273,273,1.0,1.0,True
full,5,1089,1089,1.0,1.0,True
head_only,5,273,17,0.59125,0.0703,False
full,3,18689,18689,1.0,1.0,True
full,3,1089,1089,1.0,1.0,True
head_only,3,13569,65,1.0,0.0,True
full,1,2177,2177,1.0,1.0,True
head_only,1,13569,65,1.0,0.9858,True
head_only,1,13569,65,1.0,0.9845,True
full,4,5249,5249,1.0,1.0,True
full,3,545,545,1.0,1.0,True
head_only,5,545,33,0.6005,0.0,False
head_only,5,13569,65,0.493,0.0,False
full,4,18689,18689,1.0,1.0,True
full,3,273,273,1.0,1.0,True
full,5,2177,2177,1.0,1.0,True
full,2,2177,2177,1.0,1.0,True
full,1,545,545,1.0,1.0,True
head_only,1,209,9,1.0,0.3607,True
full,2,545,545,1.0,1.0,True
head_only,5,353,9,0.49775,0.2681,False
full,5,545,545,1.0,0.9434,True
full,3,51713,51713,1.0,1.0,True
subspace,1,51713,1024,1.0,1.0,True
head_only,2,137,9,1.0,0.0947,True
full,2,1089,1089,1.0,1.0,True
head_only,5,137,9,0.49225,0.2125,False
full,5,545,545,1.0,1.0,True
full,3,545,545,1.0,1.0,True
full,3,209,209,1.0,1.0,True
full,2,545,545,1.0,1.0,True
head_only,3,353,9,0.37575,0.3747,False
subspace,1,51713,1024,1.0,1.0,True
head_only,4,51713,129,0.55325,0.0,False
head_only,1,1601,33,1.0,0.9305,True
head_only,5,1089,65,1.0,0.0,True
full,5,13569,13569,1.0,1.0,True
head_only,2,353,9,0.497,0.5182,False
full,5,545,545,1.0,1.0,True
full,4,13569,13569,1.0,1.0,True
head_only,2,545,17,1.0,0.0003,True
full,5,2177,2177,1.0,1.0,True
head_only,1,1089,65,1.0,1.0,True
head_only,2,51713,129,1.0,0.2637,True
full,5,273,273,1.0,0.6284,True
head_only,3,1601,33,1.0,0.0,True
subspace,5,51713,1,0.5,0.4938,False
head_only,5,51713,129,0.63075,0.0,False
full,2,1089,1089,1.0,1.0,True
subspace,1,51713,1,0.5,0.3364,False
full,3,545,545,1.0,1.0,True
full,3,51713,51713,1.0,1.0,True
full,1,5249,5249,1.0,1.0,True
full,4,3713,3713,1.0,1.0,True
head_only,1,1089,17,1.0,0.755,True
full,1,545,545,1.0,1.0,True
head_only,2,137,9,1.0,0.1753,True
subspace,3,51713,16,0.752,0.1294,False
head_only,5,273,17,0.62325,0.1192,False
head_only,2,51713,129,1.0,0.0,True
head_only,2,1089,65,1.0,0.2251,True
full,5,273,273,1.0,1.0,True
head_only,4,51713,129,1.0,0.028,True
head_only,4,1089,17,0.616,0.3853,False
full,2,3713,3713,1.0,1.0,True
full,2,1601,1601,1.0,1.0,True
head_only,1,18689,129,1.0,1.0,True
full,3,51713,51713,1.0,1.0,True
subspace,2,51713,64,1.0,0.028,True
head_only,5,18689,129,0.60125,0.0,False
head_only,5,545,33,0.74625,0.0109,False
full,4,1089,1089,1.0,1.0,True
full,1,5249,5249,1.0,1.0,True
full,5,209,209,1.0,0.0,True
head_only,5,209,9,0.492,0.3202,False
subspace,5,51713,1024,1.0,0.0,True
head_only,2,209,9,0.50625,0.2877,False
head_only,1,273,17,1.0,0.5355,True
full,5,3713,3713,1.0,1.0,True
full,3,1601,1601,1.0,1.0,True
full,3,545,545,1.0,1.0,True
head_only,1,353,9,1.0,0.5948,True
head_only,4,51713,129,1.0,0.0555,True
head_only,1,1601,33,1.0,0.8997,True
full,3,13569,13569,1.0,1.0,True
head_only,3,51713,129,1.0,0.0,True
full,2,209,209,1.0,1.0,True
full,5,18689,18689,1.0,1.0,True
full,5,137,137,0.907,0.6368,False
head_only,3,3713,33,0.5,0.228,False
head_only,3,3713,33,1.0,0.0189,True
head_only,4,3713,33,0.42475,0.0129,False
head_only,1,3713,33,1.0,0.6471,True
head_only,2,18689,129,1.0,0.7068,True
full,5,5249,5249,1.0,1.0,True
full,4,1089,1089,1.0,1.0,True
full,2,545,545,1.0,1.0,True
full,4,2177,2177,1.0,1.0,True
full,1,137,137,1.0,1.0,True
full,2,51713,51713,1.0,1.0,True
full,1,545,545,1.0,1.0,True
head_only,1,209,9,1.0,0.3244,True
full,4,545,545,1.0,1.0,True
full,3,545,545,1.0,1.0,True
full,4,3713,3713,1.0,1.0,True
head_only,1,5249,65,1.0,1.0,True
head_only,5,1089,17,0.5295,0.0318,False
head_only,3,18689,129,1.0,0.0,True
head_only,3,13569,65,1.0,0.0016,True
full,2,545,545,1.0,1.0,True
full,1,1089,1089,1.0,1.0,True
full,2,273,273,1.0,1.0,True
head_only,5,1601,33,0.49675,0.0185,False
head_only,4,1089,65,0.56775,0.0,False
head_only,2,1089,65,1.0,0.0014,True
head_only,2,545,33,1.0,0.0539,True
head_only,3,13569,65,1.0,0.0026,True
head_only,5,209,9,0.5015,0.2255,False
head_only,4,18689,129,0.56875,0.0,False
head_only,1,2177,129,1.0,1.0,True
full,5,273,273,1.0,1.0,True
head_only,1,273,17,1.0,0.5904,True
full,2,18689,18689,1.0,1.0,True
head_only,2,51713,129,1.0,0.1394,True
full,3,353,353,1.0,1.0,True
head_only,4,51713,129,1.0,0.0,True
head_only,1,1089,65,1.0,0.9998,True
full,1,3713,3713,1.0,1.0,True
head_only,2,13569,65,1.0,0.087,True
full,4,545,545,1.0,1.0,True
full,2,273,273,1.0,1.0,True
full,2,273,273,1.0,1.0,True
head_only,2,545,33,1.0,0.2049,True
full,2,2177,2177,1.0,1.0,True
full,3,1089,1089,1.0,1.0,True
head_only,2,137,9,1.0,0.2655,True
head_only,3,3713,33,0.61575,0.0005,False
head_only,4,273,17,0.68925,0.0385,False
full,1,545,545,1.0,1.0,True
head_only,5,5249,65,0.9125,0.0002,False
head_only,4,545,17,0.73975,0.2483,False
full,5,1601,1601,1.0,1.0,True
head_only,2,3713,33,0.754,0.1932,False
full,2,137,137,1.0,1.0,True
head_only,1,18689,129,1.0,1.0,True
head_only,2,1089,17,1.0,0.1009,True
full,3,18689,18689,1.0,1.0,True
subspace,2,51713,4,0.5,0.342,False
full,3,137,137,1.0,1.0,True
full,4,13569,13569,1.0,1.0,True
head_only,3,3713,33,1.0,0.0,True
full,4,5249,5249,1.0,1.0,True
full,3,18689,18689,1.0,1.0,True
full,3,5249,5249,1.0,1.0,True
full,5,1089,1089,1.0,1.0,True
full,1,51713,51713,1.0,1.0,True
full,2,273,273,1.0,1.0,True
full,4,1601,1601,1.0,1.0,True
full,1,51713,51713,1.0,1.0,True
full,1,13569,13569,1.0,1.0,True
full,4,5249,5249,1.0,1.0,True
subspace,4,51713,256,1.0,0.0,True
head_only,3,545,17,0.624,0.1619,False
full,5,137,137,1.0,1.0,True
full,2,209,209,1.0,1.0,True
head_only,2,545,17,1.0,0.0003,True
full,5,545,545,1.0,1.0,True
head_only,2,209,9,0.5015,0.2472,False
head_only,3,353,9,0.37325,0.2936,False
full,1,273,273,1.0,1.0,True
full,3,18689,18689,1.0,1.0,True
full,3,51713,51713,1.0,1.0,True
head_only,4,209,9,0.4285,0.2208,False
full,2,353,353,1.0,1.0,True
full,4,1089,1089,1.0,1.0,True
head_only,5,1089,17,0.522,0.3458,False
head_only,3,545,33,1.0,0.011,True
head_only,4,5249,65,1.0,0.0298,True
head_only,3,1089,65,1.0,0.0005,True
full,5,1601,1601,1.0,1.0,True
full,1,1601,1601,1.0,1.0,True
full,1,1089,1089,1.0,1.0,True
head_only,3,2177,129,1.0,0.0,True
head_only,2,5249,65,1.0,0.0,True
full,1,545,545,1.0,1.0,True
full,1,1601,1601,1.0,1.0,True
head_only,3,51713,129,1.0,0.0,True
full,5,137,137,1.0,0.0081,True
full,1,353,353,1.0,1.0,True
full,4,5249,5249,1.0,1.0,True
full,4,273,273,1.0,1.0,True
full,3,51713,51713,1.0,1.0,True
head_only,3,545,33,1.0,0.0038,True
head_only,3,545,17,0.62025,0.0936,False
head_only,3,137,9,0.763,0.1941,False
full,1,545,545,1.0,1.0,True
head_only,2,3713,33,1.0,0.0156,True
full,2,209,209,1.0,1.0,True
head_only,5,273,17,0.46575,0.1439,False
full,3,545,545,1.0,1.0,True
head_only,5,353,9,0.5,0.4456,False
head_only,3,5249,65,1.0,0.002,True
head_only,5,13569,65,0.7835,0.0,False
full,5,209,209,1.0,0.4944,True
head_only,5,18689,129,0.5235,0.0,False
full,2,3713,3713,1.0,1.0,True
full,1,545,545,1.0,1.0,True
head_only,2,1089,65,1.0,0.0,True
full,5,3713,3713,1.0,1.0,True
full,2,545,545,1.0,1.0,True
full,5,2177,2177,1.0,1.0,True
head_only,5,51713,129,0.567,0.0,False
head_only,5,137,9,0.46575,0.1581,False
head_only,4,545,17,0.49775,0.0053,False
head_only,5,353,9,0.46775,0.142,False
full,2,1089,1089,1.0,1.0,True
head_only,1,1601,33,1.0,0.8589,True
full,1,353,353,1.0,1.0,True
head_only,5,137,9,0.6225,0.2379,False
full,2,18689,18689,1.0,1.0,True
full,5,137,137,1.0,1.0,True
full,5,137,137,1.0,1.0,True
head_only,4,353,9,0.553,0.2764,False
full,3,51713,51713,1.0,1.0,True
head_only,4,1089,17,0.56025,0.2123,False
head_only,4,273,17,0.496,0.0007,False
head_only,5,13569,65,0.4945,0.0007,False
head_only,1,137,9,1.0,0.6648,True
full,3,273,273,1.0,1.0,True
full,3,13569,13569,1.0,1.0,True
head_only,1,1601,33,1.0,0.9665,True
full,1,13569,13569,1.0,1.0,True
full,3,51713,51713,1.0,1.0,True
head_only,3,5249,65,1.0,0.0,True
head_only,2,5249,65,1.0,0.0676,True
full,4,5249,5249,1.0,1.0,True
full,2,1089,1089,1.0,1.0,True
full,3,18689,18689,1.0,1.0,True
head_only,2,209,9,0.50625,0.2157,False
head_only,5,13569,65,0.493,0.1009,False
full,5,18689,18689,1.0,1.0,True
head_only,1,2177,129,1.0,1.0,True
full,2,1601,1601,1.0,1.0,True
full,4,51713,51713,1.0,1.0,True
full,1,137,137,1.0,1.0,True
head_only,1,545,33,1.0,0.9752,True
head_only,2,1089,65,1.0,0.0001,True
full,5,1089,1089,1.0,1.0,True
head_only,3,2177,129,1.0,0.0,True
full,1,5249,5249,1.0,1.0,True
full,2,137,137,1.0,1.0,True
head_only,3,545,33,0.74975,0.0023,False
head_only,4,51713,129,0.8765,0.0993,False
full,2,3713,3713,1.0,1.0,True
full,1,209,209,1.0,1.0,True
full,2,353,353,1.0,1.0,True
head_only,3,3713,33,0.628,0.0048,False
head_only,2,5249,65,1.0,0.2002,True
subspace,2,51713,16,1.0,0.3158,True
full,4,3713,3713,1.0,1.0,True
full,4,273,273,1.0,1.0,True
full,3,1601,1601,1.0,1.0,True
head_only,4,13569,65,0.6295,0.0,False
full,2,2177,2177,1.0,1.0,True
full,3,545,545,1.0,1.0,True
head_only,1,2177,129,1.0,1.0,True
head_only,4,545,33,0.49575,0.0017,False
head_only,2,5249,65,1.0,0.0,True
full,4,1601,1601,1.0,1.0,True
head_only,3,1089,17,0.75075,0.2024,False
full,4,51713,51713,1.0,1.0,True
full,5,353,353,1.0,1.0,True
full,1,5249,5249,1.0,1.0,True
full,3,209,209,1.0,1.0,True
full,1,545,545,1.0,1.0,True
head_only,4,209,9,0.566,0.3186,False
full,5,1089,1089,1.0,1.0,True
head_only,5,353,9,0.49275,0.1843,False
full,1,2177,2177,1.0,1.0,True
head_only,1,5249,65,1.0,0.998,True
full,2,209,209,1.0,1.0,True
head_only,3,273,17,1.0,0.1269,True
subspace,1,51713,256,1.0,1.0,True
full,4,353,353,1.0,0.2464,True
full,2,209,209,1.0,1.0,True
full,2,137,137,1.0,1.0,True
full,4,545,545,1.0,1.0,True
full,2,18689,18689,1.0,1.0,True
full,1,13569,13569,1.0,1.0,True
full,3,209,209,1.0,1.0,True
head_only,2,3713,33,0.49875,0.2513,False
head_only,3,1089,65,1.0,0.0,True
full,5,1089,1089,1.0,1.0,True
subspace,1,51713,256,1.0,1.0,True
full,4,3713,3713,1.0,1.0,True
full,3,137,137,1.0,1.0,True
full,2,137,137,1.0,1.0,True
full,3,1089,1089,1.0,1.0,True
full,3,545,545,1.0,1.0,True
head_only,3,353,9,0.5,0.3371,False
full,5,2177,2177,1.0,1.0,True
head_only,3,13569,65,0.619,0.0,False
head_only,2,1601,33,1.0,0.0382,True
full,2,353,353,1.0,1.0,True
head_only,3,1089,17,0.50175,0.0527,False
full,5,209,209,1.0,0.0,True
head_only,5,137,9,0.51925,0.179,False
head_only,2,13569,65,1.0,0.0005,True
subspace,2,51713,4,0.5,0.4222,False
head_only,2,18689,129,1.0,0.3587,True
head_only,5,18689,129,1.0,0.0,True
head_only,3,2177,129,0.75025,0.0,False
full,3,3713,3713,1.0,1.0,True
full,1,3713,3713,1.0,1.0,True
head_only,2,273,17,1.0,0.0566,True
head_only,2,1089,65,1.0,0.1263,True
full,5,18689,18689,1.0,1.0,True
head_only,5,13569,65,0.5,0.0898,False
head_only,3,137,9,0.756,0.2173,False
full,4,1089,1089,1.0,1.0,True
head_only,5,353,9,0.5565,0.459,False
full,4,137,137,1.0,0.0,True
full,3,18689,18689,1.0,1.0,True
full,5,273,273,1.0,1.0,True
full,2,209,209,1.0,1.0,True
full,1,1601,1601,1.0,1.0,True
full,5,137,137,0.96875,0.0,True
full,3,137,137,1.0,1.0,True
full,2,353,353,1.0,1.0,True
subspace,1,51713,1024,1.0,1.0,True
full,4,51713,51713,1.0,1.0,True
head_only,5,545,17,0.4945,0.134,False
full,2,353,353,1.0,1.0,True
head_only,2,545,33,1.0,0.0821,True
head_only,3,5249,65,1.0,0.0,True
head_only,5,273,17,0.714,0.1864,False
full,4,5249,5249,1.0,1.0,True
head_only,4,545,33,1.0,0.009,True
head_only,2,51713,129,1.0,0.2077,True
subspace,5,51713,64,0.70925,0.0012,False
full,4,5249,5249,1.0,1.0,True
head_only,1,209,9,1.0,0.4492,True
head_only,3,13569,65,1.0,0.0017,True
full,2,3713,3713,1.0,1.0,True
full,5,273,273,1.0,0.9977,True
head_only,4,1601,33,1.0,0.0251,True
head_only,1,209,9,1.0,0.3535,True
head_only,5,3713,33,0.6305,0.0411,False
head_only,4,1089,65,0.63875,0.0,False
full,2,13569,13569,1.0,1.0,True
full,2,5249,5249,1.0,1.0,True
head_only,3,3713,33,0.8745,0.0,False
head_only,3,1089,65,1.0,0.0,True
head_only,2,273,17,1.0,0.1578,True
full,1,51713,51713,1.0,1.0,True
full,2,545,545,1.0,1.0,True
full,5,1089,1089,1.0,1.0,True
full,3,13569,13569,1.0,1.0,True
head_only,3,273,17,1.0,0.102,True
full,3,5249,5249,1.0,1.0,True
head_only,5,5249,65,0.54725,0.0,False
full,3,2177,2177,1.0,1.0,True
head_only,5,1601,33,0.7525,0.0236,False
full,3,209,209,1.0,1.0,True
head_only,4,353,9,0.5,0.4671,False
head_only,5,209,9,0.55575,0.2426,False
full,2,5249,5249,1.0,1.0,True
full,1,1601,1601,1.0,1.0,True
full,5,3713,3713,1.0,1.0,True
head_only,4,545,17,0.42775,0.0485,False
head_only,4,137,9,0.62725,0.1865,False
head_only,2,1089,65,1.0,0.2966,True
head_only,3,273,17,1.0,0.0362,True
head_only,4,209,9,0.419,0.1749,False
head_only,2,18689,129,1.0,0.1906,True
head_only,2,353,9,0.255,0.4941,False
full,5,2177,2177,1.0,1.0,True
full,2,51713,51713,1.0,1.0,True
full,3,5249,5249,1.0,1.0,True
head_only,3,2177,129,1.0,0.0,True
full,2,51713,51713,1.0,1.0,True
full,5,209,209,1.0,0.0,True
full,3,137,137,1.0,1.0,True
full,3,273,273,1.0,1.0,True
subspace,5,51713,256,1.0,0.0,True
head_only,4,545,17,0.557,0.0009,False
head_only,1,51713,129,1.0,1.0,True
full,4,3713,3713,1.0,1.0,True
head_only,5,545,33,0.425,0.0046,False
head_only,1,51713,129,1.0,0.9999,True
full,3,273,273,1.0,1.0,True
head_only,3,1089,17,0.6275,0.3209,False
full,2,209,209,1.0,1.0,True
head_only,2,209,9,1.0,0.0983,True
full,1,51713,51713,1.0,1.0,True
head_only,1,18689,129,1.0,0.9934,True
full,3,18689,18689,1.0,1.0,True
full,3,137,137,1.0,1.0,True
head_only,2,2177,129,1.0,0.0,True
head_only,4,1089,17,0.5015,0.322,False
full,3,353,353,1.0,0.2484,True
full,5,353,353,1.0,1.0,True
full,2,545,545,1.0,1.0,True
head_only,2,13569,65,1.0,0.2199,True
full,2,1089,1089,1.0,1.0,True
head_only,2,1089,65,1.0,0.2447,True
head_only,4,545,33,0.5725,0.0,False
head_only,1,209,9,1.0,0.6564,True
head_only,1,209,9,1.0,0.6972,True
head_only,3,1601,33,0.4985,0.002,False
head_only,2,273,17,0.7495,0.0001,False
full,1,353,353,1.0,1.0,True
head_only,3,1601,33,1.0,0.0,True
subspace,5,51713,256,1.0,0.0,True
head_only,4,5249,65,1.0,0.0538,True
head_only,3,1089,65,0.63975,0.0,False
full,5,1089,1089,1.0,1.0,True
head_only,3,137,9,0.39325,0.1762,False
full,4,545,545,1.0,1.0,True
full,2,273,273,1.0,1.0,True
full,2,1089,1089,1.0,1.0,True
full,5,1089,1089,1.0,1.0,True
head_only,5,51713,129,0.74775,0.0515,False
full,4,1089,1089,1.0,1.0,True
full,5,2177,2177,1.0,1.0,True
full,4,3713,3713,1.0,1.0,True
full,3,3713,3713,1.0,1.0,True
head_only,3,273,17,1.0,0.1288,True
head_only,3,1089,65,1.0,0.0,True
full,3,137,137,1.0,1.0,True
head_only,5,353,9,0.5855,0.2445,False
head_only,2,353,9,0.50625,0.238,False
subspace,3,51713,256,1.0,0.0029,True
full,3,1089,1089,1.0,1.0,True
head_only,2,545,33,1.0,0.2613,True
full,5,2177,2177,1.0,1.0,True
full,2,51713,51713,1.0,1.0,True
full,2,1089,1089,1.0,1.0,True
full,3,18689,18689,1.0,1.0,True
full,3,273,273,1.0,1.0,True
full,2,545,545,1.0,1.0,True
full,4,353,353,1.0,1.0,True
full,5,545,545,1.0,1.0,True
head_only,4,1089,65,0.61925,0.0,False
full,1,209,209,1.0,1.0,True
full,4,18689,18689,1.0,1.0,True
full,4,18689,18689,1.0,1.0,True
full,2,273,273,1.0,1.0,True
subspace,4,51713,4,0.49825,0.2577,False
full,3,13569,13569,1.0,1.0,True
head_only,1,18689,129,1.0,1.0,True
head_only,1,545,17,1.0,0.9277,True
head_only,3,209,9,0.87525,0.2209,False
full,5,545,545,1.0,1.0,True
head_only,4,2177,129,0.63375,0.0,False
full,2,1089,1089,1.0,1.0,True
full,5,545,545,1.0,1.0,True
head_only,4,353,9,0.37325,0.1463,False
full,4,1089,1089,1.0,1.0,True
head_only,3,273,17,1.0,0.1292,True
full,3,18689,18689,1.0,1.0,True
head_only,2,1601,33,1.0,0.0,True
full,4,209,209,1.0,1.0,True
head_only,5,13569,65,0.89825,0.0006,False
head_only,4,273,17,0.938,0.11,False
head_only,1,137,9,1.0,0.8234,True
full,1,5249,5249,1.0,1.0,True
full,4,137,137,1.0,0.4965,True
head_only,1,2177,129,1.0,1.0,True
head_only,5,1089,17,0.46425,0.3262,False
head_only,3,1601,33,0.49425,0.0317,False
full,4,209,209,1.0,1.0,True
full,3,1601,1601,1.0,1.0,True
head_only,5,18689,129,1.0,0.0002,True
head_only,1,51713,129,1.0,0.8684,True
full,3,1089,1089,1.0,1.0,True
full,4,3713,3713,1.0,1.0,True
full,4,18689,18689,1.0,1.0,True
head_only,1,1089,65,1.0,1.0,True
full,5,353,353,1.0,1.0,True
full,1,1089,1089,1.0,1.0,True
full,1,3713,3713,1.0,1.0,True
head_only,4,545,17,0.47775,0.0137,False
head_only,3,353,9,0.6425,0.2452,False
full,2,2177,2177,1.0,1.0,True
head_only,1,545,17,1.0,0.6363,True
head_only,2,1089,17,1.0,0.1905,True
full,4,353,353,1.0,1.0,True
head_only,2,209,9,0.7375,0.1048,False
full,1,1089,1089,1.0,1.0,True
subspace,3,51713,1024,1.0,1.0,True
subspace,4,51713,1024,1.0,0.9925,True
full,5,3713,3713,1.0,1.0,True
head_only,1,273,17,1.0,0.9165,True
full,3,2177,2177,1.0,1.0,True
head_only,2,1089,65,1.0,0.0001,True
full,4,2177,2177,1.0,1.0,True
head_only,2,3713,33,1.0,0.2849,True
head_only,3,1601,33,0.619,0.0031,False
full,4,2177,2177,1.0,1.0,True
head_only,4,13569,65,1.0,0.0007,True
full,1,3713,3713,1.0,1.0,True
head_only,4,353,9,0.432,0.1556,False
full,1,2177,2177,1.0,1.0,True
full,2,273,273,1.0,1.0,True
full,1,1601,1601,1.0,1.0,True
full,4,273,273,1.0,1.0,True
head_only,3,18689,129,1.0,0.0,True
full,4,1089,1089,1.0,1.0,True
full,2,137,137,1.0,1.0,True
head_only,5,51713,129,0.46825,0.0,False
head_only,5,13569,65,0.5,0.158,False
full,2,13569,13569,1.0,1.0,True
full,1,209,209,1.0,1.0,True
full,4,18689,18689,1.0,1.0,True
full,1,1089,1089,1.0,1.0,True
head_only,4,51713,129,0.57175,0.0,False
full,2,1601,1601,1.0,1.0,True
head_only,4,273,17,0.73675,0.1006,False
full,5,2177,2177,1.0,1.0,True
full,5,5249,5249,1.0,1.0,True
head_only,4,2177,129,1.0,0.0,True
full,3,51713,51713,1.0,1.0,True
head_only,5,273,17,0.56025,0.0013,False
head_only,4,1089,65,0.55325,0.0,False
full,2,209,209,1.0,1.0,True
full,4,51713,51713,1.0,1.0,True
head_only,2,545,17,1.0,0.2442,True
full,3,5249,5249,1.0,1.0,True
full,5,137,137,1.0,0.7953,True
head_only,2,1089,17,0.75175,0.352,False
full,4,18689,18689,1.0,1.0,True
head_only,3,51713,129,0.75225,0.0,False
head_only,1,1089,17,1.0,0.6703,True
full,1,5249,5249,1.0,1.0,True
full,5,18689,18689,1.0,1.0,True
head_only,1,2177,129,1.0,1.0,True
full,3,5249,5249,1.0,1.0,True
full,4,3713,3713,1.0,1.0,True
head_only,4,51713,129,1.0,0.0,True
full,2,5249,5249,1.0,1.0,True
head_only,5,273,17,0.75275,0.1216,False
head_only,5,3713,33,0.48925,0.0,False
full,2,1089,1089,1.0,1.0,True
subspace,5,51713,1024,1.0,0.0271,True
full,3,5249,5249,1.0,1.0,True
full,5,1089,1089,1.0,1.0,True
full,4,1601,1601,1.0,1.0,True
head_only,3,5249,65,1.0,0.0,True
full,2,51713,51713,1.0,1.0,True
head_only,5,1089,17,0.46775,0.002,False
full,5,13569,13569,1.0,1.0,True
head_only,5,5249,65,0.4675,0.0001,False
full,3,1089,1089,1.0,1.0,True
head_only,2,545,17,1.0,0.1975,True
head_only,3,51713,129,1.0,0.0563,True
head_only,2,209,9,0.7495,0.2646,False
full,3,1601,1601,1.0,1.0,True
full,2,1089,1089,1.0,1.0,True
full,2,545,545,1.0,1.0,True
head_only,2,1089,65,1.0,0.0,True
head_only,3,545,17,0.86525,0.0512,False
head_only,1,209,9,1.0,0.6264,True
full,5,3713,3713,1.0,1.0,True
full,5,545,545,1.0,1.0,True
head_only,5,13569,65,0.706,0.1719,False
head_only,4,353,9,0.47775,0.3179,False
head_only,4,13569,65,0.62525,0.0,False
head_only,5,1601,33,0.4675,0.0026,False
subspace,4,51713,1,0.564,0.5142,False
head_only,2,1089,65,1.0,0.0,True
head_only,2,1601,33,1.0,0.2125,True
head_only,2,18689,129,1.0,0.3654,True
head_only,3,5249,65,1.0,0.0,True
head_only,2,545,17,1.0,0.1713,True
full,4,18689,18689,1.0,1.0,True
subspace,3,51713,256,1.0,0.1698,True
full,5,1089,1089,1.0,1.0,True
head_only,2,13569,65,1.0,0.0,True
head_only,3,5249,65,0.75325,0.0,False
head_only,5,137,9,0.47475,0.2434,False
full,1,545,545,1.0,1.0,True
full,5,18689,18689,1.0,1.0,True
head_only,3,209,9,0.266,0.1763,False
full,2,18689,18689,1.0,1.0,True
head_only,1,18689,129,1.0,1.0,True
full,5,273,273,1.0,1.0,True
full,5,51713,51713,1.0,1.0,True
head_only,1,51713,129,1.0,0.7625,True
head_only,2,1601,33,1.0,0.0,True
full,2,137,137,1.0,1.0,True
head_only,2,2177,129,1.0,0.7378,True
full,3,1601,1601,1.0,1.0,True
full,4,353,353,1.0,0.1186,True
full,5,209,209,1.0,1.0,True
full,1,51713,51713,1.0,1.0,True
head_only,4,1089,17,0.702,0.0653,False
head_only,5,3713,33,0.5,0.2879,False
full,2,1089,1089,1.0,1.0,True
head_only,5,3713,33,0.76225,0.0205,False
head_only,5,209,9,0.377,0.1881,False
head_only,5,1601,33,0.52675,0.0,False
head_only,3,209,9,0.62975,0.2893,False
head_only,2,13569,65,0.7485,0.1321,False
full,2,2177,2177,1.0,1.0,True
head_only,3,5249,65,0.6325,0.0,False
full,3,273,273,1.0,1.0,True
head_only,5,1089,17,0.46375,0.3493,False
head_only,2,2177,129,1.0,0.0,True
full,3,545,545,1.0,1.0,True
full,1,545,545,1.0,1.0,True
head_only,5,3713,33,0.4715,0.2618,False
full,3,13569,13569,1.0,1.0,True
head_only,3,137,9,0.48475,0.0856,False
head_only,4,2177,129,1.0,0.0,True
head_only,3,273,17,1.0,0.0863,True
head_only,2,545,33,1.0,0.076,True
head_only,3,209,9,0.5015,0.2399,False
full,2,545,545,1.0,1.0,True
full,3,1089,1089,1.0,1.0,True
head_only,5,5249,65,0.60025,0.0,False
full,4,1601,1601,1.0,1.0,True
head_only,1,1089,65,1.0,0.9994,True
head_only,2,353,9,0.75,0.225,False
full,4,13569,13569,1.0,1.0,True
full,2,137,137,1.0,1.0,True
head_only,1,353,9,1.0,0.6289,True
full,3,51713,51713,1.0,1.0,True
subspace,2,51713,1,0.5,0.764,False
head_only,2,137,9,1.0,0.1854,True
head_only,4,1089,17,0.5025,0.1608,False
full,5,18689,18689,1.0,1.0,True
head_only,2,137,9,1.0,0.304,True
head_only,3,3713,33,0.50075,0.1612,False
head_only,3,545,33,1.0,0.0,True
full,1,545,545,1.0,1.0,True
head_only,2,1089,17,1.0,0.0396,True
full,5,18689,18689,1.0,1.0,True
head_only,2,137,9,1.0,0.2348,True
head_only,4,545,17,0.70175,0.2495,False
head_only,5,3713,33,0.53675,0.0,False
head_only,1,2177,129,1.0,1.0,True
head_only,5,2177,129,1.0,0.0,True
subspace,5,51713,16,0.55275,0.0719,False
head_only,3,5249,65,1.0,0.0004,True
head_only,1,1089,65,1.0,1.0,True
full,2,3713,3713,1.0,1.0,True
head_only,4,545,17,0.6195,0.2031,False
head_only,1,1601,33,1.0,1.0,True
head_only,3,2177,129,1.0,0.0,True
full,5,353,353,1.0,1.0,True
head_only,5,5249,65,1.0,0.0,True
full,5,137,137,1.0,0.7953,True
subspace,1,51713,4,0.5,0.4129,False
full,3,273,273,1.0,1.0,True
head_only,1,3713,33,1.0,0.4591,True
head_only,3,273,17,0.74625,0.0022,False
full,3,13569,13569,1.0,1.0,True
full,1,353,353,1.0,1.0,True
head_only,3,1601,33,0.87025,0.0,False
head_only,4,5249,65,0.49925,0.0,False
full,3,209,209,1.0,1.0,True
full,4,353,353,1.0,1.0,True
full,1,3713,3713,1.0,1.0,True
head_only,3,209,9,0.629,0.2957,False
head_only,2,545,17,0.50025,0.1744,False
full,3,545,545,1.0,1.0,True
full,1,1089,1089,1.0,1.0,True
full,1,3713,3713,1.0,1.0,True
full,3,51713,51713,1.0,1.0,True
full,3,273,273,1.0,1.0,True
full,4,545,545,1.0,1.0,True
head_only,2,209,9,0.7485,0.2772,False
head_only,2,209,9,0.745,0.2859,False
head_only,4,5249,65,0.61875,0.0,False
full,5,545,545,1.0,1.0,True
head_only,5,3713,33,0.48375,0.0087,False
head_only,2,1601,33,1.0,0.2279,True
head_only,4,18689,129,0.75475,0.0,False
full,4,353,353,1.0,1.0,True
head_only,4,137,9,0.62525,0.1439,False
head_only,5,1601,33,0.62375,0.0,False
full,3,13569,13569,1.0,1.0,True
full,3,5249,5249,1.0,1.0,True
full,5,353,353,1.0,1.0,True
full,5,5249,5249,1.0,1.0,True
head_only,1,3713,33,1.0,0.899,True
full,4,13569,13569,1.0,1.0,True
head_only,1,1089,65,1.0,1.0,True
head_only,2,51713,129,1.0,0.1966,True
full,5,353,353,1.0,1.0,True
head_only,3,209,9,0.6135,0.0958,False
head_only,4,353,9,0.5,0.4319,False
full,5,1601,1601,1.0,1.0,True
full,5,137,137,1.0,0.0081,True
head_only,5,18689,129,0.53475,0.0,False
head_only,1,51713,129,1.0,0.6346,True
full,4,545,545,1.0,1.0,True
full,2,1089,1089,1.0,1.0,True
full,5,545,545,1.0,1.0,True
full,3,51713,51713,1.0,1.0,True
full,5,3713,3713,1.0,1.0,True
head_only,4,1601,33,0.63025,0.0,False
full,3,545,545,1.0,1.0,True
full,4,273,273,1.0,1.0,True
head_only,1,1089,65,1.0,0.9991,True
full,5,13569,13569,1.0,1.0,True
head_only,1,5249,65,1.0,0.9994,True
full,1,5249,5249,1.0,1.0,True
head_only,4,1601,33,0.574,0.0,False
full,4,2177,2177,1.0,1.0,True
full,2,545,545,1.0,1.0,True
full,1,353,353,1.0,1.0,True
full,4,1601,1601,1.0,1.0,True
head_only,5,545,17,0.50175,0.0076,False
head_only,1,137,9,1.0,0.6435,True
head_only,2,1089,65,1.0,0.205,True
full,3,18689,18689,1.0,1.0,True
head_only,4,13569,65,0.6335,0.0,False
full,4,3713,3713,1.0,1.0,True
head_only,4,13569,65,0.57275,0.0,False
head_only,2,2177,129,1.0,0.6602,True
head_only,5,51713,129,1.0,0.0,True
full,1,545,545,1.0,1.0,True
head_only,2,1089,17,0.49875,0.3945,False
head_only,5,273,17,0.59125,0.0,False
head_only,5,51713,129,0.5335,0.0313,False
full,2,1089,1089,1.0,1.0,True
head_only,3,1089,17,0.36675,0.1595,False
head_only,3,1089,17,0.74625,0.0067,False
head_only,5,209,9,0.4435,0.2861,False
full,3,1089,1089,1.0,1.0,True
head_only,2,18689,129,1.0,0.0003,True
full,5,13569,13569,1.0,0.9995,True
full,1,1089,1089,1.0,1.0,True
full,3,1089,1089,1.0,1.0,True
head_only,1,1089,17,1.0,0.8436,True
full,1,51713,51713,1.0,1.0,True
full,1,137,137,1.0,1.0,True
full,4,2177,2177,1.0,1.0,True
head_only,4,1089,17,0.5,0.3464,False
head_only,1,13569,65,1.0,0.9965,True
full,1,353,353,1.0,1.0,True
full,1,2177,2177,1.0,1.0,True
head_only,2,18689,129,1.0,0.4158,True
head_only,2,13569,65,1.0,0.1885,True
full,4,18689,18689,1.0,1.0,True
full,5,209,209,1.0,1.0,True
head_only,1,209,9,1.0,0.6991,True
head_only,2,353,9,0.74575,0.3679,False
full,2,137,137,1.0,1.0,True
head_only,4,2177,129,0.75575,0.0,False
head_only,1,1089,65,1.0,1.0,True
full,3,1089,1089,1.0,1.0,True
head_only,1,3713,33,1.0,0.5784,True
head_only,5,1089,17,0.5,0.3487,False
full,2,18689,18689,1.0,1.0,True
full,2,5249,5249,1.0,1.0,True
head_only,5,1601,33,0.599,0.0,False
full,4,1601,1601,1.0,1.0,True
full,2,209,209,1.0,1.0,True
full,2,18689,18689,1.0,1.0,True
full,5,1601,1601,1.0,1.0,True
full,3,5249,5249,1.0,1.0,True
full,1,353,353,1.0,1.0,True
full,2,18689,18689,1.0,1.0,True
full,1,1089,1089,1.0,1.0,True
full,4,353,353,1.0,1.0,True
full,3,2177,2177,1.0,1.0,True
full,2,5249,5249,1.0,1.0,True
head_only,3,273,17,0.629,0.0847,False
head_only,1,18689,129,1.0,1.0,True
full,3,545,545,1.0,1.0,True
head_only,3,51713,129,1.0,0.0,True
head_only,3,545,33,0.61425,0.0,False
full,3,209,209,1.0,1.0,True
full,2,51713,51713,1.0,1.0,True
head_only,5,18689,129,0.5555,0.0,False
full,2,1089,1089,1.0,1.0,True
head_only,3,545,33,1.0,0.011,True
full,2,5249,5249,1.0,1.0,True
full,4,209,209,1.0,1.0,True
subspace,1,51713,1,0.5,0.4761,False
full,3,5249,5249,1.0,1.0,True
head_only,2,353,9,0.75175,0.455,False
head_only,2,273,17,1.0,0.1642,True
full,1,353,353,1.0,1.0,True
full,5,5249,5249,1.0,1.0,True
full,1,13569,13569,1.0,1.0,True
head_only,2,209,9,1.0,0.3037,True
full,3,3713,3713,1.0,1.0,True
head_only,5,51713,129,0.53725,0.0067,False
head_only,5,209,9,0.467,0.1724,False
full,4,209,209,1.0,1.0,True
head_only,1,13569,65,1.0,0.7117,True
subspace,2,51713,64,1.0,0.1013,True
full,4,1089,1089,1.0,1.0,True
head_only,5,13569,65,0.77975,0.0008,False
head_only,1,353,9,1.0,0.3267,True
full,4,1089,1089,1.0,1.0,True
full,1,1601,1601,1.0,1.0,True
head_only,1,3713,33,1.0,0.979,True
head_only,5,1089,17,0.46675,0.1855,False
head_only,1,5249,65,1.0,1.0,True
head_only,1,1601,33,1.0,0.6967,True
head_only,5,209,9,0.56,0.2804,False
full,3,1089,1089,1.0,1.0,True
head_only,3,2177,129,1.0,0.0,True
head_only,4,209,9,0.56075,0.2959,False
subspace,2,51713,16,1.0,0.2281,True
head_only,5,18689,129,1.0,0.0,True
subspace,2,51713,4,0.5,0.3353,False
full,5,209,209,1.0,1.0,True
full,5,273,273,1.0,1.0,True
subspace,5,51713,1024,1.0,0.0168,True
full,1,18689,18689,1.0,1.0,True
full,3,273,273,1.0,1.0,True
full,5,273,273,1.0,1.0,True
full,5,545,545,1.0,1.0,True
head_only,3,2177,129,1.0,0.0,True
full,2,18689,18689,1.0,1.0,True
head_only,4,18689,129,0.6895,0.0,False
head_only,4,18689,129,1.0,0.0,True
head_only,1,137,9,1.0,0.3504,True
full,1,13569,13569,1.0,1.0,True
head_only,1,209,9,1.0,0.6296,True
full,4,3713,3713,1.0,1.0,True
full,4,545,545,1.0,1.0,True
head_only,3,353,9,0.25025,0.1441,False
head_only,1,545,17,1.0,0.6988,True
full,2,1089,1089,1.0,1.0,True
head_only,2,13569,65,1.0,0.2733,True
head_only,1,273,17,1.0,0.6157,True
head_only,1,545,33,1.0,0.987,True
head_only,4,5249,65,1.0,0.0,True
head_only,3,51713,129,1.0,0.0,True
full,2,5249,5249,1.0,1.0,True
head_only,5,353,9,0.5,0.2246,False
head_only,5,13569,65,0.72075,0.2039,False
full,2,273,273,1.0,1.0,True
full,5,545,545,1.0,1.0,True
head_only,2,273,17,1.0,0.1079,True
full,1,5249,5249,1.0,1.0,True
head_only,3,13569,65,0.5065,0.1243,False
head_only,1,545,17,1.0,0.5501,True
head_only,4,1089,65,0.5685,0.0,False
head_only,1,273,17,1.0,0.9996,True
full,4,18689,18689,1.0,1.0,True
full,2,1089,1089,1.0,1.0,True
full,5,545,545,1.0,1.0,True
head_only,4,545,17,0.734,0.2623,False
head_only,1,5249,65,1.0,0.9851,True
head_only,5,5249,65,0.50375,0.0,False
full,5,1089,1089,1.0,1.0,True
full,2,545,545,1.0,1.0,True
head_only,5,1089,17,0.57125,0.3901,False
head_only,3,1601,33,1.0,0.0,True
full,2,1089,1089,1.0,1.0,True
full,3,1089,1089,1.0,1.0,True
full,4,13569,13569,1.0,1.0,True
full,3,353,353,1.0,0.2538,True
head_only,1,353,9,1.0,0.5767,True
head_only,1,5249,65,1.0,0.7241,True
head_only,4,545,33,0.5595,0.0013,False
full,2,353,353,1.0,1.0,True
head_only,2,545,33,1.0,0.1043,True
subspace,5,51713,64,0.7515,0.0006,False
head_only,2,137,9,1.0,0.0825,True
full,5,137,137,1.0,0.0,True
full,1,353,353,1.0,1.0,True
head_only,5,1089,17,0.495,0.324,False
head_only,3,1601,33,1.0,0.0037,True
full,3,18689,18689,1.0,1.0,True
full,5,353,353,1.0,1.0,True
head_only,3,13569,65,0.86975,0.213,False
head_only,5,353,9,0.4605,0.193,False
full,3,1089,1089,1.0,1.0,True
head_only,4,51713,129,0.50975,0.0196,False
head_only,2,2177,129,1.0,0.61,True
full,1,273,273,1.0,1.0,True
head_only,3,3713,33,1.0,0.0,True
subspace,2,51713,1,0.5,0.5033,False
full,5,1089,1089,1.0,1.0,True
subspace,5,51713,1,0.58775,0.2731,False
subspace,1,51713,4,0.5,0.6648,False
full,2,273,273,1.0,1.0,True
head_only,5,1601,33,0.80675,0.0036,False
head_only,3,545,17,0.86625,0.0043,False
head_only,2,13569,65,1.0,0.0,True
full,2,2177,2177,1.0,1.0,True
full,4,18689,18689,1.0,1.0,True
head_only,1,13569,65,1.0,1.0,True
full,3,545,545,1.0,1.0,True
head_only,2,51713,129,1.0,0.1734,True
full,5,1601,1601,1.0,1.0,True
head_only,1,209,9,1.0,0.4289,True
full,5,273,273,1.0,0.492,True
head_only,5,273,17,0.51375,0.1018,False
head_only,1,273,17,1.0,0.8377,True
head_only,4,273,17,0.766,0.1297,False
head_only,2,137,9,1.0,0.2088,True
full,2,1089,1089,1.0,1.0,True
head_only,2,3713,33,1.0,0.0182,True
full,3,545,545,1.0,1.0,True
full,2,13569,13569,1.0,1.0,True
full,5,545,545,1.0,1.0,True
full,5,137,137,1.0,0.0,True
full,4,209,209,1.0,1.0,True
full,1,2177,2177,1.0,1.0,True
full,5,137,137,0.96925,0.0,True
full,2,545,545,1.0,1.0,True
full,3,353,353,1.0,1.0,True
head_only,3,13569,65,1.0,0.0,True
full,5,2177,2177,1.0,1.0,True
head_only,5,273,17,0.52425,0.0366,False
full,3,18689,18689,1.0,1.0,True
head_only,2,18689,129,1.0,0.0,True
head_only,5,2177,129,0.58575,0.0,False
head_only,3,1089,65,1.0,0.0,True
full,2,1089,1089,1.0,1.0,True
head_only,4,2177,129,0.80975,0.0,False
full,5,137,137,1.0,0.0,True
full,2,545,545,1.0,1.0,True
full,2,5249,5249,1.0,1.0,True
head_only,4,209,9,0.47775,0.1871,False
head_only,2,353,9,0.5,0.3759,False
full,2,51713,51713,1.0,1.0,True
full,5,2177,2177,1.0,1.0,True
head_only,4,209,9,0.4945,0.2155,False
full,1,273,273,1.0,1.0,True
head_only,4,545,33,0.4285,0.0,False
full,5,2177,2177,1.0,1.0,True
head_only,1,2177,129,1.0,1.0,True
head_only,1,353,9,1.0,0.4452,True
head_only,1,209,9,1.0,0.6616,True
full,1,1601,1601,1.0,1.0,True
head_only,4,353,9,0.49075,0.3008,False
head_only,5,51713,129,0.523,0.0,False
full,1,273,273,1.0,1.0,True
subspace,1,51713,1,1.0,0.4981,True
full,1,137,137,1.0,1.0,True
full,5,1089,1089,1.0,1.0,True
head_only,2,18689,129,1.0,0.2631,True
full,1,1601,1601,1.0,1.0,True
full,3,2177,2177,1.0,1.0,True
head_only,3,209,9,0.63,0.2555,False
full,4,353,353,1.0,0.1231,True
head_only,2,1601,33,1.0,0.0,True
head_only,4,353,9,0.3755,0.1705,False
head_only,3,545,17,0.6325,0.0143,False
head_only,3,1601,33,1.0,0.1027,True
full,3,273,273,1.0,1.0,True
head_only,4,13569,65,0.44175,0.0,False
head_only,3,209,9,0.50275,0.1708,False
head_only,2,1089,65,1.0,0.1365,True
head_only,2,1089,65,1.0,0.2217,True
head_only,2,353,9,0.7625,0.2207,False
full,1,273,273,1.0,1.0,True
head_only,3,545,33,0.62775,0.0022,False
full,5,1089,1089,1.0,1.0,True
head_only,5,1601,33,0.75175,0.069,False
subspace,2,51713,1024,1.0,1.0,True
head_only,4,137,9,0.55775,0.1905,False
head_only,4,18689,129,1.0,0.0011,True
full,5,353,353,1.0,1.0,True
head_only,3,273,17,1.0,0.1903,True
head_only,1,1089,65,1.0,1.0,True
head_only,1,1089,17,1.0,0.9425,True
full,2,5249,5249,1.0,1.0,True
full,2,18689,18689,1.0,1.0,True
head_only,5,51713,129,0.5965,0.0,False
head_only,2,209,9,1.0,0.2728,True
full,3,1089,1089,1.0,1.0,True
full,5,545,545,1.0,1.0,True
full,3,1601,1601,1.0,1.0,True
full,2,1089,1089,1.0,1.0,True
head_only,4,13569,65,0.44,0.1318,False
full,5,545,545,1.0,1.0,True
head_only,2,2177,129,1.0,0.7662,True
head_only,2,13569,65,1.0,0.0,True
head_only,1,1089,65,1.0,0.9997,True
head_only,1,18689,129,1.0,1.0,True
full,2,1601,1601,1.0,1.0,True
full,1,13569,13569,1.0,1.0,True
full,2,2177,2177,1.0,1.0,True
full,5,2177,2177,1.0,1.0,True
head_only,1,209,9,1.0,0.6504,True
full,1,51713,51713,1.0,1.0,True
full,3,3713,3713,1.0,1.0,True
head_only,2,545,33,1.0,0.0471,True
head_only,2,13569,65,1.0,0.0181,True
head_only,4,545,33,0.5595,0.0013,False
full,2,5249,5249,1.0,1.0,True
full,5,545,545,1.0,1.0,True
head_only,5,209,9,0.59275,0.1825,False
head_only,3,18689,129,1.0,0.0007,True
full,2,1601,1601,1.0,1.0,True
full,5,13569,13569,1.0,1.0,True
head_only,2,137,9,1.0,0.2088,True
subspace,1,51713,64,1.0,0.9769,True
full,2,13569,13569,1.0,1.0,True
head_only,3,51713,129,0.6295,0.0052,False
head_only,2,13569,65,1.0,0.0,True
head_only,4,353,9,0.5,0.4329,False
head_only,3,18689,129,1.0,0.0,True
head_only,4,18689,129,0.63475,0.0,False
full,5,209,209,1.0,0.1669,True
head_only,4,5249,65,1.0,0.0402,True
head_only,5,353,9,0.56825,0.2334,False
head_only,4,51713,129,0.55725,0.0,False
full,1,51713,51713,1.0,1.0,True
full,4,1601,1601,1.0,1.0,True
full,2,2177,2177,1.0,1.0,True
full,3,353,353,1.0,1.0,True
head_only,2,1089,65,1.0,0.2891,True
head_only,5,3713,33,0.5,0.3216,False
head_only,2,18689,129,1.0,0.0035,True
head_only,3,5249,65,1.0,0.0163,True
full,5,1601,1601,1.0,1.0,True
subspace,4,51713,1024,1.0,0.9983,True
head_only,4,1089,65,0.42825,0.0,False
full,5,545,545,1.0,1.0,True
full,3,545,545,1.0,1.0,True
full,5,1089,1089,1.0,1.0,True
subspace,3,51713,1024,1.0,0.9997,True
full,5,1089,1089,1.0,1.0,True
head_only,5,13569,65,0.59275,0.0,False
full,2,51713,51713,1.0,1.0,True
full,4,137,137,1.0,1.0,True
head_only,4,5249,65,0.61875,0.0,False
head_only,1,273,17,1.0,0.6875,True
full,4,5249,5249,1.0,1.0,True
head_only,2,137,9,1.0,0.3297,True
head_only,1,545,17,1.0,0.8661,True
head_only,3,353,9,0.50275,0.1867,False
head_only,5,209,9,0.6295,0.1671,False
head_only,2,2177,129,1.0,0.7521,True
full,2,1601,1601,1.0,1.0,True
full,3,1601,1601,1.0,1.0,True
head_only,4,3713,33,0.5705,0.0055,False
full,4,5249,5249,1.0,1.0,True
head_only,3,51713,129,0.759,0.0,False
head_only,3,1089,65,1.0,0.0,True
full,4,273,273,1.0,1.0,True
full,2,545,545,1.0,1.0,True
full,5,18689,18689,1.0,1.0,True
head_only,5,3713,33,0.53575,0.0,False
full,3,3713,3713,1.0,1.0,True
head_only,5,209,9,0.495,0.138,False
full,5,545,545,1.0,1.0,True
head_only,5,209,9,0.46675,0.187,False
full,5,13569,13569,1.0,1.0,True
head_only,1,51713,129,1.0,0.8224,True
full,5,209,209,1.0,1.0,True
full,4,353,353,1.0,1.0,True
subspace,3,51713,64,1.0,0.0025,True
head_only,3,5249,65,0.88,0.0,False
full,3,137,137,1.0,1.0,True
full,3,545,545,1.0,1.0,True
full,5,1601,1601,1.0,1.0,True
head_only,4,1089,65,1.0,0.0,True
head_only,2,51713,129,1.0,0.0,True
head_only,1,273,17,1.0,0.9731,True
full,2,1601,1601,1.0,1.0,True
full,4,545,545,1.0,1.0,True
full,1,545,545,1.0,1.0,True
full,5,209,209,1.0,0.0002,True
head_only,4,273,17,0.68925,0.0385,False
full,1,545,545,1.0,1.0,True
head_only,4,1089,17,0.47775,0.0438,False
full,3,1089,1089,1.0,1.0,True
full,5,5249,5249,1.0,1.0,True
full,5,1089,1089,1.0,1.0,True
full,1,2177,2177,1.0,1.0,True
head_only,4,51713,129,0.57525,0.0,False
head_only,1,545,33,1.0,0.9853,True
head_only,4,1089,17,0.5,0.3564,False
full,4,1601,1601,1.0,1.0,True
head_only,1,1089,17,1.0,0.6814,True
head_only,5,1089,17,0.559,0.0877,False
full,2,1601,1601,1.0,1.0,True
full,3,1601,1601,1.0,1.0,True
full,4,51713,51713,1.0,1.0,True
head_only,5,3713,33,0.52375,0.2598,False
head_only,1,13569,65,1.0,0.9993,True
full,3,2177,2177,1.0,1.0,True
full,4,13569,13569,1.0,1.0,True
full,3,1089,1089,1.0,1.0,True
full,1,1089,1089,1.0,1.0,True
full,4,1089,1089,1.0,1.0,True
full,4,273,273,1.0,1.0,True
head_only,1,1089,17,1.0,0.9703,True
head_only,3,137,9,0.62375,0.1747,False
head_only,3,51713,129,0.61175,0.0051,False
head_only,3,18689,129,1.0,0.0,True
head_only,2,209,9,0.49275,0.1655,False
full,3,51713,51713,1.0,1.0,True
head_only,3,5249,65,0.75725,0.0004,False
head_only,2,137,9,1.0,0.2004,True
full,3,209,209,1.0,1.0,True
full,4,1089,1089,1.0,1.0,True
head_only,1,18689,129,1.0,1.0,True
head_only,2,1089,17,1.0,0.1598,True
head_only,3,273,17,1.0,0.1288,True
full,4,1601,1601,1.0,1.0,True
head_only,2,1089,17,0.5045,0.1817,False
full,2,1089,1089,1.0,1.0,True
full,5,137,137,1.0,1.0,True
head_only,5,545,33,0.857,0.0028,False
head_only,3,273,17,0.74925,0.0432,False
full,4,137,137,1.0,1.0,True
subspace,1,51713,16,1.0,0.6208,True
full,5,51713,51713,1.0,1.0,True
head_only,1,545,17,1.0,0.8906,True
head_only,5,545,17,0.4385,0.1112,False
head_only,2,2177,129,1.0,0.0055,True
head_only,4,1089,65,0.6775,0.0,False
head_only,3,18689,129,0.88,0.0,False
full,3,5249,5249,1.0,1.0,True
full,1,13569,13569,1.0,1.0,True
head_only,2,2177,129,1.0,0.7173,True
head_only,3,13569,65,0.872,0.1479,False
head_only,3,545,17,0.51125,0.1438,False
full,3,51713,51713,1.0,1.0,True
head_only,2,273,17,1.0,0.0024,True
head_only,2,273,17,1.0,0.2028,True
subspace,1,51713,1024,1.0,1.0,True
full,4,51713,51713,1.0,1.0,True
head_only,3,545,17,0.619,0.1341,False
head_only,3,1089,65,0.8755,0.0,False
full,1,353,353,1.0,1.0,True
head_only,1,13569,65,1.0,0.7779,True
head_only,1,353,9,1.0,0.6189,True
full,5,51713,51713,1.0,1.0,True
full,5,353,353,1.0,0.0,True
full,3,5249,5249,1.0,1.0,True
head_only,3,209,9,0.5,0.1108,False
full,5,5249,5249,1.0,1.0,True
full,4,209,209,1.0,1.0,True
subspace,5,51713,4,0.49425,0.3164,False
full,2,13569,13569,1.0,1.0,True
full,5,137,137,0.97225,0.6511,True
full,3,1089,1089,1.0,1.0,True
head_only,4,3713,33,0.49875,0.2975,False
full,3,2177,2177,1.0,1.0,True
head_only,5,1601,33,0.529,0.0,False
head_only,4,13569,65,1.0,0.001,True
full,2,1089,1089,1.0,1.0,True
full,3,545,545,1.0,1.0,True
head_only,4,1601,33,0.43875,0.0043,False
full,1,1089,1089,1.0,1.0,True
full,5,1601,1601,1.0,1.0,True
head_only,4,137,9,0.5035,0.2293,False
full,4,1601,1601,1.0,1.0,True
full,1,18689,18689,1.0,1.0,True
head_only,3,51713,129,1.0,0.0693,True
full,4,273,273,1.0,1.0,True
head_only,3,1089,17,0.6325,0.2707,False
head_only,2,1601,33,1.0,0.0,True
head_only,1,545,33,1.0,0.9806,True
head_only,2,2177,129,1.0,0.0044,True
full,3,545,545,1.0,1.0,True
head_only,3,2177,129,0.75025,0.0,False
full,4,353,353,1.0,1.0,True
full,1,545,545,1.0,1.0,True
full,4,1089,1089,1.0,1.0,True
head_only,4,353,9,0.50125,0.386,False
head_only,4,273,17,0.44175,0.0147,False
full,1,1089,1089,1.0,1.0,True
head_only,3,545,17,1.0,0.0124,True
full,2,5249,5249,1.0,1.0,True
head_only,3,18689,129,1.0,0.0,True
head_only,2,545,33,1.0,0.0,True
full,2,1089,1089,1.0,1.0,True
head_only,1,18689,129,1.0,1.0,True
head_only,1,1601,33,1.0,0.8058,True
full,1,353,353,1.0,1.0,True
full,5,3713,3713,1.0,1.0,True
head_only,3,1089,17,0.50375,0.0886,False
full,2,2177,2177,1.0,1.0,True
head_only,3,1089,17,0.5015,0.262,False
full,2,273,273,1.0,1.0,True
full,4,18689,18689,1.0,1.0,True
full,5,545,545,1.0,1.0,True
full,1,1089,1089,1.0,1.0,True
full,2,209,209,1.0,1.0,True
full,3,545,545,1.0,1.0,True
head_only,4,2177,129,1.0,0.0,True
full,1,5249,5249,1.0,1.0,True
head_only,4,51713,129,0.69425,0.0,False
full,5,13569,13569,1.0,1.0,True
subspace,3,51713,64,1.0,0.0002,True
full,3,51713,51713,1.0,1.0,True
head_only,1,545,33,1.0,0.8994,True
full,3,51713,51713,1.0,1.0,True
full,4,1089,1089,1.0,1.0,True
full,1,18689,18689,1.0,1.0,True
full,4,18689,18689,1.0,1.0,True
head_only,3,545,17,1.0,0.1482,True
full,4,18689,18689,1.0,1.0,True
full,3,1089,1089,1.0,1.0,True
head_only,4,545,33,1.0,0.0026,True
head_only,2,13569,65,1.0,0.0,True
subspace,3,51713,1024,1.0,0.9998,True
full,2,545,545,1.0,1.0,True
full,5,1089,1089,1.0,1.0,True
head_only,5,51713,129,0.5,0.0257,False
head_only,3,1089,65,1.0,0.0004,True
full,2,353,353,1.0,1.0,True
head_only,2,137,9,0.489,0.2573,False
full,5,1089,1089,1.0,1.0,True
full,2,1089,1089,1.0,1.0,True
full,4,51713,51713,1.0,1.0,True
head_only,2,273,17,1.0,0.1578,True
full,1,5249,5249,1.0,1.0,True
full,4,1601,1601,1.0,1.0,True
full,5,18689,18689,1.0,1.0,True
head_only,1,13569,65,1.0,0.9739,True
full,5,1601,1601,1.0,1.0,True
head_only,4,1601,33,0.49,0.0,False
head_only,4,18689,129,0.75075,0.0,False
head_only,2,3713,33,1.0,0.0466,True
head_only,5,545,33,0.531,0.0029,False
head_only,3,273,17,1.0,0.1292,True
full,5,209,209,1.0,0.8177,True
full,2,1089,1089,1.0,1.0,True
head_only,1,13569,65,1.0,0.5606,True
full,4,51713,51713,1.0,1.0,True
full,1,545,545,1.0,1.0,True
head_only,2,137,9,1.0,0.1861,True
full,5,51713,51713,1.0,1.0,True
head_only,2,545,33,1.0,0.0,True
head_only,5,3713,33,0.5605,0.0043,False
head_only,1,18689,129,1.0,1.0,True
head_only,1,1601,33,1.0,0.9723,True
full,3,1089,1089,1.0,1.0,True
full,4,137,137,1.0,1.0,True
head_only,3,137,9,0.763,0.1941,False
full,3,13569,13569,1.0,1.0,True
head_only,3,209,9,0.50075,0.2563,False
full,1,13569,13569,1.0,1.0,True
head_only,5,137,9,0.475,0.0504,False
head_only,2,18689,129,1.0,0.6694,True
full,3,2177,2177,1.0,1.0,True
head_only,4,273,17,0.562,0.0662,False
full,1,1089,1089,1.0,1.0,True
head_only,3,1089,65,1.0,0.0,True
head_only,1,209,9,1.0,0.4575,True
head_only,1,209,9,1.0,0.6569,True
full,4,273,273,1.0,1.0,True
full,5,13569,13569,1.0,1.0,True
head_only,4,5249,65,1.0,0.0,True
head_only,5,13569,65,0.52425,0.0,False
head_only,2,545,17,1.0,0.2302,True
head_only,1,3713,33,1.0,0.4235,True
head_only,5,353,9,0.50025,0.1577,False
head_only,2,137,9,1.0,0.0772,True
head_only,4,1601,33,0.49625,0.0,False
full,3,273,273,1.0,1.0,True
head_only,4,2177,129,0.63125,0.0,False
head_only,1,545,17,1.0,0.9926,True
full,5,13569,13569,1.0,1.0,True
head_only,3,1089,65,0.75325,0.0,False
head_only,1,273,17,1.0,0.8354,True
full,4,13569,13569,1.0,1.0,True
full,5,13569,13569,1.0,1.0,True
head_only,5,137,9,0.6225,0.2119,False
full,4,1089,1089,1.0,1.0,True
head_only,4,2177,129,1.0,0.0,True
head_only,2,273,17,1.0,0.0429,True
full,2,273,273,1.0,1.0,True
head_only,4,1089,65,1.0,0.0,True
full,3,18689,18689,1.0,1.0,True
full,5,1089,1089,1.0,1.0,True
full,4,273,273,1.0,1.0,True
full,1,18689,18689,1.0,1.0,True
head_only,5,2177,129,0.69125,0.0,False
full,3,545,545,1.0,1.0,True
full,5,3713,3713,1.0,1.0,True
full,3,3713,3713,1.0,1.0,True
head_only,5,353,9,0.5,0.4298,False
head_only,3,3713,33,1.0,0.0053,True
full,2,13569,13569,1.0,1.0,True
full,1,545,545,1.0,1.0,True
full,3,5249,5249,1.0,1.0,True
full,2,273,273,1.0,1.0,True
full,4,273,273,1.0,1.0,True
head_only,4,2177,129,0.69175,0.0,False
full,1,3713,3713,1.0,1.0,True
head_only,4,51713,129,1.0,0.0,True
head_only,5,1601,33,0.80825,0.0013,False
head_only,1,5249,65,1.0,0.9814,True
full,4,273,273,1.0,1.0,True
head_only,5,18689,129,1.0,0.0,True
full,3,1089,1089,1.0,1.0,True
full,1,13569,13569,1.0,1.0,True
full,3,5249,5249,1.0,1.0,True
head_only,2,545,33,1.0,0.0999,True
full,4,1601,1601,1.0,1.0,True
head_only,4,18689,129,0.63675,0.0,False
head_only,2,13569,65,1.0,0.0,True
full,4,1089,1089,1.0,1.0,True
full,3,5249,5249,1.0,1.0,True
head_only,5,18689,129,0.56975,0.0,False
full,3,2177,2177,1.0,1.0,True
full,1,1601,1601,1.0,1.0,True
head_only,3,545,17,0.5065,0.1041,False
full,1,51713,51713,1.0,1.0,True
full,3,5249,5249,1.0,1.0,True
full,3,273,273,1.0,1.0,True
full,4,353,353,1.0,1.0,True
full,4,3713,3713,1.0,1.0,True
full,2,545,545,1.0,1.0,True
head_only,1,137,9,1.0,0.5833,True
head_only,1,51713,129,1.0,0.6731,True
head_only,5,5249,65,0.907,0.0152,False
full,4,13569,13569,1.0,1.0,True
full,2,2177,2177,1.0,1.0,True
head_only,3,273,17,0.5,0.0745,False
head_only,2,1089,65,1.0,0.3434,True
head_only,2,1089,17,0.4985,0.1354,False
head_only,3,2177,129,1.0,0.0,True
head_only,1,545,33,1.0,1.0,True
full,4,51713,51713,1.0,1.0,True
head_only,1,137,9,1.0,0.5504,True
head_only,1,1089,17,1.0,0.5086,True
full,2,353,353,1.0,1.0,True
head_only,3,545,17,1.0,0.1343,True
head_only,1,273,17,1.0,0.9934,True
head_only,1,51713,129,1.0,1.0,True
head_only,4,3713,33,0.56725,0.0,False
full,3,545,545,1.0,1.0,True
full,2,1089,1089,1.0,1.0,True
full,1,545,545,1.0,1.0,True
head_only,4,209,9,0.547,0.1064,False
head_only,5,137,9,0.56175,0.2796,False
head_only,3,1089,65,1.0,0.0,True
head_only,2,273,17,1.0,0.2382,True
full,1,209,209,1.0,1.0,True
full,2,137,137,1.0,1.0,True
full,4,5249,5249,1.0,1.0,True
head_only,5,13569,65,0.723,0.1541,False
full,3,3713,3713,1.0,1.0,True
head_only,2,2177,129,1.0,0.602,True
full,1,1089,1089,1.0,1.0,True
head_only,1,545,17,1.0,0.887,True
head_only,4,5249,65,0.49075,0.0,False
full,2,209,209,1.0,1.0,True
full,1,18689,18689,1.0,1.0,True
full,2,51713,51713,1.0,1.0,True
head_only,3,209,9,0.37025,0.1815,False
head_only,2,1601,33,1.0,0.0,True
full,2,273,273,1.0,1.0,True
full,4,209,209,1.0,1.0,True
full,5,209,209,1.0,0.935,True
full,2,13569,13569,1.0,1.0,True
full,4,273,273,1.0,1.0,True
head_only,1,13569,65,1.0,0.5408,True
full,1,2177,2177,1.0,1.0,True
full,5,545,545,1.0,1.0,True
full,4,1601,1601,1.0,1.0,True
head_only,3,2177,129,1.0,0.0001,True
head_only,4,1089,65,1.0,0.0001,True
head_only,4,1601,33,0.4795,0.0,False
full,4,51713,51713,1.0,1.0,True
head_only,1,1089,17,1.0,0.529,True
head_only,4,1601,33,0.80225,0.0213,False
full,1,1601,1601,1.0,1.0,True
full,1,18689,18689,1.0,1.0,True
head_only,5,273,17,0.60225,0.0138,False
head_only,5,5249,65,0.87025,0.0259,False
full,3,1601,1601,1.0,1.0,True
head_only,5,3713,33,0.46925,0.0,False
head_only,5,3713,33,0.4365,0.0044,False
full,1,2177,2177,1.0,1.0,True
head_only,1,545,17,1.0,0.4236,True
full,5,51713,51713,1.0,1.0,True
full,5,13569,13569,1.0,1.0,True
head_only,4,18689,129,0.6395,0.0,False
full,3,3713,3713,1.0,1.0,True
full,4,2177,2177,1.0,1.0,True
head_only,4,51713,129,0.572,0.0,False
full,4,51713,51713,1.0,1.0,True
full,4,3713,3713,1.0,1.0,True
full,2,545,545,1.0,1.0,True
full,2,1089,1089,1.0,1.0,True
head_only,4,1601,33,0.8815,0.1067,False
full,1,5249,5249,1.0,1.0,True
head_only,1,1089,65,1.0,1.0,True
head_only,3,137,9,0.5,0.0814,False
full,4,2177,2177,1.0,1.0,True
head_only,4,18689,129,1.0,0.0,True
head_only,4,2177,129,0.61025,0.0,False
full,3,137,137,1.0,1.0,True
full,1,3713,3713,1.0,1.0,True
full,2,51713,51713,1.0,1.0,True
full,2,273,273,1.0,1.0,True
head_only,5,209,9,0.46725,0.1776,False
head_only,1,2177,129,1.0,1.0,True
full,4,51713,51713,1.0,1.0,True
head_only,5,137,9,0.4585,0.237,False
full,1,273,273,1.0,1.0,True
head_only,5,273,17,0.49775,0.0001,False
full,2,545,545,1.0,1.0,True
head_only,3,51713,129,0.5065,0.0213,False
head_only,4,273,17,0.5665,0.0947,False
full,3,353,353,1.0,1.0,True
full,4,137,137,1.0,1.0,True
head_only,3,2177,129,0.87325,0.0,False
head_only,1,545,33,1.0,1.0,True
head_only,3,13569,65,0.47775,0.104,False
head_only,2,209,9,1.0,0.4796,True
head_only,5,3713,33,0.50025,0.0526,False
head_only,2,545,33,1.0,0.0768,True
subspace,2,51713,1024,1.0,1.0,True
head_only,1,273,17,1.0,0.6157,True
head_only,5,209,9,0.43275,0.1892,False
head_only,2,137,9,0.5045,0.0454,False
full,5,5249,5249,1.0,1.0,True
head_only,3,51713,129,1.0,0.0,True
full,4,2177,2177,1.0,1.0,True
full,3,2177,2177,1.0,1.0,True
full,5,1601,1601,1.0,1.0,True
head_only,1,18689,129,1.0,1.0,True
head_only,5,1089,17,0.49975,0.0542,False
head_only,3,2177,129,0.75325,0.0,False
full,2,5249,5249,1.0,1.0,True
head_only,1,545,17,1.0,0.495,True
head_only,5,18689,129,0.5965,0.0,False
head_only,3,1089,17,0.501,0.3906,False
head_only,5,545,33,0.62575,0.0028,False
head_only,2,273,17,0.7495,0.0001,False
full,2,1601,1601,1.0,1.0,True
full,2,273,273,1.0,1.0,True
full,2,273,273,1.0,1.0,True
full,2,2177,2177,1.0,1.0,True
full,3,353,353,1.0,1.0,True
full,2,545,545,1.0,1.0,True
head_only,4,1601,33,0.4455,0.0265,False
full,5,353,353,1.0,0.2574,True
head_only,3,13569,65,1.0,0.0,True
full,3,3713,3713,1.0,1.0,True
head_only,1,1089,65,1.0,0.9998,True
full,5,209,209,1.0,0.0,True
full,1,545,545,1.0,1.0,True
head_only,2,1089,17,1.0,0.1228,True
head_only,5,1089,65,0.5275,0.0,False
subspace,1,51713,64,1.0,0.9796,True
full,1,1089,1089,1.0,1.0,True
head_only,1,1601,33,1.0,1.0,True
head_only,2,5249,65,1.0,0.2393,True
full,2,18689,18689,1.0,1.0,True
full,4,1089,1089,1.0,1.0,True
head_only,3,545,33,1.0,0.0124,True
full,2,3713,3713,1.0,1.0,True
head_only,3,3713,33,0.7335,0.2747,False
head_only,4,1089,17,0.42325,0.033,False
head_only,5,137,9,0.5595,0.2727,False
full,5,18689,18689,1.0,1.0,True
full,4,1601,1601,1.0,1.0,True
full,2,209,209,0.75175,1.0,False
head_only,3,5249,65,1.0,0.0244,True
subspace,4,51713,1,0.5,0.4867,False
full,4,353,353,1.0,1.0,True
head_only,2,273,17,1.0,0.2028,True
head_only,2,545,17,1.0,0.3174,True
head_only,5,2177,129,0.598,0.0,False
head_only,2,3713,33,1.0,0.0822,True
head_only,3,5249,65,0.759,0.0001,False
full,3,1601,1601,1.0,1.0,True
full,2,545,545,1.0,1.0,True
head_only,3,51713,129,1.0,0.0,True
head_only,2,353,9,0.5015,0.3906,False
head_only,5,18689,129,0.567,0.0,False
full,1,545,545,1.0,1.0,True
full,2,1089,1089,1.0,1.0,True
head_only,2,137,9,1.0,0.2026,True
full,4,1601,1601,1.0,1.0,True
full,4,1601,1601,1.0,1.0,True
head_only,4,1089,65,0.62525,0.0,False
full,1,1089,1089,1.0,1.0,True
full,5,353,353,1.0,1.0,True
full,1,353,353,1.0,1.0,True
head_only,5,137,9,0.535,0.0963,False
full,4,545,545,1.0,1.0,True
head_only,4,137,9,0.6295,0.1643,False
full,5,1089,1089,1.0,1.0,True
full,4,353,353,1.0,1.0,True
head_only,3,137,9,0.755,0.1864,False
full,4,5249,5249,1.0,1.0,True
full,4,3713,3713,1.0,1.0,True
full,1,5249,5249,1.0,1.0,True
full,4,273,273,1.0,1.0,True
head_only,1,353,9,1.0,0.4916,True
full,1,5249,5249,1.0,1.0,True
head_only,1,13569,65,1.0,0.8186,True
full,3,2177,2177,1.0,1.0,True
full,1,51713,51713,1.0,1.0,True
head_only,3,2177,129,1.0,0.0,True
full,2,13569,13569,1.0,1.0,True
head_only,3,5249,65,0.87375,0.0,False
head_only,2,2177,129,1.0,0.8643,True
full,4,273,273,1.0,1.0,True
full,2,3713,3713,1.0,1.0,True
full,5,209,209,1.0,1.0,True
head_only,1,273,17,1.0,0.5904,True
full,2,18689,18689,1.0,1.0,True
head_only,5,18689,129,0.4685,0.0,False
head_only,5,353,9,0.459,0.1676,False
head_only,1,273,17,1.0,0.9165,True
head_only,4,2177,129,0.697,0.0,False
head_only,5,545,17,0.49375,0.0002,False
full,4,1089,1089,1.0,1.0,True
full,5,2177,2177,1.0,1.0,True
full,5,1089,1089,1.0,1.0,True
full,5,13569,13569,1.0,1.0,True
full,4,273,273,1.0,1.0,True
full,1,2177,2177,1.0,1.0,True
head_only,3,209,9,0.62675,0.0952,False
head_only,5,3713,33,0.42375,0.0004,False
full,2,3713,3713,1.0,1.0,True
full,2,51713,51713,1.0,1.0,True
head_only,5,1089,17,0.42525,0.2648,False
head_only,5,137,9,0.49225,0.2125,False
full,5,1601,1601,1.0,1.0,True
full,4,5249,5249,1.0,1.0,True
full,4,13569,13569,1.0,1.0,True
head_only,5,545,17,0.59925,0.0009,False
full,4,545,545,1.0,1.0,True
full,4,5249,5249,1.0,1.0,True
head_only,2,1089,17,1.0,0.0474,True
head_only,4,273,17,0.54525,0.0013,False
full,4,5249,5249,1.0,1.0,True
full,3,13569,13569,1.0,1.0,True
head_only,1,1089,65,1.0,0.9986,True
head_only,4,545,33,0.54775,0.0,False
full,4,13569,13569,1.0,1.0,True
full,2,51713,51713,1.0,1.0,True
full,3,273,273,1.0,1.0,True
head_only,1,51713,129,1.0,1.0,True
full,1,18689,18689,1.0,1.0,True
head_only,4,18689,129,1.0,0.0,True
full,2,1089,1089,1.0,1.0,True
head_only,5,353,9,0.5,0.1731,False
head_only,4,5249,65,0.625,0.0,False
full,1,51713,51713,1.0,1.0,True
subspace,3,51713,64,1.0,0.0,True
head_only,4,137,9,0.5035,0.2293,False
head_only,5,13569,65,0.60125,0.0,False
full,3,545,545,1.0,1.0,True
head_only,4,2177,129,0.63125,0.0,False
head_only,5,209,9,0.52825,0.1228,False
head_only,5,137,9,0.44775,0.1727,False
head_only,2,273,17,1.0,0.0006,True
head_only,5,137,9,0.59125,0.2078,False
full,3,1089,1089,1.0,1.0,True
head_only,2,5249,65,1.0,0.2235,True
full,1,18689,18689,1.0,1.0,True
full,5,5249,5249,1.0,1.0,True
subspace,5,51713,4,0.522,0.3044,False
head_only,1,545,17,1.0,0.433,True
full,5,353,353,0.97425,0.5865,True
head_only,4,2177,129,1.0,0.0,True
full,3,209,209,1.0,1.0,True
head_only,2,209,9,1.0,0.3551,True
head_only,4,273,17,0.57125,0.0,False
full,1,545,545,1.0,1.0,True
full,4,51713,51713,1.0,1.0,True
head_only,3,353,9,0.747,0.3121,False
head_only,4,51713,129,0.63675,0.0,False
head_only,2,137,9,0.7495,0.2084,False
full,3,3713,3713,1.0,1.0,True
full,2,2177,2177,1.0,1.0,True
head_only,2,209,9,1.0,0.2012,True
full,5,1089,1089,1.0,1.0,True
full,1,273,273,1.0,1.0,True
full,2,273,273,1.0,1.0,True
full,3,1601,1601,1.0,1.0,True
full,5,545,545,1.0,1.0,True
head_only,3,209,9,0.61875,0.2612,False
head_only,1,1601,33,1.0,0.9996,True
full,2,273,273,1.0,1.0,True
full,4,209,209,1.0,1.0,True
head_only,2,1601,33,1.0,0.2575,True
head_only,3,353,9,0.5145,0.178,False
full,1,3713,3713,1.0,1.0,True
head_only,4,3713,33,0.561,0.2933,False
head_only,3,545,33,1.0,0.0018,True
head_only,1,273,17,1.0,0.8651,True
head_only,4,273,17,0.45175,0.0013,False
full,5,273,273,1.0,0.9975,True
full,1,273,273,1.0,1.0,True
full,1,209,209,1.0,1.0,True
head_only,5,209,9,0.593,0.2959,False
head_only,2,1089,17,0.50025,0.3557,False
head_only,2,273,17,1.0,0.0987,True
full,1,1601,1601,1.0,1.0,True
head_only,4,1089,65,0.56725,0.0,False
full,3,545,545,1.0,1.0,True
head_only,1,1089,17,1.0,0.7153,True
full,3,273,273,1.0,1.0,True
full,3,18689,18689,1.0,1.0,True
head_only,5,2177,129,0.59225,0.0,False
full,3,2177,2177,1.0,1.0,True
head_only,5,51713,129,0.531,0.0,False
head_only,3,1089,17,0.4905,0.0616,False
full,5,545,545,1.0,1.0,True
full,1,1601,1601,1.0,1.0,True
full,1,13569,13569,1.0,1.0,True
head_only,2,13569,65,1.0,0.2981,True
head_only,1,51713,129,1.0,1.0,True
full,4,51713,51713,1.0,1.0,True
head_only,2,137,9,1.0,0.152,True
head_only,2,1601,33,1.0,0.0,True
head_only,5,1089,17,0.5,0.3712,False
head_only,3,5249,65,1.0,0.0004,True
full,4,13569,13569,1.0,1.0,True
full,3,137,137,1.0,1.0,True
subspace,4,51713,4,0.36725,0.3547,False
subspace,2,51713,256,1.0,0.991,True
head_only,1,545,33,1.0,1.0,True
head_only,3,545,17,0.74625,0.002,False
full,3,545,545,1.0,1.0,True
full,2,209,209,1.0,1.0,True
head_only,3,273,17,0.7585,0.0009,False
full,1,353,353,1.0,1.0,True
head_only,4,51713,129,1.0,0.0,True
full,2,137,137,1.0,1.0,True
full,5,13569,13569,1.0,1.0,True
full,5,273,273,1.0,0.9258,True
head_only,3,18689,129,1.0,0.0,True
subspace,3,51713,1,0.4855,0.4618,False
full,3,545,545,1.0,1.0,True
head_only,3,1089,65,1.0,0.0,True
head_only,1,545,17,1.0,0.4458,True
full,4,18689,18689,1.0,1.0,True
head_only,3,1089,65,1.0,0.0,True
head_only,5,3713,33,0.5595,0.0089,False
full,4,3713,3713,1.0,1.0,True
full,2,545,545,1.0,1.0,True
full,2,137,137,1.0,1.0,True
head_only,4,1601,33,0.9355,0.0008,False
full,1,353,353,1.0,1.0,True
head_only,5,1089,65,0.94375,0.0,False
head_only,2,18689,129,1.0,0.0,True
full,3,2177,2177,1.0,1.0,True
head_only,3,545,17,0.5045,0.0938,False
head_only,1,51713,129,1.0,0.9995,True
full,4,209,209,1.0,1.0,True
full,4,545,545,1.0,1.0,True
head_only,4,273,17,0.938,0.11,False
full,3,3713,3713,1.0,1.0,True
full,2,545,545,1.0,1.0,True
head_only,4,353,9,0.4945,0.2411,False
head_only,5,545,17,0.5705,0.1088,False
head_only,1,353,9,1.0,0.4434,True
full,5,2177,2177,1.0,1.0,True
full,2,1601,1601,1.0,1.0,True
head_only,2,13569,65,0.49975,0.103,False
head_only,1,137,9,1.0,0.8059,True
subspace,4,51713,16,0.5555,0.1419,False
full,2,1089,1089,1.0,1.0,True
full,1,1089,1089,1.0,1.0,True
head_only,1,13569,65,1.0,0.9986,True
full,4,51713,51713,1.0,1.0,True
head_only,1,545,33,1.0,0.9782,True
head_only,2,1089,17,0.74975,0.4129,False
full,4,273,273,1.0,1.0,True
subspace,3,51713,256,1.0,0.0002,True
full,5,18689,18689,1.0,1.0,True
head_only,4,1089,65,0.56775,0.0,False
full,4,1089,1089,1.0,1.0,True
head_only,1,51713,129,1.0,1.0,True
head_only,4,1089,17,0.439,0.0039,False
full,1,5249,5249,1.0,1.0,True
head_only,3,545,17,0.8735,0.0005,False
head_only,4,3713,33,0.50075,0.0,False
head_only,5,353,9,0.464,0.3568,False
full,5,51713,51713,1.0,1.0,True
full,4,545,545,1.0,1.0,True
head_only,1,353,9,1.0,0.5602,True
full,3,273,273,1.0,1.0,True
full,1,1601,1601,1.0,1.0,True
head_only,5,13569,65,0.5935,0.0,False
head_only,1,1089,65,1.0,1.0,True
head_only,4,353,9,0.50325,0.194,False
full,3,18689,18689,1.0,1.0,True
head_only,2,13569,65,0.74975,0.2286,False
head_only,2,5249,65,1.0,0.0193,True
full,2,273,273,1.0,1.0,True
head_only,1,18689,129,1.0,1.0,True
full,1,1089,1089,1.0,1.0,True
head_only,2,2177,129,1.0,0.6417,True
subspace,2,51713,64,1.0,0.1324,True
full,2,1089,1089,1.0,1.0,True
head_only,4,51713,129,0.9335,0.0448,False
head_only,2,2177,129,1.0,0.7029,True
full,3,353,353,1.0,1.0,True
head_only,4,1089,65,1.0,0.0005,True
head_only,3,1601,33,1.0,0.1413,True
full,4,1089,1089,1.0,1.0,True
head_only,5,209,9,0.45575,0.2347,False
head_only,5,545,17,0.435,0.1328,False
full,5,2177,2177,1.0,1.0,True
full,2,545,545,1.0,1.0,True
full,4,1089,1089,1.0,1.0,True
full,2,2177,2177,1.0,1.0,True
head_only,4,1089,65,0.61925,0.0,False
full,5,18689,18689,1.0,1.0,True
full,5,2177,2177,1.0,1.0,True
head_only,3,3713,33,0.7545,0.0471,False
full,4,1089,1089,1.0,1.0,True
full,4,1601,1601,1.0,1.0,True
head_only,3,5249,65,1.0,0.0196,True
full,2,1089,1089,1.0,1.0,True
head_only,2,1601,33,1.0,0.1733,True
head_only,3,353,9,0.5,0.4356,False
full,3,2177,2177,1.0,1.0,True
subspace,5,51713,256,1.0,0.0,True
full,4,1089,1089,1.0,1.0,True
subspace,3,51713,16,0.8815,0.1566,False
head_only,1,2177,129,1.0,1.0,True
head_only,2,1089,65,1.0,0.3663,True
full,5,5249,5249,1.0,1.0,True
head_only,1,2177,129,1.0,1.0,True
head_only,4,137,9,0.62725,0.1865,False
head_only,1,13569,65,1.0,1.0,True
head_only,2,18689,129,1.0,0.7118,True
head_only,3,2177,129,1.0,0.0,True
head_only,4,5249,65,0.56775,0.0,False
full,3,353,353,1.0,1.0,True
full,4,273,273,1.0,1.0,True
full,3,51713,51713,1.0,1.0,True
full,3,13569,13569,1.0,1.0,True
full,2,353,353,1.0,1.0,True
head_only,1,1601,33,1.0,1.0,True
full,5,5249,5249,1.0,1.0,True
head_only,4,51713,129,0.5655,0.0,False
full,5,545,545,1.0,1.0,True
head_only,3,273,17,1.0,0.0362,True
full,2,51713,51713,1.0,1.0,True
full,1,1089,1089,1.0,1.0,True
full,3,18689,18689,1.0,1.0,True
full,1,2177,2177,1.0,1.0,True
head_only,4,13569,65,0.569,0.0,False
full,3,1089,1089,1.0,1.0,True
head_only,3,545,33,1.0,0.0075,True
head_only,5,545,33,0.782,0.0208,False
head_only,4,137,9,0.42775,0.212,False
head_only,4,13569,65,0.4345,0.1522,False
head_only,5,1089,65,1.0,0.0,True
full,3,545,545,1.0,1.0,True
full,2,1601,1601,1.0,1.0,True
head_only,5,1601,33,0.7845,0.0218,False
full,2,1601,1601,1.0,1.0,True
head_only,1,545,33,1.0,0.9954,True
full,1,273,273,1.0,1.0,True
head_only,2,5249,65,1.0,0.2124,True
full,2,1601,1601,1.0,1.0,True
head_only,4,18689,129,1.0,0.0,True
full,4,137,137,1.0,0.0,True
full,1,3713,3713,1.0,1.0,True
head_only,1,3713,33,1.0,0.8695,True
full,3,545,545,1.0,1.0,True
head_only,4,51713,129,0.49625,0.0153,False
full,5,353,353,1.0,1.0,True
head_only,3,5249,65,1.0,0.0011,True
full,2,1601,1601,1.0,1.0,True
head_only,4,5249,65,1.0,0.0164,True
full,5,2177,2177,1.0,1.0,True
head_only,4,13569,65,0.68775,0.0,False
full,5,545,545,1.0,1.0,True
full,2,545,545,1.0,1.0,True
full,1,209,209,1.0,1.0,True
head_only,1,545,33,1.0,0.8902,True
head_only,3,5249,65,1.0,0.0,True
head_only,5,51713,129,0.475,0.0,False
head_only,5,3713,33,0.50025,0.0,False
head_only,1,545,33,1.0,0.937,True
head_only,4,18689,129,0.68375,0.0,False
full,1,137,137,1.0,1.0,True
full,5,13569,13569,1.0,1.0,True
head_only,1,1089,65,1.0,1.0,True
full,5,545,545,1.0,1.0,True
full,2,545,545,1.0,1.0,True
head_only,5,51713,129,0.37125,0.0,False
full,1,51713,51713,1.0,1.0,True
head_only,2,3713,33,1.0,0.0,True
head_only,3,273,17,1.0,0.113,True
full,3,1601,1601,1.0,1.0,True
head_only,1,13569,65,1.0,0.9835,True
head_only,4,545,33,0.62575,0.0,False
head_only,4,209,9,0.51375,0.0958,False
full,2,5249,5249,1.0,1.0,True
full,1,13569,13569,1.0,1.0,True
full,4,137,137,1.0,1.0,True
head_only,5,2177,129,0.56,0.0,False
head_only,1,3713,33,1.0,0.9102,True
full,2,1601,1601,1.0,1.0,True
head_only,3,273,17,1.0,0.113,True
head_only,2,18689,129,1.0,0.5178,True
full,1,51713,51713,1.0,1.0,True
full,4,5249,5249,1.0,1.0,True
full,3,3713,3713,1.0,1.0,True
head_only,4,545,33,0.48525,0.0,False
full,1,273,273,1.0,1.0,True
head_only,3,3713,33,0.8815,0.0,False
full,5,1089,1089,1.0,1.0,True
head_only,2,2177,129,1.0,0.7882,True
head_only,2,1601,33,1.0,0.2054,True
full,3,1089,1089,1.0,1.0,True
full,1,2177,2177,1.0,1.0,True
head_only,2,51713,129,1.0,0.0,True
head_only,2,2177,129,1.0,0.8518,True
full,5,545,545,1.0,1.0,True
head_only,5,13569,65,0.6575,0.1385,False
head_only,4,13569,65,0.538,0.0974,False
head_only,2,273,17,1.0,0.0002,True
head_only,1,13569,65,1.0,1.0,True
head_only,3,1089,65,1.0,0.0006,True
head_only,4,545,33,0.48425,0.0,False
full,4,2177,2177,1.0,1.0,True
head_only,1,3713,33,1.0,0.3864,True
head_only,2,353,9,0.51275,0.3762,False
head_only,1,545,33,1.0,0.949,True
full,5,353,353,1.0,1.0,True
full,5,353,353,1.0,1.0,True
head_only,4,51713,129,0.69425,0.0,False
full,3,13569,13569,1.0,1.0,True
full,5,51713,51713,1.0,1.0,True
full,1,137,137,1.0,1.0,True
full,4,1089,1089,1.0,1.0,True
head_only,5,13569,65,0.5015,0.0,False
head_only,3,18689,129,1.0,0.0,True
head_only,3,5249,65,0.7525,0.0,False
full,1,137,137,1.0,1.0,True
full,5,137,137,1.0,0.8569,True
full,3,1089,1089,1.0,1.0,True
full,3,137,137,1.0,1.0,True
head_only,5,1089,17,0.5415,0.1316,False
full,2,209,209,1.0,1.0,True
head_only,1,51713,129,1.0,1.0,True
full,5,2177,2177,1.0,1.0,True
head_only,2,545,17,1.0,0.1638,True
subspace,2,51713,256,1.0,0.988,True
full,3,5249,5249,1.0,1.0,True
subspace,4,51713,256,1.0,0.0,True
full,4,18689,18689,1.0,1.0,True
full,5,5249,5249,1.0,1.0,True
head_only,1,545,33,1.0,0.9686,True
full,3,2177,2177,1.0,1.0,True
head_only,5,353,9,0.51,0.1717,False
full,2,545,545,1.0,1.0,True
head_only,5,13569,65,0.56375,0.0,False
full,3,1601,1601,1.0,1.0,True
head_only,2,18689,129,1.0,0.2059,True
head_only,3,1601,33,1.0,0.0,True
head_only,4,1089,17,0.49375,0.3774,False
head_only,1,353,9,1.0,0.5244,True
head_only,5,13569,65,0.8445,0.0012,False
full,1,545,545,1.0,1.0,True
full,2,273,273,1.0,1.0,True
full,5,51713,51713,1.0,1.0,True
full,1,1089,1089,1.0,1.0,True
head_only,5,545,33,0.84525,0.0076,False
full,2,273,273,1.0,1.0,True
full,4,13569,13569,1.0,1.0,True
head_only,1,51713,129,1.0,1.0,True
full,3,1089,1089,1.0,1.0,True
subspace,2,51713,4,0.753,0.3025,False
head_only,4,137,9,0.62925,0.2192,False
full,1,51713,51713,1.0,1.0,True
full,5,1089,1089,1.0,1.0,True
full,4,137,137,1.0,1.0,True
full,3,3713,3713,1.0,1.0,True
full,3,2177,2177,1.0,1.0,True
subspace,1,51713,4,1.0,0.7154,True
full,3,1089,1089,1.0,1.0,True
head_only,4,2177,129,0.74275,0.0,False
full,1,51713,51713,1.0,1.0,True
head_only,2,1601,33,1.0,0.1001,True
full,2,13569,13569,1.0,1.0,True
head_only,5,137,9,0.51925,0.179,False
full,1,1089,1089,1.0,1.0,True
head_only,3,51713,129,0.502,0.0109,False
full,1,273,273,1.0,1.0,True
full,3,353,353,1.0,1.0,True
full,1,1089,1089,1.0,1.0,True
head_only,2,353,9,0.74575,0.3126,False
full,3,1089,1089,1.0,1.0,True
full,1,13569,13569,1.0,1.0,True
head_only,4,1089,17,0.57075,0.0912,False
full,2,545,545,1.0,1.0,True
full,4,137,137,1.0,0.86,True
full,4,2177,2177,1.0,1.0,True
full,4,51713,51713,1.0,1.0,True
full,4,5249,5249,1.0,1.0,True
full,2,545,545,1.0,1.0,True
full,2,13569,13569,1.0,1.0,True
full,2,545,545,1.0,1.0,True
subspace,3,51713,256,1.0,0.0023,True
head_only,1,1601,33,1.0,1.0,True
full,5,1089,1089,1.0,1.0,True
subspace,5,51713,1,0.5,0.5041,False
head_only,4,3713,33,0.4795,0.0,False
head_only,3,545,17,0.5,0.0784,False
head_only,4,1601,33,0.9335,0.0267,False
head_only,4,137,9,0.42525,0.0528,False
head_only,1,2177,129,1.0,1.0,True
full,4,18689,18689,1.0,1.0,True
head_only,2,13569,65,1.0,0.0321,True
head_only,2,545,33,1.0,0.0754,True
head_only,5,545,17,0.62075,0.2006,False
head_only,2,545,33,1.0,0.0,True
head_only,1,545,17,1.0,0.9579,True
head_only,5,5249,65,0.5025,0.0002,False
head_only,5,545,17,0.69575,0.1051,False
full,1,545,545,1.0,1.0,True
head_only,1,1601,33,1.0,0.867,True
full,5,5249,5249,1.0,1.0,True
head_only,2,1089,17,0.5,0.2671,False
full,2,545,545,1.0,1.0,True
full,1,1089,1089,1.0,1.0,True
head_only,2,18689,129,1.0,0.2324,True
head_only,3,209,9,0.63675,0.1671,False
full,1,1089,1089,1.0,1.0,True
head_only,1,273,17,1.0,0.529,True
full,1,1089,1089,1.0,1.0,True
full,3,273,273,1.0,1.0,True
full,2,545,545,1.0,1.0,True
full,3,1601,1601,1.0,1.0,True
head_only,4,1089,65,0.6735,0.0,False
head_only,4,353,9,0.5035,0.3098,False
full,2,1089,1089,1.0,1.0,True
head_only,3,1089,17,0.502,0.0799,False
head_only,4,1089,65,0.5575,0.0,False
head_only,4,18689,129,1.0,0.0,True
full,2,353,353,1.0,1.0,True
head_only,1,353,9,1.0,0.4114,True
head_only,3,1089,17,0.62,0.373,False
head_only,4,3713,33,0.87375,0.0099,False
head_only,5,13569,65,0.4995,0.1177,False
head_only,2,51713,129,1.0,0.0,True
head_only,4,2177,129,0.7535,0.0,False
head_only,2,353,9,1.0,0.3561,True
full,5,18689,18689,1.0,1.0,True
full,3,545,545,1.0,1.0,True
head_only,5,1089,65,1.0,0.0005,True
full,4,545,545,1.0,1.0,True
full,4,1089,1089,1.0,0.5,True
head_only,3,3713,33,0.62075,0.0084,False
full,4,545,545,1.0,1.0,True
subspace,2,51713,4,0.49025,0.3212,False
full,4,209,209,1.0,0.9995,True
full,2,545,545,1.0,1.0,True
full,2,2177,2177,1.0,1.0,True
head_only,5,1601,33,0.53375,0.0,False
head_only,3,13569,65,0.37925,0.1243,False
full,4,545,545,1.0,1.0,True
head_only,2,273,17,1.0,0.0429,True
full,2,13569,13569,1.0,1.0,True
full,1,3713,3713,1.0,1.0,True
head_only,4,1089,65,1.0,0.0001,True
full,1,353,353,1.0,1.0,True
full,3,273,273,1.0,1.0,True
head_only,2,5249,65,1.0,0.0131,True
full,1,137,137,1.0,1.0,True
full,4,353,353,1.0,1.0,True
head_only,3,1089,65,0.63225,0.0,False
full,3,51713,51713,1.0,1.0,True
head_only,3,545,33,1.0,0.0,True
full,4,18689,18689,1.0,1.0,True
full,4,3713,3713,1.0,1.0,True
head_only,1,51713,129,1.0,1.0,True
full,1,209,209,1.0,1.0,True
full,3,1089,1089,1.0,1.0,True
head_only,1,18689,129,1.0,1.0,True
full,1,209,209,1.0,1.0,True
full,3,545,545,1.0,1.0,True
full,5,545,545,1.0,1.0,True
full,3,51713,51713,1.0,1.0,True
full,2,13569,13569,1.0,1.0,True
full,3,18689,18689,1.0,1.0,True
head_only,5,5249,65,0.56,0.0,False
subspace,1,51713,64,1.0,0.9904,True
head_only,4,545,33,1.0,0.0113,True
head_only,2,51713,129,1.0,0.0,True
full,1,51713,51713,1.0,1.0,True
head_only,4,209,9,0.563,0.104,False
head_only,5,13569,65,0.53675,0.0,False
head_only,3,1089,17,1.0,0.1219,True
head_only,3,353,9,0.62175,0.3968,False
head_only,3,1089,65,1.0,0.0,True
full,2,1089,1089,1.0,1.0,True
head_only,5,1601,33,0.439,0.0201,False
full,5,51713,51713,1.0,1.0,True
head_only,5,1601,33,0.5635,0.0,False
head_only,1,1601,33,1.0,0.3845,True
full,3,353,353,1.0,1.0,True
full,5,13569,13569,1.0,1.0,True
full,1,51713,51713,1.0,1.0,True
head_only,2,545,17,1.0,0.3926,True
head_only,2,209,9,1.0,0.2983,True
full,1,13569,13569,1.0,1.0,True
head_only,2,1601,33,1.0,0.0,True
full,5,18689,18689,1.0,1.0,True
head_only,1,353,9,1.0,0.6735,True
full,1,1089,1089,1.0,1.0,True
full,1,5249,5249,1.0,1.0,True
head_only,1,545,33,1.0,0.9979,True
head_only,5,353,9,0.52,0.1569,False
head_only,3,2177,129,0.63175,0.0,False
full,3,273,273,1.0,1.0,True
head_only,1,18689,129,1.0,1.0,True
full,4,2177,2177,1.0,1.0,True
head_only,4,18689,129,0.68225,0.0,False
head_only,3,273,17,0.755,0.0363,False
head_only,5,2177,129,0.59225,0.0,False
head_only,5,273,17,0.58675,0.0343,False
full,5,18689,18689,1.0,1.0,True
full,5,1089,1089,1.0,1.0,True
head_only,2,1089,65,1.0,0.3607,True
head_only,1,1089,65,1.0,1.0,True
head_only,1,353,9,1.0,0.5526,True
head_only,3,1089,17,0.86375,0.2306,False
subspace,1,51713,64,1.0,0.996,True
head_only,4,273,17,0.44575,0.0788,False
full,2,353,353,1.0,1.0,True
head_only,1,273,17,1.0,0.9062,True
head_only,2,51713,129,1.0,0.1103,True
head_only,2,1089,17,1.0,0.3692,True
full,3,353,353,1.0,1.0,True
full,1,2177,2177,1.0,1.0,True
head_only,5,545,33,0.8255,0.0163,False
head_only,3,353,9,0.62775,0.4133,False
head_only,3,3713,33,0.6135,0.3033,False
full,4,18689,18689,1.0,1.0,True
head_only,3,18689,129,0.87025,0.0,False
head_only,3,545,17,1.0,0.2554,True
subspace,5,51713,256,1.0,0.0,True
full,4,353,353,1.0,1.0,True
full,3,13569,13569,1.0,1.0,True
full,4,545,545,1.0,1.0,True
full,5,18689,18689,1.0,1.0,True
full,4,51713,51713,1.0,1.0,True
head_only,2,13569,65,1.0,0.0,True
head_only,4,545,33,0.5725,0.0,False
head_only,2,5249,65,1.0,0.217,True
full,3,51713,51713,1.0,1.0,True
head_only,4,2177,129,0.42125,0.0,False
head_only,1,273,17,1.0,0.9904,True
full,1,5249,5249,1.0,1.0,True
head_only,4,1601,33,0.5725,0.0,False
head_only,3,1089,65,0.50275,0.0,False
full,2,545,545,1.0,1.0,True
head_only,5,1089,65,0.582,0.0,False
full,2,273,273,1.0,1.0,True
head_only,1,1601,33,1.0,0.9982,True
head_only,3,545,33,1.0,0.0172,True
head_only,4,1089,65,1.0,0.0,True
full,2,1601,1601,1.0,1.0,True
full,4,2177,2177,1.0,1.0,True
full,2,209,209,1.0,1.0,True
head_only,5,209,9,0.6245,0.268,False
full,2,137,137,1.0,1.0,True
full,2,1089,1089,1.0,1.0,True
full,4,1601,1601,1.0,1.0,True
full,2,3713,3713,1.0,1.0,True
head_only,3,2177,129,1.0,0.0,True
full,3,353,353,1.0,1.0,True
full,5,137,137,0.902,0.0,False
full,3,273,273,1.0,1.0,True
full,4,545,545,1.0,1.0,True
full,5,137,137,1.0,0.0,True
subspace,4,51713,4,0.56025,0.302,False
head_only,2,1089,17,1.0,0.004,True
full,2,353,353,1.0,1.0,True
head_only,3,545,17,0.48625,0.2125,False
head_only,1,2177,129,1.0,1.0,True
head_only,4,353,9,0.5,0.3475,False
head_only,1,3713,33,1.0,0.9044,True
full,5,5249,5249,1.0,1.0,True
full,2,1089,1089,1.0,1.0,True
full,3,545,545,1.0,1.0,True
subspace,2,51713,1,1.0,0.4852,True
full,3,1601,1601,1.0,1.0,True
head_only,5,545,17,0.53725,0.0121,False
head_only,2,353,9,0.75175,0.4654,False
head_only,5,353,9,0.471,0.1831,False
full,4,137,137,1.0,0.7044,True
subspace,4,51713,256,1.0,0.0,True
head_only,4,18689,129,0.63175,0.0,False
